Results generated on Sat Sep 20 03:13:21 UTC 2025
Set of instances: instances/experiments/10-to-14
Method: model
Number of threads: 1
-------------------------------------------
----- t1p5r1h1.txt-model.log -----
t1p5r1h1.txt:
   > Trying to open the instance file...
   > Reading number of trains...
   > Reading maximum number of trips per train...
   > Reading time intervals...
   > Reading number of points...
   > Reading stations...
   > Reading crossings...
   > Reading depots...
   > Reading initial point...
   > Reading routes...
   > Reading distance and distance and service...
   > Reading demands...
   > Reading maximum time...
   > Reading alpha...

--------------------------------
 Printing instance
--------------------------------
number of trains = 1
	max trips per trains: 4
number of intervals = 1
	(0,   6000)
number of points = 5
	initial point: 0
	stations: 0     1     2     3     4
	crossings: 0     2     4
	depots: 0     2     4
number of vertices = 10
	total vertices: 0     1     2     3     4     5     6     7     8     9
	upper vertices: 0     1     2     3     4
	lower vertices: 5     6     7     8     9
	vertices of point #0: (0, 5)
	vertices of point #1: (1, 6)
	vertices of point #2: (2, 7)
	vertices of point #3: (3, 8)
	vertices of point #4: (4, 9)

arcs...
	total arcs: 
		arc #0: (0, 1)
		arc #1: (0, 5)
		arc #2: (5, 0)
		arc #3: (1, 2)
		arc #4: (6, 5)
		arc #5: (2, 3)
		arc #6: (7, 6)
		arc #7: (2, 7)
		arc #8: (7, 2)
		arc #9: (3, 4)
		arc #10: (8, 7)
		arc #11: (9, 8)
		arc #12: (4, 9)
		arc #13: (9, 4)

	reverse arcs: 
		arc #1: (0, 5)
		arc #2: (5, 0)
		arc #7: (2, 7)
		arc #8: (7, 2)
		arc #12: (4, 9)
		arc #13: (9, 4)


incompatible points...
	(0, 1, 7, (1, 2))	(7, 6, 0, (6, 5))	(2, 3, 9, (3, 4))	(9, 8, 2, (8, 7))

number of routes = 1
vertices of routes...
	route #0: 0     1     2     3     4     9     8     7     6     5     0
arcs of routes...
	route #0: 0     3     5     9    12    11    10     6     4     2

incompatible routes...


vertices that can be adjacent in consecutive trips...
	(0, 0)
non cyclical routes: 


routes of trip...
	routes that train #0 can complete at trip #0: 0
	routes that train #0 can complete at trip #1: 0
	routes that train #0 can complete at trip #2: 0
	routes that train #0 can complete at trip #3: 0

 cost...
	arc #0 [0][1]: 100
	arc #1 [0][5]: 0
	arc #2 [5][0]: 0
	arc #3 [1][2]: 100
	arc #4 [6][5]: 100
	arc #5 [2][3]: 100
	arc #6 [7][6]: 100
	arc #7 [2][7]: 0
	arc #8 [7][2]: 0
	arc #9 [3][4]: 100
	arc #10 [8][7]: 100
	arc #11 [9][8]: 100
	arc #12 [4][9]: 0
	arc #13 [9][4]: 0

cost with minimum service...
	arc #0 [0][1]: 160
	arc #1 [0][5]: 0
	arc #2 [5][0]: 0
	arc #3 [1][2]: 160
	arc #4 [6][5]: 160
	arc #5 [2][3]: 160
	arc #6 [7][6]: 160
	arc #7 [2][7]: 0
	arc #8 [7][2]: 0
	arc #9 [3][4]: 160
	arc #10 [8][7]: 160
	arc #11 [9][8]: 160
	arc #12 [4][9]: 0
	arc #13 [9][4]: 0

cost with maximum service...
	arc #0 [0][1]: 700
	arc #1 [0][5]: 600
	arc #2 [5][0]: 600
	arc #3 [1][2]: 700
	arc #4 [6][5]: 700
	arc #5 [2][3]: 700
	arc #6 [7][6]: 700
	arc #7 [2][7]: 600
	arc #8 [7][2]: 600
	arc #9 [3][4]: 700
	arc #10 [8][7]: 700
	arc #11 [9][8]: 700
	arc #12 [4][9]: 600
	arc #13 [9][4]: 600

demands...
	demands of vertex 0 at time interval: 4
	demands of vertex 1 at time interval: 4
	demands of vertex 2 at time interval: 4
	demands of vertex 3 at time interval: 4
	demands of vertex 4 at time interval: 0
	demands of vertex 5 at time interval: 0
	demands of vertex 6 at time interval: 4
	demands of vertex 7 at time interval: 4
	demands of vertex 8 at time interval: 4
	demands of vertex 9 at time interval: 4

maximum time = 6000
alpha = 60

>> Solving...
Version identifier: 20.1.0.0 | 2020-11-10 | 9bedb6d68
CPXPARAM_Threads                                 1
CPXPARAM_TimeLimit                               43200
Tried aggregator 11 times.
MIP Presolve eliminated 596 rows and 156 columns.
MIP Presolve modified 316 coefficients.
Aggregator did 41 substitutions.
All rows and columns eliminated.
Presolve time = 0.00 sec. (1.82 ticks)

Root node processing (before b&c):
  Real time             =    0.01 sec. (1.86 ticks)
Sequential b&c:
  Real time             =    0.00 sec. (0.00 ticks)
                          ------------
Total (root+branch&cut) =    0.01 sec. (1.86 ticks)
Optimal

>> Printing some results...
    -> Solution value = 3840 - 01:04:00
    -> Total time = 0.01
    -> Gap value = 0.00

=============
Train 0
=============
> Trip 0
   0(time 0 - 00:00:00)(time 100 - 00:01:40) ->    1(time 160 - 00:02:40)(time 260 - 00:04:20) ->    2(time 320 - 00:05:20)(time 420 - 00:07:00) ->    3(time 480 - 00:08:00)(time 580 - 00:09:40) ->    4(time 640 - 00:10:40)(time 640 - 00:10:40) ->    9(time 640 - 00:10:40)(time 740 - 00:12:20) ->    8(time 800 - 00:13:20)(time 900 - 00:15:00) ->    7(time 960 - 00:16:00)(time 1060 - 00:17:40) ->    6(time 1120 - 00:18:40)(time 1220 - 00:20:20) ->    5(time 1280 - 00:21:20)(time 1280 - 00:21:20) -> 0
> Trip 1
   0(time 1280 - 00:21:20)(time 1380 - 00:23:00) ->    1(time 1440 - 00:24:00)(time 1540 - 00:25:40) ->    2(time 1600 - 00:26:40)(time 1700 - 00:28:20) ->    3(time 1760 - 00:29:20)(time 1860 - 00:31:00) ->    4(time 1920 - 00:32:00)(time 1920 - 00:32:00) ->    9(time 1920 - 00:32:00)(time 2020 - 00:33:40) ->    8(time 2080 - 00:34:40)(time 2180 - 00:36:20) ->    7(time 2240 - 00:37:20)(time 2340 - 00:39:00) ->    6(time 2400 - 00:40:00)(time 2500 - 00:41:40) ->    5(time 2560 - 00:42:40)(time 2560 - 00:42:40) -> 0
> Trip 2
   0(time 2560 - 00:42:40)(time 2660 - 00:44:20) ->    1(time 2720 - 00:45:20)(time 2820 - 00:47:00) ->    2(time 2880 - 00:48:00)(time 2980 - 00:49:40) ->    3(time 3040 - 00:50:40)(time 3140 - 00:52:20) ->    4(time 3200 - 00:53:20)(time 3200 - 00:53:20) ->    9(time 3200 - 00:53:20)(time 3300 - 00:55:00) ->    8(time 3360 - 00:56:00)(time 3460 - 00:57:40) ->    7(time 3520 - 00:58:40)(time 3620 - 01:00:20) ->    6(time 3680 - 01:01:20)(time 3780 - 01:03:00) ->    5(time 3840 - 01:04:00)(time 3840 - 01:04:00) -> 0
> Trip 3
   0(time 3840 - 01:04:00)(time 3940 - 01:05:40) ->    1(time 4000 - 01:06:40)(time 4100 - 01:08:20) ->    2(time 4160 - 01:09:20)(time 4260 - 01:11:00) ->    3(time 4320 - 01:12:00)(time 4420 - 01:13:40) ->    4(time 4480 - 01:14:40)(time 4480 - 01:14:40) ->    9(time 4480 - 01:14:40)(time 4580 - 01:16:20) ->    8(time 4640 - 01:17:20)(time 4740 - 01:19:00) ->    7(time 4800 - 01:20:00)(time 4900 - 01:21:40) ->    6(time 4960 - 01:22:40)(time 5060 - 01:24:20) ->    5(time 5120 - 01:25:20)(time 5120 - 01:25:20) -> 0
----- t1p5r1h1A.txt-model.log -----
t1p5r1h1A.txt:
   > Trying to open the instance file...
   > Reading number of trains...
   > Reading maximum number of trips per train...
   > Reading time intervals...
   > Reading number of points...
   > Reading stations...
   > Reading crossings...
   > Reading depots...
   > Reading initial point...
   > Reading routes...
   > Reading distance and distance and service...
   > Reading demands...
   > Reading maximum time...
   > Reading alpha...

--------------------------------
 Printing instance
--------------------------------
number of trains = 1
	max trips per trains: 1
number of intervals = 1
	(0,   3000)
number of points = 5
	initial point: 0
	stations: 0     1     2     3     4
	crossings: 0     2     4
	depots: 0     2     4
number of vertices = 10
	total vertices: 0     1     2     3     4     5     6     7     8     9
	upper vertices: 0     1     2     3     4
	lower vertices: 5     6     7     8     9
	vertices of point #0: (0, 5)
	vertices of point #1: (1, 6)
	vertices of point #2: (2, 7)
	vertices of point #3: (3, 8)
	vertices of point #4: (4, 9)

arcs...
	total arcs: 
		arc #0: (0, 1)
		arc #1: (0, 5)
		arc #2: (5, 0)
		arc #3: (1, 2)
		arc #4: (6, 5)
		arc #5: (2, 3)
		arc #6: (7, 6)
		arc #7: (2, 7)
		arc #8: (7, 2)
		arc #9: (3, 4)
		arc #10: (8, 7)
		arc #11: (9, 8)
		arc #12: (4, 9)
		arc #13: (9, 4)

	reverse arcs: 
		arc #1: (0, 5)
		arc #2: (5, 0)
		arc #7: (2, 7)
		arc #8: (7, 2)
		arc #12: (4, 9)
		arc #13: (9, 4)


incompatible points...
	(0, 1, 7, (1, 2))	(7, 6, 0, (6, 5))	(2, 3, 9, (3, 4))	(9, 8, 2, (8, 7))

number of routes = 1
vertices of routes...
	route #0: 0     1     2     3     4     9     8     7     6     5     0
arcs of routes...
	route #0: 0     3     5     9    12    11    10     6     4     2

incompatible routes...


vertices that can be adjacent in consecutive trips...
	(0, 0)
non cyclical routes: 


routes of trip...
	routes that train #0 can complete at trip #0: 0

 cost...
	arc #0 [0][1]: 100
	arc #1 [0][5]: 0
	arc #2 [5][0]: 0
	arc #3 [1][2]: 100
	arc #4 [6][5]: 100
	arc #5 [2][3]: 100
	arc #6 [7][6]: 100
	arc #7 [2][7]: 0
	arc #8 [7][2]: 0
	arc #9 [3][4]: 100
	arc #10 [8][7]: 100
	arc #11 [9][8]: 100
	arc #12 [4][9]: 0
	arc #13 [9][4]: 0

cost with minimum service...
	arc #0 [0][1]: 160
	arc #1 [0][5]: 0
	arc #2 [5][0]: 0
	arc #3 [1][2]: 160
	arc #4 [6][5]: 160
	arc #5 [2][3]: 160
	arc #6 [7][6]: 160
	arc #7 [2][7]: 0
	arc #8 [7][2]: 0
	arc #9 [3][4]: 160
	arc #10 [8][7]: 160
	arc #11 [9][8]: 160
	arc #12 [4][9]: 0
	arc #13 [9][4]: 0

cost with maximum service...
	arc #0 [0][1]: 700
	arc #1 [0][5]: 600
	arc #2 [5][0]: 600
	arc #3 [1][2]: 700
	arc #4 [6][5]: 700
	arc #5 [2][3]: 700
	arc #6 [7][6]: 700
	arc #7 [2][7]: 600
	arc #8 [7][2]: 600
	arc #9 [3][4]: 700
	arc #10 [8][7]: 700
	arc #11 [9][8]: 700
	arc #12 [4][9]: 600
	arc #13 [9][4]: 600

demands...
	demands of vertex 0 at time interval: 1
	demands of vertex 1 at time interval: 1
	demands of vertex 2 at time interval: 1
	demands of vertex 3 at time interval: 1
	demands of vertex 4 at time interval: 0
	demands of vertex 5 at time interval: 0
	demands of vertex 6 at time interval: 1
	demands of vertex 7 at time interval: 1
	demands of vertex 8 at time interval: 1
	demands of vertex 9 at time interval: 1

maximum time = 3000
alpha = 60

>> Solving...
Version identifier: 20.1.0.0 | 2020-11-10 | 9bedb6d68
CPXPARAM_Threads                                 1
CPXPARAM_TimeLimit                               43200
Tried aggregator 1 time.
MIP Presolve eliminated 136 rows and 50 columns.
MIP Presolve modified 76 coefficients.
All rows and columns eliminated.
Presolve time = 0.00 sec. (0.14 ticks)

Root node processing (before b&c):
  Real time             =    0.00 sec. (0.15 ticks)
Sequential b&c:
  Real time             =    0.00 sec. (0.00 ticks)
                          ------------
Total (root+branch&cut) =    0.00 sec. (0.15 ticks)
Optimal

>> Printing some results...
    -> Solution value = 0 - 00:00:00
    -> Total time = 0.00
    -> Gap value = 0.00

=============
Train 0
=============
> Trip 0
   0(time 0 - 00:00:00)(time 100 - 00:01:40) ->    1(time 160 - 00:02:40)(time 260 - 00:04:20) ->    2(time 320 - 00:05:20)(time 420 - 00:07:00) ->    3(time 480 - 00:08:00)(time 580 - 00:09:40) ->    4(time 640 - 00:10:40)(time 640 - 00:10:40) ->    9(time 640 - 00:10:40)(time 740 - 00:12:20) ->    8(time 800 - 00:13:20)(time 900 - 00:15:00) ->    7(time 960 - 00:16:00)(time 1060 - 00:17:40) ->    6(time 1120 - 00:18:40)(time 1220 - 00:20:20) ->    5(time 1280 - 00:21:20)(time 1280 - 00:21:20) -> 0
Traceback (most recent call last):
  File "script.py", line 99, in <module>
    os.remove(file_name)
FileNotFoundError: [Errno 2] No such file or directory: 'script-solution.txt'
----- t2p5r1h1A.txt-model.log -----
--------------------------------
 Printing instance
--------------------------------
number of trains = 2
	max trips per trains: 1     1
number of intervals = 1
	(0,   8000)
number of points = 5
	initial point: 0
	stations: 0     1     2     3     4
	crossings: 0     2     4
	depots: 0     2     4
number of vertices = 10
	total vertices: 0     1     2     3     4     5     6     7     8     9
	upper vertices: 0     1     2     3     4
	lower vertices: 5     6     7     8     9
	vertices of point #0: (0, 5)
	vertices of point #1: (1, 6)
	vertices of point #2: (2, 7)
	vertices of point #3: (3, 8)
	vertices of point #4: (4, 9)

arcs...
	total arcs: 
		arc #0: (0, 1)
		arc #1: (0, 5)
		arc #2: (5, 0)
		arc #3: (1, 2)
		arc #4: (6, 5)
		arc #5: (2, 3)
		arc #6: (7, 6)
		arc #7: (2, 7)
		arc #8: (7, 2)
		arc #9: (3, 4)
		arc #10: (8, 7)
		arc #11: (9, 8)
		arc #12: (4, 9)
		arc #13: (9, 4)

	reverse arcs: 
		arc #1: (0, 5)
		arc #2: (5, 0)
		arc #7: (2, 7)
		arc #8: (7, 2)
		arc #12: (4, 9)
		arc #13: (9, 4)


incompatible points...
	(0, 1, 7, (1, 2))	(7, 6, 0, (6, 5))	(2, 3, 9, (3, 4))	(9, 8, 2, (8, 7))

number of routes = 1
vertices of routes...
	route #0: 0     1     2     3     4     9     8     7     6     5     0
arcs of routes...
	route #0: 0     3     5     9    12    11    10     6     4     2

incompatible routes...


vertices that can be adjacent in consecutive trips...
	(0, 0)
non cyclical routes: 


routes of trip...
	routes that train #0 can complete at trip #0: 0

	routes that train #1 can complete at trip #0: 0

 cost...
	arc #0 [0][1]: 100
	arc #1 [0][5]: 0
	arc #2 [5][0]: 0
	arc #3 [1][2]: 100
	arc #4 [6][5]: 100
	arc #5 [2][3]: 100
	arc #6 [7][6]: 100
	arc #7 [2][7]: 0
	arc #8 [7][2]: 0
	arc #9 [3][4]: 100
	arc #10 [8][7]: 100
	arc #11 [9][8]: 100
	arc #12 [4][9]: 0
	arc #13 [9][4]: 0

cost with minimum service...
	arc #0 [0][1]: 160
	arc #1 [0][5]: 0
	arc #2 [5][0]: 0
	arc #3 [1][2]: 160
	arc #4 [6][5]: 160
	arc #5 [2][3]: 160
	arc #6 [7][6]: 160
	arc #7 [2][7]: 0
	arc #8 [7][2]: 0
	arc #9 [3][4]: 160
	arc #10 [8][7]: 160
	arc #11 [9][8]: 160
	arc #12 [4][9]: 0
	arc #13 [9][4]: 0

cost with maximum service...
	arc #0 [0][1]: 700
	arc #1 [0][5]: 600
	arc #2 [5][0]: 600
	arc #3 [1][2]: 700
	arc #4 [6][5]: 700
	arc #5 [2][3]: 700
	arc #6 [7][6]: 700
	arc #7 [2][7]: 600
	arc #8 [7][2]: 600
	arc #9 [3][4]: 700
	arc #10 [8][7]: 700
	arc #11 [9][8]: 700
	arc #12 [4][9]: 600
	arc #13 [9][4]: 600

demands...
	demands of vertex 0 at time interval: 2
	demands of vertex 1 at time interval: 2
	demands of vertex 2 at time interval: 1
	demands of vertex 3 at time interval: 1
	demands of vertex 4 at time interval: 0
	demands of vertex 5 at time interval: 0
	demands of vertex 6 at time interval: 2
	demands of vertex 7 at time interval: 2
	demands of vertex 8 at time interval: 1
	demands of vertex 9 at time interval: 1

maximum time = 8000
alpha = 60

>> Solving...
Version identifier: 20.1.0.0 | 2020-11-10 | 9bedb6d68
CPXPARAM_Threads                                 1
CPXPARAM_TimeLimit                               43200
Tried aggregator 2 times.
MIP Presolve eliminated 791 rows and 230 columns.
MIP Presolve modified 344 coefficients.
Aggregator did 34 substitutions.
Reduced MIP has 104 rows, 35 columns, and 276 nonzeros.
Reduced MIP has 14 binaries, 0 generals, 0 SOSs, and 0 indicators.
Presolve time = 0.00 sec. (0.98 ticks)
Found incumbent of value 6720.000000 after 0.01 sec. (1.31 ticks)
Probing time = 0.00 sec. (0.08 ticks)
Tried aggregator 1 time.
Detecting symmetries...
Reduced MIP has 104 rows, 35 columns, and 276 nonzeros.
Reduced MIP has 14 binaries, 0 generals, 0 SOSs, and 0 indicators.
Presolve time = 0.00 sec. (0.15 ticks)
Probing time = 0.00 sec. (0.08 ticks)
MIP emphasis: balance optimality and feasibility.
MIP search method: dynamic search.
Parallel mode: none, using 1 thread.
Root relaxation solution time = 0.00 sec. (0.13 ticks)

        Nodes                                         Cuts/
   Node  Left     Objective  IInf  Best Integer    Best Bound    ItCnt     Gap

*     0+    0                         6720.0000        0.0000           100.00%
      0     0        0.0000    10     6720.0000        0.0000       12  100.00%
*     0+    0                           60.0000        0.0000           100.00%
      0     0        0.0000    10       60.0000      Cuts: 36       44  100.00%
      0     0       30.0000    10       60.0000      Cuts: 41       54   50.00%
Detecting symmetries...
      0     1       30.0000    10       60.0000       40.0000       54   33.33%
Elapsed time = 0.02 sec. (4.87 ticks, tree = 0.01 MB, solutions = 2)

Flow cuts applied:  18
Mixed integer rounding cuts applied:  49
Gomory fractional cuts applied:  10

Root node processing (before b&c):
  Real time             =    0.02 sec. (4.88 ticks)
Sequential b&c:
  Real time             =    0.00 sec. (0.05 ticks)
                          ------------
Total (root+branch&cut) =    0.02 sec. (4.93 ticks)
Optimal

>> Printing some results...
    -> Solution value = 60 - 00:01:00
    -> Total time = 0.02
    -> Gap value = 0.00

=============
Train 0
=============
> Trip 0
   0(time 60 - 00:01:00)(time 160 - 00:02:40) ->    1(time 220 - 00:03:40)(time 320 - 00:05:20) ->    2(time 380 - 00:06:20)(time 480 - 00:08:00) ->    3(time 540 - 00:09:00)(time 640 - 00:10:40) ->    4(time 700 - 00:11:40)(time 700 - 00:11:40) ->    9(time 700 - 00:11:40)(time 800 - 00:13:20) ->    8(time 860 - 00:14:20)(time 960 - 00:16:00) ->    7(time 1020 - 00:17:00)(time 1120 - 00:18:40) ->    6(time 1180 - 00:19:40)(time 1280 - 00:21:20) ->    5(time 1340 - 00:22:20)(time 1340 - 00:22:20) -> 0
=============
Train 1
=============
> Trip 0
   0(time 0 - 00:00:00)(time 100 - 00:01:40) ->    1(time 160 - 00:02:40)(time 260 - 00:04:20) ->    2(time 320 - 00:05:20)(time 420 - 00:07:00) ->    3(time 480 - 00:08:00)(time 580 - 00:09:40) ->    4(time 640 - 00:10:40)(time 640 - 00:10:40) ->    9(time 640 - 00:10:40)(time 740 - 00:12:20) ->    8(time 800 - 00:13:20)(time 900 - 00:15:00) ->    7(time 960 - 00:16:00)(time 1060 - 00:17:40) ->    6(time 1120 - 00:18:40)(time 1220 - 00:20:20) ->    5(time 1280 - 00:21:20)(time 1280 - 00:21:20) -> 0
Traceback (most recent call last):
  File "script.py", line 99, in <module>
    os.remove(file_name)
FileNotFoundError: [Errno 2] No such file or directory: 'script-solution.txt'
----- t2p5r2h1.txt-model.log -----
		arc #11: (9, 4)


incompatible points...
	(0, 1, 7, (1, 2))	(7, 6, 0, (6, 5))	(2, 3, 9, (3, 4))	(9, 8, 2, (8, 7))

number of routes = 2
vertices of routes...
	route #0: 0     1     2     3     4     9     8     7     6     5     0
	route #1: 9     8     7     6     5     0     1     2     3     4     9
arcs of routes...
	route #0: 0     3     5     7    10     9     8     6     4     2
	route #1: 9     8     6     4     2     0     3     5     7    10

incompatible routes...
	(0, 1)    	(1, 0)

vertices that can be adjacent in consecutive trips...
	(0, 0)    	(9, 9)
non cyclical routes: 


routes of trip...
	routes that train #0 can complete at trip #0: 0
	routes that train #0 can complete at trip #1: 0       1
	routes that train #0 can complete at trip #2: 0       1
	routes that train #0 can complete at trip #3: 0       1
	routes that train #0 can complete at trip #4: 0       1
	routes that train #0 can complete at trip #5: 0       1

	routes that train #1 can complete at trip #0: 0
	routes that train #1 can complete at trip #1: 0       1
	routes that train #1 can complete at trip #2: 0       1
	routes that train #1 can complete at trip #3: 0       1
	routes that train #1 can complete at trip #4: 0       1
	routes that train #1 can complete at trip #5: 0       1

 cost...
	arc #0 [0][1]: 694
	arc #1 [0][5]: 0
	arc #2 [5][0]: 0
	arc #3 [1][2]: 618
	arc #4 [6][5]: 694
	arc #5 [2][3]: 703
	arc #6 [7][6]: 618
	arc #7 [3][4]: 664
	arc #8 [8][7]: 703
	arc #9 [9][8]: 664
	arc #10 [4][9]: 0
	arc #11 [9][4]: 0

cost with minimum service...
	arc #0 [0][1]: 813
	arc #1 [0][5]: 0
	arc #2 [5][0]: 0
	arc #3 [1][2]: 737
	arc #4 [6][5]: 836
	arc #5 [2][3]: 822
	arc #6 [7][6]: 737
	arc #7 [3][4]: 806
	arc #8 [8][7]: 822
	arc #9 [9][8]: 783
	arc #10 [4][9]: 0
	arc #11 [9][4]: 0

cost with maximum service...
	arc #0 [0][1]: 1286
	arc #1 [0][5]: 592
	arc #2 [5][0]: 592
	arc #3 [1][2]: 1210
	arc #4 [6][5]: 1286
	arc #5 [2][3]: 1295
	arc #6 [7][6]: 1210
	arc #7 [3][4]: 1256
	arc #8 [8][7]: 1295
	arc #9 [9][8]: 1256
	arc #10 [4][9]: 592
	arc #11 [9][4]: 592

demands...
	demands of vertex 0 at time interval: 11
	demands of vertex 1 at time interval: 11
	demands of vertex 2 at time interval: 11
	demands of vertex 3 at time interval: 11
	demands of vertex 4 at time interval: 0
	demands of vertex 5 at time interval: 0
	demands of vertex 6 at time interval: 11
	demands of vertex 7 at time interval: 11
	demands of vertex 8 at time interval: 11
	demands of vertex 9 at time interval: 11

maximum time = 61598
alpha = 41

>> Solving...
Version identifier: 20.1.0.0 | 2020-11-10 | 9bedb6d68
CPXPARAM_Threads                                 1
CPXPARAM_TimeLimit                               43200
Tried aggregator 7 times.
MIP Presolve eliminated 18604 rows and 3036 columns.
MIP Presolve modified 23664 coefficients.
Aggregator did 3476 substitutions.
Reduced MIP has 4410 rows, 1239 columns, and 12454 nonzeros.
Reduced MIP has 1098 binaries, 0 generals, 0 SOSs, and 0 indicators.
Presolve time = 0.57 sec. (337.17 ticks)
Probing fixed 32 vars, tightened 154 bounds.
Probing time = 0.32 sec. (242.29 ticks)
Cover probing fixed 0 vars, tightened 118 bounds.
Tried aggregator 3 times.
MIP Presolve eliminated 453 rows and 36 columns.
MIP Presolve modified 3326 coefficients.
Aggregator did 376 substitutions.
Reduced MIP has 3581 rows, 724 columns, and 10321 nonzeros.
Reduced MIP has 603 binaries, 0 generals, 0 SOSs, and 0 indicators.
Presolve time = 0.04 sec. (22.84 ticks)
Probing time = 0.01 sec. (5.58 ticks)
Cover probing fixed 0 vars, tightened 194 bounds.
Tried aggregator 1 time.
Detecting symmetries...
Reduced MIP has 3581 rows, 724 columns, and 10321 nonzeros.
Reduced MIP has 603 binaries, 0 generals, 0 SOSs, and 0 indicators.
Presolve time = 0.01 sec. (6.54 ticks)
Probing time = 0.01 sec. (5.50 ticks)
Cover probing fixed 0 vars, tightened 194 bounds.
Clique table members: 4202.
Tightened 194 constraints.
MIP emphasis: balance optimality and feasibility.
MIP search method: dynamic search.
Parallel mode: none, using 1 thread.
Root relaxation solution time = 0.04 sec. (29.20 ticks)

        Nodes                                         Cuts/
   Node  Left     Objective  IInf  Best Integer    Best Bound    ItCnt     Gap

      0     0    25424.0000   179                  25424.0000      515         
      0     0    25424.3373   193                   Cuts: 541      632         
      0     0    26028.9784   154                   Cuts: 995      756         
      0     0    29279.4220   200                   Cuts: 995     1056         
      0     0    29279.4220   168                   Cuts: 138     1119         
*     0+    0                        57062.0000    29279.4220            48.69%
      0     0    29279.4220   224    57062.0000     Cuts: 101     1192   48.69%
Detecting symmetries...
      0     0    29386.2892   208    57062.0000     Cuts: 172     1215   48.50%
      0     0    29386.2892   211    57062.0000   Flowcuts: 4     1219   48.50%
*     0+    0                        31922.0000    29386.2892             7.94%
Detecting symmetries...
      0     2    31780.0000   116    31922.0000    31780.0000     1270    0.44%
Elapsed time = 1.93 sec. (1252.24 ticks, tree = 0.01 MB, solutions = 2)

Clique cuts applied:  1127
Cover cuts applied:  1
Implied bound cuts applied:  51
Flow cuts applied:  7
Mixed integer rounding cuts applied:  2
Zero-half cuts applied:  2
Gomory fractional cuts applied:  1

Root node processing (before b&c):
  Real time             =    1.93 sec. (1252.43 ticks)
Sequential b&c:
  Real time             =    0.01 sec. (6.37 ticks)
                          ------------
Total (root+branch&cut) =    1.94 sec. (1258.80 ticks)
Optimal

>> Printing some results...
    -> Solution value = 31921 - 08:52:01
    -> Total time = 1.94
    -> Gap value = 0.00

=============
Train 0
=============
> Trip 0
   0(time 142 - 00:02:22)(time 836 - 00:13:56) ->    1(time 955 - 00:15:55)(time 1573 - 00:26:13) ->    2(time 1692 - 00:28:12)(time 2395 - 00:39:55) ->    3(time 2514 - 00:41:54)(time 3178 - 00:52:58) ->    4(time 3320 - 00:55:20)(time 3320 - 00:55:20) ->    9(time 3320 - 00:55:20)(time 3984 - 01:06:24) ->    8(time 4103 - 01:08:23)(time 4806 - 01:20:06) ->    7(time 4925 - 01:22:05)(time 5543 - 01:32:23) ->    6(time 5662 - 01:34:22)(time 6356 - 01:45:56) ->    5(time 6498 - 01:48:18)(time 6498 - 01:48:18) -> 0
> Trip 1
   0(time 6498 - 01:48:18)(time 7192 - 01:59:52) ->    1(time 7311 - 02:01:51)(time 7929 - 02:12:09) ->    2(time 8048 - 02:14:08)(time 8751 - 02:25:51) ->    3(time 8870 - 02:27:50)(time 9534 - 02:38:54) ->    4(time 9676 - 02:41:16)(time 9676 - 02:41:16) ->    9(time 9676 - 02:41:16)(time 10340 - 02:52:20) ->    8(time 10459 - 02:54:19)(time 11162 - 03:06:02) ->    7(time 11281 - 03:08:01)(time 11899 - 03:18:19) ->    6(time 12018 - 03:20:18)(time 12712 - 03:31:52) ->    5(time 12854 - 03:34:14)(time 12854 - 03:34:14) -> 0
> Trip 2
   0(time 12854 - 03:34:14)(time 13548 - 03:45:48) ->    1(time 13667 - 03:47:47)(time 14285 - 03:58:05) ->    2(time 14404 - 04:00:04)(time 15107 - 04:11:47) ->    3(time 15226 - 04:13:46)(time 15890 - 04:24:50) ->    4(time 16032 - 04:27:12)(time 16032 - 04:27:12) ->    9(time 16032 - 04:27:12)(time 16696 - 04:38:16) ->    8(time 16815 - 04:40:15)(time 17518 - 04:51:58) ->    7(time 17637 - 04:53:57)(time 18255 - 05:04:15) ->    6(time 18374 - 05:06:14)(time 19068 - 05:17:48) ->    5(time 19210 - 05:20:10)(time 19210 - 05:20:10) -> 0
> Trip 3
   0(time 19210 - 05:20:10)(time 19904 - 05:31:44) ->    1(time 20023 - 05:33:43)(time 20641 - 05:44:01) ->    2(time 20760 - 05:46:00)(time 21463 - 05:57:43) ->    3(time 21582 - 05:59:42)(time 22246 - 06:10:46) ->    4(time 22388 - 06:13:08)(time 22388 - 06:13:08) ->    9(time 22388 - 06:13:08)(time 23052 - 06:24:12) ->    8(time 23171 - 06:26:11)(time 23874 - 06:37:54) ->    7(time 23993 - 06:39:53)(time 24611 - 06:50:11) ->    6(time 24730 - 06:52:10)(time 25424 - 07:03:44) ->    5(time 25566 - 07:06:06)(time 25566 - 07:06:06) -> 0
> Trip 4
   0(time 25566 - 07:06:06)(time 26260 - 07:17:40) ->    1(time 26379 - 07:19:39)(time 26997 - 07:29:57) ->    2(time 27116 - 07:31:56)(time 27819 - 07:43:39) ->    3(time 27938 - 07:45:38)(time 28602 - 07:56:42) ->    4(time 28744 - 07:59:04)(time 28744 - 07:59:04) ->    9(time 28744 - 07:59:04)(time 29408 - 08:10:08) ->    8(time 29527 - 08:12:07)(time 30230 - 08:23:50) ->    7(time 30349 - 08:25:49)(time 30967 - 08:36:07) ->    6(time 31086 - 08:38:06)(time 31780 - 08:49:40) ->    5(time 31922 - 08:52:02)(time 31922 - 08:52:02) -> 0
> Trip 5
   0(time 31922 - 08:52:02)(time 32616 - 09:03:36) ->    1(time 32735 - 09:05:35)(time 33353 - 09:15:53) ->    2(time 33472 - 09:17:52)(time 34175 - 09:29:35) ->    3(time 34294 - 09:31:34)(time 34958 - 09:42:38) ->    4(time 35100 - 09:45:00)(time 35100 - 09:45:00) ->    9(time 35100 - 09:45:00)(time 35764 - 09:56:04) ->    8(time 35883 - 09:58:03)(time 36586 - 10:09:46) ->    7(time 36705 - 10:11:45)(time 37323 - 10:22:03) ->    6(time 37442 - 10:24:02)(time 38136 - 10:35:36) ->    5(time 38278 - 10:37:58)(time 38278 - 10:37:58) -> 0
=============
Train 1
=============
> Trip 0
   0(time 0 - 00:00:00)(time 694 - 00:11:34) ->    1(time 813 - 00:13:33)(time 1431 - 00:23:51) ->    2(time 1550 - 00:25:50)(time 2253 - 00:37:33) ->    3(time 2372 - 00:39:32)(time 3036 - 00:50:36) ->    4(time 3178 - 00:52:58)(time 3178 - 00:52:58) ->    9(time 3178 - 00:52:58)(time 3842 - 01:04:02) ->    8(time 3961 - 01:06:01)(time 4664 - 01:17:44) ->    7(time 4783 - 01:19:43)(time 5401 - 01:30:01) ->    6(time 5520 - 01:32:00)(time 6214 - 01:43:34) ->    5(time 6356 - 01:45:56)(time 6356 - 01:45:56) -> 0
> Trip 1
   0(time 6356 - 01:45:56)(time 7050 - 01:57:30) ->    1(time 7169 - 01:59:29)(time 7787 - 02:09:47) ->    2(time 7906 - 02:11:46)(time 8609 - 02:23:29) ->    3(time 8728 - 02:25:28)(time 9392 - 02:36:32) ->    4(time 9534 - 02:38:54)(time 9534 - 02:38:54) ->    9(time 9534 - 02:38:54)(time 10198 - 02:49:58) ->    8(time 10317 - 02:51:57)(time 11020 - 03:03:40) ->    7(time 11139 - 03:05:39)(time 11757 - 03:15:57) ->    6(time 11876 - 03:17:56)(time 12570 - 03:29:30) ->    5(time 12712 - 03:31:52)(time 12712 - 03:31:52) -> 0
> Trip 2
   0(time 12712 - 03:31:52)(time 13406 - 03:43:26) ->    1(time 13525 - 03:45:25)(time 14143 - 03:55:43) ->    2(time 14262 - 03:57:42)(time 14965 - 04:09:25) ->    3(time 15084 - 04:11:24)(time 15748 - 04:22:28) ->    4(time 15890 - 04:24:50)(time 15890 - 04:24:50) ->    9(time 15890 - 04:24:50)(time 16554 - 04:35:54) ->    8(time 16673 - 04:37:53)(time 17376 - 04:49:36) ->    7(time 17495 - 04:51:35)(time 18113 - 05:01:53) ->    6(time 18232 - 05:03:52)(time 18926 - 05:15:26) ->    5(time 19068 - 05:17:48)(time 19068 - 05:17:48) -> 0
> Trip 3
   0(time 19068 - 05:17:48)(time 19762 - 05:29:22) ->    1(time 19881 - 05:31:21)(time 20499 - 05:41:39) ->    2(time 20618 - 05:43:38)(time 21321 - 05:55:21) ->    3(time 21440 - 05:57:20)(time 22104 - 06:08:24) ->    4(time 22246 - 06:10:46)(time 22246 - 06:10:46) ->    9(time 22246 - 06:10:46)(time 22910 - 06:21:50) ->    8(time 23029 - 06:23:49)(time 23732 - 06:35:32) ->    7(time 23851 - 06:37:31)(time 24469 - 06:47:49) ->    6(time 24588 - 06:49:48)(time 25282 - 07:01:22) ->    5(time 25424 - 07:03:44)(time 25424 - 07:03:44) -> 0
> Trip 4
   0(time 25424 - 07:03:44)(time 26118 - 07:15:18) ->    1(time 26237 - 07:17:17)(time 26855 - 07:27:35) ->    2(time 26974 - 07:29:34)(time 27677 - 07:41:17) ->    3(time 27796 - 07:43:16)(time 28460 - 07:54:20) ->    4(time 28602 - 07:56:42)(time 28602 - 07:56:42) ->    9(time 28602 - 07:56:42)(time 29266 - 08:07:46) ->    8(time 29385 - 08:09:45)(time 30088 - 08:21:28) ->    7(time 30207 - 08:23:27)(time 30825 - 08:33:45) ->    6(time 30944 - 08:35:44)(time 31638 - 08:47:18) ->    5(time 31780 - 08:49:40)(time 31780 - 08:49:40) -> 0
> Trip 5
   0(time 31780 - 08:49:40)(time 32474 - 09:01:14) ->    1(time 32593 - 09:03:13)(time 33211 - 09:13:31) ->    2(time 33330 - 09:15:30)(time 34033 - 09:27:13) ->    3(time 34152 - 09:29:12)(time 34816 - 09:40:16) ->    4(time 34958 - 09:42:38)(time 34958 - 09:42:38) ->    9(time 34958 - 09:42:38)(time 35622 - 09:53:42) ->    8(time 35741 - 09:55:41)(time 36444 - 10:07:24) ->    7(time 36563 - 10:09:23)(time 37181 - 10:19:41) ->    6(time 37300 - 10:21:40)(time 37994 - 10:33:14) ->    5(time 38136 - 10:35:36)(time 38136 - 10:35:36) -> 0
----- t2p6r7h3.txt-model.log -----
	arc #3 [1][2]: 654
	arc #4 [7][6]: 677
	arc #5 [2][3]: 669
	arc #6 [8][7]: 654
	arc #7 [3][4]: 635
	arc #8 [9][8]: 669
	arc #9 [4][5]: 706
	arc #10 [10][9]: 635
	arc #11 [4][10]: 0
	arc #12 [10][4]: 0
	arc #13 [11][10]: 706
	arc #14 [5][11]: 0
	arc #15 [11][5]: 0

cost with minimum service...
	arc #0 [0][1]: 734
	arc #1 [0][6]: 0
	arc #2 [6][0]: 0
	arc #3 [1][2]: 724
	arc #4 [7][6]: 796
	arc #5 [2][3]: 726
	arc #6 [8][7]: 711
	arc #7 [3][4]: 754
	arc #8 [9][8]: 739
	arc #9 [4][5]: 825
	arc #10 [10][9]: 692
	arc #11 [4][10]: 0
	arc #12 [10][4]: 0
	arc #13 [11][10]: 825
	arc #14 [5][11]: 0
	arc #15 [11][5]: 0

cost with maximum service...
	arc #0 [0][1]: 984
	arc #1 [0][6]: 307
	arc #2 [6][0]: 307
	arc #3 [1][2]: 961
	arc #4 [7][6]: 984
	arc #5 [2][3]: 976
	arc #6 [8][7]: 961
	arc #7 [3][4]: 942
	arc #8 [9][8]: 976
	arc #9 [4][5]: 1013
	arc #10 [10][9]: 942
	arc #11 [4][10]: 307
	arc #12 [10][4]: 307
	arc #13 [11][10]: 1013
	arc #14 [5][11]: 307
	arc #15 [11][5]: 307

demands...
	demands of vertex 0 at time interval: 2     2     2
	demands of vertex 1 at time interval: 0     0     0
	demands of vertex 2 at time interval: 2     2     2
	demands of vertex 3 at time interval: 0     0     0
	demands of vertex 4 at time interval: 2     2     2
	demands of vertex 5 at time interval: 0     0     0
	demands of vertex 6 at time interval: 0     0     0
	demands of vertex 7 at time interval: 0     0     0
	demands of vertex 8 at time interval: 2     2     2
	demands of vertex 9 at time interval: 0     0     0
	demands of vertex 10 at time interval: 2     2     2
	demands of vertex 11 at time interval: 2     2     2

maximum time = 51649
alpha = 48

>> Solving...
Version identifier: 20.1.0.0 | 2020-11-10 | 9bedb6d68
CPXPARAM_Threads                                 1
CPXPARAM_TimeLimit                               43200
Tried aggregator 3 times.
MIP Presolve eliminated 6933 rows and 1634 columns.
MIP Presolve modified 6545 coefficients.
Aggregator did 30 substitutions.
Reduced MIP has 11012 rows, 3697 columns, and 28466 nonzeros.
Reduced MIP has 3520 binaries, 0 generals, 0 SOSs, and 0 indicators.
Presolve time = 0.17 sec. (95.81 ticks)
Probing fixed 0 vars, tightened 19 bounds.
Probing time = 0.09 sec. (51.17 ticks)
Cover probing fixed 0 vars, tightened 5 bounds.
Tried aggregator 1 time.
Detecting symmetries...
MIP Presolve eliminated 48 rows and 36 columns.
MIP Presolve modified 605 coefficients.
Reduced MIP has 10964 rows, 3661 columns, and 28262 nonzeros.
Reduced MIP has 3484 binaries, 0 generals, 0 SOSs, and 0 indicators.
Presolve time = 0.17 sec. (131.95 ticks)
Probing fixed 0 vars, tightened 2 bounds.
Probing time = 0.04 sec. (23.53 ticks)
Cover probing fixed 0 vars, tightened 7 bounds.
Clique table members: 17873.
MIP emphasis: balance optimality and feasibility.
MIP search method: dynamic search.
Parallel mode: none, using 1 thread.
Root relaxation solution time = 0.39 sec. (252.48 ticks)

        Nodes                                         Cuts/
   Node  Left     Objective  IInf  Best Integer    Best Bound    ItCnt     Gap

      0     0    11477.6667   623                  11477.6667     3300         
      0     0    20659.8000   619                   Cuts: 258     3927         
      0     0    20659.8000   637                   Cuts: 631     4484         
      0     0    20659.8000   659                   Cuts: 382     6202         
*     0+    0                        50281.0000    20659.8000            58.91%

Repeating presolve.
Tried aggregator 1 time.
MIP Presolve eliminated 4731 rows and 1896 columns.
MIP Presolve modified 607 coefficients.
Reduced MIP has 6233 rows, 1765 columns, and 16904 nonzeros.
Reduced MIP has 1588 binaries, 0 generals, 0 SOSs, and 0 indicators.
Presolve time = 0.06 sec. (27.98 ticks)
Probing time = 0.01 sec. (5.06 ticks)
Cover probing fixed 0 vars, tightened 7 bounds.
Tried aggregator 1 time.
Detecting symmetries...
MIP Presolve modified 211 coefficients.
Reduced MIP has 6233 rows, 1765 columns, and 16904 nonzeros.
Reduced MIP has 1588 binaries, 0 generals, 0 SOSs, and 0 indicators.
Presolve time = 0.04 sec. (25.27 ticks)
Represolve time = 0.13 sec. (65.73 ticks)
Probing time = 0.01 sec. (5.00 ticks)
Clique table members: 10311.
MIP emphasis: balance optimality and feasibility.
MIP search method: dynamic search.
Parallel mode: none, using 1 thread.
Root relaxation solution time = 0.12 sec. (80.33 ticks)

        Nodes                                         Cuts/
   Node  Left     Objective  IInf  Best Integer    Best Bound    ItCnt     Gap

*     0+    0                        50281.0000    20659.8000            58.91%
      0     0    20659.8000   478    50281.0000    20659.8000     7867   58.91%
      0     0    20659.8000   499    50281.0000     Cuts: 129     9357   58.91%
      0     0    20659.8000   550    50281.0000     Cuts: 479    10280   58.91%
      0     2    20659.8000   404    50281.0000    22037.1200    10280   56.17%
Elapsed time = 7.51 sec. (5440.78 ticks, tree = 0.01 MB, solutions = 1)
      2     4    22037.1200   505    50281.0000    24103.1000    12873   52.06%
      4     6    49485.0000   201    50281.0000    24103.1000    16073   52.06%
*    20+   14                        49485.0000    24103.1000            51.29%
*    30+   18                        46547.0000    24103.1000            48.22%
*    32     4      integral     0    45722.0000    24103.1000    17258   47.28%
     33     4    24103.1000   483    45722.0000    24103.1000    18445   47.28%
     36     5    31735.6667   153    45722.0000    24103.1000    22062   47.28%
     70    31    27165.1250   297    45722.0000    30410.5525    23980   33.49%
*    80+   25                        42687.0000    34433.0000            19.34%
     81    28    41959.0000     6    42687.0000    34433.0000    26773   19.34%
     85    28    34433.0000   259    42687.0000    34433.0000    32039   19.34%
     86    27        cutoff          42687.0000    34433.0000    35491   19.34%
     88    27    34433.0000   470    42687.0000    34433.0000    39299   19.34%
    176    35        cutoff          42687.0000    41959.0000    46673    1.71%
Elapsed time = 13.03 sec. (10147.48 ticks, tree = 0.09 MB, solutions = 5)
*   220    34      integral     0    42197.0000    41959.0000    47379    0.56%
*   230+   16                        42078.0000    41959.0000             0.28%

Clique cuts applied:  5
Cover cuts applied:  1
Implied bound cuts applied:  199
Flow cuts applied:  24
Mixed integer rounding cuts applied:  15
Zero-half cuts applied:  14
Lift and project cuts applied:  3
Gomory fractional cuts applied:  10

Root node processing (before b&c):
  Real time             =    7.48 sec. (5416.71 ticks)
Sequential b&c:
  Real time             =    6.32 sec. (5281.44 ticks)
                          ------------
Total (root+branch&cut) =   13.80 sec. (10698.15 ticks)
Optimal

>> Printing some results...
    -> Solution value = 42078 - 11:41:18
    -> Total time = 13.80
    -> Gap value = 0.00

=============
Train 0
=============
> Trip 0
   10(time 0 - 00:00:00)(time 635 - 00:10:35) ->    9(time 692 - 00:11:32)(time 1361 - 00:22:41) ->    8(time 1431 - 00:23:51)(time 2085 - 00:34:45) ->    7(time 2142 - 00:35:42)(time 2819 - 00:46:59) -> 6
> Trip 1
   0(time 9103 - 02:31:43)(time 9780 - 02:43:00) ->    1(time 10087 - 02:48:07)(time 10741 - 02:59:01) ->    2(time 11048 - 03:04:08)(time 11717 - 03:15:17) ->    3(time 12024 - 03:20:24)(time 12659 - 03:30:59) ->    4(time 12966 - 03:36:06)(time 13672 - 03:47:52) ->    5(time 13979 - 03:52:59)(time 13979 - 03:52:59) ->    11(time 14286 - 03:58:06)(time 14992 - 04:09:52) ->    10(time 15299 - 04:14:59)(time 15934 - 04:25:34) ->    9(time 16241 - 04:30:41)(time 16910 - 04:41:50) ->    8(time 17217 - 04:46:57)(time 17871 - 04:57:51) ->    7(time 17928 - 04:58:48)(time 18605 - 05:10:05) ->    6(time 18724 - 05:12:04)(time 18724 - 05:12:04) -> 0
> Trip 2
   0(time 26337 - 07:18:57)(time 27014 - 07:30:14) ->    1(time 27071 - 07:31:11)(time 27725 - 07:42:05) ->    2(time 27795 - 07:43:15)(time 28464 - 07:54:24) ->    3(time 28521 - 07:55:21)(time 29156 - 08:05:56) ->    4(time 29275 - 08:07:55)(time 29981 - 08:19:41) ->    5(time 30100 - 08:21:40)(time 30100 - 08:21:40) ->    11(time 30100 - 08:21:40)(time 30806 - 08:33:26) ->    10(time 30925 - 08:35:25)(time 31560 - 08:46:00) ->    9(time 31867 - 08:51:07)(time 32536 - 09:02:16) ->    8(time 32606 - 09:03:26)(time 33260 - 09:14:20) ->    7(time 33330 - 09:15:30)(time 34007 - 09:26:47) ->    6(time 34314 - 09:31:54)(time 34314 - 09:31:54) -> 0
> Trip 3
   0(time 34490 - 09:34:50)(time 35167 - 09:46:07) ->    1(time 35237 - 09:47:17)(time 35891 - 09:58:11) ->    2(time 35961 - 09:59:21)(time 36630 - 10:10:30) ->    3(time 36736 - 10:12:16)(time 37371 - 10:22:51) ->    4(time 37490 - 10:24:50)(time 38196 - 10:36:36) ->    5(time 38315 - 10:38:35)(time 38315 - 10:38:35) ->    11(time 38315 - 10:38:35)(time 39021 - 10:50:21) ->    10(time 39140 - 10:52:20)(time 39775 - 11:02:55) ->    9(time 39832 - 11:03:52)(time 40501 - 11:15:01) ->    8(time 40571 - 11:16:11)(time 41225 - 11:27:05) ->    7(time 41282 - 11:28:02)(time 41959 - 11:39:19) ->    6(time 42078 - 11:41:18)(time 42078 - 11:41:18) -> 0
=============
Train 1
=============
> Trip 0
   10(time 57 - 00:00:57)(time 692 - 00:11:32) ->    9(time 762 - 00:12:42)(time 1431 - 00:23:51) ->    8(time 1501 - 00:25:01)(time 2155 - 00:35:55) ->    7(time 2212 - 00:36:52)(time 2889 - 00:48:09) -> 6
> Trip 1
   0(time 8489 - 02:21:29)(time 9166 - 02:32:46) ->    1(time 9473 - 02:37:53)(time 10127 - 02:48:47) ->    2(time 10434 - 02:53:54)(time 11103 - 03:05:03) ->    3(time 11410 - 03:10:10)(time 12045 - 03:20:45) ->    4(time 12352 - 03:25:52)(time 13058 - 03:37:38) ->    5(time 13365 - 03:42:45)(time 13365 - 03:42:45) ->    11(time 13672 - 03:47:52)(time 14378 - 03:59:38) ->    10(time 14497 - 04:01:37)(time 15132 - 04:12:12) ->    9(time 15189 - 04:13:09)(time 15858 - 04:24:18) ->    8(time 15928 - 04:25:28)(time 16582 - 04:36:22) ->    7(time 16639 - 04:37:19)(time 17316 - 04:48:36) ->    6(time 17623 - 04:53:43)(time 17623 - 04:53:43) -> 0
> Trip 2
   0(time 26394 - 07:19:54)(time 27071 - 07:31:11) ->    1(time 27141 - 07:32:21)(time 27795 - 07:43:15) ->    2(time 27914 - 07:45:14)(time 28583 - 07:56:23) ->    3(time 28640 - 07:57:20)(time 29275 - 08:07:55) ->    4(time 29394 - 08:09:54)(time 30100 - 08:21:40) ->    5(time 30232 - 08:23:52)(time 30232 - 08:23:52) ->    11(time 30232 - 08:23:52)(time 30938 - 08:35:38) ->    10(time 31245 - 08:40:45)(time 31880 - 08:51:20) ->    9(time 31937 - 08:52:17)(time 32606 - 09:03:26) ->    8(time 32676 - 09:04:36)(time 33330 - 09:15:30) ->    7(time 33637 - 09:20:37)(time 34314 - 09:31:54) ->    6(time 34433 - 09:33:53)(time 34433 - 09:33:53) -> 0
> Trip 3
   0(time 34433 - 09:33:53)(time 35110 - 09:45:10) ->    1(time 35167 - 09:46:07)(time 35821 - 09:57:01) ->    2(time 35891 - 09:58:11)(time 36560 - 10:09:20) ->    3(time 36617 - 10:10:17)(time 37252 - 10:20:52) ->    4(time 37371 - 10:22:51)(time 38077 - 10:34:37) ->    5(time 38196 - 10:36:36)(time 38196 - 10:36:36) ->    11(time 38196 - 10:36:36)(time 38902 - 10:48:22) ->    10(time 39021 - 10:50:21)(time 39656 - 11:00:56) ->    9(time 39713 - 11:01:53)(time 40382 - 11:13:02) ->    8(time 40452 - 11:14:12)(time 41106 - 11:25:06) ->    7(time 41163 - 11:26:03)(time 41840 - 11:37:20) ->    6(time 41959 - 11:39:19)(time 41959 - 11:39:19) -> 0
----- t2p7r8h1.txt-model.log -----
	routes that train #1 can complete at trip #6: 0       1       2       3       4       5       6       7

 cost...
	arc #0 [0][1]: 148
	arc #1 [0][7]: 0
	arc #2 [7][0]: 0
	arc #3 [1][2]: 149
	arc #4 [8][7]: 148
	arc #5 [2][3]: 134
	arc #6 [9][8]: 149
	arc #7 [2][9]: 0
	arc #8 [9][2]: 0
	arc #9 [3][4]: 157
	arc #10 [10][9]: 134
	arc #11 [4][5]: 138
	arc #12 [11][10]: 157
	arc #13 [5][6]: 133
	arc #14 [12][11]: 138
	arc #15 [13][12]: 133
	arc #16 [6][13]: 0
	arc #17 [13][6]: 0

cost with minimum service...
	arc #0 [0][1]: 192
	arc #1 [0][7]: 0
	arc #2 [7][0]: 0
	arc #3 [1][2]: 283
	arc #4 [8][7]: 282
	arc #5 [2][3]: 228
	arc #6 [9][8]: 193
	arc #7 [2][9]: 0
	arc #8 [9][2]: 0
	arc #9 [3][4]: 251
	arc #10 [10][9]: 268
	arc #11 [4][5]: 232
	arc #12 [11][10]: 251
	arc #13 [5][6]: 267
	arc #14 [12][11]: 232
	arc #15 [13][12]: 227
	arc #16 [6][13]: 0
	arc #17 [13][6]: 0

cost with maximum service...
	arc #0 [0][1]: 519
	arc #1 [0][7]: 371
	arc #2 [7][0]: 371
	arc #3 [1][2]: 520
	arc #4 [8][7]: 519
	arc #5 [2][3]: 505
	arc #6 [9][8]: 520
	arc #7 [2][9]: 371
	arc #8 [9][2]: 371
	arc #9 [3][4]: 528
	arc #10 [10][9]: 505
	arc #11 [4][5]: 509
	arc #12 [11][10]: 528
	arc #13 [5][6]: 504
	arc #14 [12][11]: 509
	arc #15 [13][12]: 504
	arc #16 [6][13]: 371
	arc #17 [13][6]: 371

demands...
	demands of vertex 0 at time interval: 13
	demands of vertex 1 at time interval: 0
	demands of vertex 2 at time interval: 13
	demands of vertex 3 at time interval: 13
	demands of vertex 4 at time interval: 13
	demands of vertex 5 at time interval: 13
	demands of vertex 6 at time interval: 0
	demands of vertex 7 at time interval: 0
	demands of vertex 8 at time interval: 0
	demands of vertex 9 at time interval: 13
	demands of vertex 10 at time interval: 13
	demands of vertex 11 at time interval: 13
	demands of vertex 12 at time interval: 13
	demands of vertex 13 at time interval: 13

maximum time = 24317
alpha = 64

>> Solving...
Version identifier: 20.1.0.0 | 2020-11-10 | 9bedb6d68
CPXPARAM_Threads                                 1
CPXPARAM_TimeLimit                               43200
Tried aggregator 3 times.
MIP Presolve eliminated 24735 rows and 4968 columns.
MIP Presolve modified 18796 coefficients.
Aggregator did 284 substitutions.
Reduced MIP has 43074 rows, 14953 columns, and 112140 nonzeros.
Reduced MIP has 14580 binaries, 0 generals, 0 SOSs, and 0 indicators.
Presolve time = 1.16 sec. (630.82 ticks)
Probing fixed 968 vars, tightened 12122 bounds.
Probing time = 2.81 sec. (2788.97 ticks)
Tried aggregator 2 times.
MIP Presolve eliminated 35272 rows and 10110 columns.
MIP Presolve modified 5200 coefficients.
Aggregator did 3634 substitutions.
Reduced MIP has 4168 rows, 1209 columns, and 12094 nonzeros.
Reduced MIP has 984 binaries, 0 generals, 0 SOSs, and 0 indicators.
Presolve time = 0.09 sec. (93.88 ticks)
Probing fixed 0 vars, tightened 1 bounds.
Probing time = 0.02 sec. (15.63 ticks)
Cover probing fixed 0 vars, tightened 24 bounds.
Tried aggregator 2 times.
MIP Presolve eliminated 427 rows and 0 columns.
MIP Presolve modified 684 coefficients.
Aggregator did 28 substitutions.
Reduced MIP has 3713 rows, 934 columns, and 10637 nonzeros.
Reduced MIP has 737 binaries, 0 generals, 0 SOSs, and 0 indicators.
Presolve time = 0.02 sec. (19.89 ticks)
Probing time = 0.01 sec. (6.90 ticks)
Cover probing fixed 0 vars, tightened 568 bounds.
Tried aggregator 1 time.
Detecting symmetries...
Reduced MIP has 3713 rows, 934 columns, and 10637 nonzeros.
Reduced MIP has 737 binaries, 0 generals, 0 SOSs, and 0 indicators.
Presolve time = 0.01 sec. (7.46 ticks)
Probing time = 0.01 sec. (6.85 ticks)
Cover probing fixed 0 vars, tightened 568 bounds.
Clique table members: 6477.
Tightened 544 constraints.
MIP emphasis: balance optimality and feasibility.
MIP search method: dynamic search.
Parallel mode: none, using 1 thread.
Root relaxation solution time = 0.04 sec. (67.27 ticks)

        Nodes                                         Cuts/
   Node  Left     Objective  IInf  Best Integer    Best Bound    ItCnt     Gap

      0     0    14530.0000   172                  14530.0000      671         
*     0+    0                        24064.0000    14530.0000            39.62%
      0     0    14734.1111   206    24064.0000    Cuts: 1028      920   38.77%
      0     0    16793.4076   132    24064.0000     Cuts: 351     1085   30.21%
      0     0    16901.5000   125    24064.0000     Cuts: 234     1109   29.76%
      0     0    17209.4396   126    24064.0000      Cuts: 35     1175   28.48%
      0     0    17209.4396   136    24064.0000      Cuts: 60     1198   28.48%
Detecting symmetries...
      0     0    17209.4396   141    24064.0000      Cuts: 57     1244   28.48%
*     0+    0                        21292.0000    17209.4396            19.17%
Detecting symmetries...
      0     2    17209.4396   118    21292.0000    17436.0000     1244   18.11%
Elapsed time = 5.86 sec. (5015.26 ticks, tree = 0.01 MB, solutions = 2)
*    20+    3                        20476.0000    17436.0000            14.85%
*    30+    3                        17570.0000    17436.0000             0.76%

Clique cuts applied:  2
Implied bound cuts applied:  4
Flow cuts applied:  2
Mixed integer rounding cuts applied:  84
Zero-half cuts applied:  7
Gomory fractional cuts applied:  2

Root node processing (before b&c):
  Real time             =    5.87 sec. (5016.16 ticks)
Sequential b&c:
  Real time             =    0.09 sec. (126.62 ticks)
                          ------------
Total (root+branch&cut) =    5.96 sec. (5142.79 ticks)
Optimal

>> Printing some results...
    -> Solution value = 17570 - 04:52:50
    -> Total time = 5.96
    -> Gap value = 0.00

=============
Train 0
=============
> Trip 0
   13(time 134 - 00:02:14)(time 267 - 00:04:27) ->    12(time 361 - 00:06:01)(time 499 - 00:08:19) ->    11(time 593 - 00:09:53)(time 750 - 00:12:30) ->    10(time 844 - 00:14:04)(time 978 - 00:16:18) ->    9(time 1112 - 00:18:32)(time 1261 - 00:21:01) ->    8(time 1305 - 00:21:45)(time 1453 - 00:24:13) ->    7(time 1587 - 00:26:27)(time 1587 - 00:26:27) ->    0(time 1587 - 00:26:27)(time 1735 - 00:28:55) ->    1(time 1779 - 00:29:39)(time 1928 - 00:32:08) ->    2(time 2062 - 00:34:22)(time 2196 - 00:36:36) ->    3(time 2290 - 00:38:10)(time 2447 - 00:40:47) ->    4(time 2541 - 00:42:21)(time 2679 - 00:44:39) ->    5(time 2773 - 00:46:13)(time 2906 - 00:48:26) ->    6(time 3040 - 00:50:40)(time 3040 - 00:50:40) -> 13
> Trip 1
   13(time 3040 - 00:50:40)(time 3173 - 00:52:53) ->    12(time 3267 - 00:54:27)(time 3405 - 00:56:45) ->    11(time 3499 - 00:58:19)(time 3656 - 01:00:56) ->    10(time 3750 - 01:02:30)(time 3884 - 01:04:44) ->    9(time 4018 - 01:06:58)(time 4167 - 01:09:27) ->    8(time 4211 - 01:10:11)(time 4359 - 01:12:39) ->    7(time 4493 - 01:14:53)(time 4493 - 01:14:53) ->    0(time 4493 - 01:14:53)(time 4641 - 01:17:21) ->    1(time 4685 - 01:18:05)(time 4834 - 01:20:34) ->    2(time 4968 - 01:22:48)(time 5102 - 01:25:02) ->    3(time 5196 - 01:26:36)(time 5353 - 01:29:13) ->    4(time 5447 - 01:30:47)(time 5585 - 01:33:05) ->    5(time 5679 - 01:34:39)(time 5812 - 01:36:52) ->    6(time 5946 - 01:39:06)(time 5946 - 01:39:06) -> 13
> Trip 2
   13(time 5946 - 01:39:06)(time 6079 - 01:41:19) ->    12(time 6173 - 01:42:53)(time 6311 - 01:45:11) ->    11(time 6405 - 01:46:45)(time 6562 - 01:49:22) ->    10(time 6656 - 01:50:56)(time 6790 - 01:53:10) ->    9(time 6924 - 01:55:24)(time 7073 - 01:57:53) ->    8(time 7117 - 01:58:37)(time 7265 - 02:01:05) ->    7(time 7399 - 02:03:19)(time 7399 - 02:03:19) ->    0(time 7399 - 02:03:19)(time 7547 - 02:05:47) ->    1(time 7591 - 02:06:31)(time 7740 - 02:09:00) ->    2(time 7874 - 02:11:14)(time 8008 - 02:13:28) ->    3(time 8102 - 02:15:02)(time 8259 - 02:17:39) ->    4(time 8353 - 02:19:13)(time 8491 - 02:21:31) ->    5(time 8585 - 02:23:05)(time 8718 - 02:25:18) ->    6(time 8852 - 02:27:32)(time 8852 - 02:27:32) -> 13
> Trip 3
   13(time 8852 - 02:27:32)(time 8985 - 02:29:45) ->    12(time 9079 - 02:31:19)(time 9217 - 02:33:37) ->    11(time 9311 - 02:35:11)(time 9468 - 02:37:48) ->    10(time 9562 - 02:39:22)(time 9696 - 02:41:36) ->    9(time 9830 - 02:43:50)(time 9979 - 02:46:19) ->    8(time 10023 - 02:47:03)(time 10171 - 02:49:31) ->    7(time 10305 - 02:51:45)(time 10305 - 02:51:45) ->    0(time 10305 - 02:51:45)(time 10453 - 02:54:13) ->    1(time 10497 - 02:54:57)(time 10646 - 02:57:26) ->    2(time 10780 - 02:59:40)(time 10914 - 03:01:54) ->    3(time 11008 - 03:03:28)(time 11165 - 03:06:05) ->    4(time 11259 - 03:07:39)(time 11397 - 03:09:57) ->    5(time 11491 - 03:11:31)(time 11624 - 03:13:44) ->    6(time 11758 - 03:15:58)(time 11758 - 03:15:58) -> 13
> Trip 4
   13(time 11758 - 03:15:58)(time 11891 - 03:18:11) ->    12(time 11985 - 03:19:45)(time 12123 - 03:22:03) ->    11(time 12217 - 03:23:37)(time 12374 - 03:26:14) ->    10(time 12468 - 03:27:48)(time 12602 - 03:30:02) ->    9(time 12736 - 03:32:16)(time 12885 - 03:34:45) ->    8(time 12929 - 03:35:29)(time 13077 - 03:37:57) ->    7(time 13211 - 03:40:11)(time 13211 - 03:40:11) ->    0(time 13211 - 03:40:11)(time 13359 - 03:42:39) ->    1(time 13403 - 03:43:23)(time 13552 - 03:45:52) ->    2(time 13686 - 03:48:06)(time 13820 - 03:50:20) ->    3(time 13914 - 03:51:54)(time 14071 - 03:54:31) ->    4(time 14165 - 03:56:05)(time 14303 - 03:58:23) ->    5(time 14397 - 03:59:57)(time 14530 - 04:02:10) ->    6(time 14664 - 04:04:24)(time 14664 - 04:04:24) -> 13
> Trip 5
   13(time 14664 - 04:04:24)(time 14797 - 04:06:37) ->    12(time 14891 - 04:08:11)(time 15029 - 04:10:29) ->    11(time 15123 - 04:12:03)(time 15280 - 04:14:40) ->    10(time 15374 - 04:16:14)(time 15508 - 04:18:28) ->    9(time 15642 - 04:20:42)(time 15791 - 04:23:11) ->    8(time 15835 - 04:23:55)(time 15983 - 04:26:23) ->    7(time 16117 - 04:28:37)(time 16117 - 04:28:37) ->    0(time 16117 - 04:28:37)(time 16265 - 04:31:05) ->    1(time 16309 - 04:31:49)(time 16458 - 04:34:18) ->    2(time 16592 - 04:36:32)(time 16726 - 04:38:46) ->    3(time 16820 - 04:40:20)(time 16977 - 04:42:57) ->    4(time 17071 - 04:44:31)(time 17209 - 04:46:49) ->    5(time 17303 - 04:48:23)(time 17436 - 04:50:36) ->    6(time 17570 - 04:52:50)(time 17570 - 04:52:50) -> 13
> Trip 6
   13(time 17570 - 04:52:50)(time 17703 - 04:55:03) ->    12(time 17797 - 04:56:37)(time 17935 - 04:58:55) ->    11(time 18029 - 05:00:29)(time 18186 - 05:03:06) ->    10(time 18280 - 05:04:40)(time 18414 - 05:06:54) ->    9(time 18548 - 05:09:08)(time 18697 - 05:11:37) ->    8(time 18741 - 05:12:21)(time 18889 - 05:14:49) ->    7(time 19023 - 05:17:03)(time 19023 - 05:17:03) ->    0(time 19023 - 05:17:03)(time 19171 - 05:19:31) ->    1(time 19215 - 05:20:15)(time 19364 - 05:22:44) ->    2(time 19498 - 05:24:58)(time 19632 - 05:27:12) ->    3(time 19726 - 05:28:46)(time 19883 - 05:31:23) ->    4(time 19977 - 05:32:57)(time 20115 - 05:35:15) ->    5(time 20209 - 05:36:49)(time 20342 - 05:39:02) ->    6(time 20476 - 05:41:16)(time 20476 - 05:41:16) -> 13
=============
Train 1
=============
> Trip 0
   13(time 0 - 00:00:00)(time 133 - 00:02:13) ->    12(time 227 - 00:03:47)(time 365 - 00:06:05) ->    11(time 459 - 00:07:39)(time 616 - 00:10:16) ->    10(time 710 - 00:11:50)(time 844 - 00:14:04) ->    9(time 978 - 00:16:18)(time 1127 - 00:18:47) ->    8(time 1171 - 00:19:31)(time 1319 - 00:21:59) ->    7(time 1453 - 00:24:13)(time 1453 - 00:24:13) ->    0(time 1453 - 00:24:13)(time 1601 - 00:26:41) ->    1(time 1645 - 00:27:25)(time 1794 - 00:29:54) ->    2(time 1928 - 00:32:08)(time 2062 - 00:34:22) ->    3(time 2156 - 00:35:56)(time 2313 - 00:38:33) ->    4(time 2407 - 00:40:07)(time 2545 - 00:42:25) ->    5(time 2639 - 00:43:59)(time 2772 - 00:46:12) ->    6(time 2906 - 00:48:26)(time 2906 - 00:48:26) -> 13
> Trip 1
   13(time 2906 - 00:48:26)(time 3039 - 00:50:39) ->    12(time 3133 - 00:52:13)(time 3271 - 00:54:31) ->    11(time 3365 - 00:56:05)(time 3522 - 00:58:42) ->    10(time 3616 - 01:00:16)(time 3750 - 01:02:30) ->    9(time 3884 - 01:04:44)(time 4033 - 01:07:13) ->    8(time 4077 - 01:07:57)(time 4225 - 01:10:25) ->    7(time 4359 - 01:12:39)(time 4359 - 01:12:39) ->    0(time 4359 - 01:12:39)(time 4507 - 01:15:07) ->    1(time 4551 - 01:15:51)(time 4700 - 01:18:20) ->    2(time 4834 - 01:20:34)(time 4968 - 01:22:48) ->    3(time 5062 - 01:24:22)(time 5219 - 01:26:59) ->    4(time 5313 - 01:28:33)(time 5451 - 01:30:51) ->    5(time 5545 - 01:32:25)(time 5678 - 01:34:38) ->    6(time 5812 - 01:36:52)(time 5812 - 01:36:52) -> 13
> Trip 2
   13(time 5812 - 01:36:52)(time 5945 - 01:39:05) ->    12(time 6039 - 01:40:39)(time 6177 - 01:42:57) ->    11(time 6271 - 01:44:31)(time 6428 - 01:47:08) ->    10(time 6522 - 01:48:42)(time 6656 - 01:50:56) ->    9(time 6790 - 01:53:10)(time 6939 - 01:55:39) ->    8(time 6983 - 01:56:23)(time 7131 - 01:58:51) ->    7(time 7265 - 02:01:05)(time 7265 - 02:01:05) ->    0(time 7265 - 02:01:05)(time 7413 - 02:03:33) ->    1(time 7457 - 02:04:17)(time 7606 - 02:06:46) ->    2(time 7740 - 02:09:00)(time 7874 - 02:11:14) ->    3(time 7968 - 02:12:48)(time 8125 - 02:15:25) ->    4(time 8219 - 02:16:59)(time 8357 - 02:19:17) ->    5(time 8451 - 02:20:51)(time 8584 - 02:23:04) ->    6(time 8718 - 02:25:18)(time 8718 - 02:25:18) -> 13
> Trip 3
   13(time 8718 - 02:25:18)(time 8851 - 02:27:31) ->    12(time 8945 - 02:29:05)(time 9083 - 02:31:23) ->    11(time 9177 - 02:32:57)(time 9334 - 02:35:34) ->    10(time 9428 - 02:37:08)(time 9562 - 02:39:22) ->    9(time 9696 - 02:41:36)(time 9845 - 02:44:05) ->    8(time 9889 - 02:44:49)(time 10037 - 02:47:17) ->    7(time 10171 - 02:49:31)(time 10171 - 02:49:31) ->    0(time 10171 - 02:49:31)(time 10319 - 02:51:59) ->    1(time 10363 - 02:52:43)(time 10512 - 02:55:12) ->    2(time 10646 - 02:57:26)(time 10780 - 02:59:40) ->    3(time 10874 - 03:01:14)(time 11031 - 03:03:51) ->    4(time 11125 - 03:05:25)(time 11263 - 03:07:43) ->    5(time 11357 - 03:09:17)(time 11490 - 03:11:30) ->    6(time 11624 - 03:13:44)(time 11624 - 03:13:44) -> 13
> Trip 4
   13(time 11624 - 03:13:44)(time 11757 - 03:15:57) ->    12(time 11851 - 03:17:31)(time 11989 - 03:19:49) ->    11(time 12083 - 03:21:23)(time 12240 - 03:24:00) ->    10(time 12334 - 03:25:34)(time 12468 - 03:27:48) ->    9(time 12602 - 03:30:02)(time 12751 - 03:32:31) ->    8(time 12795 - 03:33:15)(time 12943 - 03:35:43) ->    7(time 13077 - 03:37:57)(time 13077 - 03:37:57) ->    0(time 13077 - 03:37:57)(time 13225 - 03:40:25) ->    1(time 13269 - 03:41:09)(time 13418 - 03:43:38) ->    2(time 13552 - 03:45:52)(time 13686 - 03:48:06) ->    3(time 13780 - 03:49:40)(time 13937 - 03:52:17) ->    4(time 14031 - 03:53:51)(time 14169 - 03:56:09) ->    5(time 14263 - 03:57:43)(time 14396 - 03:59:56) ->    6(time 14530 - 04:02:10)(time 14530 - 04:02:10) -> 13
> Trip 5
   13(time 14530 - 04:02:10)(time 14663 - 04:04:23) ->    12(time 14757 - 04:05:57)(time 14895 - 04:08:15) ->    11(time 14989 - 04:09:49)(time 15146 - 04:12:26) ->    10(time 15240 - 04:14:00)(time 15374 - 04:16:14) ->    9(time 15508 - 04:18:28)(time 15657 - 04:20:57) ->    8(time 15701 - 04:21:41)(time 15849 - 04:24:09) ->    7(time 15983 - 04:26:23)(time 15983 - 04:26:23) ->    0(time 15983 - 04:26:23)(time 16131 - 04:28:51) ->    1(time 16175 - 04:29:35)(time 16324 - 04:32:04) ->    2(time 16458 - 04:34:18)(time 16592 - 04:36:32) ->    3(time 16686 - 04:38:06)(time 16843 - 04:40:43) ->    4(time 16937 - 04:42:17)(time 17075 - 04:44:35) ->    5(time 17169 - 04:46:09)(time 17302 - 04:48:22) ->    6(time 17436 - 04:50:36)(time 17436 - 04:50:36) -> 13
> Trip 6
   13(time 17436 - 04:50:36)(time 17569 - 04:52:49) ->    12(time 17663 - 04:54:23)(time 17801 - 04:56:41) ->    11(time 17895 - 04:58:15)(time 18052 - 05:00:52) ->    10(time 18146 - 05:02:26)(time 18280 - 05:04:40) ->    9(time 18414 - 05:06:54)(time 18563 - 05:09:23) ->    8(time 18607 - 05:10:07)(time 18755 - 05:12:35) ->    7(time 18889 - 05:14:49)(time 18889 - 05:14:49) ->    0(time 18889 - 05:14:49)(time 19037 - 05:17:17) ->    1(time 19081 - 05:18:01)(time 19230 - 05:20:30) ->    2(time 19364 - 05:22:44)(time 19498 - 05:24:58) ->    3(time 19592 - 05:26:32)(time 19749 - 05:29:09) ->    4(time 19843 - 05:30:43)(time 19981 - 05:33:01) ->    5(time 20075 - 05:34:35)(time 20208 - 05:36:48) ->    6(time 20342 - 05:39:02)(time 20342 - 05:39:02) -> 13
----- t2p8r2h2.txt-model.log -----

cost with maximum service...
	arc #0 [0][1]: 743
	arc #1 [0][8]: 367
	arc #2 [8][0]: 367
	arc #3 [1][2]: 753
	arc #4 [9][8]: 743
	arc #5 [2][3]: 747
	arc #6 [10][9]: 753
	arc #7 [3][4]: 699
	arc #8 [11][10]: 747
	arc #9 [4][5]: 753
	arc #10 [12][11]: 699
	arc #11 [5][6]: 693
	arc #12 [13][12]: 753
	arc #13 [6][7]: 695
	arc #14 [14][13]: 693
	arc #15 [15][14]: 695
	arc #16 [7][15]: 367
	arc #17 [15][7]: 367

demands...
	demands of vertex 0 at time interval: 3     3
	demands of vertex 1 at time interval: 3     3
	demands of vertex 2 at time interval: 3     3
	demands of vertex 3 at time interval: 3     3
	demands of vertex 4 at time interval: 3     3
	demands of vertex 5 at time interval: 3     3
	demands of vertex 6 at time interval: 3     3
	demands of vertex 7 at time interval: 0     0
	demands of vertex 8 at time interval: 0     0
	demands of vertex 9 at time interval: 3     3
	demands of vertex 10 at time interval: 3     3
	demands of vertex 11 at time interval: 3     3
	demands of vertex 12 at time interval: 3     3
	demands of vertex 13 at time interval: 3     3
	demands of vertex 14 at time interval: 3     3
	demands of vertex 15 at time interval: 3     3

maximum time = 36657
alpha = 90

>> Solving...
Version identifier: 20.1.0.0 | 2020-11-10 | 9bedb6d68
CPXPARAM_Threads                                 1
CPXPARAM_TimeLimit                               43200
Tried aggregator 6 times.
MIP Presolve eliminated 9873 rows and 1910 columns.
MIP Presolve modified 20833 coefficients.
Aggregator did 256 substitutions.
Reduced MIP has 18680 rows, 6729 columns, and 46320 nonzeros.
Reduced MIP has 6600 binaries, 0 generals, 0 SOSs, and 0 indicators.
Presolve time = 1.37 sec. (868.08 ticks)
Probing fixed 186 vars, tightened 257 bounds.
Probing time = 0.81 sec. (551.18 ticks)
Cover probing fixed 0 vars, tightened 334 bounds.
Tried aggregator 2 times.
MIP Presolve eliminated 7176 rows and 1019 columns.
MIP Presolve modified 2106 coefficients.
Aggregator did 2904 substitutions.
Reduced MIP has 8600 rows, 2806 columns, and 21818 nonzeros.
Reduced MIP has 2677 binaries, 0 generals, 0 SOSs, and 0 indicators.
Presolve time = 0.28 sec. (169.28 ticks)
Probing fixed 1 vars, tightened 34 bounds.
Probing time = 0.15 sec. (102.87 ticks)
Cover probing fixed 0 vars, tightened 44 bounds.
Tried aggregator 2 times.
MIP Presolve eliminated 1293 rows and 18 columns.
MIP Presolve modified 494 coefficients.
Aggregator did 751 substitutions.
Reduced MIP has 6556 rows, 2037 columns, and 16834 nonzeros.
Reduced MIP has 1908 binaries, 0 generals, 0 SOSs, and 0 indicators.
Presolve time = 0.19 sec. (110.65 ticks)
Probing time = 0.01 sec. (5.52 ticks)
Cover probing fixed 0 vars, tightened 12 bounds.
Tried aggregator 1 time.
Detecting symmetries...
Reduced MIP has 6556 rows, 2037 columns, and 16834 nonzeros.
Reduced MIP has 1908 binaries, 0 generals, 0 SOSs, and 0 indicators.
Presolve time = 0.10 sec. (74.27 ticks)
Probing time = 0.01 sec. (5.59 ticks)
Cover probing fixed 0 vars, tightened 12 bounds.
Clique table members: 12249.
Tightened 12 constraints.
MIP emphasis: balance optimality and feasibility.
MIP search method: dynamic search.
Parallel mode: none, using 1 thread.
Root relaxation solution time = 0.10 sec. (109.99 ticks)

        Nodes                                         Cuts/
   Node  Left     Objective  IInf  Best Integer    Best Bound    ItCnt     Gap

      0     0     9907.0000   572                   9907.0000     1477         
      0     0    10928.9883   985                   Cuts: 797     2432         
      0     0    13304.0000   932                   Cuts: 339     2533         
      0     0    13304.0000   968                   Cuts: 146     2640         
*     0+    0                        35271.0000    13304.0000            62.28%
*     0+    0                        32501.0000    13304.0000            59.07%
      0     0  -1.00000e+75     0    32501.0000    13304.0000     2640   59.07%
      0     0    13304.0000   955    32501.0000     Cuts: 307     2891   59.07%
      0     0    13304.0000   970    32501.0000     Cuts: 541     3114   59.07%
*     0+    0                        31755.0000    13304.0000            58.10%
*     0+    0                        31633.0000    13304.0000            57.94%

Repeating presolve.
Tried aggregator 1 time.
MIP Presolve eliminated 3587 rows and 1417 columns.
Reduced MIP has 2969 rows, 620 columns, and 8198 nonzeros.
Reduced MIP has 491 binaries, 0 generals, 0 SOSs, and 0 indicators.
Presolve time = 0.03 sec. (16.53 ticks)
Probing fixed 37 vars, tightened 56 bounds.
Probing changed sense of 22 constraints.
Probing time = 0.23 sec. (160.53 ticks)
Tried aggregator 2 times.
MIP Presolve eliminated 149 rows and 37 columns.
MIP Presolve modified 3960 coefficients.
Aggregator did 38 substitutions.
Reduced MIP has 2782 rows, 545 columns, and 7676 nonzeros.
Reduced MIP has 416 binaries, 0 generals, 0 SOSs, and 0 indicators.
Presolve time = 0.04 sec. (22.87 ticks)
Probing fixed 27 vars, tightened 378 bounds.
Probing changed sense of 8 constraints.
Probing time = 0.18 sec. (113.91 ticks)
Tried aggregator 2 times.
MIP Presolve eliminated 1219 rows and 68 columns.
MIP Presolve modified 2324 coefficients.
Aggregator did 112 substitutions.
Reduced MIP has 1451 rows, 365 columns, and 4004 nonzeros.
Reduced MIP has 236 binaries, 0 generals, 0 SOSs, and 0 indicators.
Presolve time = 0.01 sec. (4.79 ticks)
Probing fixed 0 vars, tightened 4 bounds.
Probing time = 0.04 sec. (20.81 ticks)
Tried aggregator 1 time.
Detecting symmetries...
Reduced MIP has 1451 rows, 365 columns, and 4004 nonzeros.
Reduced MIP has 236 binaries, 0 generals, 0 SOSs, and 0 indicators.
Presolve time = 0.00 sec. (2.05 ticks)
Represolve time = 0.56 sec. (351.86 ticks)
Probing time = 0.01 sec. (5.43 ticks)
Clique table members: 2641.
MIP emphasis: balance optimality and feasibility.
MIP search method: dynamic search.
Parallel mode: none, using 1 thread.
Root relaxation solution time = 0.01 sec. (11.26 ticks)

        Nodes                                         Cuts/
   Node  Left     Objective  IInf  Best Integer    Best Bound    ItCnt     Gap

*     0+    0                        31633.0000    15047.0000            52.43%
      0     0    19956.0000    82    31633.0000    19956.0000     3425   36.91%
*     0+    0                        23960.0000    19956.0000            16.71%
      0     0    19957.4634    68    23960.0000     Cuts: 161     3545   16.71%
*     0+    0                        20078.0000    19957.4634             0.60%
      0     0        cutoff          20078.0000                   3571    0.00%
Elapsed time = 5.93 sec. (3975.67 ticks, tree = 0.01 MB, solutions = 6)

Clique cuts applied:  27
Flow cuts applied:  15
Mixed integer rounding cuts applied:  6
Gomory fractional cuts applied:  53

Root node processing (before b&c):
  Real time             =    5.93 sec. (3976.23 ticks)
Sequential b&c:
  Real time             =    0.00 sec. (0.00 ticks)
                          ------------
Total (root+branch&cut) =    5.93 sec. (3976.23 ticks)
Optimal

>> Printing some results...
    -> Solution value = 20077 - 05:34:37
    -> Total time = 5.93
    -> Gap value = 0.00

=============
Train 0
=============
> Trip 0
   15(time 5352 - 01:29:12)(time 5680 - 01:34:40) ->    14(time 5795 - 01:36:35)(time 6121 - 01:42:01) ->    13(time 6236 - 01:43:56)(time 6622 - 01:50:22) ->    12(time 6737 - 01:52:17)(time 7069 - 01:57:49) ->    11(time 7184 - 01:59:44)(time 7564 - 02:06:04) ->    10(time 7679 - 02:07:59)(time 8065 - 02:14:25) ->    9(time 8180 - 02:16:20)(time 8556 - 02:22:36) ->    8(time 8678 - 02:24:38)(time 8678 - 02:24:38) ->    0(time 8678 - 02:24:38)(time 9054 - 02:30:54) ->    1(time 9169 - 02:32:49)(time 9555 - 02:39:15) ->    2(time 9670 - 02:41:10)(time 10050 - 02:47:30) ->    3(time 10165 - 02:49:25)(time 10497 - 02:54:57) ->    4(time 10612 - 02:56:52)(time 10998 - 03:03:18) ->    5(time 11113 - 03:05:13)(time 11439 - 03:10:39) ->    6(time 11554 - 03:12:34)(time 11882 - 03:18:02) ->    7(time 12004 - 03:20:04)(time 12004 - 03:20:04) -> 15
> Trip 1
   15(time 12004 - 03:20:04)(time 12332 - 03:25:32) ->    14(time 12447 - 03:27:27)(time 12773 - 03:32:53) ->    13(time 12888 - 03:34:48)(time 13274 - 03:41:14) ->    12(time 13389 - 03:43:09)(time 13721 - 03:48:41) ->    11(time 13836 - 03:50:36)(time 14216 - 03:56:56) ->    10(time 14331 - 03:58:51)(time 14717 - 04:05:17) ->    9(time 14832 - 04:07:12)(time 15208 - 04:13:28) ->    8(time 15330 - 04:15:30)(time 15330 - 04:15:30) ->    0(time 15330 - 04:15:30)(time 15706 - 04:21:46) ->    1(time 15821 - 04:23:41)(time 16207 - 04:30:07) ->    2(time 16322 - 04:32:02)(time 16702 - 04:38:22) ->    3(time 16817 - 04:40:17)(time 17149 - 04:45:49) ->    4(time 17264 - 04:47:44)(time 17650 - 04:54:10) ->    5(time 17765 - 04:56:05)(time 18091 - 05:01:31) ->    6(time 18206 - 05:03:26)(time 18534 - 05:08:54) ->    7(time 18656 - 05:10:56)(time 18656 - 05:10:56) -> 15
> Trip 2
   15(time 18656 - 05:10:56)(time 18984 - 05:16:24) ->    14(time 19099 - 05:18:19)(time 19425 - 05:23:45) ->    13(time 19540 - 05:25:40)(time 19926 - 05:32:06) ->    12(time 20041 - 05:34:01)(time 20373 - 05:39:33) ->    11(time 20488 - 05:41:28)(time 20868 - 05:47:48) ->    10(time 20983 - 05:49:43)(time 21369 - 05:56:09) ->    9(time 21484 - 05:58:04)(time 21860 - 06:04:20) ->    8(time 21982 - 06:06:22)(time 21982 - 06:06:22) ->    0(time 21982 - 06:06:22)(time 22358 - 06:12:38) ->    1(time 22473 - 06:14:33)(time 22859 - 06:20:59) ->    2(time 22974 - 06:22:54)(time 23354 - 06:29:14) ->    3(time 23469 - 06:31:09)(time 23801 - 06:36:41) ->    4(time 23916 - 06:38:36)(time 24302 - 06:45:02) ->    5(time 24417 - 06:46:57)(time 24743 - 06:52:23) ->    6(time 24858 - 06:54:18)(time 25186 - 06:59:46) ->    7(time 25308 - 07:01:48)(time 25308 - 07:01:48) -> 15
> Trip 3
   15(time 25308 - 07:01:48)(time 25636 - 07:07:16) ->    14(time 25751 - 07:09:11)(time 26077 - 07:14:37) ->    13(time 26192 - 07:16:32)(time 26578 - 07:22:58) ->    12(time 26693 - 07:24:53)(time 27025 - 07:30:25) ->    11(time 27140 - 07:32:20)(time 27520 - 07:38:40) ->    10(time 27635 - 07:40:35)(time 28021 - 07:47:01) ->    9(time 28136 - 07:48:56)(time 28512 - 07:55:12) ->    8(time 28634 - 07:57:14)(time 28634 - 07:57:14) ->    0(time 28634 - 07:57:14)(time 29010 - 08:03:30) ->    1(time 29125 - 08:05:25)(time 29511 - 08:11:51) ->    2(time 29626 - 08:13:46)(time 30006 - 08:20:06) ->    3(time 30121 - 08:22:01)(time 30453 - 08:27:33) ->    4(time 30568 - 08:29:28)(time 30954 - 08:35:54) ->    5(time 31069 - 08:37:49)(time 31395 - 08:43:15) ->    6(time 31510 - 08:45:10)(time 31838 - 08:50:38) ->    7(time 31960 - 08:52:40)(time 31960 - 08:52:40) -> 15
=============
Train 1
=============
> Trip 0
   15(time 5467 - 01:31:07)(time 5795 - 01:36:35) ->    14(time 5917 - 01:38:37)(time 6243 - 01:44:03) ->    13(time 6358 - 01:45:58)(time 6744 - 01:52:24) ->    12(time 6859 - 01:54:19)(time 7191 - 01:59:51) ->    11(time 7306 - 02:01:46)(time 7686 - 02:08:06) ->    10(time 7801 - 02:10:01)(time 8187 - 02:16:27) ->    9(time 8302 - 02:18:22)(time 8678 - 02:24:38) ->    8(time 8800 - 02:26:40)(time 8800 - 02:26:40) ->    0(time 8800 - 02:26:40)(time 9176 - 02:32:56) ->    1(time 9291 - 02:34:51)(time 9677 - 02:41:17) ->    2(time 9792 - 02:43:12)(time 10172 - 02:49:32) ->    3(time 10287 - 02:51:27)(time 10619 - 02:56:59) ->    4(time 10734 - 02:58:54)(time 11120 - 03:05:20) ->    5(time 11235 - 03:07:15)(time 11561 - 03:12:41) ->    6(time 11676 - 03:14:36)(time 12004 - 03:20:04) ->    7(time 12126 - 03:22:06)(time 12126 - 03:22:06) -> 15
> Trip 1
   15(time 12126 - 03:22:06)(time 12454 - 03:27:34) ->    14(time 12569 - 03:29:29)(time 12895 - 03:34:55) ->    13(time 13010 - 03:36:50)(time 13396 - 03:43:16) ->    12(time 13511 - 03:45:11)(time 13843 - 03:50:43) ->    11(time 13958 - 03:52:38)(time 14338 - 03:58:58) ->    10(time 14453 - 04:00:53)(time 14839 - 04:07:19) ->    9(time 14954 - 04:09:14)(time 15330 - 04:15:30) ->    8(time 15452 - 04:17:32)(time 15452 - 04:17:32) ->    0(time 15452 - 04:17:32)(time 15828 - 04:23:48) ->    1(time 15943 - 04:25:43)(time 16329 - 04:32:09) ->    2(time 16444 - 04:34:04)(time 16824 - 04:40:24) ->    3(time 16939 - 04:42:19)(time 17271 - 04:47:51) ->    4(time 17386 - 04:49:46)(time 17772 - 04:56:12) ->    5(time 17887 - 04:58:07)(time 18213 - 05:03:33) ->    6(time 18328 - 05:05:28)(time 18656 - 05:10:56) ->    7(time 18778 - 05:12:58)(time 18778 - 05:12:58) -> 15
> Trip 2
   15(time 18778 - 05:12:58)(time 19106 - 05:18:26) ->    14(time 19221 - 05:20:21)(time 19547 - 05:25:47) ->    13(time 19662 - 05:27:42)(time 20048 - 05:34:08) ->    12(time 20163 - 05:36:03)(time 20495 - 05:41:35) ->    11(time 20610 - 05:43:30)(time 20990 - 05:49:50) ->    10(time 21105 - 05:51:45)(time 21491 - 05:58:11) ->    9(time 21606 - 06:00:06)(time 21982 - 06:06:22) ->    8(time 22104 - 06:08:24)(time 22104 - 06:08:24) ->    0(time 22104 - 06:08:24)(time 22480 - 06:14:40) ->    1(time 22595 - 06:16:35)(time 22981 - 06:23:01) ->    2(time 23096 - 06:24:56)(time 23476 - 06:31:16) ->    3(time 23591 - 06:33:11)(time 23923 - 06:38:43) ->    4(time 24038 - 06:40:38)(time 24424 - 06:47:04) ->    5(time 24539 - 06:48:59)(time 24865 - 06:54:25) ->    6(time 24980 - 06:56:20)(time 25308 - 07:01:48) ->    7(time 25430 - 07:03:50)(time 25430 - 07:03:50) -> 15
> Trip 3
   15(time 25430 - 07:03:50)(time 25758 - 07:09:18) ->    14(time 25873 - 07:11:13)(time 26199 - 07:16:39) ->    13(time 26314 - 07:18:34)(time 26700 - 07:25:00) ->    12(time 26815 - 07:26:55)(time 27147 - 07:32:27) ->    11(time 27262 - 07:34:22)(time 27642 - 07:40:42) ->    10(time 27757 - 07:42:37)(time 28143 - 07:49:03) ->    9(time 28258 - 07:50:58)(time 28634 - 07:57:14) ->    8(time 28756 - 07:59:16)(time 28756 - 07:59:16) ->    0(time 28756 - 07:59:16)(time 29132 - 08:05:32) ->    1(time 29247 - 08:07:27)(time 29633 - 08:13:53) ->    2(time 29748 - 08:15:48)(time 30128 - 08:22:08) ->    3(time 30243 - 08:24:03)(time 30575 - 08:29:35) ->    4(time 30690 - 08:31:30)(time 31076 - 08:37:56) ->    5(time 31191 - 08:39:51)(time 31517 - 08:45:17) ->    6(time 31632 - 08:47:12)(time 31960 - 08:52:40) ->    7(time 32082 - 08:54:42)(time 32082 - 08:54:42) -> 15
Traceback (most recent call last):
  File "/home/renata/Train-Timetabling/script.py", line 99, in <module>
    os.remove(file_name)
FileNotFoundError: [Errno 2] No such file or directory: 'script-solution.txt'
----- t2p9r2h3.txt-model.log -----
	arc #8 [12][11]: 150
	arc #9 [4][5]: 155
	arc #10 [13][12]: 144
	arc #11 [5][6]: 143
	arc #12 [14][13]: 155
	arc #13 [6][7]: 141
	arc #14 [15][14]: 143
	arc #15 [7][8]: 141
	arc #16 [16][15]: 141
	arc #17 [17][16]: 141
	arc #18 [8][17]: 0
	arc #19 [17][8]: 0

cost with minimum service...
	arc #0 [0][1]: 246
	arc #1 [0][9]: 0
	arc #2 [9][0]: 0
	arc #3 [1][2]: 240
	arc #4 [10][9]: 292
	arc #5 [2][3]: 259
	arc #6 [11][10]: 240
	arc #7 [3][4]: 253
	arc #8 [12][11]: 259
	arc #9 [4][5]: 264
	arc #10 [13][12]: 253
	arc #11 [5][6]: 252
	arc #12 [14][13]: 264
	arc #13 [6][7]: 250
	arc #14 [15][14]: 252
	arc #15 [7][8]: 296
	arc #16 [16][15]: 250
	arc #17 [17][16]: 250
	arc #18 [8][17]: 0
	arc #19 [17][8]: 0

cost with maximum service...
	arc #0 [0][1]: 563
	arc #1 [0][9]: 426
	arc #2 [9][0]: 426
	arc #3 [1][2]: 557
	arc #4 [10][9]: 563
	arc #5 [2][3]: 576
	arc #6 [11][10]: 557
	arc #7 [3][4]: 570
	arc #8 [12][11]: 576
	arc #9 [4][5]: 581
	arc #10 [13][12]: 570
	arc #11 [5][6]: 569
	arc #12 [14][13]: 581
	arc #13 [6][7]: 567
	arc #14 [15][14]: 569
	arc #15 [7][8]: 567
	arc #16 [16][15]: 567
	arc #17 [17][16]: 567
	arc #18 [8][17]: 426
	arc #19 [17][8]: 426

demands...
	demands of vertex 0 at time interval: 6     6     6
	demands of vertex 1 at time interval: 6     6     6
	demands of vertex 2 at time interval: 6     6     6
	demands of vertex 3 at time interval: 6     6     6
	demands of vertex 4 at time interval: 6     6     6
	demands of vertex 5 at time interval: 6     6     6
	demands of vertex 6 at time interval: 6     6     6
	demands of vertex 7 at time interval: 6     6     6
	demands of vertex 8 at time interval: 0     0     0
	demands of vertex 9 at time interval: 0     0     0
	demands of vertex 10 at time interval: 6     6     6
	demands of vertex 11 at time interval: 6     6     6
	demands of vertex 12 at time interval: 6     6     6
	demands of vertex 13 at time interval: 6     6     6
	demands of vertex 14 at time interval: 6     6     6
	demands of vertex 15 at time interval: 6     6     6
	demands of vertex 16 at time interval: 6     6     6
	demands of vertex 17 at time interval: 6     6     6

maximum time = 42397
alpha = 71

>> Solving...
Version identifier: 20.1.0.0 | 2020-11-10 | 9bedb6d68
CPXPARAM_Threads                                 1
CPXPARAM_TimeLimit                               43200
Tried aggregator 12 times.
MIP Presolve eliminated 68859 rows and 13378 columns.
MIP Presolve modified 144249 coefficients.
Aggregator did 720 substitutions.
Reduced MIP has 146364 rows, 53061 columns, and 361588 nonzeros.
Reduced MIP has 52700 binaries, 0 generals, 0 SOSs, and 0 indicators.
Presolve time = 14.74 sec. (8430.22 ticks)
Found incumbent of value 42397.000000 after 18.22 sec. (10014.57 ticks)
Probing fixed 4240 vars, tightened 2310 bounds.
Probing time = 18.40 sec. (7894.72 ticks)
Cover probing fixed 0 vars, tightened 21155 bounds.
Tried aggregator 2 times.
MIP Presolve eliminated 134349 rows and 43271 columns.
MIP Presolve modified 2546 coefficients.
Aggregator did 9208 substitutions.
Reduced MIP has 2807 rows, 582 columns, and 7399 nonzeros.
Reduced MIP has 221 binaries, 0 generals, 0 SOSs, and 0 indicators.
Presolve time = 0.41 sec. (272.56 ticks)
Probing fixed 0 vars, tightened 294 bounds.
Probing time = 0.06 sec. (37.08 ticks)
Tried aggregator 1 time.
Detecting symmetries...
MIP Presolve modified 1156 coefficients.
Reduced MIP has 2807 rows, 582 columns, and 7399 nonzeros.
Reduced MIP has 221 binaries, 0 generals, 0 SOSs, and 0 indicators.
Presolve time = 0.01 sec. (6.38 ticks)
Probing fixed 0 vars, tightened 31 bounds.
Probing time = 0.06 sec. (37.14 ticks)
Clique table members: 589.
MIP emphasis: balance optimality and feasibility.
MIP search method: dynamic search.
Parallel mode: none, using 1 thread.
Root relaxation solution time = 0.03 sec. (28.00 ticks)

        Nodes                                         Cuts/
   Node  Left     Objective  IInf  Best Integer    Best Bound    ItCnt     Gap

*     0+    0                        42397.0000    35883.0000            15.36%
      0     0    35883.0000   181    42397.0000    35883.0000      602   15.36%
*     0+    0                        40780.0000    35883.0000            12.01%
      0     0    36754.3807   183    40780.0000     Cuts: 296      885    9.87%
      0     0    37081.7464   205    40780.0000      Cuts: 92      953    9.07%
      0     0    37086.9491   203    40780.0000      Cuts: 55      968    9.06%
      0     0    37086.9491   204    40780.0000      Cuts: 23      993    9.06%
      0     0    37086.9491   205    40780.0000       Cuts: 3      996    9.06%
Detecting symmetries...
*     0+    0                        37235.0000    37086.9491             0.40%
Detecting symmetries...
      0     1    37089.4253   199    37235.0000    37157.5000      996    0.21%
Elapsed time = 40.48 sec. (20781.04 ticks, tree = 0.01 MB, solutions = 3)

Cover cuts applied:  1
Implied bound cuts applied:  39
Flow cuts applied:  19
Mixed integer rounding cuts applied:  27
Gomory fractional cuts applied:  10

Root node processing (before b&c):
  Real time             =   40.49 sec. (20783.68 ticks)
Sequential b&c:
  Real time             =    0.00 sec. (0.70 ticks)
                          ------------
Total (root+branch&cut) =   40.49 sec. (20784.38 ticks)
Optimal

>> Printing some results...
    -> Solution value = 37235 - 10:20:35
    -> Total time = 40.49
    -> Gap value = 0.00

=============
Train 0
=============
> Trip 0
   17(time 912 - 00:15:12)(time 1053 - 00:17:33) ->    16(time 1162 - 00:19:22)(time 1303 - 00:21:43) ->    15(time 1412 - 00:23:32)(time 1555 - 00:25:55) ->    14(time 1664 - 00:27:44)(time 1819 - 00:30:19) ->    13(time 1928 - 00:32:08)(time 2072 - 00:34:32) ->    12(time 2181 - 00:36:21)(time 2331 - 00:38:51) ->    11(time 2440 - 00:40:40)(time 2571 - 00:42:51) ->    10(time 2680 - 00:44:40)(time 2817 - 00:46:57) ->    9(time 2972 - 00:49:32)(time 2972 - 00:49:32) ->    0(time 2972 - 00:49:32)(time 3109 - 00:51:49) ->    1(time 3218 - 00:53:38)(time 3349 - 00:55:49) ->    2(time 3458 - 00:57:38)(time 3608 - 01:00:08) ->    3(time 3717 - 01:01:57)(time 3861 - 01:04:21) ->    4(time 3970 - 01:06:10)(time 4125 - 01:08:45) ->    5(time 4234 - 01:10:34)(time 4377 - 01:12:57) ->    6(time 4486 - 01:14:46)(time 4627 - 01:17:07) ->    7(time 4736 - 01:18:56)(time 4877 - 01:21:17) ->    8(time 5032 - 01:23:52)(time 5032 - 01:23:52) -> 17
> Trip 1
   17(time 5032 - 01:23:52)(time 5173 - 01:26:13) ->    16(time 5282 - 01:28:02)(time 5423 - 01:30:23) ->    15(time 5532 - 01:32:12)(time 5675 - 01:34:35) ->    14(time 5784 - 01:36:24)(time 5939 - 01:38:59) ->    13(time 6048 - 01:40:48)(time 6192 - 01:43:12) ->    12(time 6301 - 01:45:01)(time 6451 - 01:47:31) ->    11(time 6560 - 01:49:20)(time 6691 - 01:51:31) ->    10(time 6800 - 01:53:20)(time 6937 - 01:55:37) ->    9(time 7092 - 01:58:12)(time 7092 - 01:58:12) ->    0(time 7092 - 01:58:12)(time 7229 - 02:00:29) ->    1(time 7338 - 02:02:18)(time 7469 - 02:04:29) ->    2(time 7578 - 02:06:18)(time 7728 - 02:08:48) ->    3(time 7837 - 02:10:37)(time 7981 - 02:13:01) ->    4(time 8090 - 02:14:50)(time 8245 - 02:17:25) ->    5(time 8354 - 02:19:14)(time 8497 - 02:21:37) ->    6(time 8606 - 02:23:26)(time 8747 - 02:25:47) ->    7(time 8856 - 02:27:36)(time 8997 - 02:29:57) ->    8(time 9152 - 02:32:32)(time 9152 - 02:32:32) -> 17
> Trip 2
   17(time 9152 - 02:32:32)(time 9293 - 02:34:53) ->    16(time 9402 - 02:36:42)(time 9543 - 02:39:03) ->    15(time 9652 - 02:40:52)(time 9795 - 02:43:15) ->    14(time 9904 - 02:45:04)(time 10059 - 02:47:39) ->    13(time 10168 - 02:49:28)(time 10312 - 02:51:52) ->    12(time 10421 - 02:53:41)(time 10571 - 02:56:11) ->    11(time 10680 - 02:58:00)(time 10811 - 03:00:11) ->    10(time 10920 - 03:02:00)(time 11057 - 03:04:17) ->    9(time 11212 - 03:06:52)(time 11212 - 03:06:52) ->    0(time 11212 - 03:06:52)(time 11349 - 03:09:09) ->    1(time 11458 - 03:10:58)(time 11589 - 03:13:09) ->    2(time 11698 - 03:14:58)(time 11848 - 03:17:28) ->    3(time 11957 - 03:19:17)(time 12101 - 03:21:41) ->    4(time 12210 - 03:23:30)(time 12365 - 03:26:05) ->    5(time 12474 - 03:27:54)(time 12617 - 03:30:17) ->    6(time 12726 - 03:32:06)(time 12867 - 03:34:27) ->    7(time 12976 - 03:36:16)(time 13117 - 03:38:37) ->    8(time 13272 - 03:41:12)(time 13272 - 03:41:12) -> 17
> Trip 3
   17(time 13272 - 03:41:12)(time 13413 - 03:43:33) ->    16(time 13522 - 03:45:22)(time 13663 - 03:47:43) ->    15(time 13772 - 03:49:32)(time 13915 - 03:51:55) ->    14(time 14024 - 03:53:44)(time 14179 - 03:56:19) ->    13(time 14288 - 03:58:08)(time 14432 - 04:00:32) ->    12(time 14541 - 04:02:21)(time 14691 - 04:04:51) ->    11(time 14800 - 04:06:40)(time 14931 - 04:08:51) ->    10(time 15040 - 04:10:40)(time 15177 - 04:12:57) ->    9(time 15332 - 04:15:32)(time 15332 - 04:15:32) ->    0(time 15332 - 04:15:32)(time 15469 - 04:17:49) ->    1(time 15578 - 04:19:38)(time 15709 - 04:21:49) ->    2(time 15818 - 04:23:38)(time 15968 - 04:26:08) ->    3(time 16077 - 04:27:57)(time 16221 - 04:30:21) ->    4(time 16330 - 04:32:10)(time 16485 - 04:34:45) ->    5(time 16594 - 04:36:34)(time 16737 - 04:38:57) ->    6(time 16846 - 04:40:46)(time 16987 - 04:43:07) ->    7(time 17096 - 04:44:56)(time 17237 - 04:47:17) ->    8(time 17392 - 04:49:52)(time 17392 - 04:49:52) -> 17
> Trip 4
   17(time 17392 - 04:49:52)(time 17533 - 04:52:13) ->    16(time 17642 - 04:54:02)(time 17783 - 04:56:23) ->    15(time 17892 - 04:58:12)(time 18035 - 05:00:35) ->    14(time 18144 - 05:02:24)(time 18299 - 05:04:59) ->    13(time 18408 - 05:06:48)(time 18552 - 05:09:12) ->    12(time 18661 - 05:11:01)(time 18811 - 05:13:31) ->    11(time 18920 - 05:15:20)(time 19051 - 05:17:31) ->    10(time 19160 - 05:19:20)(time 19297 - 05:21:37) ->    9(time 19452 - 05:24:12)(time 19452 - 05:24:12) ->    0(time 19452 - 05:24:12)(time 19589 - 05:26:29) ->    1(time 19698 - 05:28:18)(time 19829 - 05:30:29) ->    2(time 19938 - 05:32:18)(time 20088 - 05:34:48) ->    3(time 20197 - 05:36:37)(time 20341 - 05:39:01) ->    4(time 20450 - 05:40:50)(time 20605 - 05:43:25) ->    5(time 20714 - 05:45:14)(time 20857 - 05:47:37) ->    6(time 20966 - 05:49:26)(time 21107 - 05:51:47) ->    7(time 21216 - 05:53:36)(time 21357 - 05:55:57) ->    8(time 21512 - 05:58:32)(time 21512 - 05:58:32) -> 17
> Trip 5
   17(time 21512 - 05:58:32)(time 21653 - 06:00:53) ->    16(time 21762 - 06:02:42)(time 21903 - 06:05:03) ->    15(time 22012 - 06:06:52)(time 22155 - 06:09:15) ->    14(time 22264 - 06:11:04)(time 22419 - 06:13:39) ->    13(time 22528 - 06:15:28)(time 22672 - 06:17:52) ->    12(time 22781 - 06:19:41)(time 22931 - 06:22:11) ->    11(time 23040 - 06:24:00)(time 23171 - 06:26:11) ->    10(time 23280 - 06:28:00)(time 23417 - 06:30:17) ->    9(time 23572 - 06:32:52)(time 23572 - 06:32:52) ->    0(time 23572 - 06:32:52)(time 23709 - 06:35:09) ->    1(time 23818 - 06:36:58)(time 23949 - 06:39:09) ->    2(time 24058 - 06:40:58)(time 24208 - 06:43:28) ->    3(time 24317 - 06:45:17)(time 24461 - 06:47:41) ->    4(time 24570 - 06:49:30)(time 24725 - 06:52:05) ->    5(time 24834 - 06:53:54)(time 24977 - 06:56:17) ->    6(time 25086 - 06:58:06)(time 25227 - 07:00:27) ->    7(time 25336 - 07:02:16)(time 25477 - 07:04:37) ->    8(time 25632 - 07:07:12)(time 25632 - 07:07:12) -> 17
> Trip 6
   17(time 25632 - 07:07:12)(time 25773 - 07:09:33) ->    16(time 25882 - 07:11:22)(time 26023 - 07:13:43) ->    15(time 26132 - 07:15:32)(time 26275 - 07:17:55) ->    14(time 26384 - 07:19:44)(time 26539 - 07:22:19) ->    13(time 26648 - 07:24:08)(time 26792 - 07:26:32) ->    12(time 26901 - 07:28:21)(time 27051 - 07:30:51) ->    11(time 27160 - 07:32:40)(time 27291 - 07:34:51) ->    10(time 27400 - 07:36:40)(time 27537 - 07:38:57) ->    9(time 27692 - 07:41:32)(time 27692 - 07:41:32) ->    0(time 27692 - 07:41:32)(time 27829 - 07:43:49) ->    1(time 27938 - 07:45:38)(time 28069 - 07:47:49) ->    2(time 28178 - 07:49:38)(time 28328 - 07:52:08) ->    3(time 28437 - 07:53:57)(time 28581 - 07:56:21) ->    4(time 28690 - 07:58:10)(time 28845 - 08:00:45) ->    5(time 28954 - 08:02:34)(time 29097 - 08:04:57) ->    6(time 29206 - 08:06:46)(time 29347 - 08:09:07) ->    7(time 29456 - 08:10:56)(time 29597 - 08:13:17) ->    8(time 29752 - 08:15:52)(time 29752 - 08:15:52) -> 17
> Trip 7
   17(time 29752 - 08:15:52)(time 29893 - 08:18:13) ->    16(time 30002 - 08:20:02)(time 30143 - 08:22:23) ->    15(time 30252 - 08:24:12)(time 30395 - 08:26:35) ->    14(time 30504 - 08:28:24)(time 30659 - 08:30:59) ->    13(time 30768 - 08:32:48)(time 30912 - 08:35:12) ->    12(time 31021 - 08:37:01)(time 31171 - 08:39:31) ->    11(time 31280 - 08:41:20)(time 31411 - 08:43:31) ->    10(time 31520 - 08:45:20)(time 31657 - 08:47:37) ->    9(time 31812 - 08:50:12)(time 31812 - 08:50:12) ->    0(time 31812 - 08:50:12)(time 31949 - 08:52:29) ->    1(time 32058 - 08:54:18)(time 32189 - 08:56:29) ->    2(time 32298 - 08:58:18)(time 32448 - 09:00:48) ->    3(time 32557 - 09:02:37)(time 32701 - 09:05:01) ->    4(time 32810 - 09:06:50)(time 32965 - 09:09:25) ->    5(time 33074 - 09:11:14)(time 33217 - 09:13:37) ->    6(time 33326 - 09:15:26)(time 33467 - 09:17:47) ->    7(time 33576 - 09:19:36)(time 33717 - 09:21:57) ->    8(time 33872 - 09:24:32)(time 33872 - 09:24:32) -> 17
> Trip 8
   17(time 33872 - 09:24:32)(time 34013 - 09:26:53) ->    16(time 34122 - 09:28:42)(time 34263 - 09:31:03) ->    15(time 34372 - 09:32:52)(time 34515 - 09:35:15) ->    14(time 34624 - 09:37:04)(time 34779 - 09:39:39) ->    13(time 34888 - 09:41:28)(time 35032 - 09:43:52) ->    12(time 35141 - 09:45:41)(time 35291 - 09:48:11) ->    11(time 35400 - 09:50:00)(time 35531 - 09:52:11) ->    10(time 35640 - 09:54:00)(time 35777 - 09:56:17) ->    9(time 35932 - 09:58:52)(time 35932 - 09:58:52) ->    0(time 35932 - 09:58:52)(time 36069 - 10:01:09) ->    1(time 36178 - 10:02:58)(time 36309 - 10:05:09) ->    2(time 36418 - 10:06:58)(time 36568 - 10:09:28) ->    3(time 36677 - 10:11:17)(time 36821 - 10:13:41) ->    4(time 36930 - 10:15:30)(time 37085 - 10:18:05) ->    5(time 37194 - 10:19:54)(time 37337 - 10:22:17) ->    6(time 37446 - 10:24:06)(time 37587 - 10:26:27) ->    7(time 37696 - 10:28:16)(time 37837 - 10:30:37) ->    8(time 37992 - 10:33:12)(time 37992 - 10:33:12) -> 17
> Trip 9
   17(time 37992 - 10:33:12)(time 38133 - 10:35:33) ->    16(time 38242 - 10:37:22)(time 38383 - 10:39:43) ->    15(time 38492 - 10:41:32)(time 38635 - 10:43:55) ->    14(time 38744 - 10:45:44)(time 38899 - 10:48:19) ->    13(time 39008 - 10:50:08)(time 39152 - 10:52:32) ->    12(time 39261 - 10:54:21)(time 39411 - 10:56:51) ->    11(time 39520 - 10:58:40)(time 39651 - 11:00:51) ->    10(time 39760 - 11:02:40)(time 39897 - 11:04:57) ->    9(time 40052 - 11:07:32)(time 40052 - 11:07:32) ->    0(time 40052 - 11:07:32)(time 40189 - 11:09:49) ->    1(time 40298 - 11:11:38)(time 40429 - 11:13:49) ->    2(time 40538 - 11:15:38)(time 40688 - 11:18:08) ->    3(time 40797 - 11:19:57)(time 40941 - 11:22:21) ->    4(time 41050 - 11:24:10)(time 41205 - 11:26:45) ->    5(time 41314 - 11:28:34)(time 41457 - 11:30:57) ->    6(time 41566 - 11:32:46)(time 41707 - 11:35:07) ->    7(time 41816 - 11:36:56)(time 41957 - 11:39:17) ->    8(time 42112 - 11:41:52)(time 42112 - 11:41:52) -> 17
=============
Train 1
=============
> Trip 0
   17(time 757 - 00:12:37)(time 898 - 00:14:58) ->    16(time 1007 - 00:16:47)(time 1148 - 00:19:08) ->    15(time 1257 - 00:20:57)(time 1400 - 00:23:20) ->    14(time 1509 - 00:25:09)(time 1664 - 00:27:44) ->    13(time 1773 - 00:29:33)(time 1917 - 00:31:57) ->    12(time 2026 - 00:33:46)(time 2176 - 00:36:16) ->    11(time 2285 - 00:38:05)(time 2416 - 00:40:16) ->    10(time 2525 - 00:42:05)(time 2662 - 00:44:22) ->    9(time 2817 - 00:46:57)(time 2817 - 00:46:57) ->    0(time 2817 - 00:46:57)(time 2954 - 00:49:14) ->    1(time 3063 - 00:51:03)(time 3194 - 00:53:14) ->    2(time 3303 - 00:55:03)(time 3453 - 00:57:33) ->    3(time 3562 - 00:59:22)(time 3706 - 01:01:46) ->    4(time 3815 - 01:03:35)(time 3970 - 01:06:10) ->    5(time 4079 - 01:07:59)(time 4222 - 01:10:22) ->    6(time 4331 - 01:12:11)(time 4472 - 01:14:32) ->    7(time 4581 - 01:16:21)(time 4722 - 01:18:42) ->    8(time 4877 - 01:21:17)(time 4877 - 01:21:17) -> 17
> Trip 1
   17(time 4877 - 01:21:17)(time 5018 - 01:23:38) ->    16(time 5127 - 01:25:27)(time 5268 - 01:27:48) ->    15(time 5377 - 01:29:37)(time 5520 - 01:32:00) ->    14(time 5629 - 01:33:49)(time 5784 - 01:36:24) ->    13(time 5893 - 01:38:13)(time 6037 - 01:40:37) ->    12(time 6146 - 01:42:26)(time 6296 - 01:44:56) ->    11(time 6405 - 01:46:45)(time 6536 - 01:48:56) ->    10(time 6645 - 01:50:45)(time 6782 - 01:53:02) ->    9(time 6937 - 01:55:37)(time 6937 - 01:55:37) ->    0(time 6937 - 01:55:37)(time 7074 - 01:57:54) ->    1(time 7183 - 01:59:43)(time 7314 - 02:01:54) ->    2(time 7423 - 02:03:43)(time 7573 - 02:06:13) ->    3(time 7682 - 02:08:02)(time 7826 - 02:10:26) ->    4(time 7935 - 02:12:15)(time 8090 - 02:14:50) ->    5(time 8199 - 02:16:39)(time 8342 - 02:19:02) ->    6(time 8451 - 02:20:51)(time 8592 - 02:23:12) ->    7(time 8701 - 02:25:01)(time 8842 - 02:27:22) ->    8(time 8997 - 02:29:57)(time 8997 - 02:29:57) -> 17
> Trip 2
   17(time 8997 - 02:29:57)(time 9138 - 02:32:18) ->    16(time 9247 - 02:34:07)(time 9388 - 02:36:28) ->    15(time 9497 - 02:38:17)(time 9640 - 02:40:40) ->    14(time 9749 - 02:42:29)(time 9904 - 02:45:04) ->    13(time 10013 - 02:46:53)(time 10157 - 02:49:17) ->    12(time 10266 - 02:51:06)(time 10416 - 02:53:36) ->    11(time 10525 - 02:55:25)(time 10656 - 02:57:36) ->    10(time 10765 - 02:59:25)(time 10902 - 03:01:42) ->    9(time 11057 - 03:04:17)(time 11057 - 03:04:17) ->    0(time 11057 - 03:04:17)(time 11194 - 03:06:34) ->    1(time 11303 - 03:08:23)(time 11434 - 03:10:34) ->    2(time 11543 - 03:12:23)(time 11693 - 03:14:53) ->    3(time 11802 - 03:16:42)(time 11946 - 03:19:06) ->    4(time 12055 - 03:20:55)(time 12210 - 03:23:30) ->    5(time 12319 - 03:25:19)(time 12462 - 03:27:42) ->    6(time 12571 - 03:29:31)(time 12712 - 03:31:52) ->    7(time 12821 - 03:33:41)(time 12962 - 03:36:02) ->    8(time 13117 - 03:38:37)(time 13117 - 03:38:37) -> 17
> Trip 3
   17(time 13117 - 03:38:37)(time 13258 - 03:40:58) ->    16(time 13367 - 03:42:47)(time 13508 - 03:45:08) ->    15(time 13617 - 03:46:57)(time 13760 - 03:49:20) ->    14(time 13869 - 03:51:09)(time 14024 - 03:53:44) ->    13(time 14133 - 03:55:33)(time 14277 - 03:57:57) ->    12(time 14386 - 03:59:46)(time 14536 - 04:02:16) ->    11(time 14645 - 04:04:05)(time 14776 - 04:06:16) ->    10(time 14885 - 04:08:05)(time 15022 - 04:10:22) ->    9(time 15177 - 04:12:57)(time 15177 - 04:12:57) ->    0(time 15177 - 04:12:57)(time 15314 - 04:15:14) ->    1(time 15423 - 04:17:03)(time 15554 - 04:19:14) ->    2(time 15663 - 04:21:03)(time 15813 - 04:23:33) ->    3(time 15922 - 04:25:22)(time 16066 - 04:27:46) ->    4(time 16175 - 04:29:35)(time 16330 - 04:32:10) ->    5(time 16439 - 04:33:59)(time 16582 - 04:36:22) ->    6(time 16691 - 04:38:11)(time 16832 - 04:40:32) ->    7(time 16941 - 04:42:21)(time 17082 - 04:44:42) ->    8(time 17237 - 04:47:17)(time 17237 - 04:47:17) -> 17
> Trip 4
   17(time 17237 - 04:47:17)(time 17378 - 04:49:38) ->    16(time 17487 - 04:51:27)(time 17628 - 04:53:48) ->    15(time 17737 - 04:55:37)(time 17880 - 04:58:00) ->    14(time 17989 - 04:59:49)(time 18144 - 05:02:24) ->    13(time 18253 - 05:04:13)(time 18397 - 05:06:37) ->    12(time 18506 - 05:08:26)(time 18656 - 05:10:56) ->    11(time 18765 - 05:12:45)(time 18896 - 05:14:56) ->    10(time 19005 - 05:16:45)(time 19142 - 05:19:02) ->    9(time 19297 - 05:21:37)(time 19297 - 05:21:37) ->    0(time 19297 - 05:21:37)(time 19434 - 05:23:54) ->    1(time 19543 - 05:25:43)(time 19674 - 05:27:54) ->    2(time 19783 - 05:29:43)(time 19933 - 05:32:13) ->    3(time 20042 - 05:34:02)(time 20186 - 05:36:26) ->    4(time 20295 - 05:38:15)(time 20450 - 05:40:50) ->    5(time 20559 - 05:42:39)(time 20702 - 05:45:02) ->    6(time 20811 - 05:46:51)(time 20952 - 05:49:12) ->    7(time 21061 - 05:51:01)(time 21202 - 05:53:22) ->    8(time 21357 - 05:55:57)(time 21357 - 05:55:57) -> 17
> Trip 5
   17(time 21357 - 05:55:57)(time 21498 - 05:58:18) ->    16(time 21607 - 06:00:07)(time 21748 - 06:02:28) ->    15(time 21857 - 06:04:17)(time 22000 - 06:06:40) ->    14(time 22109 - 06:08:29)(time 22264 - 06:11:04) ->    13(time 22373 - 06:12:53)(time 22517 - 06:15:17) ->    12(time 22626 - 06:17:06)(time 22776 - 06:19:36) ->    11(time 22885 - 06:21:25)(time 23016 - 06:23:36) ->    10(time 23125 - 06:25:25)(time 23262 - 06:27:42) ->    9(time 23417 - 06:30:17)(time 23417 - 06:30:17) ->    0(time 23417 - 06:30:17)(time 23554 - 06:32:34) ->    1(time 23663 - 06:34:23)(time 23794 - 06:36:34) ->    2(time 23903 - 06:38:23)(time 24053 - 06:40:53) ->    3(time 24162 - 06:42:42)(time 24306 - 06:45:06) ->    4(time 24415 - 06:46:55)(time 24570 - 06:49:30) ->    5(time 24679 - 06:51:19)(time 24822 - 06:53:42) ->    6(time 24931 - 06:55:31)(time 25072 - 06:57:52) ->    7(time 25181 - 06:59:41)(time 25322 - 07:02:02) ->    8(time 25477 - 07:04:37)(time 25477 - 07:04:37) -> 17
> Trip 6
   17(time 25477 - 07:04:37)(time 25618 - 07:06:58) ->    16(time 25727 - 07:08:47)(time 25868 - 07:11:08) ->    15(time 25977 - 07:12:57)(time 26120 - 07:15:20) ->    14(time 26229 - 07:17:09)(time 26384 - 07:19:44) ->    13(time 26493 - 07:21:33)(time 26637 - 07:23:57) ->    12(time 26746 - 07:25:46)(time 26896 - 07:28:16) ->    11(time 27005 - 07:30:05)(time 27136 - 07:32:16) ->    10(time 27245 - 07:34:05)(time 27382 - 07:36:22) ->    9(time 27537 - 07:38:57)(time 27537 - 07:38:57) ->    0(time 27537 - 07:38:57)(time 27674 - 07:41:14) ->    1(time 27783 - 07:43:03)(time 27914 - 07:45:14) ->    2(time 28023 - 07:47:03)(time 28173 - 07:49:33) ->    3(time 28282 - 07:51:22)(time 28426 - 07:53:46) ->    4(time 28535 - 07:55:35)(time 28690 - 07:58:10) ->    5(time 28799 - 07:59:59)(time 28942 - 08:02:22) ->    6(time 29051 - 08:04:11)(time 29192 - 08:06:32) ->    7(time 29301 - 08:08:21)(time 29442 - 08:10:42) ->    8(time 29597 - 08:13:17)(time 29597 - 08:13:17) -> 17
> Trip 7
   17(time 29597 - 08:13:17)(time 29738 - 08:15:38) ->    16(time 29847 - 08:17:27)(time 29988 - 08:19:48) ->    15(time 30097 - 08:21:37)(time 30240 - 08:24:00) ->    14(time 30349 - 08:25:49)(time 30504 - 08:28:24) ->    13(time 30613 - 08:30:13)(time 30757 - 08:32:37) ->    12(time 30866 - 08:34:26)(time 31016 - 08:36:56) ->    11(time 31125 - 08:38:45)(time 31256 - 08:40:56) ->    10(time 31365 - 08:42:45)(time 31502 - 08:45:02) ->    9(time 31657 - 08:47:37)(time 31657 - 08:47:37) ->    0(time 31657 - 08:47:37)(time 31794 - 08:49:54) ->    1(time 31903 - 08:51:43)(time 32034 - 08:53:54) ->    2(time 32143 - 08:55:43)(time 32293 - 08:58:13) ->    3(time 32402 - 09:00:02)(time 32546 - 09:02:26) ->    4(time 32655 - 09:04:15)(time 32810 - 09:06:50) ->    5(time 32919 - 09:08:39)(time 33062 - 09:11:02) ->    6(time 33171 - 09:12:51)(time 33312 - 09:15:12) ->    7(time 33421 - 09:17:01)(time 33562 - 09:19:22) ->    8(time 33717 - 09:21:57)(time 33717 - 09:21:57) -> 17
> Trip 8
   17(time 33717 - 09:21:57)(time 33858 - 09:24:18) ->    16(time 33967 - 09:26:07)(time 34108 - 09:28:28) ->    15(time 34217 - 09:30:17)(time 34360 - 09:32:40) ->    14(time 34469 - 09:34:29)(time 34624 - 09:37:04) ->    13(time 34733 - 09:38:53)(time 34877 - 09:41:17) ->    12(time 34986 - 09:43:06)(time 35136 - 09:45:36) ->    11(time 35245 - 09:47:25)(time 35376 - 09:49:36) ->    10(time 35485 - 09:51:25)(time 35622 - 09:53:42) ->    9(time 35777 - 09:56:17)(time 35777 - 09:56:17) ->    0(time 35777 - 09:56:17)(time 35914 - 09:58:34) ->    1(time 36023 - 10:00:23)(time 36154 - 10:02:34) ->    2(time 36263 - 10:04:23)(time 36413 - 10:06:53) ->    3(time 36522 - 10:08:42)(time 36666 - 10:11:06) ->    4(time 36775 - 10:12:55)(time 36930 - 10:15:30) ->    5(time 37039 - 10:17:19)(time 37182 - 10:19:42) ->    6(time 37291 - 10:21:31)(time 37432 - 10:23:52) ->    7(time 37541 - 10:25:41)(time 37682 - 10:28:02) ->    8(time 37837 - 10:30:37)(time 37837 - 10:30:37) -> 17
> Trip 9
   17(time 37837 - 10:30:37)(time 37978 - 10:32:58) ->    16(time 38087 - 10:34:47)(time 38228 - 10:37:08) ->    15(time 38337 - 10:38:57)(time 38480 - 10:41:20) ->    14(time 38589 - 10:43:09)(time 38744 - 10:45:44) ->    13(time 38853 - 10:47:33)(time 38997 - 10:49:57) ->    12(time 39106 - 10:51:46)(time 39256 - 10:54:16) ->    11(time 39365 - 10:56:05)(time 39496 - 10:58:16) ->    10(time 39605 - 11:00:05)(time 39742 - 11:02:22) ->    9(time 39897 - 11:04:57)(time 39897 - 11:04:57) ->    0(time 39897 - 11:04:57)(time 40034 - 11:07:14) ->    1(time 40143 - 11:09:03)(time 40274 - 11:11:14) ->    2(time 40383 - 11:13:03)(time 40533 - 11:15:33) ->    3(time 40642 - 11:17:22)(time 40786 - 11:19:46) ->    4(time 40895 - 11:21:35)(time 41050 - 11:24:10) ->    5(time 41159 - 11:25:59)(time 41302 - 11:28:22) ->    6(time 41411 - 11:30:11)(time 41552 - 11:32:32) ->    7(time 41661 - 11:34:21)(time 41802 - 11:36:42) ->    8(time 41957 - 11:39:17)(time 41957 - 11:39:17) -> 17
----- t3p10r6h3.txt-model.log -----
     14    10    infeasible          45061.0000    19713.9810   172158   56.25%
     17    11    21361.1206  1141    45061.0000    20332.1212   177293   54.88%
     19    13    30773.0000  1008    45061.0000    20332.1212   179836   54.88%
     29    20    28612.0255   956    45061.0000    20332.1212   184171   54.88%
Elapsed time = 247.27 sec. (133205.51 ticks, tree = 1.49 MB, solutions = 2)
     35    22    21762.6859  1146    45061.0000    21762.6859   187670   51.70%
     46    28    30773.0000   711    45061.0000    21762.6859   192076   51.70%
     50    30    30773.0000   673    45061.0000    21762.6859   198271   51.70%
     62    38    33271.0000   988    45061.0000    25708.4457   208208   42.95%
     80    51    30773.0000   955    45061.0000    27688.0000   215652   38.55%
     99    60    30773.0000   978    45061.0000    27688.0000   226125   38.55%
    106    55        cutoff          45061.0000    27688.0000   235513   38.55%
    111    50    infeasible          45061.0000    27688.0000   243037   38.55%
    114    49    30505.0000  1022    45061.0000    30505.0000   249906   32.30%
    115    50    30505.0000  1045    45061.0000    30505.0000   250674   32.30%
Elapsed time = 257.69 sec. (143760.38 ticks, tree = 2.76 MB, solutions = 2)
    116    51    30505.0000  1011    45061.0000    30505.0000   251371   32.30%
    118    53    33271.0000   846    45061.0000    30505.0000   253424   32.30%
*   180+   76                        40584.0000    30505.0000            24.83%
    191    78    30505.0000  1041    40584.0000    30505.0000   260663   24.83%
*   226    74      integral     0    40411.0000    30505.0000   264258   24.51%
    232    76    30773.0000   945    40411.0000    30505.0000   267965   24.51%
    258    95        cutoff          40411.0000    30505.0000   275438   24.51%
    275   103    30505.0000  1037    40411.0000    30505.0000   282671   24.51%
    285    99    infeasible          40411.0000    30773.0000   290013   23.85%
    287    99        cutoff          40411.0000    30773.0000   296429   23.85%
    292    98    39581.0000   556    40411.0000    30773.0000   304649   23.85%
    298    94    infeasible          40411.0000    30773.0000   318255   23.85%
Elapsed time = 268.96 sec. (155807.85 ticks, tree = 2.25 MB, solutions = 4)
    303    91    40238.0000   463    40411.0000    30773.0000   334310   23.85%
    322    99    39919.0000   672    40411.0000    30773.0000   346012   23.85%
*   326+   87                        40243.0000    30773.0000            23.53%
    326    89    37083.0000   458    40243.0000    30773.0000   354413   23.53%
    355   100    33928.0000   514    40243.0000    30773.0000   360121   23.53%
    360   101    infeasible          40243.0000    30773.0000   370569   23.53%
    376   109    37083.0000   341    40243.0000    30773.0000   380156   23.53%
    437   138    36764.0000   386    40243.0000    30773.0000   386898   23.53%
    448   135        cutoff          40243.0000    30773.0000   399837   23.53%
    454   134        cutoff          40243.0000    30773.0000   409248   23.53%
    459   133    40238.0000   772    40243.0000    30773.0000   427071   23.53%
Elapsed time = 281.94 sec. (169623.45 ticks, tree = 1.16 MB, solutions = 5)
    478   143    30773.0000  1042    40243.0000    30773.0000   438783   23.53%
    491   145        cutoff          40243.0000    30773.0000   451370   23.53%
    492   146    40238.0000   432    40243.0000    30773.0000   462407   23.53%
    497   150    40238.0000   468    40243.0000    30773.0000   474665   23.53%
    500   153    40238.0000   265    40243.0000    30773.0000   484852   23.53%
    559   195    30773.0000  1479    40243.0000    30773.0000   496761   23.53%
    561   197    30773.0000   954    40243.0000    30773.0000   506840   23.53%
    562   198    40238.0000   490    40243.0000    30773.0000   519058   23.53%
    566   200    40238.0000   427    40243.0000    30773.0000   528101   23.53%
    575   203        cutoff          40243.0000    30773.0000   539006   23.53%
Elapsed time = 296.67 sec. (184929.99 ticks, tree = 1.40 MB, solutions = 5)
    577   203        cutoff          40243.0000    30773.0000   546660   23.53%
    583   206    40238.0000   556    40243.0000    30773.0000   556629   23.53%
    588   208    30773.0000   791    40243.0000    30773.0000   572537   23.53%
    589   209    40238.0000   605    40243.0000    30773.0000   578564   23.53%
    611   222    infeasible          40243.0000    30773.0000   589955   23.53%
    612   223    30773.0000  1153    40243.0000    30773.0000   597639   23.53%
    619   226    40238.0000   863    40243.0000    30773.0000   606928   23.53%
    631   237    40238.0000   335    40243.0000    30773.0000   614336   23.53%
    647   244    30773.0000  1085    40243.0000    30773.0000   621154   23.53%
    651   244        cutoff          40243.0000    30773.0000   630463   23.53%
Elapsed time = 308.36 sec. (197921.63 ticks, tree = 1.56 MB, solutions = 5)
    663   245    40238.0000   871    40243.0000    30773.0000   641678   23.53%
    669   249    40238.0000   244    40243.0000    30773.0000   648890   23.53%
    698   260    30773.0000  1180    40243.0000    30773.0000   655116   23.53%
    729   270    37083.0000   369    40243.0000    30777.9069   665292   23.52%
    760   261    infeasible          40243.0000    30777.9069   675577   23.52%
    800   258    39365.0000    40    40243.0000    33271.0000   682251   17.32%
    814   256    37083.0000   375    40243.0000    33271.0000   693866   17.32%
    840   271    33271.0000  1086    40243.0000    33271.0000   701165   17.32%
    847   270    33271.0000  1200    40243.0000    33271.0000   713292   17.32%
    858   278    33271.0000   589    40243.0000    33271.0000   722897   17.32%
Elapsed time = 318.82 sec. (208832.27 ticks, tree = 1.80 MB, solutions = 5)
    863   275    33271.0000   924    40243.0000    33271.0000   736690   17.32%
    880   286    33271.0000   992    40243.0000    33271.0000   745406   17.32%
    894   284    33271.0000  1093    40243.0000    33271.0000   756266   17.32%
    905   277    infeasible          40243.0000    33271.0000   768441   17.32%
    908   276    33271.0000  1084    40243.0000    33271.0000   776092   17.32%
    915   275    33271.0000  1031    40243.0000    33271.0000   784165   17.32%
    926   272    33271.0000   771    40243.0000    33271.0000   790446   17.32%
    975   292    33271.0000   936    40243.0000    33271.0000   797513   17.32%
    983   296    33271.0000   541    40243.0000    33271.0000   806207   17.32%
    992   289    infeasible          40243.0000    33271.0000   816337   17.32%
Elapsed time = 329.54 sec. (219984.70 ticks, tree = 1.89 MB, solutions = 5)
    995   291    37083.0000   301    40243.0000    33271.0000   822260   17.32%
   1017   291    33271.0000  1186    40243.0000    33271.0000   833608   17.32%
   1027   289    infeasible          40243.0000    33528.4291   844220   16.69%
   1061   308    33609.0000  1124    40243.0000    33609.0000   853441   16.48%
   1101   326    37083.0000   166    40243.0000    33609.0000   861330   16.48%
*  1143   189      integral     0    40238.0000    33609.0000   864390   16.47%
   1148   192    37083.0000   359    40238.0000    33609.0000   871140   16.47%
   1172   197    35962.6291   406    40238.0000    33609.0000   881584   16.47%
*  1243+  179                        37785.0000    33609.0000            11.05%
*  1243+  172                        37612.0000    33609.0000            10.64%
   1243   174    37256.0000    76    37612.0000    33609.0000   885303   10.64%
   1259   175    33609.0000  1223    37612.0000    33609.0000   894088   10.64%
Elapsed time = 340.14 sec. (231318.67 ticks, tree = 1.08 MB, solutions = 8)
   1267   173    infeasible          37612.0000    33928.0000   903070    9.79%
   1269   173    34106.0000   344    37612.0000    33928.0000   911327    9.79%
   1294   167    37083.0000   429    37612.0000    36074.0000   922216    4.09%
   1300   163    36764.0000  1001    37612.0000    36764.0000   928389    2.25%
   1351   177    37439.0000    58    37612.0000    36764.0000   937355    2.25%
   1384   182    36764.0000   706    37612.0000    36764.0000   946915    2.25%
   1407   187        cutoff          37612.0000    36764.0000   955216    2.25%
   1436   189    36764.0000   963    37612.0000    36764.0000   963954    2.25%
   1472   206    37083.0000   266    37612.0000    36764.0000   968745    2.25%

Performing restart 1

Repeating presolve.
Tried aggregator 1 time.
MIP Presolve modified 5049 coefficients.
Reduced MIP has 16281 rows, 4138 columns, and 43728 nonzeros.
Reduced MIP has 3750 binaries, 0 generals, 0 SOSs, and 0 indicators.
Presolve time = 0.06 sec. (60.38 ticks)
Tried aggregator 1 time.
MIP Presolve modified 12078 coefficients.
Reduced MIP has 16281 rows, 4138 columns, and 43728 nonzeros.
Reduced MIP has 3750 binaries, 0 generals, 0 SOSs, and 0 indicators.
Presolve time = 0.08 sec. (88.54 ticks)
Represolve time = 0.46 sec. (474.87 ticks)
   1566     0    30773.0000  1244    37612.0000    Cuts: 2123   982499    2.25%
   1566     0    30773.0000  1259    37612.0000    Cuts: 2859   986062    2.25%
   1566     0    30773.0000  1053    37612.0000    Cuts: 1154   988497    2.25%
   1566     0    30773.0000  1198    37612.0000    Cuts: 1793   992427    2.25%
   1566     0    30773.0000  1236    37612.0000    Cuts: 1270   996173    2.25%
   1566     0    30773.0000  1052    37612.0000     Cuts: 332   998520    2.25%
   1566     0    30773.0000  1204    37612.0000    Cuts: 1524  1001949    2.25%
   1566     2    30773.0000   762    37612.0000    36764.0000  1001949    2.25%
Elapsed time = 379.07 sec. (275377.82 ticks, tree = 0.01 MB, solutions = 8)
   1568     3    30780.9900   774    37612.0000    36764.0000  1017983    2.25%
   1572     5    30948.0000   590    37612.0000    36764.0000  1029591    2.25%
   1575     4    30774.5135   674    37612.0000    36764.0000  1038615    2.25%
   1578     6    30868.2419   582    37612.0000    36764.0000  1045160    2.25%
   1582     6    30889.6667   697    37612.0000    36764.0000  1054921    2.25%
   1589    11    30948.0000   592    37612.0000    36764.0000  1057550    2.25%
   1595    10    30868.2419   564    37612.0000    36764.0000  1060110    2.25%
   1602     9    36764.0000   484    37612.0000    36764.0000  1064726    2.25%
   1609     8    36746.0000   465    37612.0000    36764.0000  1068694    2.25%
   1615     6    33609.0000   574    37612.0000    36764.0000  1072710    2.25%
Elapsed time = 417.86 sec. (325537.29 ticks, tree = 0.27 MB, solutions = 8)
   1625     2    36764.0000   687    37612.0000    36764.0000  1078802    2.25%
   1632     1    infeasible          37612.0000    37083.0000  1083112    1.41%

GUB cover cuts applied:  22
Clique cuts applied:  64
Cover cuts applied:  23
Implied bound cuts applied:  100
Flow cuts applied:  17
Mixed integer rounding cuts applied:  52
Zero-half cuts applied:  6
Gomory fractional cuts applied:  2

Root node processing (before b&c):
  Real time             =  239.28 sec. (124652.54 ticks)
Sequential b&c:
  Real time             =  187.02 sec. (210296.59 ticks)
                          ------------
Total (root+branch&cut) =  426.30 sec. (334949.13 ticks)
Optimal

>> Printing some results...
    -> Solution value = 37612 - 10:26:52
    -> Total time = 426.30
    -> Gap value = 0.00

=============
Train 0
=============
> Trip 0
   4(time 0 - 00:00:00)(time 220 - 00:03:40) ->    5(time 322 - 00:05:22)(time 571 - 00:09:31) ->    6(time 673 - 00:11:13)(time 893 - 00:14:53) ->    7(time 995 - 00:16:35)(time 1243 - 00:20:43) ->    8(time 1345 - 00:22:25)(time 1580 - 00:26:20) -> 9
> Trip 1
   19(time 9485 - 02:38:05)(time 9720 - 02:42:00) ->    18(time 10143 - 02:49:03)(time 10391 - 02:53:11) ->    17(time 10814 - 03:00:14)(time 11034 - 03:03:54) ->    16(time 11457 - 03:10:57)(time 11706 - 03:15:06) ->    15(time 12129 - 03:22:09)(time 12349 - 03:25:49) ->    14(time 12772 - 03:32:52)(time 12998 - 03:36:38) ->    13(time 13421 - 03:43:41)(time 13665 - 03:47:45) ->    12(time 14088 - 03:54:48)(time 14324 - 03:58:44) ->    11(time 14747 - 04:05:47)(time 14964 - 04:09:24) ->    10(time 15387 - 04:16:27)(time 15387 - 04:16:27) ->    0(time 15723 - 04:22:03)(time 15940 - 04:25:40) ->    1(time 16363 - 04:32:43)(time 16599 - 04:36:39) ->    2(time 16772 - 04:39:32)(time 17016 - 04:43:36) ->    3(time 17118 - 04:45:18)(time 17344 - 04:49:04) ->    4(time 17517 - 04:51:57)(time 17737 - 04:55:37) ->    5(time 17839 - 04:57:19)(time 18088 - 05:01:28) ->    6(time 18190 - 05:03:10)(time 18410 - 05:06:50) ->    7(time 18512 - 05:08:32)(time 18760 - 05:12:40) ->    8(time 18862 - 05:14:22)(time 19097 - 05:18:17) ->    9(time 19520 - 05:25:20)(time 19520 - 05:25:20) -> 19
> Trip 2
   19(time 24462 - 06:47:42)(time 24697 - 06:51:37) ->    18(time 24799 - 06:53:19)(time 25047 - 06:57:27) ->    17(time 25149 - 06:59:09)(time 25369 - 07:02:49) ->    16(time 25471 - 07:04:31)(time 25720 - 07:08:40) ->    15(time 25822 - 07:10:22)(time 26042 - 07:14:02) ->    14(time 26215 - 07:16:55)(time 26441 - 07:20:41) ->    13(time 26543 - 07:22:23)(time 26787 - 07:26:27) ->    12(time 26889 - 07:28:09)(time 27125 - 07:32:05) ->    11(time 27227 - 07:33:47)(time 27444 - 07:37:24) ->    10(time 27617 - 07:40:17)(time 27617 - 07:40:17) ->    0(time 27617 - 07:40:17)(time 27834 - 07:43:54) ->    1(time 27936 - 07:45:36)(time 28172 - 07:49:32) ->    2(time 28274 - 07:51:14)(time 28518 - 07:55:18) ->    3(time 28620 - 07:57:00)(time 28846 - 08:00:46) ->    4(time 29019 - 08:03:39)(time 29239 - 08:07:19) ->    5(time 29341 - 08:09:01)(time 29590 - 08:13:10) ->    6(time 29692 - 08:14:52)(time 29912 - 08:18:32) ->    7(time 30014 - 08:20:14)(time 30262 - 08:24:22) ->    8(time 30364 - 08:26:04)(time 30599 - 08:29:59) ->    9(time 30772 - 08:32:52)(time 30772 - 08:32:52) -> 19
> Trip 3
   19(time 30773 - 08:32:53)(time 31008 - 08:36:48) ->    18(time 31110 - 08:38:30)(time 31358 - 08:42:38) ->    17(time 31460 - 08:44:20)(time 31680 - 08:48:00) ->    16(time 31782 - 08:49:42)(time 32031 - 08:53:51) ->    15(time 32133 - 08:55:33)(time 32353 - 08:59:13) ->    14(time 32526 - 09:02:06)(time 32752 - 09:05:52) ->    13(time 33133 - 09:12:13)(time 33377 - 09:16:17) ->    12(time 33479 - 09:17:59)(time 33715 - 09:21:55) ->    11(time 33817 - 09:23:37)(time 34034 - 09:27:14) ->    10(time 34457 - 09:34:17)(time 34457 - 09:34:17) ->    0(time 34457 - 09:34:17)(time 34674 - 09:37:54) ->    1(time 34776 - 09:39:36)(time 35012 - 09:43:32) ->    2(time 35114 - 09:45:14)(time 35358 - 09:49:18) ->    3(time 35460 - 09:51:00)(time 35686 - 09:54:46) ->    4(time 35859 - 09:57:39)(time 36079 - 10:01:19) ->    5(time 36181 - 10:03:01)(time 36430 - 10:07:10) ->    6(time 36532 - 10:08:52)(time 36752 - 10:12:32) ->    7(time 36854 - 10:14:14)(time 37102 - 10:18:22) ->    8(time 37204 - 10:20:04)(time 37439 - 10:23:59) ->    9(time 37612 - 10:26:52)(time 37612 - 10:26:52) -> 19
=============
Train 1
=============
> Trip 0
   14(time 102 - 00:01:42)(time 328 - 00:05:28) ->    13(time 430 - 00:07:10)(time 674 - 00:11:14) ->    12(time 776 - 00:12:56)(time 1012 - 00:16:52) ->    11(time 1114 - 00:18:34)(time 1331 - 00:22:11) -> 10
> Trip 1
   0(time 1331 - 00:22:11)(time 1548 - 00:25:48) ->    1(time 1650 - 00:27:30)(time 1886 - 00:31:26) ->    2(time 1988 - 00:33:08)(time 2232 - 00:37:12) ->    3(time 2334 - 00:38:54)(time 2560 - 00:42:40) ->    4(time 2733 - 00:45:33)(time 2953 - 00:49:13) ->    5(time 3055 - 00:50:55)(time 3304 - 00:55:04) ->    6(time 3406 - 00:56:46)(time 3626 - 01:00:26) ->    7(time 3728 - 01:02:08)(time 3976 - 01:06:16) ->    8(time 4078 - 01:07:58)(time 4313 - 01:11:53) ->    9(time 4486 - 01:14:46)(time 4486 - 01:14:46) ->    19(time 4486 - 01:14:46)(time 4721 - 01:18:41) ->    18(time 4823 - 01:20:23)(time 5071 - 01:24:31) ->    17(time 5173 - 01:26:13)(time 5393 - 01:29:53) ->    16(time 5495 - 01:31:35)(time 5744 - 01:35:44) ->    15(time 5846 - 01:37:26)(time 6066 - 01:41:06) ->    14(time 6239 - 01:43:59)(time 6465 - 01:47:45) ->    13(time 6567 - 01:49:27)(time 6811 - 01:53:31) ->    12(time 6913 - 01:55:13)(time 7149 - 01:59:09) ->    11(time 7251 - 02:00:51)(time 7468 - 02:04:28) ->    10(time 7641 - 02:07:21)(time 7641 - 02:07:21) -> 0
> Trip 2
   0(time 15387 - 04:16:27)(time 15604 - 04:20:04) ->    1(time 15940 - 04:25:40)(time 16176 - 04:29:36) ->    2(time 16599 - 04:36:39)(time 16843 - 04:40:43) ->    3(time 16945 - 04:42:25)(time 17171 - 04:46:11) ->    4(time 17344 - 04:49:04)(time 17564 - 04:52:44) ->    5(time 17666 - 04:54:26)(time 17915 - 04:58:35) ->    6(time 18017 - 05:00:17)(time 18237 - 05:03:57) ->    7(time 18339 - 05:05:39)(time 18587 - 05:09:47) ->    8(time 18689 - 05:11:29)(time 18924 - 05:15:24) ->    9(time 19097 - 05:18:17)(time 19097 - 05:18:17) ->    19(time 19520 - 05:25:20)(time 19755 - 05:29:15) ->    18(time 20178 - 05:36:18)(time 20426 - 05:40:26) ->    17(time 20849 - 05:47:29)(time 21069 - 05:51:09) ->    16(time 21492 - 05:58:12)(time 21741 - 06:02:21) ->    15(time 22164 - 06:09:24)(time 22384 - 06:13:04) ->    14(time 22807 - 06:20:07)(time 23033 - 06:23:53) ->    13(time 23456 - 06:30:56)(time 23700 - 06:35:00) ->    12(time 24123 - 06:42:03)(time 24359 - 06:45:59) ->    11(time 24782 - 06:53:02)(time 24999 - 06:56:39) ->    10(time 25422 - 07:03:42)(time 25422 - 07:03:42) -> 0
> Trip 3
   0(time 30773 - 08:32:53)(time 30990 - 08:36:30) ->    1(time 31092 - 08:38:12)(time 31328 - 08:42:08) ->    2(time 31430 - 08:43:50)(time 31674 - 08:47:54) ->    3(time 31776 - 08:49:36)(time 32002 - 08:53:22) ->    4(time 32353 - 08:59:13)(time 32573 - 09:02:53) ->    5(time 32675 - 09:04:35)(time 32924 - 09:08:44) ->    6(time 33026 - 09:10:26)(time 33246 - 09:14:06) ->    7(time 33348 - 09:15:48)(time 33596 - 09:19:56) ->    8(time 33698 - 09:21:38)(time 33933 - 09:25:33) ->    9(time 34106 - 09:28:26)(time 34106 - 09:28:26) ->    19(time 34106 - 09:28:26)(time 34341 - 09:32:21) ->    18(time 34443 - 09:34:03)(time 34691 - 09:38:11) ->    17(time 34793 - 09:39:53)(time 35013 - 09:43:33) ->    16(time 35115 - 09:45:15)(time 35364 - 09:49:24) ->    15(time 35466 - 09:51:06)(time 35686 - 09:54:46) ->    14(time 35859 - 09:57:39)(time 36085 - 10:01:25) ->    13(time 36365 - 10:06:05)(time 36609 - 10:10:09) ->    12(time 36711 - 10:11:51)(time 36947 - 10:15:47) ->    11(time 37049 - 10:17:29)(time 37266 - 10:21:06) ->    10(time 37439 - 10:23:59)(time 37439 - 10:23:59) -> 0
=============
Train 2
=============
> Trip 0
   14(time 0 - 00:00:00)(time 226 - 00:03:46) ->    13(time 328 - 00:05:28)(time 572 - 00:09:32) ->    12(time 674 - 00:11:14)(time 910 - 00:15:10) ->    11(time 1012 - 00:16:52)(time 1229 - 00:20:29) -> 10
> Trip 1
   0(time 1504 - 00:25:04)(time 1721 - 00:28:41) ->    1(time 1823 - 00:30:23)(time 2059 - 00:34:19) ->    2(time 2161 - 00:36:01)(time 2405 - 00:40:05) ->    3(time 2507 - 00:41:47)(time 2733 - 00:45:33) ->    4(time 2906 - 00:48:26)(time 3126 - 00:52:06) ->    5(time 3228 - 00:53:48)(time 3477 - 00:57:57) ->    6(time 3579 - 00:59:39)(time 3799 - 01:03:19) ->    7(time 3901 - 01:05:01)(time 4149 - 01:09:09) ->    8(time 4251 - 01:10:51)(time 4486 - 01:14:46) ->    9(time 4659 - 01:17:39)(time 4659 - 01:17:39) ->    19(time 4659 - 01:17:39)(time 4894 - 01:21:34) ->    18(time 4996 - 01:23:16)(time 5244 - 01:27:24) ->    17(time 5346 - 01:29:06)(time 5566 - 01:32:46) ->    16(time 5668 - 01:34:28)(time 5917 - 01:38:37) ->    15(time 6019 - 01:40:19)(time 6239 - 01:43:59) ->    14(time 6412 - 01:46:52)(time 6638 - 01:50:38) ->    13(time 6740 - 01:52:20)(time 6984 - 01:56:24) ->    12(time 7086 - 01:58:06)(time 7322 - 02:02:02) ->    11(time 7424 - 02:03:44)(time 7641 - 02:07:21) ->    10(time 7814 - 02:10:14)(time 7814 - 02:10:14) -> 0
> Trip 2
   0(time 13093 - 03:38:13)(time 13310 - 03:41:50) ->    1(time 13412 - 03:43:32)(time 13648 - 03:47:28) ->    2(time 14071 - 03:54:31)(time 14315 - 03:58:35) ->    3(time 14738 - 04:05:38)(time 14964 - 04:09:24) ->    4(time 15387 - 04:16:27)(time 15607 - 04:20:07) ->    5(time 16030 - 04:27:10)(time 16279 - 04:31:19) ->    6(time 16702 - 04:38:22)(time 16922 - 04:42:02) ->    7(time 17345 - 04:49:05)(time 17593 - 04:53:13) ->    8(time 18016 - 05:00:16)(time 18251 - 05:04:11) ->    9(time 18674 - 05:11:14)(time 18674 - 05:11:14) ->    19(time 19097 - 05:18:17)(time 19332 - 05:22:12) ->    18(time 19434 - 05:23:54)(time 19682 - 05:28:02) ->    17(time 19784 - 05:29:44)(time 20004 - 05:33:24) ->    16(time 20106 - 05:35:06)(time 20355 - 05:39:15) ->    15(time 20457 - 05:40:57)(time 20677 - 05:44:37) ->    14(time 21100 - 05:51:40)(time 21326 - 05:55:26) ->    13(time 21749 - 06:02:29)(time 21993 - 06:06:33) ->    12(time 22416 - 06:13:36)(time 22652 - 06:17:32) ->    11(time 23075 - 06:24:35)(time 23292 - 06:28:12) ->    10(time 23715 - 06:35:15)(time 23715 - 06:35:15) -> 0
> Trip 3
   0(time 30875 - 08:34:35)(time 31092 - 08:38:12) ->    1(time 31194 - 08:39:54)(time 31430 - 08:43:50) ->    2(time 31781 - 08:49:41)(time 32025 - 08:53:45) ->    3(time 32127 - 08:55:27)(time 32353 - 08:59:13) ->    4(time 32526 - 09:02:06)(time 32746 - 09:05:46) ->    5(time 32848 - 09:07:28)(time 33097 - 09:11:37) ->    6(time 33199 - 09:13:19)(time 33419 - 09:16:59) ->    7(time 33521 - 09:18:41)(time 33769 - 09:22:49) ->    8(time 33871 - 09:24:31)(time 34106 - 09:28:26) ->    9(time 34279 - 09:31:19)(time 34279 - 09:31:19) ->    19(time 34279 - 09:31:19)(time 34514 - 09:35:14) ->    18(time 34616 - 09:36:56)(time 34864 - 09:41:04) ->    17(time 34966 - 09:42:46)(time 35186 - 09:46:26) ->    16(time 35288 - 09:48:08)(time 35537 - 09:52:17) ->    15(time 35639 - 09:53:59)(time 35859 - 09:57:39) ->    14(time 36210 - 10:03:30)(time 36436 - 10:07:16) ->    13(time 36538 - 10:08:58)(time 36782 - 10:13:02) ->    12(time 36884 - 10:14:44)(time 37120 - 10:18:40) ->    11(time 37222 - 10:20:22)(time 37439 - 10:23:59) ->    10(time 37612 - 10:26:52)(time 37612 - 10:26:52) -> 0
----- t3p11r2h1.txt-model.log -----
 451306 34669    37764.0000     5    38040.0000    37764.0000 10480401    0.73%
 452001 34198    37826.5385    48    38040.0000    37764.0000 10487817    0.73%
 452719 33715    37764.0000     7    38040.0000    37764.0000 10494571    0.73%
 453501 33131    37764.0266     8    38040.0000    37764.0000 10502356    0.73%
 454112 32692    37902.0000    22    38040.0000    37764.0000 10507275    0.73%
 454623 32402    37902.0000    24    38040.0000    37764.0000 10513450    0.73%
Elapsed time = 19683.34 sec. (23826329.98 ticks, tree = 66.66 MB, solutions = 3)
 455336 31927        cutoff          38040.0000    37764.0000 10521795    0.73%
 455625 31792    37764.0068    25    38040.0000    37764.0068 10525532    0.73%
 455900 31621    37817.6519    71    38040.0000    37764.0068 10528577    0.73%
 456257 31354    37902.6491    69    38040.0000    37764.6522 10536152    0.72%
 456726 30971        cutoff          38040.0000    37764.6692 10544095    0.72%
 457516 30333    37902.0000    46    38040.0000    37764.7273 10551475    0.72%
 458001 30015    37902.0000    22    38040.0000    37764.7273 10556953    0.72%
 458430 29693        cutoff          38040.0000    37764.9827 10562439    0.72%
 458836 29387    37903.2952    66    38040.0000    37765.2952 10570046    0.72%
 459575 28888    37779.6265    25    38040.0000    37765.4479 10577615    0.72%
Elapsed time = 19800.66 sec. (23979932.72 ticks, tree = 60.06 MB, solutions = 3)
 460428 28369    37765.4479    24    38040.0000    37765.4479 10585843    0.72%
 461289 27797    37765.4479    26    38040.0000    37765.4479 10594066    0.72%
 462048 27363    37765.4513     3    38040.0000    37765.4513 10604226    0.72%
 463139 26512    37811.3123    46    38040.0000    37765.4513 10613057    0.72%
 463844 26054        cutoff          38040.0000    37765.4513 10622139    0.72%
 464330 25787    37804.7777    66    38040.0000    37765.4513 10628927    0.72%
 464966 25374    37765.4513    26    38040.0000    37765.4513 10636088    0.72%
 465362 25114    infeasible          38040.0000    37765.7092 10641704    0.72%
 465912 24689    37766.4340    23    38040.0000    37766.4340 10648034    0.72%
 466333 24444        cutoff          38040.0000    37766.8107 10653881    0.72%
Elapsed time = 19921.43 sec. (24133402.74 ticks, tree = 51.68 MB, solutions = 3)
 467195 23861    37904.8107    24    38040.0000    37766.8107 10662905    0.72%
 467985 23379    37904.8107    24    38040.0000    37766.8107 10671565    0.72%
 468551 23023    37766.8107    31    38040.0000    37766.8107 10677975    0.72%
 469053 22740    37766.8107     4    38040.0000    37766.8107 10683432    0.72%
 469768 22298    37904.8107    23    38040.0000    37766.8107 10690648    0.72%
 470425 21859    37820.3992    24    38040.0000    37766.8992 10697300    0.72%
 470961 21484        cutoff          38040.0000    37768.2586 10704323    0.71%
 471639 20991        cutoff          38040.0000    37768.9673 10711995    0.71%
 472009 20696        cutoff          38040.0000    37777.3165 10718729    0.69%
 472357 20400    37960.2601    79    38040.0000    37791.1314 10726076    0.65%
Elapsed time = 20045.07 sec. (24286725.09 ticks, tree = 44.02 MB, solutions = 3)
 473543 19307        cutoff          38040.0000    37801.4794 10736858    0.63%
 473857 19084    37975.4479    25    38040.0000    37806.4479 10741292    0.61%
 474021 18966    37905.2002    46    38040.0000    37809.8610 10744701    0.60%
 474597 18459    37841.1070    46    38040.0000    37817.4999 10750614    0.58%
 474890 18243    37862.8016    64    38040.0000    37817.6519 10756625    0.58%
 475196 18011    37818.3254    22    38040.0000    37818.3254 10761236    0.58%
 475455 17812        cutoff          38040.0000    37818.3254 10765174    0.58%
 476190 17134    37819.1031    61    38040.0000    37819.1031 10784888    0.58%
 476553 16838    37821.8744    46    38040.0000    37821.8744 10793230    0.57%
 476863 16614    37836.0000    25    38040.0000    37831.6563 10798690    0.55%
Elapsed time = 20164.99 sec. (24440698.97 ticks, tree = 36.88 MB, solutions = 3)
 477097 16534        cutoff          38040.0000    37834.4339 10802756    0.54%
 477262 16484        cutoff          38040.0000    37835.9426 10806157    0.54%
 477469 16397        cutoff          38040.0000    37836.0000 10811066    0.54%
 477629 16365    37974.0000    24    38040.0000    37836.0000 10814505    0.54%
 477893 16253        cutoff          38040.0000    37836.0000 10818252    0.54%
 478150 16095        cutoff          38040.0000    37836.0000 10822000    0.54%
 478505 15839    37974.0000    23    38040.0000    37836.0000 10826266    0.54%
 478878 15586    37836.0000     7    38040.0000    37836.0000 10830855    0.54%
 479173 15413    37836.4400    47    38040.0000    37836.0000 10834933    0.54%
 479464 15234    37836.0000    25    38040.0000    37836.0000 10838985    0.54%
Elapsed time = 20309.65 sec. (24594444.93 ticks, tree = 34.28 MB, solutions = 3)
 479826 14998    38006.3667    67    38040.0000    37836.0000 10843699    0.54%
 480178 14800    37836.0000    29    38040.0000    37836.0000 10848144    0.54%
 480519 14617        cutoff          38040.0000    37836.0000 10852696    0.54%
 480802 14492        cutoff          38040.0000    37836.0000 10856680    0.54%
 481110 14327    37836.0000    24    38040.0000    37836.0000 10861384    0.54%
 481402 14181        cutoff          38040.0000    37836.0000 10866119    0.54%
 481728 13978        cutoff          38040.0000    37836.0000 10870451    0.54%
 481998 13824        cutoff          38040.0000    37836.0000 10874910    0.54%
 482214 13700        cutoff          38040.0000    37836.0000 10878402    0.54%
 482390 13612        cutoff          38040.0000    37836.0000 10881252    0.54%
Elapsed time = 20450.71 sec. (24748461.76 ticks, tree = 31.23 MB, solutions = 3)
 482598 13478        cutoff          38040.0000    37836.4400 10885421    0.54%
 482810 13295        cutoff          38040.0000    37836.7273 10889273    0.53%
 482989 13211        cutoff          38040.0000    37836.7273 10892308    0.53%
 483229 13046    37975.2952    74    38040.0000    37837.2952 10896891    0.53%
 483478 12949    37837.4479    25    38040.0000    37837.4479 10900802    0.53%
 483812 12785        cutoff          38040.0000    37837.4479 10904425    0.53%
 484108 12624    37837.4479    26    38040.0000    37837.4479 10907677    0.53%
 484289 12518        cutoff          38040.0000    37837.4513 10910911    0.53%
 484480 12387        cutoff          38040.0000    37837.4513 10913936    0.53%
 484714 12236        cutoff          38040.0000    37837.4513 10917196    0.53%
Elapsed time = 20596.28 sec. (24903065.86 ticks, tree = 28.64 MB, solutions = 3)
 484896 12116        cutoff          38040.0000    37837.4513 10920557    0.53%
 485042 12020        cutoff          38040.0000    37837.4513 10924005    0.53%
 485213 11916    37975.4479    48    38040.0000    37838.1752 10927570    0.53%
 485415 11789    37978.5260    47    38040.0000    37838.7434 10930301    0.53%
 485588 11663    37976.8107    23    38040.0000    37838.8107 10933796    0.53%
 485774 11555        cutoff          38040.0000    37838.8107 10936694    0.53%
 486011 11431    37976.8107    51    38040.0000    37838.8107 10940560    0.53%
 486151 11332        cutoff          38040.0000    37838.8107 10943497    0.53%
 486282 11234        cutoff          38040.0000    37838.8107 10946035    0.53%
 486391 11154        cutoff          38040.0000    37838.8107 10948676    0.53%
Elapsed time = 20746.05 sec. (25056868.77 ticks, tree = 26.61 MB, solutions = 3)
 486663 10985        cutoff          38040.0000    37838.8992 10952193    0.53%
 486819 10889        cutoff          38040.0000    37839.3653 10955158    0.53%
 486997 10839    37840.2586     3    38040.0000    37840.2586 10957721    0.53%
 487243 10709        cutoff          38040.0000    37840.2586 10960639    0.53%
 487388 10611    37841.1070    48    38040.0000    37841.1070 10963283    0.52%
 487780 10299    37868.6070    47    38040.0000    37841.1070 10968982    0.52%
 488092 10044        cutoff          38040.0000    37841.7099 10972507    0.52%
 488340  9839    37846.3057    68    38040.0000    37842.5550 10975719    0.52%
 488682  9562        cutoff          38040.0000    37850.1786 10980779    0.50%
 488857  9464    37966.3392    27    38040.0000    37859.3392 10984632    0.47%
Elapsed time = 20881.36 sec. (25210721.90 ticks, tree = 23.43 MB, solutions = 3)
 489068  9311        cutoff          38040.0000    37867.6180 10989154    0.45%
 490230  8232    37871.0000     9    38040.0000    37871.0000 11001169    0.44%
 491123  7435    37996.4101    31    38040.0000    37880.8201 11013847    0.42%
 491505  7101    37997.6346    66    38040.0000    37890.6519 11019901    0.39%
 491831  6822    37995.5242    92    38040.0000    37900.3990 11027345    0.37%
 492731  5997        cutoff          38040.0000    37902.0000 11035494    0.36%
 493279  5550    37903.4803    66    38040.0000    37902.0000 11041667    0.36%
 494179  4728    37906.9600    70    38040.0000    37902.9827 11051076    0.36%
 495080  3931        cutoff          38040.0000    37904.8107 11059439    0.36%
 495409  3657        cutoff          38040.0000    37909.4513 11064346    0.34%
Elapsed time = 21006.63 sec. (25365047.53 ticks, tree = 12.44 MB, solutions = 3)
 495590  3500    37913.1070    47    38040.0000    37913.1070 11068360    0.33%
 495790  3332        cutoff          38040.0000    37918.2141 11071340    0.32%
 496509  2652        cutoff          38040.0000    37943.0000 11079630    0.25%
 497054  2118        cutoff          38040.0000    37948.1070 11087157    0.24%
 497527  1687    37975.4513    24    38040.0000    37973.9426 11094032    0.17%
 497875  1467        cutoff          38040.0000    37974.0000 11097350    0.17%
 498150  1308    37974.9827    44    38040.0000    37974.0000 11100581    0.17%
 498343  1172    37981.3604   121    38040.0000    37974.6673 11103282    0.17%
 498657   936        cutoff          38040.0000    37975.4513 11106601    0.17%
 498883   772        cutoff          38040.0000    37976.8958 11108920    0.17%
Elapsed time = 21142.80 sec. (25518745.63 ticks, tree = 6.99 MB, solutions = 3)
 499470   265        cutoff          38040.0000    38015.0194 11114265    0.07%

Cover cuts applied:  966
Flow cuts applied:  288
Mixed integer rounding cuts applied:  288
Zero-half cuts applied:  1
Gomory fractional cuts applied:  27

Root node processing (before b&c):
  Real time             =  176.35 sec. (87272.16 ticks)
Sequential b&c:
  Real time             = 20980.70 sec. (25453671.88 ticks)
                          ------------
Total (root+branch&cut) = 21157.04 sec. (25540944.05 ticks)
Optimal

>> Printing some results...
    -> Solution value = 38039 - 10:33:59
    -> Total time = 21157.04
    -> Gap value = 0.00

=============
Train 0
=============
> Trip 0
   21(time 383 - 00:06:23)(time 563 - 00:09:23) ->    20(time 670 - 00:11:10)(time 833 - 00:13:53) ->    19(time 940 - 00:15:40)(time 1097 - 00:18:17) ->    18(time 1204 - 00:20:04)(time 1374 - 00:22:54) ->    17(time 1481 - 00:24:41)(time 1636 - 00:27:16) ->    16(time 1743 - 00:29:03)(time 1892 - 00:31:32) ->    15(time 1999 - 00:33:19)(time 2165 - 00:36:05) ->    14(time 2272 - 00:37:52)(time 2426 - 00:40:26) ->    13(time 2702 - 00:45:02)(time 2856 - 00:47:36) ->    12(time 2963 - 00:49:23)(time 3124 - 00:52:04) ->    11(time 3647 - 01:00:47)(time 3647 - 01:00:47) ->    0(time 3676 - 01:01:16)(time 3837 - 01:03:57) ->    1(time 3944 - 01:05:44)(time 4098 - 01:08:18) ->    2(time 4205 - 01:10:05)(time 4359 - 01:12:39) ->    3(time 4466 - 01:14:26)(time 4632 - 01:17:12) ->    4(time 4739 - 01:18:59)(time 4888 - 01:21:28) ->    5(time 4995 - 01:23:15)(time 5150 - 01:25:50) ->    6(time 5257 - 01:27:37)(time 5427 - 01:30:27) ->    7(time 5534 - 01:32:14)(time 5691 - 01:34:51) ->    8(time 5798 - 01:36:38)(time 5961 - 01:39:21) ->    9(time 6068 - 01:41:08)(time 6248 - 01:44:08) ->    10(time 6524 - 01:48:44)(time 6524 - 01:48:44) -> 21
> Trip 1
   21(time 6524 - 01:48:44)(time 6704 - 01:51:44) ->    20(time 6811 - 01:53:31)(time 6974 - 01:56:14) ->    19(time 7081 - 01:58:01)(time 7238 - 02:00:38) ->    18(time 7345 - 02:02:25)(time 7515 - 02:05:15) ->    17(time 7622 - 02:07:02)(time 7777 - 02:09:37) ->    16(time 7884 - 02:11:24)(time 8033 - 02:13:53) ->    15(time 8140 - 02:15:40)(time 8306 - 02:18:26) ->    14(time 8413 - 02:20:13)(time 8567 - 02:22:47) ->    13(time 8674 - 02:24:34)(time 8828 - 02:27:08) ->    12(time 8935 - 02:28:55)(time 9096 - 02:31:36) ->    11(time 9372 - 02:36:12)(time 9372 - 02:36:12) ->    0(time 9479 - 02:37:59)(time 9640 - 02:40:40) ->    1(time 9747 - 02:42:27)(time 9901 - 02:45:01) ->    2(time 10008 - 02:46:48)(time 10162 - 02:49:22) ->    3(time 10269 - 02:51:09)(time 10435 - 02:53:55) ->    4(time 10542 - 02:55:42)(time 10691 - 02:58:11) ->    5(time 10798 - 02:59:58)(time 10953 - 03:02:33) ->    6(time 11060 - 03:04:20)(time 11230 - 03:07:10) ->    7(time 11337 - 03:08:57)(time 11494 - 03:11:34) ->    8(time 11601 - 03:13:21)(time 11764 - 03:16:04) ->    9(time 12040 - 03:20:40)(time 12220 - 03:23:40) ->    10(time 12496 - 03:28:16)(time 12496 - 03:28:16) -> 21
> Trip 2
   21(time 12771 - 03:32:51)(time 12951 - 03:35:51) ->    20(time 13058 - 03:37:38)(time 13221 - 03:40:21) ->    19(time 13328 - 03:42:08)(time 13485 - 03:44:45) ->    18(time 13592 - 03:46:32)(time 13762 - 03:49:22) ->    17(time 13869 - 03:51:09)(time 14024 - 03:53:44) ->    16(time 14131 - 03:55:31)(time 14280 - 03:58:00) ->    15(time 14387 - 03:59:47)(time 14553 - 04:02:33) ->    14(time 14660 - 04:04:20)(time 14814 - 04:06:54) ->    13(time 14921 - 04:08:41)(time 15075 - 04:11:15) ->    12(time 15182 - 04:13:02)(time 15343 - 04:15:43) ->    11(time 15619 - 04:20:19)(time 15619 - 04:20:19) ->    0(time 15895 - 04:24:55)(time 16056 - 04:27:36) ->    1(time 16163 - 04:29:23)(time 16317 - 04:31:57) ->    2(time 16424 - 04:33:44)(time 16578 - 04:36:18) ->    3(time 16685 - 04:38:05)(time 16851 - 04:40:51) ->    4(time 16958 - 04:42:38)(time 17107 - 04:45:07) ->    5(time 17214 - 04:46:54)(time 17369 - 04:49:29) ->    6(time 17476 - 04:51:16)(time 17646 - 04:54:06) ->    7(time 17753 - 04:55:53)(time 17910 - 04:58:30) ->    8(time 18017 - 05:00:17)(time 18180 - 05:03:00) ->    9(time 18287 - 05:04:47)(time 18467 - 05:07:47) ->    10(time 18743 - 05:12:23)(time 18743 - 05:12:23) -> 21
> Trip 3
   21(time 19019 - 05:16:59)(time 19199 - 05:19:59) ->    20(time 19306 - 05:21:46)(time 19469 - 05:24:29) ->    19(time 19576 - 05:26:16)(time 19733 - 05:28:53) ->    18(time 19840 - 05:30:40)(time 20010 - 05:33:30) ->    17(time 20117 - 05:35:17)(time 20272 - 05:37:52) ->    16(time 20379 - 05:39:39)(time 20528 - 05:42:08) ->    15(time 20635 - 05:43:55)(time 20801 - 05:46:41) ->    14(time 20908 - 05:48:28)(time 21062 - 05:51:02) ->    13(time 21169 - 05:52:49)(time 21323 - 05:55:23) ->    12(time 21430 - 05:57:10)(time 21591 - 05:59:51) ->    11(time 21867 - 06:04:27)(time 21867 - 06:04:27) ->    0(time 22143 - 06:09:03)(time 22304 - 06:11:44) ->    1(time 22411 - 06:13:31)(time 22565 - 06:16:05) ->    2(time 22672 - 06:17:52)(time 22826 - 06:20:26) ->    3(time 22933 - 06:22:13)(time 23099 - 06:24:59) ->    4(time 23206 - 06:26:46)(time 23355 - 06:29:15) ->    5(time 23462 - 06:31:02)(time 23617 - 06:33:37) ->    6(time 23724 - 06:35:24)(time 23894 - 06:38:14) ->    7(time 24001 - 06:40:01)(time 24158 - 06:42:38) ->    8(time 24265 - 06:44:25)(time 24428 - 06:47:08) ->    9(time 24535 - 06:48:55)(time 24715 - 06:51:55) ->    10(time 24991 - 06:56:31)(time 24991 - 06:56:31) -> 21
> Trip 4
   21(time 25543 - 07:05:43)(time 25723 - 07:08:43) ->    20(time 25830 - 07:10:30)(time 25993 - 07:13:13) ->    19(time 26100 - 07:15:00)(time 26257 - 07:17:37) ->    18(time 26364 - 07:19:24)(time 26534 - 07:22:14) ->    17(time 26641 - 07:24:01)(time 26796 - 07:26:36) ->    16(time 26903 - 07:28:23)(time 27052 - 07:30:52) ->    15(time 27159 - 07:32:39)(time 27325 - 07:35:25) ->    14(time 27432 - 07:37:12)(time 27586 - 07:39:46) ->    13(time 27693 - 07:41:33)(time 27847 - 07:44:07) ->    12(time 27954 - 07:45:54)(time 28115 - 07:48:35) ->    11(time 28391 - 07:53:11)(time 28391 - 07:53:11) ->    0(time 28391 - 07:53:11)(time 28552 - 07:55:52) ->    1(time 28659 - 07:57:39)(time 28813 - 08:00:13) ->    2(time 28920 - 08:02:00)(time 29074 - 08:04:34) ->    3(time 29181 - 08:06:21)(time 29347 - 08:09:07) ->    4(time 29454 - 08:10:54)(time 29603 - 08:13:23) ->    5(time 29710 - 08:15:10)(time 29865 - 08:17:45) ->    6(time 29972 - 08:19:32)(time 30142 - 08:22:22) ->    7(time 30249 - 08:24:09)(time 30406 - 08:26:46) ->    8(time 30789 - 08:33:09)(time 30952 - 08:35:52) ->    9(time 31059 - 08:37:39)(time 31239 - 08:40:39) ->    10(time 31515 - 08:45:15)(time 31515 - 08:45:15) -> 21
> Trip 5
   21(time 31515 - 08:45:15)(time 31695 - 08:48:15) ->    20(time 31802 - 08:50:02)(time 31965 - 08:52:45) ->    19(time 32072 - 08:54:32)(time 32229 - 08:57:09) ->    18(time 32336 - 08:58:56)(time 32506 - 09:01:46) ->    17(time 32613 - 09:03:33)(time 32768 - 09:06:08) ->    16(time 32875 - 09:07:55)(time 33024 - 09:10:24) ->    15(time 33238 - 09:13:58)(time 33404 - 09:16:44) ->    14(time 33511 - 09:18:31)(time 33665 - 09:21:05) ->    13(time 33772 - 09:22:52)(time 33926 - 09:25:26) ->    12(time 34202 - 09:30:02)(time 34363 - 09:32:43) ->    11(time 34886 - 09:41:26)(time 34886 - 09:41:26) ->    0(time 34915 - 09:41:55)(time 35076 - 09:44:36) ->    1(time 35183 - 09:46:23)(time 35337 - 09:48:57) ->    2(time 35444 - 09:50:44)(time 35598 - 09:53:18) ->    3(time 35705 - 09:55:05)(time 35871 - 09:57:51) ->    4(time 35978 - 09:59:38)(time 36127 - 10:02:07) ->    5(time 36234 - 10:03:54)(time 36389 - 10:06:29) ->    6(time 36496 - 10:08:16)(time 36666 - 10:11:06) ->    7(time 36773 - 10:12:53)(time 36930 - 10:15:30) ->    8(time 37037 - 10:17:17)(time 37200 - 10:20:00) ->    9(time 37307 - 10:21:47)(time 37487 - 10:24:47) ->    10(time 37763 - 10:29:23)(time 37763 - 10:29:23) -> 21
> Trip 6
   21(time 37763 - 10:29:23)(time 37943 - 10:32:23) ->    20(time 38050 - 10:34:10)(time 38213 - 10:36:53) ->    19(time 38320 - 10:38:40)(time 38477 - 10:41:17) ->    18(time 38584 - 10:43:04)(time 38754 - 10:45:54) ->    17(time 38861 - 10:47:41)(time 39016 - 10:50:16) ->    16(time 39123 - 10:52:03)(time 39272 - 10:54:32) ->    15(time 39379 - 10:56:19)(time 39545 - 10:59:05) ->    14(time 39652 - 11:00:52)(time 39806 - 11:03:26) ->    13(time 39913 - 11:05:13)(time 40067 - 11:07:47) ->    12(time 40174 - 11:09:34)(time 40335 - 11:12:15) ->    11(time 40611 - 11:16:51)(time 40611 - 11:16:51) ->    0(time 40780 - 11:19:40)(time 40941 - 11:22:21) ->    1(time 41048 - 11:24:08)(time 41202 - 11:26:42) ->    2(time 41309 - 11:28:29)(time 41463 - 11:31:03) ->    3(time 41570 - 11:32:50)(time 41736 - 11:35:36) ->    4(time 41843 - 11:37:23)(time 41992 - 11:39:52) ->    5(time 42099 - 11:41:39)(time 42254 - 11:44:14) ->    6(time 42361 - 11:46:01)(time 42531 - 11:48:51) ->    7(time 42638 - 11:50:38)(time 42795 - 11:53:15) ->    8(time 42902 - 11:55:02)(time 43065 - 11:57:45) ->    9(time 43279 - 12:01:19)(time 43459 - 12:04:19) ->    10(time 43735 - 12:08:55)(time 43735 - 12:08:55) -> 21
=============
Train 1
=============
> Trip 0
   21(time 0 - 00:00:00)(time 180 - 00:03:00) ->    20(time 287 - 00:04:47)(time 450 - 00:07:30) ->    19(time 557 - 00:09:17)(time 714 - 00:11:54) ->    18(time 821 - 00:13:41)(time 991 - 00:16:31) ->    17(time 1098 - 00:18:18)(time 1253 - 00:20:53) ->    16(time 1360 - 00:22:40)(time 1509 - 00:25:09) ->    15(time 1616 - 00:26:56)(time 1782 - 00:29:42) ->    14(time 1889 - 00:31:29)(time 2043 - 00:34:03) ->    13(time 2150 - 00:35:50)(time 2304 - 00:38:24) ->    12(time 2411 - 00:40:11)(time 2572 - 00:42:52) ->    11(time 2848 - 00:47:28)(time 2848 - 00:47:28) ->    0(time 3124 - 00:52:04)(time 3285 - 00:54:45) ->    1(time 3392 - 00:56:32)(time 3546 - 00:59:06) ->    2(time 3653 - 01:00:53)(time 3807 - 01:03:27) ->    3(time 3914 - 01:05:14)(time 4080 - 01:08:00) ->    4(time 4187 - 01:09:47)(time 4336 - 01:12:16) ->    5(time 4443 - 01:14:03)(time 4598 - 01:16:38) ->    6(time 4705 - 01:18:25)(time 4875 - 01:21:15) ->    7(time 4982 - 01:23:02)(time 5139 - 01:25:39) ->    8(time 5246 - 01:27:26)(time 5409 - 01:30:09) ->    9(time 5516 - 01:31:56)(time 5696 - 01:34:56) ->    10(time 5972 - 01:39:32)(time 5972 - 01:39:32) -> 21
> Trip 1
   21(time 6248 - 01:44:08)(time 6428 - 01:47:08) ->    20(time 6535 - 01:48:55)(time 6698 - 01:51:38) ->    19(time 6805 - 01:53:25)(time 6962 - 01:56:02) ->    18(time 7069 - 01:57:49)(time 7239 - 02:00:39) ->    17(time 7346 - 02:02:26)(time 7501 - 02:05:01) ->    16(time 7608 - 02:06:48)(time 7757 - 02:09:17) ->    15(time 7864 - 02:11:04)(time 8030 - 02:13:50) ->    14(time 8137 - 02:15:37)(time 8291 - 02:18:11) ->    13(time 8398 - 02:19:58)(time 8552 - 02:22:32) ->    12(time 8659 - 02:24:19)(time 8820 - 02:27:00) ->    11(time 9096 - 02:31:36)(time 9096 - 02:31:36) ->    0(time 9372 - 02:36:12)(time 9533 - 02:38:53) ->    1(time 9640 - 02:40:40)(time 9794 - 02:43:14) ->    2(time 9901 - 02:45:01)(time 10055 - 02:47:35) ->    3(time 10162 - 02:49:22)(time 10328 - 02:52:08) ->    4(time 10435 - 02:53:55)(time 10584 - 02:56:24) ->    5(time 10691 - 02:58:11)(time 10846 - 03:00:46) ->    6(time 10953 - 03:02:33)(time 11123 - 03:05:23) ->    7(time 11230 - 03:07:10)(time 11387 - 03:09:47) ->    8(time 11494 - 03:11:34)(time 11657 - 03:14:17) ->    9(time 11764 - 03:16:04)(time 11944 - 03:19:04) ->    10(time 12220 - 03:23:40)(time 12220 - 03:23:40) -> 21
> Trip 2
   21(time 12496 - 03:28:16)(time 12676 - 03:31:16) ->    20(time 12783 - 03:33:03)(time 12946 - 03:35:46) ->    19(time 13053 - 03:37:33)(time 13210 - 03:40:10) ->    18(time 13317 - 03:41:57)(time 13487 - 03:44:47) ->    17(time 13594 - 03:46:34)(time 13749 - 03:49:09) ->    16(time 13856 - 03:50:56)(time 14005 - 03:53:25) ->    15(time 14112 - 03:55:12)(time 14278 - 03:57:58) ->    14(time 14385 - 03:59:45)(time 14539 - 04:02:19) ->    13(time 14646 - 04:04:06)(time 14800 - 04:06:40) ->    12(time 14907 - 04:08:27)(time 15068 - 04:11:08) ->    11(time 15344 - 04:15:44)(time 15344 - 04:15:44) ->    0(time 15619 - 04:20:19)(time 15780 - 04:23:00) ->    1(time 15887 - 04:24:47)(time 16041 - 04:27:21) ->    2(time 16148 - 04:29:08)(time 16302 - 04:31:42) ->    3(time 16409 - 04:33:29)(time 16575 - 04:36:15) ->    4(time 16682 - 04:38:02)(time 16831 - 04:40:31) ->    5(time 16938 - 04:42:18)(time 17093 - 04:44:53) ->    6(time 17200 - 04:46:40)(time 17370 - 04:49:30) ->    7(time 17477 - 04:51:17)(time 17634 - 04:53:54) ->    8(time 17741 - 04:55:41)(time 17904 - 04:58:24) ->    9(time 18011 - 05:00:11)(time 18191 - 05:03:11) ->    10(time 18467 - 05:07:47)(time 18467 - 05:07:47) -> 21
> Trip 3
   21(time 18743 - 05:12:23)(time 18923 - 05:15:23) ->    20(time 19030 - 05:17:10)(time 19193 - 05:19:53) ->    19(time 19300 - 05:21:40)(time 19457 - 05:24:17) ->    18(time 19564 - 05:26:04)(time 19734 - 05:28:54) ->    17(time 19841 - 05:30:41)(time 19996 - 05:33:16) ->    16(time 20103 - 05:35:03)(time 20252 - 05:37:32) ->    15(time 20359 - 05:39:19)(time 20525 - 05:42:05) ->    14(time 20632 - 05:43:52)(time 20786 - 05:46:26) ->    13(time 20893 - 05:48:13)(time 21047 - 05:50:47) ->    12(time 21154 - 05:52:34)(time 21315 - 05:55:15) ->    11(time 21591 - 05:59:51)(time 21591 - 05:59:51) ->    0(time 21867 - 06:04:27)(time 22028 - 06:07:08) ->    1(time 22135 - 06:08:55)(time 22289 - 06:11:29) ->    2(time 22396 - 06:13:16)(time 22550 - 06:15:50) ->    3(time 22657 - 06:17:37)(time 22823 - 06:20:23) ->    4(time 22930 - 06:22:10)(time 23079 - 06:24:39) ->    5(time 23186 - 06:26:26)(time 23341 - 06:29:01) ->    6(time 23448 - 06:30:48)(time 23618 - 06:33:38) ->    7(time 23725 - 06:35:25)(time 23882 - 06:38:02) ->    8(time 23989 - 06:39:49)(time 24152 - 06:42:32) ->    9(time 24259 - 06:44:19)(time 24439 - 06:47:19) ->    10(time 24715 - 06:51:55)(time 24715 - 06:51:55) -> 21
> Trip 4
   21(time 24991 - 06:56:31)(time 25171 - 06:59:31) ->    20(time 25278 - 07:01:18)(time 25441 - 07:04:01) ->    19(time 25548 - 07:05:48)(time 25705 - 07:08:25) ->    18(time 25812 - 07:10:12)(time 25982 - 07:13:02) ->    17(time 26089 - 07:14:49)(time 26244 - 07:17:24) ->    16(time 26351 - 07:19:11)(time 26500 - 07:21:40) ->    15(time 26607 - 07:23:27)(time 26773 - 07:26:13) ->    14(time 26880 - 07:28:00)(time 27034 - 07:30:34) ->    13(time 27141 - 07:32:21)(time 27295 - 07:34:55) ->    12(time 27402 - 07:36:42)(time 27563 - 07:39:23) ->    11(time 27839 - 07:43:59)(time 27839 - 07:43:59) ->    0(time 28115 - 07:48:35)(time 28276 - 07:51:16) ->    1(time 28383 - 07:53:03)(time 28537 - 07:55:37) ->    2(time 28644 - 07:57:24)(time 28798 - 07:59:58) ->    3(time 28905 - 08:01:45)(time 29071 - 08:04:31) ->    4(time 29178 - 08:06:18)(time 29327 - 08:08:47) ->    5(time 29434 - 08:10:34)(time 29589 - 08:13:09) ->    6(time 29696 - 08:14:56)(time 29866 - 08:17:46) ->    7(time 29973 - 08:19:33)(time 30130 - 08:22:10) ->    8(time 30237 - 08:23:57)(time 30400 - 08:26:40) ->    9(time 30507 - 08:28:27)(time 30687 - 08:31:27) ->    10(time 30963 - 08:36:03)(time 30963 - 08:36:03) -> 21
> Trip 5
   21(time 31346 - 08:42:26)(time 31526 - 08:45:26) ->    20(time 31633 - 08:47:13)(time 31796 - 08:49:56) ->    19(time 31903 - 08:51:43)(time 32060 - 08:54:20) ->    18(time 32167 - 08:56:07)(time 32337 - 08:58:57) ->    17(time 32444 - 09:00:44)(time 32599 - 09:03:19) ->    16(time 32706 - 09:05:06)(time 32855 - 09:07:35) ->    15(time 32962 - 09:09:22)(time 33128 - 09:12:08) ->    14(time 33404 - 09:16:44)(time 33558 - 09:19:18) ->    13(time 33665 - 09:21:05)(time 33819 - 09:23:39) ->    12(time 33926 - 09:25:26)(time 34087 - 09:28:07) ->    11(time 34363 - 09:32:43)(time 34363 - 09:32:43) ->    0(time 34639 - 09:37:19)(time 34800 - 09:40:00) ->    1(time 34907 - 09:41:47)(time 35061 - 09:44:21) ->    2(time 35168 - 09:46:08)(time 35322 - 09:48:42) ->    3(time 35429 - 09:50:29)(time 35595 - 09:53:15) ->    4(time 35702 - 09:55:02)(time 35851 - 09:57:31) ->    5(time 35958 - 09:59:18)(time 36113 - 10:01:53) ->    6(time 36220 - 10:03:40)(time 36390 - 10:06:30) ->    7(time 36497 - 10:08:17)(time 36654 - 10:10:54) ->    8(time 36761 - 10:12:41)(time 36924 - 10:15:24) ->    9(time 37031 - 10:17:11)(time 37211 - 10:20:11) ->    10(time 37487 - 10:24:47)(time 37487 - 10:24:47) -> 21
> Trip 6
   21(time 38039 - 10:33:59)(time 38219 - 10:36:59) ->    20(time 38326 - 10:38:46)(time 38489 - 10:41:29) ->    19(time 38596 - 10:43:16)(time 38753 - 10:45:53) ->    18(time 38860 - 10:47:40)(time 39030 - 10:50:30) ->    17(time 39137 - 10:52:17)(time 39292 - 10:54:52) ->    16(time 39399 - 10:56:39)(time 39548 - 10:59:08) ->    15(time 39655 - 11:00:55)(time 39821 - 11:03:41) ->    14(time 39928 - 11:05:28)(time 40082 - 11:08:02) ->    13(time 40189 - 11:09:49)(time 40343 - 11:12:23) ->    12(time 40450 - 11:14:10)(time 40611 - 11:16:51) ->    11(time 40887 - 11:21:27)(time 40887 - 11:21:27) ->    0(time 40887 - 11:21:27)(time 41048 - 11:24:08) ->    1(time 41155 - 11:25:55)(time 41309 - 11:28:29) ->    2(time 41416 - 11:30:16)(time 41570 - 11:32:50) ->    3(time 41677 - 11:34:37)(time 41843 - 11:37:23) ->    4(time 41950 - 11:39:10)(time 42099 - 11:41:39) ->    5(time 42206 - 11:43:26)(time 42361 - 11:46:01) ->    6(time 42468 - 11:47:48)(time 42638 - 11:50:38) ->    7(time 42745 - 11:52:25)(time 42902 - 11:55:02) ->    8(time 43116 - 11:58:36)(time 43279 - 12:01:19) ->    9(time 43555 - 12:05:55)(time 43735 - 12:08:55) ->    10(time 44011 - 12:13:31)(time 44011 - 12:13:31) -> 21
=============
Train 2
=============
> Trip 0
   21(time 107 - 00:01:47)(time 287 - 00:04:47) ->    20(time 394 - 00:06:34)(time 557 - 00:09:17) ->    19(time 664 - 00:11:04)(time 821 - 00:13:41) ->    18(time 1097 - 00:18:17)(time 1267 - 00:21:07) ->    17(time 1374 - 00:22:54)(time 1529 - 00:25:29) ->    16(time 1636 - 00:27:16)(time 1785 - 00:29:45) ->    15(time 1892 - 00:31:32)(time 2058 - 00:34:18) ->    14(time 2165 - 00:36:05)(time 2319 - 00:38:39) ->    13(time 2426 - 00:40:26)(time 2580 - 00:43:00) ->    12(time 2687 - 00:44:47)(time 2848 - 00:47:28) ->    11(time 3124 - 00:52:04)(time 3124 - 00:52:04) ->    0(time 3231 - 00:53:51)(time 3392 - 00:56:32) ->    1(time 3499 - 00:58:19)(time 3653 - 01:00:53) ->    2(time 3929 - 01:05:29)(time 4083 - 01:08:03) ->    3(time 4190 - 01:09:50)(time 4356 - 01:12:36) ->    4(time 4463 - 01:14:23)(time 4612 - 01:16:52) ->    5(time 4719 - 01:18:39)(time 4874 - 01:21:14) ->    6(time 4981 - 01:23:01)(time 5151 - 01:25:51) ->    7(time 5258 - 01:27:38)(time 5415 - 01:30:15) ->    8(time 5522 - 01:32:02)(time 5685 - 01:34:45) ->    9(time 5792 - 01:36:32)(time 5972 - 01:39:32) ->    10(time 6248 - 01:44:08)(time 6248 - 01:44:08) -> 21
> Trip 1
   21(time 6800 - 01:53:20)(time 6980 - 01:56:20) ->    20(time 7087 - 01:58:07)(time 7250 - 02:00:50) ->    19(time 7357 - 02:02:37)(time 7514 - 02:05:14) ->    18(time 7621 - 02:07:01)(time 7791 - 02:09:51) ->    17(time 7898 - 02:11:38)(time 8053 - 02:14:13) ->    16(time 8160 - 02:16:00)(time 8309 - 02:18:29) ->    15(time 8416 - 02:20:16)(time 8582 - 02:23:02) ->    14(time 8689 - 02:24:49)(time 8843 - 02:27:23) ->    13(time 8950 - 02:29:10)(time 9104 - 02:31:44) ->    12(time 9211 - 02:33:31)(time 9372 - 02:36:12) ->    11(time 9648 - 02:40:48)(time 9648 - 02:40:48) ->    0(time 9648 - 02:40:48)(time 9809 - 02:43:29) ->    1(time 10192 - 02:49:52)(time 10346 - 02:52:26) ->    2(time 10453 - 02:54:13)(time 10607 - 02:56:47) ->    3(time 10714 - 02:58:34)(time 10880 - 03:01:20) ->    4(time 10987 - 03:03:07)(time 11136 - 03:05:36) ->    5(time 11243 - 03:07:23)(time 11398 - 03:09:58) ->    6(time 11505 - 03:11:45)(time 11675 - 03:14:35) ->    7(time 11782 - 03:16:22)(time 11939 - 03:18:59) ->    8(time 12046 - 03:20:46)(time 12209 - 03:23:29) ->    9(time 12316 - 03:25:16)(time 12496 - 03:28:16) ->    10(time 12878 - 03:34:38)(time 12878 - 03:34:38) -> 21
> Trip 2
   21(time 12878 - 03:34:38)(time 13058 - 03:37:38) ->    20(time 13165 - 03:39:25)(time 13328 - 03:42:08) ->    19(time 13604 - 03:46:44)(time 13761 - 03:49:21) ->    18(time 13868 - 03:51:08)(time 14038 - 03:53:58) ->    17(time 14145 - 03:55:45)(time 14300 - 03:58:20) ->    16(time 14407 - 04:00:07)(time 14556 - 04:02:36) ->    15(time 14663 - 04:04:23)(time 14829 - 04:07:09) ->    14(time 14936 - 04:08:56)(time 15090 - 04:11:30) ->    13(time 15197 - 04:13:17)(time 15351 - 04:15:51) ->    12(time 15458 - 04:17:38)(time 15619 - 04:20:19) ->    11(time 16002 - 04:26:42)(time 16002 - 04:26:42) ->    0(time 16002 - 04:26:42)(time 16163 - 04:29:23) ->    1(time 16270 - 04:31:10)(time 16424 - 04:33:44) ->    2(time 16531 - 04:35:31)(time 16685 - 04:38:05) ->    3(time 16961 - 04:42:41)(time 17127 - 04:45:27) ->    4(time 17234 - 04:47:14)(time 17383 - 04:49:43) ->    5(time 17490 - 04:51:30)(time 17645 - 04:54:05) ->    6(time 17752 - 04:55:52)(time 17922 - 04:58:42) ->    7(time 18029 - 05:00:29)(time 18186 - 05:03:06) ->    8(time 18293 - 05:04:53)(time 18456 - 05:07:36) ->    9(time 18563 - 05:09:23)(time 18743 - 05:12:23) ->    10(time 19266 - 05:21:06)(time 19266 - 05:21:06) -> 21
> Trip 3
   21(time 19295 - 05:21:35)(time 19475 - 05:24:35) ->    20(time 19582 - 05:26:22)(time 19745 - 05:29:05) ->    19(time 19852 - 05:30:52)(time 20009 - 05:33:29) ->    18(time 20116 - 05:35:16)(time 20286 - 05:38:06) ->    17(time 20393 - 05:39:53)(time 20548 - 05:42:28) ->    16(time 20655 - 05:44:15)(time 20804 - 05:46:44) ->    15(time 20911 - 05:48:31)(time 21077 - 05:51:17) ->    14(time 21184 - 05:53:04)(time 21338 - 05:55:38) ->    13(time 21445 - 05:57:25)(time 21599 - 05:59:59) ->    12(time 21706 - 06:01:46)(time 21867 - 06:04:27) ->    11(time 22143 - 06:09:03)(time 22143 - 06:09:03) ->    0(time 22419 - 06:13:39)(time 22580 - 06:16:20) ->    1(time 22687 - 06:18:07)(time 22841 - 06:20:41) ->    2(time 22948 - 06:22:28)(time 23102 - 06:25:02) ->    3(time 23209 - 06:26:49)(time 23375 - 06:29:35) ->    4(time 23482 - 06:31:22)(time 23631 - 06:33:51) ->    5(time 23738 - 06:35:38)(time 23893 - 06:38:13) ->    6(time 24000 - 06:40:00)(time 24170 - 06:42:50) ->    7(time 24277 - 06:44:37)(time 24434 - 06:47:14) ->    8(time 24541 - 06:49:01)(time 24704 - 06:51:44) ->    9(time 24811 - 06:53:31)(time 24991 - 06:56:31) ->    10(time 25267 - 07:01:07)(time 25267 - 07:01:07) -> 21
> Trip 4
   21(time 25267 - 07:01:07)(time 25447 - 07:04:07) ->    20(time 25554 - 07:05:54)(time 25717 - 07:08:37) ->    19(time 25824 - 07:10:24)(time 25981 - 07:13:01) ->    18(time 26088 - 07:14:48)(time 26258 - 07:17:38) ->    17(time 26365 - 07:19:25)(time 26520 - 07:22:00) ->    16(time 26627 - 07:23:47)(time 26776 - 07:26:16) ->    15(time 26883 - 07:28:03)(time 27049 - 07:30:49) ->    14(time 27156 - 07:32:36)(time 27310 - 07:35:10) ->    13(time 27417 - 07:36:57)(time 27571 - 07:39:31) ->    12(time 27678 - 07:41:18)(time 27839 - 07:43:59) ->    11(time 28115 - 07:48:35)(time 28115 - 07:48:35) ->    0(time 28222 - 07:50:22)(time 28383 - 07:53:03) ->    1(time 28490 - 07:54:50)(time 28644 - 07:57:24) ->    2(time 28751 - 07:59:11)(time 28905 - 08:01:45) ->    3(time 29012 - 08:03:32)(time 29178 - 08:06:18) ->    4(time 29285 - 08:08:05)(time 29434 - 08:10:34) ->    5(time 29541 - 08:12:21)(time 29696 - 08:14:56) ->    6(time 29803 - 08:16:43)(time 29973 - 08:19:33) ->    7(time 30080 - 08:21:20)(time 30237 - 08:23:57) ->    8(time 30344 - 08:25:44)(time 30507 - 08:28:27) ->    9(time 30783 - 08:33:03)(time 30963 - 08:36:03) ->    10(time 31239 - 08:40:39)(time 31239 - 08:40:39) -> 21
> Trip 5
   21(time 31239 - 08:40:39)(time 31419 - 08:43:39) ->    20(time 31526 - 08:45:26)(time 31689 - 08:48:09) ->    19(time 31796 - 08:49:56)(time 31953 - 08:52:33) ->    18(time 32060 - 08:54:20)(time 32230 - 08:57:10) ->    17(time 32337 - 08:58:57)(time 32492 - 09:01:32) ->    16(time 32599 - 09:03:19)(time 32748 - 09:05:48) ->    15(time 32855 - 09:07:35)(time 33021 - 09:10:21) ->    14(time 33128 - 09:12:08)(time 33282 - 09:14:42) ->    13(time 33389 - 09:16:29)(time 33543 - 09:19:03) ->    12(time 33650 - 09:20:50)(time 33811 - 09:23:31) ->    11(time 34087 - 09:28:07)(time 34087 - 09:28:07) ->    0(time 34363 - 09:32:43)(time 34524 - 09:35:24) ->    1(time 34631 - 09:37:11)(time 34785 - 09:39:45) ->    2(time 34892 - 09:41:32)(time 35046 - 09:44:06) ->    3(time 35153 - 09:45:53)(time 35319 - 09:48:39) ->    4(time 35426 - 09:50:26)(time 35575 - 09:52:55) ->    5(time 35682 - 09:54:42)(time 35837 - 09:57:17) ->    6(time 35944 - 09:59:04)(time 36114 - 10:01:54) ->    7(time 36221 - 10:03:41)(time 36378 - 10:06:18) ->    8(time 36485 - 10:08:05)(time 36648 - 10:10:48) ->    9(time 36755 - 10:12:35)(time 36935 - 10:15:35) ->    10(time 37211 - 10:20:11)(time 37211 - 10:20:11) -> 21
> Trip 6
   21(time 37487 - 10:24:47)(time 37667 - 10:27:47) ->    20(time 37774 - 10:29:34)(time 37937 - 10:32:17) ->    19(time 38044 - 10:34:04)(time 38201 - 10:36:41) ->    18(time 38308 - 10:38:28)(time 38478 - 10:41:18) ->    17(time 38585 - 10:43:05)(time 38740 - 10:45:40) ->    16(time 38847 - 10:47:27)(time 38996 - 10:49:56) ->    15(time 39103 - 10:51:43)(time 39269 - 10:54:29) ->    14(time 39376 - 10:56:16)(time 39530 - 10:58:50) ->    13(time 39637 - 11:00:37)(time 39791 - 11:03:11) ->    12(time 39898 - 11:04:58)(time 40059 - 11:07:39) ->    11(time 40335 - 11:12:15)(time 40335 - 11:12:15) ->    0(time 40611 - 11:16:51)(time 40772 - 11:19:32) ->    1(time 40879 - 11:21:19)(time 41033 - 11:23:53) ->    2(time 41140 - 11:25:40)(time 41294 - 11:28:14) ->    3(time 41401 - 11:30:01)(time 41567 - 11:32:47) ->    4(time 41674 - 11:34:34)(time 41823 - 11:37:03) ->    5(time 41930 - 11:38:50)(time 42085 - 11:41:25) ->    6(time 42192 - 11:43:12)(time 42362 - 11:46:02) ->    7(time 42469 - 11:47:49)(time 42626 - 11:50:26) ->    8(time 42733 - 11:52:13)(time 42896 - 11:54:56) ->    9(time 43003 - 11:56:43)(time 43183 - 11:59:43) ->    10(time 43459 - 12:04:19)(time 43459 - 12:04:19) -> 21
----- t3p12r2h3.txt-model.log -----
	arc #10 [16][15]: 798
	arc #11 [5][6]: 785
	arc #12 [17][16]: 805
	arc #13 [6][7]: 859
	arc #14 [18][17]: 785
	arc #15 [7][8]: 842
	arc #16 [19][18]: 859
	arc #17 [8][9]: 835
	arc #18 [20][19]: 842
	arc #19 [9][10]: 789
	arc #20 [21][20]: 835
	arc #21 [10][11]: 782
	arc #22 [22][21]: 789
	arc #23 [23][22]: 767
	arc #24 [11][23]: 0
	arc #25 [23][11]: 0

cost with maximum service...
	arc #0 [0][1]: 1269
	arc #1 [0][12]: 579
	arc #2 [12][0]: 579
	arc #3 [1][2]: 1346
	arc #4 [13][12]: 1269
	arc #5 [2][3]: 1333
	arc #6 [14][13]: 1346
	arc #7 [3][4]: 1261
	arc #8 [15][14]: 1333
	arc #9 [4][5]: 1268
	arc #10 [16][15]: 1261
	arc #11 [5][6]: 1248
	arc #12 [17][16]: 1268
	arc #13 [6][7]: 1322
	arc #14 [18][17]: 1248
	arc #15 [7][8]: 1305
	arc #16 [19][18]: 1322
	arc #17 [8][9]: 1298
	arc #18 [20][19]: 1305
	arc #19 [9][10]: 1252
	arc #20 [21][20]: 1298
	arc #21 [10][11]: 1230
	arc #22 [22][21]: 1252
	arc #23 [23][22]: 1230
	arc #24 [11][23]: 579
	arc #25 [23][11]: 579

demands...
	demands of vertex 0 at time interval: 1     1     1
	demands of vertex 1 at time interval: 1     1     1
	demands of vertex 2 at time interval: 1     1     1
	demands of vertex 3 at time interval: 1     1     1
	demands of vertex 4 at time interval: 1     1     1
	demands of vertex 5 at time interval: 1     1     1
	demands of vertex 6 at time interval: 1     1     1
	demands of vertex 7 at time interval: 1     1     1
	demands of vertex 8 at time interval: 1     1     1
	demands of vertex 9 at time interval: 1     1     1
	demands of vertex 10 at time interval: 1     1     1
	demands of vertex 11 at time interval: 0     0     0
	demands of vertex 12 at time interval: 0     0     0
	demands of vertex 13 at time interval: 1     1     1
	demands of vertex 14 at time interval: 1     1     1
	demands of vertex 15 at time interval: 1     1     1
	demands of vertex 16 at time interval: 1     1     1
	demands of vertex 17 at time interval: 1     1     1
	demands of vertex 18 at time interval: 1     1     1
	demands of vertex 19 at time interval: 1     1     1
	demands of vertex 20 at time interval: 1     1     1
	demands of vertex 21 at time interval: 1     1     1
	demands of vertex 22 at time interval: 1     1     1
	demands of vertex 23 at time interval: 1     1     1

maximum time = 58976
alpha = 66

>> Solving...
Version identifier: 20.1.0.0 | 2020-11-10 | 9bedb6d68
CPXPARAM_Threads                                 1
CPXPARAM_TimeLimit                               43200
Tried aggregator 4 times.
MIP Presolve eliminated 13429 rows and 2211 columns.
MIP Presolve modified 32022 coefficients.
Aggregator did 288 substitutions.
Reduced MIP has 32292 rows, 12247 columns, and 79032 nonzeros.
Reduced MIP has 12102 binaries, 0 generals, 0 SOSs, and 0 indicators.
Presolve time = 2.15 sec. (1099.47 ticks)
Found incumbent of value 58976.000000 after 3.10 sec. (1459.24 ticks)
Probing fixed 66 vars, tightened 104 bounds.
Probing time = 1.06 sec. (415.09 ticks)
Tried aggregator 1 time.
Detecting symmetries...
MIP Presolve eliminated 66 rows and 66 columns.
MIP Presolve modified 2253 coefficients.
Reduced MIP has 32226 rows, 12181 columns, and 78772 nonzeros.
Reduced MIP has 12036 binaries, 0 generals, 0 SOSs, and 0 indicators.
Presolve time = 0.85 sec. (940.30 ticks)
Probing fixed 0 vars, tightened 61 bounds.
Probing time = 0.67 sec. (163.42 ticks)
Clique table members: 53776.
MIP emphasis: balance optimality and feasibility.
MIP search method: dynamic search.
Parallel mode: none, using 1 thread.
Root relaxation solution time = 1.23 sec. (817.79 ticks)

        Nodes                                         Cuts/
   Node  Left     Objective  IInf  Best Integer    Best Bound    ItCnt     Gap

*     0+    0                        58976.0000        0.0000           100.00%
      0     0        0.0000  1722    58976.0000        0.0000     2816  100.00%
      0     0       16.1265  5726    58976.0000    Cuts: 1847     8709   99.97%
      0     0      129.1063  6125    58976.0000    Cuts: 2391     9551   99.78%
      0     0     1262.9180  6125    58976.0000    Cuts: 2473    11844   97.86%
*     0+    0                        57425.0000     1262.9180            97.80%
      0     0  -1.00000e+75     0    57425.0000     1262.9180    11844   97.80%
      0     0     5707.2852  3709    57425.0000    Cuts: 1742    22106   90.06%
      0     0     6688.8880  2735    57425.0000     Cuts: 959    24810   88.35%

Repeating presolve.
Tried aggregator 1 time.
MIP Presolve eliminated 27546 rows and 11020 columns.
MIP Presolve modified 1570 coefficients.
Reduced MIP has 4680 rows, 1161 columns, and 12622 nonzeros.
Reduced MIP has 1016 binaries, 0 generals, 0 SOSs, and 0 indicators.
Presolve time = 0.18 sec. (70.04 ticks)
Probing fixed 0 vars, tightened 103 bounds.
Probing time = 0.12 sec. (99.42 ticks)
Cover probing fixed 0 vars, tightened 61 bounds.
Tried aggregator 1 time.
Detecting symmetries...
MIP Presolve eliminated 3 rows and 0 columns.
MIP Presolve modified 2104 coefficients.
Reduced MIP has 4677 rows, 1161 columns, and 12616 nonzeros.
Reduced MIP has 1016 binaries, 0 generals, 0 SOSs, and 0 indicators.
Presolve time = 0.04 sec. (21.51 ticks)
Represolve time = 0.45 sec. (209.76 ticks)
Probing fixed 0 vars, tightened 1 bounds.
Probing time = 0.02 sec. (10.97 ticks)
Clique table members: 9710.
MIP emphasis: balance optimality and feasibility.
MIP search method: dynamic search.
Parallel mode: none, using 1 thread.
Root relaxation solution time = 0.15 sec. (87.82 ticks)

        Nodes                                         Cuts/
   Node  Left     Objective  IInf  Best Integer    Best Bound    ItCnt     Gap

*     0+    0                        57425.0000    16556.9994            71.17%
      0     0    16556.9994   413    57425.0000    16556.9994    26078   71.17%
      0     0    16556.9994   649    57425.0000    Cuts: 1034    26801   71.17%
      0     0    16556.9994   714    57425.0000    Cuts: 1115    27180   71.17%
      0     2    16556.9994   594    57425.0000    16556.9994    27180   71.17%
Elapsed time = 31.24 sec. (18769.31 ticks, tree = 0.01 MB, solutions = 2)
*    30+    8                        37773.0000    18108.0000            52.06%
     31     9    36085.0000   241    37773.0000    18108.0000    30119   52.06%
     95    43    36985.0000   263    37773.0000    18108.0953    32640   52.06%
    164    73    36985.0000   254    37773.0000    25372.0000    34881   32.83%
*   210+   86                        37767.0000    36085.0000             4.45%
*   237    72      integral     0    37116.0000    36085.0000    36788    2.78%
    240    73    36085.0000   136    37116.0000    36085.0000    36903    2.78%
    327    99    36985.0000    24    37116.0000    36085.0000    38542    2.78%
*   329    32      integral     0    36985.0000    36085.0000    38554    2.43%

Clique cuts applied:  175
Implied bound cuts applied:  40
Flow cuts applied:  9
Mixed integer rounding cuts applied:  56

Root node processing (before b&c):
  Real time             =   31.21 sec. (18755.89 ticks)
Sequential b&c:
  Real time             =    2.74 sec. (1286.46 ticks)
                          ------------
Total (root+branch&cut) =   33.95 sec. (20042.35 ticks)
Optimal

>> Printing some results...
    -> Solution value = 36985 - 10:16:25
    -> Total time = 33.95
    -> Gap value = 0.00

=============
Train 0
=============
> Trip 0
   23(time 20815 - 05:46:55)(time 21466 - 05:57:46) ->    22(time 21582 - 05:59:42)(time 22255 - 06:10:55) ->    21(time 22371 - 06:12:51)(time 23090 - 06:24:50) ->    20(time 23206 - 06:26:46)(time 23932 - 06:38:52) ->    19(time 24048 - 06:40:48)(time 24791 - 06:53:11) ->    18(time 24907 - 06:55:07)(time 25576 - 07:06:16) ->    17(time 25692 - 07:08:12)(time 26381 - 07:19:41) ->    16(time 26497 - 07:21:37)(time 27179 - 07:32:59) ->    15(time 27295 - 07:34:55)(time 28049 - 07:47:29) ->    14(time 28165 - 07:49:25)(time 28932 - 08:02:12) ->    13(time 29048 - 08:04:08)(time 29738 - 08:15:38) ->    12(time 29869 - 08:17:49)(time 29869 - 08:17:49) ->    0(time 30000 - 08:20:00)(time 30690 - 08:31:30) ->    1(time 30806 - 08:33:26)(time 31573 - 08:46:13) ->    2(time 31689 - 08:48:09)(time 32443 - 09:00:43) ->    3(time 32559 - 09:02:39)(time 33241 - 09:14:01) ->    4(time 33357 - 09:15:57)(time 34046 - 09:27:26) ->    5(time 34162 - 09:29:22)(time 34831 - 09:40:31) ->    6(time 34947 - 09:42:27)(time 35690 - 09:54:50) ->    7(time 35806 - 09:56:46)(time 36532 - 10:08:52) ->    8(time 36648 - 10:10:48)(time 37367 - 10:22:47) ->    9(time 37483 - 10:24:43)(time 38156 - 10:35:56) ->    10(time 38272 - 10:37:52)(time 38923 - 10:48:43) ->    11(time 39054 - 10:50:54)(time 39054 - 10:50:54) -> 23
> Trip 1
   23(time 39317 - 10:55:17)(time 39968 - 11:06:08) ->    22(time 40084 - 11:08:04)(time 40757 - 11:19:17) ->    21(time 40873 - 11:21:13)(time 41592 - 11:33:12) ->    20(time 41708 - 11:35:08)(time 42434 - 11:47:14) ->    19(time 42550 - 11:49:10)(time 43293 - 12:01:33) ->    18(time 43409 - 12:03:29)(time 44078 - 12:14:38) ->    17(time 44194 - 12:16:34)(time 44883 - 12:28:03) ->    16(time 44999 - 12:29:59)(time 45681 - 12:41:21) ->    15(time 45797 - 12:43:17)(time 46551 - 12:55:51) ->    14(time 46667 - 12:57:47)(time 47434 - 13:10:34) ->    13(time 47550 - 13:12:30)(time 48240 - 13:24:00) ->    12(time 48371 - 13:26:11)(time 48371 - 13:26:11) ->    0(time 48371 - 13:26:11)(time 49061 - 13:37:41) ->    1(time 49177 - 13:39:37)(time 49944 - 13:52:24) ->    2(time 50060 - 13:54:20)(time 50814 - 14:06:54) ->    3(time 50930 - 14:08:50)(time 51612 - 14:20:12) ->    4(time 51728 - 14:22:08)(time 52417 - 14:33:37) ->    5(time 52533 - 14:35:33)(time 53202 - 14:46:42) ->    6(time 53318 - 14:48:38)(time 54061 - 15:01:01) ->    7(time 54177 - 15:02:57)(time 54903 - 15:15:03) ->    8(time 55019 - 15:16:59)(time 55738 - 15:28:58) ->    9(time 55854 - 15:30:54)(time 56527 - 15:42:07) ->    10(time 56643 - 15:44:03)(time 57294 - 15:54:54) ->    11(time 57425 - 15:57:05)(time 57425 - 15:57:05) -> 23
=============
Train 1
=============
> Trip 0
   23(time 2448 - 00:40:48)(time 3099 - 00:51:39) ->    22(time 3215 - 00:53:35)(time 3888 - 01:04:48) ->    21(time 4004 - 01:06:44)(time 4723 - 01:18:43) ->    20(time 4839 - 01:20:39)(time 5565 - 01:32:45) ->    19(time 5681 - 01:34:41)(time 6424 - 01:47:04) ->    18(time 6540 - 01:49:00)(time 7209 - 02:00:09) ->    17(time 7325 - 02:02:05)(time 8014 - 02:13:34) ->    16(time 8130 - 02:15:30)(time 8812 - 02:26:52) ->    15(time 8928 - 02:28:48)(time 9682 - 02:41:22) ->    14(time 9813 - 02:43:33)(time 10580 - 02:56:20) ->    13(time 10696 - 02:58:16)(time 11386 - 03:09:46) ->    12(time 11517 - 03:11:57)(time 11517 - 03:11:57) ->    0(time 11517 - 03:11:57)(time 12207 - 03:23:27) ->    1(time 12323 - 03:25:23)(time 13090 - 03:38:10) ->    2(time 13206 - 03:40:06)(time 13960 - 03:52:40) ->    3(time 14076 - 03:54:36)(time 14758 - 04:05:58) ->    4(time 14874 - 04:07:54)(time 15563 - 04:19:23) ->    5(time 15679 - 04:21:19)(time 16348 - 04:32:28) ->    6(time 16464 - 04:34:24)(time 17207 - 04:46:47) ->    7(time 17323 - 04:48:43)(time 18049 - 05:00:49) ->    8(time 18165 - 05:02:45)(time 18884 - 05:14:44) ->    9(time 19000 - 05:16:40)(time 19673 - 05:27:53) ->    10(time 19789 - 05:29:49)(time 20440 - 05:40:40) ->    11(time 20571 - 05:42:51)(time 20571 - 05:42:51) -> 23
> Trip 1
   23(time 20931 - 05:48:51)(time 21582 - 05:59:42) ->    22(time 21698 - 06:01:38)(time 22371 - 06:12:51) ->    21(time 22487 - 06:14:47)(time 23206 - 06:26:46) ->    20(time 23322 - 06:28:42)(time 24048 - 06:40:48) ->    19(time 24164 - 06:42:44)(time 24907 - 06:55:07) ->    18(time 25023 - 06:57:03)(time 25692 - 07:08:12) ->    17(time 25808 - 07:10:08)(time 26497 - 07:21:37) ->    16(time 26613 - 07:23:33)(time 27295 - 07:34:55) ->    15(time 27411 - 07:36:51)(time 28165 - 07:49:25) ->    14(time 28281 - 07:51:21)(time 29048 - 08:04:08) ->    13(time 29179 - 08:06:19)(time 29869 - 08:17:49) ->    12(time 30000 - 08:20:00)(time 30000 - 08:20:00) ->    0(time 30131 - 08:22:11)(time 30821 - 08:33:41) ->    1(time 30937 - 08:35:37)(time 31704 - 08:48:24) ->    2(time 31820 - 08:50:20)(time 32574 - 09:02:54) ->    3(time 32690 - 09:04:50)(time 33372 - 09:16:12) ->    4(time 33488 - 09:18:08)(time 34177 - 09:29:37) ->    5(time 34293 - 09:31:33)(time 34962 - 09:42:42) ->    6(time 35078 - 09:44:38)(time 35821 - 09:57:01) ->    7(time 35937 - 09:58:57)(time 36663 - 10:11:03) ->    8(time 36779 - 10:12:59)(time 37498 - 10:24:58) ->    9(time 37614 - 10:26:54)(time 38287 - 10:38:07) ->    10(time 38403 - 10:40:03)(time 39054 - 10:50:54) ->    11(time 39185 - 10:53:05)(time 39185 - 10:53:05) -> 23
=============
Train 2
=============
> Trip 0
   23(time 2332 - 00:38:52)(time 2983 - 00:49:43) ->    22(time 3099 - 00:51:39)(time 3772 - 01:02:52) ->    21(time 3888 - 01:04:48)(time 4607 - 01:16:47) ->    20(time 4723 - 01:18:43)(time 5449 - 01:30:49) ->    19(time 5565 - 01:32:45)(time 6308 - 01:45:08) ->    18(time 6424 - 01:47:04)(time 7093 - 01:58:13) ->    17(time 7209 - 02:00:09)(time 7898 - 02:11:38) ->    16(time 8014 - 02:13:34)(time 8696 - 02:24:56) ->    15(time 8812 - 02:26:52)(time 9566 - 02:39:26) ->    14(time 9682 - 02:41:22)(time 10449 - 02:54:09) ->    13(time 10565 - 02:56:05)(time 11255 - 03:07:35) ->    12(time 11386 - 03:09:46)(time 11386 - 03:09:46) ->    0(time 11386 - 03:09:46)(time 12076 - 03:21:16) ->    1(time 12192 - 03:23:12)(time 12959 - 03:35:59) ->    2(time 13075 - 03:37:55)(time 13829 - 03:50:29) ->    3(time 13945 - 03:52:25)(time 14627 - 04:03:47) ->    4(time 14743 - 04:05:43)(time 15432 - 04:17:12) ->    5(time 15548 - 04:19:08)(time 16217 - 04:30:17) ->    6(time 16333 - 04:32:13)(time 17076 - 04:44:36) ->    7(time 17192 - 04:46:32)(time 17918 - 04:58:38) ->    8(time 18034 - 05:00:34)(time 18753 - 05:12:33) ->    9(time 18869 - 05:14:29)(time 19542 - 05:25:42) ->    10(time 19658 - 05:27:38)(time 20309 - 05:38:29) ->    11(time 20440 - 05:40:40)(time 20440 - 05:40:40) -> 23
> Trip 1
   23(time 21077 - 05:51:17)(time 21728 - 06:02:08) ->    22(time 21844 - 06:04:04)(time 22517 - 06:15:17) ->    21(time 22633 - 06:17:13)(time 23352 - 06:29:12) ->    20(time 23468 - 06:31:08)(time 24194 - 06:43:14) ->    19(time 24310 - 06:45:10)(time 25053 - 06:57:33) ->    18(time 25169 - 06:59:29)(time 25838 - 07:10:38) ->    17(time 25954 - 07:12:34)(time 26643 - 07:24:03) ->    16(time 26759 - 07:25:59)(time 27441 - 07:37:21) ->    15(time 27557 - 07:39:17)(time 28311 - 07:51:51) ->    14(time 28427 - 07:53:47)(time 29194 - 08:06:34) ->    13(time 29310 - 08:08:30)(time 30000 - 08:20:00) ->    12(time 30247 - 08:24:07)(time 30247 - 08:24:07) ->    0(time 30247 - 08:24:07)(time 30937 - 08:35:37) ->    1(time 31053 - 08:37:33)(time 31820 - 08:50:20) ->    2(time 31936 - 08:52:16)(time 32690 - 09:04:50) ->    3(time 32806 - 09:06:46)(time 33488 - 09:18:08) ->    4(time 33604 - 09:20:04)(time 34293 - 09:31:33) ->    5(time 34409 - 09:33:29)(time 35078 - 09:44:38) ->    6(time 35194 - 09:46:34)(time 35937 - 09:58:57) ->    7(time 36053 - 10:00:53)(time 36779 - 10:12:59) ->    8(time 36895 - 10:14:55)(time 37614 - 10:26:54) ->    9(time 37730 - 10:28:50)(time 38403 - 10:40:03) ->    10(time 38534 - 10:42:14)(time 39185 - 10:53:05) ->    11(time 39316 - 10:55:16)(time 39316 - 10:55:16) -> 23
----- t3p13r12h2.txt-model.log -----
  30030  7429    infeasible          17968.0000    17440.0000  1501415    2.94%
  30304  7481    17704.0000   130    17968.0000    17440.0000  1506198    2.94%
  30552  7510    17440.0000   206    17968.0000    17440.0000  1510839    2.94%
  30853  7539        cutoff          17968.0000    17440.0000  1515840    2.94%
  31115  7550    17704.0000   150    17968.0000    17440.0000  1521271    2.94%
Elapsed time = 1029.58 sec. (929856.58 ticks, tree = 47.15 MB, solutions = 9)
  31398  7603    infeasible          17968.0000    17440.0000  1525385    2.94%
  31683  7637    17905.0000   194    17968.0000    17440.0000  1530210    2.94%
  31932  7660    17440.0000   194    17968.0000    17440.0000  1535625    2.94%
  32192  7691    17704.0000   199    17968.0000    17440.0000  1540382    2.94%
  32481  7729    infeasible          17968.0000    17440.0000  1545462    2.94%
  32771  7755    infeasible          17968.0000    17440.0000  1551282    2.94%
  33061  7756    17727.0000   278    17968.0000    17463.0000  1556762    2.81%
  33360  7728    infeasible          17968.0000    17526.0000  1561454    2.46%
  33676  7705    infeasible          17968.0000    17526.0000  1566569    2.46%
  33969  7701        cutoff          17968.0000    17526.0000  1572171    2.46%
Elapsed time = 1069.05 sec. (969332.78 ticks, tree = 48.11 MB, solutions = 9)
  34284  7709    17905.0000   175    17968.0000    17526.0000  1576588    2.46%
  34570  7714    17704.0000   208    17968.0000    17526.0000  1580557    2.46%
  34847  7703    17526.0000   198    17968.0000    17526.0000  1586327    2.46%
  35144  7696    infeasible          17968.0000    17526.0000  1590812    2.46%
  35418  7710    17790.0000   236    17968.0000    17526.0000  1595580    2.46%
  35672  7726    17704.0000   204    17968.0000    17526.0000  1599652    2.46%
  36000  7721        cutoff          17968.0000    17555.0000  1604337    2.30%
  36273  7732    17819.0000   204    17968.0000    17555.0000  1609334    2.30%
  36561  7743    17819.0000   238    17968.0000    17555.0000  1614679    2.30%
  36869  7759        cutoff          17968.0000    17555.0000  1618690    2.30%
Elapsed time = 1109.21 sec. (1007942.80 ticks, tree = 48.48 MB, solutions = 9)
  37156  7753        cutoff          17968.0000    17555.0000  1622979    2.30%
  37475  7723    17819.0000   170    17968.0000    17555.0000  1627691    2.30%
  37745  7707    infeasible          17968.0000    17555.0000  1631888    2.30%
  38014  7723    infeasible          17968.0000    17555.0000  1636410    2.30%
  38325  7741    infeasible          17968.0000    17555.0000  1641663    2.30%
  38621  7769        cutoff          17968.0000    17555.0000  1646075    2.30%
  38930  7801    infeasible          17968.0000    17555.0000  1651053    2.30%
  39223  7828    17819.0000   224    17968.0000    17555.0000  1655384    2.30%
  39493  7846    infeasible          17968.0000    17555.0000  1659286    2.30%
  39761  7858    17905.0000   162    17968.0000    17555.0000  1663758    2.30%
Elapsed time = 1148.60 sec. (1046883.54 ticks, tree = 49.10 MB, solutions = 9)
  40016  7883        cutoff          17968.0000    17555.0000  1667847    2.30%
  40300  7895    infeasible          17968.0000    17555.0000  1671584    2.30%
  40608  7911    17819.0000   230    17968.0000    17555.0000  1675754    2.30%
  40896  7894        cutoff          17968.0000    17555.0000  1680404    2.30%
  41195  7892    17790.0000   158    17968.0000    17555.0000  1685011    2.30%
  41477  7925    17819.0000   164    17968.0000    17555.0000  1688594    2.30%
  41791  7934    infeasible          17968.0000    17555.0000  1692730    2.30%
  42074  7955    infeasible          17968.0000    17555.0000  1697180    2.30%
  42374  7979    17555.0000   238    17968.0000    17555.0000  1700599    2.30%
  42622  7972        cutoff          17968.0000    17555.0000  1705122    2.30%
Elapsed time = 1186.99 sec. (1085518.72 ticks, tree = 49.82 MB, solutions = 9)
  42867  7984    17704.0000   206    17968.0000    17555.0000  1709146    2.30%
  43170  8026    17555.0000   235    17968.0000    17555.0000  1713636    2.30%
  43436  8052    17819.0000   166    17968.0000    17555.0000  1717729    2.30%
  43698  8095    infeasible          17968.0000    17555.0000  1721316    2.30%
  44006  8099    infeasible          17968.0000    17555.0000  1725050    2.30%
  44276  8127    17670.0000   272    17968.0000    17555.0000  1729853    2.30%
  44577  8125    infeasible          17968.0000    17555.0000  1734023    2.30%
  44811  8109    17555.0000   178    17968.0000    17555.0000  1738751    2.30%
  45106  8124    17819.0000   197    17968.0000    17555.0000  1743474    2.30%
  45398  8120    infeasible          17968.0000    17612.0000  1748092    1.98%
Elapsed time = 1226.79 sec. (1124215.23 ticks, tree = 50.74 MB, solutions = 9)
  45712  8067    17876.0000   193    17968.0000    17612.0000  1752925    1.98%
  45999  8027    infeasible          17968.0000    17641.0000  1756972    1.82%
  46291  7985        cutoff          17968.0000    17641.0000  1760868    1.82%
  46586  7945    17819.0000   170    17968.0000    17641.0000  1764769    1.82%
  46900  7913    17641.0000   131    17968.0000    17641.0000  1768454    1.82%
  47199  7855    infeasible          17968.0000    17670.0000  1772010    1.66%
  47531  7809    17934.0000   142    17968.0000    17670.0000  1776272    1.66%
  47823  7761        cutoff          17968.0000    17670.0000  1780152    1.66%
  48136  7697    17934.0000   200    17968.0000    17670.0000  1783103    1.66%
  48413  7664    17704.0000   172    17968.0000    17704.0000  1786340    1.47%
Elapsed time = 1270.46 sec. (1162556.07 ticks, tree = 47.91 MB, solutions = 9)
  48713  7625    17704.0000   178    17968.0000    17704.0000  1790953    1.47%
  49011  7555        cutoff          17968.0000    17704.0000  1796089    1.47%
  49268  7505    17704.0000   174    17968.0000    17704.0000  1801012    1.47%
  49577  7453    17934.0000   146    17968.0000    17704.0000  1806239    1.47%
  49836  7413        cutoff          17968.0000    17704.0000  1810325    1.47%
  50121  7375    infeasible          17968.0000    17704.0000  1814768    1.47%
  50416  7338    infeasible          17968.0000    17704.0000  1819404    1.47%
  50719  7320    17704.0000   280    17968.0000    17704.0000  1823667    1.47%
  51006  7260    infeasible          17968.0000    17704.0000  1827944    1.47%
  51289  7171        cutoff          17968.0000    17704.0000  1834168    1.47%
Elapsed time = 1311.48 sec. (1201162.62 ticks, tree = 44.86 MB, solutions = 9)
  51565  7095    17704.0000   180    17968.0000    17704.0000  1837972    1.47%
  51844  7002        cutoff          17968.0000    17704.0000  1842579    1.47%
  52130  6928    infeasible          17968.0000    17704.0000  1846614    1.47%
  52403  6852        cutoff          17968.0000    17704.0000  1851580    1.47%
  52697  6800        cutoff          17968.0000    17704.0000  1856150    1.47%
  52964  6777        cutoff          17968.0000    17704.0000  1861108    1.47%
  53261  6720        cutoff          17968.0000    17704.0000  1865259    1.47%
  53556  6667    17704.0000   213    17968.0000    17704.0000  1869681    1.47%
  53843  6619    infeasible          17968.0000    17704.0000  1874284    1.47%
  54100  6561        cutoff          17968.0000    17704.0000  1879110    1.47%
Elapsed time = 1352.03 sec. (1239885.57 ticks, tree = 41.08 MB, solutions = 9)
  54359  6508    infeasible          17968.0000    17704.0000  1883945    1.47%
  54586  6483    17704.0000   200    17968.0000    17704.0000  1887998    1.47%
  54889  6430    17704.0000   202    17968.0000    17704.0000  1893213    1.47%
  55132  6397    17819.0000   232    17968.0000    17704.0000  1898029    1.47%
  55408  6293    17704.0000   176    17968.0000    17704.0000  1902847    1.47%
  55664  6232    17704.0000   162    17968.0000    17704.0000  1907705    1.47%
  55970  6163    infeasible          17968.0000    17704.0000  1912340    1.47%
  56254  6081    17704.0000   169    17968.0000    17704.0000  1917477    1.47%
  56513  6006    17704.0000   171    17968.0000    17704.0000  1921486    1.47%
  56793  5948    17704.0000   164    17968.0000    17704.0000  1926252    1.47%
Elapsed time = 1392.66 sec. (1278725.17 ticks, tree = 37.27 MB, solutions = 9)
  57082  5888    17704.0000   104    17968.0000    17704.0000  1931030    1.47%
  57372  5828    17704.0000   184    17968.0000    17704.0000  1935506    1.47%
  57689  5739        cutoff          17968.0000    17704.0000  1940053    1.47%
  57972  5683        cutoff          17968.0000    17704.0000  1943642    1.47%
  58248  5604        cutoff          17968.0000    17704.0000  1948413    1.47%
  58565  5558    17704.0000   206    17968.0000    17704.0000  1952774    1.47%
  58867  5488    17704.0000   150    17968.0000    17704.0000  1956804    1.47%
  59160  5350    17756.0000   270    17968.0000    17756.0000  1962083    1.18%
  59520  5193        cutoff          17968.0000    17790.0000  1966187    0.99%
  59850  5053    17905.0000   250    17968.0000    17790.0000  1969204    0.99%
Elapsed time = 1434.47 sec. (1317706.10 ticks, tree = 31.72 MB, solutions = 9)
  60226  4902    17790.0000   174    17968.0000    17790.0000  1973491    0.99%
  60580  4779    infeasible          17968.0000    17790.0000  1976662    0.99%
  60897  4669        cutoff          17968.0000    17790.0000  1979824    0.99%
  61234  4559    17905.0000   220    17968.0000    17790.0000  1983477    0.99%
  61560  4414    17819.0000   180    17968.0000    17819.0000  1987740    0.83%
  61937  4221    17934.0000   136    17968.0000    17819.0000  1991232    0.83%
  62304  4025        cutoff          17968.0000    17819.0000  1994623    0.83%
  62644  3871        cutoff          17968.0000    17819.0000  1998212    0.83%
  62953  3771        cutoff          17968.0000    17819.0000  2001673    0.83%
  63287  3636    17819.0000   169    17968.0000    17819.0000  2005976    0.83%
Elapsed time = 1483.63 sec. (1357091.69 ticks, tree = 22.91 MB, solutions = 9)
  63628  3447    17819.0000   118    17968.0000    17819.0000  2009109    0.83%
  63981  3297    17819.0000   212    17968.0000    17819.0000  2012905    0.83%
  64305  3141    17819.0000   182    17968.0000    17819.0000  2016253    0.83%
  64616  2992    17819.0000   142    17968.0000    17819.0000  2019543    0.83%
  64950  2876        cutoff          17968.0000    17819.0000  2022822    0.83%
  65291  2744        cutoff          17968.0000    17819.0000  2026073    0.83%
  65568  2626    17819.0000   274    17968.0000    17819.0000  2029352    0.83%
  65915  2479        cutoff          17968.0000    17819.0000  2032879    0.83%
  66215  2324        cutoff          17968.0000    17819.0000  2036349    0.83%
  66522  2201    17819.0000   164    17968.0000    17819.0000  2038995    0.83%
Elapsed time = 1534.32 sec. (1395600.61 ticks, tree = 13.99 MB, solutions = 9)
  66843  2074    infeasible          17968.0000    17819.0000  2042105    0.83%
  67137  1960    17819.0000   247    17968.0000    17819.0000  2045819    0.83%
  67419  1862        cutoff          17968.0000    17819.0000  2049298    0.83%
  67711  1736    infeasible          17968.0000    17819.0000  2052857    0.83%
  67991  1648    infeasible          17968.0000    17819.0000  2055716    0.83%
  68303  1520        cutoff          17968.0000    17819.0000  2059465    0.83%
  68746  1193    infeasible          17968.0000    17905.0000  2061903    0.35%
  69098   983    infeasible          17968.0000    17905.0000  2064796    0.35%
  69529   709        cutoff          17968.0000    17934.0000  2067189    0.19%
  69862   483    17934.0000   161    17968.0000    17934.0000  2069660    0.19%
Elapsed time = 1587.27 sec. (1434079.22 ticks, tree = 3.32 MB, solutions = 9)
  70267   241    infeasible          17968.0000    17934.0000  2071876    0.19%

GUB cover cuts applied:  20
Clique cuts applied:  36
Cover cuts applied:  196
Implied bound cuts applied:  20
Flow cuts applied:  67
Mixed integer rounding cuts applied:  116
Zero-half cuts applied:  46
Gomory fractional cuts applied:  6

Root node processing (before b&c):
  Real time             =  343.29 sec. (187554.56 ticks)
Sequential b&c:
  Real time             = 1255.27 sec. (1254426.32 ticks)
                          ------------
Total (root+branch&cut) = 1598.56 sec. (1441980.87 ticks)
Optimal

>> Printing some results...
    -> Solution value = 17968 - 04:59:28
    -> Total time = 1598.56
    -> Gap value = 0.00

=============
Train 0
=============
> Trip 0
   0(time 155 - 00:02:35)(time 365 - 00:06:05) ->    1(time 480 - 00:08:00)(time 659 - 00:10:59) ->    2(time 774 - 00:12:54)(time 965 - 00:16:05) ->    3(time 1229 - 00:20:29)(time 1414 - 00:23:34) ->    4(time 1529 - 00:25:29)(time 1712 - 00:28:32) ->    5(time 1784 - 00:29:44)(time 1963 - 00:32:43) ->    6(time 2078 - 00:34:38)(time 2289 - 00:38:09) ->    7(time 2404 - 00:40:04)(time 2606 - 00:43:26) ->    8(time 2870 - 00:47:50)(time 3059 - 00:50:59) ->    9(time 3131 - 00:52:11)(time 3339 - 00:55:39) ->    10(time 3454 - 00:57:34)(time 3670 - 01:01:10) ->    11(time 3785 - 01:03:05)(time 3987 - 01:06:27) ->    12(time 4251 - 01:10:51)(time 4251 - 01:10:51) ->    25(time 4515 - 01:15:15)(time 4717 - 01:18:37) ->    24(time 4832 - 01:20:32)(time 5048 - 01:24:08) ->    23(time 5163 - 01:26:03)(time 5371 - 01:29:31) ->    22(time 5443 - 01:30:43)(time 5632 - 01:33:52) ->    21(time 5896 - 01:38:16)(time 6098 - 01:41:38) ->    20(time 6213 - 01:43:33)(time 6424 - 01:47:04) ->    19(time 6539 - 01:48:59)(time 6718 - 01:51:58) ->    18(time 6790 - 01:53:10)(time 6973 - 01:56:13) ->    17(time 7088 - 01:58:08)(time 7273 - 02:01:13) ->    16(time 7537 - 02:05:37)(time 7728 - 02:08:48) ->    15(time 7843 - 02:10:43)(time 8022 - 02:13:42) ->    14(time 8137 - 02:15:37)(time 8347 - 02:19:07) ->    13(time 8611 - 02:23:31)(time 8611 - 02:23:31) -> 0
> Trip 1
   0(time 8875 - 02:27:55)(time 9085 - 02:31:25) ->    1(time 9200 - 02:33:20)(time 9379 - 02:36:19) ->    2(time 9494 - 02:38:14)(time 9685 - 02:41:25) ->    3(time 9949 - 02:45:49)(time 10134 - 02:48:54) ->    4(time 10249 - 02:50:49)(time 10432 - 02:53:52) ->    5(time 10504 - 02:55:04)(time 10683 - 02:58:03) ->    6(time 10798 - 02:59:58)(time 11009 - 03:03:29) ->    7(time 11124 - 03:05:24)(time 11326 - 03:08:46) ->    8(time 11590 - 03:13:10)(time 11779 - 03:16:19) ->    9(time 11851 - 03:17:31)(time 12059 - 03:20:59) ->    10(time 12174 - 03:22:54)(time 12390 - 03:26:30) ->    11(time 12505 - 03:28:25)(time 12707 - 03:31:47) ->    12(time 12971 - 03:36:11)(time 12971 - 03:36:11) ->    25(time 13235 - 03:40:35)(time 13437 - 03:43:57) ->    24(time 13552 - 03:45:52)(time 13768 - 03:49:28) ->    23(time 13883 - 03:51:23)(time 14091 - 03:54:51) ->    22(time 14163 - 03:56:03)(time 14352 - 03:59:12) ->    21(time 14616 - 04:03:36)(time 14818 - 04:06:58) ->    20(time 14933 - 04:08:53)(time 15144 - 04:12:24) ->    19(time 15259 - 04:14:19)(time 15438 - 04:17:18) ->    18(time 15510 - 04:18:30)(time 15693 - 04:21:33) ->    17(time 15808 - 04:23:28)(time 15993 - 04:26:33) ->    16(time 16257 - 04:30:57)(time 16448 - 04:34:08) ->    15(time 16563 - 04:36:03)(time 16742 - 04:39:02) ->    14(time 16857 - 04:40:57)(time 17067 - 04:44:27) ->    13(time 17331 - 04:48:51)(time 17331 - 04:48:51) -> 0
> Trip 2
   0(time 17595 - 04:53:15)(time 17805 - 04:56:45) ->    1(time 17920 - 04:58:40)(time 18099 - 05:01:39) ->    2(time 18214 - 05:03:34)(time 18405 - 05:06:45) ->    3(time 18669 - 05:11:09)(time 18854 - 05:14:14) ->    4(time 18969 - 05:16:09)(time 19152 - 05:19:12) ->    5(time 19224 - 05:20:24)(time 19403 - 05:23:23) ->    6(time 19518 - 05:25:18)(time 19729 - 05:28:49) ->    7(time 19844 - 05:30:44)(time 20046 - 05:34:06) ->    8(time 20310 - 05:38:30)(time 20499 - 05:41:39) ->    9(time 20571 - 05:42:51)(time 20779 - 05:46:19) ->    10(time 20894 - 05:48:14)(time 21110 - 05:51:50) ->    11(time 21225 - 05:53:45)(time 21427 - 05:57:07) ->    12(time 21691 - 06:01:31)(time 21691 - 06:01:31) ->    25(time 21955 - 06:05:55)(time 22157 - 06:09:17) ->    24(time 22272 - 06:11:12)(time 22488 - 06:14:48) ->    23(time 22603 - 06:16:43)(time 22811 - 06:20:11) ->    22(time 22883 - 06:21:23)(time 23072 - 06:24:32) ->    21(time 23336 - 06:28:56)(time 23538 - 06:32:18) ->    20(time 23653 - 06:34:13)(time 23864 - 06:37:44) ->    19(time 23979 - 06:39:39)(time 24158 - 06:42:38) ->    18(time 24230 - 06:43:50)(time 24413 - 06:46:53) ->    17(time 24528 - 06:48:48)(time 24713 - 06:51:53) ->    16(time 24977 - 06:56:17)(time 25168 - 06:59:28) ->    15(time 25283 - 07:01:23)(time 25462 - 07:04:22) ->    14(time 25577 - 07:06:17)(time 25787 - 07:09:47) ->    13(time 26051 - 07:14:11)(time 26051 - 07:14:11) -> 0
=============
Train 1
=============
> Trip 0
   0(time 385 - 00:06:25)(time 595 - 00:09:55) ->    1(time 859 - 00:14:19)(time 1038 - 00:17:18) ->    2(time 1302 - 00:21:42)(time 1493 - 00:24:53) ->    3(time 1757 - 00:29:17)(time 1942 - 00:32:22) ->    4(time 2057 - 00:34:17)(time 2240 - 00:37:20) ->    5(time 2312 - 00:38:32)(time 2491 - 00:41:31) ->    6(time 2606 - 00:43:26)(time 2817 - 00:46:57) ->    7(time 2932 - 00:48:52)(time 3134 - 00:52:14) ->    8(time 3398 - 00:56:38)(time 3587 - 00:59:47) ->    9(time 3659 - 01:00:59)(time 3867 - 01:04:27) ->    10(time 3982 - 01:06:22)(time 4198 - 01:09:58) ->    11(time 4313 - 01:11:53)(time 4515 - 01:15:15) ->    12(time 5043 - 01:24:03)(time 5043 - 01:24:03) ->    25(time 5043 - 01:24:03)(time 5245 - 01:27:25) ->    24(time 5360 - 01:29:20)(time 5576 - 01:32:56) ->    23(time 5691 - 01:34:51)(time 5899 - 01:38:19) ->    22(time 5971 - 01:39:31)(time 6160 - 01:42:40) ->    21(time 6424 - 01:47:04)(time 6626 - 01:50:26) ->    20(time 6741 - 01:52:21)(time 6952 - 01:55:52) ->    19(time 7067 - 01:57:47)(time 7246 - 02:00:46) ->    18(time 7318 - 02:01:58)(time 7501 - 02:05:01) ->    17(time 7616 - 02:06:56)(time 7801 - 02:10:01) ->    16(time 8065 - 02:14:25)(time 8256 - 02:17:36) ->    15(time 8371 - 02:19:31)(time 8550 - 02:22:30) ->    14(time 8665 - 02:24:25)(time 8875 - 02:27:55) ->    13(time 9139 - 02:32:19)(time 9139 - 02:32:19) -> 0
> Trip 1
   0(time 9139 - 02:32:19)(time 9349 - 02:35:49) ->    1(time 9728 - 02:42:08)(time 9907 - 02:45:07) ->    2(time 10022 - 02:47:02)(time 10213 - 02:50:13) ->    3(time 10477 - 02:54:37)(time 10662 - 02:57:42) ->    4(time 10777 - 02:59:37)(time 10960 - 03:02:40) ->    5(time 11032 - 03:03:52)(time 11211 - 03:06:51) ->    6(time 11326 - 03:08:46)(time 11537 - 03:12:17) ->    7(time 11652 - 03:14:12)(time 11854 - 03:17:34) ->    8(time 12118 - 03:21:58)(time 12307 - 03:25:07) ->    9(time 12379 - 03:26:19)(time 12587 - 03:29:47) ->    10(time 12702 - 03:31:42)(time 12918 - 03:35:18) ->    11(time 13033 - 03:37:13)(time 13235 - 03:40:35) ->    12(time 13499 - 03:44:59)(time 13499 - 03:44:59) ->    25(time 13499 - 03:44:59)(time 13701 - 03:48:21) ->    24(time 13931 - 03:52:11)(time 14147 - 03:55:47) ->    23(time 14262 - 03:57:42)(time 14470 - 04:01:10) ->    22(time 14691 - 04:04:51)(time 14880 - 04:08:00) ->    21(time 15144 - 04:12:24)(time 15346 - 04:15:46) ->    20(time 15461 - 04:17:41)(time 15672 - 04:21:12) ->    19(time 15787 - 04:23:07)(time 15966 - 04:26:06) ->    18(time 16038 - 04:27:18)(time 16221 - 04:30:21) ->    17(time 16336 - 04:32:16)(time 16521 - 04:35:21) ->    16(time 16785 - 04:39:45)(time 16976 - 04:42:56) ->    15(time 17091 - 04:44:51)(time 17270 - 04:47:50) ->    14(time 17385 - 04:49:45)(time 17595 - 04:53:15) ->    13(time 17859 - 04:57:39)(time 17859 - 04:57:39) -> 0
> Trip 2
   0(time 18123 - 05:02:03)(time 18333 - 05:05:33) ->    1(time 18448 - 05:07:28)(time 18627 - 05:10:27) ->    2(time 18742 - 05:12:22)(time 18933 - 05:15:33) ->    3(time 19197 - 05:19:57)(time 19382 - 05:23:02) ->    4(time 19497 - 05:24:57)(time 19680 - 05:28:00) ->    5(time 19752 - 05:29:12)(time 19931 - 05:32:11) ->    6(time 20046 - 05:34:06)(time 20257 - 05:37:37) ->    7(time 20372 - 05:39:32)(time 20574 - 05:42:54) ->    8(time 20838 - 05:47:18)(time 21027 - 05:50:27) ->    9(time 21099 - 05:51:39)(time 21307 - 05:55:07) ->    10(time 21422 - 05:57:02)(time 21638 - 06:00:38) ->    11(time 21753 - 06:02:33)(time 21955 - 06:05:55) ->    12(time 22219 - 06:10:19)(time 22219 - 06:10:19) ->    25(time 22219 - 06:10:19)(time 22421 - 06:13:41) ->    24(time 22651 - 06:17:31)(time 22867 - 06:21:07) ->    23(time 23131 - 06:25:31)(time 23339 - 06:28:59) ->    22(time 23411 - 06:30:11)(time 23600 - 06:33:20) ->    21(time 23864 - 06:37:44)(time 24066 - 06:41:06) ->    20(time 24181 - 06:43:01)(time 24392 - 06:46:32) ->    19(time 24507 - 06:48:27)(time 24686 - 06:51:26) ->    18(time 24758 - 06:52:38)(time 24941 - 06:55:41) ->    17(time 25056 - 06:57:36)(time 25241 - 07:00:41) ->    16(time 25505 - 07:05:05)(time 25696 - 07:08:16) ->    15(time 25811 - 07:10:11)(time 25990 - 07:13:10) ->    14(time 26105 - 07:15:05)(time 26315 - 07:18:35) ->    13(time 26579 - 07:22:59)(time 26579 - 07:22:59) -> 0
=============
Train 2
=============
> Trip 0
   0(time 270 - 00:04:30)(time 480 - 00:08:00) ->    1(time 595 - 00:09:55)(time 774 - 00:12:54) ->    2(time 1038 - 00:17:18)(time 1229 - 00:20:29) ->    3(time 1493 - 00:24:53)(time 1678 - 00:27:58) ->    4(time 1793 - 00:29:53)(time 1976 - 00:32:56) ->    5(time 2048 - 00:34:08)(time 2227 - 00:37:07) ->    6(time 2342 - 00:39:02)(time 2553 - 00:42:33) ->    7(time 2668 - 00:44:28)(time 2870 - 00:47:50) ->    8(time 3134 - 00:52:14)(time 3323 - 00:55:23) ->    9(time 3395 - 00:56:35)(time 3603 - 01:00:03) ->    10(time 3718 - 01:01:58)(time 3934 - 01:05:34) ->    11(time 4049 - 01:07:29)(time 4251 - 01:10:51) ->    12(time 4515 - 01:15:15)(time 4515 - 01:15:15) ->    25(time 4630 - 01:17:10)(time 4832 - 01:20:32) ->    24(time 5096 - 01:24:56)(time 5312 - 01:28:32) ->    23(time 5427 - 01:30:27)(time 5635 - 01:33:55) ->    22(time 5707 - 01:35:07)(time 5896 - 01:38:16) ->    21(time 6160 - 01:42:40)(time 6362 - 01:46:02) ->    20(time 6477 - 01:47:57)(time 6688 - 01:51:28) ->    19(time 6803 - 01:53:23)(time 6982 - 01:56:22) ->    18(time 7054 - 01:57:34)(time 7237 - 02:00:37) ->    17(time 7352 - 02:02:32)(time 7537 - 02:05:37) ->    16(time 7801 - 02:10:01)(time 7992 - 02:13:12) ->    15(time 8107 - 02:15:07)(time 8286 - 02:18:06) ->    14(time 8401 - 02:20:01)(time 8611 - 02:23:31) ->    13(time 8875 - 02:27:55)(time 8875 - 02:27:55) -> 0
> Trip 1
   0(time 8990 - 02:29:50)(time 9200 - 02:33:20) ->    1(time 9315 - 02:35:15)(time 9494 - 02:38:14) ->    2(time 9758 - 02:42:38)(time 9949 - 02:45:49) ->    3(time 10213 - 02:50:13)(time 10398 - 02:53:18) ->    4(time 10513 - 02:55:13)(time 10696 - 02:58:16) ->    5(time 10768 - 02:59:28)(time 10947 - 03:02:27) ->    6(time 11062 - 03:04:22)(time 11273 - 03:07:53) ->    7(time 11388 - 03:09:48)(time 11590 - 03:13:10) ->    8(time 11854 - 03:17:34)(time 12043 - 03:20:43) ->    9(time 12115 - 03:21:55)(time 12323 - 03:25:23) ->    10(time 12438 - 03:27:18)(time 12654 - 03:30:54) ->    11(time 12769 - 03:32:49)(time 12971 - 03:36:11) ->    12(time 13235 - 03:40:35)(time 13235 - 03:40:35) ->    25(time 13350 - 03:42:30)(time 13552 - 03:45:52) ->    24(time 13701 - 03:48:21)(time 13917 - 03:51:57) ->    23(time 14147 - 03:55:47)(time 14355 - 03:59:15) ->    22(time 14427 - 04:00:27)(time 14616 - 04:03:36) ->    21(time 14880 - 04:08:00)(time 15082 - 04:11:22) ->    20(time 15197 - 04:13:17)(time 15408 - 04:16:48) ->    19(time 15523 - 04:18:43)(time 15702 - 04:21:42) ->    18(time 15774 - 04:22:54)(time 15957 - 04:25:57) ->    17(time 16072 - 04:27:52)(time 16257 - 04:30:57) ->    16(time 16521 - 04:35:21)(time 16712 - 04:38:32) ->    15(time 16827 - 04:40:27)(time 17006 - 04:43:26) ->    14(time 17121 - 04:45:21)(time 17331 - 04:48:51) ->    13(time 17595 - 04:53:15)(time 17595 - 04:53:15) -> 0
> Trip 2
   0(time 17859 - 04:57:39)(time 18069 - 05:01:09) ->    1(time 18184 - 05:03:04)(time 18363 - 05:06:03) ->    2(time 18478 - 05:07:58)(time 18669 - 05:11:09) ->    3(time 18933 - 05:15:33)(time 19118 - 05:18:38) ->    4(time 19233 - 05:20:33)(time 19416 - 05:23:36) ->    5(time 19488 - 05:24:48)(time 19667 - 05:27:47) ->    6(time 19782 - 05:29:42)(time 19993 - 05:33:13) ->    7(time 20108 - 05:35:08)(time 20310 - 05:38:30) ->    8(time 20574 - 05:42:54)(time 20763 - 05:46:03) ->    9(time 20835 - 05:47:15)(time 21043 - 05:50:43) ->    10(time 21158 - 05:52:38)(time 21374 - 05:56:14) ->    11(time 21489 - 05:58:09)(time 21691 - 06:01:31) ->    12(time 21955 - 06:05:55)(time 21955 - 06:05:55) ->    25(time 22070 - 06:07:50)(time 22272 - 06:11:12) ->    24(time 22387 - 06:13:07)(time 22603 - 06:16:43) ->    23(time 22867 - 06:21:07)(time 23075 - 06:24:35) ->    22(time 23147 - 06:25:47)(time 23336 - 06:28:56) ->    21(time 23600 - 06:33:20)(time 23802 - 06:36:42) ->    20(time 23917 - 06:38:37)(time 24128 - 06:42:08) ->    19(time 24243 - 06:44:03)(time 24422 - 06:47:02) ->    18(time 24494 - 06:48:14)(time 24677 - 06:51:17) ->    17(time 24792 - 06:53:12)(time 24977 - 06:56:17) ->    16(time 25241 - 07:00:41)(time 25432 - 07:03:52) ->    15(time 25547 - 07:05:47)(time 25726 - 07:08:46) ->    14(time 25841 - 07:10:41)(time 26051 - 07:14:11) ->    13(time 26315 - 07:18:35)(time 26315 - 07:18:35) -> 0
----- t3p14r8h5.txt-model.log -----
  14439  3558    infeasible          39947.0000    28962.0000 81541508   27.50%
  14441  3558    28962.0000  2865    39947.0000    28962.0000 81566471   27.50%
  14447  3554        cutoff          39947.0000    28962.0000 81611998   27.50%
  14450  3553    28962.0000  3242    39947.0000    28962.0000 81654263   27.50%
  14454  3551    infeasible          39947.0000    28962.0000 81684773   27.50%
  14455  3552    28962.0000  3430    39947.0000    28962.0000 81722099   27.50%
  14456  3553    28962.0000  3378    39947.0000    28962.0000 81745842   27.50%
  14462  3551    infeasible          39947.0000    28962.0000 81796049   27.50%
  14463  3552    28962.0000  3508    39947.0000    28962.0000 81816985   27.50%
Elapsed time = 41109.11 sec. (47520907.83 ticks, tree = 45.29 MB, solutions = 6)
  14465  3554    28962.0000  3060    39947.0000    28962.0000 81839905   27.50%
  14467  3556    28962.0000  2908    39947.0000    28962.0000 81855924   27.50%
  14477  3554    28962.0000  2735    39947.0000    28962.0000 81921903   27.50%
  14483  3552    infeasible          39947.0000    28962.0000 81968218   27.50%
  14485  3554    28962.0000  3297    39947.0000    28962.0000 81996313   27.50%
  14488  3555    28962.0000  3271    39947.0000    28962.0000 82027069   27.50%
  14492  3559    28962.0000  3072    39947.0000    28962.0000 82060214   27.50%
  14495  3558    28962.0000  3022    39947.0000    28962.0000 82090241   27.50%
  14499  3558    infeasible          39947.0000    28962.0000 82121226   27.50%
  14502  3557    39482.0000  1324    39947.0000    28962.0000 82161372   27.50%
Elapsed time = 41275.53 sec. (47728219.89 ticks, tree = 45.34 MB, solutions = 6)
  14506  3555    infeasible          39947.0000    28962.0000 82201411   27.50%
  14509  3554    28962.0000  3283    39947.0000    28962.0000 82220516   27.50%
  14513  3552    infeasible          39947.0000    28962.0000 82248869   27.50%
  14515  3552    28962.0000  2961    39947.0000    28962.0000 82277175   27.50%
  14518  3551    28962.0000  3184    39947.0000    28962.0000 82324231   27.50%
  14520  3553    28962.0000  3127    39947.0000    28962.0000 82360732   27.50%
  14525  3550        cutoff          39947.0000    28962.0000 82406483   27.50%
  14528  3551    28962.0000  3160    39947.0000    28962.0000 82437719   27.50%
  14531  3554    28962.0000  2578    39947.0000    28962.0000 82466986   27.50%
  14535  3558    28962.0000  2532    39947.0000    28962.0000 82487180   27.50%
Elapsed time = 41445.01 sec. (47937151.74 ticks, tree = 45.35 MB, solutions = 6)
  14542  3559        cutoff          39947.0000    28962.0000 82542682   27.50%
  14545  3558    37739.0000  1150    39947.0000    28962.0000 82584066   27.50%
  14548  3557    28962.0000  2556    39947.0000    28962.0000 82613070   27.50%
  14551  3554    infeasible          39947.0000    28962.0000 82628256   27.50%
  14557  3552    28962.0000  2188    39947.0000    28962.0000 82659534   27.50%
  14564  3551    33248.0000  2747    39947.0000    28962.0000 82714144   27.50%
  14566  3551        cutoff          39947.0000    28962.0000 82749437   27.50%
  14569  3550        cutoff          39947.0000    28962.0000 82766133   27.50%
  14573  3550    28962.0000  3536    39947.0000    28962.0000 82843088   27.50%
  14576  3553    28962.0000  3379    39947.0000    28962.0000 82884638   27.50%
Elapsed time = 41630.68 sec. (48160645.15 ticks, tree = 45.30 MB, solutions = 6)
  14578  3555    28962.0000  3661    39947.0000    28962.0000 82919057   27.50%
  14580  3557    28962.0000  3296    39947.0000    28962.0000 82972649   27.50%
  14582  3559    28962.0000  3197    39947.0000    28962.0000 83006832   27.50%
  14589  3558    infeasible          39947.0000    28962.0000 83050564   27.50%
  14590  3559    28962.0000  4242    39947.0000    28962.0000 83081689   27.50%
  14592  3561    28962.0000  3818    39947.0000    28962.0000 83135509   27.50%
  14595  3564    28962.0000  3235    39947.0000    28962.0000 83157293   27.50%
  14600  3563    28962.0000  3210    39947.0000    28962.0000 83236026   27.50%
  14602  3565    28962.0000  3114    39947.0000    28962.0000 83265197   27.50%
  14607  3566        cutoff          39947.0000    28962.0000 83310878   27.50%
Elapsed time = 41841.59 sec. (48422014.10 ticks, tree = 45.44 MB, solutions = 6)
  14610  3565    39482.0000  1589    39947.0000    28962.0000 83337994   27.50%
  14617  3564    infeasible          39947.0000    28962.0000 83374011   27.50%
  14623  3564    28962.0000  3010    39947.0000    28962.0000 83425698   27.50%
  14628  3563    28962.0000  3330    39947.0000    28962.0000 83509445   27.50%
  14630  3565    28962.0000  3285    39947.0000    28962.0000 83537665   27.50%
  14632  3565        cutoff          39947.0000    28962.0000 83557234   27.50%
  14634  3567    28962.0000  2874    39947.0000    28962.0000 83587703   27.50%
  14637  3570    28962.0000  3071    39947.0000    28962.0000 83621248   27.50%
  14641  3570    infeasible          39947.0000    28962.0000 83655574   27.50%
  14645  3570    39482.0000  1390    39947.0000    28962.0000 83698987   27.50%
Elapsed time = 42047.36 sec. (48673381.46 ticks, tree = 45.47 MB, solutions = 6)
  14652  3567    infeasible          39947.0000    28962.0000 83746009   27.50%
  14655  3564    infeasible          39947.0000    28962.0000 83782525   27.50%
  14657  3564    28962.0000  2938    39947.0000    28962.0000 83818790   27.50%
  14659  3566    28962.0000  2764    39947.0000    28962.0000 83842499   27.50%
  14668  3563    infeasible          39947.0000    28962.0000 83883014   27.50%
  14670  3563    28962.0000  3261    39947.0000    28962.0000 83940027   27.50%
  14673  3562    28962.0000  3226    39947.0000    28962.0000 83979436   27.50%
  14676  3565    28962.0000  3009    39947.0000    28962.0000 84012081   27.50%
  14685  3562    infeasible          39947.0000    28962.0000 84055827   27.50%
  14688  3561    28962.0000  2646    39947.0000    28962.0000 84098455   27.50%
Elapsed time = 42247.92 sec. (48910749.34 ticks, tree = 45.38 MB, solutions = 6)
  14691  3560    28962.0000  3002    39947.0000    28962.0000 84138640   27.50%
  14694  3561    28962.0000  3300    39947.0000    28962.0000 84160560   27.50%
  14698  3563    28962.0000  2898    39947.0000    28962.0000 84188037   27.50%
  14703  3562    39482.0000   690    39947.0000    28962.0000 84226467   27.50%
  14714  3567    28962.0000  3690    39947.0000    28962.0000 84300165   27.50%
  14717  3570    28962.0000  3551    39947.0000    28962.0000 84328811   27.50%
  14718  3571    28962.0000  3381    39947.0000    28962.0000 84357709   27.50%
  14723  3570    infeasible          39947.0000    28962.0000 84414600   27.50%
  14725  3570    33248.0000  3545    39947.0000    28962.0000 84466826   27.50%
  14727  3572    33248.0000  3201    39947.0000    28962.0000 84498555   27.50%
Elapsed time = 42415.61 sec. (49126326.10 ticks, tree = 45.50 MB, solutions = 6)
  14729  3574    33248.0000  2760    39947.0000    28962.0000 84543194   27.50%
  14733  3574    28962.0000  3129    39947.0000    28962.0000 84605004   27.50%
  14737  3572    33248.0000  3109    39947.0000    28962.0000 84663193   27.50%
  14739  3572        cutoff          39947.0000    28962.0000 84687100   27.50%
  14743  3574    33248.0000  3614    39947.0000    28962.0000 84740396   27.50%
  14749  3578    33248.0000  2964    39947.0000    28962.0000 84769033   27.50%
  14754  3577    28962.0000  3810    39947.0000    28962.0000 84835565   27.50%
  14757  3580    28962.0000  3412    39947.0000    28962.0000 84878138   27.50%
  14758  3581    28962.0000  3286    39947.0000    28962.0000 84898440   27.50%
  14761  3580    28962.0000  3401    39947.0000    28962.0000 84936760   27.50%
Elapsed time = 42633.79 sec. (49394978.24 ticks, tree = 45.58 MB, solutions = 6)
  14763  3582    28962.0000  2858    39947.0000    28962.0000 84968121   27.50%
  14765  3582    39482.0000  1481    39947.0000    28962.0000 84997524   27.50%
  14769  3586    28962.0000  2478    39947.0000    28962.0000 85027439   27.50%
  14776  3579        cutoff          39947.0000    28962.0000 85076922   27.50%
  14777  3580    28962.0000  3091    39947.0000    28962.0000 85093344   27.50%
  14779  3582    28962.0000  3075    39947.0000    28962.0000 85106056   27.50%
  14784  3583    28962.0000  3008    39947.0000    28962.0000 85168687   27.50%
  14788  3587    28962.0000  2906    39947.0000    28962.0000 85195649   27.50%
  14793  3592    28962.0000  2896    39947.0000    28962.0000 85219414   27.50%
  14799  3598    28962.0000  2881    39947.0000    28962.0000 85256315   27.50%
Elapsed time = 42787.17 sec. (49586013.50 ticks, tree = 45.78 MB, solutions = 6)
  14807  3602    infeasible          39947.0000    28962.0000 85293988   27.50%
  14818  3591    infeasible          39947.0000    28962.0000 85357423   27.50%
  14820  3589    infeasible          39947.0000    28962.0000 85375937   27.50%
  14824  3585    infeasible          39947.0000    28962.0000 85405798   27.50%
  14828  3583    infeasible          39947.0000    28962.0000 85439591   27.50%
  14831  3582        cutoff          39947.0000    28962.0000 85478537   27.50%
  14836  3577    infeasible          39947.0000    28962.0000 85531237   27.50%
  14837  3578    28962.0000  3096    39947.0000    28962.0000 85565387   27.50%
  14840  3577    28962.0000  3328    39947.0000    28962.0000 85594243   27.50%
  14843  3574    infeasible          39947.0000    28962.0000 85625253   27.50%
Elapsed time = 42946.07 sec. (49772730.31 ticks, tree = 45.53 MB, solutions = 6)
  14845  3574    39482.0000  1506    39947.0000    28962.0000 85656459   27.50%
  14849  3572    28962.0000  4087    39947.0000    28962.0000 85736347   27.50%
  14850  3573    28962.0000  3889    39947.0000    28962.0000 85771240   27.50%
  14851  3574    28962.0000  3725    39947.0000    28962.0000 85797536   27.50%
  14852  3575    28962.0000  3733    39947.0000    28962.0000 85830125   27.50%
  14857  3579    39482.0000   483    39947.0000    28962.0000 85849807   27.50%
  14860  3578    28962.0000  1770    39947.0000    28962.0000 85875766   27.50%
  14865  3575    infeasible          39947.0000    28962.0000 85927682   27.50%
  14867  3573        cutoff          39947.0000    28984.1000 85952569   27.44%
  14868  3574    34222.0000  3026    39947.0000    28987.4534 85990205   27.44%
Elapsed time = 43148.62 sec. (50010985.65 ticks, tree = 45.53 MB, solutions = 6)
  14870  3574        cutoff          39947.0000    28987.4534 86029702   27.44%
  14875  3573    35980.0000  1214    39947.0000    29077.0000 86071781   27.21%
  14877  3575    36412.0000   724    39947.0000    29077.0000 86111376   27.21%

GUB cover cuts applied:  1194
Clique cuts applied:  591
Cover cuts applied:  2513
Implied bound cuts applied:  2153
Flow cuts applied:  733
Mixed integer rounding cuts applied:  1696
Zero-half cuts applied:  460
Gomory fractional cuts applied:  4

Root node processing (before b&c):
  Real time             = 3000.46 sec. (2403433.40 ticks)
Sequential b&c:
  Real time             = 40199.56 sec. (47670807.21 ticks)
                          ------------
Total (root+branch&cut) = 43200.02 sec. (50074240.61 ticks)
Feasible

>> Printing some results...
    -> Solution value = 39947 - 11:05:47
    -> Total time = 43200.02
    -> Gap value = 0.27

=============
Train 0
=============
> Trip 0
   27(time 44 - 00:00:44)(time 150 - 00:02:30) ->    26(time 260 - 00:04:20)(time 378 - 00:06:18) ->    25(time 466 - 00:07:46)(time 589 - 00:09:49) ->    24(time 677 - 00:11:17)(time 790 - 00:13:10) ->    23(time 878 - 00:14:38)(time 995 - 00:16:35) ->    22(time 1083 - 00:18:03)(time 1189 - 00:19:49) ->    21(time 1277 - 00:21:17)(time 1390 - 00:23:10) ->    20(time 1478 - 00:24:38)(time 1590 - 00:26:30) ->    19(time 1655 - 00:27:35)(time 1760 - 00:29:20) ->    18(time 1848 - 00:30:48)(time 1963 - 00:32:43) ->    17(time 2051 - 00:34:11)(time 2175 - 00:36:15) ->    16(time 2263 - 00:37:43)(time 2364 - 00:39:24) ->    15(time 2452 - 00:40:52)(time 2564 - 00:42:44) ->    14(time 2674 - 00:44:34)(time 2674 - 00:44:34) ->    0(time 2674 - 00:44:34)(time 2786 - 00:46:26) ->    1(time 2874 - 00:47:54)(time 2975 - 00:49:35) ->    2(time 3063 - 00:51:03)(time 3187 - 00:53:07) ->    3(time 3275 - 00:54:35)(time 3390 - 00:56:30) ->    4(time 3478 - 00:57:58)(time 3583 - 00:59:43) ->    5(time 3648 - 01:00:48)(time 3760 - 01:02:40) ->    6(time 3848 - 01:04:08)(time 3961 - 01:06:01) ->    7(time 4049 - 01:07:29)(time 4155 - 01:09:15) ->    8(time 4243 - 01:10:43)(time 4360 - 01:12:40) ->    9(time 4448 - 01:14:08)(time 4561 - 01:16:01) ->    10(time 4649 - 01:17:29)(time 4772 - 01:19:32) ->    11(time 4860 - 01:21:00)(time 4978 - 01:22:58) ->    12(time 5088 - 01:24:48)(time 5194 - 01:26:34) ->    13(time 5304 - 01:28:24)(time 5304 - 01:28:24) -> 27
> Trip 1
   27(time 5304 - 01:28:24)(time 5410 - 01:30:10) ->    26(time 5520 - 01:32:00)(time 5638 - 01:33:58) ->    25(time 5726 - 01:35:26)(time 5849 - 01:37:29) ->    24(time 5937 - 01:38:57)(time 6050 - 01:40:50) ->    23(time 6138 - 01:42:18)(time 6255 - 01:44:15) ->    22(time 6343 - 01:45:43)(time 6449 - 01:47:29) ->    21(time 6537 - 01:48:57)(time 6650 - 01:50:50) ->    20(time 6738 - 01:52:18)(time 6850 - 01:54:10) ->    19(time 6915 - 01:55:15)(time 7020 - 01:57:00) ->    18(time 7108 - 01:58:28)(time 7223 - 02:00:23) ->    17(time 7311 - 02:01:51)(time 7435 - 02:03:55) ->    16(time 7523 - 02:05:23)(time 7624 - 02:07:04) ->    15(time 7712 - 02:08:32)(time 7824 - 02:10:24) ->    14(time 7934 - 02:12:14)(time 7934 - 02:12:14) ->    0(time 7934 - 02:12:14)(time 8046 - 02:14:06) ->    1(time 8589 - 02:23:09)(time 8690 - 02:24:50) ->    2(time 8778 - 02:26:18)(time 8902 - 02:28:22) ->    3(time 8990 - 02:29:50)(time 9105 - 02:31:45) ->    4(time 9193 - 02:33:13)(time 9298 - 02:34:58) ->    5(time 9363 - 02:36:03)(time 9475 - 02:37:55) ->    6(time 9563 - 02:39:23)(time 9676 - 02:41:16) ->    7(time 9764 - 02:42:44)(time 9870 - 02:44:30) ->    8(time 9958 - 02:45:58)(time 10075 - 02:47:55) ->    9(time 10163 - 02:49:23)(time 10276 - 02:51:16) ->    10(time 10364 - 02:52:44)(time 10487 - 02:54:47) ->    11(time 10575 - 02:56:15)(time 10693 - 02:58:13) ->    12(time 10803 - 03:00:03)(time 10909 - 03:01:49) ->    13(time 11019 - 03:03:39)(time 11019 - 03:03:39) -> 27
> Trip 2
   27(time 11808 - 03:16:48)(time 11914 - 03:18:34) -> 26
> Trip 3
   12(time 34892 - 09:41:32)(time 34998 - 09:43:18) ->    13(time 35108 - 09:45:08)(time 35108 - 09:45:08) ->    27(time 35109 - 09:45:09)(time 35215 - 09:46:55) ->    26(time 35325 - 09:48:45)(time 35325 - 09:48:45) -> 12
> Trip 4
   12(time 39409 - 10:56:49)(time 39515 - 10:58:35) ->    13(time 39625 - 11:00:25)(time 39625 - 11:00:25) ->    27(time 39625 - 11:00:25)(time 39731 - 11:02:11) ->    26(time 39947 - 11:05:47)(time 39947 - 11:05:47) -> 12
=============
Train 1
=============
> Trip 0
   27(time 0 - 00:00:00)(time 106 - 00:01:46) -> 26
> Trip 1
   26(time 106 - 00:01:46)(time 224 - 00:03:44) ->    25(time 312 - 00:05:12)(time 435 - 00:07:15) ->    24(time 523 - 00:08:43)(time 636 - 00:10:36) ->    23(time 724 - 00:12:04)(time 841 - 00:14:01) ->    22(time 929 - 00:15:29)(time 1035 - 00:17:15) ->    21(time 1123 - 00:18:43)(time 1236 - 00:20:36) ->    20(time 1324 - 00:22:04)(time 1436 - 00:23:56) ->    19(time 1501 - 00:25:01)(time 1606 - 00:26:46) ->    18(time 1694 - 00:28:14)(time 1809 - 00:30:09) ->    17(time 1897 - 00:31:37)(time 2021 - 00:33:41) ->    16(time 2109 - 00:35:09)(time 2210 - 00:36:50) ->    15(time 2298 - 00:38:18)(time 2410 - 00:40:10) ->    14(time 2520 - 00:42:00)(time 2520 - 00:42:00) ->    0(time 2564 - 00:42:44)(time 2676 - 00:44:36) ->    1(time 2764 - 00:46:04)(time 2865 - 00:47:45) ->    2(time 2953 - 00:49:13)(time 3077 - 00:51:17) ->    3(time 3165 - 00:52:45)(time 3280 - 00:54:40) ->    4(time 3368 - 00:56:08)(time 3473 - 00:57:53) ->    5(time 3538 - 00:58:58)(time 3650 - 01:00:50) ->    6(time 3738 - 01:02:18)(time 3851 - 01:04:11) ->    7(time 3939 - 01:05:39)(time 4045 - 01:07:25) ->    8(time 4133 - 01:08:53)(time 4250 - 01:10:50) ->    9(time 4338 - 01:12:18)(time 4451 - 01:14:11) ->    10(time 4539 - 01:15:39)(time 4662 - 01:17:42) ->    11(time 4750 - 01:19:10)(time 4868 - 01:21:08) ->    12(time 4978 - 01:22:58)(time 4978 - 01:22:58) -> 26
> Trip 2
   26(time 12156 - 03:22:36)(time 12274 - 03:24:34) ->    25(time 12362 - 03:26:02)(time 12485 - 03:28:05) ->    24(time 12573 - 03:29:33)(time 12686 - 03:31:26) ->    23(time 12774 - 03:32:54)(time 12891 - 03:34:51) ->    22(time 13380 - 03:43:00)(time 13486 - 03:44:46) ->    21(time 14046 - 03:54:06)(time 14159 - 03:55:59) ->    20(time 14719 - 04:05:19)(time 14831 - 04:07:11) ->    19(time 15391 - 04:16:31)(time 15496 - 04:18:16) ->    18(time 15584 - 04:19:44)(time 15699 - 04:21:39) ->    17(time 16259 - 04:30:59)(time 16383 - 04:33:03) ->    16(time 16943 - 04:42:23)(time 17044 - 04:44:04) ->    15(time 17132 - 04:45:32)(time 17244 - 04:47:24) ->    14(time 17354 - 04:49:14)(time 17354 - 04:49:14) ->    0(time 17354 - 04:49:14)(time 17466 - 04:51:06) ->    1(time 17554 - 04:52:34)(time 17655 - 04:54:15) ->    2(time 18174 - 05:02:54)(time 18298 - 05:04:58) ->    3(time 18858 - 05:14:18)(time 18973 - 05:16:13) ->    4(time 19061 - 05:17:41)(time 19166 - 05:19:26) ->    5(time 19231 - 05:20:31)(time 19343 - 05:22:23) ->    6(time 19431 - 05:23:51)(time 19544 - 05:25:44) ->    7(time 20104 - 05:35:04)(time 20210 - 05:36:50) ->    8(time 20770 - 05:46:10)(time 20887 - 05:48:07) ->    9(time 20975 - 05:49:35)(time 21088 - 05:51:28) ->    10(time 21176 - 05:52:56)(time 21299 - 05:54:59) ->    11(time 21387 - 05:56:27)(time 21505 - 05:58:25) ->    12(time 21615 - 06:00:15)(time 21615 - 06:00:15) -> 26
> Trip 3
   26(time 28516 - 07:55:16)(time 28634 - 07:57:14) ->    25(time 28722 - 07:58:42)(time 28845 - 08:00:45) ->    24(time 28933 - 08:02:13)(time 29046 - 08:04:06) ->    23(time 29134 - 08:05:34)(time 29251 - 08:07:31) ->    22(time 29339 - 08:08:59)(time 29445 - 08:10:45) ->    21(time 29533 - 08:12:13)(time 29646 - 08:14:06) ->    20(time 29734 - 08:15:34)(time 29846 - 08:17:26) ->    19(time 29911 - 08:18:31)(time 30016 - 08:20:16) ->    18(time 30104 - 08:21:44)(time 30219 - 08:23:39) ->    17(time 30307 - 08:25:07)(time 30431 - 08:27:11) ->    16(time 30991 - 08:36:31)(time 31092 - 08:38:12) ->    15(time 31202 - 08:40:02)(time 31314 - 08:41:54) ->    14(time 31874 - 08:51:14)(time 31874 - 08:51:14) ->    0(time 32434 - 09:00:34)(time 32546 - 09:02:26) ->    1(time 32634 - 09:03:54)(time 32735 - 09:05:35) ->    2(time 32823 - 09:07:03)(time 32947 - 09:09:07) ->    3(time 33035 - 09:10:35)(time 33150 - 09:12:30) ->    4(time 33238 - 09:13:58)(time 33343 - 09:15:43) ->    5(time 33408 - 09:16:48)(time 33520 - 09:18:40) ->    6(time 33608 - 09:20:08)(time 33721 - 09:22:01) ->    7(time 33809 - 09:23:29)(time 33915 - 09:25:15) ->    8(time 34003 - 09:26:43)(time 34120 - 09:28:40) ->    9(time 34208 - 09:30:08)(time 34321 - 09:32:01) ->    10(time 34409 - 09:33:29)(time 34532 - 09:35:32) ->    11(time 34620 - 09:37:00)(time 34738 - 09:38:58) ->    12(time 34848 - 09:40:48)(time 34848 - 09:40:48) -> 26
> Trip 4
   26(time 35013 - 09:43:33)(time 35131 - 09:45:31) ->    25(time 35219 - 09:46:59)(time 35342 - 09:49:02) ->    24(time 35430 - 09:50:30)(time 35543 - 09:52:23) ->    23(time 35631 - 09:53:51)(time 35748 - 09:55:48) ->    22(time 35836 - 09:57:16)(time 35942 - 09:59:02) ->    21(time 36030 - 10:00:30)(time 36143 - 10:02:23) ->    20(time 36231 - 10:03:51)(time 36343 - 10:05:43) ->    19(time 36408 - 10:06:48)(time 36513 - 10:08:33) ->    18(time 36601 - 10:10:01)(time 36716 - 10:11:56) ->    17(time 36804 - 10:13:24)(time 36928 - 10:15:28) ->    16(time 37016 - 10:16:56)(time 37117 - 10:18:37) ->    15(time 37205 - 10:20:05)(time 37317 - 10:21:57) ->    14(time 37533 - 10:25:33)(time 37533 - 10:25:33) ->    0(time 37533 - 10:25:33)(time 37645 - 10:27:25) ->    1(time 37733 - 10:28:53)(time 37834 - 10:30:34) ->    2(time 37922 - 10:32:02)(time 38046 - 10:34:06) ->    3(time 38134 - 10:35:34)(time 38249 - 10:37:29) ->    4(time 38337 - 10:38:57)(time 38442 - 10:40:42) ->    5(time 38507 - 10:41:47)(time 38619 - 10:43:39) ->    6(time 38707 - 10:45:07)(time 38820 - 10:47:00) ->    7(time 38908 - 10:48:28)(time 39014 - 10:50:14) ->    8(time 39102 - 10:51:42)(time 39219 - 10:53:39) ->    9(time 39307 - 10:55:07)(time 39420 - 10:57:00) ->    10(time 39508 - 10:58:28)(time 39631 - 11:00:31) ->    11(time 39719 - 11:01:59)(time 39837 - 11:03:57) ->    12(time 39947 - 11:05:47)(time 39947 - 11:05:47) -> 26
=============
Train 2
=============
> Trip 0
   27(time 11852 - 03:17:32)(time 11958 - 03:19:18) ->    26(time 12068 - 03:21:08)(time 12186 - 03:23:06) ->    25(time 12274 - 03:24:34)(time 12397 - 03:26:37) ->    24(time 12485 - 03:28:05)(time 12598 - 03:29:58) ->    23(time 12686 - 03:31:26)(time 12803 - 03:33:23) ->    22(time 12891 - 03:34:51)(time 12997 - 03:36:37) ->    21(time 13085 - 03:38:05)(time 13198 - 03:39:58) ->    20(time 13286 - 03:41:26)(time 13398 - 03:43:18) ->    19(time 13463 - 03:44:23)(time 13568 - 03:46:08) ->    18(time 13656 - 03:47:36)(time 13771 - 03:49:31) ->    17(time 13859 - 03:50:59)(time 13983 - 03:53:03) ->    16(time 14071 - 03:54:31)(time 14172 - 03:56:12) ->    15(time 14260 - 03:57:40)(time 14372 - 03:59:32) ->    14(time 14482 - 04:01:22)(time 14482 - 04:01:22) ->    0(time 14482 - 04:01:22)(time 14594 - 04:03:14) ->    1(time 14682 - 04:04:42)(time 14783 - 04:06:23) ->    2(time 14871 - 04:07:51)(time 14995 - 04:09:55) ->    3(time 15083 - 04:11:23)(time 15198 - 04:13:18) ->    4(time 15286 - 04:14:46)(time 15391 - 04:16:31) ->    5(time 15456 - 04:17:36)(time 15568 - 04:19:28) ->    6(time 15656 - 04:20:56)(time 15769 - 04:22:49) ->    7(time 15857 - 04:24:17)(time 15963 - 04:26:03) ->    8(time 16051 - 04:27:31)(time 16168 - 04:29:28) ->    9(time 16256 - 04:30:56)(time 16369 - 04:32:49) ->    10(time 16457 - 04:34:17)(time 16580 - 04:36:20) ->    11(time 16668 - 04:37:48)(time 16786 - 04:39:46) ->    12(time 16896 - 04:41:36)(time 17002 - 04:43:22) ->    13(time 17112 - 04:45:12)(time 17112 - 04:45:12) -> 27
> Trip 1
   27(time 17555 - 04:52:35)(time 17661 - 04:54:21) ->    26(time 17771 - 04:56:11)(time 17889 - 04:58:09) ->    25(time 17977 - 04:59:37)(time 18100 - 05:01:40) ->    24(time 18188 - 05:03:08)(time 18301 - 05:05:01) ->    23(time 18389 - 05:06:29)(time 18506 - 05:08:26) ->    22(time 18594 - 05:09:54)(time 18700 - 05:11:40) ->    21(time 18788 - 05:13:08)(time 18901 - 05:15:01) ->    20(time 18989 - 05:16:29)(time 19101 - 05:18:21) ->    19(time 19166 - 05:19:26)(time 19271 - 05:21:11) ->    18(time 19359 - 05:22:39)(time 19474 - 05:24:34) ->    17(time 19562 - 05:26:02)(time 19686 - 05:28:06) ->    16(time 19774 - 05:29:34)(time 19875 - 05:31:15) ->    15(time 19963 - 05:32:43)(time 20075 - 05:34:35) ->    14(time 20185 - 05:36:25)(time 20185 - 05:36:25) ->    0(time 20185 - 05:36:25)(time 20297 - 05:38:17) ->    1(time 20385 - 05:39:45)(time 20486 - 05:41:26) ->    2(time 20574 - 05:42:54)(time 20698 - 05:44:58) ->    3(time 20786 - 05:46:26)(time 20901 - 05:48:21) ->    4(time 20989 - 05:49:49)(time 21094 - 05:51:34) ->    5(time 21159 - 05:52:39)(time 21271 - 05:54:31) ->    6(time 21359 - 05:55:59)(time 21472 - 05:57:52) ->    7(time 21560 - 05:59:20)(time 21666 - 06:01:06) ->    8(time 21754 - 06:02:34)(time 21871 - 06:04:31) ->    9(time 21959 - 06:05:59)(time 22072 - 06:07:52) ->    10(time 22160 - 06:09:20)(time 22283 - 06:11:23) ->    11(time 22371 - 06:12:51)(time 22489 - 06:14:49) ->    12(time 22599 - 06:16:39)(time 22705 - 06:18:25) ->    13(time 22815 - 06:20:15)(time 22815 - 06:20:15) -> 27
> Trip 2
   27(time 22897 - 06:21:37)(time 23003 - 06:23:23) ->    26(time 23113 - 06:25:13)(time 23231 - 06:27:11) ->    25(time 23319 - 06:28:39)(time 23442 - 06:30:42) ->    24(time 23530 - 06:32:10)(time 23643 - 06:34:03) ->    23(time 23731 - 06:35:31)(time 23848 - 06:37:28) ->    22(time 23936 - 06:38:56)(time 24042 - 06:40:42) ->    21(time 24130 - 06:42:10)(time 24243 - 06:44:03) ->    20(time 24331 - 06:45:31)(time 24443 - 06:47:23) ->    19(time 24508 - 06:48:28)(time 24613 - 06:50:13) ->    18(time 24701 - 06:51:41)(time 24816 - 06:53:36) ->    17(time 24904 - 06:55:04)(time 25028 - 06:57:08) ->    16(time 25116 - 06:58:36)(time 25217 - 07:00:17) ->    15(time 25305 - 07:01:45)(time 25417 - 07:03:37) ->    14(time 25527 - 07:05:27)(time 25527 - 07:05:27) ->    0(time 25527 - 07:05:27)(time 25639 - 07:07:19) ->    1(time 25727 - 07:08:47)(time 25828 - 07:10:28) ->    2(time 25916 - 07:11:56)(time 26040 - 07:14:00) ->    3(time 26128 - 07:15:28)(time 26243 - 07:17:23) ->    4(time 26331 - 07:18:51)(time 26436 - 07:20:36) ->    5(time 26501 - 07:21:41)(time 26613 - 07:23:33) ->    6(time 26701 - 07:25:01)(time 26814 - 07:26:54) ->    7(time 26902 - 07:28:22)(time 27008 - 07:30:08) ->    8(time 27096 - 07:31:36)(time 27213 - 07:33:33) ->    9(time 27301 - 07:35:01)(time 27414 - 07:36:54) ->    10(time 27502 - 07:38:22)(time 27625 - 07:40:25) ->    11(time 27713 - 07:41:53)(time 27831 - 07:43:51) ->    12(time 27941 - 07:45:41)(time 28047 - 07:47:27) ->    13(time 28157 - 07:49:17)(time 28157 - 07:49:17) -> 27
> Trip 3
   27(time 28212 - 07:50:12)(time 28318 - 07:51:58) ->    26(time 28428 - 07:53:48)(time 28546 - 07:55:46) ->    25(time 28634 - 07:57:14)(time 28757 - 07:59:17) ->    24(time 28845 - 08:00:45)(time 28958 - 08:02:38) ->    23(time 29046 - 08:04:06)(time 29163 - 08:06:03) ->    22(time 29251 - 08:07:31)(time 29357 - 08:09:17) ->    21(time 29445 - 08:10:45)(time 29558 - 08:12:38) ->    20(time 29646 - 08:14:06)(time 29758 - 08:15:58) ->    19(time 29823 - 08:17:03)(time 29928 - 08:18:48) ->    18(time 30016 - 08:20:16)(time 30131 - 08:22:11) ->    17(time 30219 - 08:23:39)(time 30343 - 08:25:43) ->    16(time 30431 - 08:27:11)(time 30532 - 08:28:52) ->    15(time 31092 - 08:38:12)(time 31204 - 08:40:04) ->    14(time 31314 - 08:41:54)(time 31314 - 08:41:54) ->    0(time 31314 - 08:41:54)(time 31426 - 08:43:46) ->    1(time 31514 - 08:45:14)(time 31615 - 08:46:55) ->    2(time 31703 - 08:48:23)(time 31827 - 08:50:27) ->    3(time 31915 - 08:51:55)(time 32030 - 08:53:50) ->    4(time 32118 - 08:55:18)(time 32223 - 08:57:03) ->    5(time 32288 - 08:58:08)(time 32400 - 09:00:00) ->    6(time 32488 - 09:01:28)(time 32601 - 09:03:21) ->    7(time 32689 - 09:04:49)(time 32795 - 09:06:35) ->    8(time 32883 - 09:08:03)(time 33000 - 09:10:00) ->    9(time 33088 - 09:11:28)(time 33201 - 09:13:21) ->    10(time 33289 - 09:14:49)(time 33412 - 09:16:52) ->    11(time 33500 - 09:18:20)(time 33618 - 09:20:18) ->    12(time 33728 - 09:22:08)(time 33834 - 09:23:54) ->    13(time 33944 - 09:25:44)(time 33944 - 09:25:44) -> 27
> Trip 4
   27(time 34687 - 09:38:07)(time 34793 - 09:39:53) ->    26(time 34903 - 09:41:43)(time 35021 - 09:43:41) ->    25(time 35109 - 09:45:09)(time 35232 - 09:47:12) ->    24(time 35320 - 09:48:40)(time 35433 - 09:50:33) ->    23(time 35521 - 09:52:01)(time 35638 - 09:53:58) ->    22(time 35726 - 09:55:26)(time 35832 - 09:57:12) ->    21(time 35920 - 09:58:40)(time 36033 - 10:00:33) ->    20(time 36121 - 10:02:01)(time 36233 - 10:03:53) ->    19(time 36298 - 10:04:58)(time 36403 - 10:06:43) ->    18(time 36491 - 10:08:11)(time 36606 - 10:10:06) ->    17(time 36694 - 10:11:34)(time 36818 - 10:13:38) ->    16(time 36906 - 10:15:06)(time 37007 - 10:16:47) ->    15(time 37095 - 10:18:15)(time 37207 - 10:20:07) ->    14(time 37317 - 10:21:57)(time 37317 - 10:21:57) ->    0(time 37317 - 10:21:57)(time 37429 - 10:23:49) ->    1(time 37517 - 10:25:17)(time 37618 - 10:26:58) ->    2(time 37706 - 10:28:26)(time 37830 - 10:30:30) ->    3(time 37918 - 10:31:58)(time 38033 - 10:33:53) ->    4(time 38121 - 10:35:21)(time 38226 - 10:37:06) ->    5(time 38291 - 10:38:11)(time 38403 - 10:40:03) ->    6(time 38491 - 10:41:31)(time 38604 - 10:43:24) ->    7(time 38692 - 10:44:52)(time 38798 - 10:46:38) ->    8(time 38886 - 10:48:06)(time 39003 - 10:50:03) ->    9(time 39091 - 10:51:31)(time 39204 - 10:53:24) ->    10(time 39292 - 10:54:52)(time 39415 - 10:56:55) ->    11(time 39503 - 10:58:23)(time 39621 - 11:00:21) ->    12(time 39731 - 11:02:11)(time 39837 - 11:03:57) ->    13(time 39947 - 11:05:47)(time 39947 - 11:05:47) -> 27
Traceback (most recent call last):
  File "/home/renata/Train-Timetabling/script.py", line 17, in <module>
    with open(file_name, "r") as file:
FileNotFoundError: [Errno 2] No such file or directory: 'script-solution.txt'
----- t3p5r7h1.txt-model.log -----
	demands of vertex 5 at time interval: 0
	demands of vertex 6 at time interval: 6
	demands of vertex 7 at time interval: 6
	demands of vertex 8 at time interval: 0
	demands of vertex 9 at time interval: 6

maximum time = 14317
alpha = 82

>> Solving...
Version identifier: 20.1.0.0 | 2020-11-10 | 9bedb6d68
CPXPARAM_Threads                                 1
CPXPARAM_TimeLimit                               43200
Tried aggregator 3 times.
MIP Presolve eliminated 8000 rows and 1902 columns.
MIP Presolve modified 7260 coefficients.
Aggregator did 156 substitutions.
Reduced MIP has 11841 rows, 3823 columns, and 30426 nonzeros.
Reduced MIP has 3669 binaries, 0 generals, 0 SOSs, and 0 indicators.
Presolve time = 0.27 sec. (157.35 ticks)
Probing fixed 0 vars, tightened 10 bounds.
Probing time = 0.07 sec. (45.87 ticks)
Cover probing fixed 0 vars, tightened 41 bounds.
Tried aggregator 1 time.
Detecting symmetries...
MIP Presolve eliminated 23 rows and 22 columns.
MIP Presolve modified 1412 coefficients.
Reduced MIP has 11818 rows, 3801 columns, and 30330 nonzeros.
Reduced MIP has 3647 binaries, 0 generals, 0 SOSs, and 0 indicators.
Presolve time = 0.21 sec. (154.22 ticks)
Probing fixed 0 vars, tightened 6 bounds.
Probing time = 0.05 sec. (31.71 ticks)
Cover probing fixed 0 vars, tightened 2 bounds.
Clique table members: 20093.
MIP emphasis: balance optimality and feasibility.
MIP search method: dynamic search.
Parallel mode: none, using 1 thread.
Root relaxation solution time = 0.26 sec. (185.67 ticks)

        Nodes                                         Cuts/
   Node  Left     Objective  IInf  Best Integer    Best Bound    ItCnt     Gap

      0     0        0.0000  1394                      0.0000     2170         
      0     0        0.0000  1511                  Cuts: 1713     4239         
      0     0       40.8303  1902                  Cuts: 1004     8717         
      0     0       40.8303  1778                   Cuts: 635    10244         
      0     0       40.8303  1732                   Cuts: 671    11046         
      0     0       40.8303  1763                   Cuts: 419    12098         

Repeating presolve.
Tried aggregator 1 time.
MIP Presolve eliminated 4759 rows and 1908 columns.
MIP Presolve modified 234 coefficients.
Reduced MIP has 7059 rows, 1893 columns, and 18897 nonzeros.
Reduced MIP has 1739 binaries, 0 generals, 0 SOSs, and 0 indicators.
Presolve time = 0.07 sec. (34.03 ticks)
Probing time = 0.01 sec. (5.38 ticks)
Cover probing fixed 0 vars, tightened 30 bounds.
Tried aggregator 1 time.
Detecting symmetries...
MIP Presolve modified 960 coefficients.
Reduced MIP has 7059 rows, 1893 columns, and 18897 nonzeros.
Reduced MIP has 1739 binaries, 0 generals, 0 SOSs, and 0 indicators.
Presolve time = 0.05 sec. (32.18 ticks)
Represolve time = 0.16 sec. (85.70 ticks)
Probing time = 0.01 sec. (5.26 ticks)
Clique table members: 11330.
MIP emphasis: balance optimality and feasibility.
MIP search method: dynamic search.
Parallel mode: none, using 1 thread.
Root relaxation solution time = 0.23 sec. (201.39 ticks)

        Nodes                                         Cuts/
   Node  Left     Objective  IInf  Best Integer    Best Bound    ItCnt     Gap

      0     0       40.8303   787                     40.8303    14713         
      0     0       81.6592   862                   Cuts: 857    16173         
      0     0       81.6592   889                   Cuts: 499    16721         
      0     0       81.6592   920                   Cuts: 489    17532         
*     0+    0                        14076.0000       81.6592            99.42%
      0     2       81.6592   920    14076.0000       81.9944    17532   99.42%
Elapsed time = 11.91 sec. (9332.24 ticks, tree = 0.01 MB, solutions = 1)
      3     5     1250.0000   590    14076.0000       82.0000    21031   99.42%
      6     8     3288.0000   707    14076.0000       82.0000    24093   99.42%
      9    11     3288.7409   780    14076.0000       82.0000    26843   99.42%
     30    18    10028.0000    24    14076.0000       82.0000    29045   99.42%
*    50+   23                        10611.0000       82.0000            99.23%
*    52    19      integral     0    10326.0000       82.0000    29165   99.21%
     53    20       82.0000   846    10326.0000       82.0000    30338   99.21%
     55    22     3370.0000   782    10326.0000     1559.7818    33270   84.89%
     60    27     9946.0000   253    10326.0000     1612.6865    35530   84.38%
*    70+   31                        10274.0000     1612.6865            84.30%
*    75    29      integral     0    10043.0000     1612.6865    36548   83.94%
     77    31     4063.0000   602    10043.0000     1733.0909    38421   82.74%
     87    35     6576.0000   620    10043.0000     1886.3477    41036   81.22%
*    90+   27                         9864.0000     1886.3477            80.88%
    109    26     6658.0000   466     9864.0000     3288.0000    49438   66.67%
Elapsed time = 16.46 sec. (13359.66 ticks, tree = 0.74 MB, solutions = 6)
    139    27     6807.0000   184     9864.0000     3370.0000    59908   65.84%
*   147    32      integral     0     8750.0000     3370.0000    60081   61.49%
    151    32     3370.0000   660     8750.0000     3370.0000    65174   61.49%
*   200+   47                         7731.0000     3370.0000            56.41%
    260    64        cutoff           7731.0000     3370.0000    74401   56.41%
    303    53        cutoff           7731.0000     6576.0000    85309   14.94%
    429    82     7400.0000    39     7731.0000     6807.0000    90637   11.95%
    689   230        cutoff           7731.0000     6889.0000    92976   10.89%
    889   335     7269.0000    53     7731.0000     6889.0000    95315   10.89%
   1171   455     7038.0000    66     7731.0000     7038.0000    98169    8.96%
   1400   521     7269.0000    52     7731.0000     7038.0000   100561    8.96%
Elapsed time = 31.32 sec. (22855.44 ticks, tree = 1.30 MB, solutions = 8)

Performing restart 1

Repeating presolve.
Tried aggregator 1 time.
MIP Presolve eliminated 500 rows and 200 columns.
MIP Presolve modified 39 coefficients.
Reduced MIP has 6559 rows, 1693 columns, and 17676 nonzeros.
Reduced MIP has 1539 binaries, 0 generals, 0 SOSs, and 0 indicators.
Presolve time = 0.05 sec. (25.84 ticks)
Tried aggregator 2 times.
MIP Presolve eliminated 333 rows and 9 columns.
MIP Presolve modified 1960 coefficients.
Aggregator did 117 substitutions.
Reduced MIP has 6109 rows, 1567 columns, and 16572 nonzeros.
Reduced MIP has 1413 binaries, 0 generals, 0 SOSs, and 0 indicators.
Presolve time = 0.06 sec. (31.40 ticks)
Tried aggregator 1 time.
MIP Presolve modified 2226 coefficients.
Reduced MIP has 6109 rows, 1567 columns, and 16572 nonzeros.
Reduced MIP has 1413 binaries, 0 generals, 0 SOSs, and 0 indicators.
Presolve time = 0.05 sec. (24.50 ticks)
Represolve time = 0.42 sec. (230.77 ticks)
   1419     0      123.1121   756     7731.0000     Cuts: 240   105868    8.96%
   1419     0      253.6830   708     7731.0000     Cuts: 178   106871    8.96%
   1419     0      294.6850   709     7731.0000     Cuts: 507   107248    8.96%
   1419     0      315.0658   704     7731.0000     Cuts: 155   107499    8.96%
   1419     0      318.9365   741     7731.0000     Cuts: 224   107764    8.96%
   1419     0      319.3182   732     7731.0000      Cuts: 87   107914    8.96%
   1419     0      320.1534   750     7731.0000     Cuts: 243   108180    8.96%
   1419     2      320.1534   734     7731.0000     7038.0000   108180    8.96%
   1422     5     1492.0944   628     7731.0000     7038.0000   112478    8.96%
   1425     8     3288.0000   730     7731.0000     7038.0000   117016    8.96%
   1429    10     6576.0000   528     7731.0000     7038.0000   121206    8.96%
   1435     4        cutoff           7731.0000     7038.0000   126897    8.96%
   1437     6     6576.0000   174     7731.0000     7038.0000   129244    8.96%
   1449    16     7500.0000    32     7731.0000     7038.0000   130072    8.96%
   1481    23     7038.0000    52     7731.0000     7038.0000   133320    8.96%
   1497    28     7269.0000    58     7731.0000     7038.0000   133797    8.96%
   1515    34        cutoff           7731.0000     7038.0000   134090    8.96%
Elapsed time = 57.77 sec. (40827.86 ticks, tree = 0.09 MB, solutions = 8)
   1619    65    infeasible           7731.0000     7038.0000   135244    8.96%
   1766   112        cutoff           7731.0000     7038.0000   136654    8.96%
   1945   113        cutoff           7731.0000     7269.0000   138296    5.98%
   2096   129     7500.0000    90     7731.0000     7269.0000   139962    5.98%
   2249    99        cutoff           7731.0000     7500.0000   141587    2.99%
   2415    32     7500.0000    36     7731.0000     7500.0000   143741    2.99%

Clique cuts applied:  2
Cover cuts applied:  47
Implied bound cuts applied:  58
Flow cuts applied:  6
Mixed integer rounding cuts applied:  35
Zero-half cuts applied:  32
Gomory fractional cuts applied:  1

Root node processing (before b&c):
  Real time             =   11.88 sec. (9305.21 ticks)
Sequential b&c:
  Real time             =   57.60 sec. (37567.84 ticks)
                          ------------
Total (root+branch&cut) =   69.48 sec. (46873.06 ticks)
Optimal

>> Printing some results...
    -> Solution value = 7730 - 02:08:50
    -> Total time = 69.48
    -> Gap value = 0.00

=============
Train 0
=============
> Trip 0
   9(time 82 - 00:01:22)(time 340 - 00:05:40) ->    8(time 523 - 00:08:43)(time 788 - 00:13:08) ->    7(time 1019 - 00:16:59)(time 1271 - 00:21:11) ->    6(time 1368 - 00:22:48)(time 1644 - 00:27:24) ->    5(time 1875 - 00:31:15)(time 1875 - 00:31:15) ->    0(time 1972 - 00:32:52)(time 2248 - 00:37:28) ->    1(time 2479 - 00:41:19)(time 2731 - 00:45:31) ->    2(time 2962 - 00:49:22)(time 3227 - 00:53:47) ->    3(time 3261 - 00:54:21)(time 3519 - 00:58:39) ->    4(time 3750 - 01:02:30)(time 3750 - 01:02:30) -> 9
> Trip 1
   9(time 3832 - 01:03:52)(time 4090 - 01:08:10) ->    8(time 4273 - 01:11:13)(time 4538 - 01:15:38) ->    7(time 4769 - 01:19:29)(time 5021 - 01:23:41) ->    6(time 5118 - 01:25:18)(time 5394 - 01:29:54) ->    5(time 5625 - 01:33:45)(time 5625 - 01:33:45) ->    0(time 5856 - 01:37:36)(time 6132 - 01:42:12) ->    1(time 6229 - 01:43:49)(time 6481 - 01:48:01) ->    2(time 6712 - 01:51:52)(time 6977 - 01:56:17) ->    3(time 7011 - 01:56:51)(time 7269 - 02:01:09) ->    4(time 7500 - 02:05:00)(time 7500 - 02:05:00) -> 9
=============
Train 1
=============
> Trip 0
   9(time 0 - 00:00:00)(time 258 - 00:04:18) ->    8(time 292 - 00:04:52)(time 557 - 00:09:17) ->    7(time 788 - 00:13:08)(time 1040 - 00:17:20) ->    6(time 1137 - 00:18:57)(time 1413 - 00:23:33) ->    5(time 1644 - 00:27:24)(time 1644 - 00:27:24) ->    0(time 1875 - 00:31:15)(time 2151 - 00:35:51) ->    1(time 2248 - 00:37:28)(time 2500 - 00:41:40) ->    2(time 2731 - 00:45:31)(time 2996 - 00:49:56) ->    3(time 3030 - 00:50:30)(time 3288 - 00:54:48) ->    4(time 3519 - 00:58:39)(time 3519 - 00:58:39) -> 9
> Trip 1
   9(time 3750 - 01:02:30)(time 4008 - 01:06:48) ->    8(time 4042 - 01:07:22)(time 4307 - 01:11:47) ->    7(time 4538 - 01:15:38)(time 4790 - 01:19:50) ->    6(time 4887 - 01:21:27)(time 5163 - 01:26:03) ->    5(time 5394 - 01:29:54)(time 5394 - 01:29:54) ->    0(time 5625 - 01:33:45)(time 5901 - 01:38:21) ->    1(time 5998 - 01:39:58)(time 6250 - 01:44:10) ->    2(time 6481 - 01:48:01)(time 6746 - 01:52:26) ->    3(time 6780 - 01:53:00)(time 7038 - 01:57:18) ->    4(time 7269 - 02:01:09)(time 7269 - 02:01:09) -> 9
=============
Train 2
=============
> Trip 0
   9(time 265 - 00:04:25)(time 523 - 00:08:43) ->    8(time 754 - 00:12:34)(time 1019 - 00:16:59) ->    7(time 1250 - 00:20:50)(time 1502 - 00:25:02) ->    6(time 1599 - 00:26:39)(time 1875 - 00:31:15) ->    5(time 2337 - 00:38:57)(time 2337 - 00:38:57) ->    0(time 2337 - 00:38:57)(time 2613 - 00:43:33) ->    1(time 2710 - 00:45:10)(time 2962 - 00:49:22) ->    2(time 3193 - 00:53:13)(time 3458 - 00:57:38) ->    3(time 3492 - 00:58:12)(time 3750 - 01:02:30) ->    4(time 3981 - 01:06:21)(time 3981 - 01:06:21) -> 9
> Trip 1
   9(time 4015 - 01:06:55)(time 4273 - 01:11:13) ->    8(time 4504 - 01:15:04)(time 4769 - 01:19:29) ->    7(time 5000 - 01:23:20)(time 5252 - 01:27:32) ->    6(time 5349 - 01:29:09)(time 5625 - 01:33:45) ->    5(time 5953 - 01:39:13)(time 5953 - 01:39:13) ->    0(time 5953 - 01:39:13)(time 6229 - 01:43:49) ->    1(time 6460 - 01:47:40)(time 6712 - 01:51:52) ->    2(time 6943 - 01:55:43)(time 7208 - 02:00:08) ->    3(time 7242 - 02:00:42)(time 7500 - 02:05:00) ->    4(time 7731 - 02:08:51)(time 7731 - 02:08:51) -> 9
----- t3p6r2h1.txt-model.log -----
 278910 86253        cutoff          23268.0000    21708.2887  6325535    6.70%
 278995 86265        cutoff          23268.0000    21708.3729  6327142    6.70%
 279092 86269        cutoff          23268.0000    21708.5287  6329164    6.70%
 279189 86300    22391.9340    61    23268.0000    21708.6182  6331252    6.70%
 279287 86314    23240.0000    64    23268.0000    21708.6279  6333427    6.70%
Elapsed time = 41423.90 sec. (38641326.91 ticks, tree = 190.22 MB, solutions = 10)
 279379 86329        cutoff          23268.0000    21708.6280  6335224    6.70%
 279500 86358    22740.0000    37    23268.0000    21708.6472  6337481    6.70%
 279590 86358    infeasible          23268.0000    21708.7279  6339732    6.70%
 279665 86365    23009.1108    40    23268.0000    21708.7505  6341515    6.70%
 279757 86379        cutoff          23268.0000    21708.8031  6343296    6.70%
 279844 86387    23004.2350    24    23268.0000    21708.8658  6345119    6.70%
 279932 86394        cutoff          23268.0000    21708.9453  6346875    6.70%
 280021 86392    infeasible          23268.0000    21709.0662  6349023    6.70%
 280129 86394    22231.1164    42    23268.0000    21709.3074  6351081    6.70%
 280225 86418    21993.5131    38    23268.0000    21709.3681  6352890    6.70%
Elapsed time = 41583.36 sec. (38795261.49 ticks, tree = 190.45 MB, solutions = 10)
 280311 86441    22750.3224    23    23268.0000    21709.4464  6354416    6.70%
 280399 86442    22471.9436    15    23268.0000    21709.5133  6356546    6.70%
 280485 86452        cutoff          23268.0000    21709.6008  6358263    6.70%
 280558 86453        cutoff          23268.0000    21709.6849  6359826    6.70%
 280660 86474    23073.1122    26    23268.0000    21709.7847  6361737    6.70%
 280743 86495    23240.0000    10    23268.0000    21709.8003  6363227    6.70%
 280865 86516    22326.2982    34    23268.0000    21709.8298  6365933    6.70%
 280960 86534        cutoff          23268.0000    21709.8482  6367993    6.70%
 281056 86554        cutoff          23268.0000    21709.9231  6370007    6.70%
 281155 86578    23005.6652    44    23268.0000    21709.9577  6371763    6.70%
Elapsed time = 41741.44 sec. (38949345.74 ticks, tree = 190.79 MB, solutions = 10)
 281255 86591    23053.1475    71    23268.0000    21710.0495  6373420    6.70%
 281327 86586    infeasible          23268.0000    21710.1732  6375371    6.70%
 281418 86594        cutoff          23268.0000    21710.2285  6377187    6.69%
 281509 86614        cutoff          23268.0000    21710.2285  6378970    6.69%
 281595 86634        cutoff          23268.0000    21710.2331  6380775    6.69%
 281699 86652    21982.0093    39    23268.0000    21710.3174  6382695    6.69%
 281780 86658    22238.9395    46    23268.0000    21710.3671  6384736    6.69%
 281885 86688    infeasible          23268.0000    21710.4377  6386725    6.69%
 281966 86689        cutoff          23268.0000    21710.5677  6388565    6.69%
 282061 86695        cutoff          23268.0000    21710.5677  6390878    6.69%
Elapsed time = 41900.05 sec. (39104020.50 ticks, tree = 190.96 MB, solutions = 10)
 282162 86713        cutoff          23268.0000    21710.6398  6392609    6.69%
 282235 86716        cutoff          23268.0000    21710.6994  6394393    6.69%
 282359 86738    21975.5107    48    23268.0000    21710.7406  6396667    6.69%
 282458 86749        cutoff          23268.0000    21710.8230  6398354    6.69%
 282561 86752    21710.8559    25    23268.0000    21710.8559  6400343    6.69%
 282662 86770        cutoff          23268.0000    21710.9397  6401961    6.69%
 282749 86765    22244.5117    55    23268.0000    21711.0294  6403931    6.69%
 282828 86767    22457.4240    26    23268.0000    21711.2150  6405758    6.69%
 282939 86781    22747.9745    26    23268.0000    21711.2642  6407574    6.69%
 283032 86794        cutoff          23268.0000    21711.4013  6409319    6.69%
Elapsed time = 42058.50 sec. (39258162.12 ticks, tree = 191.18 MB, solutions = 10)
 283134 86809    21975.5107    66    23268.0000    21711.4673  6411067    6.69%
 283225 86834    21851.2982    88    23268.0000    21711.4813  6412736    6.69%
 283316 86845        cutoff          23268.0000    21711.5071  6414305    6.69%
 283428 86868    22630.7271    22    23268.0000    21711.5107  6415957    6.69%
 283528 86878        cutoff          23268.0000    21711.6229  6417650    6.69%
 283628 86891    22994.9542    61    23268.0000    21711.6868  6419323    6.69%
 283719 86895    23240.0000    66    23268.0000    21711.7592  6421394    6.69%
 283816 86885    23242.0355    15    23268.0000    21711.7881  6424051    6.69%
 283897 86892    22567.3524    78    23268.0000    21711.8087  6425804    6.69%
 283983 86906        cutoff          23268.0000    21711.8553  6427659    6.69%
Elapsed time = 42217.67 sec. (39412145.12 ticks, tree = 191.42 MB, solutions = 10)
 284052 86918        cutoff          23268.0000    21711.8640  6429132    6.69%
 284151 86942    22829.6875    21    23268.0000    21711.8640  6431394    6.69%
 284237 86957        cutoff          23268.0000    21711.8909  6433480    6.69%
 284316 86947        cutoff          23268.0000    21711.9287  6435210    6.69%
 284429 86964    22716.0710    58    23268.0000    21711.9287  6436839    6.69%
 284552 86982    22724.9341    66    23268.0000    21711.9858  6439008    6.69%
 284620 86978    22631.0715    22    23268.0000    21712.0113  6440942    6.69%
 284724 86995    22244.8510    26    23268.0000    21712.0113  6442973    6.69%
 284827 87013    23009.1108    44    23268.0000    21712.0113  6445022    6.69%
 284894 87023    23240.0000    42    23268.0000    21712.0113  6446504    6.69%
Elapsed time = 42377.70 sec. (39567230.64 ticks, tree = 191.67 MB, solutions = 10)
 284990 87027    22750.2216    36    23268.0000    21712.0114  6448870    6.69%
 285088 87041    22244.5118    63    23268.0000    21712.0114  6450752    6.69%
 285187 87049        cutoff          23268.0000    21712.0283  6452611    6.69%
 285280 87055    22758.6447    14    23268.0000    21712.0288  6454460    6.69%
 285378 87052    21715.2456    64    23268.0000    21712.0673  6456480    6.69%
 285457 87058    22476.1545    40    23268.0000    21712.1545  6458004    6.69%
 285552 87074    21980.9947    53    23268.0000    21712.1550  6459673    6.69%
 285648 87089        cutoff          23268.0000    21712.2245  6461549    6.69%
 285728 87099        cutoff          23268.0000    21712.2480  6462892    6.69%
 285842 87118    21976.2680    42    23268.0000    21712.2680  6464918    6.69%
Elapsed time = 42538.26 sec. (39722209.57 ticks, tree = 191.88 MB, solutions = 10)
 285961 87143        cutoff          23268.0000    21712.3551  6466842    6.69%
 286051 87152        cutoff          23268.0000    21712.3680  6468703    6.69%
 286164 87176    22978.6058    78    23268.0000    21712.3680  6471081    6.69%
 286243 87177    21986.6336    31    23268.0000    21712.4536  6472586    6.69%
 286348 87190        cutoff          23268.0000    21712.4988  6474440    6.69%
 286436 87193        cutoff          23268.0000    21712.5859  6476311    6.68%
 286541 87204    22749.4952    44    23268.0000    21712.6501  6478242    6.68%
 286622 87218        cutoff          23268.0000    21712.7244  6479706    6.68%
 286706 87221        cutoff          23268.0000    21712.8082  6481338    6.68%
 286788 87222        cutoff          23268.0000    21713.0000  6483078    6.68%
Elapsed time = 42697.70 sec. (39876521.63 ticks, tree = 192.10 MB, solutions = 10)
 286868 87252    infeasible          23268.0000    21713.0000  6484740    6.68%
 286962 87285    21738.6711    45    23268.0000    21713.0000  6486723    6.68%
 287041 87313    21713.0000    62    23268.0000    21713.0000  6488552    6.68%
 287161 87348        cutoff          23268.0000    21713.0242  6490985    6.68%
 287251 87344    22491.1382    29    23268.0000    21713.1563  6492874    6.68%
 287358 87341        cutoff          23268.0000    21713.2576  6495126    6.68%
 287442 87335    23004.0000    12    23268.0000    21713.3052  6497032    6.68%
 287532 87349    23011.9745    32    23268.0000    21713.4185  6498638    6.68%
 287635 87353        cutoff          23268.0000    21713.5089  6500638    6.68%
 287775 87377    22502.7114    46    23268.0000    21713.5567  6502610    6.68%
Elapsed time = 42856.85 sec. (40031081.67 ticks, tree = 192.43 MB, solutions = 10)
 287862 87389        cutoff          23268.0000    21713.6084  6504313    6.68%
 287962 87407    22244.5118    23    23268.0000    21713.7066  6506316    6.68%
 288063 87406        cutoff          23268.0000    21713.7994  6508591    6.68%
 288147 87412        cutoff          23268.0000    21713.8973  6510530    6.68%
 288220 87420    23136.0000    18    23268.0000    21713.9396  6512229    6.68%
 288324 87432        cutoff          23268.0000    21714.0000  6514358    6.68%
 288420 87457        cutoff          23268.0000    21714.0000  6517143    6.68%
 288521 87466        cutoff          23268.0000    21714.0539  6520103    6.68%
 288612 87476        cutoff          23268.0000    21714.1877  6521874    6.68%
 288700 87495    22298.7277    44    23268.0000    21714.3851  6523649    6.68%
Elapsed time = 43016.70 sec. (40185614.40 ticks, tree = 192.69 MB, solutions = 10)
 288798 87496    22256.8732    36    23268.0000    21714.5073  6525385    6.68%
 288908 87510    22438.9231    22    23268.0000    21714.5403  6527302    6.68%
 288971 87510    22268.4841    57    23268.0000    21714.6328  6528810    6.68%
 289057 87501    infeasible          23268.0000    21714.8141  6530594    6.68%
 289142 87496        cutoff          23268.0000    21714.9608  6532513    6.67%
 289218 87493    23009.1108    26    23268.0000    21715.1282  6534339    6.67%
 289335 87499    21725.6837    39    23268.0000    21715.2840  6536347    6.67%
 289434 87501        cutoff          23268.0000    21715.3747  6538682    6.67%
 289520 87501        cutoff          23268.0000    21715.4459  6540376    6.67%
 289587 87501    23004.0000    44    23268.0000    21715.5376  6542316    6.67%
Elapsed time = 43177.40 sec. (40339658.06 ticks, tree = 192.70 MB, solutions = 10)
 289683 87517    21726.5356    51    23268.0000    21715.6898  6544044    6.67%

GUB cover cuts applied:  3
Clique cuts applied:  5
Cover cuts applied:  479
Implied bound cuts applied:  12
Flow cuts applied:  84
Mixed integer rounding cuts applied:  171
Zero-half cuts applied:  7
Gomory fractional cuts applied:  13

Root node processing (before b&c):
  Real time             =   43.60 sec. (29693.05 ticks)
Sequential b&c:
  Real time             = 43156.61 sec. (40333964.01 ticks)
                          ------------
Total (root+branch&cut) = 43200.21 sec. (40363657.06 ticks)
Feasible

>> Printing some results...
    -> Solution value = 23267 - 06:27:47
    -> Total time = 43200.21
    -> Gap value = 0.07

=============
Train 0
=============
> Trip 0
   0(time 528 - 00:08:48)(time 724 - 00:12:04) ->    1(time 833 - 00:13:53)(time 1018 - 00:16:58) ->    2(time 1127 - 00:18:47)(time 1327 - 00:22:07) ->    3(time 1403 - 00:23:23)(time 1611 - 00:26:51) ->    4(time 1720 - 00:28:40)(time 1917 - 00:31:57) ->    5(time 2181 - 00:36:21)(time 2181 - 00:36:21) ->    11(time 2290 - 00:38:10)(time 2487 - 00:41:27) ->    10(time 2596 - 00:43:16)(time 2804 - 00:46:44) ->    9(time 3035 - 00:50:35)(time 3235 - 00:53:55) ->    8(time 3344 - 00:55:44)(time 3529 - 00:58:49) ->    7(time 3638 - 01:00:38)(time 3834 - 01:03:54) ->    6(time 4278 - 01:11:18)(time 4278 - 01:11:18) -> 0
> Trip 1
   0(time 4362 - 01:12:42)(time 4558 - 01:15:58) ->    1(time 4667 - 01:17:47)(time 4852 - 01:20:52) ->    2(time 4961 - 01:22:41)(time 5161 - 01:26:01) ->    3(time 5237 - 01:27:17)(time 5445 - 01:30:45) ->    4(time 5554 - 01:32:34)(time 5751 - 01:35:51) ->    5(time 6015 - 01:40:15)(time 6015 - 01:40:15) ->    11(time 6015 - 01:40:15)(time 6212 - 01:43:32) ->    10(time 6321 - 01:45:21)(time 6529 - 01:48:49) ->    9(time 6605 - 01:50:05)(time 6805 - 01:53:25) ->    8(time 7023 - 01:57:03)(time 7208 - 02:00:08) ->    7(time 7472 - 02:04:32)(time 7668 - 02:07:48) ->    6(time 8112 - 02:15:12)(time 8112 - 02:15:12) -> 0
> Trip 2
   0(time 8196 - 02:16:36)(time 8392 - 02:19:52) ->    1(time 8501 - 02:21:41)(time 8686 - 02:24:46) ->    2(time 8795 - 02:26:35)(time 8995 - 02:29:55) ->    3(time 9071 - 02:31:11)(time 9279 - 02:34:39) ->    4(time 9388 - 02:36:28)(time 9585 - 02:39:45) ->    5(time 10029 - 02:47:09)(time 10029 - 02:47:09) ->    11(time 10113 - 02:48:33)(time 10310 - 02:51:50) ->    10(time 10419 - 02:53:39)(time 10627 - 02:57:07) ->    9(time 10703 - 02:58:23)(time 10903 - 03:01:43) ->    8(time 11012 - 03:03:32)(time 11197 - 03:06:37) ->    7(time 11306 - 03:08:26)(time 11502 - 03:11:42) ->    6(time 11766 - 03:16:06)(time 11766 - 03:16:06) -> 0
> Trip 3
   0(time 11766 - 03:16:06)(time 11962 - 03:19:22) ->    1(time 12071 - 03:21:11)(time 12256 - 03:24:16) ->    2(time 12365 - 03:26:05)(time 12565 - 03:29:25) ->    3(time 12750 - 03:32:30)(time 12958 - 03:35:58) ->    4(time 13222 - 03:40:22)(time 13419 - 03:43:39) ->    5(time 13683 - 03:48:03)(time 13683 - 03:48:03) ->    11(time 13683 - 03:48:03)(time 13880 - 03:51:20) ->    10(time 13989 - 03:53:09)(time 14197 - 03:56:37) ->    9(time 14273 - 03:57:53)(time 14473 - 04:01:13) ->    8(time 14691 - 04:04:51)(time 14876 - 04:07:56) ->    7(time 15140 - 04:12:20)(time 15336 - 04:15:36) ->    6(time 15600 - 04:20:00)(time 15600 - 04:20:00) -> 0
> Trip 4
   0(time 15600 - 04:20:00)(time 15796 - 04:23:16) ->    1(time 15905 - 04:25:05)(time 16090 - 04:28:10) ->    2(time 16199 - 04:29:59)(time 16399 - 04:33:19) ->    3(time 16475 - 04:34:35)(time 16683 - 04:38:03) ->    4(time 16792 - 04:39:52)(time 16989 - 04:43:09) ->    5(time 17253 - 04:47:33)(time 17253 - 04:47:33) ->    11(time 17362 - 04:49:22)(time 17559 - 04:52:39) ->    10(time 17668 - 04:54:28)(time 17876 - 04:57:56) ->    9(time 18107 - 05:01:47)(time 18307 - 05:05:07) ->    8(time 18416 - 05:06:56)(time 18601 - 05:10:01) ->    7(time 18710 - 05:11:50)(time 18906 - 05:15:06) ->    6(time 19170 - 05:19:30)(time 19170 - 05:19:30) -> 0
> Trip 5
   0(time 19170 - 05:19:30)(time 19366 - 05:22:46) ->    1(time 19475 - 05:24:35)(time 19660 - 05:27:40) ->    2(time 19769 - 05:29:29)(time 19969 - 05:32:49) ->    3(time 20045 - 05:34:05)(time 20253 - 05:37:33) ->    4(time 20362 - 05:39:22)(time 20559 - 05:42:39) ->    5(time 20823 - 05:47:03)(time 20823 - 05:47:03) ->    11(time 21087 - 05:51:27)(time 21284 - 05:54:44) ->    10(time 21393 - 05:56:33)(time 21601 - 06:00:01) ->    9(time 21677 - 06:01:17)(time 21877 - 06:04:37) ->    8(time 21986 - 06:06:26)(time 22171 - 06:09:31) ->    7(time 22280 - 06:11:20)(time 22476 - 06:14:36) ->    6(time 22740 - 06:19:00)(time 22740 - 06:19:00) -> 0
=============
Train 1
=============
> Trip 0
   0(time 264 - 00:04:24)(time 460 - 00:07:40) ->    1(time 569 - 00:09:29)(time 754 - 00:12:34) ->    2(time 863 - 00:14:23)(time 1063 - 00:17:43) ->    3(time 1139 - 00:18:59)(time 1347 - 00:22:27) ->    4(time 1456 - 00:24:16)(time 1653 - 00:27:33) ->    5(time 1917 - 00:31:57)(time 1917 - 00:31:57) ->    11(time 2181 - 00:36:21)(time 2378 - 00:39:38) ->    10(time 2487 - 00:41:27)(time 2695 - 00:44:55) ->    9(time 2771 - 00:46:11)(time 2971 - 00:49:31) ->    8(time 3080 - 00:51:20)(time 3265 - 00:54:25) ->    7(time 3374 - 00:56:14)(time 3570 - 00:59:30) ->    6(time 3834 - 01:03:54)(time 3834 - 01:03:54) -> 0
> Trip 1
   0(time 3834 - 01:03:54)(time 4030 - 01:07:10) ->    1(time 4139 - 01:08:59)(time 4324 - 01:12:04) ->    2(time 4433 - 01:13:53)(time 4633 - 01:17:13) ->    3(time 4709 - 01:18:29)(time 4917 - 01:21:57) ->    4(time 5026 - 01:23:46)(time 5223 - 01:27:03) ->    5(time 5487 - 01:31:27)(time 5487 - 01:31:27) ->    11(time 5751 - 01:35:51)(time 5948 - 01:39:08) ->    10(time 6057 - 01:40:57)(time 6265 - 01:44:25) ->    9(time 6341 - 01:45:41)(time 6541 - 01:49:01) ->    8(time 6650 - 01:50:50)(time 6835 - 01:53:55) ->    7(time 6944 - 01:55:44)(time 7140 - 01:59:00) ->    6(time 7404 - 02:03:24)(time 7404 - 02:03:24) -> 0
> Trip 2
   0(time 7668 - 02:07:48)(time 7864 - 02:11:04) ->    1(time 7973 - 02:12:53)(time 8158 - 02:15:58) ->    2(time 8267 - 02:17:47)(time 8467 - 02:21:07) ->    3(time 8543 - 02:22:23)(time 8751 - 02:25:51) ->    4(time 8860 - 02:27:40)(time 9057 - 02:30:57) ->    5(time 9321 - 02:35:21)(time 9321 - 02:35:21) ->    11(time 9585 - 02:39:45)(time 9782 - 02:43:02) ->    10(time 9891 - 02:44:51)(time 10099 - 02:48:19) ->    9(time 10175 - 02:49:35)(time 10375 - 02:52:55) ->    8(time 10484 - 02:54:44)(time 10669 - 02:57:49) ->    7(time 10778 - 02:59:38)(time 10974 - 03:02:54) ->    6(time 11238 - 03:07:18)(time 11238 - 03:07:18) -> 0
> Trip 3
   0(time 11502 - 03:11:42)(time 11698 - 03:14:58) ->    1(time 11807 - 03:16:47)(time 11992 - 03:19:52) ->    2(time 12101 - 03:21:41)(time 12301 - 03:25:01) ->    3(time 12377 - 03:26:17)(time 12585 - 03:29:45) ->    4(time 12694 - 03:31:34)(time 12891 - 03:34:51) ->    5(time 13155 - 03:39:15)(time 13155 - 03:39:15) ->    11(time 13419 - 03:43:39)(time 13616 - 03:46:56) ->    10(time 13725 - 03:48:45)(time 13933 - 03:52:13) ->    9(time 14009 - 03:53:29)(time 14209 - 03:56:49) ->    8(time 14318 - 03:58:38)(time 14503 - 04:01:43) ->    7(time 14612 - 04:03:32)(time 14808 - 04:06:48) ->    6(time 15072 - 04:11:12)(time 15072 - 04:11:12) -> 0
> Trip 4
   0(time 15864 - 04:24:24)(time 16060 - 04:27:40) ->    1(time 16169 - 04:29:29)(time 16354 - 04:32:34) ->    2(time 16463 - 04:34:23)(time 16663 - 04:37:43) ->    3(time 16739 - 04:38:59)(time 16947 - 04:42:27) ->    4(time 17056 - 04:44:16)(time 17253 - 04:47:33) ->    5(time 17697 - 04:54:57)(time 17697 - 04:54:57) ->    11(time 17697 - 04:54:57)(time 17894 - 04:58:14) ->    10(time 18087 - 05:01:27)(time 18295 - 05:04:55) ->    9(time 18371 - 05:06:11)(time 18571 - 05:09:31) ->    8(time 18680 - 05:11:20)(time 18865 - 05:14:25) ->    7(time 18974 - 05:16:14)(time 19170 - 05:19:30) ->    6(time 19434 - 05:23:54)(time 19434 - 05:23:54) -> 0
> Trip 5
   0(time 19434 - 05:23:54)(time 19630 - 05:27:10) ->    1(time 19739 - 05:28:59)(time 19924 - 05:32:04) ->    2(time 20033 - 05:33:53)(time 20233 - 05:37:13) ->    3(time 20309 - 05:38:29)(time 20517 - 05:41:57) ->    4(time 20626 - 05:43:46)(time 20823 - 05:47:03) ->    5(time 21087 - 05:51:27)(time 21087 - 05:51:27) ->    11(time 21196 - 05:53:16)(time 21393 - 05:56:33) ->    10(time 21657 - 06:00:57)(time 21865 - 06:04:25) ->    9(time 21941 - 06:05:41)(time 22141 - 06:09:01) ->    8(time 22250 - 06:10:50)(time 22435 - 06:13:55) ->    7(time 22544 - 06:15:44)(time 22740 - 06:19:00) ->    6(time 23004 - 06:23:24)(time 23004 - 06:23:24) -> 0
=============
Train 2
=============
> Trip 0
   0(time 0 - 00:00:00)(time 196 - 00:03:16) ->    1(time 305 - 00:05:05)(time 490 - 00:08:10) ->    2(time 599 - 00:09:59)(time 799 - 00:13:19) ->    3(time 875 - 00:14:35)(time 1083 - 00:18:03) ->    4(time 1192 - 00:19:52)(time 1389 - 00:23:09) ->    5(time 1653 - 00:27:33)(time 1653 - 00:27:33) ->    11(time 1917 - 00:31:57)(time 2114 - 00:35:14) ->    10(time 2223 - 00:37:03)(time 2431 - 00:40:31) ->    9(time 2507 - 00:41:47)(time 2707 - 00:45:07) ->    8(time 2816 - 00:46:56)(time 3001 - 00:50:01) ->    7(time 3110 - 00:51:50)(time 3306 - 00:55:06) ->    6(time 3570 - 00:59:30)(time 3570 - 00:59:30) -> 0
> Trip 1
   0(time 4098 - 01:08:18)(time 4294 - 01:11:34) ->    1(time 4403 - 01:13:23)(time 4588 - 01:16:28) ->    2(time 4697 - 01:18:17)(time 4897 - 01:21:37) ->    3(time 4973 - 01:22:53)(time 5181 - 01:26:21) ->    4(time 5290 - 01:28:10)(time 5487 - 01:31:27) ->    5(time 5751 - 01:35:51)(time 5751 - 01:35:51) ->    11(time 5860 - 01:37:40)(time 6057 - 01:40:57) ->    10(time 6166 - 01:42:46)(time 6374 - 01:46:14) ->    9(time 6450 - 01:47:30)(time 6650 - 01:50:50) ->    8(time 6759 - 01:52:39)(time 6944 - 01:55:44) ->    7(time 7208 - 02:00:08)(time 7404 - 02:03:24) ->    6(time 7668 - 02:07:48)(time 7668 - 02:07:48) -> 0
> Trip 2
   0(time 7777 - 02:09:37)(time 7973 - 02:12:53) ->    1(time 8082 - 02:14:42)(time 8267 - 02:17:47) ->    2(time 8376 - 02:19:36)(time 8576 - 02:22:56) ->    3(time 8652 - 02:24:12)(time 8860 - 02:27:40) ->    4(time 9124 - 02:32:04)(time 9321 - 02:35:21) ->    5(time 9585 - 02:39:45)(time 9585 - 02:39:45) ->    11(time 9694 - 02:41:34)(time 9891 - 02:44:51) ->    10(time 10000 - 02:46:40)(time 10208 - 02:50:08) ->    9(time 10284 - 02:51:24)(time 10484 - 02:54:44) ->    8(time 10593 - 02:56:33)(time 10778 - 02:59:38) ->    7(time 11042 - 03:04:02)(time 11238 - 03:07:18) ->    6(time 11502 - 03:11:42)(time 11502 - 03:11:42) -> 0
> Trip 3
   0(time 11611 - 03:13:31)(time 11807 - 03:16:47) ->    1(time 11916 - 03:18:36)(time 12101 - 03:21:41) ->    2(time 12210 - 03:23:30)(time 12410 - 03:26:50) ->    3(time 12486 - 03:28:06)(time 12694 - 03:31:34) ->    4(time 12958 - 03:35:58)(time 13155 - 03:39:15) ->    5(time 13419 - 03:43:39)(time 13419 - 03:43:39) ->    11(time 13528 - 03:45:28)(time 13725 - 03:48:45) ->    10(time 13834 - 03:50:34)(time 14042 - 03:54:02) ->    9(time 14118 - 03:55:18)(time 14318 - 03:58:38) ->    8(time 14427 - 04:00:27)(time 14612 - 04:03:32) ->    7(time 14876 - 04:07:56)(time 15072 - 04:11:12) ->    6(time 15336 - 04:15:36)(time 15336 - 04:15:36) -> 0
> Trip 4
   0(time 15336 - 04:15:36)(time 15532 - 04:18:52) ->    1(time 15641 - 04:20:41)(time 15826 - 04:23:46) ->    2(time 15935 - 04:25:35)(time 16135 - 04:28:55) ->    3(time 16211 - 04:30:11)(time 16419 - 04:33:39) ->    4(time 16528 - 04:35:28)(time 16725 - 04:38:45) ->    5(time 16989 - 04:43:09)(time 16989 - 04:43:09) ->    11(time 17253 - 04:47:33)(time 17450 - 04:50:50) ->    10(time 17559 - 04:52:39)(time 17767 - 04:56:07) ->    9(time 17843 - 04:57:23)(time 18043 - 05:00:43) ->    8(time 18152 - 05:02:32)(time 18337 - 05:05:37) ->    7(time 18446 - 05:07:26)(time 18642 - 05:10:42) ->    6(time 18906 - 05:15:06)(time 18906 - 05:15:06) -> 0
> Trip 5
   0(time 19698 - 05:28:18)(time 19894 - 05:31:34) ->    1(time 20003 - 05:33:23)(time 20188 - 05:36:28) ->    2(time 20297 - 05:38:17)(time 20497 - 05:41:37) ->    3(time 20573 - 05:42:53)(time 20781 - 05:46:21) ->    4(time 20890 - 05:48:10)(time 21087 - 05:51:27) ->    5(time 21531 - 05:58:51)(time 21531 - 05:58:51) ->    11(time 21531 - 05:58:51)(time 21728 - 06:02:08) ->    10(time 21921 - 06:05:21)(time 22129 - 06:08:49) ->    9(time 22205 - 06:10:05)(time 22405 - 06:13:25) ->    8(time 22514 - 06:15:14)(time 22699 - 06:18:19) ->    7(time 22808 - 06:20:08)(time 23004 - 06:23:24) ->    6(time 23268 - 06:27:48)(time 23268 - 06:27:48) -> 0
Traceback (most recent call last):
  File "/home/renata/Train-Timetabling/script.py", line 99, in <module>
    os.remove(file_name)
FileNotFoundError: [Errno 2] No such file or directory: 'script-solution.txt'
----- t3p7r6h3.txt-model.log -----
MIP Presolve modified 437 coefficients.
Reduced MIP has 32614 rows, 11504 columns, and 81424 nonzeros.
Reduced MIP has 11233 binaries, 0 generals, 0 SOSs, and 0 indicators.
Presolve time = 0.86 sec. (848.58 ticks)
Probing time = 0.13 sec. (69.38 ticks)
Clique table members: 52367.
MIP emphasis: balance optimality and feasibility.
MIP search method: dynamic search.
Parallel mode: none, using 1 thread.
Root relaxation solution time = 1.58 sec. (955.88 ticks)

        Nodes                                         Cuts/
   Node  Left     Objective  IInf  Best Integer    Best Bound    ItCnt     Gap

      0     0     8893.0000  2218                   8893.0000     8621         
      0     0    15562.7500  2185                  Cuts: 4358    16987         
      0     0    15562.7500  2198                  Cuts: 2080    20211         
      0     0    15562.7500  2090                  Cuts: 1192    23008         
      0     0    15714.9337  2107                  Cuts: 1393    25196         
      0     0    16147.7293  2130                  Cuts: 1357    29255         

Repeating presolve.
Tried aggregator 1 time.
MIP Presolve eliminated 17142 rows and 6870 columns.
Reduced MIP has 15472 rows, 4634 columns, and 40269 nonzeros.
Reduced MIP has 4363 binaries, 0 generals, 0 SOSs, and 0 indicators.
Presolve time = 0.15 sec. (128.08 ticks)
Probing time = 0.04 sec. (24.20 ticks)
Cover probing fixed 0 vars, tightened 36 bounds.
Tried aggregator 1 time.
Detecting symmetries...
MIP Presolve eliminated 6 rows and 6 columns.
MIP Presolve modified 1140 coefficients.
Reduced MIP has 15466 rows, 4628 columns, and 40251 nonzeros.
Reduced MIP has 4357 binaries, 0 generals, 0 SOSs, and 0 indicators.
Presolve time = 0.14 sec. (162.77 ticks)
Represolve time = 0.37 sec. (341.57 ticks)
Probing time = 0.01 sec. (6.33 ticks)
Clique table members: 24794.
MIP emphasis: balance optimality and feasibility.
MIP search method: dynamic search.
Parallel mode: none, using 1 thread.
Root relaxation solution time = 0.44 sec. (383.30 ticks)

        Nodes                                         Cuts/
   Node  Left     Objective  IInf  Best Integer    Best Bound    ItCnt     Gap

      0     0    16147.7293  1293                  16147.7293    34146         
      0     0    16147.7293  1306                  Cuts: 2288    40198         
      0     0    16147.7293  1135                  Cuts: 1483    41964         
      0     0    16147.7293  1234                  Cuts: 1582    44175         
*     0+    0                        38863.0000    16147.7293            58.45%
*     0+    0                        38585.0000    16147.7293            58.15%
      0     2    16147.7293  1234    38585.0000    16870.4691    44175   56.28%
Elapsed time = 38.04 sec. (34865.47 ticks, tree = 0.01 MB, solutions = 2)
      1     3    26679.0000  1120    38585.0000    16870.4691    49008   56.28%
      2     4    17785.9383  1094    38585.0000    18983.0884    55099   50.80%
      3     5    26679.0000   993    38585.0000    18983.0884    56824   50.80%
      5     7    26679.0000   954    38585.0000    20615.5622    58345   46.57%
      9     9    26679.0000   973    38585.0000    26679.0000    59419   30.86%
     24    24    26679.0000   926    38585.0000    26679.0000    59672   30.86%
     40    40    26679.0000   871    38585.0000    26679.0000    60055   30.86%
     59    57    26679.0000   821    38585.0000    26679.0000    60430   30.86%
     82    80    26679.0000   791    38585.0000    26679.0000    60676   30.86%
    140   118    26679.0000   795    38585.0000    26679.0000    62941   30.86%
Elapsed time = 43.21 sec. (40499.15 ticks, tree = 1.30 MB, solutions = 2)
    189   143    26679.0000   844    38585.0000    26679.0000    65208   30.86%
    246   174    26679.0000   750    38585.0000    26679.0000    67001   30.86%
    284   192    26679.0000   848    38585.0000    26679.0000    70159   30.86%
    292   188    26679.0000   895    38585.0000    26679.0000    74014   30.86%
    327   175    26679.0000   787    38585.0000    26679.0000    77563   30.86%
    447   135    26679.0000   730    38585.0000    26679.0000    82996   30.86%
    540   104    26679.0000   759    38585.0000    26679.0000    88626   30.86%
    578    92    infeasible          38585.0000    26679.0000    95239   30.86%
    587    93    32490.0000   654    38585.0000    26679.0000    99753   30.86%
    599    96    34802.0000   754    38585.0000    26679.0000   109017   30.86%
Elapsed time = 57.98 sec. (51977.06 ticks, tree = 1.22 MB, solutions = 2)
*   600+   95                        35927.0000    26679.0000            25.74%
    600    97    34802.0000   399    35927.0000    26679.0000   112465   25.74%
    603    98    34802.0000   355    35927.0000    26679.0000   114155   25.74%
    606    99    34802.0000   359    35927.0000    26679.0000   114412   25.74%
    620    99    33615.0000   661    35927.0000    26679.0000   122830   25.74%
    626    97    33615.0000   568    35927.0000    26679.0000   130379   25.74%
    634    89    infeasible          35927.0000    26679.0000   135994   25.74%
    639    86    26679.0000  1140    35927.0000    26679.0000   143494   25.74%
    640    87    26679.0000   741    35927.0000    26679.0000   150467   25.74%
    641    87    30178.0000   477    35927.0000    26679.0000   155025   25.74%
*   660    93      integral     0    35819.0000    26679.0000   157683   25.52%
    661    94    27866.0000   270    35819.0000    26679.0000   161111   25.52%
Elapsed time = 76.32 sec. (65484.45 ticks, tree = 0.99 MB, solutions = 4)
*   670+   87                        32011.0000    26679.0000            16.66%
    680    91    31303.0000    48    32011.0000    26679.0000   165149   16.66%
    688    91    26679.0000  1029    32011.0000    26679.0000   169569   16.66%
    690    93    27866.0000   304    32011.0000    26679.0000   180144   16.66%
*   710+  105                        31427.0000    26679.0000            15.11%
    734   118    30178.0000   462    31427.0000    26679.0000   185821   15.11%
    760   136    31303.0000    88    31427.0000    26679.0000   188312   15.11%
    786   142    26679.0000   895    31427.0000    26679.0000   191126   15.11%
    798   138    26679.0000   781    31427.0000    26679.0000   193925   15.11%
    810   134    26679.0000   938    31427.0000    26679.0000   197355   15.11%
    822   130    26679.0000   977    31427.0000    26679.0000   201856   15.11%
    838   120    infeasible          31427.0000    26679.0000   206493   15.11%
Elapsed time = 96.28 sec. (80337.08 ticks, tree = 1.01 MB, solutions = 6)
    847   111    infeasible          31427.0000    26679.0000   212960   15.11%
    856   102    infeasible          31427.0000    26679.0000   219893   15.11%
    863    95    infeasible          31427.0000    26679.0000   226811   15.11%
    872    86    infeasible          31427.0000    26679.0000   233903   15.11%
    878    80    infeasible          31427.0000    26679.0000   239801   15.11%
    882    76    infeasible          31427.0000    26679.0000   244939   15.11%
    886    74    26679.0000   714    31427.0000    26679.0000   254008   15.11%
    887    75    27866.0000   547    31427.0000    26679.0000   259198   15.11%
    896    82    31303.0000   167    31427.0000    26679.0000   264445   15.11%
    900    82    30178.0000   301    31427.0000    26679.0000   270350   15.11%
Elapsed time = 109.05 sec. (92439.70 ticks, tree = 0.40 MB, solutions = 6)
    927    92    26679.0000   636    31427.0000    26679.0000   274591   15.11%
    929    90        cutoff          31427.0000    26679.0000   280810   15.11%
    931    88    infeasible          31427.0000    26679.0000   287173   15.11%
    932    89    26679.0000   805    31427.0000    26679.0000   290481   15.11%
    933    90    29099.0000   782    31427.0000    26679.0000   293205   15.11%
    936    93    31303.0000   439    31427.0000    26679.0000   296786   15.11%
*   940+   87                        31411.0000    26679.0000            15.06%
    965    96    30178.0000   264    31411.0000    27866.0000   303058   11.29%
    978    87    27866.0000   484    31411.0000    27866.0000   308363   11.29%
   1010   111    31303.0000    60    31411.0000    27866.0000   313194   11.29%
   1037   114    29383.0000   539    31411.0000    29383.0000   323601    6.46%
Elapsed time = 119.16 sec. (104901.38 ticks, tree = 1.00 MB, solutions = 7)
   1045   116    30286.0000   218    31411.0000    30178.0000   329463    3.93%
   1070   106    infeasible          31411.0000    30178.0000   335859    3.93%
   1100   111    30178.0000   437    31411.0000    30178.0000   342268    3.93%
   1126   118    30286.0000   208    31411.0000    30286.0000   350496    3.58%
   1231    92    31303.0000    42    31411.0000    31303.0000   353835    0.34%
   1323    74        cutoff          31411.0000    31303.0000   355870    0.34%
   1400    66    31303.0000    70    31411.0000    31303.0000   357856    0.34%
   1473    60    31303.0000    80    31411.0000    31303.0000   359574    0.34%
   1572    58    31303.0000    64    31411.0000    31303.0000   361662    0.34%
   1649    53    31303.0000    86    31411.0000    31303.0000   364603    0.34%
Elapsed time = 126.21 sec. (114658.63 ticks, tree = 0.59 MB, solutions = 7)
   1719    49    31303.0000    46    31411.0000    31303.0000   368784    0.34%
   1792    47    31303.0000    50    31411.0000    31303.0000   373490    0.34%
   1859    42    31303.0000   150    31411.0000    31303.0000   378598    0.34%
   1945    34    31303.0000   272    31411.0000    31303.0000   384413    0.34%
   2004    17        cutoff          31411.0000    31303.0000   391971    0.34%
   2049    11    31303.0000    74    31411.0000    31303.0000   398135    0.34%
   2157     4    31303.0000    74    31411.0000    31303.0000   401115    0.34%

Clique cuts applied:  23
Cover cuts applied:  42
Implied bound cuts applied:  920
Flow cuts applied:  156
Mixed integer rounding cuts applied:  253
Zero-half cuts applied:  14
Lift and project cuts applied:  1
Gomory fractional cuts applied:  13

Root node processing (before b&c):
  Real time             =   37.98 sec. (34781.98 ticks)
Sequential b&c:
  Real time             =   94.04 sec. (86701.88 ticks)
                          ------------
Total (root+branch&cut) =  132.01 sec. (121483.86 ticks)
Optimal

>> Printing some results...
    -> Solution value = 31410 - 08:43:30
    -> Total time = 132.02
    -> Gap value = 0.00

=============
Train 0
=============
> Trip 0
   2(time 87 - 00:01:27)(time 418 - 00:06:58) ->    3(time 783 - 00:13:03)(time 1076 - 00:17:56) ->    4(time 1154 - 00:19:14)(time 1456 - 00:24:16) ->    5(time 1543 - 00:25:43)(time 1821 - 00:30:21) -> 6
> Trip 1
   13(time 9019 - 02:30:19)(time 9297 - 02:34:57) ->    12(time 9461 - 02:37:41)(time 9763 - 02:42:43) ->    11(time 9841 - 02:44:01)(time 10134 - 02:48:54) ->    10(time 10221 - 02:50:21)(time 10552 - 02:55:52) ->    9(time 10660 - 02:57:40)(time 10938 - 03:02:18) ->    8(time 11016 - 03:03:36)(time 11300 - 03:08:20) ->    7(time 11408 - 03:10:08)(time 11408 - 03:10:08) ->    0(time 11408 - 03:10:08)(time 11692 - 03:14:52) ->    1(time 11770 - 03:16:10)(time 12048 - 03:20:48) ->    2(time 12413 - 03:26:53)(time 12744 - 03:32:24) ->    3(time 12968 - 03:36:08)(time 13261 - 03:41:01) ->    4(time 13339 - 03:42:19)(time 13641 - 03:47:21) ->    5(time 14006 - 03:53:26)(time 14284 - 03:58:04) ->    6(time 14392 - 03:59:52)(time 14392 - 03:59:52) -> 13
> Trip 2
   13(time 18999 - 05:16:39)(time 19277 - 05:21:17) ->    12(time 19364 - 05:22:44)(time 19666 - 05:27:46) ->    11(time 19744 - 05:29:04)(time 20037 - 05:33:57) ->    10(time 20402 - 05:40:02)(time 20733 - 05:45:33) ->    9(time 21098 - 05:51:38)(time 21376 - 05:56:16) ->    8(time 21741 - 06:02:21)(time 22025 - 06:07:05) ->    7(time 22390 - 06:13:10)(time 22390 - 06:13:10) ->    0(time 22755 - 06:19:15)(time 23039 - 06:23:59) ->    1(time 23404 - 06:30:04)(time 23682 - 06:34:42) ->    2(time 24047 - 06:40:47)(time 24378 - 06:46:18) ->    3(time 24743 - 06:52:23)(time 25036 - 06:57:16) ->    4(time 25401 - 07:03:21)(time 25703 - 07:08:23) ->    5(time 26036 - 07:13:56)(time 26314 - 07:18:34) ->    6(time 26679 - 07:24:39)(time 26679 - 07:24:39) -> 13
> Trip 3
   13(time 26679 - 07:24:39)(time 26957 - 07:29:17) ->    12(time 27044 - 07:30:44)(time 27346 - 07:35:46) ->    11(time 27424 - 07:37:04)(time 27717 - 07:41:57) ->    10(time 27804 - 07:43:24)(time 28135 - 07:48:55) ->    9(time 28243 - 07:50:43)(time 28521 - 07:55:21) ->    8(time 28599 - 07:56:39)(time 28883 - 08:01:23) ->    7(time 28991 - 08:03:11)(time 28991 - 08:03:11) ->    0(time 28991 - 08:03:11)(time 29275 - 08:07:55) ->    1(time 29353 - 08:09:13)(time 29631 - 08:13:51) ->    2(time 29739 - 08:15:39)(time 30070 - 08:21:10) ->    3(time 30157 - 08:22:37)(time 30450 - 08:27:30) ->    4(time 30528 - 08:28:48)(time 30830 - 08:33:50) ->    5(time 30917 - 08:35:17)(time 31195 - 08:39:55) ->    6(time 31303 - 08:41:43)(time 31303 - 08:41:43) -> 13
=============
Train 1
=============
> Trip 0
   9(time 0 - 00:00:00)(time 278 - 00:04:38) ->    8(time 356 - 00:05:56)(time 640 - 00:10:40) -> 7
> Trip 1
   0(time 640 - 00:10:40)(time 924 - 00:15:24) ->    1(time 1002 - 00:16:42)(time 1280 - 00:21:20) ->    2(time 1388 - 00:23:08)(time 1719 - 00:28:39) ->    3(time 1806 - 00:30:06)(time 2099 - 00:34:59) ->    4(time 2177 - 00:36:17)(time 2479 - 00:41:19) ->    5(time 2566 - 00:42:46)(time 2844 - 00:47:24) ->    6(time 2952 - 00:49:12)(time 2952 - 00:49:12) ->    13(time 2952 - 00:49:12)(time 3230 - 00:53:50) ->    12(time 3317 - 00:55:17)(time 3619 - 01:00:19) ->    11(time 3697 - 01:01:37)(time 3990 - 01:06:30) ->    10(time 4077 - 01:07:57)(time 4408 - 01:13:28) ->    9(time 4516 - 01:15:16)(time 4794 - 01:19:54) ->    8(time 4872 - 01:21:12)(time 5156 - 01:25:56) ->    7(time 5341 - 01:29:01)(time 5341 - 01:29:01) -> 0
> Trip 2
   0(time 5341 - 01:29:01)(time 5625 - 01:33:45) ->    1(time 5990 - 01:39:50)(time 6268 - 01:44:28) ->    2(time 6633 - 01:50:33)(time 6964 - 01:56:04) ->    3(time 7051 - 01:57:31)(time 7344 - 02:02:24) ->    4(time 7709 - 02:08:29)(time 8011 - 02:13:31) ->    5(time 8376 - 02:19:36)(time 8654 - 02:24:14) ->    6(time 9019 - 02:30:19)(time 9019 - 02:30:19) ->    13(time 9384 - 02:36:24)(time 9662 - 02:41:02) ->    12(time 10027 - 02:47:07)(time 10329 - 02:52:09) ->    11(time 10694 - 02:58:14)(time 10987 - 03:03:07) ->    10(time 11352 - 03:09:12)(time 11683 - 03:14:43) ->    9(time 12048 - 03:20:48)(time 12326 - 03:25:26) ->    8(time 12691 - 03:31:31)(time 12975 - 03:36:15) ->    7(time 13340 - 03:42:20)(time 13340 - 03:42:20) -> 0
> Trip 3
   0(time 26679 - 07:24:39)(time 26963 - 07:29:23) ->    1(time 27087 - 07:31:27)(time 27365 - 07:36:05) ->    2(time 27473 - 07:37:53)(time 27804 - 07:43:24) ->    3(time 27891 - 07:44:51)(time 28184 - 07:49:44) ->    4(time 28262 - 07:51:02)(time 28564 - 07:56:04) ->    5(time 28651 - 07:57:31)(time 28929 - 08:02:09) ->    6(time 29099 - 08:04:59)(time 29099 - 08:04:59) ->    13(time 29099 - 08:04:59)(time 29377 - 08:09:37) ->    12(time 29464 - 08:11:04)(time 29766 - 08:16:06) ->    11(time 29844 - 08:17:24)(time 30137 - 08:22:17) ->    10(time 30224 - 08:23:44)(time 30555 - 08:29:15) ->    9(time 30663 - 08:31:03)(time 30941 - 08:35:41) ->    8(time 31019 - 08:36:59)(time 31303 - 08:41:43) ->    7(time 31411 - 08:43:31)(time 31411 - 08:43:31) -> 0
=============
Train 2
=============
> Trip 0
   2(time 0 - 00:00:00)(time 331 - 00:05:31) ->    3(time 418 - 00:06:58)(time 711 - 00:11:51) ->    4(time 789 - 00:13:09)(time 1091 - 00:18:11) ->    5(time 1456 - 00:24:16)(time 1734 - 00:28:54) -> 6
> Trip 1
   13(time 13728 - 03:48:48)(time 14006 - 03:53:26) ->    12(time 14371 - 03:59:31)(time 14673 - 04:04:33) ->    11(time 15038 - 04:10:38)(time 15331 - 04:15:31) ->    10(time 15696 - 04:21:36)(time 16027 - 04:27:07) ->    9(time 16392 - 04:33:12)(time 16670 - 04:37:50) ->    8(time 17035 - 04:43:55)(time 17319 - 04:48:39) ->    7(time 17684 - 04:54:44)(time 17684 - 04:54:44) ->    0(time 18049 - 05:00:49)(time 18333 - 05:05:33) ->    1(time 18698 - 05:11:38)(time 18976 - 05:16:16) ->    2(time 19341 - 05:22:21)(time 19672 - 05:27:52) ->    3(time 20037 - 05:33:57)(time 20330 - 05:38:50) ->    4(time 20408 - 05:40:08)(time 20710 - 05:45:10) ->    5(time 20797 - 05:46:37)(time 21075 - 05:51:15) ->    6(time 21183 - 05:53:03)(time 21183 - 05:53:03) -> 13
> Trip 2
   13(time 21183 - 05:53:03)(time 21461 - 05:57:41) ->    12(time 21548 - 05:59:08)(time 21850 - 06:04:10) ->    11(time 21928 - 06:05:28)(time 22221 - 06:10:21) ->    10(time 22308 - 06:11:48)(time 22639 - 06:17:19) ->    9(time 22747 - 06:19:07)(time 23025 - 06:23:45) ->    8(time 23103 - 06:25:03)(time 23387 - 06:29:47) ->    7(time 23495 - 06:31:35)(time 23495 - 06:31:35) ->    0(time 23495 - 06:31:35)(time 23779 - 06:36:19) ->    1(time 23857 - 06:37:37)(time 24135 - 06:42:15) ->    2(time 24412 - 06:46:52)(time 24743 - 06:52:23) ->    3(time 25108 - 06:58:28)(time 25401 - 07:03:21) ->    4(time 25734 - 07:08:54)(time 26036 - 07:13:56) ->    5(time 26401 - 07:20:01)(time 26679 - 07:24:39) ->    6(time 26787 - 07:26:27)(time 26787 - 07:26:27) -> 13
> Trip 3
   13(time 26787 - 07:26:27)(time 27065 - 07:31:05) ->    12(time 27152 - 07:32:32)(time 27454 - 07:37:34) ->    11(time 27532 - 07:38:52)(time 27825 - 07:43:45) ->    10(time 27912 - 07:45:12)(time 28243 - 07:50:43) ->    9(time 28351 - 07:52:31)(time 28629 - 07:57:09) ->    8(time 28707 - 07:58:27)(time 28991 - 08:03:11) ->    7(time 29099 - 08:04:59)(time 29099 - 08:04:59) ->    0(time 29099 - 08:04:59)(time 29383 - 08:09:43) ->    1(time 29461 - 08:11:01)(time 29739 - 08:15:39) ->    2(time 29847 - 08:17:27)(time 30178 - 08:22:58) ->    3(time 30265 - 08:24:25)(time 30558 - 08:29:18) ->    4(time 30636 - 08:30:36)(time 30938 - 08:35:38) ->    5(time 31025 - 08:37:05)(time 31303 - 08:41:43) ->    6(time 31411 - 08:43:31)(time 31411 - 08:43:31) -> 13
----- t3p8r7h1.txt-model.log -----
cost with minimum service...
	arc #0 [0][1]: 113
	arc #1 [0][8]: 0
	arc #2 [8][0]: 0
	arc #3 [1][2]: 114
	arc #4 [9][8]: 147
	arc #5 [2][3]: 85
	arc #6 [10][9]: 114
	arc #7 [3][4]: 111
	arc #8 [11][10]: 116
	arc #9 [4][5]: 146
	arc #10 [12][11]: 80
	arc #11 [5][6]: 112
	arc #12 [13][12]: 112
	arc #13 [5][13]: 0
	arc #14 [13][5]: 0
	arc #15 [6][7]: 145
	arc #16 [14][13]: 146
	arc #17 [15][14]: 111
	arc #18 [7][15]: 0
	arc #19 [15][7]: 0

cost with maximum service...
	arc #0 [0][1]: 373
	arc #1 [0][8]: 333
	arc #2 [8][0]: 333
	arc #3 [1][2]: 374
	arc #4 [9][8]: 373
	arc #5 [2][3]: 376
	arc #6 [10][9]: 374
	arc #7 [3][4]: 371
	arc #8 [11][10]: 376
	arc #9 [4][5]: 372
	arc #10 [12][11]: 371
	arc #11 [5][6]: 372
	arc #12 [13][12]: 372
	arc #13 [5][13]: 333
	arc #14 [13][5]: 333
	arc #15 [6][7]: 371
	arc #16 [14][13]: 372
	arc #17 [15][14]: 371
	arc #18 [7][15]: 333
	arc #19 [15][7]: 333

demands...
	demands of vertex 0 at time interval: 14
	demands of vertex 1 at time interval: 14
	demands of vertex 2 at time interval: 14
	demands of vertex 3 at time interval: 0
	demands of vertex 4 at time interval: 14
	demands of vertex 5 at time interval: 14
	demands of vertex 6 at time interval: 14
	demands of vertex 7 at time interval: 0
	demands of vertex 8 at time interval: 0
	demands of vertex 9 at time interval: 14
	demands of vertex 10 at time interval: 14
	demands of vertex 11 at time interval: 0
	demands of vertex 12 at time interval: 14
	demands of vertex 13 at time interval: 14
	demands of vertex 14 at time interval: 14
	demands of vertex 15 at time interval: 14

maximum time = 8707
alpha = 44

>> Solving...
Version identifier: 20.1.0.0 | 2020-11-10 | 9bedb6d68
CPXPARAM_Threads                                 1
CPXPARAM_TimeLimit                               43200
Tried aggregator 3 times.
MIP Presolve eliminated 50606 rows and 8802 columns.
MIP Presolve modified 43200 coefficients.
Aggregator did 381 substitutions.
Reduced MIP has 78030 rows, 30388 columns, and 206739 nonzeros.
Reduced MIP has 29964 binaries, 0 generals, 0 SOSs, and 0 indicators.
Presolve time = 2.87 sec. (2186.48 ticks)
Probing fixed 1647 vars, tightened 3826 bounds.
Probing time = 6.81 sec. (5160.51 ticks)
Tried aggregator 2 times.
MIP Presolve eliminated 61814 rows and 18843 columns.
MIP Presolve modified 8868 coefficients.
Aggregator did 9153 substitutions.
Reduced MIP has 7063 rows, 2392 columns, and 21006 nonzeros.
Reduced MIP has 2103 binaries, 0 generals, 0 SOSs, and 0 indicators.
Presolve time = 0.24 sec. (264.30 ticks)
Probing fixed 0 vars, tightened 1 bounds.
Probing time = 0.11 sec. (106.06 ticks)
Cover probing fixed 0 vars, tightened 1174 bounds.
Tried aggregator 2 times.
MIP Presolve eliminated 1692 rows and 15 columns.
MIP Presolve modified 2364 coefficients.
Aggregator did 48 substitutions.
Reduced MIP has 5323 rows, 1288 columns, and 15321 nonzeros.
Reduced MIP has 1047 binaries, 0 generals, 0 SOSs, and 0 indicators.
Presolve time = 0.04 sec. (52.97 ticks)
Probing time = 0.04 sec. (42.76 ticks)
Cover probing fixed 0 vars, tightened 1140 bounds.
Tried aggregator 1 time.
Detecting symmetries...
MIP Presolve eliminated 3 rows and 3 columns.
Reduced MIP has 5320 rows, 1285 columns, and 15312 nonzeros.
Reduced MIP has 1044 binaries, 0 generals, 0 SOSs, and 0 indicators.
Presolve time = 0.02 sec. (18.08 ticks)
Probing time = 0.01 sec. (9.14 ticks)
Cover probing fixed 0 vars, tightened 1140 bounds.
Clique table members: 9187.
Tightened 1056 constraints.
MIP emphasis: balance optimality and feasibility.
MIP search method: dynamic search.
Parallel mode: none, using 1 thread.
Root relaxation solution time = 0.02 sec. (34.47 ticks)

        Nodes                                         Cuts/
   Node  Left     Objective  IInf  Best Integer    Best Bound    ItCnt     Gap

      0     0     6161.0000   416                   6161.0000      877         
*     0+    0                         8667.0000     6161.0000            28.91%
      0     0     6512.8075   443     8667.0000     Cuts: 486     1230   24.86%
      0     0     6608.0000   340     8667.0000     Cuts: 711     1494   23.76%
      0     0     6608.0736   477     8667.0000     Cuts: 305     1712   23.76%
*     0+    0                         8640.0000     6608.0736            23.52%
      0     0  -1.00000e+75     0     8640.0000     6608.0736     1712   23.52%
      0     0     6609.1244   413     8640.0000     Cuts: 165     1845   23.51%
      0     0     6609.1244   437     8640.0000    Cuts: 1098     2245   23.51%
Detecting symmetries...
*     0+    0                         8628.0000     6609.1244            23.40%
      0     0  -1.00000e+75     0     8628.0000     6609.1244     2245   23.40%
Detecting symmetries...
      0     2     6609.1244   434     8628.0000     6612.7505     2245   23.36%
Elapsed time = 12.28 sec. (9991.70 ticks, tree = 0.01 MB, solutions = 3)
     54    37     8367.0000    53     8628.0000     6652.0000     3812   22.90%
     97    58     6822.0000    91     8628.0000     6715.0000     5133   22.17%
    143    70     6759.0000   244     8628.0000     6759.0000     6848   21.66%
*   176    77      integral     0     8581.0000     6759.3535     7842   21.23%
    192    80     6866.3811   118     8581.0000     6759.3811     8373   21.23%
    201    77     6844.0000    85     8581.0000     6788.2469     9046   20.89%
    265    88     6822.0000   120     8581.0000     6822.0000    10857   20.50%
*   276+   82                         8474.0000     6822.0000            19.49%
    276    82    infeasible           8474.0000     6822.0000    11115   19.49%
    325    84    infeasible           8474.0000     6822.0000    13154   19.49%
    388    95     6824.1342    65     8474.0000     6824.1342    14612   19.47%
    625    38     8367.0000    73     8474.0000     8367.0000    22265    1.26%
Elapsed time = 15.23 sec. (13257.51 ticks, tree = 0.15 MB, solutions = 5)

Clique cuts applied:  2
Implied bound cuts applied:  13
Flow cuts applied:  111
Mixed integer rounding cuts applied:  223
Gomory fractional cuts applied:  3

Root node processing (before b&c):
  Real time             =   12.28 sec. (9982.21 ticks)
Sequential b&c:
  Real time             =    4.04 sec. (4103.23 ticks)
                          ------------
Total (root+branch&cut) =   16.31 sec. (14085.44 ticks)
Optimal

>> Printing some results...
    -> Solution value = 8473 - 02:21:13
    -> Total time = 16.31
    -> Gap value = 0.00

=============
Train 0
=============
> Trip 0
   15(time 0 - 00:00:00)(time 38 - 00:00:38) ->    14(time 111 - 00:01:51)(time 150 - 00:02:30) ->    13(time 257 - 00:04:17)(time 296 - 00:04:56) ->    12(time 369 - 00:06:09)(time 407 - 00:06:47) ->    11(time 449 - 00:07:29)(time 492 - 00:08:12) ->    10(time 565 - 00:09:25)(time 606 - 00:10:06) ->    9(time 679 - 00:11:19)(time 719 - 00:11:59) ->    8(time 826 - 00:13:46)(time 826 - 00:13:46) ->    0(time 826 - 00:13:46)(time 866 - 00:14:26) ->    1(time 939 - 00:15:39)(time 980 - 00:16:20) ->    2(time 1053 - 00:17:33)(time 1096 - 00:18:16) ->    3(time 1138 - 00:18:58)(time 1176 - 00:19:36) ->    4(time 1249 - 00:20:49)(time 1288 - 00:21:28) ->    5(time 1395 - 00:23:15)(time 1434 - 00:23:54) ->    6(time 1507 - 00:25:07)(time 1545 - 00:25:45) ->    7(time 1652 - 00:27:32)(time 1652 - 00:27:32) -> 15
> Trip 1
   15(time 1759 - 00:29:19)(time 1797 - 00:29:57) ->    14(time 1870 - 00:31:10)(time 1909 - 00:31:49) ->    13(time 2016 - 00:33:36)(time 2055 - 00:34:15) ->    12(time 2128 - 00:35:28)(time 2166 - 00:36:06) ->    11(time 2208 - 00:36:48)(time 2251 - 00:37:31) ->    10(time 2324 - 00:38:44)(time 2365 - 00:39:25) ->    9(time 2438 - 00:40:38)(time 2478 - 00:41:18) ->    8(time 2585 - 00:43:05)(time 2585 - 00:43:05) ->    0(time 2585 - 00:43:05)(time 2625 - 00:43:45) ->    1(time 2698 - 00:44:58)(time 2739 - 00:45:39) ->    2(time 2812 - 00:46:52)(time 2855 - 00:47:35) ->    3(time 2897 - 00:48:17)(time 2935 - 00:48:55) ->    4(time 3008 - 00:50:08)(time 3047 - 00:50:47) ->    5(time 3154 - 00:52:34)(time 3193 - 00:53:13) ->    6(time 3266 - 00:54:26)(time 3304 - 00:55:04) ->    7(time 3411 - 00:56:51)(time 3411 - 00:56:51) -> 15
> Trip 2
   15(time 3411 - 00:56:51)(time 3449 - 00:57:29) ->    14(time 3522 - 00:58:42)(time 3561 - 00:59:21) ->    13(time 3668 - 01:01:08)(time 3707 - 01:01:47) ->    12(time 3780 - 01:03:00)(time 3818 - 01:03:38) ->    11(time 3860 - 01:04:20)(time 3903 - 01:05:03) ->    10(time 3976 - 01:06:16)(time 4017 - 01:06:57) ->    9(time 4090 - 01:08:10)(time 4130 - 01:08:50) ->    8(time 4237 - 01:10:37)(time 4237 - 01:10:37) ->    0(time 4237 - 01:10:37)(time 4277 - 01:11:17) ->    1(time 4350 - 01:12:30)(time 4391 - 01:13:11) ->    2(time 4464 - 01:14:24)(time 4507 - 01:15:07) ->    3(time 4549 - 01:15:49)(time 4587 - 01:16:27) ->    4(time 4660 - 01:17:40)(time 4699 - 01:18:19) ->    5(time 4806 - 01:20:06)(time 4845 - 01:20:45) ->    6(time 4918 - 01:21:58)(time 4956 - 01:22:36) ->    7(time 5063 - 01:24:23)(time 5063 - 01:24:23) -> 15
> Trip 3
   15(time 5063 - 01:24:23)(time 5101 - 01:25:01) ->    14(time 5174 - 01:26:14)(time 5213 - 01:26:53) ->    13(time 5320 - 01:28:40)(time 5359 - 01:29:19) ->    12(time 5432 - 01:30:32)(time 5470 - 01:31:10) ->    11(time 5512 - 01:31:52)(time 5555 - 01:32:35) ->    10(time 5628 - 01:33:48)(time 5669 - 01:34:29) ->    9(time 5742 - 01:35:42)(time 5782 - 01:36:22) ->    8(time 5889 - 01:38:09)(time 5889 - 01:38:09) ->    0(time 5889 - 01:38:09)(time 5929 - 01:38:49) ->    1(time 6002 - 01:40:02)(time 6043 - 01:40:43) ->    2(time 6116 - 01:41:56)(time 6159 - 01:42:39) ->    3(time 6201 - 01:43:21)(time 6239 - 01:43:59) ->    4(time 6312 - 01:45:12)(time 6351 - 01:45:51) ->    5(time 6458 - 01:47:38)(time 6497 - 01:48:17) ->    6(time 6570 - 01:49:30)(time 6608 - 01:50:08) ->    7(time 6715 - 01:51:55)(time 6715 - 01:51:55) -> 15
> Trip 4
   15(time 6715 - 01:51:55)(time 6753 - 01:52:33) ->    14(time 6826 - 01:53:46)(time 6865 - 01:54:25) ->    13(time 6972 - 01:56:12)(time 7011 - 01:56:51) ->    12(time 7084 - 01:58:04)(time 7122 - 01:58:42) ->    11(time 7164 - 01:59:24)(time 7207 - 02:00:07) ->    10(time 7280 - 02:01:20)(time 7321 - 02:02:01) ->    9(time 7394 - 02:03:14)(time 7434 - 02:03:54) ->    8(time 7541 - 02:05:41)(time 7541 - 02:05:41) ->    0(time 7541 - 02:05:41)(time 7581 - 02:06:21) ->    1(time 7654 - 02:07:34)(time 7695 - 02:08:15) ->    2(time 7768 - 02:09:28)(time 7811 - 02:10:11) ->    3(time 7853 - 02:10:53)(time 7891 - 02:11:31) ->    4(time 7964 - 02:12:44)(time 8003 - 02:13:23) ->    5(time 8110 - 02:15:10)(time 8149 - 02:15:49) ->    6(time 8222 - 02:17:02)(time 8260 - 02:17:40) ->    7(time 8367 - 02:19:27)(time 8367 - 02:19:27) -> 15
=============
Train 1
=============
> Trip 0
   15(time 214 - 00:03:34)(time 252 - 00:04:12) ->    14(time 325 - 00:05:25)(time 364 - 00:06:04) ->    13(time 471 - 00:07:51)(time 510 - 00:08:30) ->    12(time 583 - 00:09:43)(time 621 - 00:10:21) ->    11(time 663 - 00:11:03)(time 706 - 00:11:46) ->    10(time 779 - 00:12:59)(time 820 - 00:13:40) ->    9(time 893 - 00:14:53)(time 933 - 00:15:33) ->    8(time 1040 - 00:17:20)(time 1040 - 00:17:20) ->    0(time 1040 - 00:17:20)(time 1080 - 00:18:00) ->    1(time 1153 - 00:19:13)(time 1194 - 00:19:54) ->    2(time 1267 - 00:21:07)(time 1310 - 00:21:50) ->    3(time 1352 - 00:22:32)(time 1390 - 00:23:10) ->    4(time 1463 - 00:24:23)(time 1502 - 00:25:02) ->    5(time 1609 - 00:26:49)(time 1648 - 00:27:28) ->    6(time 1721 - 00:28:41)(time 1759 - 00:29:19) ->    7(time 1866 - 00:31:06)(time 1866 - 00:31:06) -> 15
> Trip 1
   15(time 1939 - 00:32:19)(time 1977 - 00:32:57) ->    14(time 2203 - 00:36:43)(time 2242 - 00:37:22) ->    13(time 2349 - 00:39:09)(time 2388 - 00:39:48) ->    12(time 2461 - 00:41:01)(time 2499 - 00:41:39) ->    11(time 2541 - 00:42:21)(time 2584 - 00:43:04) ->    10(time 2657 - 00:44:17)(time 2698 - 00:44:58) ->    9(time 3031 - 00:50:31)(time 3071 - 00:51:11) ->    8(time 3206 - 00:53:26)(time 3206 - 00:53:26) ->    0(time 3206 - 00:53:26)(time 3246 - 00:54:06) ->    1(time 3319 - 00:55:19)(time 3360 - 00:56:00) ->    2(time 3433 - 00:57:13)(time 3476 - 00:57:56) ->    3(time 3518 - 00:58:38)(time 3556 - 00:59:16) ->    4(time 3629 - 01:00:29)(time 3668 - 01:01:08) ->    5(time 3885 - 01:04:45)(time 3924 - 01:05:24) ->    6(time 3997 - 01:06:37)(time 4035 - 01:07:15) ->    7(time 4142 - 01:09:02)(time 4142 - 01:09:02) -> 15
> Trip 2
   15(time 4142 - 01:09:02)(time 4180 - 01:09:40) ->    14(time 4253 - 01:10:53)(time 4292 - 01:11:32) ->    13(time 4399 - 01:13:19)(time 4438 - 01:13:58) ->    12(time 4511 - 01:15:11)(time 4549 - 01:15:49) ->    11(time 4614 - 01:16:54)(time 4657 - 01:17:37) ->    10(time 4981 - 01:23:01)(time 5022 - 01:23:42) ->    9(time 5095 - 01:24:55)(time 5135 - 01:25:35) ->    8(time 5242 - 01:27:22)(time 5242 - 01:27:22) ->    0(time 5242 - 01:27:22)(time 5282 - 01:28:02) ->    1(time 5355 - 01:29:15)(time 5396 - 01:29:56) ->    2(time 5469 - 01:31:09)(time 5512 - 01:31:52) ->    3(time 5577 - 01:32:57)(time 5615 - 01:33:35) ->    4(time 5688 - 01:34:48)(time 5727 - 01:35:27) ->    5(time 5834 - 01:37:14)(time 5873 - 01:37:53) ->    6(time 6163 - 01:42:43)(time 6201 - 01:43:21) ->    7(time 6308 - 01:45:08)(time 6308 - 01:45:08) -> 15
> Trip 3
   15(time 6308 - 01:45:08)(time 6346 - 01:45:46) ->    14(time 6419 - 01:46:59)(time 6458 - 01:47:38) ->    13(time 6565 - 01:49:25)(time 6604 - 01:50:04) ->    12(time 6677 - 01:51:17)(time 6715 - 01:51:55) ->    11(time 6757 - 01:52:37)(time 6800 - 01:53:20) ->    10(time 6873 - 01:54:33)(time 6914 - 01:55:14) ->    9(time 6987 - 01:56:27)(time 7027 - 01:57:07) ->    8(time 7134 - 01:58:54)(time 7134 - 01:58:54) ->    0(time 7134 - 01:58:54)(time 7174 - 01:59:34) ->    1(time 7428 - 02:03:48)(time 7469 - 02:04:29) ->    2(time 7542 - 02:05:42)(time 7585 - 02:06:25) ->    3(time 7627 - 02:07:07)(time 7665 - 02:07:45) ->    4(time 7738 - 02:08:58)(time 7777 - 02:09:37) ->    5(time 7884 - 02:11:24)(time 7923 - 02:12:03) ->    6(time 7996 - 02:13:16)(time 8034 - 02:13:54) ->    7(time 8141 - 02:15:41)(time 8141 - 02:15:41) -> 15
=============
Train 2
=============
> Trip 0
   15(time 107 - 00:01:47)(time 145 - 00:02:25) ->    14(time 218 - 00:03:38)(time 257 - 00:04:17) ->    13(time 364 - 00:06:04)(time 403 - 00:06:43) ->    12(time 476 - 00:07:56)(time 514 - 00:08:34) ->    11(time 556 - 00:09:16)(time 599 - 00:09:59) ->    10(time 672 - 00:11:12)(time 713 - 00:11:53) ->    9(time 786 - 00:13:06)(time 826 - 00:13:46) ->    8(time 933 - 00:15:33)(time 933 - 00:15:33) ->    0(time 933 - 00:15:33)(time 973 - 00:16:13) ->    1(time 1046 - 00:17:26)(time 1087 - 00:18:07) ->    2(time 1160 - 00:19:20)(time 1203 - 00:20:03) ->    3(time 1245 - 00:20:45)(time 1283 - 00:21:23) ->    4(time 1356 - 00:22:36)(time 1395 - 00:23:15) ->    5(time 1502 - 00:25:02)(time 1541 - 00:25:41) ->    6(time 1614 - 00:26:54)(time 1652 - 00:27:32) ->    7(time 1759 - 00:29:19)(time 1759 - 00:29:19) -> 15
> Trip 1
   15(time 1866 - 00:31:06)(time 1904 - 00:31:44) ->    14(time 1977 - 00:32:57)(time 2016 - 00:33:36) ->    13(time 2123 - 00:35:23)(time 2162 - 00:36:02) ->    12(time 2235 - 00:37:15)(time 2273 - 00:37:53) ->    11(time 2315 - 00:38:35)(time 2358 - 00:39:18) ->    10(time 2431 - 00:40:31)(time 2472 - 00:41:12) ->    9(time 2545 - 00:42:25)(time 2585 - 00:43:05) ->    8(time 2692 - 00:44:52)(time 2692 - 00:44:52) ->    0(time 2692 - 00:44:52)(time 2732 - 00:45:32) ->    1(time 2805 - 00:46:45)(time 2846 - 00:47:26) ->    2(time 2919 - 00:48:39)(time 2962 - 00:49:22) ->    3(time 3004 - 00:50:04)(time 3042 - 00:50:42) ->    4(time 3115 - 00:51:55)(time 3154 - 00:52:34) ->    5(time 3261 - 00:54:21)(time 3300 - 00:55:00) ->    6(time 3373 - 00:56:13)(time 3411 - 00:56:51) ->    7(time 3518 - 00:58:38)(time 3518 - 00:58:38) -> 15
> Trip 2
   15(time 3518 - 00:58:38)(time 3556 - 00:59:16) ->    14(time 3629 - 01:00:29)(time 3668 - 01:01:08) ->    13(time 3775 - 01:02:55)(time 3814 - 01:03:34) ->    12(time 3887 - 01:04:47)(time 3925 - 01:05:25) ->    11(time 3967 - 01:06:07)(time 4010 - 01:06:50) ->    10(time 4083 - 01:08:03)(time 4124 - 01:08:44) ->    9(time 4197 - 01:09:57)(time 4237 - 01:10:37) ->    8(time 4344 - 01:12:24)(time 4344 - 01:12:24) ->    0(time 4344 - 01:12:24)(time 4384 - 01:13:04) ->    1(time 4457 - 01:14:17)(time 4498 - 01:14:58) ->    2(time 4571 - 01:16:11)(time 4614 - 01:16:54) ->    3(time 4656 - 01:17:36)(time 4694 - 01:18:14) ->    4(time 4767 - 01:19:27)(time 4806 - 01:20:06) ->    5(time 4913 - 01:21:53)(time 4952 - 01:22:32) ->    6(time 5025 - 01:23:45)(time 5063 - 01:24:23) ->    7(time 5170 - 01:26:10)(time 5170 - 01:26:10) -> 15
> Trip 3
   15(time 5170 - 01:26:10)(time 5208 - 01:26:48) ->    14(time 5281 - 01:28:01)(time 5320 - 01:28:40) ->    13(time 5427 - 01:30:27)(time 5466 - 01:31:06) ->    12(time 5539 - 01:32:19)(time 5577 - 01:32:57) ->    11(time 5619 - 01:33:39)(time 5662 - 01:34:22) ->    10(time 5735 - 01:35:35)(time 5776 - 01:36:16) ->    9(time 5849 - 01:37:29)(time 5889 - 01:38:09) ->    8(time 5996 - 01:39:56)(time 5996 - 01:39:56) ->    0(time 5996 - 01:39:56)(time 6036 - 01:40:36) ->    1(time 6109 - 01:41:49)(time 6150 - 01:42:30) ->    2(time 6223 - 01:43:43)(time 6266 - 01:44:26) ->    3(time 6308 - 01:45:08)(time 6346 - 01:45:46) ->    4(time 6419 - 01:46:59)(time 6458 - 01:47:38) ->    5(time 6565 - 01:49:25)(time 6604 - 01:50:04) ->    6(time 6677 - 01:51:17)(time 6715 - 01:51:55) ->    7(time 6822 - 01:53:42)(time 6822 - 01:53:42) -> 15
> Trip 4
   15(time 6822 - 01:53:42)(time 6860 - 01:54:20) ->    14(time 6933 - 01:55:33)(time 6972 - 01:56:12) ->    13(time 7079 - 01:57:59)(time 7118 - 01:58:38) ->    12(time 7191 - 01:59:51)(time 7229 - 02:00:29) ->    11(time 7271 - 02:01:11)(time 7314 - 02:01:54) ->    10(time 7387 - 02:03:07)(time 7428 - 02:03:48) ->    9(time 7501 - 02:05:01)(time 7541 - 02:05:41) ->    8(time 7648 - 02:07:28)(time 7648 - 02:07:28) ->    0(time 7648 - 02:07:28)(time 7688 - 02:08:08) ->    1(time 7761 - 02:09:21)(time 7802 - 02:10:02) ->    2(time 7875 - 02:11:15)(time 7918 - 02:11:58) ->    3(time 7960 - 02:12:40)(time 7998 - 02:13:18) ->    4(time 8071 - 02:14:31)(time 8110 - 02:15:10) ->    5(time 8217 - 02:16:57)(time 8256 - 02:17:36) ->    6(time 8329 - 02:18:49)(time 8367 - 02:19:27) ->    7(time 8474 - 02:21:14)(time 8474 - 02:21:14) -> 15
----- t3p9r7h3.txt-model.log -----
	arc #1 [0][9]: 391
	arc #2 [9][0]: 391
	arc #3 [1][2]: 929
	arc #4 [10][9]: 943
	arc #5 [2][3]: 886
	arc #6 [11][10]: 929
	arc #7 [3][4]: 955
	arc #8 [12][11]: 886
	arc #9 [4][5]: 919
	arc #10 [13][12]: 955
	arc #11 [5][6]: 968
	arc #12 [14][13]: 919
	arc #13 [6][7]: 971
	arc #14 [15][14]: 968
	arc #15 [6][15]: 391
	arc #16 [15][6]: 391
	arc #17 [7][8]: 973
	arc #18 [16][15]: 971
	arc #19 [17][16]: 973
	arc #20 [8][17]: 391
	arc #21 [17][8]: 391

demands...
	demands of vertex 0 at time interval: 1     1     1
	demands of vertex 1 at time interval: 0     0     0
	demands of vertex 2 at time interval: 1     1     1
	demands of vertex 3 at time interval: 1     1     1
	demands of vertex 4 at time interval: 1     1     1
	demands of vertex 5 at time interval: 1     1     1
	demands of vertex 6 at time interval: 1     1     1
	demands of vertex 7 at time interval: 1     1     1
	demands of vertex 8 at time interval: 0     0     0
	demands of vertex 9 at time interval: 0     0     0
	demands of vertex 10 at time interval: 0     0     0
	demands of vertex 11 at time interval: 1     1     1
	demands of vertex 12 at time interval: 1     1     1
	demands of vertex 13 at time interval: 1     1     1
	demands of vertex 14 at time interval: 1     1     1
	demands of vertex 15 at time interval: 1     1     1
	demands of vertex 16 at time interval: 1     1     1
	demands of vertex 17 at time interval: 1     1     1

maximum time = 31558
alpha = 82

>> Solving...
Version identifier: 20.1.0.0 | 2020-11-10 | 9bedb6d68
CPXPARAM_Threads                                 1
CPXPARAM_TimeLimit                               43200
Tried aggregator 3 times.
MIP Presolve eliminated 8698 rows and 1674 columns.
MIP Presolve modified 10479 coefficients.
Aggregator did 90 substitutions.
Reduced MIP has 18537 rows, 6784 columns, and 46059 nonzeros.
Reduced MIP has 6609 binaries, 0 generals, 0 SOSs, and 0 indicators.
Presolve time = 0.72 sec. (440.61 ticks)
Found incumbent of value 31558.000000 after 1.12 sec. (637.21 ticks)
Probing fixed 12 vars, tightened 15 bounds.
Probing time = 0.21 sec. (126.92 ticks)
Cover probing fixed 0 vars, tightened 1 bounds.
Tried aggregator 1 time.
Detecting symmetries...
MIP Presolve eliminated 57 rows and 57 columns.
MIP Presolve modified 506 coefficients.
Reduced MIP has 18480 rows, 6727 columns, and 45849 nonzeros.
Reduced MIP has 6552 binaries, 0 generals, 0 SOSs, and 0 indicators.
Presolve time = 0.39 sec. (365.75 ticks)
Probing fixed 0 vars, tightened 6 bounds.
Probing time = 0.08 sec. (40.88 ticks)
Cover probing fixed 0 vars, tightened 8 bounds.
Clique table members: 30750.
MIP emphasis: balance optimality and feasibility.
MIP search method: dynamic search.
Parallel mode: none, using 1 thread.
Root relaxation solution time = 0.61 sec. (548.28 ticks)

        Nodes                                         Cuts/
   Node  Left     Objective  IInf  Best Integer    Best Bound    ItCnt     Gap

*     0+    0                        31558.0000        0.0000           100.00%
      0     0        0.0000  2077    31558.0000        0.0000     3112  100.00%
      0     0        0.0000  2945    31558.0000    Cuts: 1457     4178  100.00%
      0     0       25.3425  3479    31558.0000     Cuts: 974     6690   99.92%
      0     0     1395.8307  2838    31558.0000    Cuts: 1739    18020   95.58%
*     0+    0                        31047.0000     1395.8307            95.50%
      0     0     1395.8307  2350    31047.0000     Cuts: 731    19202   95.50%
      0     0     1497.6667  3356    31047.0000     Cuts: 594    20736   95.18%

Repeating presolve.
Tried aggregator 1 time.
MIP Presolve eliminated 13338 rows and 5337 columns.
MIP Presolve modified 549 coefficients.
Reduced MIP has 5142 rows, 1390 columns, and 13836 nonzeros.
Reduced MIP has 1215 binaries, 0 generals, 0 SOSs, and 0 indicators.
Presolve time = 0.07 sec. (34.56 ticks)
Probing fixed 0 vars, tightened 6 bounds.
Probing time = 0.03 sec. (19.07 ticks)
Cover probing fixed 0 vars, tightened 2 bounds.
Tried aggregator 1 time.
Detecting symmetries...
MIP Presolve modified 141 coefficients.
Reduced MIP has 5142 rows, 1390 columns, and 13836 nonzeros.
Reduced MIP has 1215 binaries, 0 generals, 0 SOSs, and 0 indicators.
Presolve time = 0.03 sec. (19.64 ticks)
Represolve time = 0.16 sec. (83.16 ticks)
Probing fixed 0 vars, tightened 1 bounds.
Probing time = 0.01 sec. (8.97 ticks)
Clique table members: 8234.
MIP emphasis: balance optimality and feasibility.
MIP search method: dynamic search.
Parallel mode: none, using 1 thread.
Root relaxation solution time = 0.18 sec. (157.51 ticks)

        Nodes                                         Cuts/
   Node  Left     Objective  IInf  Best Integer    Best Bound    ItCnt     Gap

*     0+    0                        31047.0000     1497.6667            95.18%
      0     0     1497.6667   535    31047.0000     1497.6667    23341   95.18%
      0     0     2335.3456   643    31047.0000     Cuts: 289    25681   92.48%
      0     0     3081.7939   644    31047.0000     Cuts: 518    27315   90.07%
      0     0     3081.7939   725    31047.0000     Cuts: 525    28059   90.07%
      0     0     3139.4390   644    31047.0000     Cuts: 281    28437   89.89%
      0     0     3139.4390   693    31047.0000     Cuts: 793    29225   89.89%
      0     2     3139.4390   514    31047.0000     3374.0835    29635   89.13%
Elapsed time = 16.02 sec. (13295.08 ticks, tree = 0.01 MB, solutions = 2)
      6     8    10008.0000   587    31047.0000    10008.0000    32974   67.77%
      8    10    26043.0000   488    31047.0000    10008.0000    36366   67.77%
     40    34    10008.0000   494    31047.0000    10008.0000    37554   67.77%
     60    50    14964.0000   466    31047.0000    10008.0000    40049   67.77%
    110    84    19868.0000    80    31047.0000    10008.0000    43151   67.77%
    207   156    26043.0000   277    31047.0000    10008.0000    46025   67.77%
*   230+  171                        30981.0000    10008.0000            67.70%
*   237   177      integral     0    30443.0000    10008.0000    47509   67.13%
*   238   172      integral     0    29330.0000    10008.0000    47510   65.88%
    250   182    11166.0000   416    29330.0000    10008.0000    48839   65.88%
*   280+  200                        29109.0000    10008.0000            65.62%
    295   208    10008.0000   560    29109.0000    10008.0000    51999   65.62%
    346   238    10008.0000   553    29109.0000    10008.0000    55196   65.62%
*   460+  197                        21368.0000    10008.0000            53.16%
*   470+  191                        21260.0000    10008.0000            52.93%
    489   174        cutoff          21260.0000    10008.0000    68687   52.93%
Elapsed time = 19.95 sec. (16666.25 ticks, tree = 0.64 MB, solutions = 8)
*   500+  145                        20528.0000    10090.0000            50.85%
*   550   163      integral     0    20418.0000    10172.0000    71113   50.18%
    620   173    18700.0000   106    20418.0000    11166.0000    74946   45.31%
*   629   176      integral     0    20227.0000    11166.0000    75157   44.80%
*   630+  159                        20125.0000    11166.0000            44.52%
*   634   160      integral     0    20124.0000    11166.0000    75640   44.51%
*   703   172      integral     0    20016.0000    11166.0000    79589   44.21%
    757   184    19771.0000    60    20016.0000    11166.0000    81374   44.21%
*   803+  161                        19602.0000    13777.0000            29.72%
*   803+  154                        19494.0000    13777.0000            29.33%
*   803+  142                        19386.0000    13777.0000            28.93%
    926   119    16170.0000   218    19386.0000    16170.0000    87629   16.59%
   1222   145    19202.0860    60    19386.0000    18700.2524    95177    3.54%
   1530   156    19278.0000   112    19386.0000    18808.0000   101064    2.98%
   1903    19    19278.0000    92    19386.0000    19278.0000   107810    0.56%

Clique cuts applied:  16
Cover cuts applied:  10
Implied bound cuts applied:  149
Flow cuts applied:  11
Mixed integer rounding cuts applied:  41
Zero-half cuts applied:  23
Gomory fractional cuts applied:  4

Root node processing (before b&c):
  Real time             =   15.93 sec. (13229.46 ticks)
Sequential b&c:
  Real time             =   11.82 sec. (9269.40 ticks)
                          ------------
Total (root+branch&cut) =   27.75 sec. (22498.86 ticks)
Optimal

>> Printing some results...
    -> Solution value = 19386 - 05:23:06
    -> Total time = 27.75
    -> Gap value = 0.00

=============
Train 0
=============
> Trip 0
   0(time 1735 - 00:28:55)(time 2287 - 00:38:07) ->    1(time 2365 - 00:39:25)(time 2903 - 00:48:23) ->    2(time 2967 - 00:49:27)(time 3462 - 00:57:42) ->    3(time 3526 - 00:58:46)(time 4090 - 01:08:10) ->    4(time 4154 - 01:09:14)(time 4682 - 01:18:02) ->    5(time 4746 - 01:19:06)(time 5323 - 01:28:43) ->    6(time 5431 - 01:30:31)(time 6011 - 01:40:11) ->    7(time 6075 - 01:41:15)(time 6657 - 01:50:57) ->    8(time 6765 - 01:52:45)(time 6765 - 01:52:45) ->    17(time 6847 - 01:54:07)(time 7429 - 02:03:49) ->    16(time 7519 - 02:05:19)(time 8099 - 02:14:59) ->    15(time 8207 - 02:16:47)(time 8784 - 02:26:24) ->    14(time 8848 - 02:27:28)(time 9376 - 02:36:16) ->    13(time 9440 - 02:37:20)(time 10004 - 02:46:44) ->    12(time 10068 - 02:47:48)(time 10563 - 02:56:03) ->    11(time 10627 - 02:57:07)(time 11165 - 03:06:05) ->    10(time 11217 - 03:06:57)(time 11769 - 03:16:09) ->    9(time 11877 - 03:17:57)(time 11877 - 03:17:57) -> 0
> Trip 1
   0(time 12093 - 03:21:33)(time 12645 - 03:30:45) ->    1(time 12697 - 03:31:37)(time 13235 - 03:40:35) ->    2(time 13299 - 03:41:39)(time 13794 - 03:49:54) ->    3(time 13858 - 03:50:58)(time 14422 - 04:00:22) ->    4(time 14486 - 04:01:26)(time 15014 - 04:10:14) ->    5(time 15078 - 04:11:18)(time 15655 - 04:20:55) ->    6(time 15763 - 04:22:43)(time 16343 - 04:32:23) ->    7(time 16407 - 04:33:27)(time 16989 - 04:43:09) ->    8(time 17097 - 04:44:57)(time 17097 - 04:44:57) ->    17(time 17351 - 04:49:11)(time 17933 - 04:58:53) ->    16(time 17997 - 04:59:57)(time 18577 - 05:09:37) ->    15(time 18685 - 05:11:25)(time 19262 - 05:21:02) ->    14(time 19326 - 05:22:06)(time 19854 - 05:30:54) ->    13(time 19918 - 05:31:58)(time 20482 - 05:41:22) ->    12(time 20546 - 05:42:26)(time 21041 - 05:50:41) ->    11(time 21105 - 05:51:45)(time 21643 - 06:00:43) ->    10(time 22034 - 06:07:14)(time 22586 - 06:16:26) ->    9(time 22977 - 06:22:57)(time 22977 - 06:22:57) -> 0
=============
Train 1
=============
> Trip 0
   0(time 1817 - 00:30:17)(time 2369 - 00:39:29) ->    1(time 2473 - 00:41:13)(time 3011 - 00:50:11) ->    2(time 3075 - 00:51:15)(time 3570 - 00:59:30) ->    3(time 3634 - 01:00:34)(time 4198 - 01:09:58) ->    4(time 4262 - 01:11:02)(time 4790 - 01:19:50) ->    5(time 4854 - 01:20:54)(time 5431 - 01:30:31) ->    6(time 5539 - 01:32:19)(time 6119 - 01:41:59) ->    7(time 6183 - 01:43:03)(time 6765 - 01:52:45) ->    8(time 6937 - 01:55:37)(time 6937 - 01:55:37) ->    17(time 6937 - 01:55:37)(time 7519 - 02:05:19) ->    16(time 7627 - 02:07:07)(time 8207 - 02:16:47) ->    15(time 8315 - 02:18:35)(time 8892 - 02:28:12) ->    14(time 8956 - 02:29:16)(time 9484 - 02:38:04) ->    13(time 9548 - 02:39:08)(time 10112 - 02:48:32) ->    12(time 10176 - 02:49:36)(time 10671 - 02:57:51) ->    11(time 10735 - 02:58:55)(time 11273 - 03:07:53) ->    10(time 11325 - 03:08:45)(time 11877 - 03:17:57) ->    9(time 11985 - 03:19:45)(time 11985 - 03:19:45) -> 0
> Trip 1
   0(time 11985 - 03:19:45)(time 12537 - 03:28:57) ->    1(time 12589 - 03:29:49)(time 13127 - 03:38:47) ->    2(time 13191 - 03:39:51)(time 13686 - 03:48:06) ->    3(time 13750 - 03:49:10)(time 14314 - 03:58:34) ->    4(time 14378 - 03:59:38)(time 14906 - 04:08:26) ->    5(time 14970 - 04:09:30)(time 15547 - 04:19:07) ->    6(time 15655 - 04:20:55)(time 16235 - 04:30:35) ->    7(time 16299 - 04:31:39)(time 16881 - 04:41:21) ->    8(time 16989 - 04:43:09)(time 16989 - 04:43:09) ->    17(time 16989 - 04:43:09)(time 17571 - 04:52:51) ->    16(time 17635 - 04:53:55)(time 18215 - 05:03:35) ->    15(time 18323 - 05:05:23)(time 18900 - 05:15:00) ->    14(time 18964 - 05:16:04)(time 19492 - 05:24:52) ->    13(time 19556 - 05:25:56)(time 20120 - 05:35:20) ->    12(time 20184 - 05:36:24)(time 20679 - 05:44:39) ->    11(time 20743 - 05:45:43)(time 21281 - 05:54:41) ->    10(time 21591 - 05:59:51)(time 22143 - 06:09:03) ->    9(time 22251 - 06:10:51)(time 22251 - 06:10:51) -> 0
=============
Train 2
=============
> Trip 0
   0(time 1653 - 00:27:33)(time 2205 - 00:36:45) ->    1(time 2257 - 00:37:37)(time 2795 - 00:46:35) ->    2(time 2859 - 00:47:39)(time 3354 - 00:55:54) ->    3(time 3418 - 00:56:58)(time 3982 - 01:06:22) ->    4(time 4046 - 01:07:26)(time 4574 - 01:16:14) ->    5(time 4638 - 01:17:18)(time 5215 - 01:26:55) ->    6(time 5323 - 01:28:43)(time 5903 - 01:38:23) ->    7(time 5967 - 01:39:27)(time 6549 - 01:49:09) ->    8(time 6657 - 01:50:57)(time 6657 - 01:50:57) ->    17(time 6765 - 01:52:45)(time 7347 - 02:02:27) ->    16(time 7411 - 02:03:31)(time 7991 - 02:13:11) ->    15(time 8099 - 02:14:59)(time 8676 - 02:24:36) ->    14(time 8740 - 02:25:40)(time 9268 - 02:34:28) ->    13(time 9332 - 02:35:32)(time 9896 - 02:44:56) ->    12(time 9960 - 02:46:00)(time 10455 - 02:54:15) ->    11(time 10519 - 02:55:19)(time 11057 - 03:04:17) ->    10(time 11109 - 03:05:09)(time 11661 - 03:14:21) ->    9(time 11769 - 03:16:09)(time 11769 - 03:16:09) -> 0
> Trip 1
   0(time 21039 - 05:50:39)(time 21591 - 05:59:51) ->    1(time 21643 - 06:00:43)(time 22181 - 06:09:41) ->    2(time 22245 - 06:10:45)(time 22740 - 06:19:00) ->    3(time 22804 - 06:20:04)(time 23368 - 06:29:28) ->    4(time 23432 - 06:30:32)(time 23960 - 06:39:20) ->    5(time 24024 - 06:40:24)(time 24601 - 06:50:01) ->    6(time 24709 - 06:51:49)(time 25289 - 07:01:29) ->    7(time 25353 - 07:02:33)(time 25935 - 07:12:15) ->    8(time 26043 - 07:14:03)(time 26043 - 07:14:03) ->    17(time 26151 - 07:15:51)(time 26733 - 07:25:33) ->    16(time 26797 - 07:26:37)(time 27377 - 07:36:17) ->    15(time 27485 - 07:38:05)(time 28062 - 07:47:42) ->    14(time 28126 - 07:48:46)(time 28654 - 07:57:34) ->    13(time 28718 - 07:58:38)(time 29282 - 08:08:02) ->    12(time 29346 - 08:09:06)(time 29841 - 08:17:21) ->    11(time 29905 - 08:18:25)(time 30443 - 08:27:23) ->    10(time 30495 - 08:28:15)(time 31047 - 08:37:27) ->    9(time 31155 - 08:39:15)(time 31155 - 08:39:15) -> 0
----- t4p10r6h3.txt-model.log -----
  12313  1267    infeasible          27620.0000    26573.0000 10261211    3.79%
  12340  1262    26598.0000   226    27620.0000    26598.0000 10262614    3.70%
Elapsed time = 7072.35 sec. (7197554.65 ticks, tree = 19.37 MB, solutions = 3)
  12361  1259    26849.0000   222    27620.0000    26598.0000 10263482    3.70%
  12387  1253    26849.0000   233    27620.0000    26598.0000 10266902    3.70%
  12412  1243    26598.0000    90    27620.0000    26598.0000 10268778    3.70%
  12449  1230    27213.0000    69    27620.0000    26598.0000 10270710    3.70%
  12488  1215    infeasible          27620.0000    26598.0000 10272861    3.70%
  12527  1207    27008.0000   208    27620.0000    26598.0000 10274318    3.70%
  12562  1199    26598.0000    87    27620.0000    26598.0000 10275952    3.70%
  12592  1195    26849.0000   290    27620.0000    26598.0000 10277294    3.70%
  12611  1198    26598.0000   150    27620.0000    26598.0000 10278559    3.70%
  12638  1194    26849.0000   134    27620.0000    26598.0000 10279858    3.70%
Elapsed time = 7114.25 sec. (7237001.01 ticks, tree = 18.32 MB, solutions = 3)
  12654  1196    27351.0000    77    27620.0000    26598.0000 10281582    3.70%
  12683  1189    26849.0000   142    27620.0000    26598.0000 10283314    3.70%
  12701  1191    26962.0000   240    27620.0000    26598.0000 10284085    3.70%
  12748  1175    infeasible          27620.0000    26598.0000 10285772    3.70%
  12792  1169    infeasible          27620.0000    26598.0000 10289400    3.70%
  12819  1172    26598.0000   188    27620.0000    26598.0000 10292235    3.70%
  12849  1173    26598.0000   146    27620.0000    26598.0000 10294610    3.70%
  12879  1183    infeasible          27620.0000    26598.0000 10297055    3.70%
  12905  1186    26849.0000   146    27620.0000    26598.0000 10299747    3.70%
  12928  1190    26598.0000   167    27620.0000    26598.0000 10301341    3.70%
Elapsed time = 7154.77 sec. (7276294.38 ticks, tree = 18.27 MB, solutions = 3)
  12956  1202    26870.0000    94    27620.0000    26598.0000 10303092    3.70%
  12982  1202    26598.0000   155    27620.0000    26598.0000 10304999    3.70%
  13010  1204    27100.0000   112    27620.0000    26598.0000 10306600    3.70%
  13027  1210    26598.0000   636    27620.0000    26598.0000 10307253    3.70%
  13048  1208        cutoff          27620.0000    26598.0000 10309131    3.70%
  13076  1200        cutoff          27620.0000    26598.0000 10310906    3.70%
  13106  1198    26598.0000   258    27620.0000    26598.0000 10312135    3.70%
  13134  1201    26849.0000   146    27620.0000    26598.0000 10313553    3.70%
  13165  1197    26598.0000   654    27620.0000    26598.0000 10315177    3.70%
  13190  1193    infeasible          27620.0000    26598.0000 10317287    3.70%
Elapsed time = 7197.41 sec. (7316429.06 ticks, tree = 18.34 MB, solutions = 3)
  13210  1192    26598.0000   166    27620.0000    26598.0000 10319145    3.70%
  13234  1198        cutoff          27620.0000    26598.0000 10323041    3.70%
  13250  1200    26770.0000   242    27620.0000    26598.0000 10324363    3.70%
  13263  1199    infeasible          27620.0000    26598.0000 10325482    3.70%
  13314  1199    26598.0000   129    27620.0000    26598.0000 10329016    3.70%
  13341  1195    26598.0000   664    27620.0000    26598.0000 10330562    3.70%
  13358  1193    26916.0000   142    27620.0000    26598.0000 10332107    3.70%
  13378  1197    27100.0000   214    27620.0000    26598.0000 10333420    3.70%
  13409  1197    infeasible          27620.0000    26598.0000 10335795    3.70%
  13436  1197    26849.0000   258    27620.0000    26598.0000 10338114    3.70%
Elapsed time = 7239.43 sec. (7356218.60 ticks, tree = 18.39 MB, solutions = 3)
  13456  1197    26849.0000   279    27620.0000    26598.0000 10339689    3.70%
  13472  1194    infeasible          27620.0000    26598.0000 10340779    3.70%
  13486  1200    26951.0000   222    27620.0000    26602.6579 10341856    3.68%
  13505  1199    infeasible          27620.0000    26612.0000 10344196    3.65%
  13521  1202    infeasible          27620.0000    26612.0000 10347392    3.65%
  13540  1199    27543.0000    59    27620.0000    26612.0000 10349698    3.65%
  13573  1190    27566.0000    56    27620.0000    26612.0000 10352728    3.65%
  13599  1195    27100.0000    76    27620.0000    26612.0000 10354281    3.65%
  13619  1194    26918.0000   268    27620.0000    26612.0000 10355968    3.65%
  13640  1199    27097.0000   161    27620.0000    26612.0000 10357743    3.65%
Elapsed time = 7281.07 sec. (7395996.68 ticks, tree = 18.42 MB, solutions = 3)
  13666  1200    26951.0000   304    27620.0000    26612.0000 10360343    3.65%
  13691  1191    27100.0000   266    27620.0000    26612.0000 10364911    3.65%
  13706  1198    27031.0000   146    27620.0000    26612.0000 10366448    3.65%
  13734  1197    infeasible          27620.0000    26612.0000 10368641    3.65%
  13754  1200    26757.0000   126    27620.0000    26612.0000 10370177    3.65%
  13785  1205    26667.0000   274    27620.0000    26612.0000 10372580    3.65%
  13798  1208    27031.0000   264    27620.0000    26612.0000 10373889    3.65%
  13821  1208    26863.0000   240    27620.0000    26612.0000 10377549    3.65%
  13845  1216    26863.0000   136    27620.0000    26612.0000 10380235    3.65%
  13883  1227    26863.0000   166    27620.0000    26612.0000 10382422    3.65%
Elapsed time = 7323.39 sec. (7436547.11 ticks, tree = 18.86 MB, solutions = 3)
  13899  1228    26612.0000   302    27620.0000    26612.0000 10385168    3.65%
  13927  1226    27369.0000    65    27620.0000    26619.0000 10388352    3.62%
  13970  1225    27482.0000    28    27620.0000    26619.0000 10391707    3.62%
  14042  1217    infeasible          27620.0000    26619.0000 10394718    3.62%
  14111  1206    26870.0000    27    27620.0000    26619.0000 10398254    3.62%
  14183  1203    26870.0000    56    27620.0000    26619.0000 10401690    3.62%
  14227  1204    26956.0000   156    27620.0000    26619.0000 10403907    3.62%
  14279  1201    26619.0000    92    27620.0000    26619.0000 10406362    3.62%
  14331  1197    26619.0000   168    27620.0000    26619.0000 10408611    3.62%
  14544  1187    27118.0000   110    27620.0000    26619.0000 10419655    3.62%
Elapsed time = 7372.49 sec. (7486700.08 ticks, tree = 18.24 MB, solutions = 3)
  14786  1173    26951.0000   159    27620.0000    26619.0000 10430899    3.62%
  14915  1173    27420.0000    68    27620.0000    26619.0000 10438124    3.62%
  14988  1172    26918.0000   122    27620.0000    26667.0000 10444551    3.45%
  15120  1184    26667.0000   128    27620.0000    26667.0000 10453680    3.45%
  15226  1189    26667.0000   181    27620.0000    26667.0000 10461402    3.45%
  15361  1196    27420.0000    56    27620.0000    26667.0000 10471994    3.45%
  15491  1199    26667.0000   209    27620.0000    26667.0000 10480852    3.45%
  15595  1191    26667.0000   133    27620.0000    26667.0000 10488908    3.45%
  15697  1191    26863.0000   218    27620.0000    26667.0000 10497555    3.45%
  15808  1196    26918.0000   126    27620.0000    26667.0000 10506944    3.45%
Elapsed time = 7532.40 sec. (7640026.70 ticks, tree = 18.40 MB, solutions = 3)
  15905  1198    26976.0000   237    27620.0000    26667.1405 10519501    3.45%
  16030  1171    infeasible          27620.0000    26711.0000 10527449    3.29%
  16149  1178    26732.0000   142    27620.0000    26732.0000 10536184    3.22%
  16283  1184    infeasible          27620.0000    26733.0000 10545446    3.21%
  16449  1162    27008.0000   116    27620.0000    26757.0000 10558047    3.12%
  16611  1153    27008.0000   122    27620.0000    26757.0000 10572128    3.12%
  16753  1166    infeasible          27620.0000    26757.0000 10585381    3.12%
  16890  1173    26863.0000   130    27620.0000    26757.0000 10594464    3.12%
  17025  1179    26757.0000   150    27620.0000    26757.0000 10602757    3.12%
  17137  1177    26757.0000   164    27620.0000    26757.0000 10608861    3.12%
Elapsed time = 7687.35 sec. (7793242.78 ticks, tree = 18.11 MB, solutions = 3)
  17257  1178    26757.0000   148    27620.0000    26757.0000 10615867    3.12%
  17406  1204    27482.0000    69    27620.0000    26757.0000 10624940    3.12%
  17550  1202    26757.0000   142    27620.0000    26757.0000 10634652    3.12%
  17691  1189    27008.0000   134    27620.0000    26757.0000 10645983    3.12%
  17830  1174    26770.0000    90    27620.0000    26770.0000 10654657    3.08%
  17928  1162    27021.0000   356    27620.0000    26770.0000 10664624    3.08%
  18039  1155    26780.0000   144    27620.0000    26780.0000 10672308    3.04%
  18156  1137    infeasible          27620.0000    26824.0000 10681238    2.88%
  18271  1103    27100.2737   230    27620.0000    26849.0000 10692220    2.79%
  18398  1086    27100.0000   178    27620.0000    26849.0000 10701510    2.79%
Elapsed time = 7847.06 sec. (7946928.38 ticks, tree = 16.69 MB, solutions = 3)
  18536  1062    27100.0000   632    27620.0000    26849.0000 10711370    2.79%
  18677  1026    26849.0000   326    27620.0000    26849.0000 10719678    2.79%
  18809  1017    26863.0000   108    27620.0000    26863.0000 10734169    2.74%
  18922   998    27100.0000   170    27620.0000    26863.0000 10747006    2.74%
  19042   985    infeasible          27620.0000    26863.0000 10758720    2.74%
  19133   974    27114.0000   116    27620.0000    26863.0000 10770021    2.74%
  19374   946    infeasible          27620.0000    26870.0000 10781354    2.72%
  19569   919    26870.0000   108    27620.0000    26870.0000 10792124    2.72%
  19726   886    26984.0000   156    27620.0000    26918.0000 10802605    2.54%
  19888   861    26918.0000    80    27620.0000    26918.0000 10812928    2.54%
Elapsed time = 8003.12 sec. (8100854.43 ticks, tree = 13.24 MB, solutions = 3)
  20051   842        cutoff          27620.0000    26918.0000 10823807    2.54%
  20198   802    26983.0000   104    27620.0000    26947.2048 10837410    2.44%
  20323   771    27288.0000   104    27620.0000    26951.0000 10852685    2.42%
  20493   703    26984.0000   207    27620.0000    26984.0000 10868902    2.30%
  20647   673    27235.0000   176    27620.0000    26984.0000 10879332    2.30%
  20845   633    27100.0000    75    27620.0000    27008.0000 10894907    2.22%
  21060   595    27595.0000   126    27620.0000    27008.0000 10911062    2.22%
  21245   561    27008.0000    98    27620.0000    27008.0000 10925221    2.22%
  21420   528    27259.0000    64    27620.0000    27008.0000 10937826    2.22%
  21601   492        cutoff          27620.0000    27031.0000 10948797    2.13%
Elapsed time = 8154.51 sec. (8254238.78 ticks, tree = 7.61 MB, solutions = 3)
  21795   416    27100.0000    40    27620.0000    27100.0000 10962344    1.88%
  21995   365    infeasible          27620.0000    27114.0000 10976171    1.83%
  22202   322    27369.0000   152    27620.0000    27118.0000 10992643    1.82%
  22410   265    27482.0000    72    27620.0000    27118.0000 11010164    1.82%
  22586   244        cutoff          27620.0000    27118.0000 11026897    1.82%
  22865    93        cutoff          27620.0000    27369.0000 11043462    0.91%

GUB cover cuts applied:  397
Clique cuts applied:  117
Cover cuts applied:  927
Implied bound cuts applied:  255
Flow cuts applied:  141
Mixed integer rounding cuts applied:  436
Zero-half cuts applied:  250
Gomory fractional cuts applied:  1

Root node processing (before b&c):
  Real time             = 1185.04 sec. (958838.09 ticks)
Sequential b&c:
  Real time             = 7067.24 sec. (7397354.64 ticks)
                          ------------
Total (root+branch&cut) = 8252.29 sec. (8356192.73 ticks)
Optimal

>> Printing some results...
    -> Solution value = 27620 - 07:40:20
    -> Total time = 8252.29
    -> Gap value = 0.00

=============
Train 0
=============
> Trip 0
   19(time 1608 - 00:26:48)(time 1838 - 00:30:38) ->    18(time 1951 - 00:32:31)(time 2175 - 00:36:15) ->    17(time 2651 - 00:44:11)(time 2867 - 00:47:47) ->    16(time 2980 - 00:49:40)(time 3211 - 00:53:31) ->    15(time 3687 - 01:01:27)(time 3913 - 01:05:13) ->    14(time 4164 - 01:09:24)(time 4386 - 01:13:06) ->    13(time 4499 - 01:14:59)(time 4703 - 01:18:23) ->    12(time 4954 - 01:22:34)(time 5166 - 01:26:06) ->    11(time 5279 - 01:27:59)(time 5510 - 01:31:50) ->    10(time 5986 - 01:39:46)(time 5986 - 01:39:46) ->    0(time 5986 - 01:39:46)(time 6217 - 01:43:37) ->    1(time 6380 - 01:46:20)(time 6592 - 01:49:52) ->    2(time 6705 - 01:51:45)(time 6909 - 01:55:09) ->    3(time 6995 - 01:56:35)(time 7217 - 02:00:17) ->    4(time 7468 - 02:04:28)(time 7694 - 02:08:14) ->    5(time 7807 - 02:10:07)(time 8038 - 02:13:58) ->    6(time 8151 - 02:15:51)(time 8367 - 02:19:27) ->    7(time 8480 - 02:21:20)(time 8704 - 02:25:04) ->    8(time 8817 - 02:26:57)(time 9047 - 02:30:47) ->    9(time 9298 - 02:34:58)(time 9298 - 02:34:58) -> 19
> Trip 1
   19(time 11633 - 03:13:53)(time 11863 - 03:17:43) ->    18(time 11976 - 03:19:36)(time 12200 - 03:23:20) ->    17(time 12313 - 03:25:13)(time 12529 - 03:28:49) ->    16(time 12642 - 03:30:42)(time 12873 - 03:34:33) ->    15(time 12986 - 03:36:26)(time 13212 - 03:40:12) ->    14(time 13463 - 03:44:23)(time 13685 - 03:48:05) ->    13(time 13771 - 03:49:31)(time 13975 - 03:52:55) ->    12(time 14276 - 03:57:56)(time 14488 - 04:01:28) ->    11(time 14601 - 04:03:21)(time 14832 - 04:07:12) ->    10(time 15308 - 04:15:08)(time 15308 - 04:15:08) ->    0(time 15308 - 04:15:08)(time 15539 - 04:18:59) ->    1(time 15678 - 04:21:18)(time 15890 - 04:24:50) ->    2(time 16003 - 04:26:43)(time 16207 - 04:30:07) ->    3(time 16293 - 04:31:33)(time 16515 - 04:35:15) ->    4(time 16766 - 04:39:26)(time 16992 - 04:43:12) ->    5(time 17105 - 04:45:05)(time 17336 - 04:48:56) ->    6(time 17449 - 04:50:49)(time 17665 - 04:54:25) ->    7(time 17778 - 04:56:18)(time 18002 - 05:00:02) ->    8(time 18115 - 05:01:55)(time 18345 - 05:05:45) ->    9(time 18596 - 05:09:56)(time 18596 - 05:09:56) -> 19
> Trip 2
   19(time 18823 - 05:13:43)(time 19053 - 05:17:33) ->    18(time 19484 - 05:24:44)(time 19708 - 05:28:28) ->    17(time 20184 - 05:36:24)(time 20400 - 05:40:00) ->    16(time 20876 - 05:47:56)(time 21107 - 05:51:47) ->    15(time 21583 - 05:59:43)(time 21809 - 06:03:29) ->    14(time 22285 - 06:11:25)(time 22507 - 06:15:07) ->    13(time 22983 - 06:23:03)(time 23187 - 06:26:27) ->    12(time 23300 - 06:28:20)(time 23512 - 06:31:52) ->    11(time 23625 - 06:33:45)(time 23856 - 06:37:36) ->    10(time 24107 - 06:41:47)(time 24107 - 06:41:47) ->    0(time 24107 - 06:41:47)(time 24338 - 06:45:38) ->    1(time 24451 - 06:47:31)(time 24663 - 06:51:03) ->    2(time 24776 - 06:52:56)(time 24980 - 06:56:20) ->    3(time 25066 - 06:57:46)(time 25288 - 07:01:28) ->    4(time 25539 - 07:05:39)(time 25765 - 07:09:25) ->    5(time 25878 - 07:11:18)(time 26109 - 07:15:09) ->    6(time 26222 - 07:17:02)(time 26438 - 07:20:38) ->    7(time 26551 - 07:22:31)(time 26775 - 07:26:15) ->    8(time 26888 - 07:28:08)(time 27118 - 07:31:58) ->    9(time 27369 - 07:36:09)(time 27369 - 07:36:09) -> 19
=============
Train 1
=============
> Trip 0
   19(time 1019 - 00:16:59)(time 1249 - 00:20:49) ->    18(time 1362 - 00:22:42)(time 1586 - 00:26:26) ->    17(time 1699 - 00:28:19)(time 1915 - 00:31:55) ->    16(time 2028 - 00:33:48)(time 2259 - 00:37:39) ->    15(time 2735 - 00:45:35)(time 2961 - 00:49:21) ->    14(time 3437 - 00:57:17)(time 3659 - 01:00:59) ->    13(time 4135 - 01:08:55)(time 4339 - 01:12:19) ->    12(time 4452 - 01:14:12)(time 4664 - 01:17:44) ->    11(time 4777 - 01:19:37)(time 5008 - 01:23:28) ->    10(time 5259 - 01:27:39)(time 5259 - 01:27:39) ->    0(time 5510 - 01:31:50)(time 5741 - 01:35:41) ->    1(time 5854 - 01:37:34)(time 6066 - 01:41:06) ->    2(time 6179 - 01:42:59)(time 6383 - 01:46:23) ->    3(time 6469 - 01:47:49)(time 6691 - 01:51:31) ->    4(time 6942 - 01:55:42)(time 7168 - 01:59:28) ->    5(time 7281 - 02:01:21)(time 7512 - 02:05:12) ->    6(time 7625 - 02:07:05)(time 7841 - 02:10:41) ->    7(time 7954 - 02:12:34)(time 8178 - 02:16:18) ->    8(time 8291 - 02:18:11)(time 8521 - 02:22:01) ->    9(time 8772 - 02:26:12)(time 8772 - 02:26:12) -> 19
> Trip 1
   19(time 10068 - 02:47:48)(time 10298 - 02:51:38) ->    18(time 10774 - 02:59:34)(time 10998 - 03:03:18) ->    17(time 11474 - 03:11:14)(time 11690 - 03:14:50) ->    16(time 12166 - 03:22:46)(time 12397 - 03:26:37) ->    15(time 12735 - 03:32:15)(time 12961 - 03:36:01) ->    14(time 13212 - 03:40:12)(time 13434 - 03:43:54) ->    13(time 13658 - 03:47:38)(time 13862 - 03:51:02) ->    12(time 13975 - 03:52:55)(time 14187 - 03:56:27) ->    11(time 14350 - 03:59:10)(time 14581 - 04:03:01) ->    10(time 14832 - 04:07:12)(time 14832 - 04:07:12) ->    0(time 14945 - 04:09:05)(time 15176 - 04:12:56) ->    1(time 15289 - 04:14:49)(time 15501 - 04:18:21) ->    2(time 15614 - 04:20:14)(time 15818 - 04:23:38) ->    3(time 16042 - 04:27:22)(time 16264 - 04:31:04) ->    4(time 16515 - 04:35:15)(time 16741 - 04:39:01) ->    5(time 16854 - 04:40:54)(time 17085 - 04:44:45) ->    6(time 17198 - 04:46:38)(time 17414 - 04:50:14) ->    7(time 17527 - 04:52:07)(time 17751 - 04:55:51) ->    8(time 17864 - 04:57:44)(time 18094 - 05:01:34) ->    9(time 18345 - 05:05:45)(time 18345 - 05:05:45) -> 19
> Trip 2
   19(time 18597 - 05:09:57)(time 18827 - 05:13:47) ->    18(time 18940 - 05:15:40)(time 19164 - 05:19:24) ->    17(time 19277 - 05:21:17)(time 19493 - 05:24:53) ->    16(time 19606 - 05:26:46)(time 19837 - 05:30:37) ->    15(time 19950 - 05:32:30)(time 20176 - 05:36:16) ->    14(time 20427 - 05:40:27)(time 20649 - 05:44:09) ->    13(time 20735 - 05:45:35)(time 20939 - 05:48:59) ->    12(time 21052 - 05:50:52)(time 21264 - 05:54:24) ->    11(time 21377 - 05:56:17)(time 21608 - 06:00:08) ->    10(time 21859 - 06:04:19)(time 21859 - 06:04:19) ->    0(time 21859 - 06:04:19)(time 22090 - 06:08:10) ->    1(time 22203 - 06:10:03)(time 22415 - 06:13:35) ->    2(time 22666 - 06:17:46)(time 22870 - 06:21:10) ->    3(time 22983 - 06:23:03)(time 23205 - 06:26:45) ->    4(time 23456 - 06:30:56)(time 23682 - 06:34:42) ->    5(time 23795 - 06:36:35)(time 24026 - 06:40:26) ->    6(time 24139 - 06:42:19)(time 24355 - 06:45:55) ->    7(time 24468 - 06:47:48)(time 24692 - 06:51:32) ->    8(time 24805 - 06:53:25)(time 25035 - 06:57:15) ->    9(time 25511 - 07:05:11)(time 25511 - 07:05:11) -> 19
=============
Train 2
=============
> Trip 0
   19(time 1132 - 00:18:52)(time 1362 - 00:22:42) ->    18(time 1838 - 00:30:38)(time 2062 - 00:34:22) ->    17(time 2175 - 00:36:15)(time 2391 - 00:39:51) ->    16(time 2867 - 00:47:47)(time 3098 - 00:51:38) ->    15(time 3211 - 00:53:31)(time 3437 - 00:57:17) ->    14(time 3913 - 01:05:13)(time 4135 - 01:08:55) ->    13(time 4386 - 01:13:06)(time 4590 - 01:16:30) ->    12(time 4703 - 01:18:23)(time 4915 - 01:21:55) ->    11(time 5028 - 01:23:48)(time 5259 - 01:27:39) ->    10(time 5510 - 01:31:50)(time 5510 - 01:31:50) ->    0(time 5623 - 01:33:43)(time 5854 - 01:37:34) ->    1(time 5967 - 01:39:27)(time 6179 - 01:42:59) ->    2(time 6454 - 01:47:34)(time 6658 - 01:50:58) ->    3(time 6744 - 01:52:24)(time 6966 - 01:56:06) ->    4(time 7217 - 02:00:17)(time 7443 - 02:04:03) ->    5(time 7556 - 02:05:56)(time 7787 - 02:09:47) ->    6(time 7900 - 02:11:40)(time 8116 - 02:15:16) ->    7(time 8229 - 02:17:09)(time 8453 - 02:20:53) ->    8(time 8566 - 02:22:46)(time 8796 - 02:26:36) ->    9(time 9047 - 02:30:47)(time 9047 - 02:30:47) -> 19
> Trip 1
   19(time 9592 - 02:39:52)(time 9822 - 02:43:42) ->    18(time 10298 - 02:51:38)(time 10522 - 02:55:22) ->    17(time 10635 - 02:57:15)(time 10851 - 03:00:51) ->    16(time 11327 - 03:08:47)(time 11558 - 03:12:38) ->    15(time 12034 - 03:20:34)(time 12260 - 03:24:20) ->    14(time 12736 - 03:32:16)(time 12958 - 03:35:58) ->    13(time 13434 - 03:43:54)(time 13638 - 03:47:18) ->    12(time 13751 - 03:49:11)(time 13963 - 03:52:43) ->    11(time 14076 - 03:54:36)(time 14307 - 03:58:27) ->    10(time 14581 - 04:03:01)(time 14581 - 04:03:01) ->    0(time 14832 - 04:07:12)(time 15063 - 04:11:03) ->    1(time 15176 - 04:12:56)(time 15388 - 04:16:28) ->    2(time 15501 - 04:18:21)(time 15705 - 04:21:45) ->    3(time 15791 - 04:23:11)(time 16013 - 04:26:53) ->    4(time 16264 - 04:31:04)(time 16490 - 04:34:50) ->    5(time 16603 - 04:36:43)(time 16834 - 04:40:34) ->    6(time 16947 - 04:42:27)(time 17163 - 04:46:03) ->    7(time 17276 - 04:47:56)(time 17500 - 04:51:40) ->    8(time 17613 - 04:53:33)(time 17843 - 04:57:23) ->    9(time 18094 - 05:01:34)(time 18094 - 05:01:34) -> 19
> Trip 2
   19(time 19254 - 05:20:54)(time 19484 - 05:24:44) ->    18(time 19960 - 05:32:40)(time 20184 - 05:36:24) ->    17(time 20660 - 05:44:20)(time 20876 - 05:47:56) ->    16(time 21352 - 05:55:52)(time 21583 - 05:59:43) ->    15(time 22059 - 06:07:39)(time 22285 - 06:11:25) ->    14(time 22761 - 06:19:21)(time 22983 - 06:23:03) ->    13(time 23096 - 06:24:56)(time 23300 - 06:28:20) ->    12(time 23413 - 06:30:13)(time 23625 - 06:33:45) ->    11(time 23876 - 06:37:56)(time 24107 - 06:41:47) ->    10(time 24358 - 06:45:58)(time 24358 - 06:45:58) ->    0(time 24358 - 06:45:58)(time 24589 - 06:49:49) ->    1(time 24702 - 06:51:42)(time 24914 - 06:55:14) ->    2(time 25027 - 06:57:07)(time 25231 - 07:00:31) ->    3(time 25317 - 07:01:57)(time 25539 - 07:05:39) ->    4(time 25790 - 07:09:50)(time 26016 - 07:13:36) ->    5(time 26129 - 07:15:29)(time 26360 - 07:19:20) ->    6(time 26473 - 07:21:13)(time 26689 - 07:24:49) ->    7(time 26802 - 07:26:42)(time 27026 - 07:30:26) ->    8(time 27139 - 07:32:19)(time 27369 - 07:36:09) ->    9(time 27620 - 07:40:20)(time 27620 - 07:40:20) -> 19
=============
Train 3
=============
> Trip 0
   19(time 0 - 00:00:00)(time 230 - 00:03:50) ->    18(time 343 - 00:05:43)(time 567 - 00:09:27) ->    17(time 680 - 00:11:20)(time 896 - 00:14:56) ->    16(time 1009 - 00:16:49)(time 1240 - 00:20:40) ->    15(time 1353 - 00:22:33)(time 1579 - 00:26:19) ->    14(time 1830 - 00:30:30)(time 2052 - 00:34:12) ->    13(time 2138 - 00:35:38)(time 2342 - 00:39:02) ->    12(time 2455 - 00:40:55)(time 2667 - 00:44:27) ->    11(time 2780 - 00:46:20)(time 3011 - 00:50:11) ->    10(time 3262 - 00:54:22)(time 3262 - 00:54:22) ->    0(time 3262 - 00:54:22)(time 3493 - 00:58:13) ->    1(time 3606 - 01:00:06)(time 3818 - 01:03:38) ->    2(time 3931 - 01:05:31)(time 4135 - 01:08:55) ->    3(time 4386 - 01:13:06)(time 4608 - 01:16:48) ->    4(time 4859 - 01:20:59)(time 5085 - 01:24:45) ->    5(time 5198 - 01:26:38)(time 5429 - 01:30:29) ->    6(time 5542 - 01:32:22)(time 5758 - 01:35:58) ->    7(time 5871 - 01:37:51)(time 6095 - 01:41:35) ->    8(time 6208 - 01:43:28)(time 6438 - 01:47:18) ->    9(time 6689 - 01:51:29)(time 6689 - 01:51:29) -> 19
> Trip 1
   19(time 9299 - 02:34:59)(time 9529 - 02:38:49) ->    18(time 9642 - 02:40:42)(time 9866 - 02:44:26) ->    17(time 9979 - 02:46:19)(time 10195 - 02:49:55) ->    16(time 10308 - 02:51:48)(time 10539 - 02:55:39) ->    15(time 10652 - 02:57:32)(time 10878 - 03:01:18) ->    14(time 11129 - 03:05:29)(time 11351 - 03:09:11) ->    13(time 11437 - 03:10:37)(time 11641 - 03:14:01) ->    12(time 11754 - 03:15:54)(time 11966 - 03:19:26) ->    11(time 12079 - 03:21:19)(time 12310 - 03:25:10) ->    10(time 12561 - 03:29:21)(time 12561 - 03:29:21) ->    0(time 12561 - 03:29:21)(time 12792 - 03:33:12) ->    1(time 12905 - 03:35:05)(time 13117 - 03:38:37) ->    2(time 13230 - 03:40:30)(time 13434 - 03:43:54) ->    3(time 13685 - 03:48:05)(time 13907 - 03:51:47) ->    4(time 14158 - 03:55:58)(time 14384 - 03:59:44) ->    5(time 14860 - 04:07:40)(time 15091 - 04:11:31) ->    6(time 15567 - 04:19:27)(time 15783 - 04:23:03) ->    7(time 16259 - 04:30:59)(time 16483 - 04:34:43) ->    8(time 16596 - 04:36:36)(time 16826 - 04:40:26) ->    9(time 17302 - 04:48:22)(time 17302 - 04:48:22) -> 19
> Trip 2
   19(time 18710 - 05:11:50)(time 18940 - 05:15:40) ->    18(time 19053 - 05:17:33)(time 19277 - 05:21:17) ->    17(time 19390 - 05:23:10)(time 19606 - 05:26:46) ->    16(time 19857 - 05:30:57)(time 20088 - 05:34:48) ->    15(time 20201 - 05:36:41)(time 20427 - 05:40:27) ->    14(time 20678 - 05:44:38)(time 20900 - 05:48:20) ->    13(time 20986 - 05:49:46)(time 21190 - 05:53:10) ->    12(time 21303 - 05:55:03)(time 21515 - 05:58:35) ->    11(time 21628 - 06:00:28)(time 21859 - 06:04:19) ->    10(time 22110 - 06:08:30)(time 22110 - 06:08:30) ->    0(time 22110 - 06:08:30)(time 22341 - 06:12:21) ->    1(time 22454 - 06:14:14)(time 22666 - 06:17:46) ->    2(time 22779 - 06:19:39)(time 22983 - 06:23:03) ->    3(time 23459 - 06:30:59)(time 23681 - 06:34:41) ->    4(time 23932 - 06:38:52)(time 24158 - 06:42:38) ->    5(time 24634 - 06:50:34)(time 24865 - 06:54:25) ->    6(time 25341 - 07:02:21)(time 25557 - 07:05:57) ->    7(time 26033 - 07:13:53)(time 26257 - 07:17:37) ->    8(time 26637 - 07:23:57)(time 26867 - 07:27:47) ->    9(time 27118 - 07:31:58)(time 27118 - 07:31:58) -> 19
----- t4p11r2h2.txt-model.log -----
  90426 62940    37153.0000   212    40927.0000    32395.0000  5373437   20.85%
  90456 62966    32953.0000   493    40927.0000    32395.0000  5375163   20.85%
Elapsed time = 41928.25 sec. (48967009.19 ticks, tree = 740.62 MB, solutions = 1)
  90478 62984    33166.0000   410    40927.0000    32395.0000  5376280   20.85%
  90514 63008    33245.0000   324    40927.0000    32395.0000  5377891   20.85%
  90535 63021    33166.0000   382    40927.0000    32395.0000  5378962   20.85%
  90562 63042    34495.0000   162    40927.0000    32395.0000  5380319   20.85%
  90590 63062    38269.0000   105    40927.0000    32395.0000  5382133   20.85%
  90618 63078    36103.0000   304    40927.0000    32395.0000  5383055   20.85%
  90655 63107    34561.0000   298    40927.0000    32395.0000  5384994   20.85%
  90680 63126    35545.0000   194    40927.0000    32395.0000  5386300   20.85%
  90722 63154    33724.0000   440    40927.0000    32395.0000  5388285   20.85%
  90751 63177    37498.0000   118    40927.0000    32395.0000  5390129   20.85%
Elapsed time = 42054.04 sec. (49124067.14 ticks, tree = 743.14 MB, solutions = 1)
  90785 63203    32395.0000   390    40927.0000    32395.0000  5391826   20.85%
  90809 63219    infeasible          40927.0000    32395.0000  5392690   20.85%
  90835 63241    40648.0000    78    40927.0000    32395.0000  5395367   20.85%
  90867 63261    33166.0000   332    40927.0000    32395.0000  5396758   20.85%
  90908 63292    32887.0000   597    40927.0000    32395.0000  5398709   20.85%
  90933 63309    34986.9999   197    40927.0000    32395.0000  5399692   20.85%
  90964 63332    36103.0000   233    40927.0000    32395.0000  5401101   20.85%
  90992 63352    37711.0000   176    40927.0000    32395.0000  5402353   20.85%
  91015 63371    35611.0000   230    40927.0000    32395.0000  5404048   20.85%
  91047 63391    36103.0000   239    40927.0000    32395.0000  5405198   20.85%
Elapsed time = 42179.73 sec. (49281024.47 ticks, tree = 745.69 MB, solutions = 1)
  91085 63417    36661.0000   220    40927.0000    32395.0000  5407308   20.85%
  91139 63462    39532.0000    40    40927.0000    32395.0000  5409966   20.85%
  91176 63487    34774.0000   191    40927.0000    32395.0000  5411116   20.85%
  91219 63516    36382.0000    86    40927.0000    32395.0000  5413465   20.85%
  91247 63538    36103.0000   176    40927.0000    32395.0000  5414891   20.85%
  91284 63565    34862.0476   144    40927.0000    32395.0000  5416359   20.85%
  91313 63588    36103.0000    91    40927.0000    32395.0000  5417485   20.85%
  91365 63622    32887.0000   234    40927.0000    32395.0000  5419461   20.85%
  91405 63648    33166.0000   320    40927.0000    32395.0000  5421363   20.85%
  91419 63662    36950.5106   109    40927.0000    32395.0000  5422123   20.85%
Elapsed time = 42304.21 sec. (49437177.88 ticks, tree = 748.88 MB, solutions = 1)
  91451 63684    34216.0000   281    40927.0000    32395.0000  5423195   20.85%
  91474 63702    36595.0000   212    40927.0000    32395.0000  5424651   20.85%
  91520 63735    33445.0000   248    40927.0000    32395.0000  5426949   20.85%
  91550 63761    33167.3635   315    40927.0000    32395.0000  5428235   20.85%
  91577 63784    34216.0000   282    40927.0000    32395.0000  5429475   20.85%
  91621 63820    38482.0000   138    40927.0000    32395.0000  5431843   20.85%
  91661 63850    33166.0000   463    40927.0000    32395.0000  5434518   20.85%
  91686 63871    32887.0000   399    40927.0000    32395.0000  5435557   20.85%
  91700 63885    37924.0000    97    40927.0000    32395.0000  5436337   20.85%
  91733 63900    33166.0000   272    40927.0000    32395.0000  5437472   20.85%
Elapsed time = 42431.93 sec. (49595313.77 ticks, tree = 751.70 MB, solutions = 1)
  91761 63924    35053.0000   276    40927.0000    32395.0000  5438676   20.85%
  91790 63947    infeasible          40927.0000    32395.0000  5439867   20.85%
  91812 63965    35053.2919   161    40927.0000    32395.0000  5440926   20.85%
  91842 63987    36674.0000   256    40927.0000    32395.0000  5442739   20.85%
  91856 64001    40453.9603    80    40927.0000    32395.0000  5443312   20.85%
  91877 64016    39119.0000   116    40927.0000    32395.0000  5444433   20.85%
  91930 64053    33658.0000   326    40927.0000    32395.0000  5446606   20.85%
  91965 64084    36103.0000   127    40927.0000    32395.0000  5448501   20.85%
  92010 64121    34429.0000   214    40927.0000    32395.0000  5450895   20.85%
  92066 64161    34429.0000   218    40927.0000    32395.0000  5452786   20.85%
Elapsed time = 42558.73 sec. (49752795.72 ticks, tree = 754.79 MB, solutions = 1)
  92115 64192    34774.0000   390    40927.0000    32395.0000  5454555   20.85%
  92144 64215    34495.0000   264    40927.0000    32395.0000  5456337   20.85%
  92170 64237    37232.0000   155    40927.0000    32395.0000  5457786   20.85%
  92194 64257    36874.0000   160    40927.0000    32395.0000  5458806   20.85%
  92228 64281    34708.0000   233    40927.0000    32395.0000  5460659   20.85%
  92261 64310    39253.0000    40    40927.0000    32395.0000  5461997   20.85%
  92287 64328    33937.0000   390    40927.0000    32395.0000  5463427   20.85%
  92309 64344    33658.0000   392    40927.0000    32395.0000  5464679   20.85%
  92346 64373    34282.2919   167    40927.0000    32395.0000  5466561   20.85%
  92365 64388    32395.6702   393    40927.0000    32395.0000  5467413   20.85%
Elapsed time = 42688.45 sec. (49909009.89 ticks, tree = 757.44 MB, solutions = 1)
  92390 64409    35266.0000   223    40927.0000    32395.0000  5468797   20.85%
  92414 64429    35053.0000   169    40927.0000    32395.0000  5470252   20.85%
  92450 64461    36944.7363   153    40927.0000    32395.0000  5472289   20.85%
  92472 64479    34774.0000   193    40927.0000    32395.0000  5473354   20.85%
  92500 64503    38348.0000    70    40927.0000    32395.0000  5474851   20.85%
  92533 64528    35545.0000   213    40927.0000    32395.0000  5476448   20.85%
  92550 64541    33445.0000   303    40927.0000    32395.0000  5477405   20.85%
  92566 64557    35332.0000   128    40927.0000    32395.0000  5478674   20.85%
  92597 64578    32678.8154   329    40927.0000    32395.0000  5480115   20.85%
  92634 64607    33445.1056   350    40927.0000    32395.0000  5482309   20.85%
Elapsed time = 42814.47 sec. (50064883.67 ticks, tree = 759.98 MB, solutions = 1)
  92654 64623    32674.2919   327    40927.0000    32395.0000  5483106   20.85%
  92670 64639    35398.0000   155    40927.0000    32395.0000  5483916   20.85%
  92693 64656    35342.5105   130    40927.0000    32395.0000  5485100   20.85%
  92723 64680    38561.0000    72    40927.0000    32395.0000  5486431   20.85%
  92746 64701    39253.0000   102    40927.0000    32395.0000  5487489   20.85%
  92763 64714    37153.0000   225    40927.0000    32395.0000  5489234   20.85%
  92819 64755    34494.9999   265    40927.0000    32395.0000  5491867   20.85%
  92848 64780    37219.0000   163    40927.0000    32395.0000  5493237   20.85%
  92878 64800    38290.2862   139    40927.0000    32395.0000  5495177   20.85%
  92902 64813    34495.0000   352    40927.0000    32395.0000  5496624   20.85%
Elapsed time = 42937.31 sec. (50219898.98 ticks, tree = 762.40 MB, solutions = 1)
  92927 64830    33454.0476   179    40927.0000    32395.0000  5498736   20.85%
  92956 64851    35053.0000   163    40927.0000    32395.0000  5500426   20.85%
  92982 64863    33166.0000   309    40927.0000    32395.0000  5501848   20.85%
  92993 64874    35545.0000   125    40927.0000    32395.0000  5502234   20.85%
  93024 64899    39811.0000    44    40927.0000    32395.0000  5503704   20.85%
  93057 64921    33166.0000   443    40927.0000    32395.0000  5505355   20.85%
  93087 64943    35545.0000   230    40927.0000    32395.0000  5507317   20.85%
  93128 64970    33937.0000   293    40927.0000    32395.0000  5509625   20.85%
  93167 64999    33724.0000   284    40927.0000    32395.0000  5511699   20.85%
  93199 65017    infeasible          40927.0000    32395.0000  5513058   20.85%
Elapsed time = 43066.38 sec. (50376316.85 ticks, tree = 764.84 MB, solutions = 1)
  93222 65030    35545.0000   237    40927.0000    32395.0000  5514772   20.85%
  93256 65060    40370.6475    65    40927.0000    32395.0000  5517011   20.85%
  93303 65097    36383.0629   127    40927.0000    32395.0000  5519120   20.85%
  93341 65120    35266.0000   252    40927.0000    32395.0000  5520868   20.85%
  93362 65135    35266.4934    93    40927.0000    32395.0000  5522149   20.85%
  93412 65170    35548.2740   215    40927.0000    32395.0000  5524490   20.85%
  93459 65209    38548.0000   199    40927.0000    32395.0000  5527381   20.85%
  93499 65240    33937.0000   343    40927.0000    32395.0000  5529374   20.85%
  93543 65274    34429.0000   273    40927.0000    32395.0000  5531303   20.85%
  93586 65310    37990.0000   153    40927.0000    32395.0000  5533863   20.85%
Elapsed time = 43195.70 sec. (50534293.59 ticks, tree = 768.30 MB, solutions = 1)

GUB cover cuts applied:  34
Clique cuts applied:  180
Cover cuts applied:  1751
Implied bound cuts applied:  48
Flow cuts applied:  154
Mixed integer rounding cuts applied:  248
Zero-half cuts applied:  11
Gomory fractional cuts applied:  4

Root node processing (before b&c):
  Real time             =  339.35 sec. (213883.05 ticks)
Sequential b&c:
  Real time             = 42860.67 sec. (50327389.05 ticks)
                          ------------
Total (root+branch&cut) = 43200.01 sec. (50541272.10 ticks)
Feasible

>> Printing some results...
    -> Solution value = 40927 - 11:22:07
    -> Total time = 43200.02
    -> Gap value = 0.21

=============
Train 0
=============
> Trip 0
   21(time 1409 - 00:23:29)(time 1638 - 00:27:18) ->    20(time 1717 - 00:28:37)(time 1924 - 00:32:04) ->    19(time 2298 - 00:38:18)(time 2493 - 00:41:33) ->    18(time 2572 - 00:42:52)(time 2801 - 00:46:41) ->    17(time 2880 - 00:48:00)(time 3074 - 00:51:14) ->    16(time 3153 - 00:52:33)(time 3385 - 00:56:25) ->    15(time 3464 - 00:57:44)(time 3658 - 01:00:58) ->    14(time 3737 - 01:02:17)(time 3944 - 01:05:44) ->    13(time 4023 - 01:07:03)(time 4248 - 01:10:48) ->    12(time 4327 - 01:12:07)(time 4548 - 01:15:48) ->    11(time 4827 - 01:20:27)(time 4827 - 01:20:27) ->    0(time 4827 - 01:20:27)(time 5048 - 01:24:08) ->    1(time 5127 - 01:25:27)(time 5352 - 01:29:12) ->    2(time 5408 - 01:30:08)(time 5615 - 01:33:35) ->    3(time 5694 - 01:34:54)(time 5888 - 01:38:08) ->    4(time 5967 - 01:39:27)(time 6199 - 01:43:19) ->    5(time 6278 - 01:44:38)(time 6472 - 01:47:52) ->    6(time 6551 - 01:49:11)(time 6780 - 01:53:00) ->    7(time 6859 - 01:54:19)(time 7054 - 01:57:34) ->    8(time 7133 - 01:58:53)(time 7340 - 02:02:20) ->    9(time 7419 - 02:03:39)(time 7648 - 02:07:28) ->    10(time 7927 - 02:12:07)(time 7927 - 02:12:07) -> 21
> Trip 1
   21(time 8006 - 02:13:26)(time 8235 - 02:17:15) ->    20(time 8314 - 02:18:34)(time 8521 - 02:22:01) ->    19(time 8600 - 02:23:20)(time 8795 - 02:26:35) ->    18(time 8874 - 02:27:54)(time 9103 - 02:31:43) ->    17(time 9182 - 02:33:02)(time 9376 - 02:36:16) ->    16(time 9455 - 02:37:35)(time 9687 - 02:41:27) ->    15(time 9766 - 02:42:46)(time 9960 - 02:46:00) ->    14(time 10039 - 02:47:19)(time 10246 - 02:50:46) ->    13(time 10302 - 02:51:42)(time 10527 - 02:55:27) ->    12(time 10806 - 03:00:06)(time 11027 - 03:03:47) ->    11(time 11306 - 03:08:26)(time 11306 - 03:08:26) ->    0(time 11306 - 03:08:26)(time 11527 - 03:12:07) ->    1(time 11606 - 03:13:26)(time 11831 - 03:17:11) ->    2(time 12109 - 03:21:49)(time 12316 - 03:25:16) ->    3(time 12395 - 03:26:35)(time 12589 - 03:29:49) ->    4(time 12668 - 03:31:08)(time 12900 - 03:35:00) ->    5(time 12979 - 03:36:19)(time 13173 - 03:39:33) ->    6(time 13252 - 03:40:52)(time 13481 - 03:44:41) ->    7(time 13560 - 03:46:00)(time 13755 - 03:49:15) ->    8(time 13834 - 03:50:34)(time 14041 - 03:54:01) ->    9(time 14120 - 03:55:20)(time 14349 - 03:59:09) ->    10(time 14628 - 04:03:48)(time 14628 - 04:03:48) -> 21
> Trip 2
   21(time 16093 - 04:28:13)(time 16322 - 04:32:02) ->    20(time 16401 - 04:33:21)(time 16608 - 04:36:48) ->    19(time 16687 - 04:38:07)(time 16882 - 04:41:22) ->    18(time 16961 - 04:42:41)(time 17190 - 04:46:30) ->    17(time 17269 - 04:47:49)(time 17463 - 04:51:03) ->    16(time 17542 - 04:52:22)(time 17774 - 04:56:14) ->    15(time 17853 - 04:57:33)(time 18047 - 05:00:47) ->    14(time 18126 - 05:02:06)(time 18333 - 05:05:33) ->    13(time 18389 - 05:06:29)(time 18614 - 05:10:14) ->    12(time 18893 - 05:14:53)(time 19114 - 05:18:34) ->    11(time 19393 - 05:23:13)(time 19393 - 05:23:13) ->    0(time 19393 - 05:23:13)(time 19614 - 05:26:54) ->    1(time 19693 - 05:28:13)(time 19918 - 05:31:58) ->    2(time 19974 - 05:32:54)(time 20181 - 05:36:21) ->    3(time 20260 - 05:37:40)(time 20454 - 05:40:54) ->    4(time 20533 - 05:42:13)(time 20765 - 05:46:05) ->    5(time 20923 - 05:48:43)(time 21117 - 05:51:57) ->    6(time 21196 - 05:53:16)(time 21425 - 05:57:05) ->    7(time 21504 - 05:58:24)(time 21699 - 06:01:39) ->    8(time 21778 - 06:02:58)(time 21985 - 06:06:25) ->    9(time 22264 - 06:11:04)(time 22493 - 06:14:53) ->    10(time 22772 - 06:19:32)(time 22772 - 06:19:32) -> 21
> Trip 3
   21(time 25263 - 07:01:03)(time 25492 - 07:04:52) ->    20(time 25571 - 07:06:11)(time 25778 - 07:09:38) ->    19(time 25857 - 07:10:57)(time 26052 - 07:14:12) ->    18(time 26131 - 07:15:31)(time 26360 - 07:19:20) ->    17(time 26439 - 07:20:39)(time 26633 - 07:23:53) ->    16(time 26712 - 07:25:12)(time 26944 - 07:29:04) ->    15(time 27023 - 07:30:23)(time 27217 - 07:33:37) ->    14(time 27296 - 07:34:56)(time 27503 - 07:38:23) ->    13(time 27726 - 07:42:06)(time 27951 - 07:45:51) ->    12(time 28030 - 07:47:10)(time 28251 - 07:50:51) ->    11(time 28530 - 07:55:30)(time 28530 - 07:55:30) ->    0(time 28530 - 07:55:30)(time 28751 - 07:59:11) ->    1(time 28830 - 08:00:30)(time 29055 - 08:04:15) ->    2(time 29111 - 08:05:11)(time 29318 - 08:08:38) ->    3(time 29397 - 08:09:57)(time 29591 - 08:13:11) ->    4(time 29670 - 08:14:30)(time 29902 - 08:18:22) ->    5(time 29981 - 08:19:41)(time 30175 - 08:22:55) ->    6(time 30254 - 08:24:14)(time 30483 - 08:28:03) ->    7(time 30562 - 08:29:22)(time 30757 - 08:32:37) ->    8(time 30836 - 08:33:56)(time 31043 - 08:37:23) ->    9(time 31122 - 08:38:42)(time 31351 - 08:42:31) ->    10(time 31630 - 08:47:10)(time 31630 - 08:47:10) -> 21
> Trip 4
   21(time 31909 - 08:51:49)(time 32138 - 08:55:38) ->    20(time 32217 - 08:56:57)(time 32424 - 09:00:24) ->    19(time 32503 - 09:01:43)(time 32698 - 09:04:58) ->    18(time 32777 - 09:06:17)(time 33006 - 09:10:06) ->    17(time 33085 - 09:11:25)(time 33279 - 09:14:39) ->    16(time 33358 - 09:15:58)(time 33590 - 09:19:50) ->    15(time 33669 - 09:21:09)(time 33863 - 09:24:23) ->    14(time 33942 - 09:25:42)(time 34149 - 09:29:09) ->    13(time 34205 - 09:30:05)(time 34430 - 09:33:50) ->    12(time 34509 - 09:35:09)(time 34730 - 09:38:50) ->    11(time 35009 - 09:43:29)(time 35009 - 09:43:29) ->    0(time 35009 - 09:43:29)(time 35230 - 09:47:10) ->    1(time 35309 - 09:48:29)(time 35534 - 09:52:14) ->    2(time 35869 - 09:57:49)(time 36076 - 10:01:16) ->    3(time 36155 - 10:02:35)(time 36349 - 10:05:49) ->    4(time 36428 - 10:07:08)(time 36660 - 10:11:00) ->    5(time 36739 - 10:12:19)(time 36933 - 10:15:33) ->    6(time 37012 - 10:16:52)(time 37241 - 10:20:41) ->    7(time 37320 - 10:22:00)(time 37515 - 10:25:15) ->    8(time 37594 - 10:26:34)(time 37801 - 10:30:01) ->    9(time 37880 - 10:31:20)(time 38109 - 10:35:09) ->    10(time 38388 - 10:39:48)(time 38388 - 10:39:48) -> 21
> Trip 5
   21(time 39438 - 10:57:18)(time 39667 - 11:01:07) ->    20(time 39746 - 11:02:26)(time 39953 - 11:05:53) ->    19(time 40032 - 11:07:12)(time 40227 - 11:10:27) ->    18(time 40306 - 11:11:46)(time 40535 - 11:15:35) ->    17(time 40614 - 11:16:54)(time 40808 - 11:20:08) ->    16(time 40887 - 11:21:27)(time 41119 - 11:25:19) ->    15(time 41198 - 11:26:38)(time 41392 - 11:29:52) ->    14(time 41471 - 11:31:11)(time 41678 - 11:34:38) ->    13(time 41734 - 11:35:34)(time 41959 - 11:39:19) ->    12(time 42038 - 11:40:38)(time 42259 - 11:44:19) ->    11(time 42538 - 11:48:58)(time 42538 - 11:48:58) ->    0(time 42617 - 11:50:17)(time 42838 - 11:53:58) ->    1(time 42917 - 11:55:17)(time 43142 - 11:59:02) ->    2(time 43198 - 11:59:58)(time 43405 - 12:03:25) ->    3(time 43684 - 12:08:04)(time 43878 - 12:11:18) ->    4(time 43957 - 12:12:37)(time 44189 - 12:16:29) ->    5(time 44268 - 12:17:48)(time 44462 - 12:21:02) ->    6(time 44541 - 12:22:21)(time 44770 - 12:26:10) ->    7(time 44849 - 12:27:29)(time 45044 - 12:30:44) ->    8(time 45123 - 12:32:03)(time 45330 - 12:35:30) ->    9(time 45409 - 12:36:49)(time 45638 - 12:40:38) ->    10(time 45917 - 12:45:17)(time 45917 - 12:45:17) -> 21
=============
Train 1
=============
> Trip 0
   21(time 398 - 00:06:38)(time 627 - 00:10:27) ->    20(time 706 - 00:11:46)(time 913 - 00:15:13) ->    19(time 992 - 00:16:32)(time 1187 - 00:19:47) ->    18(time 1266 - 00:21:06)(time 1495 - 00:24:55) ->    17(time 1574 - 00:26:14)(time 1768 - 00:29:28) ->    16(time 1847 - 00:30:47)(time 2079 - 00:34:39) ->    15(time 2158 - 00:35:58)(time 2352 - 00:39:12) ->    14(time 2431 - 00:40:31)(time 2638 - 00:43:58) ->    13(time 2694 - 00:44:54)(time 2919 - 00:48:39) ->    12(time 2998 - 00:49:58)(time 3219 - 00:53:39) ->    11(time 3498 - 00:58:18)(time 3498 - 00:58:18) ->    0(time 3498 - 00:58:18)(time 3719 - 01:01:59) ->    1(time 3798 - 01:03:18)(time 4023 - 01:07:03) ->    2(time 4102 - 01:08:22)(time 4309 - 01:11:49) ->    3(time 4388 - 01:13:08)(time 4582 - 01:16:22) ->    4(time 4861 - 01:21:01)(time 5093 - 01:24:53) ->    5(time 5172 - 01:26:12)(time 5366 - 01:29:26) ->    6(time 5445 - 01:30:45)(time 5674 - 01:34:34) ->    7(time 5753 - 01:35:53)(time 5948 - 01:39:08) ->    8(time 6027 - 01:40:27)(time 6234 - 01:43:54) ->    9(time 6313 - 01:45:13)(time 6542 - 01:49:02) ->    10(time 6916 - 01:55:16)(time 6916 - 01:55:16) -> 21
> Trip 1
   21(time 9001 - 02:30:01)(time 9230 - 02:33:50) ->    20(time 9604 - 02:40:04)(time 9811 - 02:43:31) ->    19(time 10185 - 02:49:45)(time 10380 - 02:53:00) ->    18(time 10459 - 02:54:19)(time 10688 - 02:58:08) ->    17(time 10767 - 02:59:27)(time 10961 - 03:02:41) ->    16(time 11040 - 03:04:00)(time 11272 - 03:07:52) ->    15(time 11351 - 03:09:11)(time 11545 - 03:12:25) ->    14(time 11624 - 03:13:44)(time 11831 - 03:17:11) ->    13(time 11910 - 03:18:30)(time 12135 - 03:22:15) ->    12(time 12414 - 03:26:54)(time 12635 - 03:30:35) ->    11(time 12914 - 03:35:14)(time 12914 - 03:35:14) ->    0(time 12914 - 03:35:14)(time 13135 - 03:38:55) ->    1(time 13214 - 03:40:14)(time 13439 - 03:43:59) ->    2(time 13495 - 03:44:55)(time 13702 - 03:48:22) ->    3(time 13781 - 03:49:41)(time 13975 - 03:52:55) ->    4(time 14054 - 03:54:14)(time 14286 - 03:58:06) ->    5(time 14365 - 03:59:25)(time 14559 - 04:02:39) ->    6(time 14638 - 04:03:58)(time 14867 - 04:07:47) ->    7(time 14946 - 04:09:06)(time 15141 - 04:12:21) ->    8(time 15220 - 04:13:40)(time 15427 - 04:17:07) ->    9(time 15506 - 04:18:26)(time 15735 - 04:22:15) ->    10(time 16014 - 04:26:54)(time 16014 - 04:26:54) -> 21
> Trip 2
   21(time 16014 - 04:26:54)(time 16243 - 04:30:43) ->    20(time 16322 - 04:32:02)(time 16529 - 04:35:29) ->    19(time 16608 - 04:36:48)(time 16803 - 04:40:03) ->    18(time 16882 - 04:41:22)(time 17111 - 04:45:11) ->    17(time 17190 - 04:46:30)(time 17384 - 04:49:44) ->    16(time 17463 - 04:51:03)(time 17695 - 04:54:55) ->    15(time 17774 - 04:56:14)(time 17968 - 04:59:28) ->    14(time 18047 - 05:00:47)(time 18254 - 05:04:14) ->    13(time 18310 - 05:05:10)(time 18535 - 05:08:55) ->    12(time 18614 - 05:10:14)(time 18835 - 05:13:55) ->    11(time 19114 - 05:18:34)(time 19114 - 05:18:34) ->    0(time 19193 - 05:19:53)(time 19414 - 05:23:34) ->    1(time 19493 - 05:24:53)(time 19718 - 05:28:38) ->    2(time 19774 - 05:29:34)(time 19981 - 05:33:01) ->    3(time 20060 - 05:34:20)(time 20254 - 05:37:34) ->    4(time 20333 - 05:38:53)(time 20565 - 05:42:45) ->    5(time 20644 - 05:44:04)(time 20838 - 05:47:18) ->    6(time 21117 - 05:51:57)(time 21346 - 05:55:46) ->    7(time 21425 - 05:57:05)(time 21620 - 06:00:20) ->    8(time 21699 - 06:01:39)(time 21906 - 06:05:06) ->    9(time 21985 - 06:06:25)(time 22214 - 06:10:14) ->    10(time 22493 - 06:14:53)(time 22493 - 06:14:53) -> 21
> Trip 3
   21(time 23822 - 06:37:02)(time 24051 - 06:40:51) ->    20(time 24130 - 06:42:10)(time 24337 - 06:45:37) ->    19(time 24416 - 06:46:56)(time 24611 - 06:50:11) ->    18(time 24690 - 06:51:30)(time 24919 - 06:55:19) ->    17(time 24998 - 06:56:38)(time 25192 - 06:59:52) ->    16(time 25271 - 07:01:11)(time 25503 - 07:05:03) ->    15(time 25582 - 07:06:22)(time 25776 - 07:09:36) ->    14(time 25855 - 07:10:55)(time 26062 - 07:14:22) ->    13(time 26118 - 07:15:18)(time 26343 - 07:19:03) ->    12(time 26422 - 07:20:22)(time 26643 - 07:24:03) ->    11(time 26922 - 07:28:42)(time 26922 - 07:28:42) ->    0(time 27001 - 07:30:01)(time 27222 - 07:33:42) ->    1(time 27422 - 07:37:02)(time 27647 - 07:40:47) ->    2(time 27726 - 07:42:06)(time 27933 - 07:45:33) ->    3(time 28012 - 07:46:52)(time 28206 - 07:50:06) ->    4(time 28285 - 07:51:25)(time 28517 - 07:55:17) ->    5(time 28596 - 07:56:36)(time 28790 - 07:59:50) ->    6(time 28869 - 08:01:09)(time 29098 - 08:04:58) ->    7(time 29177 - 08:06:17)(time 29372 - 08:09:32) ->    8(time 29451 - 08:10:51)(time 29658 - 08:14:18) ->    9(time 29793 - 08:16:33)(time 30022 - 08:20:22) ->    10(time 30301 - 08:25:01)(time 30301 - 08:25:01) -> 21
> Trip 4
   21(time 31630 - 08:47:10)(time 31859 - 08:50:59) ->    20(time 31938 - 08:52:18)(time 32145 - 08:55:45) ->    19(time 32224 - 08:57:04)(time 32419 - 09:00:19) ->    18(time 32498 - 09:01:38)(time 32727 - 09:05:27) ->    17(time 32806 - 09:06:46)(time 33000 - 09:10:00) ->    16(time 33079 - 09:11:19)(time 33311 - 09:15:11) ->    15(time 33390 - 09:16:30)(time 33584 - 09:19:44) ->    14(time 33663 - 09:21:03)(time 33870 - 09:24:30) ->    13(time 33926 - 09:25:26)(time 34151 - 09:29:11) ->    12(time 34230 - 09:30:30)(time 34451 - 09:34:11) ->    11(time 34730 - 09:38:50)(time 34730 - 09:38:50) ->    0(time 34930 - 09:42:10)(time 35151 - 09:45:51) ->    1(time 35230 - 09:47:10)(time 35455 - 09:50:55) ->    2(time 35534 - 09:52:14)(time 35741 - 09:55:41) ->    3(time 35820 - 09:57:00)(time 36014 - 10:00:14) ->    4(time 36093 - 10:01:33)(time 36325 - 10:05:25) ->    5(time 36404 - 10:06:44)(time 36598 - 10:09:58) ->    6(time 36677 - 10:11:17)(time 36906 - 10:15:06) ->    7(time 36985 - 10:16:25)(time 37180 - 10:19:40) ->    8(time 37315 - 10:21:55)(time 37522 - 10:25:22) ->    9(time 37601 - 10:26:41)(time 37830 - 10:30:30) ->    10(time 38109 - 10:35:09)(time 38109 - 10:35:09) -> 21
> Trip 5
   21(time 39517 - 10:58:37)(time 39746 - 11:02:26) ->    20(time 39825 - 11:03:45)(time 40032 - 11:07:12) ->    19(time 40111 - 11:08:31)(time 40306 - 11:11:46) ->    18(time 40585 - 11:16:25)(time 40814 - 11:20:14) ->    17(time 40893 - 11:21:33)(time 41087 - 11:24:47) ->    16(time 41166 - 11:26:06)(time 41398 - 11:29:58) ->    15(time 41477 - 11:31:17)(time 41671 - 11:34:31) ->    14(time 41750 - 11:35:50)(time 41957 - 11:39:17) ->    13(time 42013 - 11:40:13)(time 42238 - 11:43:58) ->    12(time 42317 - 11:45:17)(time 42538 - 11:48:58) ->    11(time 42817 - 11:53:37)(time 42817 - 11:53:37) ->    0(time 42817 - 11:53:37)(time 43038 - 11:57:18) ->    1(time 43117 - 11:58:37)(time 43342 - 12:02:22) ->    2(time 43477 - 12:04:37)(time 43684 - 12:08:04) ->    3(time 43763 - 12:09:23)(time 43957 - 12:12:37) ->    4(time 44036 - 12:13:56)(time 44268 - 12:17:48) ->    5(time 44347 - 12:19:07)(time 44541 - 12:22:21) ->    6(time 44620 - 12:23:40)(time 44849 - 12:27:29) ->    7(time 44928 - 12:28:48)(time 45123 - 12:32:03) ->    8(time 45202 - 12:33:22)(time 45409 - 12:36:49) ->    9(time 45688 - 12:41:28)(time 45917 - 12:45:17) ->    10(time 46196 - 12:49:56)(time 46196 - 12:49:56) -> 21
=============
Train 2
=============
> Trip 0
   21(time 1783 - 00:29:43)(time 2012 - 00:33:32) ->    20(time 2091 - 00:34:51)(time 2298 - 00:38:18) ->    19(time 2377 - 00:39:37)(time 2572 - 00:42:52) ->    18(time 2651 - 00:44:11)(time 2880 - 00:48:00) ->    17(time 2959 - 00:49:19)(time 3153 - 00:52:33) ->    16(time 3232 - 00:53:52)(time 3464 - 00:57:44) ->    15(time 3543 - 00:59:03)(time 3737 - 01:02:17) ->    14(time 3816 - 01:03:36)(time 4023 - 01:07:03) ->    13(time 4302 - 01:11:42)(time 4527 - 01:15:27) ->    12(time 4606 - 01:16:46)(time 4827 - 01:20:27) ->    11(time 5106 - 01:25:06)(time 5106 - 01:25:06) ->    0(time 5106 - 01:25:06)(time 5327 - 01:28:47) ->    1(time 5406 - 01:30:06)(time 5631 - 01:33:51) ->    2(time 5687 - 01:34:47)(time 5894 - 01:38:14) ->    3(time 5973 - 01:39:33)(time 6167 - 01:42:47) ->    4(time 6246 - 01:44:06)(time 6478 - 01:47:58) ->    5(time 6557 - 01:49:17)(time 6751 - 01:52:31) ->    6(time 6830 - 01:53:50)(time 7059 - 01:57:39) ->    7(time 7138 - 01:58:58)(time 7333 - 02:02:13) ->    8(time 7412 - 02:03:32)(time 7619 - 02:06:59) ->    9(time 7698 - 02:08:18)(time 7927 - 02:12:07) ->    10(time 8206 - 02:16:46)(time 8206 - 02:16:46) -> 21
> Trip 1
   21(time 8206 - 02:16:46)(time 8435 - 02:20:35) ->    20(time 8514 - 02:21:54)(time 8721 - 02:25:21) ->    19(time 8800 - 02:26:40)(time 8995 - 02:29:55) ->    18(time 9074 - 02:31:14)(time 9303 - 02:35:03) ->    17(time 9508 - 02:38:28)(time 9702 - 02:41:42) ->    16(time 10076 - 02:47:56)(time 10308 - 02:51:48) ->    15(time 10682 - 02:58:02)(time 10876 - 03:01:16) ->    14(time 11250 - 03:07:30)(time 11457 - 03:10:57) ->    13(time 11831 - 03:17:11)(time 12056 - 03:20:56) ->    12(time 12135 - 03:22:15)(time 12356 - 03:25:56) ->    11(time 12635 - 03:30:35)(time 12635 - 03:30:35) ->    0(time 12635 - 03:30:35)(time 12856 - 03:34:16) ->    1(time 12935 - 03:35:35)(time 13160 - 03:39:20) ->    2(time 13216 - 03:40:16)(time 13423 - 03:43:43) ->    3(time 13502 - 03:45:02)(time 13696 - 03:48:16) ->    4(time 13775 - 03:49:35)(time 14007 - 03:53:27) ->    5(time 14086 - 03:54:46)(time 14280 - 03:58:00) ->    6(time 14359 - 03:59:19)(time 14588 - 04:03:08) ->    7(time 14667 - 04:04:27)(time 14862 - 04:07:42) ->    8(time 14941 - 04:09:01)(time 15148 - 04:12:28) ->    9(time 15227 - 04:13:47)(time 15456 - 04:17:36) ->    10(time 15735 - 04:22:15)(time 15735 - 04:22:15) -> 21
> Trip 2
   21(time 17455 - 04:50:55)(time 17684 - 04:54:44) ->    20(time 17763 - 04:56:03)(time 17970 - 04:59:30) ->    19(time 18049 - 05:00:49)(time 18244 - 05:04:04) ->    18(time 18323 - 05:05:23)(time 18552 - 05:09:12) ->    17(time 18631 - 05:10:31)(time 18825 - 05:13:45) ->    16(time 18904 - 05:15:04)(time 19136 - 05:18:56) ->    15(time 19215 - 05:20:15)(time 19409 - 05:23:29) ->    14(time 19488 - 05:24:48)(time 19695 - 05:28:15) ->    13(time 19918 - 05:31:58)(time 20143 - 05:35:43) ->    12(time 20222 - 05:37:02)(time 20443 - 05:40:43) ->    11(time 20722 - 05:45:22)(time 20722 - 05:45:22) ->    0(time 20722 - 05:45:22)(time 20943 - 05:49:03) ->    1(time 21022 - 05:50:22)(time 21247 - 05:54:07) ->    2(time 21303 - 05:55:03)(time 21510 - 05:58:30) ->    3(time 21589 - 05:59:49)(time 21783 - 06:03:03) ->    4(time 21862 - 06:04:22)(time 22094 - 06:08:14) ->    5(time 22173 - 06:09:33)(time 22367 - 06:12:47) ->    6(time 22446 - 06:14:06)(time 22675 - 06:17:55) ->    7(time 22754 - 06:19:14)(time 22949 - 06:22:29) ->    8(time 23028 - 06:23:48)(time 23235 - 06:27:15) ->    9(time 23314 - 06:28:34)(time 23543 - 06:32:23) ->    10(time 23822 - 06:37:02)(time 23822 - 06:37:02) -> 21
> Trip 3
   21(time 24101 - 06:41:41)(time 24330 - 06:45:30) ->    20(time 24409 - 06:46:49)(time 24616 - 06:50:16) ->    19(time 24695 - 06:51:35)(time 24890 - 06:54:50) ->    18(time 24969 - 06:56:09)(time 25198 - 06:59:58) ->    17(time 25277 - 07:01:17)(time 25471 - 07:04:31) ->    16(time 25550 - 07:05:50)(time 25782 - 07:09:42) ->    15(time 25861 - 07:11:01)(time 26055 - 07:14:15) ->    14(time 26134 - 07:15:34)(time 26341 - 07:19:01) ->    13(time 26397 - 07:19:57)(time 26622 - 07:23:42) ->    12(time 26701 - 07:25:01)(time 26922 - 07:28:42) ->    11(time 27201 - 07:33:21)(time 27201 - 07:33:21) ->    0(time 27201 - 07:33:21)(time 27422 - 07:37:02) ->    1(time 27501 - 07:38:21)(time 27726 - 07:42:06) ->    2(time 27805 - 07:43:25)(time 28012 - 07:46:52) ->    3(time 28091 - 07:48:11)(time 28285 - 07:51:25) ->    4(time 28364 - 07:52:44)(time 28596 - 07:56:36) ->    5(time 28675 - 07:57:55)(time 28869 - 08:01:09) ->    6(time 29004 - 08:03:24)(time 29233 - 08:07:13) ->    7(time 29312 - 08:08:32)(time 29507 - 08:11:47) ->    8(time 29586 - 08:13:06)(time 29793 - 08:16:33) ->    9(time 30072 - 08:21:12)(time 30301 - 08:25:01) ->    10(time 30580 - 08:29:40)(time 30580 - 08:29:40) -> 21
> Trip 4
   21(time 33071 - 09:11:11)(time 33300 - 09:15:00) ->    20(time 33379 - 09:16:19)(time 33586 - 09:19:46) ->    19(time 33665 - 09:21:05)(time 33860 - 09:24:20) ->    18(time 33939 - 09:25:39)(time 34168 - 09:29:28) ->    17(time 34247 - 09:30:47)(time 34441 - 09:34:01) ->    16(time 34520 - 09:35:20)(time 34752 - 09:39:12) ->    15(time 34831 - 09:40:31)(time 35025 - 09:43:45) ->    14(time 35104 - 09:45:04)(time 35311 - 09:48:31) ->    13(time 35534 - 09:52:14)(time 35759 - 09:55:59) ->    12(time 35838 - 09:57:18)(time 36059 - 10:00:59) ->    11(time 36338 - 10:05:38)(time 36338 - 10:05:38) ->    0(time 36338 - 10:05:38)(time 36559 - 10:09:19) ->    1(time 36638 - 10:10:38)(time 36863 - 10:14:23) ->    2(time 36919 - 10:15:19)(time 37126 - 10:18:46) ->    3(time 37205 - 10:20:05)(time 37399 - 10:23:19) ->    4(time 37478 - 10:24:38)(time 37710 - 10:28:30) ->    5(time 37789 - 10:29:49)(time 37983 - 10:33:03) ->    6(time 38062 - 10:34:22)(time 38291 - 10:38:11) ->    7(time 38370 - 10:39:30)(time 38565 - 10:42:45) ->    8(time 38644 - 10:44:04)(time 38851 - 10:47:31) ->    9(time 38930 - 10:48:50)(time 39159 - 10:52:39) ->    10(time 39438 - 10:57:18)(time 39438 - 10:57:18) -> 21
> Trip 5
   21(time 40433 - 11:13:53)(time 40662 - 11:17:42) ->    20(time 40741 - 11:19:01)(time 40948 - 11:22:28) ->    19(time 41027 - 11:23:47)(time 41222 - 11:27:02) ->    18(time 41301 - 11:28:21)(time 41530 - 11:32:10) ->    17(time 41904 - 11:38:24)(time 42098 - 11:41:38) ->    16(time 42177 - 11:42:57)(time 42409 - 11:46:49) ->    15(time 42488 - 11:48:08)(time 42682 - 11:51:22) ->    14(time 42761 - 11:52:41)(time 42968 - 11:56:08) ->    13(time 43342 - 12:02:22)(time 43567 - 12:06:07) ->    12(time 43646 - 12:07:26)(time 43867 - 12:11:07) ->    11(time 44146 - 12:15:46)(time 44146 - 12:15:46) ->    0(time 44146 - 12:15:46)(time 44367 - 12:19:27) ->    1(time 44446 - 12:20:46)(time 44671 - 12:24:31) ->    2(time 44727 - 12:25:27)(time 44934 - 12:28:54) ->    3(time 45013 - 12:30:13)(time 45207 - 12:33:27) ->    4(time 45286 - 12:34:46)(time 45518 - 12:38:38) ->    5(time 45597 - 12:39:57)(time 45791 - 12:43:11) ->    6(time 45870 - 12:44:30)(time 46099 - 12:48:19) ->    7(time 46178 - 12:49:38)(time 46373 - 12:52:53) ->    8(time 46452 - 12:54:12)(time 46659 - 12:57:39) ->    9(time 46738 - 12:58:58)(time 46967 - 13:02:47) ->    10(time 47246 - 13:07:26)(time 47246 - 13:07:26) -> 21
=============
Train 3
=============
> Trip 0
   21(time 0 - 00:00:00)(time 229 - 00:03:49) ->    20(time 308 - 00:05:08)(time 515 - 00:08:35) ->    19(time 594 - 00:09:54)(time 789 - 00:13:09) ->    18(time 987 - 00:16:27)(time 1216 - 00:20:16) ->    17(time 1295 - 00:21:35)(time 1489 - 00:24:49) ->    16(time 1568 - 00:26:08)(time 1800 - 00:30:00) ->    15(time 1879 - 00:31:19)(time 2073 - 00:34:33) ->    14(time 2152 - 00:35:52)(time 2359 - 00:39:19) ->    13(time 2415 - 00:40:15)(time 2640 - 00:44:00) ->    12(time 2719 - 00:45:19)(time 2940 - 00:49:00) ->    11(time 3219 - 00:53:39)(time 3219 - 00:53:39) ->    0(time 3219 - 00:53:39)(time 3440 - 00:57:20) ->    1(time 3719 - 01:01:59)(time 3944 - 01:05:44) ->    2(time 4023 - 01:07:03)(time 4230 - 01:10:30) ->    3(time 4309 - 01:11:49)(time 4503 - 01:15:03) ->    4(time 4582 - 01:16:22)(time 4814 - 01:20:14) ->    5(time 4893 - 01:21:33)(time 5087 - 01:24:47) ->    6(time 5166 - 01:26:06)(time 5395 - 01:29:55) ->    7(time 5474 - 01:31:14)(time 5669 - 01:34:29) ->    8(time 5748 - 01:35:48)(time 5955 - 01:39:15) ->    9(time 6034 - 01:40:34)(time 6263 - 01:44:23) ->    10(time 6542 - 01:49:02)(time 6542 - 01:49:02) -> 21
> Trip 1
   21(time 7927 - 02:12:07)(time 8156 - 02:15:56) ->    20(time 8235 - 02:17:15)(time 8442 - 02:20:42) ->    19(time 8521 - 02:22:01)(time 8716 - 02:25:16) ->    18(time 8795 - 02:26:35)(time 9024 - 02:30:24) ->    17(time 9103 - 02:31:43)(time 9297 - 02:34:57) ->    16(time 9376 - 02:36:16)(time 9608 - 02:40:08) ->    15(time 9687 - 02:41:27)(time 9881 - 02:44:41) ->    14(time 9960 - 02:46:00)(time 10167 - 02:49:27) ->    13(time 10223 - 02:50:23)(time 10448 - 02:54:08) ->    12(time 10527 - 02:55:27)(time 10748 - 02:59:08) ->    11(time 11027 - 03:03:47)(time 11027 - 03:03:47) ->    0(time 11027 - 03:03:47)(time 11248 - 03:07:28) ->    1(time 11327 - 03:08:47)(time 11552 - 03:12:32) ->    2(time 11831 - 03:17:11)(time 12038 - 03:20:38) ->    3(time 12117 - 03:21:57)(time 12311 - 03:25:11) ->    4(time 12390 - 03:26:30)(time 12622 - 03:30:22) ->    5(time 12701 - 03:31:41)(time 12895 - 03:34:55) ->    6(time 12974 - 03:36:14)(time 13203 - 03:40:03) ->    7(time 13282 - 03:41:22)(time 13477 - 03:44:37) ->    8(time 13556 - 03:45:56)(time 13763 - 03:49:23) ->    9(time 13842 - 03:50:42)(time 14071 - 03:54:31) ->    10(time 14350 - 03:59:10)(time 14350 - 03:59:10) -> 21
> Trip 2
   21(time 15735 - 04:22:15)(time 15964 - 04:26:04) ->    20(time 16043 - 04:27:23)(time 16250 - 04:30:50) ->    19(time 16329 - 04:32:09)(time 16524 - 04:35:24) ->    18(time 16603 - 04:36:43)(time 16832 - 04:40:32) ->    17(time 16911 - 04:41:51)(time 17105 - 04:45:05) ->    16(time 17184 - 04:46:24)(time 17416 - 04:50:16) ->    15(time 17495 - 04:51:35)(time 17689 - 04:54:49) ->    14(time 17768 - 04:56:08)(time 17975 - 04:59:35) ->    13(time 18031 - 05:00:31)(time 18256 - 05:04:16) ->    12(time 18335 - 05:05:35)(time 18556 - 05:09:16) ->    11(time 18835 - 05:13:55)(time 18835 - 05:13:55) ->    0(time 19114 - 05:18:34)(time 19335 - 05:22:15) ->    1(time 19414 - 05:23:34)(time 19639 - 05:27:19) ->    2(time 19695 - 05:28:15)(time 19902 - 05:31:42) ->    3(time 19981 - 05:33:01)(time 20175 - 05:36:15) ->    4(time 20254 - 05:37:34)(time 20486 - 05:41:26) ->    5(time 20565 - 05:42:45)(time 20759 - 05:45:59) ->    6(time 20838 - 05:47:18)(time 21067 - 05:51:07) ->    7(time 21146 - 05:52:26)(time 21341 - 05:55:41) ->    8(time 21420 - 05:57:00)(time 21627 - 06:00:27) ->    9(time 21706 - 06:01:46)(time 21935 - 06:05:35) ->    10(time 22214 - 06:10:14)(time 22214 - 06:10:14) -> 21
> Trip 3
   21(time 23543 - 06:32:23)(time 23772 - 06:36:12) ->    20(time 23851 - 06:37:31)(time 24058 - 06:40:58) ->    19(time 24137 - 06:42:17)(time 24332 - 06:45:32) ->    18(time 24411 - 06:46:51)(time 24640 - 06:50:40) ->    17(time 24719 - 06:51:59)(time 24913 - 06:55:13) ->    16(time 24992 - 06:56:32)(time 25224 - 07:00:24) ->    15(time 25303 - 07:01:43)(time 25497 - 07:04:57) ->    14(time 25576 - 07:06:16)(time 25783 - 07:09:43) ->    13(time 25839 - 07:10:39)(time 26064 - 07:14:24) ->    12(time 26143 - 07:15:43)(time 26364 - 07:19:24) ->    11(time 26643 - 07:24:03)(time 26643 - 07:24:03) ->    0(time 26922 - 07:28:42)(time 27143 - 07:32:23) ->    1(time 27222 - 07:33:42)(time 27447 - 07:37:27) ->    2(time 27503 - 07:38:23)(time 27710 - 07:41:50) ->    3(time 27789 - 07:43:09)(time 27983 - 07:46:23) ->    4(time 28062 - 07:47:42)(time 28294 - 07:51:34) ->    5(time 28373 - 07:52:53)(time 28567 - 07:56:07) ->    6(time 28646 - 07:57:26)(time 28875 - 08:01:15) ->    7(time 28954 - 08:02:34)(time 29149 - 08:05:49) ->    8(time 29228 - 08:07:08)(time 29435 - 08:10:35) ->    9(time 29514 - 08:11:54)(time 29743 - 08:15:43) ->    10(time 30022 - 08:20:22)(time 30022 - 08:20:22) -> 21
> Trip 4
   21(time 31351 - 08:42:31)(time 31580 - 08:46:20) ->    20(time 31659 - 08:47:39)(time 31866 - 08:51:06) ->    19(time 31945 - 08:52:25)(time 32140 - 08:55:40) ->    18(time 32219 - 08:56:59)(time 32448 - 09:00:48) ->    17(time 32527 - 09:02:07)(time 32721 - 09:05:21) ->    16(time 32800 - 09:06:40)(time 33032 - 09:10:32) ->    15(time 33111 - 09:11:51)(time 33305 - 09:15:05) ->    14(time 33384 - 09:16:24)(time 33591 - 09:19:51) ->    13(time 33647 - 09:20:47)(time 33872 - 09:24:32) ->    12(time 33951 - 09:25:51)(time 34172 - 09:29:32) ->    11(time 34451 - 09:34:11)(time 34451 - 09:34:11) ->    0(time 34730 - 09:38:50)(time 34951 - 09:42:31) ->    1(time 35030 - 09:43:50)(time 35255 - 09:47:35) ->    2(time 35311 - 09:48:31)(time 35518 - 09:51:58) ->    3(time 35597 - 09:53:17)(time 35791 - 09:56:31) ->    4(time 35870 - 09:57:50)(time 36102 - 10:01:42) ->    5(time 36181 - 10:03:01)(time 36375 - 10:06:15) ->    6(time 36454 - 10:07:34)(time 36683 - 10:11:23) ->    7(time 36762 - 10:12:42)(time 36957 - 10:15:57) ->    8(time 37036 - 10:17:16)(time 37243 - 10:20:43) ->    9(time 37322 - 10:22:02)(time 37551 - 10:25:51) ->    10(time 37830 - 10:30:30)(time 37830 - 10:30:30) -> 21
> Trip 5
   21(time 39159 - 10:52:39)(time 39388 - 10:56:28) ->    20(time 39467 - 10:57:47)(time 39674 - 11:01:14) ->    19(time 39753 - 11:02:33)(time 39948 - 11:05:48) ->    18(time 40027 - 11:07:07)(time 40256 - 11:10:56) ->    17(time 40335 - 11:12:15)(time 40529 - 11:15:29) ->    16(time 40608 - 11:16:48)(time 40840 - 11:20:40) ->    15(time 40919 - 11:21:59)(time 41113 - 11:25:13) ->    14(time 41192 - 11:26:32)(time 41399 - 11:29:59) ->    13(time 41455 - 11:30:55)(time 41680 - 11:34:40) ->    12(time 41759 - 11:35:59)(time 41980 - 11:39:40) ->    11(time 42259 - 11:44:19)(time 42259 - 11:44:19) ->    0(time 42538 - 11:48:58)(time 42759 - 11:52:39) ->    1(time 42838 - 11:53:58)(time 43063 - 11:57:43) ->    2(time 43119 - 11:58:39)(time 43326 - 12:02:06) ->    3(time 43405 - 12:03:25)(time 43599 - 12:06:39) ->    4(time 43678 - 12:07:58)(time 43910 - 12:11:50) ->    5(time 43989 - 12:13:09)(time 44183 - 12:16:23) ->    6(time 44262 - 12:17:42)(time 44491 - 12:21:31) ->    7(time 44570 - 12:22:50)(time 44765 - 12:26:05) ->    8(time 44844 - 12:27:24)(time 45051 - 12:30:51) ->    9(time 45130 - 12:32:10)(time 45359 - 12:35:59) ->    10(time 45638 - 12:40:38)(time 45638 - 12:40:38) -> 21
Traceback (most recent call last):
  File "/home/renata/Train-Timetabling/script.py", line 99, in <module>
    os.remove(file_name)
FileNotFoundError: [Errno 2] No such file or directory: 'script-solution.txt'
----- t4p12r2h2.txt-model.log -----
 120769 23250    33752.0000   112    34230.0000    33752.0000  6589903    1.40%
 120817 23247    33916.0000   134    34230.0000    33752.0000  6593051    1.40%
 120882 23247    34200.0000    72    34230.0000    33752.0000  6596089    1.40%
 120945 23248    33752.0000    73    34230.0000    33752.0000  6599158    1.40%
 121008 23241        cutoff          34230.0000    33752.0000  6602502    1.40%
 121054 23250    34150.0000    16    34230.0000    33752.0000  6604679    1.40%
 121131 23250        cutoff          34230.0000    33752.0000  6608196    1.40%
 121205 23240    33919.0760    71    34230.0000    33752.0000  6611525    1.40%
 121286 23245    33884.0000   127    34230.0000    33752.0000  6614723    1.40%
 121343 23255    34082.0000   127    34230.0000    33752.0000  6617174    1.40%
Elapsed time = 41147.72 sec. (32860055.45 ticks, tree = 211.03 MB, solutions = 9)
 121412 23242    34034.0000    66    34230.0000    33752.1953  6620125    1.40%
 121471 23237    34084.3226    81    34230.0000    33752.3375  6622641    1.40%
 121540 23227        cutoff          34230.0000    33752.4700  6625943    1.40%
 121593 23226    infeasible          34230.0000    33752.4899  6628237    1.40%
 121656 23219    33916.6696    51    34230.0000    33752.6745  6630917    1.39%
 121728 23202        cutoff          34230.0000    33753.5230  6634924    1.39%
 121812 23191        cutoff          34230.0000    33766.0000  6638165    1.36%
 121923 23194    33816.0000    23    34230.0000    33768.0000  6642531    1.35%
 121980 23186        cutoff          34230.0000    33768.0000  6645878    1.35%
 122051 23182        cutoff          34230.0000    33768.0000  6650085    1.35%
Elapsed time = 41328.00 sec. (33014555.67 ticks, tree = 210.43 MB, solutions = 9)
 122130 23171    33768.0000   120    34230.0000    33768.0000  6653967    1.35%
 122181 23162    infeasible          34230.0000    33768.0000  6656944    1.35%
 122231 23160    34214.0000    51    34230.0000    33768.0000  6659680    1.35%
 122285 23143        cutoff          34230.0000    33768.0000  6662158    1.35%
 122359 23129    33768.0000    63    34230.0000    33768.0000  6665238    1.35%
 122413 23131    34116.0000   102    34230.0000    33768.0000  6667295    1.35%
 122472 23127    33850.0000   105    34230.0000    33768.0000  6669742    1.35%
 122539 23122    33950.0000   123    34230.0000    33768.0000  6672679    1.35%
 122597 23120    34100.0000   100    34230.0000    33768.0000  6675641    1.35%
 122670 23121    33818.0000    61    34230.0000    33768.0000  6678552    1.35%
Elapsed time = 41509.60 sec. (33171802.71 ticks, tree = 209.91 MB, solutions = 9)
 122721 23119    34000.0000    64    34230.0000    33768.0000  6680585    1.35%
 122772 23120    34100.0000    66    34230.0000    33768.0000  6683404    1.35%
 122854 23114    33934.0000   122    34230.0000    33768.0000  6686619    1.35%
 122924 23100    infeasible          34230.0000    33768.0000  6689826    1.35%
 122986 23092    34066.0000    68    34230.0000    33768.0000  6692804    1.35%
 123050 23083    34114.0000    13    34230.0000    33768.0000  6695909    1.35%
 123108 23067        cutoff          34230.0000    33768.0002  6699102    1.35%
 123187 23054    34034.3476    56    34230.0000    33768.3476  6702671    1.35%
 123261 23041        cutoff          34230.0000    33772.0000  6706174    1.34%
 123356 23026    33784.0000    82    34230.0000    33784.0000  6710128    1.30%
Elapsed time = 41691.56 sec. (33325573.50 ticks, tree = 209.11 MB, solutions = 9)
 123416 23018    33982.0000    12    34230.0000    33784.0000  6712690    1.30%
 123482 23022    33784.0000    86    34230.0000    33784.0000  6715551    1.30%
 123572 23020    33818.0000    85    34230.0000    33784.0000  6718825    1.30%
 123635 23020    34082.0000    70    34230.0000    33784.0000  6720987    1.30%
 123705 23016    34016.0000    30    34230.0000    33784.0000  6723851    1.30%
 123781 23010    33950.0000   229    34230.0000    33784.0000  6727004    1.30%
 123849 23004    33984.0000    87    34230.0000    33784.0000  6729378    1.30%
 123912 23006    34148.0000    40    34230.0000    33784.0000  6731790    1.30%
 123970 23008    34214.0000    14    34230.0000    33784.0000  6734185    1.30%
 124038 23015        cutoff          34230.0000    33784.0000  6736700    1.30%
Elapsed time = 41872.98 sec. (33481949.66 ticks, tree = 209.06 MB, solutions = 9)
 124084 23018    33918.0000    84    34230.0000    33784.0000  6738752    1.30%
 124160 23008    33950.0000    90    34230.0000    33784.0000  6741612    1.30%
 124210 23006    33950.0000    82    34230.0000    33784.0000  6743387    1.30%
 124268 23009    33916.0000    87    34230.0000    33784.0000  6745828    1.30%
 124346 23007    34016.0000    34    34230.0000    33784.0000  6748689    1.30%
 124446 23008    33916.0000    21    34230.0000    33784.0000  6752306    1.30%
 124518 23004    33916.0000    15    34230.0000    33784.0000  6755705    1.30%
 124584 23006    infeasible          34230.0000    33784.0000  6758545    1.30%
 124672 23007    33850.2202   176    34230.0000    33784.0000  6762022    1.30%
 124721 23008    33816.0000    38    34230.0000    33784.0000  6763811    1.30%
Elapsed time = 42053.27 sec. (33636483.73 ticks, tree = 209.02 MB, solutions = 9)
 124785 23010    34214.0000    49    34230.0000    33784.0000  6766666    1.30%
 124875 23018    34082.0000    86    34230.0000    33784.0000  6769829    1.30%
 124940 23026    34082.0000    67    34230.0000    33784.0000  6772762    1.30%
 125034 23026    33950.0000    45    34230.0000    33784.0000  6776871    1.30%
 125125 23030    34148.0176    36    34230.0000    33784.0000  6780628    1.30%
 125190 23024        cutoff          34230.0000    33784.0000  6783882    1.30%
 125252 23020        cutoff          34230.0000    33784.0000  6786747    1.30%
 125324 23009    34182.3554    62    34230.0000    33784.0000  6789875    1.30%
 125402 23000    33950.3546    61    34230.0000    33784.0000  6793681    1.30%
 125442 23000        cutoff          34230.0000    33784.0000  6795647    1.30%
Elapsed time = 42238.49 sec. (33792127.65 ticks, tree = 208.98 MB, solutions = 9)
 125512 22992        cutoff          34230.0000    33784.0000  6799111    1.30%
 125559 23000    34082.0000   118    34230.0000    33784.0000  6801484    1.30%
 125590 23002    infeasible          34230.0000    33784.0000  6802846    1.30%
 125675 22996    infeasible          34230.0000    33784.0000  6806400    1.30%
 125742 22999    infeasible          34230.0000    33784.0000  6809332    1.30%
 125784 22996    34016.0000    44    34230.0000    33784.0000  6811487    1.30%
 125833 22995    infeasible          34230.0000    33784.0000  6813601    1.30%
 125911 22994    34082.0000    20    34230.0000    33784.0000  6817321    1.30%
 125980 22990    34016.0000    16    34230.0000    33784.0000  6820270    1.30%
 126055 22992    33950.0000   147    34230.0000    33784.0000  6823419    1.30%
Elapsed time = 42423.21 sec. (33947818.63 ticks, tree = 208.93 MB, solutions = 9)
 126132 22992        cutoff          34230.0000    33784.0000  6826183    1.30%
 126210 22994        cutoff          34230.0000    33784.0000  6829371    1.30%
 126271 22991    34016.3546    61    34230.0000    33784.0000  6832197    1.30%
 126347 22993    34148.0000    14    34230.0000    33784.0000  6834889    1.30%
 126387 22999    34082.0000   110    34230.0000    33784.0000  6837102    1.30%
 126470 23007    34182.0000    32    34230.0000    33784.0000  6840600    1.30%
 126536 23012    33950.0000   108    34230.0000    33784.0000  6843092    1.30%
 126623 23012    34148.0000    20    34230.0000    33784.0000  6846731    1.30%
 126702 23013    33784.2136    59    34230.0000    33784.0000  6849389    1.30%
 126745 23014    33918.0000    89    34230.0000    33784.0000  6851541    1.30%
Elapsed time = 42605.51 sec. (34104669.98 ticks, tree = 209.16 MB, solutions = 9)
 126791 23023    33918.0000    82    34230.0000    33784.0000  6853025    1.30%
 126866 23022    34016.0000    23    34230.0000    33784.0000  6856210    1.30%
 126925 23024    34066.0000    40    34230.0000    33784.0000  6858737    1.30%
 126988 23023    34148.0000    49    34230.0000    33784.0000  6861783    1.30%
 127061 23018    34148.0000    79    34230.0000    33784.0000  6864601    1.30%
 127157 23019    34116.0000    72    34230.0000    33784.0000  6868204    1.30%
 127220 23022    34116.0000    78    34230.0000    33784.0000  6870708    1.30%
 127308 23020    33950.0000   170    34230.0000    33784.0000  6873627    1.30%
 127379 23032    34148.0000    64    34230.0000    33784.0000  6876210    1.30%
 127464 23041    34148.0000    21    34230.0000    33784.0000  6879477    1.30%
Elapsed time = 42788.82 sec. (34261013.13 ticks, tree = 209.43 MB, solutions = 9)
 127553 23045    34016.0000    34    34230.0000    33784.0000  6882436    1.30%
 127641 23044    33982.0000    64    34230.0000    33784.0000  6885288    1.30%
 127681 23044        cutoff          34230.0000    33784.0000  6887003    1.30%
 127741 23049    34116.0000    81    34230.0000    33784.0000  6889292    1.30%
 127804 23050    33950.0000    80    34230.0000    33784.0000  6892086    1.30%
 127870 23042    33916.0000    65    34230.0000    33784.0000  6895212    1.30%
 127942 23052        cutoff          34230.0000    33784.0000  6897707    1.30%
 127996 23051    33916.0000   125    34230.0000    33784.0000  6899871    1.30%
 128035 23053    infeasible          34230.0000    33784.0000  6901649    1.30%
 128101 23057    33784.0000    63    34230.0000    33784.0000  6904377    1.30%
Elapsed time = 42972.75 sec. (34417429.71 ticks, tree = 209.61 MB, solutions = 9)
 128163 23052        cutoff          34230.0000    33784.0000  6907083    1.30%
 128223 23061    34182.0000   130    34230.0000    33784.0000  6909441    1.30%
 128289 23056        cutoff          34230.0000    33784.0000  6911745    1.30%
 128388 23060        cutoff          34230.0000    33784.0000  6915553    1.30%
 128448 23064        cutoff          34230.0000    33784.0000  6917531    1.30%
 128526 23065    33916.0000    71    34230.0000    33784.0000  6920244    1.30%
 128586 23072    34048.0000   117    34230.0000    33784.0000  6922588    1.30%
 128671 23079    34082.1400    66    34230.0000    33784.0000  6925047    1.30%
 128740 23087    34148.0000    68    34230.0000    33784.0000  6927144    1.30%
 128814 23088    33950.0000    62    34230.0000    33784.0000  6929774    1.30%
Elapsed time = 43154.69 sec. (34573119.45 ticks, tree = 209.92 MB, solutions = 9)
 128878 23084        cutoff          34230.0000    33784.0000  6932716    1.30%
 128926 23089    33984.0000    57    34230.0000    33784.0000  6934619    1.30%

GUB cover cuts applied:  12
Clique cuts applied:  74
Cover cuts applied:  1313
Implied bound cuts applied:  6
Flow cuts applied:  125
Mixed integer rounding cuts applied:  182
Gomory fractional cuts applied:  1

Root node processing (before b&c):
  Real time             =  192.73 sec. (106043.60 ticks)
Sequential b&c:
  Real time             = 43007.39 sec. (34509118.34 ticks)
                          ------------
Total (root+branch&cut) = 43200.12 sec. (34615161.94 ticks)
Feasible

>> Printing some results...
    -> Solution value = 34230 - 09:30:30
    -> Total time = 43200.12
    -> Gap value = 0.01

=============
Train 0
=============
> Trip 0
   23(time 7868 - 02:11:08)(time 8229 - 02:17:09) ->    22(time 8268 - 02:17:48)(time 8601 - 02:23:21) ->    21(time 8717 - 02:25:17)(time 9108 - 02:31:48) ->    20(time 9224 - 02:33:44)(time 9554 - 02:39:14) ->    19(time 9670 - 02:41:10)(time 10059 - 02:47:39) ->    18(time 10175 - 02:49:35)(time 10550 - 02:55:50) ->    17(time 10666 - 02:57:46)(time 11035 - 03:03:55) ->    16(time 11151 - 03:05:51)(time 11518 - 03:11:58) ->    15(time 11634 - 03:13:54)(time 12013 - 03:20:13) ->    14(time 12052 - 03:20:52)(time 12385 - 03:26:25) ->    13(time 12501 - 03:28:21)(time 12884 - 03:34:44) ->    12(time 13050 - 03:37:30)(time 13050 - 03:37:30) ->    0(time 13050 - 03:37:30)(time 13433 - 03:43:53) ->    1(time 13549 - 03:45:49)(time 13882 - 03:51:22) ->    2(time 14021 - 03:53:41)(time 14400 - 04:00:00) ->    3(time 14516 - 04:01:56)(time 14883 - 04:08:03) ->    4(time 14999 - 04:09:59)(time 15368 - 04:16:08) ->    5(time 15484 - 04:18:04)(time 15859 - 04:24:19) ->    6(time 15975 - 04:26:15)(time 16364 - 04:32:44) ->    7(time 16480 - 04:34:40)(time 16810 - 04:40:10) ->    8(time 16926 - 04:42:06)(time 17317 - 04:48:37) ->    9(time 17581 - 04:53:01)(time 17914 - 04:58:34) ->    10(time 17953 - 04:59:13)(time 18314 - 05:05:14) ->    11(time 18480 - 05:08:00)(time 18480 - 05:08:00) -> 23
> Trip 1
   23(time 18480 - 05:08:00)(time 18841 - 05:14:01) ->    22(time 18880 - 05:14:40)(time 19213 - 05:20:13) ->    21(time 19379 - 05:22:59)(time 19770 - 05:29:30) ->    20(time 19886 - 05:31:26)(time 20216 - 05:36:56) ->    19(time 20332 - 05:38:52)(time 20721 - 05:45:21) ->    18(time 20837 - 05:47:17)(time 21212 - 05:53:32) ->    17(time 21328 - 05:55:28)(time 21697 - 06:01:37) ->    16(time 21813 - 06:03:33)(time 22180 - 06:09:40) ->    15(time 22296 - 06:11:36)(time 22675 - 06:17:55) ->    14(time 22714 - 06:18:34)(time 23047 - 06:24:07) ->    13(time 23163 - 06:26:03)(time 23546 - 06:32:26) ->    12(time 23712 - 06:35:12)(time 23712 - 06:35:12) ->    0(time 23712 - 06:35:12)(time 24095 - 06:41:35) ->    1(time 24211 - 06:43:31)(time 24544 - 06:49:04) ->    2(time 24660 - 06:51:00)(time 25039 - 06:57:19) ->    3(time 25155 - 06:59:15)(time 25522 - 07:05:22) ->    4(time 25638 - 07:07:18)(time 26007 - 07:13:27) ->    5(time 26123 - 07:15:23)(time 26498 - 07:21:38) ->    6(time 26614 - 07:23:34)(time 27003 - 07:30:03) ->    7(time 27168 - 07:32:48)(time 27498 - 07:38:18) ->    8(time 27614 - 07:40:14)(time 28005 - 07:46:45) ->    9(time 28121 - 07:48:41)(time 28454 - 07:54:14) ->    10(time 28493 - 07:54:53)(time 28854 - 08:00:54) ->    11(time 29020 - 08:03:40)(time 29020 - 08:03:40) -> 23
> Trip 2
   23(time 30856 - 08:34:16)(time 31217 - 08:40:17) ->    22(time 31256 - 08:40:56)(time 31589 - 08:46:29) ->    21(time 31705 - 08:48:25)(time 32096 - 08:54:56) ->    20(time 32212 - 08:56:52)(time 32542 - 09:02:22) ->    19(time 32658 - 09:04:18)(time 33047 - 09:10:47) ->    18(time 33163 - 09:12:43)(time 33538 - 09:18:58) ->    17(time 33654 - 09:20:54)(time 34023 - 09:27:03) ->    16(time 34139 - 09:28:59)(time 34506 - 09:35:06) ->    15(time 34622 - 09:37:02)(time 35001 - 09:43:21) ->    14(time 35040 - 09:44:00)(time 35373 - 09:49:33) ->    13(time 35489 - 09:51:29)(time 35872 - 09:57:52) ->    12(time 36038 - 10:00:38)(time 36038 - 10:00:38) ->    0(time 36204 - 10:03:24)(time 36587 - 10:09:47) ->    1(time 36703 - 10:11:43)(time 37036 - 10:17:16) ->    2(time 37075 - 10:17:55)(time 37454 - 10:24:14) ->    3(time 37570 - 10:26:10)(time 37937 - 10:32:17) ->    4(time 38053 - 10:34:13)(time 38422 - 10:40:22) ->    5(time 38538 - 10:42:18)(time 38913 - 10:48:33) ->    6(time 39029 - 10:50:29)(time 39418 - 10:56:58) ->    7(time 39534 - 10:58:54)(time 39864 - 11:04:24) ->    8(time 39980 - 11:06:20)(time 40371 - 11:12:51) ->    9(time 40487 - 11:14:47)(time 40820 - 11:20:20) ->    10(time 40859 - 11:20:59)(time 41220 - 11:27:00) ->    11(time 41386 - 11:29:46)(time 41386 - 11:29:46) -> 23
> Trip 3
   23(time 41584 - 11:33:04)(time 41945 - 11:39:05) ->    22(time 41984 - 11:39:44)(time 42317 - 11:45:17) ->    21(time 42433 - 11:47:13)(time 42824 - 11:53:44) ->    20(time 42940 - 11:55:40)(time 43270 - 12:01:10) ->    19(time 43386 - 12:03:06)(time 43775 - 12:09:35) ->    18(time 43891 - 12:11:31)(time 44266 - 12:17:46) ->    17(time 44382 - 12:19:42)(time 44751 - 12:25:51) ->    16(time 44867 - 12:27:47)(time 45234 - 12:33:54) ->    15(time 45350 - 12:35:50)(time 45729 - 12:42:09) ->    14(time 45768 - 12:42:48)(time 46101 - 12:48:21) ->    13(time 46217 - 12:50:17)(time 46600 - 12:56:40) ->    12(time 46766 - 12:59:26)(time 46766 - 12:59:26) ->    0(time 46932 - 13:02:12)(time 47315 - 13:08:35) ->    1(time 47431 - 13:10:31)(time 47764 - 13:16:04) ->    2(time 47803 - 13:16:43)(time 48182 - 13:23:02) ->    3(time 48298 - 13:24:58)(time 48665 - 13:31:05) ->    4(time 48781 - 13:33:01)(time 49150 - 13:39:10) ->    5(time 49266 - 13:41:06)(time 49641 - 13:47:21) ->    6(time 49757 - 13:49:17)(time 50146 - 13:55:46) ->    7(time 50262 - 13:57:42)(time 50592 - 14:03:12) ->    8(time 50708 - 14:05:08)(time 51099 - 14:11:39) ->    9(time 51215 - 14:13:35)(time 51548 - 14:19:08) ->    10(time 51587 - 14:19:47)(time 51948 - 14:25:48) ->    11(time 52114 - 14:28:34)(time 52114 - 14:28:34) -> 23
=============
Train 1
=============
> Trip 0
   23(time 9737 - 02:42:17)(time 10098 - 02:48:18) ->    22(time 10137 - 02:48:57)(time 10470 - 02:54:30) ->    21(time 10586 - 02:56:26)(time 10977 - 03:02:57) ->    20(time 11093 - 03:04:53)(time 11423 - 03:10:23) ->    19(time 11539 - 03:12:19)(time 11928 - 03:18:48) ->    18(time 12044 - 03:20:44)(time 12419 - 03:26:59) ->    17(time 12535 - 03:28:55)(time 12904 - 03:35:04) ->    16(time 13020 - 03:37:00)(time 13387 - 03:43:07) ->    15(time 13503 - 03:45:03)(time 13882 - 03:51:22) ->    14(time 14048 - 03:54:08)(time 14381 - 03:59:41) ->    13(time 14497 - 04:01:37)(time 14880 - 04:08:00) ->    12(time 15046 - 04:10:46)(time 15046 - 04:10:46) ->    0(time 15046 - 04:10:46)(time 15429 - 04:17:09) ->    1(time 15545 - 04:19:05)(time 15878 - 04:24:38) ->    2(time 15917 - 04:25:17)(time 16296 - 04:31:36) ->    3(time 16412 - 04:33:32)(time 16779 - 04:39:39) ->    4(time 16895 - 04:41:35)(time 17264 - 04:47:44) ->    5(time 17380 - 04:49:40)(time 17755 - 04:55:55) ->    6(time 17871 - 04:57:51)(time 18260 - 05:04:20) ->    7(time 18376 - 05:06:16)(time 18706 - 05:11:46) ->    8(time 18822 - 05:13:42)(time 19213 - 05:20:13) ->    9(time 19329 - 05:22:09)(time 19662 - 05:27:42) ->    10(time 19751 - 05:29:11)(time 20112 - 05:35:12) ->    11(time 20278 - 05:37:58)(time 20278 - 05:37:58) -> 23
> Trip 1
   23(time 20278 - 05:37:58)(time 20639 - 05:43:59) ->    22(time 20678 - 05:44:38)(time 21011 - 05:50:11) ->    21(time 21127 - 05:52:07)(time 21518 - 05:58:38) ->    20(time 21634 - 06:00:34)(time 21964 - 06:06:04) ->    19(time 22080 - 06:08:00)(time 22469 - 06:14:29) ->    18(time 22585 - 06:16:25)(time 22960 - 06:22:40) ->    17(time 23197 - 06:26:37)(time 23566 - 06:32:46) ->    16(time 23682 - 06:34:42)(time 24049 - 06:40:49) ->    15(time 24165 - 06:42:45)(time 24544 - 06:49:04) ->    14(time 24660 - 06:51:00)(time 24993 - 06:56:33) ->    13(time 25159 - 06:59:19)(time 25542 - 07:05:42) ->    12(time 25708 - 07:08:28)(time 25708 - 07:08:28) ->    0(time 25708 - 07:08:28)(time 26091 - 07:14:51) ->    1(time 26207 - 07:16:47)(time 26540 - 07:22:20) ->    2(time 26579 - 07:22:59)(time 26958 - 07:29:18) ->    3(time 27074 - 07:31:14)(time 27441 - 07:37:21) ->    4(time 27557 - 07:39:17)(time 27926 - 07:45:26) ->    5(time 28042 - 07:47:22)(time 28417 - 07:53:37) ->    6(time 28533 - 07:55:33)(time 28922 - 08:02:02) ->    7(time 29038 - 08:03:58)(time 29368 - 08:09:28) ->    8(time 29484 - 08:11:24)(time 29875 - 08:17:55) ->    9(time 29991 - 08:19:51)(time 30324 - 08:25:24) ->    10(time 30363 - 08:26:03)(time 30724 - 08:32:04) ->    11(time 30890 - 08:34:50)(time 30890 - 08:34:50) -> 23
> Trip 2
   23(time 31138 - 08:38:58)(time 31499 - 08:44:59) ->    22(time 31538 - 08:45:38)(time 31871 - 08:51:11) ->    21(time 31987 - 08:53:07)(time 32378 - 08:59:38) ->    20(time 32494 - 09:01:34)(time 32824 - 09:07:04) ->    19(time 32940 - 09:09:00)(time 33329 - 09:15:29) ->    18(time 33445 - 09:17:25)(time 33820 - 09:23:40) ->    17(time 33936 - 09:25:36)(time 34305 - 09:31:45) ->    16(time 34421 - 09:33:41)(time 34788 - 09:39:48) ->    15(time 34904 - 09:41:44)(time 35283 - 09:48:03) ->    14(time 35372 - 09:49:32)(time 35705 - 09:55:05) ->    13(time 35821 - 09:57:01)(time 36204 - 10:03:24) ->    12(time 36436 - 10:07:16)(time 36436 - 10:07:16) ->    0(time 36436 - 10:07:16)(time 36819 - 10:13:39) ->    1(time 36935 - 10:15:35)(time 37268 - 10:21:08) ->    2(time 37307 - 10:21:47)(time 37686 - 10:28:06) ->    3(time 37802 - 10:30:02)(time 38169 - 10:36:09) ->    4(time 38285 - 10:38:05)(time 38654 - 10:44:14) ->    5(time 38770 - 10:46:10)(time 39145 - 10:52:25) ->    6(time 39261 - 10:54:21)(time 39650 - 11:00:50) ->    7(time 39766 - 11:02:46)(time 40096 - 11:08:16) ->    8(time 40212 - 11:10:12)(time 40603 - 11:16:43) ->    9(time 40819 - 11:20:19)(time 41152 - 11:25:52) ->    10(time 41191 - 11:26:31)(time 41552 - 11:32:32) ->    11(time 41718 - 11:35:18)(time 41718 - 11:35:18) -> 23
> Trip 3
   23(time 41750 - 11:35:50)(time 42111 - 11:41:51) ->    22(time 42150 - 11:42:30)(time 42483 - 11:48:03) ->    21(time 42599 - 11:49:59)(time 42990 - 11:56:30) ->    20(time 43106 - 11:58:26)(time 43436 - 12:03:56) ->    19(time 43552 - 12:05:52)(time 43941 - 12:12:21) ->    18(time 44057 - 12:14:17)(time 44432 - 12:20:32) ->    17(time 44548 - 12:22:28)(time 44917 - 12:28:37) ->    16(time 45033 - 12:30:33)(time 45400 - 12:36:40) ->    15(time 45516 - 12:38:36)(time 45895 - 12:44:55) ->    14(time 45934 - 12:45:34)(time 46267 - 12:51:07) ->    13(time 46383 - 12:53:03)(time 46766 - 12:59:26) ->    12(time 46932 - 13:02:12)(time 46932 - 13:02:12) ->    0(time 47048 - 13:04:08)(time 47431 - 13:10:31) ->    1(time 47547 - 13:12:27)(time 47880 - 13:18:00) ->    2(time 47919 - 13:18:39)(time 48298 - 13:24:58) ->    3(time 48414 - 13:26:54)(time 48781 - 13:33:01) ->    4(time 48897 - 13:34:57)(time 49266 - 13:41:06) ->    5(time 49382 - 13:43:02)(time 49757 - 13:49:17) ->    6(time 49873 - 13:51:13)(time 50262 - 13:57:42) ->    7(time 50378 - 13:59:38)(time 50708 - 14:05:08) ->    8(time 50824 - 14:07:04)(time 51215 - 14:13:35) ->    9(time 51381 - 14:16:21)(time 51714 - 14:21:54) ->    10(time 51753 - 14:22:33)(time 52114 - 14:28:34) ->    11(time 52280 - 14:31:20)(time 52280 - 14:31:20) -> 23
=============
Train 2
=============
> Trip 0
   23(time 9621 - 02:40:21)(time 9982 - 02:46:22) ->    22(time 10021 - 02:47:01)(time 10354 - 02:52:34) ->    21(time 10470 - 02:54:30)(time 10861 - 03:01:01) ->    20(time 10977 - 03:02:57)(time 11307 - 03:08:27) ->    19(time 11423 - 03:10:23)(time 11812 - 03:16:52) ->    18(time 11928 - 03:18:48)(time 12303 - 03:25:03) ->    17(time 12419 - 03:26:59)(time 12788 - 03:33:08) ->    16(time 12904 - 03:35:04)(time 13271 - 03:41:11) ->    15(time 13387 - 03:43:07)(time 13766 - 03:49:26) ->    14(time 13882 - 03:51:22)(time 14215 - 03:56:55) ->    13(time 14331 - 03:58:51)(time 14714 - 04:05:14) ->    12(time 14880 - 04:08:00)(time 14880 - 04:08:00) ->    0(time 14880 - 04:08:00)(time 15263 - 04:14:23) ->    1(time 15379 - 04:16:19)(time 15712 - 04:21:52) ->    2(time 15751 - 04:22:31)(time 16130 - 04:28:50) ->    3(time 16246 - 04:30:46)(time 16613 - 04:36:53) ->    4(time 16729 - 04:38:49)(time 17098 - 04:44:58) ->    5(time 17214 - 04:46:54)(time 17589 - 04:53:09) ->    6(time 17705 - 04:55:05)(time 18094 - 05:01:34) ->    7(time 18210 - 05:03:30)(time 18540 - 05:09:00) ->    8(time 18656 - 05:10:56)(time 19047 - 05:17:27) ->    9(time 19213 - 05:20:13)(time 19546 - 05:25:46) ->    10(time 19585 - 05:26:25)(time 19946 - 05:32:26) ->    11(time 20112 - 05:35:12)(time 20112 - 05:35:12) -> 23
> Trip 1
   23(time 20112 - 05:35:12)(time 20473 - 05:41:13) ->    22(time 20512 - 05:41:52)(time 20845 - 05:47:25) ->    21(time 20961 - 05:49:21)(time 21352 - 05:55:52) ->    20(time 21468 - 05:57:48)(time 21798 - 06:03:18) ->    19(time 21914 - 06:05:14)(time 22303 - 06:11:43) ->    18(time 22419 - 06:13:39)(time 22794 - 06:19:54) ->    17(time 22910 - 06:21:50)(time 23279 - 06:27:59) ->    16(time 23395 - 06:29:55)(time 23762 - 06:36:02) ->    15(time 23878 - 06:37:58)(time 24257 - 06:44:17) ->    14(time 24544 - 06:49:04)(time 24877 - 06:54:37) ->    13(time 24993 - 06:56:33)(time 25376 - 07:02:56) ->    12(time 25542 - 07:05:42)(time 25542 - 07:05:42) ->    0(time 25542 - 07:05:42)(time 25925 - 07:12:05) ->    1(time 26041 - 07:14:01)(time 26374 - 07:19:34) ->    2(time 26413 - 07:20:13)(time 26792 - 07:26:32) ->    3(time 26908 - 07:28:28)(time 27275 - 07:34:35) ->    4(time 27391 - 07:36:31)(time 27760 - 07:42:40) ->    5(time 27876 - 07:44:36)(time 28251 - 07:50:51) ->    6(time 28367 - 07:52:47)(time 28756 - 07:59:16) ->    7(time 28872 - 08:01:12)(time 29202 - 08:06:42) ->    8(time 29318 - 08:08:38)(time 29709 - 08:15:09) ->    9(time 29825 - 08:17:05)(time 30158 - 08:22:38) ->    10(time 30197 - 08:23:17)(time 30558 - 08:29:18) ->    11(time 30724 - 08:32:04)(time 30724 - 08:32:04) -> 23
> Trip 2
   23(time 31022 - 08:37:02)(time 31383 - 08:43:03) ->    22(time 31422 - 08:43:42)(time 31755 - 08:49:15) ->    21(time 31871 - 08:51:11)(time 32262 - 08:57:42) ->    20(time 32378 - 08:59:38)(time 32708 - 09:05:08) ->    19(time 32824 - 09:07:04)(time 33213 - 09:13:33) ->    18(time 33329 - 09:15:29)(time 33704 - 09:21:44) ->    17(time 33820 - 09:23:40)(time 34189 - 09:29:49) ->    16(time 34305 - 09:31:45)(time 34672 - 09:37:52) ->    15(time 34788 - 09:39:48)(time 35167 - 09:46:07) ->    14(time 35206 - 09:46:46)(time 35539 - 09:52:19) ->    13(time 35655 - 09:54:15)(time 36038 - 10:00:38) ->    12(time 36204 - 10:03:24)(time 36204 - 10:03:24) ->    0(time 36320 - 10:05:20)(time 36703 - 10:11:43) ->    1(time 36819 - 10:13:39)(time 37152 - 10:19:12) ->    2(time 37191 - 10:19:51)(time 37570 - 10:26:10) ->    3(time 37686 - 10:28:06)(time 38053 - 10:34:13) ->    4(time 38169 - 10:36:09)(time 38538 - 10:42:18) ->    5(time 38654 - 10:44:14)(time 39029 - 10:50:29) ->    6(time 39145 - 10:52:25)(time 39534 - 10:58:54) ->    7(time 39650 - 11:00:50)(time 39980 - 11:06:20) ->    8(time 40096 - 11:08:16)(time 40487 - 11:14:47) ->    9(time 40603 - 11:16:43)(time 40936 - 11:22:16) ->    10(time 41025 - 11:23:45)(time 41386 - 11:29:46) ->    11(time 41552 - 11:32:32)(time 41552 - 11:32:32) -> 23
> Trip 3
   23(time 41866 - 11:37:46)(time 42227 - 11:43:47) ->    22(time 42266 - 11:44:26)(time 42599 - 11:49:59) ->    21(time 42715 - 11:51:55)(time 43106 - 11:58:26) ->    20(time 43222 - 12:00:22)(time 43552 - 12:05:52) ->    19(time 43668 - 12:07:48)(time 44057 - 12:14:17) ->    18(time 44173 - 12:16:13)(time 44548 - 12:22:28) ->    17(time 44664 - 12:24:24)(time 45033 - 12:30:33) ->    16(time 45149 - 12:32:29)(time 45516 - 12:38:36) ->    15(time 45632 - 12:40:32)(time 46011 - 12:46:51) ->    14(time 46100 - 12:48:20)(time 46433 - 12:53:53) ->    13(time 46549 - 12:55:49)(time 46932 - 13:02:12) ->    12(time 47114 - 13:05:14)(time 47114 - 13:05:14) ->    0(time 47164 - 13:06:04)(time 47547 - 13:12:27) ->    1(time 47663 - 13:14:23)(time 47996 - 13:19:56) ->    2(time 48035 - 13:20:35)(time 48414 - 13:26:54) ->    3(time 48530 - 13:28:50)(time 48897 - 13:34:57) ->    4(time 49013 - 13:36:53)(time 49382 - 13:43:02) ->    5(time 49498 - 13:44:58)(time 49873 - 13:51:13) ->    6(time 50089 - 13:54:49)(time 50478 - 14:01:18) ->    7(time 50594 - 14:03:14)(time 50924 - 14:08:44) ->    8(time 51040 - 14:10:40)(time 51431 - 14:17:11) ->    9(time 51547 - 14:19:07)(time 51880 - 14:24:40) ->    10(time 51919 - 14:25:19)(time 52280 - 14:31:20) ->    11(time 52446 - 14:34:06)(time 52446 - 14:34:06) -> 23
=============
Train 3
=============
> Trip 0
   23(time 7702 - 02:08:22)(time 8063 - 02:14:23) ->    22(time 8102 - 02:15:02)(time 8435 - 02:20:35) ->    21(time 8551 - 02:22:31)(time 8942 - 02:29:02) ->    20(time 9058 - 02:30:58)(time 9388 - 02:36:28) ->    19(time 9504 - 02:38:24)(time 9893 - 02:44:53) ->    18(time 10009 - 02:46:49)(time 10384 - 02:53:04) ->    17(time 10500 - 02:55:00)(time 10869 - 03:01:09) ->    16(time 10985 - 03:03:05)(time 11352 - 03:09:12) ->    15(time 11468 - 03:11:08)(time 11847 - 03:17:27) ->    14(time 11886 - 03:18:06)(time 12219 - 03:23:39) ->    13(time 12335 - 03:25:35)(time 12718 - 03:31:58) ->    12(time 12884 - 03:34:44)(time 12884 - 03:34:44) ->    0(time 12934 - 03:35:34)(time 13317 - 03:41:57) ->    1(time 13433 - 03:43:53)(time 13766 - 03:49:26) ->    2(time 13882 - 03:51:22)(time 14261 - 03:57:41) ->    3(time 14400 - 04:00:00)(time 14767 - 04:06:07) ->    4(time 14883 - 04:08:03)(time 15252 - 04:14:12) ->    5(time 15368 - 04:16:08)(time 15743 - 04:22:23) ->    6(time 15859 - 04:24:19)(time 16248 - 04:30:48) ->    7(time 16364 - 04:32:44)(time 16694 - 04:38:14) ->    8(time 16810 - 04:40:10)(time 17201 - 04:46:41) ->    9(time 17317 - 04:48:37)(time 17650 - 04:54:10) ->    10(time 17689 - 04:54:49)(time 18050 - 05:00:50) ->    11(time 18216 - 05:03:36)(time 18216 - 05:03:36) -> 23
> Trip 1
   23(time 18364 - 05:06:04)(time 18725 - 05:12:05) ->    22(time 18764 - 05:12:44)(time 19097 - 05:18:17) ->    21(time 19213 - 05:20:13)(time 19604 - 05:26:44) ->    20(time 19720 - 05:28:40)(time 20050 - 05:34:10) ->    19(time 20166 - 05:36:06)(time 20555 - 05:42:35) ->    18(time 20671 - 05:44:31)(time 21046 - 05:50:46) ->    17(time 21162 - 05:52:42)(time 21531 - 05:58:51) ->    16(time 21647 - 06:00:47)(time 22014 - 06:06:54) ->    15(time 22130 - 06:08:50)(time 22509 - 06:15:09) ->    14(time 22548 - 06:15:48)(time 22881 - 06:21:21) ->    13(time 22997 - 06:23:17)(time 23380 - 06:29:40) ->    12(time 23546 - 06:32:26)(time 23546 - 06:32:26) ->    0(time 23546 - 06:32:26)(time 23929 - 06:38:49) ->    1(time 24045 - 06:40:45)(time 24378 - 06:46:18) ->    2(time 24544 - 06:49:04)(time 24923 - 06:55:23) ->    3(time 25039 - 06:57:19)(time 25406 - 07:03:26) ->    4(time 25522 - 07:05:22)(time 25891 - 07:11:31) ->    5(time 26007 - 07:13:27)(time 26382 - 07:19:42) ->    6(time 26498 - 07:21:38)(time 26887 - 07:28:07) ->    7(time 27003 - 07:30:03)(time 27333 - 07:35:33) ->    8(time 27449 - 07:37:29)(time 27840 - 07:44:00) ->    9(time 27956 - 07:45:56)(time 28289 - 07:51:29) ->    10(time 28328 - 07:52:08)(time 28689 - 07:58:09) ->    11(time 28855 - 08:00:55)(time 28855 - 08:00:55) -> 23
> Trip 2
   23(time 29026 - 08:03:46)(time 29387 - 08:09:47) ->    22(time 29426 - 08:10:26)(time 29759 - 08:15:59) ->    21(time 29875 - 08:17:55)(time 30266 - 08:24:26) ->    20(time 30382 - 08:26:22)(time 30712 - 08:31:52) ->    19(time 30828 - 08:33:48)(time 31217 - 08:40:17) ->    18(time 31333 - 08:42:13)(time 31708 - 08:48:28) ->    17(time 31824 - 08:50:24)(time 32193 - 08:56:33) ->    16(time 32309 - 08:58:29)(time 32676 - 09:04:36) ->    15(time 32792 - 09:06:32)(time 33171 - 09:12:51) ->    14(time 33210 - 09:13:30)(time 33543 - 09:19:03) ->    13(time 33659 - 09:20:59)(time 34042 - 09:27:22) ->    12(time 34208 - 09:30:08)(time 34208 - 09:30:08) ->    0(time 34208 - 09:30:08)(time 34591 - 09:36:31) ->    1(time 34707 - 09:38:27)(time 35040 - 09:44:00) ->    2(time 35283 - 09:48:03)(time 35662 - 09:54:22) ->    3(time 35778 - 09:56:18)(time 36145 - 10:02:25) ->    4(time 36261 - 10:04:21)(time 36630 - 10:10:30) ->    5(time 36746 - 10:12:26)(time 37121 - 10:18:41) ->    6(time 37237 - 10:20:37)(time 37626 - 10:27:06) ->    7(time 37742 - 10:29:02)(time 38072 - 10:34:32) ->    8(time 38188 - 10:36:28)(time 38579 - 10:42:59) ->    9(time 38695 - 10:44:55)(time 39028 - 10:50:28) ->    10(time 39067 - 10:51:07)(time 39428 - 10:57:08) ->    11(time 39594 - 10:59:54)(time 39594 - 10:59:54) -> 23
> Trip 3
   23(time 39754 - 11:02:34)(time 40115 - 11:08:35) ->    22(time 40154 - 11:09:14)(time 40487 - 11:14:47) ->    21(time 40603 - 11:16:43)(time 40994 - 11:23:14) ->    20(time 41110 - 11:25:10)(time 41440 - 11:30:40) ->    19(time 41556 - 11:32:36)(time 41945 - 11:39:05) ->    18(time 42061 - 11:41:01)(time 42436 - 11:47:16) ->    17(time 42552 - 11:49:12)(time 42921 - 11:55:21) ->    16(time 43037 - 11:57:17)(time 43404 - 12:03:24) ->    15(time 43520 - 12:05:20)(time 43899 - 12:11:39) ->    14(time 43938 - 12:12:18)(time 44271 - 12:17:51) ->    13(time 44387 - 12:19:47)(time 44770 - 12:26:10) ->    12(time 44936 - 12:28:56)(time 44936 - 12:28:56) ->    0(time 44936 - 12:28:56)(time 45319 - 12:35:19) ->    1(time 45435 - 12:37:15)(time 45768 - 12:42:48) ->    2(time 46011 - 12:46:51)(time 46390 - 12:53:10) ->    3(time 46506 - 12:55:06)(time 46873 - 13:01:13) ->    4(time 46989 - 13:03:09)(time 47358 - 13:09:18) ->    5(time 47474 - 13:11:14)(time 47849 - 13:17:29) ->    6(time 47965 - 13:19:25)(time 48354 - 13:25:54) ->    7(time 48470 - 13:27:50)(time 48800 - 13:33:20) ->    8(time 48916 - 13:35:16)(time 49307 - 13:41:47) ->    9(time 49423 - 13:43:43)(time 49756 - 13:49:16) ->    10(time 49795 - 13:49:55)(time 50156 - 13:55:56) ->    11(time 50322 - 13:58:42)(time 50322 - 13:58:42) -> 23
----- t4p13r8h1.txt-model.log -----
  30777 14915    infeasible          37740.0000    27551.9968 15291149   27.00%
Elapsed time = 18971.12 sec. (17822436.97 ticks, tree = 2972.01 MB, solutions = 5)
Nodefile size = 924.64 MB (818.48 MB after compression)
  31008 15039    36568.0000   116    37740.0000    27556.0000 15331271   26.98%
  31106 15089    29286.0000   554    37740.0000    27556.0000 15375350   26.98%
  31167 15117    27892.0000  3257    37740.0000    27556.0000 15435776   26.98%
  31190 15119    30600.0000   426    37740.0000    27556.0000 15465195   26.98%
  31268 15170    37316.0000  1517    37740.0000    27556.0000 15533990   26.98%
  31272 15167    36768.2705  2559    37740.0000    27556.0000 15553683   26.98%
  31290 15174    infeasible          37740.0000    27556.0000 15592461   26.98%
  31295 15169    infeasible          37740.0000    27556.2910 15608441   26.98%
  31374 15216    27556.2910  2977    37740.0000    27556.2910 15652374   26.98%
  31416 15236    27768.0000  3082    37740.0000    27556.2910 15699836   26.98%
Elapsed time = 19166.81 sec. (18027023.30 ticks, tree = 2969.38 MB, solutions = 5)
Nodefile size = 924.64 MB (818.48 MB after compression)
  31419 15237    30328.0000  3005    37740.0000    27556.2910 15712865   26.98%
  31499 15280    28404.6007  1055    37740.0000    27556.4772 15749909   26.98%
  31745 15393    28067.9991  1381    37740.0000    27579.9998 15807946   26.92%
  31910 15492    37280.3879   845    37740.0000    27580.0000 15832812   26.92%
  32068 15599    infeasible          37740.0000    27580.0000 15872203   26.92%
  32209 15682    infeasible          37740.0000    27580.0000 15907639   26.92%
  32299 15723    30600.0000   516    37740.0000    27580.0000 15937366   26.92%
  32536 15867    34608.0000   205    37740.0000    27580.0000 15988488   26.92%
  32701 15955    27704.0000  1625    37740.0000    27580.0000 16011679   26.92%
  33085 16188    infeasible          37740.0000    27580.0000 16050642   26.92%
Elapsed time = 19364.81 sec. (18234685.58 ticks, tree = 2976.74 MB, solutions = 5)
Nodefile size = 928.79 MB (821.71 MB after compression)
  33129 16211    30176.0000   198    37740.0000    27580.0000 16055911   26.92%
  33440 16409    27580.0000  2420    37740.0000    27580.0000 16098833   26.92%
  33485 16439    infeasible          37740.0000    27580.0000 16110944   26.92%
  33662 16550    infeasible          37740.0000    27580.0000 16161290   26.92%
  33728 16583    28040.0000   739    37740.0000    27580.0000 16184827   26.92%
  33930 16701    27580.0000  2781    37740.0000    27580.0000 16229026   26.92%
  33990 16743    30600.0000   403    37740.0000    27580.0000 16243877   26.92%
  34139 16823    27580.0000  2788    37740.0000    27580.0000 16285918   26.92%
  34173 16842    infeasible          37740.0000    27580.0000 16302806   26.92%
  34391 16937    infeasible          37740.0000    27580.0000 16353872   26.92%
Elapsed time = 19543.30 sec. (18418411.68 ticks, tree = 2985.41 MB, solutions = 5)
Nodefile size = 938.59 MB (829.11 MB after compression)
  34408 16944    31024.0000   563    37740.0000    27580.0000 16367931   26.92%
  34641 17096    27792.0000  2357    37740.0000    27580.0000 16414369   26.92%
  34737 17132        cutoff          37740.0000    27580.2654 16440076   26.92%
  34795 17151    28040.0000   331    37740.0000    27588.0000 16472225   26.90%
  34963 17236    32296.0000   146    37740.0000    27616.0000 16533487   26.83%
  35022 17274    27828.0000  1477    37740.0000    27616.0000 16541137   26.83%
  35104 17321    30900.0000   333    37740.0000    27616.0000 16601420   26.83%
  35172 17359    27616.0000  1612    37740.0000    27616.0000 16620890   26.83%
  35653 17607    36656.0000    64    37740.0000    27616.0000 16656525   26.83%
  35727 17645    27828.0000  1595    37740.0000    27616.0000 16664843   26.83%
Elapsed time = 19726.67 sec. (18609510.77 ticks, tree = 2987.24 MB, solutions = 5)
Nodefile size = 939.29 MB (829.67 MB after compression)
  36040 17812    31448.0000   181    37740.0000    27616.0000 16714204   26.83%
  36168 17878    30175.9999   229    37740.0000    27616.0000 16736659   26.83%
  36369 17986    36256.0000  2346    37740.0000    27616.0000 16798705   26.83%
  36425 18008    30600.0000   898    37740.0000    27616.0000 16834735   26.83%
  36524 18055    infeasible          37740.0000    27616.0000 16870766   26.83%
  36603 18099    36892.0000  1315    37740.0000    27616.0000 16915030   26.83%
  36626 18112    infeasible          37740.0000    27616.0000 16933209   26.83%
  36812 18179    infeasible          37740.0000    27616.0000 17007817   26.83%
  36889 18216    37380.0000  1331    37740.0000    27616.0000 17082547   26.83%
  36930 18229    30476.0000  1803    37740.0000    27616.0000 17107503   26.83%
Elapsed time = 19919.48 sec. (18806892.29 ticks, tree = 2994.24 MB, solutions = 5)
Nodefile size = 946.99 MB (835.53 MB after compression)
  37008 18265    30600.0000   586    37740.0000    27616.0000 17142450   26.83%
  37223 18390    31872.0000   177    37740.0000    27616.0000 17195616   26.83%
  37243 18402    28040.0000  1030    37740.0000    27616.0000 17198237   26.83%
  37489 18565    37316.0000   594    37740.0000    27616.0000 17256270   26.83%
  37498 18558    30388.0000   163    37740.0000    27616.0000 17270225   26.83%
  37778 18729    27828.0000  1839    37740.0000    27616.0000 17327394   26.83%
  37781 18732    31236.0000   303    37740.0000    27616.0000 17331238   26.83%
  37931 18825    infeasible          37740.0000    27616.0000 17397874   26.83%
  37955 18829    infeasible          37740.0000    27616.0000 17407478   26.83%
  38200 18962    30688.0000   176    37740.0000    27616.0000 17463603   26.83%
Elapsed time = 20121.65 sec. (19007908.64 ticks, tree = 2997.09 MB, solutions = 5)
Nodefile size = 949.64 MB (837.71 MB after compression)
  38373 19060    30176.0000  1077    37740.0000    27616.0000 17524672   26.83%
  38408 19079    30176.0000   269    37740.0000    27616.0000 17534351   26.83%
  38774 19287    35618.0000    56    37740.0000    27616.0000 17573382   26.83%
  38893 19376    27828.0000  1032    37740.0000    27616.0000 17579130   26.83%
  39253 19578    infeasible          37740.0000    27616.0000 17602636   26.83%

Performing restart 2

Repeating presolve.
Tried aggregator 1 time.
MIP Presolve eliminated 571 rows and 230 columns.
MIP Presolve modified 1287 coefficients.
Reduced MIP has 44302 rows, 9931 columns, and 189896 nonzeros.
Reduced MIP has 9178 binaries, 0 generals, 0 SOSs, and 0 indicators.
Presolve time = 0.41 sec. (434.98 ticks)
Tried aggregator 2 times.
MIP Presolve eliminated 0 rows and 4 columns.
MIP Presolve modified 241 coefficients.
Aggregator did 4 substitutions.
Reduced MIP has 44298 rows, 9923 columns, and 189772 nonzeros.
Reduced MIP has 9170 binaries, 0 generals, 0 SOSs, and 0 indicators.
Presolve time = 0.51 sec. (596.22 ticks)
Represolve time = 1.45 sec. (1384.89 ticks)
  39284     0     2812.2459  5983    37740.0000    Cuts: 8945 17630280   26.83%
  39284     0     2827.8320  5552    37740.0000    Cuts: 1940 17635032   26.83%
  39284     0     2827.8320  5669    37740.0000    Cuts: 2477 17639023   26.83%
  39284     0     2827.8320  5683    37740.0000    Cuts: 1433 17642564   26.83%
  39284     0     2830.0358  5676    37740.0000    Cuts: 2246 17648633   26.83%
  39284     0     2830.0358  5654    37740.0000    Cuts: 1605 17652657   26.83%
  39284     0     2830.0358  5671    37740.0000    Cuts: 1203 17657552   26.83%
  39284     0     2830.0358  5310    37740.0000     Cuts: 764 17659983   26.83%
  39284     0     2830.0358  5432    37740.0000    Cuts: 2517 17664278   26.83%
  39284     0     2836.6469  5281    37740.0000     Cuts: 854 17666717   26.83%
  39284     0     2844.4285  5337    37740.0000     Cuts: 904 17670120   26.83%

Repeating presolve.
Tried aggregator 1 time.
MIP Presolve eliminated 1069 rows and 380 columns.
MIP Presolve modified 7892 coefficients.
Reduced MIP has 43229 rows, 9543 columns, and 217969 nonzeros.
Reduced MIP has 8790 binaries, 0 generals, 0 SOSs, and 0 indicators.
Presolve time = 0.59 sec. (926.05 ticks)
Tried aggregator 1 time.
MIP Presolve eliminated 136 rows and 14 columns.
MIP Presolve modified 3293 coefficients.
Reduced MIP has 43093 rows, 9529 columns, and 215981 nonzeros.
Reduced MIP has 8776 binaries, 0 generals, 0 SOSs, and 0 indicators.
Presolve time = 0.56 sec. (838.57 ticks)
Represolve time = 2.55 sec. (3788.43 ticks)
  39284     0    12541.3233  6191    37740.0000    Cuts: 6539 17705282   26.83%
  39284     0    12541.3233  5347    37740.0000     Cuts: 522 17709036   26.83%
  39284     0    12541.3233  5556    37740.0000    Cuts: 3393 17720664   26.83%
  39284     0    12541.3233  5226    37740.0000     Cuts: 425 17724899   26.83%
  39284     0    12541.3233  5192    37740.0000    Cuts: 1919 17729268   26.83%
  39284     0    12541.3233  5457    37740.0000    Cuts: 5423 17742098   26.83%
  39284     0    12541.3233  5141    37740.0000    Cuts: 1317 17746106   26.83%
  39284     0    12541.3233  5137    37740.0000    Cuts: 2136 17757733   26.83%
  39284     0    12541.3233  5180    37740.0000     Cuts: 503 17765792   26.83%
  39284     0    12541.3233  5125    37740.0000     Cuts: 596 17768784   26.83%

GUB cover cuts applied:  195
Clique cuts applied:  3344
Cover cuts applied:  291
Implied bound cuts applied:  3
Flow cuts applied:  91
Mixed integer rounding cuts applied:  155
Zero-half cuts applied:  28

Root node processing (before b&c):
  Real time             = 1467.73 sec. (1081497.39 ticks)
Sequential b&c:
  Real time             = 41733.43 sec. (57942971.14 ticks)
                          ------------
Total (root+branch&cut) = 43201.16 sec. (59024468.53 ticks)
Feasible

>> Printing some results...
    -> Solution value = 37739 - 10:28:59
    -> Total time = 43201.16
    -> Gap value = 0.27

=============
Train 0
=============
> Trip 0
   0(time 2871 - 00:47:51)(time 3146 - 00:52:26) ->    1(time 3234 - 00:53:54)(time 3494 - 00:58:14) ->    2(time 3529 - 00:58:49)(time 3836 - 01:03:56) ->    3(time 3924 - 01:05:24)(time 4223 - 01:10:23) ->    4(time 4311 - 01:11:51)(time 4569 - 01:16:09) ->    5(time 4657 - 01:17:37)(time 4922 - 01:22:02) ->    6(time 5242 - 01:27:22)(time 5509 - 01:31:49) ->    7(time 5829 - 01:37:09)(time 6110 - 01:41:50) ->    8(time 6430 - 01:47:10)(time 6703 - 01:51:43) ->    9(time 6791 - 01:53:11)(time 7060 - 01:57:40) ->    10(time 7168 - 01:59:28)(time 7470 - 02:04:30) ->    11(time 7558 - 02:05:58)(time 7836 - 02:10:36) ->    12(time 8048 - 02:14:08)(time 8048 - 02:14:08) ->    25(time 8048 - 02:14:08)(time 8326 - 02:18:46) ->    24(time 8414 - 02:20:14)(time 8716 - 02:25:16) ->    23(time 8804 - 02:26:44)(time 9073 - 02:31:13) ->    22(time 9161 - 02:32:41)(time 9434 - 02:37:14) ->    21(time 9522 - 02:38:42)(time 9803 - 02:43:23) ->    20(time 10015 - 02:46:55)(time 10282 - 02:51:22) ->    19(time 10317 - 02:51:57)(time 10582 - 02:56:22) ->    18(time 10670 - 02:57:50)(time 10928 - 03:02:08) ->    17(time 11052 - 03:04:12)(time 11351 - 03:09:11) ->    16(time 11439 - 03:10:39)(time 11746 - 03:15:46) ->    15(time 11781 - 03:16:21)(time 12041 - 03:20:41) ->    14(time 12129 - 03:22:09)(time 12404 - 03:26:44) ->    13(time 12616 - 03:30:16)(time 12616 - 03:30:16) -> 0
> Trip 1
   0(time 12616 - 03:30:16)(time 12891 - 03:34:51) ->    1(time 12979 - 03:36:19)(time 13239 - 03:40:39) ->    2(time 13274 - 03:41:14)(time 13581 - 03:46:21) ->    3(time 13669 - 03:47:49)(time 13968 - 03:52:48) ->    4(time 14056 - 03:54:16)(time 14314 - 03:58:34) ->    5(time 14402 - 04:00:02)(time 14667 - 04:04:27) ->    6(time 14730 - 04:05:30)(time 14997 - 04:09:57) ->    7(time 15317 - 04:15:17)(time 15598 - 04:19:58) ->    8(time 15918 - 04:25:18)(time 16191 - 04:29:51) ->    9(time 16279 - 04:31:19)(time 16548 - 04:35:48) ->    10(time 16636 - 04:37:16)(time 16938 - 04:42:18) ->    11(time 17026 - 04:43:46)(time 17304 - 04:48:24) ->    12(time 17516 - 04:51:56)(time 17516 - 04:51:56) ->    25(time 17516 - 04:51:56)(time 17794 - 04:56:34) ->    24(time 17882 - 04:58:02)(time 18184 - 05:03:04) ->    23(time 18272 - 05:04:32)(time 18541 - 05:09:01) ->    22(time 18629 - 05:10:29)(time 18902 - 05:15:02) ->    21(time 18990 - 05:16:30)(time 19271 - 05:21:11) ->    20(time 19483 - 05:24:43)(time 19750 - 05:29:10) ->    19(time 19785 - 05:29:45)(time 20050 - 05:34:10) ->    18(time 20138 - 05:35:38)(time 20396 - 05:39:56) ->    17(time 20628 - 05:43:48)(time 20927 - 05:48:47) ->    16(time 21015 - 05:50:15)(time 21322 - 05:55:22) ->    15(time 21357 - 05:55:57)(time 21617 - 06:00:17) ->    14(time 21705 - 06:01:45)(time 21980 - 06:06:20) ->    13(time 22192 - 06:09:52)(time 22192 - 06:09:52) -> 0
> Trip 2
   0(time 23226 - 06:27:06)(time 23501 - 06:31:41) ->    1(time 23589 - 06:33:09)(time 23849 - 06:37:29) ->    2(time 23884 - 06:38:04)(time 24191 - 06:43:11) ->    3(time 24279 - 06:44:39)(time 24578 - 06:49:38) ->    4(time 24666 - 06:51:06)(time 24924 - 06:55:24) ->    5(time 25012 - 06:56:52)(time 25277 - 07:01:17) ->    6(time 25312 - 07:01:52)(time 25579 - 07:06:19) ->    7(time 25899 - 07:11:39)(time 26180 - 07:16:20) ->    8(time 26500 - 07:21:40)(time 26773 - 07:26:13) ->    9(time 27093 - 07:31:33)(time 27362 - 07:36:02) ->    10(time 27682 - 07:41:22)(time 27984 - 07:46:24) ->    11(time 28304 - 07:51:44)(time 28582 - 07:56:22) ->    12(time 28902 - 08:01:42)(time 28902 - 08:01:42) ->    25(time 29222 - 08:07:02)(time 29500 - 08:11:40) ->    24(time 29820 - 08:17:00)(time 30122 - 08:22:02) ->    23(time 30442 - 08:27:22)(time 30711 - 08:31:51) ->    22(time 31031 - 08:37:11)(time 31304 - 08:41:44) ->    21(time 31624 - 08:47:04)(time 31905 - 08:51:45) ->    20(time 32225 - 08:57:05)(time 32492 - 09:01:32) ->    19(time 32812 - 09:06:52)(time 33077 - 09:11:17) ->    18(time 33397 - 09:16:37)(time 33655 - 09:20:55) ->    17(time 33975 - 09:26:15)(time 34274 - 09:31:14) ->    16(time 34594 - 09:36:34)(time 34901 - 09:41:41) ->    15(time 35221 - 09:47:01)(time 35481 - 09:51:21) ->    14(time 35801 - 09:56:41)(time 36076 - 10:01:16) ->    13(time 36396 - 10:06:36)(time 36396 - 10:06:36) -> 0
=============
Train 1
=============
> Trip 0
   0(time 88 - 00:01:28)(time 363 - 00:06:03) ->    1(time 451 - 00:07:31)(time 711 - 00:11:51) ->    2(time 746 - 00:12:26)(time 1053 - 00:17:33) ->    3(time 1141 - 00:19:01)(time 1440 - 00:24:00) ->    4(time 1528 - 00:25:28)(time 1786 - 00:29:46) ->    5(time 1874 - 00:31:14)(time 2139 - 00:35:39) ->    6(time 2298 - 00:38:18)(time 2565 - 00:42:45) ->    7(time 2777 - 00:46:17)(time 3058 - 00:50:58) ->    8(time 3146 - 00:52:26)(time 3419 - 00:56:59) ->    9(time 3507 - 00:58:27)(time 3776 - 01:02:56) ->    10(time 3864 - 01:04:24)(time 4166 - 01:09:26) ->    11(time 4254 - 01:10:54)(time 4532 - 01:15:32) ->    12(time 4744 - 01:19:04)(time 4744 - 01:19:04) ->    25(time 4832 - 01:20:32)(time 5110 - 01:25:10) ->    24(time 5198 - 01:26:38)(time 5500 - 01:31:40) ->    23(time 5588 - 01:33:08)(time 5857 - 01:37:37) ->    22(time 5945 - 01:39:05)(time 6218 - 01:43:38) ->    21(time 6430 - 01:47:10)(time 6711 - 01:51:51) ->    20(time 6923 - 01:55:23)(time 7190 - 01:59:50) ->    19(time 7225 - 02:00:25)(time 7490 - 02:04:50) ->    18(time 7578 - 02:06:18)(time 7836 - 02:10:36) ->    17(time 7924 - 02:12:04)(time 8223 - 02:17:03) ->    16(time 8311 - 02:18:31)(time 8618 - 02:23:38) ->    15(time 8653 - 02:24:13)(time 8913 - 02:28:33) ->    14(time 9001 - 02:30:01)(time 9276 - 02:34:36) ->    13(time 9488 - 02:38:08)(time 9488 - 02:38:08) -> 0
> Trip 1
   0(time 9576 - 02:39:36)(time 9851 - 02:44:11) ->    1(time 9939 - 02:45:39)(time 10199 - 02:49:59) ->    2(time 10234 - 02:50:34)(time 10541 - 02:55:41) ->    3(time 10629 - 02:57:09)(time 10928 - 03:02:08) ->    4(time 11052 - 03:04:12)(time 11310 - 03:08:30) ->    5(time 11398 - 03:09:58)(time 11663 - 03:14:23) ->    6(time 11786 - 03:16:26)(time 12053 - 03:20:53) ->    7(time 12265 - 03:24:25)(time 12546 - 03:29:06) ->    8(time 12634 - 03:30:34)(time 12907 - 03:35:07) ->    9(time 12995 - 03:36:35)(time 13264 - 03:41:04) ->    10(time 13352 - 03:42:32)(time 13654 - 03:47:34) ->    11(time 13742 - 03:49:02)(time 14020 - 03:53:40) ->    12(time 14232 - 03:57:12)(time 14232 - 03:57:12) ->    25(time 14320 - 03:58:40)(time 14598 - 04:03:18) ->    24(time 14686 - 04:04:46)(time 14988 - 04:09:48) ->    23(time 15076 - 04:11:16)(time 15345 - 04:15:45) ->    22(time 15433 - 04:17:13)(time 15706 - 04:21:46) ->    21(time 15918 - 04:25:18)(time 16199 - 04:29:59) ->    20(time 16411 - 04:33:31)(time 16678 - 04:37:58) ->    19(time 16713 - 04:38:33)(time 16978 - 04:42:58) ->    18(time 17066 - 04:44:26)(time 17324 - 04:48:44) ->    17(time 17412 - 04:50:12)(time 17711 - 04:55:11) ->    16(time 17799 - 04:56:39)(time 18106 - 05:01:46) ->    15(time 18141 - 05:02:21)(time 18401 - 05:06:41) ->    14(time 18489 - 05:08:09)(time 18764 - 05:12:44) ->    13(time 18976 - 05:16:16)(time 18976 - 05:16:16) -> 0
> Trip 2
   0(time 18976 - 05:16:16)(time 19251 - 05:20:51) ->    1(time 19339 - 05:22:19)(time 19599 - 05:26:39) ->    2(time 19634 - 05:27:14)(time 19941 - 05:32:21) ->    3(time 20029 - 05:33:49)(time 20328 - 05:38:48) ->    4(time 20416 - 05:40:16)(time 20674 - 05:44:34) ->    5(time 20762 - 05:46:02)(time 21027 - 05:50:27) ->    6(time 21062 - 05:51:02)(time 21329 - 05:55:29) ->    7(time 21541 - 05:59:01)(time 21822 - 06:03:42) ->    8(time 21910 - 06:05:10)(time 22183 - 06:09:43) ->    9(time 22271 - 06:11:11)(time 22540 - 06:15:40) ->    10(time 22628 - 06:17:08)(time 22930 - 06:22:10) ->    11(time 23018 - 06:23:38)(time 23296 - 06:28:16) ->    12(time 23508 - 06:31:48)(time 23508 - 06:31:48) ->    25(time 23720 - 06:35:20)(time 23998 - 06:39:58) ->    24(time 24086 - 06:41:26)(time 24388 - 06:46:28) ->    23(time 24476 - 06:47:56)(time 24745 - 06:52:25) ->    22(time 24833 - 06:53:53)(time 25106 - 06:58:26) ->    21(time 25194 - 06:59:54)(time 25475 - 07:04:35) ->    20(time 25687 - 07:08:07)(time 25954 - 07:12:34) ->    19(time 25989 - 07:13:09)(time 26254 - 07:17:34) ->    18(time 26342 - 07:19:02)(time 26600 - 07:23:20) ->    17(time 26688 - 07:24:48)(time 26987 - 07:29:47) ->    16(time 27075 - 07:31:15)(time 27382 - 07:36:22) ->    15(time 27417 - 07:36:57)(time 27677 - 07:41:17) ->    14(time 27765 - 07:42:45)(time 28040 - 07:47:20) ->    13(time 28252 - 07:50:52)(time 28252 - 07:50:52) -> 0
=============
Train 2
=============
> Trip 0
   0(time 0 - 00:00:00)(time 275 - 00:04:35) ->    1(time 363 - 00:06:03)(time 623 - 00:10:23) ->    2(time 658 - 00:10:58)(time 965 - 00:16:05) ->    3(time 1053 - 00:17:33)(time 1352 - 00:22:32) ->    4(time 1440 - 00:24:00)(time 1698 - 00:28:18) ->    5(time 1786 - 00:29:46)(time 2051 - 00:34:11) ->    6(time 2086 - 00:34:46)(time 2353 - 00:39:13) ->    7(time 2565 - 00:42:45)(time 2846 - 00:47:26) ->    8(time 2934 - 00:48:54)(time 3207 - 00:53:27) ->    9(time 3295 - 00:54:55)(time 3564 - 00:59:24) ->    10(time 3652 - 01:00:52)(time 3954 - 01:05:54) ->    11(time 4042 - 01:07:22)(time 4320 - 01:12:00) ->    12(time 4532 - 01:15:32)(time 4532 - 01:15:32) ->    25(time 4744 - 01:19:04)(time 5022 - 01:23:42) ->    24(time 5110 - 01:25:10)(time 5412 - 01:30:12) ->    23(time 5500 - 01:31:40)(time 5769 - 01:36:09) ->    22(time 5857 - 01:37:37)(time 6130 - 01:42:10) ->    21(time 6218 - 01:43:38)(time 6499 - 01:48:19) ->    20(time 6711 - 01:51:51)(time 6978 - 01:56:18) ->    19(time 7013 - 01:56:53)(time 7278 - 02:01:18) ->    18(time 7366 - 02:02:46)(time 7624 - 02:07:04) ->    17(time 7712 - 02:08:32)(time 8011 - 02:13:31) ->    16(time 8099 - 02:14:59)(time 8406 - 02:20:06) ->    15(time 8441 - 02:20:41)(time 8701 - 02:25:01) ->    14(time 8789 - 02:26:29)(time 9064 - 02:31:04) ->    13(time 9276 - 02:34:36)(time 9276 - 02:34:36) -> 0
> Trip 1
   0(time 9488 - 02:38:08)(time 9763 - 02:42:43) ->    1(time 9851 - 02:44:11)(time 10111 - 02:48:31) ->    2(time 10146 - 02:49:06)(time 10453 - 02:54:13) ->    3(time 10541 - 02:55:41)(time 10840 - 03:00:40) ->    4(time 10928 - 03:02:08)(time 11186 - 03:06:26) ->    5(time 11274 - 03:07:54)(time 11539 - 03:12:19) ->    6(time 11574 - 03:12:54)(time 11841 - 03:17:21) ->    7(time 12053 - 03:20:53)(time 12334 - 03:25:34) ->    8(time 12422 - 03:27:02)(time 12695 - 03:31:35) ->    9(time 12783 - 03:33:03)(time 13052 - 03:37:32) ->    10(time 13140 - 03:39:00)(time 13442 - 03:44:02) ->    11(time 13530 - 03:45:30)(time 13808 - 03:50:08) ->    12(time 14020 - 03:53:40)(time 14020 - 03:53:40) ->    25(time 14232 - 03:57:12)(time 14510 - 04:01:50) ->    24(time 14598 - 04:03:18)(time 14900 - 04:08:20) ->    23(time 14988 - 04:09:48)(time 15257 - 04:14:17) ->    22(time 15345 - 04:15:45)(time 15618 - 04:20:18) ->    21(time 15706 - 04:21:46)(time 15987 - 04:26:27) ->    20(time 16199 - 04:29:59)(time 16466 - 04:34:26) ->    19(time 16501 - 04:35:01)(time 16766 - 04:39:26) ->    18(time 16854 - 04:40:54)(time 17112 - 04:45:12) ->    17(time 17200 - 04:46:40)(time 17499 - 04:51:39) ->    16(time 17587 - 04:53:07)(time 17894 - 04:58:14) ->    15(time 17929 - 04:58:49)(time 18189 - 05:03:09) ->    14(time 18277 - 05:04:37)(time 18552 - 05:09:12) ->    13(time 18764 - 05:12:44)(time 18764 - 05:12:44) -> 0
> Trip 2
   0(time 19276 - 05:21:16)(time 19551 - 05:25:51) ->    1(time 19639 - 05:27:19)(time 19899 - 05:31:39) ->    2(time 19934 - 05:32:14)(time 20241 - 05:37:21) ->    3(time 20329 - 05:38:49)(time 20628 - 05:43:48) ->    4(time 20716 - 05:45:16)(time 20974 - 05:49:34) ->    5(time 21062 - 05:51:02)(time 21327 - 05:55:27) ->    6(time 21486 - 05:58:06)(time 21753 - 06:02:33) ->    7(time 21965 - 06:06:05)(time 22246 - 06:10:46) ->    8(time 22334 - 06:12:14)(time 22607 - 06:16:47) ->    9(time 22695 - 06:18:15)(time 22964 - 06:22:44) ->    10(time 23052 - 06:24:12)(time 23354 - 06:29:14) ->    11(time 23442 - 06:30:42)(time 23720 - 06:35:20) ->    12(time 23932 - 06:38:52)(time 23932 - 06:38:52) ->    25(time 23932 - 06:38:52)(time 24210 - 06:43:30) ->    24(time 24298 - 06:44:58)(time 24600 - 06:50:00) ->    23(time 24688 - 06:51:28)(time 24957 - 06:55:57) ->    22(time 25133 - 06:58:53)(time 25406 - 07:03:26) ->    21(time 25618 - 07:06:58)(time 25899 - 07:11:39) ->    20(time 26111 - 07:15:11)(time 26378 - 07:19:38) ->    19(time 26413 - 07:20:13)(time 26678 - 07:24:38) ->    18(time 26766 - 07:26:06)(time 27024 - 07:30:24) ->    17(time 27112 - 07:31:52)(time 27411 - 07:36:51) ->    16(time 27499 - 07:38:19)(time 27806 - 07:43:26) ->    15(time 27841 - 07:44:01)(time 28101 - 07:48:21) ->    14(time 28189 - 07:49:49)(time 28464 - 07:54:24) ->    13(time 28676 - 07:57:56)(time 28676 - 07:57:56) -> 0
> Trip 3
   0(time 28676 - 07:57:56)(time 28951 - 08:02:31) ->    1(time 29039 - 08:03:59)(time 29299 - 08:08:19) ->    2(time 29334 - 08:08:54)(time 29641 - 08:14:01) ->    3(time 29729 - 08:15:29)(time 30028 - 08:20:28) ->    4(time 30116 - 08:21:56)(time 30374 - 08:26:14) ->    5(time 30462 - 08:27:42)(time 30727 - 08:32:07) ->    6(time 30762 - 08:32:42)(time 31029 - 08:37:09) ->    7(time 31241 - 08:40:41)(time 31522 - 08:45:22) ->    8(time 31610 - 08:46:50)(time 31883 - 08:51:23) ->    9(time 31971 - 08:52:51)(time 32240 - 08:57:20) ->    10(time 32328 - 08:58:48)(time 32630 - 09:03:50) ->    11(time 32718 - 09:05:18)(time 32996 - 09:09:56) ->    12(time 33208 - 09:13:28)(time 33208 - 09:13:28) ->    25(time 33208 - 09:13:28)(time 33486 - 09:18:06) ->    24(time 33574 - 09:19:34)(time 33876 - 09:24:36) ->    23(time 33964 - 09:26:04)(time 34233 - 09:30:33) ->    22(time 34321 - 09:32:01)(time 34594 - 09:36:34) ->    21(time 34682 - 09:38:02)(time 34963 - 09:42:43) ->    20(time 35175 - 09:46:15)(time 35442 - 09:50:42) ->    19(time 35477 - 09:51:17)(time 35742 - 09:55:42) ->    18(time 35830 - 09:57:10)(time 36088 - 10:01:28) ->    17(time 36176 - 10:02:56)(time 36475 - 10:07:55) ->    16(time 36563 - 10:09:23)(time 36870 - 10:14:30) ->    15(time 36905 - 10:15:05)(time 37165 - 10:19:25) ->    14(time 37253 - 10:20:53)(time 37528 - 10:25:28) ->    13(time 37740 - 10:29:00)(time 37740 - 10:29:00) -> 0
=============
Train 3
=============
> Trip 0
   0(time 424 - 00:07:04)(time 699 - 00:11:39) ->    1(time 787 - 00:13:07)(time 1047 - 00:17:27) ->    2(time 1082 - 00:18:02)(time 1389 - 00:23:09) ->    3(time 1477 - 00:24:37)(time 1776 - 00:29:36) ->    4(time 1864 - 00:31:04)(time 2122 - 00:35:22) ->    5(time 2210 - 00:36:50)(time 2475 - 00:41:15) ->    6(time 2510 - 00:41:50)(time 2777 - 00:46:17) ->    7(time 2989 - 00:49:49)(time 3270 - 00:54:30) ->    8(time 3358 - 00:55:58)(time 3631 - 01:00:31) ->    9(time 3719 - 01:01:59)(time 3988 - 01:06:28) ->    10(time 4076 - 01:07:56)(time 4378 - 01:12:58) ->    11(time 4466 - 01:14:26)(time 4744 - 01:19:04) ->    12(time 4956 - 01:22:36)(time 4956 - 01:22:36) ->    25(time 4956 - 01:22:36)(time 5234 - 01:27:14) ->    24(time 5322 - 01:28:42)(time 5624 - 01:33:44) ->    23(time 5800 - 01:36:40)(time 6069 - 01:41:09) ->    22(time 6157 - 01:42:37)(time 6430 - 01:47:10) ->    21(time 6642 - 01:50:42)(time 6923 - 01:55:23) ->    20(time 7135 - 01:58:55)(time 7402 - 02:03:22) ->    19(time 7437 - 02:03:57)(time 7702 - 02:08:22) ->    18(time 7790 - 02:09:50)(time 8048 - 02:14:08) ->    17(time 8136 - 02:15:36)(time 8435 - 02:20:35) ->    16(time 8523 - 02:22:03)(time 8830 - 02:27:10) ->    15(time 8865 - 02:27:45)(time 9125 - 02:32:05) ->    14(time 9213 - 02:33:33)(time 9488 - 02:38:08) ->    13(time 9700 - 02:41:40)(time 9700 - 02:41:40) -> 0
> Trip 1
   0(time 9700 - 02:41:40)(time 9975 - 02:46:15) ->    1(time 10063 - 02:47:43)(time 10323 - 02:52:03) ->    2(time 10358 - 02:52:38)(time 10665 - 02:57:45) ->    3(time 10753 - 02:59:13)(time 11052 - 03:04:12) ->    4(time 11140 - 03:05:40)(time 11398 - 03:09:58) ->    5(time 11521 - 03:12:01)(time 11786 - 03:16:26) ->    6(time 11998 - 03:19:58)(time 12265 - 03:24:25) ->    7(time 12477 - 03:27:57)(time 12758 - 03:32:38) ->    8(time 12846 - 03:34:06)(time 13119 - 03:38:39) ->    9(time 13207 - 03:40:07)(time 13476 - 03:44:36) ->    10(time 13564 - 03:46:04)(time 13866 - 03:51:06) ->    11(time 13954 - 03:52:34)(time 14232 - 03:57:12) ->    12(time 14532 - 04:02:12)(time 14532 - 04:02:12) ->    25(time 14532 - 04:02:12)(time 14810 - 04:06:50) ->    24(time 14898 - 04:08:18)(time 15200 - 04:13:20) ->    23(time 15288 - 04:14:48)(time 15557 - 04:19:17) ->    22(time 15645 - 04:20:45)(time 15918 - 04:25:18) ->    21(time 16130 - 04:28:50)(time 16411 - 04:33:31) ->    20(time 16623 - 04:37:03)(time 16890 - 04:41:30) ->    19(time 16925 - 04:42:05)(time 17190 - 04:46:30) ->    18(time 17278 - 04:47:58)(time 17536 - 04:52:16) ->    17(time 17624 - 04:53:44)(time 17923 - 04:58:43) ->    16(time 18011 - 05:00:11)(time 18318 - 05:05:18) ->    15(time 18353 - 05:05:53)(time 18613 - 05:10:13) ->    14(time 18701 - 05:11:41)(time 18976 - 05:16:16) ->    13(time 19188 - 05:19:48)(time 19188 - 05:19:48) -> 0
> Trip 2
   0(time 19188 - 05:19:48)(time 19463 - 05:24:23) ->    1(time 19551 - 05:25:51)(time 19811 - 05:30:11) ->    2(time 19846 - 05:30:46)(time 20153 - 05:35:53) ->    3(time 20241 - 05:37:21)(time 20540 - 05:42:20) ->    4(time 20628 - 05:43:48)(time 20886 - 05:48:06) ->    5(time 20974 - 05:49:34)(time 21239 - 05:53:59) ->    6(time 21274 - 05:54:34)(time 21541 - 05:59:01) ->    7(time 21753 - 06:02:33)(time 22034 - 06:07:14) ->    8(time 22122 - 06:08:42)(time 22395 - 06:13:15) ->    9(time 22483 - 06:14:43)(time 22752 - 06:19:12) ->    10(time 22840 - 06:20:40)(time 23142 - 06:25:42) ->    11(time 23230 - 06:27:10)(time 23508 - 06:31:48) ->    12(time 23720 - 06:35:20)(time 23720 - 06:35:20) ->    25(time 23808 - 06:36:48)(time 24086 - 06:41:26) ->    24(time 24174 - 06:42:54)(time 24476 - 06:47:56) ->    23(time 24564 - 06:49:24)(time 24833 - 06:53:53) ->    22(time 24957 - 06:55:57)(time 25230 - 07:00:30) ->    21(time 25406 - 07:03:26)(time 25687 - 07:08:07) ->    20(time 25899 - 07:11:39)(time 26166 - 07:16:06) ->    19(time 26201 - 07:16:41)(time 26466 - 07:21:06) ->    18(time 26554 - 07:22:34)(time 26812 - 07:26:52) ->    17(time 26900 - 07:28:20)(time 27199 - 07:33:19) ->    16(time 27287 - 07:34:47)(time 27594 - 07:39:54) ->    15(time 27629 - 07:40:29)(time 27889 - 07:44:49) ->    14(time 27977 - 07:46:17)(time 28252 - 07:50:52) ->    13(time 28464 - 07:54:24)(time 28464 - 07:54:24) -> 0
> Trip 3
   0(time 28464 - 07:54:24)(time 28739 - 07:58:59) ->    1(time 28827 - 08:00:27)(time 29087 - 08:04:47) ->    2(time 29122 - 08:05:22)(time 29429 - 08:10:29) ->    3(time 29517 - 08:11:57)(time 29816 - 08:16:56) ->    4(time 29904 - 08:18:24)(time 30162 - 08:22:42) ->    5(time 30250 - 08:24:10)(time 30515 - 08:28:35) ->    6(time 30550 - 08:29:10)(time 30817 - 08:33:37) ->    7(time 31029 - 08:37:09)(time 31310 - 08:41:50) ->    8(time 31398 - 08:43:18)(time 31671 - 08:47:51) ->    9(time 31759 - 08:49:19)(time 32028 - 08:53:48) ->    10(time 32116 - 08:55:16)(time 32418 - 09:00:18) ->    11(time 32506 - 09:01:46)(time 32784 - 09:06:24) ->    12(time 32996 - 09:09:56)(time 32996 - 09:09:56) ->    25(time 32996 - 09:09:56)(time 33274 - 09:14:34) ->    24(time 33362 - 09:16:02)(time 33664 - 09:21:04) ->    23(time 33752 - 09:22:32)(time 34021 - 09:27:01) ->    22(time 34109 - 09:28:29)(time 34382 - 09:33:02) ->    21(time 34470 - 09:34:30)(time 34751 - 09:39:11) ->    20(time 34963 - 09:42:43)(time 35230 - 09:47:10) ->    19(time 35265 - 09:47:45)(time 35530 - 09:52:10) ->    18(time 35618 - 09:53:38)(time 35876 - 09:57:56) ->    17(time 35964 - 09:59:24)(time 36263 - 10:04:23) ->    16(time 36351 - 10:05:51)(time 36658 - 10:10:58) ->    15(time 36693 - 10:11:33)(time 36953 - 10:15:53) ->    14(time 37041 - 10:17:21)(time 37316 - 10:21:56) ->    13(time 37528 - 10:25:28)(time 37528 - 10:25:28) -> 0
Traceback (most recent call last):
  File "/home/renata/Train-Timetabling/script.py", line 17, in <module>
    with open(file_name, "r") as file:
FileNotFoundError: [Errno 2] No such file or directory: 'script-solution.txt'
----- t4p14r2h4.txt-model.log -----
  38380  2810    42176.0000   326    42728.0000    41900.0000  5363736    1.94%
  38437  2819    42176.0000   320    42728.0000    41900.0000  5368938    1.94%
  38495  2815    41900.0000   271    42728.0000    41900.0000  5375982    1.94%
  38559  2807        cutoff          42728.0000    41900.0000  5383959    1.94%
  38629  2801    42176.0000   318    42728.0000    41900.1161  5389618    1.94%
  38714  2806    42539.0000   154    42728.0000    41900.1161  5395073    1.94%
  38793  2803    41903.0000   383    42728.0000    41903.0000  5401707    1.93%
  38844  2808        cutoff          42728.0000    41903.0000  5407692    1.93%
  38911  2813    41903.0000   451    42728.0000    41903.0000  5414721    1.93%
Elapsed time = 8672.01 sec. (9293582.53 ticks, tree = 49.08 MB, solutions = 11)
  38947  2823    infeasible          42728.0000    41903.0000  5417412    1.93%
  39001  2828    42179.0000   248    42728.0000    41903.0000  5422034    1.93%
  39049  2832    41903.0000   386    42728.0000    41903.0000  5425283    1.93%
  39104  2833    42179.0000   267    42728.0000    41903.0000  5429634    1.93%
  39171  2836    infeasible          42728.0000    41903.0000  5434063    1.93%
  39233  2839        cutoff          42728.0000    41903.0000  5440093    1.93%
  39292  2851    42179.0000   260    42728.0000    41903.0000  5444042    1.93%
  39322  2856    41903.1451   632    42728.0000    41903.1451  5447963    1.93%
  39346  2859    42179.0000   387    42728.0000    41946.5000  5452612    1.83%
  39413  2852    41971.0000   254    42728.0000    41971.0000  5464142    1.77%
Elapsed time = 8819.80 sec. (9447949.21 ticks, tree = 49.79 MB, solutions = 11)
  39511  2858    42452.0000   174    42728.0000    41987.0000  5469926    1.73%
  39610  2848    41987.0000   424    42728.0000    41987.0000  5477550    1.73%
  39701  2836    41987.0000   279    42728.0000    41987.0000  5486388    1.73%
  39794  2825    41987.0000   180    42728.0000    41987.0000  5494911    1.73%
  39886  2811        cutoff          42728.0000    41987.0000  5504205    1.73%
  39973  2795    42452.0000   225    42728.0000    41987.0000  5512885    1.73%
  40068  2786    41987.0000   422    42728.0000    41987.0000  5524711    1.73%
  40133  2785    42263.0000   354    42728.0000    41987.0000  5534992    1.73%
  40219  2785        cutoff          42728.0000    41987.0000  5542744    1.73%
  40326  2774    42176.0000   179    42728.0000    41987.0000  5552703    1.73%
Elapsed time = 8963.51 sec. (9601661.82 ticks, tree = 48.48 MB, solutions = 11)
  40422  2762    42176.0000   284    42728.0000    41987.0000  5562293    1.73%
  40551  2735    42176.0000   231    42728.0000    41987.0000  5573189    1.73%
  40651  2699    42176.0000   378    42728.0000    41987.0000  5582384    1.73%
  40739  2680        cutoff          42728.0000    41987.0000  5589522    1.73%
  40832  2664    42350.0000   208    42728.0000    41987.0000  5597297    1.73%
  40920  2657        cutoff          42728.0000    41990.0000  5604410    1.73%
  41008  2660    42266.0000   235    42728.0000    41990.0000  5611398    1.73%
  41078  2659    42590.0000   183    42728.0000    42038.0000  5617053    1.61%
  41168  2641    42713.0000   138    42728.0000    42074.0000  5628603    1.53%
  41369  2599    42074.0000   134    42728.0000    42074.0000  5639789    1.53%
Elapsed time = 9103.78 sec. (9755640.22 ticks, tree = 45.49 MB, solutions = 11)
  41497  2569    42160.0000   394    42728.0000    42160.0000  5652512    1.33%
  41579  2565    42712.0000   191    42728.0000    42160.0000  5661696    1.33%
  41666  2559    42712.0000   310    42728.0000    42160.0000  5671339    1.33%
  41747  2555    infeasible          42728.0000    42160.0000  5678098    1.33%
  41853  2569        cutoff          42728.0000    42176.0000  5685836    1.29%
  41947  2547        cutoff          42728.0000    42176.0000  5693002    1.29%
  42050  2524    42176.0000   239    42728.0000    42176.0000  5701273    1.29%
  42142  2502        cutoff          42728.0000    42176.0000  5709410    1.29%
  42242  2477    infeasible          42728.0000    42176.0000  5717657    1.29%
  42335  2452    42452.0000   305    42728.0000    42176.0000  5726726    1.29%
Elapsed time = 9249.62 sec. (9909351.84 ticks, tree = 43.02 MB, solutions = 11)
  42425  2426        cutoff          42728.0000    42176.0000  5735573    1.29%
  42544  2396        cutoff          42728.0000    42176.0000  5743429    1.29%
  42653  2367        cutoff          42728.0000    42176.0000  5752712    1.29%
  42745  2353    42452.0000   176    42728.0000    42176.0000  5760737    1.29%
  42848  2329    infeasible          42728.0000    42176.0000  5769501    1.29%
  42930  2311    infeasible          42728.0000    42176.0000  5777032    1.29%
  43018  2288    42176.0000   270    42728.0000    42176.0000  5784082    1.29%
  43150  2252        cutoff          42728.0000    42176.0000  5795118    1.29%
  43261  2215    42539.0000   150    42728.0000    42176.0000  5804187    1.29%
  43366  2194        cutoff          42728.0000    42176.0000  5811616    1.29%
Elapsed time = 9396.43 sec. (10062510.33 ticks, tree = 38.55 MB, solutions = 11)
  43492  2150        cutoff          42728.0000    42176.0000  5820576    1.29%
  43610  2120    infeasible          42728.0000    42176.0000  5828905    1.29%
  43707  2099    42263.0000   244    42728.0000    42176.0000  5836735    1.29%
  43801  2076        cutoff          42728.0000    42176.0000  5843508    1.29%
  43908  2053        cutoff          42728.0000    42176.0000  5850808    1.29%
  43999  2023        cutoff          42728.0000    42176.0000  5859017    1.29%
  44108  2003        cutoff          42728.0000    42176.0000  5866739    1.29%
  44224  1980        cutoff          42728.0000    42176.0000  5874930    1.29%
  44345  1947        cutoff          42728.0000    42176.0000  5883393    1.29%
  44469  1908    42452.0000   195    42728.0000    42176.0000  5890740    1.29%
Elapsed time = 9544.44 sec. (10216141.92 ticks, tree = 33.50 MB, solutions = 11)
  44587  1867    42176.0000   155    42728.0000    42176.0000  5898014    1.29%
  44715  1827    42176.0000   206    42728.0000    42176.0000  5907311    1.29%
  44822  1792    42452.0000   242    42728.0000    42176.0000  5915296    1.29%
  44934  1748    42176.0000   233    42728.0000    42176.0000  5923374    1.29%
  45052  1717    infeasible          42728.0000    42176.0000  5930947    1.29%
  45165  1701    42176.0000   284    42728.0000    42176.0000  5938060    1.29%
  45272  1678    42539.0000   120    42728.0000    42176.0000  5945647    1.29%
  45388  1648    42176.0000   315    42728.0000    42176.0000  5953910    1.29%
  45494  1606    42176.0000   212    42728.0000    42176.0000  5962467    1.29%
  45594  1575        cutoff          42728.0000    42176.0000  5969381    1.29%
Elapsed time = 9690.29 sec. (10369581.63 ticks, tree = 27.72 MB, solutions = 11)
  45693  1554    42452.0000   130    42728.0000    42176.0000  5976364    1.29%
  45804  1506        cutoff          42728.0000    42176.0000  5985552    1.29%
  45910  1473    42452.0000   228    42728.0000    42176.0000  5993729    1.29%
  46012  1431        cutoff          42728.0000    42176.0000  6001786    1.29%
  46114  1406    42626.0000   128    42728.0000    42176.0000  6009814    1.29%
  46244  1379        cutoff          42728.0000    42176.0000  6017621    1.29%
  46370  1338    42176.0000   284    42728.0000    42176.0000  6025564    1.29%
  46475  1316    infeasible          42728.0000    42176.0000  6034015    1.29%
  46562  1292    42176.0000   291    42728.0000    42176.0000  6042220    1.29%
  46663  1264    42176.0000   315    42728.0000    42176.0000  6050364    1.29%
Elapsed time = 9836.19 sec. (10522964.74 ticks, tree = 22.26 MB, solutions = 11)
  46781  1229        cutoff          42728.0000    42176.0000  6058124    1.29%
  46898  1196    42176.0000   165    42728.0000    42176.0000  6067092    1.29%
  46999  1166    42176.0000   258    42728.0000    42176.0000  6074036    1.29%
  47099  1138    42176.0000   314    42728.0000    42176.0000  6081661    1.29%
  47207  1112        cutoff          42728.0000    42176.0000  6088919    1.29%
  47269  1104        cutoff          42728.0000    42176.0000  6096797    1.29%
  47377  1077        cutoff          42728.0000    42176.0000  6106836    1.29%
  47452  1052    42452.0000   252    42728.0000    42176.0000  6115765    1.29%
  47545  1023    infeasible          42728.0000    42176.0000  6124138    1.29%
  47627  1001    42176.0000   317    42728.0000    42176.0000  6131698    1.29%
Elapsed time = 9984.02 sec. (10676473.72 ticks, tree = 17.68 MB, solutions = 11)
  47706   981        cutoff          42728.0000    42176.0000  6137353    1.29%
  47800   953    42452.0000   180    42728.0000    42176.0000  6145329    1.29%
  47885   932        cutoff          42728.0000    42176.0000  6151338    1.29%
  47961   918        cutoff          42728.0000    42176.0000  6161965    1.29%
  48061   894    infeasible          42728.0000    42176.0000  6168539    1.29%
  48151   872    42176.0000   322    42728.0000    42176.0000  6176229    1.29%
  48233   854        cutoff          42728.0000    42176.0000  6184165    1.29%
  48326   839    42350.0000   139    42728.0000    42176.0000  6191187    1.29%
  48425   802        cutoff          42728.0000    42176.0000  6198518    1.29%
  48530   765    infeasible          42728.0000    42176.0000  6206737    1.29%
Elapsed time = 10131.14 sec. (10829768.23 ticks, tree = 13.61 MB, solutions = 11)
  48625   743    infeasible          42728.0000    42176.0000  6214302    1.29%
  48721   710    infeasible          42728.0000    42176.0000  6220718    1.29%
  48805   682    infeasible          42728.0000    42179.0000  6228041    1.28%
  48890   661    42179.0000   241    42728.0000    42179.0000  6235588    1.28%
  48993   627    42266.0000   516    42728.0000    42179.0000  6243501    1.28%
  49079   611    42539.0000    64    42728.0000    42235.0000  6254334    1.15%
  49243   558        cutoff          42728.0000    42263.0000  6266642    1.09%
  49387   492    infeasible          42728.0000    42266.0000  6277853    1.08%
  49556   409        cutoff          42728.0000    42452.0000  6289397    0.65%
  49740   322        cutoff          42728.0000    42452.0000  6302077    0.65%
Elapsed time = 10276.92 sec. (10983244.73 ticks, tree = 5.88 MB, solutions = 11)
  49912   230        cutoff          42728.0000    42452.0000  6310352    0.65%
  50032   167        cutoff          42728.0000    42452.0000  6318641    0.65%

GUB cover cuts applied:  161
Clique cuts applied:  914
Cover cuts applied:  1427
Implied bound cuts applied:  275
Flow cuts applied:  363
Mixed integer rounding cuts applied:  855
Zero-half cuts applied:  7
Gomory fractional cuts applied:  4

Root node processing (before b&c):
  Real time             = 1014.83 sec. (1020312.21 ticks)
Sequential b&c:
  Real time             = 9304.70 sec. (10010601.84 ticks)
                          ------------
Total (root+branch&cut) = 10319.54 sec. (11030914.06 ticks)
Optimal

>> Printing some results...
    -> Solution value = 42727 - 11:52:07
    -> Total time = 10319.54
    -> Gap value = 0.00

=============
Train 0
=============
> Trip 0
   27(time 5450 - 01:30:50)(time 5777 - 01:36:17) ->    26(time 5858 - 01:37:38)(time 6166 - 01:42:46) ->    25(time 6247 - 01:44:07)(time 6561 - 01:49:21) ->    24(time 6642 - 01:50:42)(time 6965 - 01:56:05) ->    23(time 7046 - 01:57:26)(time 7336 - 02:02:16) ->    22(time 7600 - 02:06:40)(time 7889 - 02:11:29) ->    21(time 7924 - 02:12:04)(time 8225 - 02:17:05) ->    20(time 8306 - 02:18:26)(time 8640 - 02:24:00) ->    19(time 8675 - 02:24:35)(time 8987 - 02:29:47) ->    18(time 9068 - 02:31:08)(time 9375 - 02:36:15) ->    17(time 9651 - 02:40:51)(time 9958 - 02:45:58) ->    16(time 10039 - 02:47:19)(time 10341 - 02:52:21) ->    15(time 10422 - 02:53:42)(time 10710 - 02:58:30) ->    14(time 11171 - 03:06:11)(time 11171 - 03:06:11) ->    0(time 11171 - 03:06:11)(time 11459 - 03:10:59) ->    1(time 11540 - 03:12:20)(time 11842 - 03:17:22) ->    2(time 11923 - 03:18:43)(time 12230 - 03:23:50) ->    3(time 12402 - 03:26:42)(time 12709 - 03:31:49) ->    4(time 12790 - 03:33:10)(time 13102 - 03:38:22) ->    5(time 13137 - 03:38:57)(time 13471 - 03:44:31) ->    6(time 13552 - 03:45:52)(time 13853 - 03:50:53) ->    7(time 13888 - 03:51:28)(time 14177 - 03:56:17) ->    8(time 14258 - 03:57:38)(time 14548 - 04:02:28) ->    9(time 14629 - 04:03:49)(time 14952 - 04:09:12) ->    10(time 15033 - 04:10:33)(time 15347 - 04:15:47) ->    11(time 15428 - 04:17:08)(time 15736 - 04:22:16) ->    12(time 15817 - 04:23:37)(time 16144 - 04:29:04) ->    13(time 16420 - 04:33:40)(time 16420 - 04:33:40) -> 27
> Trip 1
   27(time 16423 - 04:33:43)(time 16750 - 04:39:10) ->    26(time 16831 - 04:40:31)(time 17139 - 04:45:39) ->    25(time 17220 - 04:47:00)(time 17534 - 04:52:14) ->    24(time 17615 - 04:53:35)(time 17938 - 04:58:58) ->    23(time 18019 - 05:00:19)(time 18309 - 05:05:09) ->    22(time 18390 - 05:06:30)(time 18679 - 05:11:19) ->    21(time 18714 - 05:11:54)(time 19015 - 05:16:55) ->    20(time 19096 - 05:18:16)(time 19430 - 05:23:50) ->    19(time 19465 - 05:24:25)(time 19777 - 05:29:37) ->    18(time 19858 - 05:30:58)(time 20165 - 05:36:05) ->    17(time 20246 - 05:37:26)(time 20553 - 05:42:33) ->    16(time 20634 - 05:43:54)(time 20936 - 05:48:56) ->    15(time 21017 - 05:50:17)(time 21305 - 05:55:05) ->    14(time 21581 - 05:59:41)(time 21581 - 05:59:41) ->    0(time 21581 - 05:59:41)(time 21869 - 06:04:29) ->    1(time 21950 - 06:05:50)(time 22252 - 06:10:52) ->    2(time 22333 - 06:12:13)(time 22640 - 06:17:20) ->    3(time 22721 - 06:18:41)(time 23028 - 06:23:48) ->    4(time 23109 - 06:25:09)(time 23421 - 06:30:21) ->    5(time 23456 - 06:30:56)(time 23790 - 06:36:30) ->    6(time 23871 - 06:37:51)(time 24172 - 06:42:52) ->    7(time 24207 - 06:43:27)(time 24496 - 06:48:16) ->    8(time 24577 - 06:49:37)(time 24867 - 06:54:27) ->    9(time 24948 - 06:55:48)(time 25271 - 07:01:11) ->    10(time 25352 - 07:02:32)(time 25666 - 07:07:46) ->    11(time 25747 - 07:09:07)(time 26055 - 07:14:15) ->    12(time 26270 - 07:17:50)(time 26597 - 07:23:17) ->    13(time 26873 - 07:27:53)(time 26873 - 07:27:53) -> 27
> Trip 2
   27(time 27775 - 07:42:55)(time 28102 - 07:48:22) ->    26(time 28183 - 07:49:43)(time 28491 - 07:54:51) ->    25(time 28572 - 07:56:12)(time 28886 - 08:01:26) ->    24(time 28967 - 08:02:47)(time 29290 - 08:08:10) ->    23(time 29751 - 08:15:51)(time 30041 - 08:20:41) ->    22(time 30122 - 08:22:02)(time 30411 - 08:26:51) ->    21(time 30872 - 08:34:32)(time 31173 - 08:39:33) ->    20(time 31634 - 08:47:14)(time 31968 - 08:52:48) ->    19(time 32429 - 09:00:29)(time 32741 - 09:05:41) ->    18(time 33202 - 09:13:22)(time 33509 - 09:18:29) ->    17(time 33590 - 09:19:50)(time 33897 - 09:24:57) ->    16(time 33978 - 09:26:18)(time 34280 - 09:31:20) ->    15(time 34361 - 09:32:41)(time 34649 - 09:37:29) ->    14(time 34925 - 09:42:05)(time 34925 - 09:42:05) ->    0(time 34925 - 09:42:05)(time 35213 - 09:46:53) ->    1(time 35294 - 09:48:14)(time 35596 - 09:53:16) ->    2(time 35677 - 09:54:37)(time 35984 - 09:59:44) ->    3(time 36069 - 10:01:09)(time 36376 - 10:06:16) ->    4(time 36837 - 10:13:57)(time 37149 - 10:19:09) ->    5(time 37610 - 10:26:50)(time 37944 - 10:32:24) ->    6(time 38025 - 10:33:45)(time 38326 - 10:38:46) ->    7(time 38361 - 10:39:21)(time 38650 - 10:44:10) ->    8(time 38731 - 10:45:31)(time 39021 - 10:50:21) ->    9(time 39102 - 10:51:42)(time 39425 - 10:57:05) ->    10(time 39506 - 10:58:26)(time 39820 - 11:03:40) ->    11(time 39901 - 11:05:01)(time 40209 - 11:10:09) ->    12(time 40290 - 11:11:30)(time 40617 - 11:16:57) ->    13(time 41078 - 11:24:38)(time 41078 - 11:24:38) -> 27
> Trip 3
   27(time 44778 - 12:26:18)(time 45105 - 12:31:45) ->    26(time 45186 - 12:33:06)(time 45494 - 12:38:14) ->    25(time 45575 - 12:39:35)(time 45889 - 12:44:49) ->    24(time 45970 - 12:46:10)(time 46293 - 12:51:33) ->    23(time 46374 - 12:52:54)(time 46664 - 12:57:44) ->    22(time 46745 - 12:59:05)(time 47034 - 13:03:54) ->    21(time 47069 - 13:04:29)(time 47370 - 13:09:30) ->    20(time 47451 - 13:10:51)(time 47785 - 13:16:25) ->    19(time 47820 - 13:17:00)(time 48132 - 13:22:12) ->    18(time 48324 - 13:25:24)(time 48631 - 13:30:31) ->    17(time 49092 - 13:38:12)(time 49399 - 13:43:19) ->    16(time 49860 - 13:51:00)(time 50162 - 13:56:02) ->    15(time 50243 - 13:57:23)(time 50531 - 14:02:11) ->    14(time 50992 - 14:09:52)(time 50992 - 14:09:52) ->    0(time 50992 - 14:09:52)(time 51280 - 14:14:40) ->    1(time 51361 - 14:16:01)(time 51663 - 14:21:03) ->    2(time 51756 - 14:22:36)(time 52063 - 14:27:43) ->    3(time 52144 - 14:29:04)(time 52451 - 14:34:11) ->    4(time 52532 - 14:35:32)(time 52844 - 14:40:44) ->    5(time 52879 - 14:41:19)(time 53213 - 14:46:53) ->    6(time 53294 - 14:48:14)(time 53595 - 14:53:15) ->    7(time 53630 - 14:53:50)(time 53919 - 14:58:39) ->    8(time 54000 - 15:00:00)(time 54290 - 15:04:50) ->    9(time 54371 - 15:06:11)(time 54694 - 15:11:34) ->    10(time 54775 - 15:12:55)(time 55089 - 15:18:09) ->    11(time 55170 - 15:19:30)(time 55478 - 15:24:38) ->    12(time 55559 - 15:25:59)(time 55886 - 15:31:26) ->    13(time 56162 - 15:36:02)(time 56162 - 15:36:02) -> 27
=============
Train 1
=============
> Trip 0
   27(time 7251 - 02:00:51)(time 7578 - 02:06:18) ->    26(time 7659 - 02:07:39)(time 7967 - 02:12:47) ->    25(time 8048 - 02:14:08)(time 8362 - 02:19:22) ->    24(time 8443 - 02:20:43)(time 8766 - 02:26:06) ->    23(time 8847 - 02:27:27)(time 9137 - 02:32:17) ->    22(time 9218 - 02:33:38)(time 9507 - 02:38:27) ->    21(time 9542 - 02:39:02)(time 9843 - 02:44:03) ->    20(time 9924 - 02:45:24)(time 10258 - 02:50:58) ->    19(time 10293 - 02:51:33)(time 10605 - 02:56:45) ->    18(time 10686 - 02:58:06)(time 10993 - 03:03:13) ->    17(time 11074 - 03:04:34)(time 11381 - 03:09:41) ->    16(time 11842 - 03:17:22)(time 12144 - 03:22:24) ->    15(time 12225 - 03:23:45)(time 12513 - 03:28:33) ->    14(time 12974 - 03:36:14)(time 12974 - 03:36:14) ->    0(time 12974 - 03:36:14)(time 13262 - 03:41:02) ->    1(time 13723 - 03:48:43)(time 14025 - 03:53:45) ->    2(time 14106 - 03:55:06)(time 14413 - 04:00:13) ->    3(time 14551 - 04:02:31)(time 14858 - 04:07:38) ->    4(time 14939 - 04:08:59)(time 15251 - 04:14:11) ->    5(time 15286 - 04:14:46)(time 15620 - 04:20:20) ->    6(time 15701 - 04:21:41)(time 16002 - 04:26:42) ->    7(time 16463 - 04:34:23)(time 16752 - 04:39:12) ->    8(time 17213 - 04:46:53)(time 17503 - 04:51:43) ->    9(time 17964 - 04:59:24)(time 18287 - 05:04:47) ->    10(time 18368 - 05:06:08)(time 18682 - 05:11:22) ->    11(time 18763 - 05:12:43)(time 19071 - 05:17:51) ->    12(time 19152 - 05:19:12)(time 19479 - 05:24:39) ->    13(time 19755 - 05:29:15)(time 19755 - 05:29:15) -> 27
> Trip 1
   27(time 21809 - 06:03:29)(time 22136 - 06:08:56) ->    26(time 22217 - 06:10:17)(time 22525 - 06:15:25) ->    25(time 22606 - 06:16:46)(time 22920 - 06:22:00) ->    24(time 23001 - 06:23:21)(time 23324 - 06:28:44) ->    23(time 23405 - 06:30:05)(time 23695 - 06:34:55) ->    22(time 23776 - 06:36:16)(time 24065 - 06:41:05) ->    21(time 24172 - 06:42:52)(time 24473 - 06:47:53) ->    20(time 24554 - 06:49:14)(time 24888 - 06:54:48) ->    19(time 24923 - 06:55:23)(time 25235 - 07:00:35) ->    18(time 25316 - 07:01:56)(time 25623 - 07:07:03) ->    17(time 26084 - 07:14:44)(time 26391 - 07:19:51) ->    16(time 26852 - 07:27:32)(time 27154 - 07:32:34) ->    15(time 27235 - 07:33:55)(time 27523 - 07:38:43) ->    14(time 27799 - 07:43:19)(time 27799 - 07:43:19) ->    0(time 27799 - 07:43:19)(time 28087 - 07:48:07) ->    1(time 28168 - 07:49:28)(time 28470 - 07:54:30) ->    2(time 28551 - 07:55:51)(time 28858 - 08:00:58) ->    3(time 28939 - 08:02:19)(time 29246 - 08:07:26) ->    4(time 29327 - 08:08:47)(time 29639 - 08:13:59) ->    5(time 29754 - 08:15:54)(time 30088 - 08:21:28) ->    6(time 30549 - 08:29:09)(time 30850 - 08:34:10) ->    7(time 30885 - 08:34:45)(time 31174 - 08:39:34) ->    8(time 31635 - 08:47:15)(time 31925 - 08:52:05) ->    9(time 32006 - 08:53:26)(time 32329 - 08:58:49) ->    10(time 32410 - 09:00:10)(time 32724 - 09:05:24) ->    11(time 32805 - 09:06:45)(time 33113 - 09:11:53) ->    12(time 33194 - 09:13:14)(time 33521 - 09:18:41) ->    13(time 33797 - 09:23:17)(time 33797 - 09:23:17) -> 27
> Trip 2
   27(time 33797 - 09:23:17)(time 34124 - 09:28:44) ->    26(time 34205 - 09:30:05)(time 34513 - 09:35:13) ->    25(time 34594 - 09:36:34)(time 34908 - 09:41:48) ->    24(time 34989 - 09:43:09)(time 35312 - 09:48:32) ->    23(time 35393 - 09:49:53)(time 35683 - 09:54:43) ->    22(time 36144 - 10:02:24)(time 36433 - 10:07:13) ->    21(time 36894 - 10:14:54)(time 37195 - 10:19:55) ->    20(time 37276 - 10:21:16)(time 37610 - 10:26:50) ->    19(time 37645 - 10:27:25)(time 37957 - 10:32:37) ->    18(time 38038 - 10:33:58)(time 38345 - 10:39:05) ->    17(time 38426 - 10:40:26)(time 38733 - 10:45:33) ->    16(time 38814 - 10:46:54)(time 39116 - 10:51:56) ->    15(time 39197 - 10:53:17)(time 39485 - 10:58:05) ->    14(time 39761 - 11:02:41)(time 39761 - 11:02:41) ->    0(time 39761 - 11:02:41)(time 40049 - 11:07:29) ->    1(time 40130 - 11:08:50)(time 40432 - 11:13:52) ->    2(time 40513 - 11:15:13)(time 40820 - 11:20:20) ->    3(time 40901 - 11:21:41)(time 41208 - 11:26:48) ->    4(time 41289 - 11:28:09)(time 41601 - 11:33:21) ->    5(time 41636 - 11:33:56)(time 41970 - 11:39:30) ->    6(time 42051 - 11:40:51)(time 42352 - 11:45:52) ->    7(time 42387 - 11:46:27)(time 42676 - 11:51:16) ->    8(time 42757 - 11:52:37)(time 43047 - 11:57:27) ->    9(time 43128 - 11:58:48)(time 43451 - 12:04:11) ->    10(time 43532 - 12:05:32)(time 43846 - 12:10:46) ->    11(time 43927 - 12:12:07)(time 44235 - 12:17:15) ->    12(time 44316 - 12:18:36)(time 44643 - 12:24:03) ->    13(time 44919 - 12:28:39)(time 44919 - 12:28:39) -> 27
> Trip 3
   27(time 47452 - 13:10:52)(time 47779 - 13:16:19) ->    26(time 47860 - 13:17:40)(time 48168 - 13:22:48) ->    25(time 48249 - 13:24:09)(time 48563 - 13:29:23) ->    24(time 48644 - 13:30:44)(time 48967 - 13:36:07) ->    23(time 49048 - 13:37:28)(time 49338 - 13:42:18) ->    22(time 49419 - 13:43:39)(time 49708 - 13:48:28) ->    21(time 49743 - 13:49:03)(time 50044 - 13:54:04) ->    20(time 50125 - 13:55:25)(time 50459 - 14:00:59) ->    19(time 50494 - 14:01:34)(time 50806 - 14:06:46) ->    18(time 50887 - 14:08:07)(time 51194 - 14:13:14) ->    17(time 51275 - 14:14:35)(time 51582 - 14:19:42) ->    16(time 51663 - 14:21:03)(time 51965 - 14:26:05) ->    15(time 52046 - 14:27:26)(time 52334 - 14:32:14) ->    14(time 52610 - 14:36:50)(time 52610 - 14:36:50) ->    0(time 52886 - 14:41:26)(time 53174 - 14:46:14) ->    1(time 53255 - 14:47:35)(time 53557 - 14:52:37) ->    2(time 53638 - 14:53:58)(time 53945 - 14:59:05) ->    3(time 54026 - 15:00:26)(time 54333 - 15:05:33) ->    4(time 54414 - 15:06:54)(time 54726 - 15:12:06) ->    5(time 54761 - 15:12:41)(time 55095 - 15:18:15) ->    6(time 55176 - 15:19:36)(time 55477 - 15:24:37) ->    7(time 55512 - 15:25:12)(time 55801 - 15:30:01) ->    8(time 55882 - 15:31:22)(time 56172 - 15:36:12) ->    9(time 56253 - 15:37:33)(time 56576 - 15:42:56) ->    10(time 56657 - 15:44:17)(time 56971 - 15:49:31) ->    11(time 57052 - 15:50:52)(time 57360 - 15:56:00) ->    12(time 57441 - 15:57:21)(time 57768 - 16:02:48) ->    13(time 58044 - 16:07:24)(time 58044 - 16:07:24) -> 27
=============
Train 2
=============
> Trip 0
   27(time 4985 - 01:23:05)(time 5312 - 01:28:32) ->    26(time 5393 - 01:29:53)(time 5701 - 01:35:01) ->    25(time 5782 - 01:36:22)(time 6096 - 01:41:36) ->    24(time 6555 - 01:49:15)(time 6878 - 01:54:38) ->    23(time 6959 - 01:55:59)(time 7249 - 02:00:49) ->    22(time 7330 - 02:02:10)(time 7619 - 02:06:59) ->    21(time 7654 - 02:07:34)(time 7955 - 02:12:35) ->    20(time 8036 - 02:13:56)(time 8370 - 02:19:30) ->    19(time 8405 - 02:20:05)(time 8717 - 02:25:17) ->    18(time 8798 - 02:26:38)(time 9105 - 02:31:45) ->    17(time 9375 - 02:36:15)(time 9682 - 02:41:22) ->    16(time 9763 - 02:42:43)(time 10065 - 02:47:45) ->    15(time 10146 - 02:49:06)(time 10434 - 02:53:54) ->    14(time 10710 - 02:58:30)(time 10710 - 02:58:30) ->    0(time 10797 - 02:59:57)(time 11085 - 03:04:45) ->    1(time 11166 - 03:06:06)(time 11468 - 03:11:08) ->    2(time 11549 - 03:12:29)(time 11856 - 03:17:36) ->    3(time 11937 - 03:18:57)(time 12244 - 03:24:04) ->    4(time 12325 - 03:25:25)(time 12637 - 03:30:37) ->    5(time 12672 - 03:31:12)(time 13006 - 03:36:46) ->    6(time 13087 - 03:38:07)(time 13388 - 03:43:08) ->    7(time 13423 - 03:43:43)(time 13712 - 03:48:32) ->    8(time 13793 - 03:49:53)(time 14083 - 03:54:43) ->    9(time 14164 - 03:56:04)(time 14487 - 04:01:27) ->    10(time 14757 - 04:05:57)(time 15071 - 04:11:11) ->    11(time 15152 - 04:12:32)(time 15460 - 04:17:40) ->    12(time 15541 - 04:19:01)(time 15868 - 04:24:28) ->    13(time 16144 - 04:29:04)(time 16144 - 04:29:04) -> 27
> Trip 1
   27(time 19479 - 05:24:39)(time 19806 - 05:30:06) ->    26(time 19887 - 05:31:27)(time 20195 - 05:36:35) ->    25(time 20276 - 05:37:56)(time 20590 - 05:43:10) ->    24(time 20671 - 05:44:31)(time 20994 - 05:49:54) ->    23(time 21075 - 05:51:15)(time 21365 - 05:56:05) ->    22(time 21446 - 05:57:26)(time 21735 - 06:02:15) ->    21(time 21770 - 06:02:50)(time 22071 - 06:07:51) ->    20(time 22152 - 06:09:12)(time 22486 - 06:14:46) ->    19(time 22521 - 06:15:21)(time 22833 - 06:20:33) ->    18(time 23294 - 06:28:14)(time 23601 - 06:33:21) ->    17(time 24062 - 06:41:02)(time 24369 - 06:46:09) ->    16(time 24830 - 06:53:50)(time 25132 - 06:58:52) ->    15(time 25213 - 07:00:13)(time 25501 - 07:05:01) ->    14(time 25962 - 07:12:42)(time 25962 - 07:12:42) ->    0(time 25962 - 07:12:42)(time 26250 - 07:17:30) ->    1(time 26550 - 07:22:30)(time 26852 - 07:27:32) ->    2(time 27313 - 07:35:13)(time 27620 - 07:40:20) ->    3(time 28081 - 07:48:01)(time 28388 - 07:53:08) ->    4(time 28849 - 08:00:49)(time 29161 - 08:06:01) ->    5(time 29604 - 08:13:24)(time 29938 - 08:18:58) ->    6(time 30075 - 08:21:15)(time 30376 - 08:26:16) ->    7(time 30411 - 08:26:51)(time 30700 - 08:31:40) ->    8(time 30781 - 08:33:01)(time 31071 - 08:37:51) ->    9(time 31152 - 08:39:12)(time 31475 - 08:44:35) ->    10(time 31936 - 08:52:16)(time 32250 - 08:57:30) ->    11(time 32331 - 08:58:51)(time 32639 - 09:03:59) ->    12(time 32720 - 09:05:20)(time 33047 - 09:10:47) ->    13(time 33323 - 09:15:23)(time 33323 - 09:15:23) -> 27
> Trip 2
   27(time 33681 - 09:21:21)(time 34008 - 09:26:48) ->    26(time 34089 - 09:28:09)(time 34397 - 09:33:17) ->    25(time 34478 - 09:34:38)(time 34792 - 09:39:52) ->    24(time 34873 - 09:41:13)(time 35196 - 09:46:36) ->    23(time 35277 - 09:47:57)(time 35567 - 09:52:47) ->    22(time 35648 - 09:54:08)(time 35937 - 09:58:57) ->    21(time 35972 - 09:59:32)(time 36273 - 10:04:33) ->    20(time 36354 - 10:05:54)(time 36688 - 10:11:28) ->    19(time 37149 - 10:19:09)(time 37461 - 10:24:21) ->    18(time 37542 - 10:25:42)(time 37849 - 10:30:49) ->    17(time 37930 - 10:32:10)(time 38237 - 10:37:17) ->    16(time 38318 - 10:38:38)(time 38620 - 10:43:40) ->    15(time 38921 - 10:48:41)(time 39209 - 10:53:29) ->    14(time 39485 - 10:58:05)(time 39485 - 10:58:05) ->    0(time 39485 - 10:58:05)(time 39773 - 11:02:53) ->    1(time 39854 - 11:04:14)(time 40156 - 11:09:16) ->    2(time 40237 - 11:10:37)(time 40544 - 11:15:44) ->    3(time 40625 - 11:17:05)(time 40932 - 11:22:12) ->    4(time 41013 - 11:23:33)(time 41325 - 11:28:45) ->    5(time 41360 - 11:29:20)(time 41694 - 11:34:54) ->    6(time 41775 - 11:36:15)(time 42076 - 11:41:16) ->    7(time 42111 - 11:41:51)(time 42400 - 11:46:40) ->    8(time 42481 - 11:48:01)(time 42771 - 11:52:51) ->    9(time 42852 - 11:54:12)(time 43175 - 11:59:35) ->    10(time 43256 - 12:00:56)(time 43570 - 12:06:10) ->    11(time 43651 - 12:07:31)(time 43959 - 12:12:39) ->    12(time 44040 - 12:14:00)(time 44367 - 12:19:27) ->    13(time 44643 - 12:24:03)(time 44643 - 12:24:03) -> 27
> Trip 3
   27(time 47626 - 13:13:46)(time 47953 - 13:19:13) ->    26(time 48034 - 13:20:34)(time 48342 - 13:25:42) ->    25(time 48423 - 13:27:03)(time 48737 - 13:32:17) ->    24(time 48818 - 13:33:38)(time 49141 - 13:39:01) ->    23(time 49222 - 13:40:22)(time 49512 - 13:45:12) ->    22(time 49593 - 13:46:33)(time 49882 - 13:51:22) ->    21(time 49917 - 13:51:57)(time 50218 - 13:56:58) ->    20(time 50299 - 13:58:19)(time 50633 - 14:03:53) ->    19(time 50668 - 14:04:28)(time 50980 - 14:09:40) ->    18(time 51061 - 14:11:01)(time 51368 - 14:16:08) ->    17(time 51449 - 14:17:29)(time 51756 - 14:22:36) ->    16(time 52215 - 14:30:15)(time 52517 - 14:35:17) ->    15(time 52598 - 14:36:38)(time 52886 - 14:41:26) ->    14(time 53162 - 14:46:02)(time 53162 - 14:46:02) ->    0(time 53162 - 14:46:02)(time 53450 - 14:50:50) ->    1(time 53807 - 14:56:47)(time 54109 - 15:01:49) ->    2(time 54190 - 15:03:10)(time 54497 - 15:08:17) ->    3(time 54578 - 15:09:38)(time 54885 - 15:14:45) ->    4(time 54966 - 15:16:06)(time 55278 - 15:21:18) ->    5(time 55313 - 15:21:53)(time 55647 - 15:27:27) ->    6(time 55728 - 15:28:48)(time 56029 - 15:33:49) ->    7(time 56064 - 15:34:24)(time 56353 - 15:39:13) ->    8(time 56434 - 15:40:34)(time 56724 - 15:45:24) ->    9(time 56805 - 15:46:45)(time 57128 - 15:52:08) ->    10(time 57209 - 15:53:29)(time 57523 - 15:58:43) ->    11(time 57604 - 16:00:04)(time 57912 - 16:05:12) ->    12(time 57993 - 16:06:33)(time 58320 - 16:12:00) ->    13(time 58596 - 16:16:36)(time 58596 - 16:16:36) -> 27
=============
Train 3
=============
> Trip 0
   27(time 4898 - 01:21:38)(time 5225 - 01:27:05) ->    26(time 5306 - 01:28:26)(time 5614 - 01:33:34) ->    25(time 5695 - 01:34:55)(time 6009 - 01:40:09) ->    24(time 6090 - 01:41:30)(time 6413 - 01:46:53) ->    23(time 6872 - 01:54:32)(time 7162 - 01:59:22) ->    22(time 7243 - 02:00:43)(time 7532 - 02:05:32) ->    21(time 7567 - 02:06:07)(time 7868 - 02:11:08) ->    20(time 7949 - 02:12:29)(time 8283 - 02:18:03) ->    19(time 8318 - 02:18:38)(time 8630 - 02:23:50) ->    18(time 8711 - 02:25:11)(time 9018 - 02:30:18) ->    17(time 9099 - 02:31:39)(time 9406 - 02:36:46) ->    16(time 9487 - 02:38:07)(time 9789 - 02:43:09) ->    15(time 9870 - 02:44:30)(time 10158 - 02:49:18) ->    14(time 10434 - 02:53:54)(time 10434 - 02:53:54) ->    0(time 10710 - 02:58:30)(time 10998 - 03:03:18) ->    1(time 11079 - 03:04:39)(time 11381 - 03:09:41) ->    2(time 11462 - 03:11:02)(time 11769 - 03:16:09) ->    3(time 11850 - 03:17:30)(time 12157 - 03:22:37) ->    4(time 12238 - 03:23:58)(time 12550 - 03:29:10) ->    5(time 12585 - 03:29:45)(time 12919 - 03:35:19) ->    6(time 13000 - 03:36:40)(time 13301 - 03:41:41) ->    7(time 13336 - 03:42:16)(time 13625 - 03:47:05) ->    8(time 13706 - 03:48:26)(time 13996 - 03:53:16) ->    9(time 14077 - 03:54:37)(time 14400 - 04:00:00) ->    10(time 14481 - 04:01:21)(time 14795 - 04:06:35) ->    11(time 14876 - 04:07:56)(time 15184 - 04:13:04) ->    12(time 15265 - 04:14:25)(time 15592 - 04:19:52) ->    13(time 15868 - 04:24:28)(time 15868 - 04:24:28) -> 27
> Trip 1
   27(time 16147 - 04:29:07)(time 16474 - 04:34:34) ->    26(time 16555 - 04:35:55)(time 16863 - 04:41:03) ->    25(time 16944 - 04:42:24)(time 17258 - 04:47:38) ->    24(time 17339 - 04:48:59)(time 17662 - 04:54:22) ->    23(time 17743 - 04:55:43)(time 18033 - 05:00:33) ->    22(time 18114 - 05:01:54)(time 18403 - 05:06:43) ->    21(time 18438 - 05:07:18)(time 18739 - 05:12:19) ->    20(time 18820 - 05:13:40)(time 19154 - 05:19:14) ->    19(time 19189 - 05:19:49)(time 19501 - 05:25:01) ->    18(time 19582 - 05:26:22)(time 19889 - 05:31:29) ->    17(time 19970 - 05:32:50)(time 20277 - 05:37:57) ->    16(time 20358 - 05:39:18)(time 20660 - 05:44:20) ->    15(time 20741 - 05:45:41)(time 21029 - 05:50:29) ->    14(time 21305 - 05:55:05)(time 21305 - 05:55:05) ->    0(time 21305 - 05:55:05)(time 21593 - 05:59:53) ->    1(time 21674 - 06:01:14)(time 21976 - 06:06:16) ->    2(time 22057 - 06:07:37)(time 22364 - 06:12:44) ->    3(time 22445 - 06:14:05)(time 22752 - 06:19:12) ->    4(time 22833 - 06:20:33)(time 23145 - 06:25:45) ->    5(time 23180 - 06:26:20)(time 23514 - 06:31:54) ->    6(time 23729 - 06:35:29)(time 24030 - 06:40:30) ->    7(time 24065 - 06:41:05)(time 24354 - 06:45:54) ->    8(time 24435 - 06:47:15)(time 24725 - 06:52:05) ->    9(time 24806 - 06:53:26)(time 25129 - 06:58:49) ->    10(time 25210 - 07:00:10)(time 25524 - 07:05:24) ->    11(time 25605 - 07:06:45)(time 25913 - 07:11:53) ->    12(time 25994 - 07:13:14)(time 26321 - 07:18:41) ->    13(time 26597 - 07:23:17)(time 26597 - 07:23:17) -> 27
> Trip 2
   27(time 26597 - 07:23:17)(time 26924 - 07:28:44) ->    26(time 27005 - 07:30:05)(time 27313 - 07:35:13) ->    25(time 27394 - 07:36:34)(time 27708 - 07:41:48) ->    24(time 27789 - 07:43:09)(time 28112 - 07:48:32) ->    23(time 28193 - 07:49:53)(time 28483 - 07:54:43) ->    22(time 28564 - 07:56:04)(time 28853 - 08:00:53) ->    21(time 28888 - 08:01:28)(time 29189 - 08:06:29) ->    20(time 29270 - 08:07:50)(time 29604 - 08:13:24) ->    19(time 29639 - 08:13:59)(time 29951 - 08:19:11) ->    18(time 30032 - 08:20:32)(time 30339 - 08:25:39) ->    17(time 30420 - 08:27:00)(time 30727 - 08:32:07) ->    16(time 30808 - 08:33:28)(time 31110 - 08:38:30) ->    15(time 31191 - 08:39:51)(time 31479 - 08:44:39) ->    14(time 31755 - 08:49:15)(time 31755 - 08:49:15) ->    0(time 31755 - 08:49:15)(time 32043 - 08:54:03) ->    1(time 32124 - 08:55:24)(time 32426 - 09:00:26) ->    2(time 32507 - 09:01:47)(time 32814 - 09:06:54) ->    3(time 32895 - 09:08:15)(time 33202 - 09:13:22) ->    4(time 33283 - 09:14:43)(time 33595 - 09:19:55) ->    5(time 33630 - 09:20:30)(time 33964 - 09:26:04) ->    6(time 34235 - 09:30:35)(time 34536 - 09:35:36) ->    7(time 34571 - 09:36:11)(time 34860 - 09:41:00) ->    8(time 34941 - 09:42:21)(time 35231 - 09:47:11) ->    9(time 35312 - 09:48:32)(time 35635 - 09:53:55) ->    10(time 35716 - 09:55:16)(time 36030 - 10:00:30) ->    11(time 36111 - 10:01:51)(time 36419 - 10:06:59) ->    12(time 36500 - 10:08:20)(time 36827 - 10:13:47) ->    13(time 37103 - 10:18:23)(time 37103 - 10:18:23) -> 27
> Trip 3
   27(time 47539 - 13:12:19)(time 47866 - 13:17:46) ->    26(time 47947 - 13:19:07)(time 48255 - 13:24:15) ->    25(time 48336 - 13:25:36)(time 48650 - 13:30:50) ->    24(time 48731 - 13:32:11)(time 49054 - 13:37:34) ->    23(time 49135 - 13:38:55)(time 49425 - 13:43:45) ->    22(time 49506 - 13:45:06)(time 49795 - 13:49:55) ->    21(time 49830 - 13:50:30)(time 50131 - 13:55:31) ->    20(time 50212 - 13:56:52)(time 50546 - 14:02:26) ->    19(time 50581 - 14:03:01)(time 50893 - 14:08:13) ->    18(time 50974 - 14:09:34)(time 51281 - 14:14:41) ->    17(time 51362 - 14:16:02)(time 51669 - 14:21:09) ->    16(time 51756 - 14:22:36)(time 52058 - 14:27:38) ->    15(time 52322 - 14:32:02)(time 52610 - 14:36:50) ->    14(time 52886 - 14:41:26)(time 52886 - 14:41:26) ->    0(time 52973 - 14:42:53)(time 53261 - 14:47:41) ->    1(time 53342 - 14:49:02)(time 53644 - 14:54:04) ->    2(time 53725 - 14:55:25)(time 54032 - 15:00:32) ->    3(time 54113 - 15:01:53)(time 54420 - 15:07:00) ->    4(time 54501 - 15:08:21)(time 54813 - 15:13:33) ->    5(time 54848 - 15:14:08)(time 55182 - 15:19:42) ->    6(time 55263 - 15:21:03)(time 55564 - 15:26:04) ->    7(time 55599 - 15:26:39)(time 55888 - 15:31:28) ->    8(time 55969 - 15:32:49)(time 56259 - 15:37:39) ->    9(time 56340 - 15:39:00)(time 56663 - 15:44:23) ->    10(time 56933 - 15:48:53)(time 57247 - 15:54:07) ->    11(time 57328 - 15:55:28)(time 57636 - 16:00:36) ->    12(time 57717 - 16:01:57)(time 58044 - 16:07:24) ->    13(time 58320 - 16:12:00)(time 58320 - 16:12:00) -> 27
----- t4p5r7h2.txt-model.log -----
   3965   544    21484.0000   357    26287.0000    21346.0000 54801019   18.80%
   3967   546    21484.0000   350    26287.0000    21346.0000 54801707   18.80%
   3969   548    21484.0000   347    26287.0000    21346.0000 54802922   18.80%
Elapsed time = 41323.55 sec. (44031295.12 ticks, tree = 8.54 MB, solutions = 28)
   3972   551    23454.0000   225    26287.0000    21346.0000 54804690   18.80%
   3975   554    22315.0000   223    26287.0000    21346.0000 54804978   18.80%
   3981   560    26057.0000   139    26287.0000    21346.0000 54805447   18.80%
   3987   562    21484.0000   381    26287.0000    21346.0000 54806423   18.80%
   3991   566    25174.0000   216    26287.0000    21346.0000 54808665   18.80%
   3997   568    22040.0000   315    26287.0000    21346.0000 54811064   18.80%
   4007   572    infeasible          26287.0000    21346.0000 54814956   18.80%
   4010   575    25400.0000   203    26287.0000    21346.0000 54816528   18.80%
   4016   577    25814.0000   206    26287.0000    21346.0000 54820199   18.80%
   4024   581    22593.0000   300    26287.0000    21346.0000 54823212   18.80%
Elapsed time = 41492.40 sec. (44196568.21 ticks, tree = 9.11 MB, solutions = 28)
   4027   584    22039.0000   291    26287.0000    21346.0000 54825578   18.80%
   4030   587    22039.0000   271    26287.0000    21346.0000 54825846   18.80%
   4033   590    22177.0000   205    26287.0000    21346.0000 54826204   18.80%
   4037   592    22315.0000   229    26287.0000    21346.0000 54826406   18.80%
   4040   595    23780.0000   190    26287.0000    21346.0000 54826515   18.80%
   4043   596    23780.0000   171    26287.0000    21346.0000 54826723   18.80%
   4046   599    23780.0000   178    26287.0000    21346.0000 54826833   18.80%
   4049   602    23918.0000   140    26287.0000    21346.0000 54826919   18.80%
   4057   602    22039.0000   308    26287.0000    21346.0000 54829134   18.80%
   4061   606    25561.0000   244    26287.0000    21346.0000 54829401   18.80%
Elapsed time = 41675.85 sec. (44372628.92 ticks, tree = 9.56 MB, solutions = 28)
   4071   610    21346.0000   379    26287.0000    21346.0000 54833614   18.80%
   4074   613    25422.0000   267    26287.0000    21346.0000 54836298   18.80%
   4080   619    25561.0000   162    26287.0000    21346.0000 54837395   18.80%
   4089   624    25699.0000    96    26287.0000    21346.0000 54837931   18.80%
   4095   626    25284.0000   383    26287.0000    21346.0000 54841300   18.80%
   4100   629    25284.0000   232    26287.0000    21346.0000 54841720   18.80%
   4109   636    25977.0000   113    26287.0000    21346.0000 54842685   18.80%
   4114   637    21347.0000   374    26287.0000    21346.0000 54846037   18.80%
   4121   642    25561.0000   180    26287.0000    21346.0000 54848848   18.80%
   4133   648    21346.0000   388    26287.0000    21346.0000 54853421   18.80%
Elapsed time = 41843.83 sec. (44541248.13 ticks, tree = 10.30 MB, solutions = 28)
   4136   651    23366.0000   265    26287.0000    21346.0000 54855263   18.80%
   4139   654    21577.0000   334    26287.0000    21346.0000 54858246   18.80%
   4143   658    23228.0000   231    26287.0000    21346.0000 54859745   18.80%
   4147   662    24972.0000   183    26287.0000    21346.0000 54860285   18.80%
   4155   670    25819.0000    74    26287.0000    21346.0000 54861674   18.80%
   4166   675    25285.0000   262    26287.0000    21346.0000 54863255   18.80%
   4178   683    21346.0000   349    26287.0000    21346.0000 54865031   18.80%
   4183   688    25284.0000   202    26287.0000    21346.0000 54866324   18.80%
   4189   694    25809.0000   126    26287.0000    21346.0000 54866567   18.80%
   4200   697    21346.0000   347    26287.0000    21346.0000 54866978   18.80%
Elapsed time = 42022.30 sec. (44716920.50 ticks, tree = 11.16 MB, solutions = 28)
   4205   702    25560.0000   192    26287.0000    21346.0000 54867511   18.80%
   4217   707    21346.0000   454    26287.0000    21346.0000 54871237   18.80%
   4227   711    21346.0000   450    26287.0000    21346.0000 54878603   18.80%
   4230   714    21346.0000   427    26287.0000    21346.0000 54881813   18.80%
   4233   717    23316.0000   373    26287.0000    21346.0000 54885532   18.80%
   4236   720    21346.0000   385    26287.0000    21346.0000 54886050   18.80%
   4239   723    21346.0000   370    26287.0000    21346.0000 54887507   18.80%
   4242   726    21484.0000   340    26287.0000    21346.0000 54889182   18.80%
   4244   728    21484.0000   274    26287.0000    21346.0000 54889739   18.80%
   4247   729    21760.0000   250    26287.0000    21346.0000 54890088   18.80%
Elapsed time = 42217.48 sec. (44914432.10 ticks, tree = 11.70 MB, solutions = 28)
   4249   731    21760.0000   221    26287.0000    21346.0000 54891184   18.80%
   4251   733    21760.0000   187    26287.0000    21346.0000 54891283   18.80%
   4253   735    21898.0000   153    26287.0000    21346.0000 54891349   18.80%
   4257   739    21898.0000   152    26287.0000    21346.0000 54891536   18.80%
   4261   743    24194.0000   136    26287.0000    21346.0000 54891839   18.80%
   4266   744    21346.0000   334    26287.0000    21346.0000 54892629   18.80%
   4269   745    21622.0000   266    26287.0000    21346.0000 54893858   18.80%
   4271   747    21622.0000   246    26287.0000    21346.0000 54894149   18.80%
   4273   749    21622.0000   228    26287.0000    21346.0000 54895105   18.80%
   4275   751    21760.0000   184    26287.0000    21346.0000 54895145   18.80%
Elapsed time = 42450.53 sec. (45128819.81 ticks, tree = 12.08 MB, solutions = 28)
   4277   753    21760.0000   170    26287.0000    21346.0000 54895156   18.80%
   4279   755    21760.0000   173    26287.0000    21346.0000 54895243   18.80%
   4282   758    21898.0000   154    26287.0000    21346.0000 54895314   18.80%
   4285   761    23642.0000   132    26287.0000    21346.0000 54895447   18.80%
   4291   761    21622.0000   279    26287.0000    21346.0000 54897114   18.80%
   4296   766    25974.0000   170    26287.0000    21346.0000 54898505   18.80%
   4303   767    21346.0000   344    26287.0000    21346.0000 54898966   18.80%
   4306   770    21484.0000   248    26287.0000    21346.0000 54899773   18.80%
   4311   771    infeasible          26287.0000    21346.0000 54900865   18.80%
   4318   774    25726.0000   102    26287.0000    21346.0000 54901630   18.80%
Elapsed time = 42644.95 sec. (45314285.06 ticks, tree = 12.48 MB, solutions = 28)
   4326   776    21622.0000   275    26287.0000    21346.0000 54902168   18.80%
   4328   778    21760.0000   234    26287.0000    21346.0000 54902475   18.80%
   4330   780    21760.0000   213    26287.0000    21346.0000 54902833   18.80%
   4332   782    21760.0000   221    26287.0000    21346.0000 54902969   18.80%
   4334   784    21760.0000   193    26287.0000    21346.0000 54903206   18.80%
   4336   786    21898.0000   175    26287.0000    21346.0000 54903339   18.80%
   4339   789    23780.0000   164    26287.0000    21346.0000 54903919   18.80%
   4346   790    21346.0000   256    26287.0000    21346.0000 54904518   18.80%
   4348   792    21622.0000   217    26287.0000    21346.0000 54904808   18.80%
   4350   794    21760.0000   191    26287.0000    21346.0000 54905103   18.80%
Elapsed time = 42832.01 sec. (45490538.50 ticks, tree = 12.83 MB, solutions = 28)
   4354   796    22042.0000   164    26287.0000    21346.0000 54905388   18.80%
   4356   798    22042.0000   154    26287.0000    21346.0000 54905504   18.80%
   4361   801    25386.0000   108    26287.0000    21346.0000 54906314   18.80%
   4371   805    21346.0000   250    26287.0000    21346.0000 54907410   18.80%
   4373   807    21484.0000   202    26287.0000    21346.0000 54907649   18.80%
   4376   810    23504.0000   169    26287.0000    21346.0000 54908083   18.80%
   4379   813    23697.0000   133    26287.0000    21346.0000 54908173   18.80%
   4388   816    21484.0000   218    26287.0000    21346.0000 54909142   18.80%
   4391   819    23697.0000   156    26287.0000    21346.0000 54909946   18.80%
   4395   819    21484.0000   198    26287.0000    21346.0000 54910335   18.80%
Elapsed time = 43022.13 sec. (45674391.17 ticks, tree = 13.27 MB, solutions = 28)
   4398   820    23366.0000   161    26287.0000    21346.0000 54910619   18.80%
   4401   823    23835.0000   117    26287.0000    21346.0000 54911443   18.80%
   4404   826    23973.0000   107    26287.0000    21346.0000 54911513   18.80%
   4408   826    21622.0000   255    26287.0000    21346.0000 54912716   18.80%
   4411   829    23366.0000   230    26287.0000    21346.0000 54913139   18.80%
   4415   833    23504.0000   180    26287.0000    21346.0000 54913510   18.80%
   4421   839    25717.0000   120    26287.0000    21346.0000 54913842   18.80%
   4426   840    21622.0000   317    26287.0000    21346.0000 54915907   18.80%
   4429   841    23366.0000   250    26287.0000    21346.0000 54916901   18.80%

GUB cover cuts applied:  98
Clique cuts applied:  78
Cover cuts applied:  2435
Implied bound cuts applied:  887
Flow cuts applied:  1263
Mixed integer rounding cuts applied:  2043
Zero-half cuts applied:  336
Lift and project cuts applied:  1
Gomory fractional cuts applied:  4

Root node processing (before b&c):
  Real time             =  784.28 sec. (554512.37 ticks)
Sequential b&c:
  Real time             = 42415.75 sec. (45289787.36 ticks)
                          ------------
Total (root+branch&cut) = 43200.03 sec. (45844299.74 ticks)
Feasible

>> Printing some results...
    -> Solution value = 26287 - 07:18:07
    -> Total time = 43200.03
    -> Gap value = 0.19

=============
Train 0
=============
> Trip 0
   0(time 1954 - 00:32:34)(time 2370 - 00:39:30) ->    1(time 2508 - 00:41:48)(time 2927 - 00:48:47) ->    2(time 2982 - 00:49:42)(time 3412 - 00:56:52) ->    3(time 3488 - 00:58:08)(time 3923 - 01:05:23) ->    4(time 4116 - 01:08:36)(time 4116 - 01:08:36) ->    9(time 4116 - 01:08:36)(time 4551 - 01:15:51) ->    8(time 4627 - 01:17:07)(time 5057 - 01:24:17) ->    7(time 5195 - 01:26:35)(time 5614 - 01:33:34) ->    6(time 5752 - 01:35:52)(time 6168 - 01:42:48) ->    5(time 6306 - 01:45:06)(time 6306 - 01:45:06) -> 0
> Trip 1
   0(time 6306 - 01:45:06)(time 6722 - 01:52:02) ->    1(time 6860 - 01:54:20)(time 7279 - 02:01:19) ->    2(time 7334 - 02:02:14)(time 7764 - 02:09:24) ->    3(time 7849 - 02:10:49)(time 8284 - 02:18:04) ->    4(time 8422 - 02:20:22)(time 8422 - 02:20:22) ->    9(time 8422 - 02:20:22)(time 8857 - 02:27:37) ->    8(time 8933 - 02:28:53)(time 9363 - 02:36:03) ->    7(time 9501 - 02:38:21)(time 9920 - 02:45:20) ->    6(time 10058 - 02:47:38)(time 10474 - 02:54:34) ->    5(time 10612 - 02:56:52)(time 10612 - 02:56:52) -> 0
> Trip 2
   0(time 10612 - 02:56:52)(time 11028 - 03:03:48) ->    1(time 11166 - 03:06:06)(time 11585 - 03:13:05) ->    2(time 11723 - 03:15:23)(time 12153 - 03:22:33) ->    3(time 12229 - 03:23:49)(time 12664 - 03:31:04) ->    4(time 13130 - 03:38:50)(time 13130 - 03:38:50) ->    9(time 13596 - 03:46:36)(time 14031 - 03:53:51) ->    8(time 14283 - 03:58:03)(time 14713 - 04:05:13) ->    7(time 14768 - 04:06:08)(time 15187 - 04:13:07) ->    6(time 15653 - 04:20:53)(time 16069 - 04:27:49) ->    5(time 16535 - 04:35:35)(time 16535 - 04:35:35) -> 0
> Trip 3
   0(time 16763 - 04:39:23)(time 17179 - 04:46:19) ->    1(time 17317 - 04:48:37)(time 17736 - 04:55:36) ->    2(time 17905 - 04:58:25)(time 18335 - 05:05:35) ->    3(time 18411 - 05:06:51)(time 18846 - 05:14:06) ->    4(time 18984 - 05:16:24)(time 18984 - 05:16:24) ->    9(time 18984 - 05:16:24)(time 19419 - 05:23:39) ->    8(time 19583 - 05:26:23)(time 20013 - 05:33:33) ->    7(time 20234 - 05:37:14)(time 20653 - 05:44:13) ->    6(time 20791 - 05:46:31)(time 21207 - 05:53:27) ->    5(time 21673 - 06:01:13)(time 21673 - 06:01:13) -> 0
> Trip 4
   0(time 22367 - 06:12:47)(time 22783 - 06:19:43) ->    1(time 23053 - 06:24:13)(time 23472 - 06:31:12) ->    2(time 23527 - 06:32:07)(time 23957 - 06:39:17) ->    3(time 24077 - 06:41:17)(time 24512 - 06:48:32) ->    4(time 24978 - 06:56:18)(time 24978 - 06:56:18) ->    9(time 25444 - 07:04:04)(time 25879 - 07:11:19) ->    8(time 25955 - 07:12:35)(time 26385 - 07:19:45) ->    7(time 26440 - 07:20:40)(time 26859 - 07:27:39) ->    6(time 26997 - 07:29:57)(time 27413 - 07:36:53) ->    5(time 27551 - 07:39:11)(time 27551 - 07:39:11) -> 0
> Trip 5
   0(time 27689 - 07:41:29)(time 28105 - 07:48:25) ->    1(time 28243 - 07:50:43)(time 28662 - 07:57:42) ->    2(time 28717 - 07:58:37)(time 29147 - 08:05:47) ->    3(time 29223 - 08:07:03)(time 29658 - 08:14:18) ->    4(time 29796 - 08:16:36)(time 29796 - 08:16:36) ->    9(time 29934 - 08:18:54)(time 30369 - 08:26:09) ->    8(time 30445 - 08:27:25)(time 30875 - 08:34:35) ->    7(time 30930 - 08:35:30)(time 31349 - 08:42:29) ->    6(time 31487 - 08:44:47)(time 31903 - 08:51:43) ->    5(time 32041 - 08:54:01)(time 32041 - 08:54:01) -> 0
=============
Train 1
=============
> Trip 0
   0(time 1816 - 00:30:16)(time 2232 - 00:37:12) ->    1(time 2370 - 00:39:30)(time 2789 - 00:46:29) ->    2(time 2844 - 00:47:24)(time 3274 - 00:54:34) ->    3(time 3350 - 00:55:50)(time 3785 - 01:03:05) ->    4(time 3923 - 01:05:23)(time 3923 - 01:05:23) ->    9(time 3999 - 01:06:39)(time 4434 - 01:13:54) ->    8(time 4510 - 01:15:10)(time 4940 - 01:22:20) ->    7(time 5057 - 01:24:17)(time 5476 - 01:31:16) ->    6(time 5614 - 01:33:34)(time 6030 - 01:40:30) ->    5(time 6168 - 01:42:48)(time 6168 - 01:42:48) -> 0
> Trip 1
   0(time 8252 - 02:17:32)(time 8668 - 02:24:28) ->    1(time 8806 - 02:26:46)(time 9225 - 02:33:45) ->    2(time 9363 - 02:36:03)(time 9793 - 02:43:13) ->    3(time 9869 - 02:44:29)(time 10304 - 02:51:44) ->    4(time 10442 - 02:54:02)(time 10442 - 02:54:02) ->    9(time 10442 - 02:54:02)(time 10877 - 03:01:17) ->    8(time 11079 - 03:04:39)(time 11509 - 03:11:49) ->    7(time 11585 - 03:13:05)(time 12004 - 03:20:04) ->    6(time 12470 - 03:27:50)(time 12886 - 03:34:46) ->    5(time 13024 - 03:37:04)(time 13024 - 03:37:04) -> 0
> Trip 2
   0(time 14633 - 04:03:53)(time 15049 - 04:10:49) ->    1(time 15187 - 04:13:07)(time 15606 - 04:20:06) ->    2(time 15661 - 04:21:01)(time 16091 - 04:28:11) ->    3(time 16167 - 04:29:27)(time 16602 - 04:36:42) ->    4(time 16740 - 04:39:00)(time 16740 - 04:39:00) ->    9(time 16816 - 04:40:16)(time 17251 - 04:47:31) ->    8(time 17389 - 04:49:49)(time 17819 - 04:56:59) ->    7(time 17874 - 04:57:54)(time 18293 - 05:04:53) ->    6(time 18431 - 05:07:11)(time 18847 - 05:14:07) ->    5(time 18985 - 05:16:25)(time 18985 - 05:16:25) -> 0
> Trip 3
   0(time 18985 - 05:16:25)(time 19401 - 05:23:21) ->    1(time 19539 - 05:25:39)(time 19958 - 05:32:38) ->    2(time 20013 - 05:33:33)(time 20443 - 05:40:43) ->    3(time 20519 - 05:41:59)(time 20954 - 05:49:14) ->    4(time 21092 - 05:51:32)(time 21092 - 05:51:32) ->    9(time 21230 - 05:53:50)(time 21665 - 06:01:05) ->    8(time 21741 - 06:02:21)(time 22171 - 06:09:31) ->    7(time 22226 - 06:10:26)(time 22645 - 06:17:25) ->    6(time 22783 - 06:19:43)(time 23199 - 06:26:39) ->    5(time 23337 - 06:28:57)(time 23337 - 06:28:57) -> 0
> Trip 4
   0(time 23337 - 06:28:57)(time 23753 - 06:35:53) ->    1(time 23891 - 06:38:11)(time 24310 - 06:45:10) ->    2(time 24365 - 06:46:05)(time 24795 - 06:53:15) ->    3(time 24871 - 06:54:31)(time 25306 - 07:01:46) ->    4(time 25444 - 07:04:04)(time 25444 - 07:04:04) ->    9(time 25520 - 07:05:20)(time 25955 - 07:12:35) ->    8(time 26031 - 07:13:51)(time 26461 - 07:21:01) ->    7(time 26578 - 07:22:58)(time 26997 - 07:29:57) ->    6(time 27135 - 07:32:15)(time 27551 - 07:39:11) ->    5(time 27689 - 07:41:29)(time 27689 - 07:41:29) -> 0
> Trip 5
   0(time 27965 - 07:46:05)(time 28381 - 07:53:01) ->    1(time 28519 - 07:55:19)(time 28938 - 08:02:18) ->    2(time 28993 - 08:03:13)(time 29423 - 08:10:23) ->    3(time 29499 - 08:11:39)(time 29934 - 08:18:54) ->    4(time 30072 - 08:21:12)(time 30072 - 08:21:12) ->    9(time 30086 - 08:21:26)(time 30521 - 08:28:41) ->    8(time 30721 - 08:32:01)(time 31151 - 08:39:11) ->    7(time 31206 - 08:40:06)(time 31625 - 08:47:05) ->    6(time 31763 - 08:49:23)(time 32179 - 08:56:19) ->    5(time 32317 - 08:58:37)(time 32317 - 08:58:37) -> 0
=============
Train 2
=============
> Trip 0
   0(time 1678 - 00:27:58)(time 2094 - 00:34:54) ->    1(time 2232 - 00:37:12)(time 2651 - 00:44:11) ->    2(time 2706 - 00:45:06)(time 3136 - 00:52:16) ->    3(time 3212 - 00:53:32)(time 3647 - 01:00:47) ->    4(time 3785 - 01:03:05)(time 3785 - 01:03:05) ->    9(time 3923 - 01:05:23)(time 4358 - 01:12:38) ->    8(time 4434 - 01:13:54)(time 4864 - 01:21:04) ->    7(time 4919 - 01:21:59)(time 5338 - 01:28:58) ->    6(time 5476 - 01:31:16)(time 5892 - 01:38:12) ->    5(time 6030 - 01:40:30)(time 6030 - 01:40:30) -> 0
> Trip 1
   0(time 6168 - 01:42:48)(time 6584 - 01:49:44) ->    1(time 6722 - 01:52:02)(time 7141 - 01:59:01) ->    2(time 7205 - 02:00:05)(time 7635 - 02:07:15) ->    3(time 7711 - 02:08:31)(time 8146 - 02:15:46) ->    4(time 8284 - 02:18:04)(time 8284 - 02:18:04) ->    9(time 8284 - 02:18:04)(time 8719 - 02:25:19) ->    8(time 8857 - 02:27:37)(time 9287 - 02:34:47) ->    7(time 9363 - 02:36:03)(time 9782 - 02:43:02) ->    6(time 9920 - 02:45:20)(time 10336 - 02:52:16) ->    5(time 10474 - 02:54:34)(time 10474 - 02:54:34) -> 0
> Trip 2
   0(time 10474 - 02:54:34)(time 10890 - 03:01:30) ->    1(time 11028 - 03:03:48)(time 11447 - 03:10:47) ->    2(time 11585 - 03:13:05)(time 12015 - 03:20:15) ->    3(time 12091 - 03:21:31)(time 12526 - 03:28:46) ->    4(time 12664 - 03:31:04)(time 12664 - 03:31:04) ->    9(time 12664 - 03:31:04)(time 13099 - 03:38:19) ->    8(time 13175 - 03:39:35)(time 13605 - 03:46:45) ->    7(time 13660 - 03:47:40)(time 14079 - 03:54:39) ->    6(time 14217 - 03:56:57)(time 14633 - 04:03:53) ->    5(time 14771 - 04:06:11)(time 14771 - 04:06:11) -> 0
> Trip 3
   0(time 14771 - 04:06:11)(time 15187 - 04:13:07) ->    1(time 15325 - 04:15:25)(time 15744 - 04:22:24) ->    2(time 15799 - 04:23:19)(time 16229 - 04:30:29) ->    3(time 16305 - 04:31:45)(time 16740 - 04:39:00) ->    4(time 16964 - 04:42:44)(time 16964 - 04:42:44) ->    9(time 16964 - 04:42:44)(time 17399 - 04:49:59) ->    8(time 17475 - 04:51:15)(time 17905 - 04:58:25) ->    7(time 18012 - 05:00:12)(time 18431 - 05:07:11) ->    6(time 18569 - 05:09:29)(time 18985 - 05:16:25) ->    5(time 19123 - 05:18:43)(time 19123 - 05:18:43) -> 0
> Trip 4
   0(time 19261 - 05:21:01)(time 19677 - 05:27:57) ->    1(time 19815 - 05:30:15)(time 20234 - 05:37:14) ->    2(time 20289 - 05:38:09)(time 20719 - 05:45:19) ->    3(time 20795 - 05:46:35)(time 21230 - 05:53:50) ->    4(time 21368 - 05:56:08)(time 21368 - 05:56:08) ->    9(time 21834 - 06:03:54)(time 22269 - 06:11:09) ->    8(time 22735 - 06:18:55)(time 23165 - 06:26:05) ->    7(time 23472 - 06:31:12)(time 23891 - 06:38:11) ->    6(time 24357 - 06:45:57)(time 24773 - 06:52:53) ->    5(time 24911 - 06:55:11)(time 24911 - 06:55:11) -> 0
> Trip 5
   0(time 25258 - 07:00:58)(time 25674 - 07:07:54) ->    1(time 25812 - 07:10:12)(time 26231 - 07:17:11) ->    2(time 26697 - 07:24:57)(time 27127 - 07:32:07) ->    3(time 27203 - 07:33:23)(time 27638 - 07:40:38) ->    4(time 27776 - 07:42:56)(time 27776 - 07:42:56) ->    9(time 27776 - 07:42:56)(time 28211 - 07:50:11) ->    8(time 28287 - 07:51:27)(time 28717 - 07:58:37) ->    7(time 28938 - 08:02:18)(time 29357 - 08:09:17) ->    6(time 29495 - 08:11:35)(time 29911 - 08:18:31) ->    5(time 30049 - 08:20:49)(time 30049 - 08:20:49) -> 0
=============
Train 3
=============
> Trip 0
   0(time 3418 - 00:56:58)(time 3834 - 01:03:54) ->    1(time 4300 - 01:11:40)(time 4719 - 01:18:39) ->    2(time 5185 - 01:26:25)(time 5615 - 01:33:35) ->    3(time 5691 - 01:34:51)(time 6126 - 01:42:06) ->    4(time 6264 - 01:44:24)(time 6264 - 01:44:24) ->    9(time 6264 - 01:44:24)(time 6699 - 01:51:39) ->    8(time 6775 - 01:52:55)(time 7205 - 02:00:05) ->    7(time 7279 - 02:01:19)(time 7698 - 02:08:18) ->    6(time 7836 - 02:10:36)(time 8252 - 02:17:32) ->    5(time 8390 - 02:19:50)(time 8390 - 02:19:50) -> 0
> Trip 1
   0(time 8390 - 02:19:50)(time 8806 - 02:26:46) ->    1(time 8944 - 02:29:04)(time 9363 - 02:36:03) ->    2(time 9501 - 02:38:21)(time 9931 - 02:45:31) ->    3(time 10007 - 02:46:47)(time 10442 - 02:54:02) ->    4(time 10644 - 02:57:24)(time 10644 - 02:57:24) ->    9(time 10644 - 02:57:24)(time 11079 - 03:04:39) ->    8(time 11155 - 03:05:55)(time 11585 - 03:13:05) ->    7(time 12051 - 03:20:51)(time 12470 - 03:27:50) ->    6(time 12913 - 03:35:13)(time 13329 - 03:42:09) ->    5(time 13795 - 03:49:55)(time 13795 - 03:49:55) -> 0
> Trip 2
   0(time 13795 - 03:49:55)(time 14211 - 03:56:51) ->    1(time 14349 - 03:59:09)(time 14768 - 04:06:08) ->    2(time 15234 - 04:13:54)(time 15664 - 04:21:04) ->    3(time 16029 - 04:27:09)(time 16464 - 04:34:24) ->    4(time 16602 - 04:36:42)(time 16602 - 04:36:42) ->    9(time 16740 - 04:39:00)(time 17175 - 04:46:15) ->    8(time 17251 - 04:47:31)(time 17681 - 04:54:41) ->    7(time 17736 - 04:55:36)(time 18155 - 05:02:35) ->    6(time 18293 - 05:04:53)(time 18709 - 05:11:49) ->    5(time 18847 - 05:14:07)(time 18847 - 05:14:07) -> 0
> Trip 3
   0(time 19123 - 05:18:43)(time 19539 - 05:25:39) ->    1(time 19677 - 05:27:57)(time 20096 - 05:34:56) ->    2(time 20151 - 05:35:51)(time 20581 - 05:43:01) ->    3(time 20657 - 05:44:17)(time 21092 - 05:51:32) ->    4(time 21230 - 05:53:50)(time 21230 - 05:53:50) ->    9(time 21368 - 05:56:08)(time 21803 - 06:03:23) ->    8(time 21879 - 06:04:39)(time 22309 - 06:11:49) ->    7(time 22364 - 06:12:44)(time 22783 - 06:19:43) ->    6(time 22921 - 06:22:01)(time 23337 - 06:28:57) ->    5(time 23475 - 06:31:15)(time 23475 - 06:31:15) -> 0
> Trip 4
   0(time 23475 - 06:31:15)(time 23891 - 06:38:11) ->    1(time 24029 - 06:40:29)(time 24448 - 06:47:28) ->    2(time 24503 - 06:48:23)(time 24933 - 06:55:33) ->    3(time 25009 - 06:56:49)(time 25444 - 07:04:04) ->    4(time 25582 - 07:06:22)(time 25582 - 07:06:22) ->    9(time 25596 - 07:06:36)(time 26031 - 07:13:51) ->    8(time 26148 - 07:15:48)(time 26578 - 07:22:58) ->    7(time 26716 - 07:25:16)(time 27135 - 07:32:15) ->    6(time 27273 - 07:34:33)(time 27689 - 07:41:29) ->    5(time 27827 - 07:43:47)(time 27827 - 07:43:47) -> 0
> Trip 5
   0(time 27827 - 07:43:47)(time 28243 - 07:50:43) ->    1(time 28381 - 07:53:01)(time 28800 - 08:00:00) ->    2(time 28855 - 08:00:55)(time 29285 - 08:08:05) ->    3(time 29361 - 08:09:21)(time 29796 - 08:16:36) ->    4(time 29934 - 08:18:54)(time 29934 - 08:18:54) ->    9(time 30010 - 08:20:10)(time 30445 - 08:27:25) ->    8(time 30521 - 08:28:41)(time 30951 - 08:35:51) ->    7(time 31068 - 08:37:48)(time 31487 - 08:44:47) ->    6(time 31625 - 08:47:05)(time 32041 - 08:54:01) ->    5(time 32179 - 08:56:19)(time 32179 - 08:56:19) -> 0
Traceback (most recent call last):
  File "/home/renata/Train-Timetabling/script.py", line 99, in <module>
    os.remove(file_name)
FileNotFoundError: [Errno 2] No such file or directory: 'script-solution.txt'
----- t4p6r7h1.txt-model.log -----
   2842   317        cutoff          37860.0000     8444.0000 20482534   77.70%
Elapsed time = 38311.43 sec. (36944848.38 ticks, tree = 192.08 MB, solutions = 24)
   2844   317     8444.0000 13190    37860.0000     8444.0000 20606787   77.70%
   2845   318     8444.0000 12367    37860.0000     8444.0000 20648478   77.70%
   2846   319     8444.0000 11842    37860.0000     8444.0000 20654342   77.70%
   2847   319    33872.0000  6412    37860.0000     8444.0000 20686570   77.70%
   2848   320    33872.0000  5064    37860.0000     8444.0000 20701228   77.70%
*  2849+  319                        37849.0000     8444.0000            77.69%
*  2849+  316                        37836.0000     8444.0000            77.68%
   2849   316    infeasible          37836.0000     8444.0000 20703869   77.68%
   2850   317    37698.0000   236    37836.0000     8444.0000 20716321   77.68%
   2852   319    37698.0000   188    37836.0000     8444.0000 20716624   77.68%
   2854   321    37698.0000   151    37836.0000     8444.0000 20716873   77.68%
   2858   325    37740.0000    23    37836.0000     8444.0000 20717590   77.68%
Elapsed time = 38731.48 sec. (37432521.36 ticks, tree = 197.84 MB, solutions = 26)
*  2860+  321                        37818.0000     8444.0000            77.67%
   2865   325     8444.0000 12422    37818.0000     8444.0000 20755926   77.67%
   2866   326     8444.0000 12125    37818.0000     8444.0000 20772879   77.67%
   2867   327    29554.0000 12241    37818.0000     8444.0000 20801527   77.67%
   2868   328    29554.0000 10627    37818.0000     8444.0000 20874506   77.67%
   2869   329    29554.0000  8880    37818.0000     8444.0000 20916634   77.67%
   2870   328    infeasible          37818.0000     8444.0000 20921402   77.67%
   2871   327    infeasible          37818.0000     8444.0000 20925245   77.67%
   2872   328     8444.0000 12108    37818.0000     8444.0000 20928332   77.67%
   2873   329     8444.0000 12101    37818.0000     8444.0000 20930964   77.67%
   2874   328        cutoff          37818.0000     8444.0000 20943740   77.67%
Elapsed time = 39322.96 sec. (38109038.42 ticks, tree = 202.69 MB, solutions = 27)
   2875   329     8444.0000 12088    37818.0000     8444.0000 20944209   77.67%
   2876   330     8444.0000 12294    37818.0000     8444.0000 20960531   77.67%
   2877   331     8540.0000 11265    37818.0000     8444.0000 20968429   77.67%
   2878   332     8540.0000 11260    37818.0000     8444.0000 20969493   77.67%
   2879   333    29554.0000  9835    37818.0000     8444.0000 21010141   77.67%
   2880   334    29554.0000  9683    37818.0000     8444.0000 21076728   77.67%
   2881   335    29554.0000 10523    37818.0000     8444.0000 21102789   77.67%
   2882   336    29554.0000 10445    37818.0000     8444.0000 21144724   77.67%
   2883   335        cutoff          37818.0000     8444.0000 21154411   77.67%
   2884   334        cutoff          37818.0000     8444.0000 21178485   77.67%
Elapsed time = 39800.79 sec. (38688367.10 ticks, tree = 207.54 MB, solutions = 27)
   2885   335     8444.0000 11931    37818.0000     8444.0000 21187665   77.67%
   2886   334    infeasible          37818.0000     8444.0000 21198086   77.67%
   2887   335     8444.0000 13179    37818.0000     8444.0000 21248853   77.67%
   2888   334    infeasible          37818.0000     8444.0000 21268762   77.67%
   2889   333    infeasible          37818.0000     8444.0000 21271324   77.67%
   2890   334     8444.0000 12007    37818.0000     8444.0000 21338103   77.67%
   2891   335    12666.0000 10229    37818.0000     8444.0000 21374839   77.67%
   2892   336    12666.0000 10432    37818.0000     8444.0000 21388742   77.67%
   2893   335    infeasible          37818.0000     8444.0000 21399559   77.67%
   2894   336    12666.0000 12996    37818.0000     8444.0000 21423613   77.67%
Elapsed time = 40616.44 sec. (39630227.73 ticks, tree = 208.35 MB, solutions = 27)
   2895   337    12666.0000 12123    37818.0000     8444.0000 21449227   77.67%
   2896   338    12666.0000 12908    37818.0000     8444.0000 21455821   77.67%
   2897   339    29554.0000 12188    37818.0000     8444.0000 21472218   77.67%
   2898   340    29554.0000 12891    37818.0000     8444.0000 21497872   77.67%
   2899   339    infeasible          37818.0000     8444.0000 21500511   77.67%
   2900   339    29731.0000 11195    37818.0000     8444.0000 21531748   77.67%
   2901   340    29731.0000 10823    37818.0000     8444.0000 21534757   77.67%
   2902   339    infeasible          37818.0000     8444.0000 21536553   77.67%
   2903   338        cutoff          37818.0000     8444.0000 21550562   77.67%
   2904   339     8444.0000 12013    37818.0000     8444.0000 21551835   77.67%
Elapsed time = 40967.78 sec. (40074563.31 ticks, tree = 210.77 MB, solutions = 27)
   2905   340     8444.0000 12426    37818.0000     8444.0000 21584576   77.67%
   2906   341     8540.0000 11897    37818.0000     8444.0000 21610046   77.67%
   2907   342     8540.0000 10269    37818.0000     8444.0000 21624792   77.67%
   2908   343     9744.5650  9154    37818.0000     8444.0000 21635948   77.67%
   2909   342    infeasible          37818.0000     8444.0000 21637069   77.67%
   2910   341    infeasible          37818.0000     8444.0000 21656538   77.67%
   2911   340        cutoff          37818.0000     8444.0000 21671186   77.67%
   2912   341     8444.0000 12884    37818.0000     8444.0000 21716272   77.67%
   2913   342    12666.0000 10530    37818.0000     8444.0000 21794070   77.67%
   2914   343    13569.4618  9156    37818.0000     8444.0000 21845553   77.67%
Elapsed time = 41558.92 sec. (40738636.49 ticks, tree = 214.00 MB, solutions = 27)
   2915   344    34103.0000  7238    37818.0000     8444.0000 21859983   77.67%
   2916   343    infeasible          37818.0000     8444.0000 21861821   77.67%
   2917   342    infeasible          37818.0000     8444.0000 21862814   77.67%
   2918   343     8444.0000 11825    37818.0000     8444.0000 21956275   77.67%
   2919   343    29554.0000 11440    37818.0000     8444.0000 21979751   77.67%
Starting limited solution polishing.
   2920   344    29554.0000 11299    37818.0000     8444.0000 21986945   77.67%
   2921   345    29554.0000 11773    37818.0000     8444.0000 22000333   77.67%
   2922   346    29554.0000 12017    37818.0000     8444.0000 22000760   77.67%
   2923   347    29554.0000 11741    37818.0000     8444.0000 22003077   77.67%
   2924   346    infeasible          37818.0000     8444.0000 22006368   77.67%
Elapsed time = 42082.78 sec. (41489340.76 ticks, tree = 217.24 MB, solutions = 27)
   2925   347    29554.0000 10758    37818.0000     8444.0000 22022600   77.67%
   2926   348    29908.0000  9604    37818.0000     8444.0000 22087717   77.67%
   2927   349    29554.0000 10728    37818.0000     8444.0000 22090043   77.67%
   2928   350    29908.0000  9557    37818.0000     8444.0000 22100119   77.67%
   2929   349    infeasible          37818.0000     8444.0000 22102284   77.67%
   2930   348    infeasible          37818.0000     8444.0000 22107160   77.67%
   2931   347    infeasible          37818.0000     8444.0000 22116947   77.67%
   2932   348     8444.0000 11800    37818.0000     8444.0000 22217444   77.67%
   2933   347    infeasible          37818.0000     8444.0000 22236251   77.67%
   2934   348     8444.0000 11831    37818.0000     8444.0000 22352669   77.67%
Elapsed time = 43030.57 sec. (42625149.39 ticks, tree = 218.04 MB, solutions = 27)
   2935   347    infeasible          37818.0000     8444.0000 22392523   77.67%
   2936   348     8444.0000 11824    37818.0000     8444.0000 22392541   77.67%
   2937   348    34103.0000  3495    37818.0000     8444.0000 22433939   77.67%

GUB cover cuts applied:  3
Clique cuts applied:  8
Cover cuts applied:  530
Implied bound cuts applied:  1214
Flow cuts applied:  140
Mixed integer rounding cuts applied:  234
Zero-half cuts applied:  75
Gomory fractional cuts applied:  5

Root node processing (before b&c):
  Real time             = 4495.90 sec. (3490929.80 ticks)
Sequential b&c:
  Real time             = 38704.15 sec. (39332460.41 ticks)
                          ------------
Total (root+branch&cut) = 43200.04 sec. (42823390.21 ticks)
Feasible

>> Printing some results...
    -> Solution value = 37817 - 10:30:17
    -> Total time = 43200.05
    -> Gap value = 0.78

=============
Train 0
=============
> Trip 0
   11(time 409 - 00:06:49)(time 714 - 00:11:54) ->    10(time 810 - 00:13:30)(time 1113 - 00:18:33) ->    9(time 1472 - 00:24:32)(time 1778 - 00:29:38) ->    8(time 1846 - 00:30:46)(time 2132 - 00:35:32) ->    7(time 2491 - 00:41:31)(time 2788 - 00:46:28) ->    6(time 3147 - 00:52:27)(time 3147 - 00:52:27) ->    0(time 3147 - 00:52:27)(time 3444 - 00:57:24) ->    1(time 3621 - 01:00:21)(time 3907 - 01:05:07) ->    2(time 4266 - 01:11:06)(time 4572 - 01:16:12) ->    3(time 4668 - 01:17:48)(time 4971 - 01:22:51) ->    4(time 5067 - 01:24:27)(time 5372 - 01:29:32) ->    5(time 5549 - 01:32:29)(time 5549 - 01:32:29) -> 11
> Trip 1
   11(time 6609 - 01:50:09)(time 6914 - 01:55:14) ->    10(time 7010 - 01:56:50)(time 7313 - 02:01:53) ->    9(time 7409 - 02:03:29)(time 7715 - 02:08:35) ->    8(time 7864 - 02:11:04)(time 8150 - 02:15:50) ->    7(time 8327 - 02:18:47)(time 8624 - 02:23:44) ->    6(time 8801 - 02:26:41)(time 8801 - 02:26:41) ->    0(time 9052 - 02:30:52)(time 9349 - 02:35:49) ->    1(time 9708 - 02:41:48)(time 9994 - 02:46:34) ->    2(time 10062 - 02:47:42)(time 10368 - 02:52:48) ->    3(time 10464 - 02:54:24)(time 10767 - 02:59:27) ->    4(time 11040 - 03:04:00)(time 11345 - 03:09:05) ->    5(time 11522 - 03:12:02)(time 11522 - 03:12:02) -> 11
> Trip 2
   11(time 11522 - 03:12:02)(time 11827 - 03:17:07) ->    10(time 11923 - 03:18:43)(time 12226 - 03:23:46) ->    9(time 12322 - 03:25:22)(time 12628 - 03:30:28) ->    8(time 12696 - 03:31:36)(time 12982 - 03:36:22) ->    7(time 13159 - 03:39:19)(time 13456 - 03:44:16) ->    6(time 13633 - 03:47:13)(time 13633 - 03:47:13) ->    0(time 13633 - 03:47:13)(time 13930 - 03:52:10) ->    1(time 14107 - 03:55:07)(time 14393 - 03:59:53) ->    2(time 14461 - 04:01:01)(time 14767 - 04:06:07) ->    3(time 14863 - 04:07:43)(time 15166 - 04:12:46) ->    4(time 15262 - 04:14:22)(time 15567 - 04:19:27) ->    5(time 15744 - 04:22:24)(time 15744 - 04:22:24) -> 11
> Trip 3
   11(time 15744 - 04:22:24)(time 16049 - 04:27:29) ->    10(time 16145 - 04:29:05)(time 16448 - 04:34:08) ->    9(time 16544 - 04:35:44)(time 16850 - 04:40:50) ->    8(time 16918 - 04:41:58)(time 17204 - 04:46:44) ->    7(time 17381 - 04:49:41)(time 17678 - 04:54:38) ->    6(time 17855 - 04:57:35)(time 17855 - 04:57:35) ->    0(time 17855 - 04:57:35)(time 18152 - 05:02:32) ->    1(time 18329 - 05:05:29)(time 18615 - 05:10:15) ->    2(time 18683 - 05:11:23)(time 18989 - 05:16:29) ->    3(time 19085 - 05:18:05)(time 19388 - 05:23:08) ->    4(time 19484 - 05:24:44)(time 19789 - 05:29:49) ->    5(time 19966 - 05:32:46)(time 19966 - 05:32:46) -> 11
> Trip 4
   11(time 19966 - 05:32:46)(time 20271 - 05:37:51) ->    10(time 20367 - 05:39:27)(time 20670 - 05:44:30) ->    9(time 20931 - 05:48:51)(time 21237 - 05:53:57) ->    8(time 21305 - 05:55:05)(time 21591 - 05:59:51) ->    7(time 21768 - 06:02:48)(time 22065 - 06:07:45) ->    6(time 22242 - 06:10:42)(time 22242 - 06:10:42) ->    0(time 22242 - 06:10:42)(time 22539 - 06:15:39) ->    1(time 22716 - 06:18:36)(time 23002 - 06:23:22) ->    2(time 23070 - 06:24:30)(time 23376 - 06:29:36) ->    3(time 23472 - 06:31:12)(time 23775 - 06:36:15) ->    4(time 24134 - 06:42:14)(time 24439 - 06:47:19) ->    5(time 24798 - 06:53:18)(time 24798 - 06:53:18) -> 11
> Trip 5
   11(time 25152 - 06:59:12)(time 25457 - 07:04:17) ->    10(time 25553 - 07:05:53)(time 25856 - 07:10:56) ->    9(time 25952 - 07:12:32)(time 26258 - 07:17:38) ->    8(time 26326 - 07:18:46)(time 26612 - 07:23:32) ->    7(time 26789 - 07:26:29)(time 27086 - 07:31:26) ->    6(time 27263 - 07:34:23)(time 27263 - 07:34:23) ->    0(time 27263 - 07:34:23)(time 27560 - 07:39:20) ->    1(time 27737 - 07:42:17)(time 28023 - 07:47:03) ->    2(time 28091 - 07:48:11)(time 28397 - 07:53:17) ->    3(time 28493 - 07:54:53)(time 28796 - 07:59:56) ->    4(time 28892 - 08:01:32)(time 29197 - 08:06:37) ->    5(time 29374 - 08:09:34)(time 29374 - 08:09:34) -> 11
> Trip 6
   11(time 29374 - 08:09:34)(time 29679 - 08:14:39) ->    10(time 29775 - 08:16:15)(time 30078 - 08:21:18) ->    9(time 30174 - 08:22:54)(time 30480 - 08:28:00) ->    8(time 30548 - 08:29:08)(time 30834 - 08:33:54) ->    7(time 31011 - 08:36:51)(time 31308 - 08:41:48) ->    6(time 31485 - 08:44:45)(time 31485 - 08:44:45) ->    0(time 31485 - 08:44:45)(time 31782 - 08:49:42) ->    1(time 31959 - 08:52:39)(time 32245 - 08:57:25) ->    2(time 32313 - 08:58:33)(time 32619 - 09:03:39) ->    3(time 32715 - 09:05:15)(time 33018 - 09:10:18) ->    4(time 33114 - 09:11:54)(time 33419 - 09:16:59) ->    5(time 33596 - 09:19:56)(time 33596 - 09:19:56) -> 11
> Trip 7
   11(time 33596 - 09:19:56)(time 33901 - 09:25:01) ->    10(time 33997 - 09:26:37)(time 34300 - 09:31:40) ->    9(time 34396 - 09:33:16)(time 34702 - 09:38:22) ->    8(time 34770 - 09:39:30)(time 35056 - 09:44:16) ->    7(time 35233 - 09:47:13)(time 35530 - 09:52:10) ->    6(time 35707 - 09:55:07)(time 35707 - 09:55:07) ->    0(time 35707 - 09:55:07)(time 36004 - 10:00:04) ->    1(time 36181 - 10:03:01)(time 36467 - 10:07:47) ->    2(time 36535 - 10:08:55)(time 36841 - 10:14:01) ->    3(time 36937 - 10:15:37)(time 37240 - 10:20:40) ->    4(time 37336 - 10:22:16)(time 37641 - 10:27:21) ->    5(time 37818 - 10:30:18)(time 37818 - 10:30:18) -> 11
=============
Train 1
=============
> Trip 0
   11(time 1031 - 00:17:11)(time 1336 - 00:22:16) ->    10(time 1432 - 00:23:52)(time 1735 - 00:28:55) ->    9(time 1831 - 00:30:31)(time 2137 - 00:35:37) ->    8(time 2205 - 00:36:45)(time 2491 - 00:41:31) ->    7(time 2850 - 00:47:30)(time 3147 - 00:52:27) ->    6(time 3506 - 00:58:26)(time 3506 - 00:58:26) ->    0(time 3506 - 00:58:26)(time 3803 - 01:03:23) ->    1(time 4089 - 01:08:09)(time 4375 - 01:12:55) ->    2(time 4443 - 01:14:03)(time 4749 - 01:19:09) ->    3(time 4845 - 01:20:45)(time 5148 - 01:25:48) ->    4(time 5244 - 01:27:24)(time 5549 - 01:32:29) ->    5(time 5726 - 01:35:26)(time 5726 - 01:35:26) -> 11
> Trip 1
   11(time 5726 - 01:35:26)(time 6031 - 01:40:31) ->    10(time 6127 - 01:42:07)(time 6430 - 01:47:10) ->    9(time 6526 - 01:48:46)(time 6832 - 01:53:52) ->    8(time 6900 - 01:55:00)(time 7186 - 01:59:46) ->    7(time 7363 - 02:02:43)(time 7660 - 02:07:40) ->    6(time 7837 - 02:10:37)(time 7837 - 02:10:37) ->    0(time 7837 - 02:10:37)(time 8134 - 02:15:34) ->    1(time 8311 - 02:18:31)(time 8597 - 02:23:17) ->    2(time 8665 - 02:24:25)(time 8971 - 02:29:31) ->    3(time 9067 - 02:31:07)(time 9370 - 02:36:10) ->    4(time 9466 - 02:37:46)(time 9771 - 02:42:51) ->    5(time 10130 - 02:48:50)(time 10130 - 02:48:50) -> 11
> Trip 2
   11(time 11683 - 03:14:43)(time 11988 - 03:19:48) ->    10(time 12100 - 03:21:40)(time 12403 - 03:26:43) ->    9(time 12499 - 03:28:19)(time 12805 - 03:33:25) ->    8(time 12873 - 03:34:33)(time 13159 - 03:39:19) ->    7(time 13336 - 03:42:16)(time 13633 - 03:47:13) ->    6(time 13810 - 03:50:10)(time 13810 - 03:50:10) ->    0(time 13810 - 03:50:10)(time 14107 - 03:55:07) ->    1(time 14284 - 03:58:04)(time 14570 - 04:02:50) ->    2(time 14638 - 04:03:58)(time 14944 - 04:09:04) ->    3(time 15040 - 04:10:40)(time 15343 - 04:15:43) ->    4(time 15439 - 04:17:19)(time 15744 - 04:22:24) ->    5(time 15921 - 04:25:21)(time 15921 - 04:25:21) -> 11
> Trip 3
   11(time 15921 - 04:25:21)(time 16226 - 04:30:26) ->    10(time 16322 - 04:32:02)(time 16625 - 04:37:05) ->    9(time 16721 - 04:38:41)(time 17027 - 04:43:47) ->    8(time 17095 - 04:44:55)(time 17381 - 04:49:41) ->    7(time 17558 - 04:52:38)(time 17855 - 04:57:35) ->    6(time 18032 - 05:00:32)(time 18032 - 05:00:32) ->    0(time 18032 - 05:00:32)(time 18329 - 05:05:29) ->    1(time 18506 - 05:08:26)(time 18792 - 05:13:12) ->    2(time 18860 - 05:14:20)(time 19166 - 05:19:26) ->    3(time 19262 - 05:21:02)(time 19565 - 05:26:05) ->    4(time 19661 - 05:27:41)(time 19966 - 05:32:46) ->    5(time 20143 - 05:35:43)(time 20143 - 05:35:43) -> 11
> Trip 4
   11(time 20143 - 05:35:43)(time 20448 - 05:40:48) ->    10(time 20668 - 05:44:28)(time 20971 - 05:49:31) ->    9(time 21067 - 05:51:07)(time 21373 - 05:56:13) ->    8(time 21482 - 05:58:02)(time 21768 - 06:02:48) ->    7(time 21945 - 06:05:45)(time 22242 - 06:10:42) ->    6(time 22505 - 06:15:05)(time 22505 - 06:15:05) ->    0(time 22864 - 06:21:04)(time 23161 - 06:26:01) ->    1(time 23338 - 06:28:58)(time 23624 - 06:33:44) ->    2(time 23692 - 06:34:52)(time 23998 - 06:39:58) ->    3(time 24094 - 06:41:34)(time 24397 - 06:46:37) ->    4(time 24493 - 06:48:13)(time 24798 - 06:53:18) ->    5(time 24975 - 06:56:15)(time 24975 - 06:56:15) -> 11
> Trip 5
   11(time 24975 - 06:56:15)(time 25280 - 07:01:20) ->    10(time 25376 - 07:02:56)(time 25679 - 07:07:59) ->    9(time 25775 - 07:09:35)(time 26081 - 07:14:41) ->    8(time 26149 - 07:15:49)(time 26435 - 07:20:35) ->    7(time 26612 - 07:23:32)(time 26909 - 07:28:29) ->    6(time 27086 - 07:31:26)(time 27086 - 07:31:26) ->    0(time 27086 - 07:31:26)(time 27383 - 07:36:23) ->    1(time 27560 - 07:39:20)(time 27846 - 07:44:06) ->    2(time 27914 - 07:45:14)(time 28220 - 07:50:20) ->    3(time 28316 - 07:51:56)(time 28619 - 07:56:59) ->    4(time 28715 - 07:58:35)(time 29020 - 08:03:40) ->    5(time 29197 - 08:06:37)(time 29197 - 08:06:37) -> 11
> Trip 6
   11(time 29197 - 08:06:37)(time 29502 - 08:11:42) ->    10(time 29598 - 08:13:18)(time 29901 - 08:18:21) ->    9(time 29997 - 08:19:57)(time 30303 - 08:25:03) ->    8(time 30371 - 08:26:11)(time 30657 - 08:30:57) ->    7(time 30834 - 08:33:54)(time 31131 - 08:38:51) ->    6(time 31308 - 08:41:48)(time 31308 - 08:41:48) ->    0(time 31308 - 08:41:48)(time 31605 - 08:46:45) ->    1(time 31782 - 08:49:42)(time 32068 - 08:54:28) ->    2(time 32136 - 08:55:36)(time 32442 - 09:00:42) ->    3(time 32538 - 09:02:18)(time 32841 - 09:07:21) ->    4(time 32937 - 09:08:57)(time 33242 - 09:14:02) ->    5(time 33419 - 09:16:59)(time 33419 - 09:16:59) -> 11
> Trip 7
   11(time 33419 - 09:16:59)(time 33724 - 09:22:04) ->    10(time 33820 - 09:23:40)(time 34123 - 09:28:43) ->    9(time 34219 - 09:30:19)(time 34525 - 09:35:25) ->    8(time 34593 - 09:36:33)(time 34879 - 09:41:19) ->    7(time 35056 - 09:44:16)(time 35353 - 09:49:13) ->    6(time 35530 - 09:52:10)(time 35530 - 09:52:10) ->    0(time 35530 - 09:52:10)(time 35827 - 09:57:07) ->    1(time 36004 - 10:00:04)(time 36290 - 10:04:50) ->    2(time 36358 - 10:05:58)(time 36664 - 10:11:04) ->    3(time 36760 - 10:12:40)(time 37063 - 10:17:43) ->    4(time 37159 - 10:19:19)(time 37464 - 10:24:24) ->    5(time 37641 - 10:27:21)(time 37641 - 10:27:21) -> 11
=============
Train 2
=============
> Trip 0
   11(time 0 - 00:00:00)(time 305 - 00:05:05) ->    10(time 401 - 00:06:41)(time 704 - 00:11:44) ->    9(time 800 - 00:13:20)(time 1106 - 00:18:26) ->    8(time 1174 - 00:19:34)(time 1460 - 00:24:20) -> 7
> Trip 1
   7(time 1460 - 00:24:20)(time 1757 - 00:29:17) -> 6
> Trip 2
   0(time 3792 - 01:03:12)(time 4089 - 01:08:09) ->    1(time 4448 - 01:14:08)(time 4734 - 01:18:54) ->    2(time 5093 - 01:24:53)(time 5399 - 01:29:59) ->    3(time 5632 - 01:33:52)(time 5935 - 01:38:55) ->    4(time 6031 - 01:40:31)(time 6336 - 01:45:36) ->    5(time 6513 - 01:48:33)(time 6513 - 01:48:33) ->    11(time 6513 - 01:48:33)(time 6818 - 01:53:38) ->    10(time 6914 - 01:55:14)(time 7217 - 02:00:17) ->    9(time 7313 - 02:01:53)(time 7619 - 02:06:59) ->    8(time 7687 - 02:08:07)(time 7973 - 02:12:53) ->    7(time 8150 - 02:15:50)(time 8447 - 02:20:47) ->    6(time 8624 - 02:23:44)(time 8624 - 02:23:44) -> 0
> Trip 3
   0(time 8624 - 02:23:44)(time 8921 - 02:28:41) ->    1(time 9098 - 02:31:38)(time 9384 - 02:36:24) ->    2(time 9452 - 02:37:32)(time 9758 - 02:42:38) ->    3(time 9854 - 02:44:14)(time 10157 - 02:49:17) ->    4(time 10253 - 02:50:53)(time 10558 - 02:55:58) ->    5(time 10735 - 02:58:55)(time 10735 - 02:58:55) ->    11(time 10735 - 02:58:55)(time 11040 - 03:04:00) ->    10(time 11136 - 03:05:36)(time 11439 - 03:10:39) ->    9(time 11535 - 03:12:15)(time 11841 - 03:17:21) ->    8(time 11909 - 03:18:29)(time 12195 - 03:23:15) ->    7(time 12372 - 03:26:12)(time 12669 - 03:31:09) ->    6(time 12846 - 03:34:06)(time 12846 - 03:34:06) -> 0
> Trip 4
   0(time 12846 - 03:34:06)(time 13143 - 03:39:03) ->    1(time 13320 - 03:42:00)(time 13606 - 03:46:46) ->    2(time 13674 - 03:47:54)(time 13980 - 03:53:00) ->    3(time 14076 - 03:54:36)(time 14379 - 03:59:39) ->    4(time 14475 - 04:01:15)(time 14780 - 04:06:20) ->    5(time 14957 - 04:09:17)(time 14957 - 04:09:17) ->    11(time 14957 - 04:09:17)(time 15262 - 04:14:22) ->    10(time 15358 - 04:15:58)(time 15661 - 04:21:01) ->    9(time 16020 - 04:27:00)(time 16326 - 04:32:06) ->    8(time 16394 - 04:33:14)(time 16680 - 04:38:00) ->    7(time 16857 - 04:40:57)(time 17154 - 04:45:54) ->    6(time 17331 - 04:48:51)(time 17331 - 04:48:51) -> 0
> Trip 5
   0(time 20545 - 05:42:25)(time 20842 - 05:47:22) ->    1(time 21019 - 05:50:19)(time 21305 - 05:55:05) ->    2(time 21373 - 05:56:13)(time 21679 - 06:01:19) ->    3(time 22038 - 06:07:18)(time 22341 - 06:12:21) ->    4(time 22700 - 06:18:20)(time 23005 - 06:23:25) ->    5(time 23364 - 06:29:24)(time 23364 - 06:29:24) ->    11(time 23364 - 06:29:24)(time 23669 - 06:34:29) ->    10(time 23775 - 06:36:15)(time 24078 - 06:41:18) ->    9(time 24175 - 06:42:55)(time 24481 - 06:48:01) ->    8(time 24549 - 06:49:09)(time 24835 - 06:53:55) ->    7(time 25012 - 06:56:52)(time 25309 - 07:01:49) ->    6(time 25486 - 07:04:46)(time 25486 - 07:04:46) -> 0
> Trip 6
   0(time 25956 - 07:12:36)(time 26253 - 07:17:33) ->    1(time 26612 - 07:23:32)(time 26898 - 07:28:18) ->    2(time 26966 - 07:29:26)(time 27272 - 07:34:32) ->    3(time 27529 - 07:38:49)(time 27832 - 07:43:52) ->    4(time 27928 - 07:45:28)(time 28233 - 07:50:33) ->    5(time 28410 - 07:53:30)(time 28410 - 07:53:30) ->    11(time 28410 - 07:53:30)(time 28715 - 07:58:35) ->    10(time 28867 - 08:01:07)(time 29170 - 08:06:10) ->    9(time 29529 - 08:12:09)(time 29835 - 08:17:15) ->    8(time 30194 - 08:23:14)(time 30480 - 08:28:00) ->    7(time 30657 - 08:30:57)(time 30954 - 08:35:54) ->    6(time 31131 - 08:38:51)(time 31131 - 08:38:51) -> 0
> Trip 7
   0(time 32612 - 09:03:32)(time 32909 - 09:08:29) ->    1(time 33268 - 09:14:28)(time 33554 - 09:19:14) ->    2(time 33913 - 09:25:13)(time 34219 - 09:30:19) ->    3(time 34371 - 09:32:51)(time 34674 - 09:37:54) ->    4(time 34770 - 09:39:30)(time 35075 - 09:44:35) ->    5(time 35252 - 09:47:32)(time 35252 - 09:47:32) ->    11(time 35252 - 09:47:32)(time 35557 - 09:52:37) ->    10(time 35653 - 09:54:13)(time 35956 - 09:59:16) ->    9(time 36052 - 10:00:52)(time 36358 - 10:05:58) ->    8(time 36517 - 10:08:37)(time 36803 - 10:13:23) ->    7(time 37162 - 10:19:22)(time 37459 - 10:24:19) ->    6(time 37818 - 10:30:18)(time 37818 - 10:30:18) -> 0
=============
Train 3
=============
> Trip 0
   11(time 96 - 00:01:36)(time 401 - 00:06:41) ->    10(time 497 - 00:08:17)(time 800 - 00:13:20) ->    9(time 896 - 00:14:56)(time 1202 - 00:20:02) ->    8(time 1270 - 00:21:10)(time 1556 - 00:25:56) -> 7
> Trip 1
   7(time 1556 - 00:25:56)(time 1853 - 00:30:53) ->    6(time 2030 - 00:33:50)(time 2030 - 00:33:50) ->    0(time 2030 - 00:33:50)(time 2327 - 00:38:47) ->    1(time 2504 - 00:41:44)(time 2504 - 00:41:44) -> 7
> Trip 2
   1(time 2504 - 00:41:44)(time 2790 - 00:46:30) ->    2(time 2858 - 00:47:38)(time 3164 - 00:52:44) ->    3(time 3260 - 00:54:20)(time 3563 - 00:59:23) ->    4(time 3659 - 01:00:59)(time 3964 - 01:06:04) -> 5
> Trip 3
   11(time 3964 - 01:06:04)(time 4269 - 01:11:09) ->    10(time 4365 - 01:12:45)(time 4668 - 01:17:48) ->    9(time 4772 - 01:19:32)(time 5078 - 01:24:38) ->    8(time 5146 - 01:25:46)(time 5432 - 01:30:32) ->    7(time 5609 - 01:33:29)(time 5906 - 01:38:26) ->    6(time 6083 - 01:41:23)(time 6083 - 01:41:23) ->    0(time 6083 - 01:41:23)(time 6380 - 01:46:20) ->    1(time 6557 - 01:49:17)(time 6843 - 01:54:03) ->    2(time 6911 - 01:55:11)(time 7217 - 02:00:17) ->    3(time 7313 - 02:01:53)(time 7616 - 02:06:56) ->    4(time 7712 - 02:08:32)(time 8017 - 02:13:37) ->    5(time 8194 - 02:16:34)(time 8194 - 02:16:34) -> 11
> Trip 4
   11(time 8248 - 02:17:28)(time 8553 - 02:22:33) ->    10(time 8649 - 02:24:09)(time 8952 - 02:29:12) ->    9(time 9048 - 02:30:48)(time 9354 - 02:35:54) ->    8(time 9422 - 02:37:02)(time 9708 - 02:41:48) ->    7(time 9885 - 02:44:45)(time 10182 - 02:49:42) ->    6(time 10359 - 02:52:39)(time 10359 - 02:52:39) ->    0(time 10359 - 02:52:39)(time 10656 - 02:57:36) ->    1(time 10833 - 03:00:33)(time 11119 - 03:05:19) ->    2(time 11187 - 03:06:27)(time 11493 - 03:11:33) ->    3(time 11589 - 03:13:09)(time 11892 - 03:18:12) ->    4(time 11988 - 03:19:48)(time 12293 - 03:24:53) ->    5(time 12470 - 03:27:50)(time 12470 - 03:27:50) -> 11
> Trip 5
   11(time 12470 - 03:27:50)(time 12775 - 03:32:55) ->    10(time 12871 - 03:34:31)(time 13174 - 03:39:34) ->    9(time 13270 - 03:41:10)(time 13576 - 03:46:16) ->    8(time 13644 - 03:47:24)(time 13930 - 03:52:10) ->    7(time 14107 - 03:55:07)(time 14404 - 04:00:04) ->    6(time 14597 - 04:03:17)(time 14597 - 04:03:17) ->    0(time 14597 - 04:03:17)(time 14894 - 04:08:14) ->    1(time 15071 - 04:11:11)(time 15357 - 04:15:57) ->    2(time 15425 - 04:17:05)(time 15731 - 04:22:11) ->    3(time 15827 - 04:23:47)(time 16130 - 04:28:50) ->    4(time 16226 - 04:30:26)(time 16531 - 04:35:31) ->    5(time 16708 - 04:38:28)(time 16708 - 04:38:28) -> 11
> Trip 6
   11(time 16708 - 04:38:28)(time 17013 - 04:43:33) ->    10(time 17109 - 04:45:09)(time 17412 - 04:50:12) ->    9(time 17508 - 04:51:48)(time 17814 - 04:56:54) ->    8(time 17882 - 04:58:02)(time 18168 - 05:02:48) ->    7(time 18345 - 05:05:45)(time 18642 - 05:10:42) ->    6(time 18819 - 05:13:39)(time 18819 - 05:13:39) ->    0(time 18819 - 05:13:39)(time 19116 - 05:18:36) ->    1(time 19293 - 05:21:33)(time 19579 - 05:26:19) ->    2(time 19647 - 05:27:27)(time 19953 - 05:32:33) ->    3(time 20049 - 05:34:09)(time 20352 - 05:39:12) ->    4(time 20448 - 05:40:48)(time 20753 - 05:45:53) ->    5(time 20930 - 05:48:50)(time 20930 - 05:48:50) -> 11
> Trip 7
   11(time 20930 - 05:48:50)(time 21235 - 05:53:55) ->    10(time 21331 - 05:55:31)(time 21634 - 06:00:34) ->    9(time 21730 - 06:02:10)(time 22036 - 06:07:16) ->    8(time 22104 - 06:08:24)(time 22390 - 06:13:10) ->    7(time 22567 - 06:16:07)(time 22864 - 06:21:04) ->    6(time 23041 - 06:24:01)(time 23041 - 06:24:01) ->    0(time 23041 - 06:24:01)(time 23338 - 06:28:58) ->    1(time 23515 - 06:31:55)(time 23801 - 06:36:41) ->    2(time 23869 - 06:37:49)(time 24175 - 06:42:55) ->    3(time 24271 - 06:44:31)(time 24574 - 06:49:34) ->    4(time 24670 - 06:51:10)(time 24975 - 06:56:15) ->    5(time 25334 - 07:02:14)(time 25334 - 07:02:14) -> 11
Traceback (most recent call last):
  File "/home/renata/Train-Timetabling/script.py", line 99, in <module>
    os.remove(file_name)
FileNotFoundError: [Errno 2] No such file or directory: 'script-solution.txt'
----- t4p7r7h4.txt-model.log -----
  21908  5211    27694.0000  1111    36082.0000    31050.0000 49527837   13.95%
  21919  5206    28726.4352  1299    36082.0000    31050.0000 49559954   13.95%
  21924  5204    27694.0000  1460    36082.0000    31050.0000 49567731   13.95%
  21935  5211    35573.0000  1016    36082.0000    31050.0000 49592851   13.95%
  21942  5208    27694.0000  1508    36082.0000    31050.0000 49614293   13.95%
  21948  5210    27694.0000  1402    36082.0000    31050.0000 49638178   13.95%
  21960  5206    27694.0000  1481    36082.0000    31050.0000 49679162   13.95%
Elapsed time = 40580.65 sec. (40765981.77 ticks, tree = 51.17 MB, solutions = 4)
  21962  5208    27694.0000  1488    36082.0000    31050.0000 49710387   13.95%
  21967  5211    27694.0000  1362    36082.0000    31050.0000 49739408   13.95%
  21973  5210    27694.0000  1350    36082.0000    31050.0000 49769679   13.95%
  21981  5211    27694.0000  1294    36082.0000    31050.0000 49796269   13.95%
  21988  5207    33251.0000   918    36082.0000    31050.0000 49822725   13.95%
  21990  5207    27694.0000  1504    36082.0000    31050.0000 49842031   13.95%
  21994  5207    33573.0000   982    36082.0000    31050.0000 49863501   13.95%
  21998  5205    27694.0000  1508    36082.0000    31050.0000 49866340   13.95%
  22004  5207    27694.0000  1206    36082.0000    31050.0000 49896200   13.95%
  22013  5206    35573.0000   992    36082.0000    31050.0000 49923396   13.95%
Elapsed time = 40798.75 sec. (40994543.77 ticks, tree = 51.17 MB, solutions = 4)
  22021  5202    27694.0000  1597    36082.0000    31050.0000 49967226   13.95%
  22022  5203    27694.0000  1563    36082.0000    31050.0000 49986071   13.95%
  22031  5204    28163.9332  1150    36082.0000    31050.0000 50031423   13.95%
  22035  5204    27694.0000  1412    36082.0000    31050.0000 50031952   13.95%
  22041  5204    28163.9332  1018    36082.0000    31050.0000 50065787   13.95%
  22047  5200    27694.0000  1473    36082.0000    31050.0000 50091167   13.95%
  22052  5205    33706.0000   896    36082.0000    31050.0000 50119644   13.95%
  22055  5204    27694.0000  1516    36082.0000    31050.0000 50145422   13.95%
  22058  5205    27714.8426  1253    36082.0000    31050.0000 50165018   13.95%
  22069  5210    30350.0000  1116    36082.0000    31050.0000 50191409   13.95%
Elapsed time = 41066.99 sec. (41276919.66 ticks, tree = 51.20 MB, solutions = 4)
  22078  5207        cutoff          36082.0000    31050.0000 50213457   13.95%
  22082  5209    27694.0000  1380    36082.0000    31050.0000 50229055   13.95%
  22084  5211    27694.0000  1520    36082.0000    31050.0000 50253666   13.95%
  22090  5211    27694.0000  1390    36082.0000    31050.0000 50284301   13.95%
  22092  5213    27694.0000  1437    36082.0000    31050.0000 50304780   13.95%
  22096  5215        cutoff          36082.0000    31050.0000 50323163   13.95%
  22105  5211    27694.0000  1412    36082.0000    31050.0000 50346803   13.95%
  22111  5209    29582.0000  1137    36082.0000    31050.0000 50376104   13.95%
  22116  5210    27694.0000  1474    36082.0000    31050.0000 50388122   13.95%
  22129  5207    infeasible          36082.0000    31050.0000 50409550   13.95%
Elapsed time = 41271.69 sec. (41490350.97 ticks, tree = 51.18 MB, solutions = 4)
  22142  5200    30279.0000   482    36082.0000    31050.0000 50442152   13.95%
  22147  5199    27694.0000   607    36082.0000    31050.0000 50461074   13.95%
  22149  5201    27694.0000   745    36082.0000    31050.0000 50488404   13.95%
  22167  5201    infeasible          36082.0000    31050.0000 50527031   13.95%
  22179  5193    33161.4579   785    36082.0000    31050.0000 50555689   13.95%
  22184  5190    27694.0000  1304    36082.0000    31050.0000 50596258   13.95%
  22189  5190    27694.0000  1247    36082.0000    31050.0000 50605671   13.95%
  22192  5193    27694.0000  1305    36082.0000    31050.0000 50627151   13.95%
  22197  5192    35573.0000   993    36082.0000    31050.0000 50650642   13.95%
  22207  5189    35573.0000   652    36082.0000    31050.0000 50684599   13.95%
Elapsed time = 41475.56 sec. (41702626.40 ticks, tree = 51.07 MB, solutions = 4)
  22219  5181        cutoff          36082.0000    31050.0000 50713069   13.95%
  22220  5182    29338.0000  1171    36082.0000    31050.0000 50740430   13.95%
  22232  5174    32217.0000   825    36082.0000    31050.0000 50774733   13.95%
  22236  5174    29058.0000   976    36082.0000    31050.0000 50806207   13.95%
  22244  5169    27694.0000  1037    36082.0000    31050.0000 50835084   13.95%
  22251  5168        cutoff          36082.0000    31050.0000 50859359   13.95%
  22256  5167    27694.0000  1124    36082.0000    31050.0000 50888599   13.95%
  22273  5170    28721.1533   861    36082.0000    31050.0000 50916360   13.95%
  22287  5163    infeasible          36082.0000    31050.0000 50950721   13.95%
  22291  5163    32217.0000   844    36082.0000    31050.0000 50973433   13.95%
Elapsed time = 41652.74 sec. (41883318.65 ticks, tree = 50.91 MB, solutions = 4)
  22305  5154    27694.0000  1013    36082.0000    31050.0000 51001889   13.95%
  22312  5150    35238.5000   731    36082.0000    31050.0000 51035277   13.95%
  22320  5146    27694.0000  1119    36082.0000    31050.0000 51063356   13.95%
  22323  5145    27694.0000  1261    36082.0000    31050.0000 51084437   13.95%
  22326  5146    27694.0000  1249    36082.0000    31050.0000 51109196   13.95%
  22329  5147    27694.0000  1223    36082.0000    31050.0000 51141261   13.95%
  22336  5152    27694.0000  1157    36082.0000    31050.0000 51175463   13.95%
  22349  5145    infeasible          36082.0000    31050.0000 51207735   13.95%
  22352  5145    27694.0000  1163    36082.0000    31050.0000 51253590   13.95%
  22356  5147    27694.0000  1232    36082.0000    31050.0000 51285646   13.95%
Elapsed time = 41902.43 sec. (42138159.55 ticks, tree = 50.82 MB, solutions = 4)
  22359  5148    27694.0000  1093    36082.0000    31050.0000 51312777   13.95%
  22364  5149    infeasible          36082.0000    31050.0000 51340331   13.95%
  22374  5142    33251.0000   721    36082.0000    31050.0000 51375726   13.95%
  22380  5140    27694.0000  1083    36082.0000    31050.0000 51410984   13.95%
  22386  5142    infeasible          36082.0000    31050.0000 51431317   13.95%
  22393  5137    32217.0000   673    36082.0000    31050.0000 51458175   13.95%
  22400  5134    27694.0000  1191    36082.0000    31050.0000 51488396   13.95%
  22402  5136    27694.0000  1319    36082.0000    31050.0000 51510439   13.95%
  22405  5137    27694.0000  1275    36082.0000    31050.0000 51535481   13.95%
  22408  5138    27694.0000  1174    36082.0000    31050.0000 51555728   13.95%
Elapsed time = 42113.08 sec. (42353739.12 ticks, tree = 50.50 MB, solutions = 4)
  22419  5141    27694.0000  1337    36082.0000    31050.0000 51593231   13.95%
  22428  5140        cutoff          36082.0000    31050.0000 51618460   13.95%
  22437  5137    27694.0000   870    36082.0000    31050.0000 51635947   13.95%
  22452  5127    infeasible          36082.0000    31050.0000 51663620   13.95%
  22453  5128    27694.0000  1129    36082.0000    31050.0000 51677398   13.95%
  22457  5130    27747.8937   962    36082.0000    31050.0000 51705759   13.95%
  22471  5128    infeasible          36082.0000    31050.0000 51711237   13.95%
  22477  5126    27694.0000  1271    36082.0000    31050.0000 51730444   13.95%
  22481  5126    27694.0000  1399    36082.0000    31050.0000 51759835   13.95%
  22486  5126    31999.5000  1109    36082.0000    31050.0000 51782225   13.95%
Elapsed time = 42314.68 sec. (42557766.44 ticks, tree = 50.44 MB, solutions = 4)
  22490  5126    27694.0000  1298    36082.0000    31050.0000 51802944   13.95%
  22496  5120        cutoff          36082.0000    31050.0000 51845546   13.95%
  22499  5119    27694.0000  1124    36082.0000    31050.0000 51880498   13.95%
  22503  5123    27694.0000  1195    36082.0000    31050.0000 51902877   13.95%
  22506  5122    27694.0000  1183    36082.0000    31050.0000 51916896   13.95%
  22517  5121    infeasible          36082.0000    31050.0000 51939837   13.95%
  22523  5119    27694.0000  1100    36082.0000    31050.0000 51960706   13.95%
  22528  5122    27694.0000  1266    36082.0000    31050.0000 51990341   13.95%
  22533  5123    infeasible          36082.0000    31050.0000 52009448   13.95%
  22535  5123    27694.0000  1232    36082.0000    31050.0000 52027536   13.95%
Elapsed time = 42539.00 sec. (42786039.96 ticks, tree = 50.42 MB, solutions = 4)
  22542  5120    27694.0000  1153    36082.0000    31050.0000 52051273   13.95%
  22546  5120    27694.0000  1170    36082.0000    31050.0000 52070498   13.95%
  22554  5120    27694.0000  1233    36082.0000    31050.0000 52089613   13.95%
  22558  5120    27694.0000  1226    36082.0000    31050.0000 52115182   13.95%
  22563  5119    27694.0000  1048    36082.0000    31050.0000 52134121   13.95%
  22568  5117    31187.0000   915    36082.0000    31050.0000 52156021   13.95%
  22576  5112    35573.0000   818    36082.0000    31050.0000 52194276   13.95%
  22590  5102    infeasible          36082.0000    31050.0000 52220537   13.95%
  22599  5099    27694.0000  1246    36082.0000    31050.0000 52275972   13.95%
  22600  5100    27694.0000  1257    36082.0000    31050.0000 52298003   13.95%
Elapsed time = 42798.76 sec. (43047499.57 ticks, tree = 50.27 MB, solutions = 4)
  22610  5100    27694.0000  1103    36082.0000    31050.0000 52324861   13.95%
  22619  5100    31894.8000   709    36082.0000    31050.0000 52352372   13.95%
  22623  5098    27694.0000  1413    36082.0000    31050.0000 52397996   13.95%
  22624  5099    27694.0000  1408    36082.0000    31050.0000 52420838   13.95%
  22625  5100    27694.0000  1222    36082.0000    31050.0000 52441174   13.95%
  22627  5102    27694.0000  1210    36082.0000    31050.0000 52476533   13.95%
  22630  5103        cutoff          36082.0000    31050.0000 52497263   13.95%
  22632  5103    27694.0000  1112    36082.0000    31050.0000 52516228   13.95%
  22634  5105    29181.9043   723    36082.0000    31050.0000 52544003   13.95%
  22642  5099    27694.0000  1151    36082.0000    31050.0000 52583080   13.95%
Elapsed time = 43068.28 sec. (43320306.25 ticks, tree = 50.27 MB, solutions = 4)
  22652  5093    27694.0000  1216    36082.0000    31050.0000 52619033   13.95%
  22661  5094    27694.0000  1262    36082.0000    31050.0000 52673393   13.95%
  22667  5097    27694.0000  1127    36082.0000    31050.0000 52700817   13.95%

GUB cover cuts applied:  548
Clique cuts applied:  70
Cover cuts applied:  1002
Implied bound cuts applied:  130
Flow cuts applied:  744
Mixed integer rounding cuts applied:  1067
Zero-half cuts applied:  22
Lift and project cuts applied:  1
Gomory fractional cuts applied:  2

Root node processing (before b&c):
  Real time             =  143.58 sec. (130364.33 ticks)
Sequential b&c:
  Real time             = 43056.44 sec. (43323469.46 ticks)
                          ------------
Total (root+branch&cut) = 43200.02 sec. (43453833.80 ticks)
Feasible

>> Printing some results...
    -> Solution value = 36082 - 10:01:22
    -> Total time = 43200.02
    -> Gap value = 0.14

=============
Train 0
=============
> Trip 0
   8(time 840 - 00:14:00)(time 1260 - 00:21:00) -> 7
> Trip 1
   0(time 11770 - 03:16:10)(time 12190 - 03:23:10) ->    1(time 12470 - 03:27:50)(time 12854 - 03:34:14) ->    2(time 13328 - 03:42:08)(time 13790 - 03:49:50) ->    3(time 13852 - 03:50:52)(time 14309 - 03:58:29) ->    4(time 14371 - 03:59:31)(time 14763 - 04:06:03) ->    5(time 14825 - 04:07:05)(time 15258 - 04:14:18) ->    6(time 15538 - 04:18:58)(time 15538 - 04:18:58) ->    13(time 15538 - 04:18:58)(time 15971 - 04:26:11) ->    12(time 16033 - 04:27:13)(time 16425 - 04:33:45) ->    11(time 16487 - 04:34:47)(time 16944 - 04:42:24) ->    10(time 17006 - 04:43:26)(time 17468 - 04:51:08) ->    9(time 17798 - 04:56:38)(time 18182 - 05:03:02) ->    8(time 18462 - 05:07:42)(time 18882 - 05:14:42) ->    7(time 19162 - 05:19:22)(time 19162 - 05:19:22) -> 0
> Trip 2
   0(time 20478 - 05:41:18)(time 20898 - 05:48:18) ->    1(time 21178 - 05:52:58)(time 21562 - 05:59:22) ->    2(time 21624 - 06:00:24)(time 22086 - 06:08:06) ->    3(time 22148 - 06:09:08)(time 22605 - 06:16:45) ->    4(time 22667 - 06:17:47)(time 23059 - 06:24:19) ->    5(time 23121 - 06:25:21)(time 23554 - 06:32:34) ->    6(time 23834 - 06:37:14)(time 23834 - 06:37:14) ->    13(time 23834 - 06:37:14)(time 24267 - 06:44:27) ->    12(time 24329 - 06:45:29)(time 24721 - 06:52:01) ->    11(time 25195 - 06:59:55)(time 25652 - 07:07:32) ->    10(time 25714 - 07:08:34)(time 26176 - 07:16:16) ->    9(time 26238 - 07:17:18)(time 26622 - 07:23:42) ->    8(time 26902 - 07:28:22)(time 27322 - 07:35:22) ->    7(time 27694 - 07:41:34)(time 27694 - 07:41:34) -> 0
> Trip 3
   0(time 27694 - 07:41:34)(time 28114 - 07:48:34) ->    1(time 28394 - 07:53:14)(time 28778 - 07:59:38) ->    2(time 28840 - 08:00:40)(time 29302 - 08:08:22) ->    3(time 29364 - 08:09:24)(time 29821 - 08:17:01) ->    4(time 29883 - 08:18:03)(time 30275 - 08:24:35) ->    5(time 30337 - 08:25:37)(time 30770 - 08:32:50) ->    6(time 31050 - 08:37:30)(time 31050 - 08:37:30) ->    13(time 31050 - 08:37:30)(time 31483 - 08:44:43) ->    12(time 31545 - 08:45:45)(time 31937 - 08:52:17) ->    11(time 31999 - 08:53:19)(time 32456 - 09:00:56) ->    10(time 32518 - 09:01:58)(time 32980 - 09:09:40) ->    9(time 33042 - 09:10:42)(time 33426 - 09:17:06) ->    8(time 33900 - 09:25:00)(time 34320 - 09:32:00) ->    7(time 34600 - 09:36:40)(time 34600 - 09:36:40) -> 0
=============
Train 1
=============
> Trip 0
   8(time 0 - 00:00:00)(time 420 - 00:07:00) -> 7
> Trip 1
   0(time 420 - 00:07:00)(time 840 - 00:14:00) ->    1(time 1120 - 00:18:40)(time 1504 - 00:25:04) ->    2(time 1677 - 00:27:57)(time 2139 - 00:35:39) ->    3(time 2613 - 00:43:33)(time 3070 - 00:51:10) ->    4(time 3544 - 00:59:04)(time 3936 - 01:05:36) ->    5(time 3998 - 01:06:38)(time 4431 - 01:13:51) ->    6(time 4711 - 01:18:31)(time 4711 - 01:18:31) ->    13(time 4711 - 01:18:31)(time 5144 - 01:25:44) ->    12(time 5206 - 01:26:46)(time 5598 - 01:33:18) ->    11(time 5806 - 01:36:46)(time 6263 - 01:44:23) ->    10(time 6737 - 01:52:17)(time 7199 - 01:59:59) ->    9(time 7673 - 02:07:53)(time 8057 - 02:14:17) ->    8(time 8531 - 02:22:11)(time 8951 - 02:29:11) ->    7(time 9231 - 02:33:51)(time 9231 - 02:33:51) -> 0
> Trip 2
   0(time 9232 - 02:33:52)(time 9652 - 02:40:52) ->    1(time 9932 - 02:45:32)(time 10316 - 02:51:56) ->    2(time 10378 - 02:52:58)(time 10840 - 03:00:40) ->    3(time 11273 - 03:07:53)(time 11730 - 03:15:30) ->    4(time 12083 - 03:21:23)(time 12475 - 03:27:55) ->    5(time 12949 - 03:35:49)(time 13382 - 03:43:02) ->    6(time 13856 - 03:50:56)(time 13856 - 03:50:56) ->    13(time 14330 - 03:58:50)(time 14763 - 04:06:03) ->    12(time 14825 - 04:07:05)(time 15217 - 04:13:37) ->    11(time 15279 - 04:14:39)(time 15736 - 04:22:16) ->    10(time 16016 - 04:26:56)(time 16478 - 04:34:38) ->    9(time 16540 - 04:35:40)(time 16924 - 04:42:04) ->    8(time 17204 - 04:46:44)(time 17624 - 04:53:44) ->    7(time 18098 - 05:01:38)(time 18098 - 05:01:38) -> 0
> Trip 3
   0(time 26100 - 07:15:00)(time 26520 - 07:22:00) ->    1(time 26994 - 07:29:54)(time 27378 - 07:36:18) ->    2(time 27694 - 07:41:34)(time 28156 - 07:49:16) ->    3(time 28218 - 07:50:18)(time 28675 - 07:57:55) ->    4(time 28737 - 07:58:57)(time 29129 - 08:05:29) ->    5(time 29191 - 08:06:31)(time 29624 - 08:13:44) ->    6(time 29904 - 08:18:24)(time 29904 - 08:18:24) ->    13(time 29904 - 08:18:24)(time 30337 - 08:25:37) ->    12(time 30399 - 08:26:39)(time 30791 - 08:33:11) ->    11(time 31113 - 08:38:33)(time 31570 - 08:46:10) ->    10(time 31632 - 08:47:12)(time 32094 - 08:54:54) ->    9(time 32568 - 09:02:48)(time 32952 - 09:09:12) ->    8(time 33426 - 09:17:06)(time 33846 - 09:24:06) ->    7(time 34320 - 09:32:00)(time 34320 - 09:32:00) -> 0
=============
Train 2
=============
> Trip 0
   1(time 0 - 00:00:00)(time 384 - 00:06:24) ->    2(time 446 - 00:07:26)(time 908 - 00:15:08) ->    3(time 970 - 00:16:10)(time 1427 - 00:23:47) ->    4(time 1489 - 00:24:49)(time 1881 - 00:31:21) ->    5(time 1943 - 00:32:23)(time 2376 - 00:39:36) -> 6
> Trip 1
   13(time 2657 - 00:44:17)(time 3090 - 00:51:30) ->    12(time 3152 - 00:52:32)(time 3544 - 00:59:04) ->    11(time 4018 - 01:06:58)(time 4475 - 01:14:35) ->    10(time 4949 - 01:22:29)(time 5411 - 01:30:11) ->    9(time 5885 - 01:38:05)(time 6269 - 01:44:29) ->    8(time 6743 - 01:52:23)(time 7163 - 01:59:23) ->    7(time 7637 - 02:07:17)(time 7637 - 02:07:17) ->    0(time 8111 - 02:15:11)(time 8531 - 02:22:11) ->    1(time 9005 - 02:30:05)(time 9389 - 02:36:29) ->    2(time 9863 - 02:44:23)(time 10325 - 02:52:05) ->    3(time 10799 - 02:59:59)(time 11256 - 03:07:36) ->    4(time 11730 - 03:15:30)(time 12122 - 03:22:02) ->    5(time 12184 - 03:23:04)(time 12617 - 03:30:17) ->    6(time 13091 - 03:38:11)(time 13091 - 03:38:11) -> 13
> Trip 2
   13(time 18802 - 05:13:22)(time 19235 - 05:20:35) ->    12(time 19297 - 05:21:37)(time 19689 - 05:28:09) ->    11(time 19751 - 05:29:11)(time 20208 - 05:36:48) ->    10(time 20270 - 05:37:50)(time 20732 - 05:45:32) ->    9(time 20794 - 05:46:34)(time 21178 - 05:52:58) ->    8(time 21458 - 05:57:38)(time 21878 - 06:04:38) ->    7(time 22158 - 06:09:18)(time 22158 - 06:09:18) ->    0(time 22338 - 06:12:18)(time 22758 - 06:19:18) ->    1(time 23232 - 06:27:12)(time 23616 - 06:33:36) ->    2(time 23678 - 06:34:38)(time 24140 - 06:42:20) ->    3(time 24202 - 06:43:22)(time 24659 - 06:50:59) ->    4(time 24721 - 06:52:01)(time 25113 - 06:58:33) ->    5(time 25587 - 07:06:27)(time 26020 - 07:13:40) ->    6(time 26494 - 07:21:34)(time 26494 - 07:21:34) -> 13
> Trip 3
   13(time 28544 - 07:55:44)(time 28977 - 08:02:57) ->    12(time 29451 - 08:10:51)(time 29843 - 08:17:23) ->    11(time 30317 - 08:25:17)(time 30774 - 08:32:54) ->    10(time 30836 - 08:33:56)(time 31298 - 08:41:38) ->    9(time 31360 - 08:42:40)(time 31744 - 08:49:04) ->    8(time 32024 - 08:53:44)(time 32444 - 09:00:44) ->    7(time 32724 - 09:05:24)(time 32724 - 09:05:24) ->    0(time 32724 - 09:05:24)(time 33144 - 09:12:24) ->    1(time 33426 - 09:17:06)(time 33810 - 09:23:30) ->    2(time 33872 - 09:24:32)(time 34334 - 09:32:14) ->    3(time 34396 - 09:33:16)(time 34853 - 09:40:53) ->    4(time 34915 - 09:41:55)(time 35307 - 09:48:27) ->    5(time 35369 - 09:49:29)(time 35802 - 09:56:42) ->    6(time 36082 - 10:01:22)(time 36082 - 10:01:22) -> 13
=============
Train 3
=============
> Trip 0
   1(time 62 - 00:01:02)(time 446 - 00:07:26) ->    2(time 508 - 00:08:28)(time 970 - 00:16:10) ->    3(time 1032 - 00:17:12)(time 1489 - 00:24:49) ->    4(time 1551 - 00:25:51)(time 1943 - 00:32:23) ->    5(time 2005 - 00:33:25)(time 2438 - 00:40:38) -> 6
> Trip 1
   13(time 2595 - 00:43:15)(time 3028 - 00:50:28) ->    12(time 3090 - 00:51:30)(time 3482 - 00:58:02) ->    11(time 3544 - 00:59:04)(time 4001 - 01:06:41) ->    10(time 4475 - 01:14:35)(time 4937 - 01:22:17) ->    9(time 5411 - 01:30:11)(time 5795 - 01:36:35) ->    8(time 6269 - 01:44:29)(time 6689 - 01:51:29) ->    7(time 7163 - 01:59:23)(time 7163 - 01:59:23) ->    0(time 7163 - 01:59:23)(time 7583 - 02:06:23) ->    1(time 8057 - 02:14:17)(time 8441 - 02:20:41) ->    2(time 8503 - 02:21:43)(time 8965 - 02:29:25) ->    3(time 9027 - 02:30:27)(time 9484 - 02:38:04) ->    4(time 9546 - 02:39:06)(time 9938 - 02:45:38) ->    5(time 10412 - 02:53:32)(time 10845 - 03:00:45) ->    6(time 11125 - 03:05:25)(time 11125 - 03:05:25) -> 13
> Trip 2
   13(time 13856 - 03:50:56)(time 14289 - 03:58:09) ->    12(time 14763 - 04:06:03)(time 15155 - 04:12:35) ->    11(time 15217 - 04:13:37)(time 15674 - 04:21:14) ->    10(time 15736 - 04:22:16)(time 16198 - 04:29:58) ->    9(time 16260 - 04:31:00)(time 16644 - 04:37:24) ->    8(time 16924 - 04:42:04)(time 17344 - 04:49:04) ->    7(time 17624 - 04:53:44)(time 17624 - 04:53:44) ->    0(time 17624 - 04:53:44)(time 18044 - 05:00:44) ->    1(time 18324 - 05:05:24)(time 18708 - 05:11:48) ->    2(time 18770 - 05:12:50)(time 19232 - 05:20:32) ->    3(time 19294 - 05:21:34)(time 19751 - 05:29:11) ->    4(time 19813 - 05:30:13)(time 20205 - 05:36:45) ->    5(time 20267 - 05:37:47)(time 20700 - 05:45:00) ->    6(time 20980 - 05:49:40)(time 20980 - 05:49:40) -> 13
> Trip 3
   13(time 24618 - 06:50:18)(time 25051 - 06:57:31) ->    12(time 25113 - 06:58:33)(time 25505 - 07:05:05) ->    11(time 25567 - 07:06:07)(time 26024 - 07:13:44) ->    10(time 26086 - 07:14:46)(time 26548 - 07:22:28) ->    9(time 26610 - 07:23:30)(time 26994 - 07:29:54) ->    8(time 27274 - 07:34:34)(time 27694 - 07:41:34) ->    7(time 27974 - 07:46:14)(time 27974 - 07:46:14) ->    0(time 27974 - 07:46:14)(time 28394 - 07:53:14) ->    1(time 28868 - 08:01:08)(time 29252 - 08:07:32) ->    2(time 29336 - 08:08:56)(time 29798 - 08:16:38) ->    3(time 29860 - 08:17:40)(time 30317 - 08:25:17) ->    4(time 30791 - 08:33:11)(time 31183 - 08:39:43) ->    5(time 31657 - 08:47:37)(time 32090 - 08:54:50) ->    6(time 32564 - 09:02:44)(time 32564 - 09:02:44) -> 13
----- t4p8r2h1.txt-model.log -----
 980917 96569    16936.6002    53    17313.0000    16936.6002 30085296    2.17%
Elapsed time = 41422.04 sec. (45365771.35 ticks, tree = 138.78 MB, solutions = 6)
 981272 96400    16979.6389    26    17313.0000    16937.7865 30096728    2.17%
 981680 96221    17297.0054    24    17313.0000    16938.0107 30109900    2.17%
 982123 95971        cutoff          17313.0000    16938.0107 30123050    2.17%
 982521 95807    17184.0107    22    17313.0000    16938.0107 30136997    2.17%
 982874 95692    17184.0108    23    17313.0000    16938.0108 30150238    2.17%
 983298 95477    17056.2772    71    17313.0000    16938.0108 30162855    2.17%
 983730 95248    16938.0108    87    17313.0000    16938.0108 30176145    2.17%
 984134 95067    infeasible          17313.0000    16938.0108 30189171    2.17%
 984465 94944        cutoff          17313.0000    16938.0108 30201036    2.17%
 984805 94811    17132.2877    39    17313.0000    16938.0108 30213127    2.17%
Elapsed time = 41564.83 sec. (45518674.11 ticks, tree = 136.49 MB, solutions = 6)
 985390 94546    16938.1073    87    17313.0000    16938.1032 30226688    2.17%
 985834 94309    16988.1073    41    17313.0000    16938.1073 30239987    2.17%
 986403 93931    17224.0968    24    17313.0000    16938.1987 30252665    2.16%
 986785 93745    17188.0066    39    17313.0000    16938.3420 30264520    2.16%
 987222 93535    17184.5429    40    17313.0000    16938.5429 30279350    2.16%
 987558 93431    17297.0054    61    17313.0000    16938.5490 30290463    2.16%
 987947 93250        cutoff          17313.0000    16938.6343 30302403    2.16%
 988352 93058        cutoff          17313.0000    16939.0444 30314223    2.16%
 988789 92820        cutoff          17313.0000    16939.8201 30328361    2.16%
 989219 92627    16960.1808    24    17313.0000    16939.8817 30342766    2.16%
Elapsed time = 41708.41 sec. (45671662.23 ticks, tree = 133.59 MB, solutions = 6)
 989782 92278    16977.3917    70    17313.0000    16940.2145 30357172    2.15%
 990216 92041    16940.7156    40    17313.0000    16940.7174 30369718    2.15%
 990589 91866    16941.0955    57    17313.0000    16941.0955 30382117    2.15%
 990957 91673    17110.9569    42    17313.0000    16941.4790 30394259    2.15%
 991402 91424    17054.9038    26    17313.0000    16941.8312 30407815    2.14%
 991861 91133        cutoff          17313.0000    16941.8312 30420680    2.14%
 992266 90916    17010.0054    25    17313.0000    16941.8313 30432088    2.14%
 992695 90699        cutoff          17313.0000    16942.0066 30443404    2.14%
 993117 90461    16988.6253   163    17313.0000    16942.8532 30456856    2.14%
 993577 90184        cutoff          17313.0000    16943.7021 30470438    2.13%
Elapsed time = 41852.22 sec. (45824939.75 ticks, tree = 130.31 MB, solutions = 6)
 994016 89921    16965.5061    41    17313.0000    16945.2070 30483349    2.12%
 994475 89645    17064.8508    58    17313.0000    16946.5016 30497210    2.12%
 994920 89411    infeasible          17313.0000    16948.0161 30510504    2.11%
 995488 89058        cutoff          17313.0000    16948.1914 30524905    2.11%
 995988 88800    16949.0388    43    17313.0000    16949.0388 30538363    2.10%
 996369 88650    17048.9061    23    17313.0000    16949.8692 30547820    2.10%
 996997 88340    16951.0000   230    17313.0000    16951.0000 30567324    2.09%
 997341 88180    16956.7534    29    17313.0000    16951.4793 30580363    2.09%
 997771 87950        cutoff          17313.0000    16951.8366 30591170    2.09%
 998252 87655    17012.6781    54    17313.0000    16952.5894 30602661    2.08%
Elapsed time = 41996.20 sec. (45978332.75 ticks, tree = 126.90 MB, solutions = 6)
 998710 87469    16953.4707    42    17313.0000    16953.4707 30615029    2.08%
 999304 87166    17021.3116    74    17313.0000    16955.0683 30632917    2.07%
 999700 86967    16956.7534    39    17313.0000    16956.7534 30646218    2.06%
 1000117 86803    16957.4120   133    17313.0000    16957.4120 30658816    2.05%
 1000592 86553    17140.8709    25    17313.0000    16960.3613 30672398    2.04%
 1001211 86243        cutoff          17313.0000    16961.0054 30690618    2.03%
 1001765 85911    17209.1137    72    17313.0000    16963.1860 30706040    2.02%
 1002256 85627        cutoff          17313.0000    16964.3057 30721228    2.01%
 1002863 85280        cutoff          17313.0000    16966.5961 30738608    2.00%
 1003337 85003    16968.6106    50    17313.0000    16967.1130 30754011    2.00%
Elapsed time = 42138.14 sec. (46131275.48 ticks, tree = 123.29 MB, solutions = 6)
 1003702 84862    16981.6680    43    17313.0000    16968.0000 30764585    1.99%
 1004057 84742        cutoff          17313.0000    16968.0000 30775488    1.99%
 1004349 84643    16968.9662   101    17313.0000    16968.0000 30789029    1.99%
 1004676 84533    17224.0053    22    17313.0000    16968.0000 30802280    1.99%
 1005077 84354    17024.8312    19    17313.0000    16968.0000 30815650    1.99%
 1005412 84243    17235.8201    24    17313.0000    16968.0000 30828184    1.99%
 1005862 84061        cutoff          17313.0000    16968.0000 30841802    1.99%
 1006284 83871        cutoff          17313.0000    16968.0000 30854433    1.99%
 1006624 83750    16991.8312    72    17313.0000    16968.0000 30865844    1.99%
 1006987 83596        cutoff          17313.0000    16968.0000 30878932    1.99%
Elapsed time = 42280.49 sec. (46284772.41 ticks, tree = 121.43 MB, solutions = 6)
 1007304 83472    17252.7534    22    17313.0000    16968.0000 30890913    1.99%
 1007631 83362    17224.0054    24    17313.0000    16968.0000 30902190    1.99%
 1007953 83244    17158.5654    37    17313.0000    16968.0000 30913621    1.99%
 1008278 83107    17225.8147     9    17313.0000    16968.0000 30926556    1.99%
 1008589 82983    16978.0053    27    17313.0000    16968.0000 30937004    1.99%
 1008883 82887    17224.1807    43    17313.0000    16968.0000 30948166    1.99%
 1009187 82776    16970.5853    58    17313.0000    16968.0000 30960137    1.99%
 1009457 82686    17125.0293    22    17313.0000    16968.0000 30970747    1.99%
 1009721 82631    16978.1000    66    17313.0000    16968.0000 30980401    1.99%
 1010030 82529    17177.8258    44    17313.0000    16968.0000 30991440    1.99%
Elapsed time = 42422.66 sec. (46438159.03 ticks, tree = 120.07 MB, solutions = 6)
 1010302 82438    16969.8709    58    17313.0000    16968.0000 31001945    1.99%
 1010561 82370    16980.5907    75    17313.0000    16968.0000 31011846    1.99%
 1010849 82279    16968.0000    80    17313.0000    16968.0000 31023413    1.99%
 1011083 82218    16970.5853    55    17313.0000    16968.0000 31033242    1.99%
 1011358 82147        cutoff          17313.0000    16968.0000 31045571    1.99%
 1011689 82039    17166.2764    41    17313.0000    16968.0000 31058785    1.99%
 1012008 81940    16981.3812    24    17313.0000    16968.0355 31069680    1.99%
 1012446 81683    17021.0108    73    17313.0000    16968.5610 31085317    1.99%
 1012855 81482        cutoff          17313.0000    16968.6297 31100683    1.99%
 1013184 81316    17033.6098    64    17313.0000    16969.6231 31111811    1.98%
Elapsed time = 42563.95 sec. (46591251.06 ticks, tree = 118.52 MB, solutions = 6)
 1013882 80926    16969.8532    72    17313.0000    16969.8532 31128918    1.98%
 1014189 80816        cutoff          17313.0000    16969.8532 31138320    1.98%
 1014659 80579    17165.8709   100    17313.0000    16969.8709 31151544    1.98%
 1015100 80401    16972.4563    44    17313.0000    16969.8709 31163487    1.98%
 1015465 80243    17243.3015    23    17313.0000    16969.8709 31175023    1.98%
 1015824 80097    17230.8145    24    17313.0000    16969.8709 31186911    1.98%
 1016110 79999    17165.8709    24    17313.0000    16969.8709 31197702    1.98%
 1016464 79854    17047.6288    42    17313.0000    16970.1841 31209913    1.98%
 1016916 79609    17249.4707    25    17313.0000    16970.5853 31223535    1.98%
 1017273 79447        cutoff          17313.0000    16970.8202 31234820    1.98%
Elapsed time = 42707.54 sec. (46744207.45 ticks, tree = 116.02 MB, solutions = 6)
 1017702 79221    infeasible          17313.0000    16971.3757 31249168    1.97%
 1018117 79015        cutoff          17313.0000    16971.3758 31261579    1.97%
 1018484 78860    17214.0000    24    17313.0000    16971.3758 31273434    1.97%
 1018925 78634    17200.3758    54    17313.0000    16971.3758 31287425    1.97%
 1019308 78416    17231.9772     8    17313.0000    16971.7419 31300317    1.97%
 1019685 78236    16974.5442    55    17313.0000    16972.2474 31311302    1.97%
 1020016 78090    16972.9732   100    17313.0000    16972.9732 31321992    1.96%
 1020338 77945    16988.6293    42    17313.0000    16973.2717 31333171    1.96%
 1020748 77761    17287.0780    24    17313.0000    16973.8617 31344924    1.96%
 1021160 77563        cutoff          17313.0000    16974.2103 31357250    1.96%
Elapsed time = 42851.75 sec. (46897386.31 ticks, tree = 113.58 MB, solutions = 6)
 1021558 77337    17086.2013    40    17313.0000    16975.0720 31368979    1.95%
 1022019 77083    16975.9718    25    17313.0000    16975.9718 31383618    1.95%
 1022426 76872    16976.8607    25    17313.0000    16976.8607 31395612    1.94%
 1023238 76430    17097.5475    39    17313.0000    16978.0053 31416507    1.93%
 1023590 76287        cutoff          17313.0000    16978.0053 31427527    1.93%
 1024016 76097    infeasible          17313.0000    16978.0053 31438773    1.93%
 1024438 75899    17224.0053    35    17313.0000    16978.0053 31450650    1.93%
 1024806 75735        cutoff          17313.0000    16978.0053 31462570    1.93%
 1025099 75633    17225.8147   134    17313.0000    16978.0053 31473229    1.93%
 1025433 75521    16998.1127    42    17313.0000    16978.0054 31483382    1.93%
Elapsed time = 42995.50 sec. (47050634.84 ticks, tree = 110.86 MB, solutions = 6)
 1025788 75358    17174.0054    39    17313.0000    16978.0054 31493676    1.93%
 1026187 75197    16988.2720    25    17313.0000    16978.0054 31504955    1.93%
 1026593 75022        cutoff          17313.0000    16978.0054 31516616    1.93%
 1027086 74759        cutoff          17313.0000    16978.0054 31528943    1.93%
 1027484 74583    17262.0000    25    17313.0000    16978.0054 31540355    1.93%
 1027809 74449    17186.1719    24    17313.0000    16978.0054 31550959    1.93%
 1028203 74264    17174.0054    41    17313.0000    16978.0054 31563066    1.93%
 1028563 74097        cutoff          17313.0000    16978.0054 31573636    1.93%
 1028898 73967        cutoff          17313.0000    16978.0054 31583485    1.93%
 1029260 73813    17101.0053    37    17313.0000    16978.0054 31595125    1.93%
Elapsed time = 43138.23 sec. (47203730.06 ticks, tree = 108.64 MB, solutions = 6)
 1029620 73665    17237.8313    24    17313.0000    16978.0054 31604764    1.93%
 1029951 73547        cutoff          17313.0000    16978.0054 31614678    1.93%
 1030302 73437    17221.0429    33    17313.0000    16978.0054 31625163    1.93%
 1030609 73329        cutoff          17313.0000    16978.0054 31635749    1.93%

GUB cover cuts applied:  1
Cover cuts applied:  791
Implied bound cuts applied:  40
Flow cuts applied:  123
Mixed integer rounding cuts applied:  234
Zero-half cuts applied:  24
Gomory fractional cuts applied:  32

Root node processing (before b&c):
  Real time             =  126.15 sec. (110891.59 ticks)
Sequential b&c:
  Real time             = 43073.85 sec. (47165744.02 ticks)
                          ------------
Total (root+branch&cut) = 43200.01 sec. (47276635.61 ticks)
Feasible

>> Printing some results...
    -> Solution value = 17312 - 04:48:32
    -> Total time = 43200.01
    -> Gap value = 0.02

=============
Train 0
=============
> Trip 0
   0(time 0 - 00:00:00)(time 233 - 00:03:53) ->    1(time 326 - 00:05:26)(time 583 - 00:09:43) ->    2(time 676 - 00:11:16)(time 933 - 00:15:33) ->    3(time 1026 - 00:17:06)(time 1257 - 00:20:57) ->    4(time 1350 - 00:22:30)(time 1570 - 00:26:10) ->    5(time 1663 - 00:27:43)(time 1909 - 00:31:49) ->    6(time 1992 - 00:33:12)(time 2213 - 00:36:53) ->    7(time 2459 - 00:40:59)(time 2459 - 00:40:59) ->    15(time 2705 - 00:45:05)(time 2926 - 00:48:46) ->    14(time 3009 - 00:50:09)(time 3255 - 00:54:15) ->    13(time 3348 - 00:55:48)(time 3568 - 00:59:28) ->    12(time 3661 - 01:01:01)(time 3892 - 01:04:52) ->    11(time 3985 - 01:06:25)(time 4242 - 01:10:42) ->    10(time 4335 - 01:12:15)(time 4592 - 01:16:32) ->    9(time 4685 - 01:18:05)(time 4918 - 01:21:58) ->    8(time 5164 - 01:26:04)(time 5164 - 01:26:04) -> 0
> Trip 1
   0(time 5935 - 01:38:55)(time 6168 - 01:42:48) ->    1(time 6261 - 01:44:21)(time 6518 - 01:48:38) ->    2(time 6611 - 01:50:11)(time 6868 - 01:54:28) ->    3(time 6961 - 01:56:01)(time 7192 - 01:59:52) ->    4(time 7285 - 02:01:25)(time 7505 - 02:05:05) ->    5(time 7598 - 02:06:38)(time 7844 - 02:10:44) ->    6(time 7927 - 02:12:07)(time 8148 - 02:15:48) ->    7(time 8394 - 02:19:54)(time 8394 - 02:19:54) ->    15(time 8477 - 02:21:17)(time 8698 - 02:24:58) ->    14(time 8944 - 02:29:04)(time 9190 - 02:33:10) ->    13(time 9283 - 02:34:43)(time 9503 - 02:38:23) ->    12(time 9596 - 02:39:56)(time 9827 - 02:43:47) ->    11(time 9920 - 02:45:20)(time 10177 - 02:49:37) ->    10(time 10270 - 02:51:10)(time 10527 - 02:55:27) ->    9(time 10620 - 02:57:00)(time 10853 - 03:00:53) ->    8(time 11099 - 03:04:59)(time 11099 - 03:04:59) -> 0
> Trip 2
   0(time 11378 - 03:09:38)(time 11611 - 03:13:31) ->    1(time 11704 - 03:15:04)(time 11961 - 03:19:21) ->    2(time 12054 - 03:20:54)(time 12311 - 03:25:11) ->    3(time 12404 - 03:26:44)(time 12635 - 03:30:35) ->    4(time 12728 - 03:32:08)(time 12948 - 03:35:48) ->    5(time 13041 - 03:37:21)(time 13287 - 03:41:27) ->    6(time 13370 - 03:42:50)(time 13591 - 03:46:31) ->    7(time 13837 - 03:50:37)(time 13837 - 03:50:37) ->    15(time 14083 - 03:54:43)(time 14304 - 03:58:24) ->    14(time 14387 - 03:59:47)(time 14633 - 04:03:53) ->    13(time 14726 - 04:05:26)(time 14946 - 04:09:06) ->    12(time 15039 - 04:10:39)(time 15270 - 04:14:30) ->    11(time 15363 - 04:16:03)(time 15620 - 04:20:20) ->    10(time 15713 - 04:21:53)(time 15970 - 04:26:10) ->    9(time 16063 - 04:27:43)(time 16296 - 04:31:36) ->    8(time 16542 - 04:35:42)(time 16542 - 04:35:42) -> 0
=============
Train 1
=============
> Trip 0
   0(time 93 - 00:01:33)(time 326 - 00:05:26) ->    1(time 419 - 00:06:59)(time 676 - 00:11:16) ->    2(time 769 - 00:12:49)(time 1026 - 00:17:06) ->    3(time 1119 - 00:18:39)(time 1350 - 00:22:30) ->    4(time 1443 - 00:24:03)(time 1663 - 00:27:43) ->    5(time 1909 - 00:31:49)(time 2155 - 00:35:55) ->    6(time 2238 - 00:37:18)(time 2459 - 00:40:59) ->    7(time 2705 - 00:45:05)(time 2705 - 00:45:05) ->    15(time 2788 - 00:46:28)(time 3009 - 00:50:09) ->    14(time 3288 - 00:54:48)(time 3534 - 00:58:54) ->    13(time 3627 - 01:00:27)(time 3847 - 01:04:07) ->    12(time 3940 - 01:05:40)(time 4171 - 01:09:31) ->    11(time 4264 - 01:11:04)(time 4521 - 01:15:21) ->    10(time 4614 - 01:16:54)(time 4871 - 01:21:11) ->    9(time 4964 - 01:22:44)(time 5197 - 01:26:37) ->    8(time 5443 - 01:30:43)(time 5443 - 01:30:43) -> 0
> Trip 1
   0(time 6706 - 01:51:46)(time 6939 - 01:55:39) ->    1(time 7032 - 01:57:12)(time 7289 - 02:01:29) ->    2(time 7382 - 02:03:02)(time 7639 - 02:07:19) ->    3(time 7732 - 02:08:52)(time 7963 - 02:12:43) ->    4(time 8056 - 02:14:16)(time 8276 - 02:17:56) ->    5(time 8369 - 02:19:29)(time 8615 - 02:23:35) ->    6(time 8698 - 02:24:58)(time 8919 - 02:28:39) ->    7(time 9165 - 02:32:45)(time 9165 - 02:32:45) ->    15(time 9165 - 02:32:45)(time 9386 - 02:36:26) ->    14(time 9469 - 02:37:49)(time 9715 - 02:41:55) ->    13(time 9808 - 02:43:28)(time 10028 - 02:47:08) ->    12(time 10121 - 02:48:41)(time 10352 - 02:52:32) ->    11(time 10445 - 02:54:05)(time 10702 - 02:58:22) ->    10(time 10795 - 02:59:55)(time 11052 - 03:04:12) ->    9(time 11145 - 03:05:45)(time 11378 - 03:09:38) ->    8(time 11624 - 03:13:44)(time 11624 - 03:13:44) -> 0
> Trip 2
   0(time 11870 - 03:17:50)(time 12103 - 03:21:43) ->    1(time 12196 - 03:23:16)(time 12453 - 03:27:33) ->    2(time 12546 - 03:29:06)(time 12803 - 03:33:23) ->    3(time 12896 - 03:34:56)(time 13127 - 03:38:47) ->    4(time 13220 - 03:40:20)(time 13440 - 03:44:00) ->    5(time 13533 - 03:45:33)(time 13779 - 03:49:39) ->    6(time 13862 - 03:51:02)(time 14083 - 03:54:43) ->    7(time 14329 - 03:58:49)(time 14329 - 03:58:49) ->    15(time 14608 - 04:03:28)(time 14829 - 04:07:09) ->    14(time 14912 - 04:08:32)(time 15158 - 04:12:38) ->    13(time 15251 - 04:14:11)(time 15471 - 04:17:51) ->    12(time 15564 - 04:19:24)(time 15795 - 04:23:15) ->    11(time 15888 - 04:24:48)(time 16145 - 04:29:05) ->    10(time 16238 - 04:30:38)(time 16495 - 04:34:55) ->    9(time 16588 - 04:36:28)(time 16821 - 04:40:21) ->    8(time 17067 - 04:44:27)(time 17067 - 04:44:27) -> 0
=============
Train 2
=============
> Trip 0
   0(time 492 - 00:08:12)(time 725 - 00:12:05) ->    1(time 818 - 00:13:38)(time 1075 - 00:17:55) ->    2(time 1168 - 00:19:28)(time 1425 - 00:23:45) ->    3(time 1518 - 00:25:18)(time 1749 - 00:29:09) ->    4(time 1842 - 00:30:42)(time 2062 - 00:34:22) ->    5(time 2155 - 00:35:55)(time 2401 - 00:40:01) ->    6(time 2484 - 00:41:24)(time 2705 - 00:45:05) ->    7(time 2951 - 00:49:11)(time 2951 - 00:49:11) ->    15(time 3230 - 00:53:50)(time 3451 - 00:57:31) ->    14(time 3534 - 00:58:54)(time 3780 - 01:03:00) ->    13(time 3873 - 01:04:33)(time 4093 - 01:08:13) ->    12(time 4186 - 01:09:46)(time 4417 - 01:13:37) ->    11(time 4510 - 01:15:10)(time 4767 - 01:19:27) ->    10(time 4860 - 01:21:00)(time 5117 - 01:25:17) ->    9(time 5210 - 01:26:50)(time 5443 - 01:30:43) ->    8(time 5689 - 01:34:49)(time 5689 - 01:34:49) -> 0
> Trip 1
   0(time 5689 - 01:34:49)(time 5922 - 01:38:42) ->    1(time 6015 - 01:40:15)(time 6272 - 01:44:32) ->    2(time 6365 - 01:46:05)(time 6622 - 01:50:22) ->    3(time 6715 - 01:51:55)(time 6946 - 01:55:46) ->    4(time 7039 - 01:57:19)(time 7259 - 02:00:59) ->    5(time 7352 - 02:02:32)(time 7598 - 02:06:38) ->    6(time 7681 - 02:08:01)(time 7902 - 02:11:42) ->    7(time 8148 - 02:15:48)(time 8148 - 02:15:48) ->    15(time 8394 - 02:19:54)(time 8615 - 02:23:35) ->    14(time 8698 - 02:24:58)(time 8944 - 02:29:04) ->    13(time 9037 - 02:30:37)(time 9257 - 02:34:17) ->    12(time 9350 - 02:35:50)(time 9581 - 02:39:41) ->    11(time 9674 - 02:41:14)(time 9931 - 02:45:31) ->    10(time 10024 - 02:47:04)(time 10281 - 02:51:21) ->    9(time 10374 - 02:52:54)(time 10607 - 02:56:47) ->    8(time 10853 - 03:00:53)(time 10853 - 03:00:53) -> 0
> Trip 2
   0(time 12395 - 03:26:35)(time 12628 - 03:30:28) ->    1(time 12721 - 03:32:01)(time 12978 - 03:36:18) ->    2(time 13071 - 03:37:51)(time 13328 - 03:42:08) ->    3(time 13421 - 03:43:41)(time 13652 - 03:47:32) ->    4(time 13745 - 03:49:05)(time 13965 - 03:52:45) ->    5(time 14058 - 03:54:18)(time 14304 - 03:58:24) ->    6(time 14387 - 03:59:47)(time 14608 - 04:03:28) ->    7(time 14854 - 04:07:34)(time 14854 - 04:07:34) ->    15(time 14854 - 04:07:34)(time 15075 - 04:11:15) ->    14(time 15158 - 04:12:38)(time 15404 - 04:16:44) ->    13(time 15497 - 04:18:17)(time 15717 - 04:21:57) ->    12(time 15810 - 04:23:30)(time 16041 - 04:27:21) ->    11(time 16134 - 04:28:54)(time 16391 - 04:33:11) ->    10(time 16484 - 04:34:44)(time 16741 - 04:39:01) ->    9(time 16834 - 04:40:34)(time 17067 - 04:44:27) ->    8(time 17313 - 04:48:33)(time 17313 - 04:48:33) -> 0
=============
Train 3
=============
> Trip 0
   0(time 1017 - 00:16:57)(time 1250 - 00:20:50) ->    1(time 1343 - 00:22:23)(time 1600 - 00:26:40) ->    2(time 1693 - 00:28:13)(time 1950 - 00:32:30) ->    3(time 2043 - 00:34:03)(time 2274 - 00:37:54) ->    4(time 2367 - 00:39:27)(time 2587 - 00:43:07) ->    5(time 2680 - 00:44:40)(time 2926 - 00:48:46) ->    6(time 3009 - 00:50:09)(time 3230 - 00:53:50) ->    7(time 3476 - 00:57:56)(time 3476 - 00:57:56) ->    15(time 3476 - 00:57:56)(time 3697 - 01:01:37) ->    14(time 3780 - 01:03:00)(time 4026 - 01:07:06) ->    13(time 4119 - 01:08:39)(time 4339 - 01:12:19) ->    12(time 4432 - 01:13:52)(time 4663 - 01:17:43) ->    11(time 4756 - 01:19:16)(time 5013 - 01:23:33) ->    10(time 5106 - 01:25:06)(time 5363 - 01:29:23) ->    9(time 5456 - 01:30:56)(time 5689 - 01:34:49) ->    8(time 6162 - 01:42:42)(time 6162 - 01:42:42) -> 0
> Trip 1
   0(time 6181 - 01:43:01)(time 6414 - 01:46:54) ->    1(time 6507 - 01:48:27)(time 6764 - 01:52:44) ->    2(time 6857 - 01:54:17)(time 7114 - 01:58:34) ->    3(time 7207 - 02:00:07)(time 7438 - 02:03:58) ->    4(time 7531 - 02:05:31)(time 7751 - 02:09:11) ->    5(time 7844 - 02:10:44)(time 8090 - 02:14:50) ->    6(time 8173 - 02:16:13)(time 8394 - 02:19:54) ->    7(time 8867 - 02:27:47)(time 8867 - 02:27:47) ->    15(time 8919 - 02:28:39)(time 9140 - 02:32:20) ->    14(time 9223 - 02:33:43)(time 9469 - 02:37:49) ->    13(time 9562 - 02:39:22)(time 9782 - 02:43:02) ->    12(time 9875 - 02:44:35)(time 10106 - 02:48:26) ->    11(time 10199 - 02:49:59)(time 10456 - 02:54:16) ->    10(time 10549 - 02:55:49)(time 10806 - 03:00:06) ->    9(time 10899 - 03:01:39)(time 11132 - 03:05:32) ->    8(time 11378 - 03:09:38)(time 11378 - 03:09:38) -> 0
> Trip 2
   0(time 11624 - 03:13:44)(time 11857 - 03:17:37) ->    1(time 11950 - 03:19:10)(time 12207 - 03:23:27) ->    2(time 12300 - 03:25:00)(time 12557 - 03:29:17) ->    3(time 12650 - 03:30:50)(time 12881 - 03:34:41) ->    4(time 12974 - 03:36:14)(time 13194 - 03:39:54) ->    5(time 13287 - 03:41:27)(time 13533 - 03:45:33) ->    6(time 13616 - 03:46:56)(time 13837 - 03:50:37) ->    7(time 14083 - 03:54:43)(time 14083 - 03:54:43) ->    15(time 14166 - 03:56:06)(time 14387 - 03:59:47) ->    14(time 14633 - 04:03:53)(time 14879 - 04:07:59) ->    13(time 14972 - 04:09:32)(time 15192 - 04:13:12) ->    12(time 15285 - 04:14:45)(time 15516 - 04:18:36) ->    11(time 15609 - 04:20:09)(time 15866 - 04:24:26) ->    10(time 15959 - 04:25:59)(time 16216 - 04:30:16) ->    9(time 16309 - 04:31:49)(time 16542 - 04:35:42) ->    8(time 16788 - 04:39:48)(time 16788 - 04:39:48) -> 0
Traceback (most recent call last):
  File "/home/renata/Train-Timetabling/script.py", line 99, in <module>
    os.remove(file_name)
FileNotFoundError: [Errno 2] No such file or directory: 'script-solution.txt'
----- t4p9r2h1.txt-model.log -----
Elapsed time = 504.11 sec. (452474.76 ticks, tree = 39.71 MB, solutions = 18)
  25259  7676    infeasible           9037.0000     6445.0000   949921   28.68%
  25595  7687     6603.0000   162     9037.0000     6445.0000   957607   28.68%
  25917  7722    infeasible           9037.0000     6446.0164   967716   28.67%
  26272  7742    infeasible           9037.0000     6455.0000   975852   28.57%
  26609  7691     6894.0000    98     9037.0000     6464.0000   985537   28.47%
  26959  7631        cutoff           9037.0000     6482.0000   994832   28.27%
  27256  7654    infeasible           9037.0000     6490.4641  1003101   28.18%
  27603  7604    infeasible           9037.0000     6497.0000  1012685   28.11%
  27929  7609    infeasible           9037.0000     6506.0000  1021534   28.01%
  28287  7556    infeasible           9037.0000     6506.0000  1031269   28.01%
Elapsed time = 542.84 sec. (490951.66 ticks, tree = 39.04 MB, solutions = 18)
  28635  7564    infeasible           9037.0000     6510.0000  1039584   27.96%
  28996  7488    infeasible           9037.0000     6515.0000  1048521   27.91%
  29315  7450    infeasible           9037.0000     6515.0000  1057596   27.91%
  29636  7377        cutoff           9037.0000     6524.0000  1067846   27.81%
  30022  7306    infeasible           9037.0000     6524.0000  1076324   27.81%
  30371  7276    infeasible           9037.0000     6524.0000  1085353   27.81%
  30760  7157    infeasible           9037.0000     6533.0000  1094067   27.71%
  31129  7059    infeasible           9037.0000     6542.0000  1102451   27.61%
  31457  6956    infeasible           9037.0000     6543.0000  1111317   27.60%
  31829  6809    infeasible           9037.0000     6561.0000  1120727   27.40%
Elapsed time = 576.91 sec. (529361.72 ticks, tree = 35.34 MB, solutions = 18)
  32197  6682     6594.0000   227     9037.0000     6585.0000  1129674   27.13%
  32572  6627    infeasible           9037.0000     6594.0000  1138575   27.03%
  32943  6500     6956.1149   154     9037.0000     6603.1149  1149135   26.93%
  33332  6334     6612.0000   180     9037.0000     6612.0000  1158654   26.83%
  33673  6193    infeasible           9037.0000     6621.0000  1167242   26.73%
  34082  6031    infeasible           9037.0000     6639.0000  1175555   26.54%
  34488  5787    infeasible           9037.0000     6682.0000  1184125   26.06%
  34823  5820    infeasible           9037.0000     6683.0000  1194150   26.05%
  35141  5896    infeasible           9037.0000     6683.0000  1204876   26.05%
  35435  5994    infeasible           9037.0000     6683.0000  1214192   26.05%
Elapsed time = 611.24 sec. (567725.15 ticks, tree = 30.80 MB, solutions = 18)
  35709  6097     6913.7376   191     9037.0000     6683.0000  1223239   26.05%
  35920  6141    infeasible           9037.0000     6683.0000  1236170   26.05%
  36174  6237     6702.6502   517     9037.0000     6683.0000  1246409   26.05%
  36375  6284     6721.0559   148     9037.0000     6683.0000  1258805   26.05%
  36583  6340    infeasible           9037.0000     6683.0000  1269897   26.05%
  36807  6388    infeasible           9037.0000     6683.0000  1278920   26.05%
  37018  6431    infeasible           9037.0000     6683.5007  1289523   26.04%
  37372  6511     7444.0000    39     9037.0000     6685.0472  1298077   26.03%
  37755  6388     6746.0980   134     9037.0000     6700.0000  1306098   25.86%
  38118  6214    infeasible           9037.0000     6718.0000  1314633   25.66%
Elapsed time = 648.71 sec. (606251.10 ticks, tree = 31.98 MB, solutions = 18)
  38430  6148     6956.0000    97     9037.0000     6729.0000  1323550   25.54%
  38800  6026    infeasible           9037.0000     6762.0000  1332685   25.17%
  39133  5990     7159.0000   102     9037.0000     6771.0000  1342114   25.07%
  39424  6039     6957.0601   155     9037.0000     6771.0000  1351143   25.07%
  39702  6107    infeasible           9037.0000     6771.2334  1360979   25.07%
  40024  6115     7216.0000    70     9037.0000     6780.0000  1369116   24.98%
  40379  6141     6877.0000    90     9037.0000     6780.0000  1377652   24.98%
  40736  6155     7141.0000    64     9037.0000     6780.0000  1386855   24.98%
  41081  6232     6780.0000    94     9037.0000     6780.0000  1396950   24.98%
  41399  6265     6780.0000    59     9037.0000     6780.0000  1406657   24.98%
Elapsed time = 704.54 sec. (644811.67 ticks, tree = 32.31 MB, solutions = 18)
  41708  6326    infeasible           9037.0000     6780.0000  1415769   24.98%
  42041  6408     6780.0000    98     9037.0000     6780.0000  1424403   24.98%
  42372  6509     6956.0000    97     9037.0000     6780.0000  1432353   24.98%
  42701  6605    infeasible           9037.0000     6780.0000  1440578   24.98%
  42963  6682     7150.0000   155     9037.0000     6780.0000  1450959   24.98%
  43247  6748     6947.0980   298     9037.0000     6780.0000  1460734   24.98%
  43516  6794     6868.1877   131     9037.0000     6780.1877  1471773   24.97%
  43838  6870    infeasible           9037.0000     6780.8905  1479986   24.97%
  44165  6928    infeasible           9037.0000     6781.1445  1488474   24.96%
  44515  6914     7053.9084   203     9037.0000     6793.6105  1496217   24.82%
Elapsed time = 735.37 sec. (683409.92 ticks, tree = 35.64 MB, solutions = 18)
  44914  6804    infeasible           9037.0000     6808.0000  1504149   24.67%
  45254  6797        cutoff           9037.0000     6816.0000  1513576   24.58%
  45593  6811    infeasible           9037.0000     6817.0000  1522992   24.57%
  45917  6844     7053.0000   198     9037.0000     6818.0383  1531989   24.55%
  46284  6835     7159.0000   112     9037.0000     6826.0000  1540608   24.47%
  46593  6877    infeasible           9037.0000     6829.6326  1550279   24.43%
  46963  6759    infeasible           9037.0000     6859.0000  1559283   24.10%
  47310  6737    infeasible           9037.0000     6859.0000  1567930   24.10%
  47633  6734    infeasible           9037.0000     6863.0000  1577551   24.06%
  47970  6703    infeasible           9037.0000     6868.0000  1586133   24.00%
Elapsed time = 767.68 sec. (721725.93 ticks, tree = 34.61 MB, solutions = 18)
  48399  6701     6868.0000    86     9037.0000     6868.0000  1593823   24.00%
  48722  6701    infeasible           9037.0000     6868.0000  1603844   24.00%
  49047  6699     6947.0000   158     9037.0000     6868.0000  1613066   24.00%
  49356  6678     6868.0000   201     9037.0000     6868.0000  1623304   24.00%
  49665  6714     7132.0000   191     9037.0000     6868.0000  1633015   24.00%
  49988  6704    infeasible           9037.0000     6868.0980  1643242   24.00%
  50315  6679    infeasible           9037.0000     6877.0000  1652465   23.90%
  50718  6634    infeasible           9037.0000     6877.0000  1661522   23.90%
  51094  6546     6877.0000    80     9037.0000     6877.0000  1670129   23.90%
  51482  6541     6877.0000   113     9037.0000     6877.0000  1678848   23.90%
Elapsed time = 800.74 sec. (759985.81 ticks, tree = 33.80 MB, solutions = 18)
  51834  6532     6956.0000    72     9037.0000     6877.0000  1688061   23.90%
  52203  6548     6877.0000    96     9037.0000     6877.0000  1697593   23.90%
  52553  6535    infeasible           9037.0000     6877.0000  1706407   23.90%
  52938  6525    infeasible           9037.0000     6877.0000  1714870   23.90%
  53255  6546     6877.0000   212     9037.0000     6877.0000  1723949   23.90%
  53587  6615     6965.0000   190     9037.0000     6877.0000  1733618   23.90%
  53859  6643    infeasible           9037.0000     6877.0000  1744288   23.90%
  54144  6654    infeasible           9037.0000     6877.8501  1753520   23.89%
  54498  6625    infeasible           9037.0000     6879.3174  1762198   23.88%
  54921  6453     6904.0000    44     9037.0000     6904.0000  1771315   23.60%
Elapsed time = 846.03 sec. (798399.65 ticks, tree = 33.37 MB, solutions = 18)
  55241  6412     6905.0000   178     9037.0000     6905.0000  1781029   23.59%
  55602  6303    infeasible           9037.0000     6914.0000  1790427   23.49%
  55952  6300    infeasible           9037.0000     6914.0000  1799623   23.49%
  56307  6235     7292.4154   154     9037.0000     6923.0000  1809590   23.39%
  56648  6188    infeasible           9037.0000     6940.0000  1819188   23.20%
  57058  6045    infeasible           9037.0000     6947.0000  1827858   23.13%
  57399  5977    infeasible           9037.0000     6956.0000  1837267   23.03%
  57820  5797    infeasible           9037.0000     6956.0000  1847099   23.03%
  58166  5713    infeasible           9037.0000     6956.0000  1856721   23.03%
  58489  5684    infeasible           9037.0000     6956.0000  1866507   23.03%
Elapsed time = 917.16 sec. (836640.91 ticks, tree = 29.40 MB, solutions = 18)
  58786  5639    infeasible           9037.0000     6957.0559  1876872   23.02%
  59199  5481    infeasible           9037.0000     6965.0000  1886645   22.93%
  59592  5355     7053.0000   107     9037.0000     6965.0000  1896114   22.93%
  59942  5273     7044.0032   143     9037.0000     6965.0000  1906170   22.93%
  60329  5271    infeasible           9037.0000     6965.0000  1915325   22.93%
  60670  5203    infeasible           9037.0000     6966.0559  1925358   22.92%
  61153  5015    infeasible           9037.0000     6974.0000  1934454   22.83%
  61588  4882     7071.0000   122     9037.0000     6974.0000  1943295   22.83%
  61996  4797    infeasible           9037.0000     6974.0000  1952481   22.83%
  62357  4772    infeasible           9037.0000     6974.0000  1962317   22.83%
Elapsed time = 955.73 sec. (875246.85 ticks, tree = 24.76 MB, solutions = 18)
  62773  4623    infeasible           9037.0000     6984.6502  1972488   22.71%
  63186  4494     7187.0000   129     9037.0000     7002.0000  1982281   22.52%
  63572  4334    infeasible           9037.0000     7011.0000  1991993   22.42%
  63969  4186    infeasible           9037.0000     7035.0000  2001394   22.15%
  64396  4046    infeasible           9037.0000     7044.0000  2009724   22.05%
  64746  3906    infeasible           9037.0000     7053.0000  2018981   21.95%
  65155  3776     7053.1877   185     9037.0000     7053.0000  2028821   21.95%
  65481  3661    infeasible           9037.0000     7053.9084  2039233   21.94%
  65853  3502    infeasible           9037.0000     7062.0000  2048015   21.85%
  66198  3356    infeasible           9037.0000     7071.0000  2058350   21.76%
Elapsed time = 991.28 sec. (913665.78 ticks, tree = 17.57 MB, solutions = 18)
  66547  3242    infeasible           9037.0000     7081.0000  2069085   21.64%
  66934  3049    infeasible           9037.0000     7099.0000  2079017   21.45%
  67291  2871    infeasible           9037.0000     7114.0000  2089259   21.28%
  67725  2621     7220.1434   131     9037.0000     7132.1434  2098287   21.08%
  68099  2426    infeasible           9037.0000     7141.0000  2107922   20.98%
  68496  2131    infeasible           9037.0000     7150.0000  2117881   20.88%
  68887  1875     7168.0000   122     9037.0000     7168.0000  2126720   20.68%
  69368  1481    infeasible           9037.0000     7196.0000  2135321   20.37%
  69889   980    infeasible           9037.0000     7238.0000  2143520   19.91%
  70473   399    infeasible           9037.0000     7317.0000  2152859   19.03%
Elapsed time = 1031.68 sec. (952067.62 ticks, tree = 2.38 MB, solutions = 18)

GUB cover cuts applied:  35
Clique cuts applied:  289
Cover cuts applied:  370
Implied bound cuts applied:  52
Flow cuts applied:  63
Mixed integer rounding cuts applied:  469
Zero-half cuts applied:  74
Lift and project cuts applied:  1
Gomory fractional cuts applied:  9

Root node processing (before b&c):
  Real time             =   58.49 sec. (43013.54 ticks)
Sequential b&c:
  Real time             =  976.69 sec. (912450.79 ticks)
                          ------------
Total (root+branch&cut) = 1035.18 sec. (955464.34 ticks)
Optimal

>> Printing some results...
    -> Solution value = 9037 - 02:30:37
    -> Total time = 1035.18
    -> Gap value = 0.00

=============
Train 0
=============
> Trip 0
   17(time 88 - 00:01:28)(time 188 - 00:03:08) ->    16(time 276 - 00:04:36)(time 380 - 00:06:20) ->    15(time 468 - 00:07:48)(time 575 - 00:09:35) ->    14(time 663 - 00:11:03)(time 778 - 00:12:58) ->    13(time 832 - 00:13:52)(time 945 - 00:15:45) ->    12(time 1033 - 00:17:13)(time 1132 - 00:18:52) ->    11(time 1177 - 00:19:37)(time 1292 - 00:21:32) ->    10(time 1380 - 00:23:00)(time 1490 - 00:24:50) ->    9(time 1587 - 00:26:27)(time 1587 - 00:26:27) ->    0(time 1587 - 00:26:27)(time 1697 - 00:28:17) ->    1(time 1785 - 00:29:45)(time 1900 - 00:31:40) ->    2(time 1945 - 00:32:25)(time 2044 - 00:34:04) ->    3(time 2132 - 00:35:32)(time 2245 - 00:37:25) ->    4(time 2290 - 00:38:10)(time 2405 - 00:40:05) ->    5(time 2493 - 00:41:33)(time 2600 - 00:43:20) ->    6(time 2688 - 00:44:48)(time 2792 - 00:46:32) ->    7(time 2880 - 00:48:00)(time 2980 - 00:49:40) ->    8(time 3077 - 00:51:17)(time 3077 - 00:51:17) -> 17
> Trip 1
   17(time 3077 - 00:51:17)(time 3177 - 00:52:57) ->    16(time 3265 - 00:54:25)(time 3369 - 00:56:09) ->    15(time 3457 - 00:57:37)(time 3564 - 00:59:24) ->    14(time 3652 - 01:00:52)(time 3767 - 01:02:47) ->    13(time 3812 - 01:03:32)(time 3925 - 01:05:25) ->    12(time 4013 - 01:06:53)(time 4112 - 01:08:32) ->    11(time 4157 - 01:09:17)(time 4272 - 01:11:12) ->    10(time 4360 - 01:12:40)(time 4470 - 01:14:30) ->    9(time 4567 - 01:16:07)(time 4567 - 01:16:07) ->    0(time 4567 - 01:16:07)(time 4677 - 01:17:57) ->    1(time 4765 - 01:19:25)(time 4880 - 01:21:20) ->    2(time 4925 - 01:22:05)(time 5024 - 01:23:44) ->    3(time 5112 - 01:25:12)(time 5225 - 01:27:05) ->    4(time 5270 - 01:27:50)(time 5385 - 01:29:45) ->    5(time 5473 - 01:31:13)(time 5580 - 01:33:00) ->    6(time 5668 - 01:34:28)(time 5772 - 01:36:12) ->    7(time 5860 - 01:37:40)(time 5960 - 01:39:20) ->    8(time 6057 - 01:40:57)(time 6057 - 01:40:57) -> 17
> Trip 2
   17(time 6057 - 01:40:57)(time 6157 - 01:42:37) ->    16(time 6245 - 01:44:05)(time 6349 - 01:45:49) ->    15(time 6437 - 01:47:17)(time 6544 - 01:49:04) ->    14(time 6632 - 01:50:32)(time 6747 - 01:52:27) ->    13(time 6792 - 01:53:12)(time 6905 - 01:55:05) ->    12(time 6993 - 01:56:33)(time 7092 - 01:58:12) ->    11(time 7137 - 01:58:57)(time 7252 - 02:00:52) ->    10(time 7340 - 02:02:20)(time 7450 - 02:04:10) ->    9(time 7547 - 02:05:47)(time 7547 - 02:05:47) ->    0(time 7547 - 02:05:47)(time 7657 - 02:07:37) ->    1(time 7745 - 02:09:05)(time 7860 - 02:11:00) ->    2(time 7905 - 02:11:45)(time 8004 - 02:13:24) ->    3(time 8092 - 02:14:52)(time 8205 - 02:16:45) ->    4(time 8250 - 02:17:30)(time 8365 - 02:19:25) ->    5(time 8453 - 02:20:53)(time 8560 - 02:22:40) ->    6(time 8648 - 02:24:08)(time 8752 - 02:25:52) ->    7(time 8840 - 02:27:20)(time 8940 - 02:29:00) ->    8(time 9037 - 02:30:37)(time 9037 - 02:30:37) -> 17
=============
Train 1
=============
> Trip 0
   17(time 1252 - 00:20:52)(time 1352 - 00:22:32) ->    16(time 1440 - 00:24:00)(time 1544 - 00:25:44) ->    15(time 1883 - 00:31:23)(time 1990 - 00:33:10) ->    14(time 2078 - 00:34:38)(time 2193 - 00:36:33) ->    13(time 2302 - 00:38:22)(time 2415 - 00:40:15) ->    12(time 2503 - 00:41:43)(time 2602 - 00:43:22) ->    11(time 2647 - 00:44:07)(time 2762 - 00:46:02) ->    10(time 2850 - 00:47:30)(time 2960 - 00:49:20) ->    9(time 3057 - 00:50:57)(time 3057 - 00:50:57) ->    0(time 3057 - 00:50:57)(time 3167 - 00:52:47) ->    1(time 3255 - 00:54:15)(time 3370 - 00:56:10) ->    2(time 3415 - 00:56:55)(time 3514 - 00:58:34) ->    3(time 3602 - 01:00:02)(time 3715 - 01:01:55) ->    4(time 3767 - 01:02:47)(time 3882 - 01:04:42) ->    5(time 3970 - 01:06:10)(time 4077 - 01:07:57) ->    6(time 4165 - 01:09:25)(time 4269 - 01:11:09) ->    7(time 4357 - 01:12:37)(time 4457 - 01:14:17) ->    8(time 4554 - 01:15:54)(time 4554 - 01:15:54) -> 17
> Trip 1
   17(time 4889 - 01:21:29)(time 4989 - 01:23:09) ->    16(time 5077 - 01:24:37)(time 5181 - 01:26:21) ->    15(time 5269 - 01:27:49)(time 5376 - 01:29:36) ->    14(time 5715 - 01:35:15)(time 5830 - 01:37:10) ->    13(time 5875 - 01:37:55)(time 5988 - 01:39:48) ->    12(time 6173 - 01:42:53)(time 6272 - 01:44:32) ->    11(time 6317 - 01:45:17)(time 6432 - 01:47:12) ->    10(time 6520 - 01:48:40)(time 6630 - 01:50:30) ->    9(time 6727 - 01:52:07)(time 6727 - 01:52:07) ->    0(time 6727 - 01:52:07)(time 6837 - 01:53:57) ->    1(time 6925 - 01:55:25)(time 7040 - 01:57:20) ->    2(time 7092 - 01:58:12)(time 7191 - 01:59:51) ->    3(time 7396 - 02:03:16)(time 7509 - 02:05:09) ->    4(time 7554 - 02:05:54)(time 7669 - 02:07:49) ->    5(time 8008 - 02:13:28)(time 8115 - 02:15:15) ->    6(time 8454 - 02:20:54)(time 8558 - 02:22:38) ->    7(time 8646 - 02:24:06)(time 8746 - 02:25:46) ->    8(time 8843 - 02:27:23)(time 8843 - 02:27:23) -> 17
=============
Train 2
=============
> Trip 0
   17(time 0 - 00:00:00)(time 100 - 00:01:40) ->    16(time 188 - 00:03:08)(time 292 - 00:04:52) ->    15(time 380 - 00:06:20)(time 487 - 00:08:07) ->    14(time 575 - 00:09:35)(time 690 - 00:11:30) ->    13(time 735 - 00:12:15)(time 848 - 00:14:08) ->    12(time 936 - 00:15:36)(time 1035 - 00:17:15) ->    11(time 1080 - 00:18:00)(time 1195 - 00:19:55) ->    10(time 1283 - 00:21:23)(time 1393 - 00:23:13) ->    9(time 1490 - 00:24:50)(time 1490 - 00:24:50) ->    0(time 1490 - 00:24:50)(time 1600 - 00:26:40) ->    1(time 1688 - 00:28:08)(time 1803 - 00:30:03) ->    2(time 1848 - 00:30:48)(time 1947 - 00:32:27) ->    3(time 2035 - 00:33:55)(time 2148 - 00:35:48) ->    4(time 2193 - 00:36:33)(time 2308 - 00:38:28) ->    5(time 2396 - 00:39:56)(time 2503 - 00:41:43) ->    6(time 2591 - 00:43:11)(time 2695 - 00:44:55) ->    7(time 2783 - 00:46:23)(time 2883 - 00:48:03) ->    8(time 2980 - 00:49:40)(time 2980 - 00:49:40) -> 17
> Trip 1
   17(time 2980 - 00:49:40)(time 3080 - 00:51:20) ->    16(time 3168 - 00:52:48)(time 3272 - 00:54:32) ->    15(time 3360 - 00:56:00)(time 3467 - 00:57:47) ->    14(time 3555 - 00:59:15)(time 3670 - 01:01:10) ->    13(time 3715 - 01:01:55)(time 3828 - 01:03:48) ->    12(time 3916 - 01:05:16)(time 4015 - 01:06:55) ->    11(time 4060 - 01:07:40)(time 4175 - 01:09:35) ->    10(time 4263 - 01:11:03)(time 4373 - 01:12:53) ->    9(time 4470 - 01:14:30)(time 4470 - 01:14:30) ->    0(time 4470 - 01:14:30)(time 4580 - 01:16:20) ->    1(time 4668 - 01:17:48)(time 4783 - 01:19:43) ->    2(time 4828 - 01:20:28)(time 4927 - 01:22:07) ->    3(time 5015 - 01:23:35)(time 5128 - 01:25:28) ->    4(time 5173 - 01:26:13)(time 5288 - 01:28:08) ->    5(time 5376 - 01:29:36)(time 5483 - 01:31:23) ->    6(time 5571 - 01:32:51)(time 5675 - 01:34:35) ->    7(time 5763 - 01:36:03)(time 5863 - 01:37:43) ->    8(time 5960 - 01:39:20)(time 5960 - 01:39:20) -> 17
> Trip 2
   17(time 5960 - 01:39:20)(time 6060 - 01:41:00) ->    16(time 6148 - 01:42:28)(time 6252 - 01:44:12) ->    15(time 6340 - 01:45:40)(time 6447 - 01:47:27) ->    14(time 6535 - 01:48:55)(time 6650 - 01:50:50) ->    13(time 6695 - 01:51:35)(time 6808 - 01:53:28) ->    12(time 6896 - 01:54:56)(time 6995 - 01:56:35) ->    11(time 7040 - 01:57:20)(time 7155 - 01:59:15) ->    10(time 7243 - 02:00:43)(time 7353 - 02:02:33) ->    9(time 7450 - 02:04:10)(time 7450 - 02:04:10) ->    0(time 7450 - 02:04:10)(time 7560 - 02:06:00) ->    1(time 7648 - 02:07:28)(time 7763 - 02:09:23) ->    2(time 7808 - 02:10:08)(time 7907 - 02:11:47) ->    3(time 7995 - 02:13:15)(time 8108 - 02:15:08) ->    4(time 8153 - 02:15:53)(time 8268 - 02:17:48) ->    5(time 8356 - 02:19:16)(time 8463 - 02:21:03) ->    6(time 8551 - 02:22:31)(time 8655 - 02:24:15) ->    7(time 8743 - 02:25:43)(time 8843 - 02:27:23) ->    8(time 8940 - 02:29:00)(time 8940 - 02:29:00) -> 17
=============
Train 3
=============
> Trip 0
   17(time 562 - 00:09:22)(time 662 - 00:11:02) ->    16(time 750 - 00:12:30)(time 854 - 00:14:14) ->    15(time 942 - 00:15:42)(time 1049 - 00:17:29) ->    14(time 1388 - 00:23:08)(time 1503 - 00:25:03) ->    13(time 1548 - 00:25:48)(time 1661 - 00:27:41) ->    12(time 1749 - 00:29:09)(time 1848 - 00:30:48) ->    11(time 1900 - 00:31:40)(time 2015 - 00:33:35) ->    10(time 2103 - 00:35:03)(time 2213 - 00:36:53) ->    9(time 2334 - 00:38:54)(time 2334 - 00:38:54) ->    0(time 2334 - 00:38:54)(time 2444 - 00:40:44) ->    1(time 2532 - 00:42:12)(time 2647 - 00:44:07) ->    2(time 2765 - 00:46:05)(time 2864 - 00:47:44) ->    3(time 3203 - 00:53:23)(time 3316 - 00:55:16) ->    4(time 3361 - 00:56:01)(time 3476 - 00:57:56) ->    5(time 3564 - 00:59:24)(time 3671 - 01:01:11) ->    6(time 3759 - 01:02:39)(time 3863 - 01:04:23) ->    7(time 3951 - 01:05:51)(time 4051 - 01:07:31) ->    8(time 4148 - 01:09:08)(time 4148 - 01:09:08) -> 17
> Trip 1
   17(time 4483 - 01:14:43)(time 4583 - 01:16:23) ->    16(time 4671 - 01:17:51)(time 4775 - 01:19:35) ->    15(time 4863 - 01:21:03)(time 4970 - 01:22:50) ->    14(time 5058 - 01:24:18)(time 5173 - 01:26:13) ->    13(time 5225 - 01:27:05)(time 5338 - 01:28:58) ->    12(time 5450 - 01:30:50)(time 5549 - 01:32:29) ->    11(time 5594 - 01:33:14)(time 5709 - 01:35:09) ->    10(time 5797 - 01:36:37)(time 5907 - 01:38:27) ->    9(time 6004 - 01:40:04)(time 6004 - 01:40:04) ->    0(time 6004 - 01:40:04)(time 6114 - 01:41:54) ->    1(time 6202 - 01:43:22)(time 6317 - 01:45:17) ->    2(time 6395 - 01:46:35)(time 6494 - 01:48:14) ->    3(time 6582 - 01:49:42)(time 6695 - 01:51:35) ->    4(time 6964 - 01:56:04)(time 7079 - 01:57:59) ->    5(time 7418 - 02:03:38)(time 7525 - 02:05:25) ->    6(time 7864 - 02:11:04)(time 7968 - 02:12:48) ->    7(time 8307 - 02:18:27)(time 8407 - 02:20:07) ->    8(time 8746 - 02:25:46)(time 8746 - 02:25:46) -> 17
----- t5p10r2h4.txt-model.log -----
  34259 20646    27005.0000   546    31790.0000    24514.4423 12287702   22.89%
  34262 20649    28362.0000   500    31790.0000    24514.4423 12288261   22.89%
  34279 20660    27193.0000   574    31790.0000    24516.4304 12291040   22.88%
  34294 20671    24627.4304   944    31790.0000    24516.4304 12292838   22.88%
  34300 20677    27871.0000   542    31790.0000    24516.4304 12293948   22.88%
  34307 20684    27871.0000   417    31790.0000    24516.4304 12294325   22.88%
  34314 20687    24516.4304   988    31790.0000    24516.4304 12294849   22.88%
  34323 20694    27005.0000   562    31790.0000    24516.4304 12296899   22.88%
Elapsed time = 41690.04 sec. (43455559.38 ticks, tree = 541.54 MB, solutions = 20)
  34328 20699    27005.0000   547    31790.0000    24516.4304 12296952   22.88%
  34334 20705    27116.0000   414    31790.0000    24516.4304 12297516   22.88%
  34345 20710    26886.0000   569    31790.0000    24516.4304 12299362   22.88%
  34353 20718    26997.0000   547    31790.0000    24516.4304 12299661   22.88%
  34362 20727    27108.0000   356    31790.0000    24516.4304 12301064   22.88%
  34377 20735    26664.0000   739    31790.0000    24516.4600 12302454   22.88%
  34385 20743    28093.0000   442    31790.0000    24516.4600 12303279   22.88%
  34394 20748    26664.0000   790    31790.0000    24517.1674 12304584   22.88%
  34411 20765    30048.0000   324    31790.0000    24517.1674 12306008   22.88%
  34422 20767    27005.0000   639    31790.0000    24520.0000 12307310   22.87%
Elapsed time = 41839.12 sec. (43618399.77 ticks, tree = 543.46 MB, solutions = 20)
  34426 20771    27005.0000   576    31790.0000    24520.0000 12307424   22.87%
  34432 20777    27363.0000   458    31790.0000    24520.0000 12307981   22.87%
  34445 20784    infeasible          31790.0000    24520.0000 12309184   22.87%
  34457 20796    27005.0000   544    31790.0000    24520.0000 12311773   22.87%
  34486 20821    30161.0000   148    31790.0000    24520.0000 12313360   22.87%
  34516 20848    26783.0000   618    31790.0000    24520.0000 12314603   22.87%
  34536 20868    28635.0000   241    31790.0000    24520.0000 12316327   22.87%
  34553 20881    27005.0000   516    31790.0000    24520.0000 12317811   22.87%
  34564 20886    28505.0000   895    31790.0000    24523.0603 12320419   22.86%
  34574 20896    30246.0000   571    31790.0000    24523.0603 12321463   22.86%
Elapsed time = 41983.58 sec. (43782036.48 ticks, tree = 546.95 MB, solutions = 20)
  34585 20898    30514.0000   426    31790.0000    24534.1532 12325425   22.82%
  34600 20898    31711.0000   513    31790.0000    24534.1532 12332589   22.82%
  34609 20900    26133.0000  1021    31790.0000    24538.0000 12337121   22.81%
  34614 20905    28524.0000   662    31790.0000    24538.0000 12341894   22.81%
  34620 20911    29120.0000   476    31790.0000    24538.0000 12343451   22.81%
  34632 20919    24649.0000  1172    31790.0000    24538.0000 12345547   22.81%
  34637 20924    26133.0000   909    31790.0000    24538.0000 12348401   22.81%
  34645 20928    24684.0000  1026    31790.0000    24538.0000 12351625   22.81%
  34651 20934    26133.0000   674    31790.0000    24538.0000 12354107   22.81%
  34656 20939    27005.0000   655    31790.0000    24538.0000 12356759   22.81%
Elapsed time = 42155.69 sec. (43948990.67 ticks, tree = 548.00 MB, solutions = 20)
  34661 20943    27005.0000   663    31790.0000    24538.0000 12357048   22.81%
  34668 20948    28505.0000   787    31790.0000    24538.0000 12359225   22.81%
  34682 20954    infeasible          31790.0000    24538.0000 12361886   22.81%
  34689 20957    25150.0000  1028    31790.0000    24541.2578 12367178   22.80%
  34693 20961    26561.0000   981    31790.0000    24541.2578 12369412   22.80%
  34697 20965    26894.0000   950    31790.0000    24541.2578 12371004   22.80%
  34700 20968    27005.0000   834    31790.0000    24541.2578 12371285   22.80%
  34703 20971    27116.0000   644    31790.0000    24541.2578 12372663   22.80%
  34706 20974    28673.0000   440    31790.0000    24541.2578 12373571   22.80%
  34712 20980    30622.0000   241    31790.0000    24541.2578 12374490   22.80%
Elapsed time = 42346.12 sec. (44125234.31 ticks, tree = 549.02 MB, solutions = 20)
  34731 20993    27193.0000   389    31790.0000    24541.2578 12375689   22.80%
  34743 21005    31362.0000   256    31790.0000    24541.2578 12376740   22.80%
  34756 21014    28378.0000   436    31790.0000    24541.5000 12378817   22.80%
  34771 21027    28884.0000   189    31790.0000    24541.5000 12379405   22.80%
  34793 21044    24649.0000   993    31790.0000    24541.5000 12380964   22.80%
  34799 21050    26133.0000   633    31790.0000    24541.5000 12382664   22.80%
  34807 21058    29229.0000   387    31790.0000    24541.5000 12386895   22.80%
  34826 21075    infeasible          31790.0000    24541.5000 12389012   22.80%
  34840 21083    26133.0000   804    31790.0000    24546.0000 12390641   22.79%
  34847 21090    26894.0000   490    31790.0000    24546.0000 12394339   22.79%
Elapsed time = 42502.41 sec. (44286111.21 ticks, tree = 552.06 MB, solutions = 20)
  34858 21101    29889.0000   358    31790.0000    24546.0000 12396333   22.79%
  34874 21111    27040.0000   497    31790.0000    24546.0000 12399145   22.79%
  34897 21134    31116.0000   238    31790.0000    24546.0000 12399811   22.79%
  34914 21145    26634.0000   680    31790.0000    24546.0000 12400949   22.79%
  34921 21148    infeasible          31790.0000    24546.0000 12401622   22.79%
  34933 21147    26894.0000   778    31790.0000    24546.0000 12407252   22.79%
  34945 21159    29293.0000   358    31790.0000    24546.0000 12409055   22.79%
  34965 21171    28005.1257   530    31790.0000    24546.2102 12410971   22.79%
  34973 21173    24585.8702   931    31790.0000    24549.2826 12412747   22.78%
  34981 21179    28623.0000   520    31790.0000    24549.2826 12414105   22.78%
Elapsed time = 42657.24 sec. (44453113.37 ticks, tree = 554.48 MB, solutions = 20)
  34988 21186    28734.0000   352    31790.0000    24549.2826 12414411   22.78%
  35008 21200    24575.3319   891    31790.0000    24549.2826 12415309   22.78%
  35015 21206    29096.0000   371    31790.0000    24549.2826 12417694   22.78%
  35023 21214    29377.0000   245    31790.0000    24549.2826 12418271   22.78%
  35046 21233    27760.0000   882    31790.0000    24551.4304 12420575   22.77%
  35056 21243    28551.0000   367    31790.0000    24551.4304 12421622   22.77%
  35071 21252    29878.0000   788    31790.0000    24552.3587 12424139   22.77%
  35080 21257    27833.0000   729    31790.0000    24552.3587 12425994   22.77%
  35089 21262    25450.0000   712    31790.0000    24552.3587 12426893   22.77%
  35096 21269    28635.0000   507    31790.0000    24552.3587 12429922   22.77%
Elapsed time = 42819.03 sec. (44617544.95 ticks, tree = 556.88 MB, solutions = 20)
  35116 21282    25450.0000   708    31790.0000    24553.0298 12431429   22.76%
  35126 21292    29488.0000   378    31790.0000    24553.0298 12434119   22.76%
  35152 21310    infeasible          31790.0000    24553.0298 12435257   22.76%
  35166 21312    24631.0000   830    31790.0000    24555.0000 12438718   22.76%
  35173 21319    26561.0000   573    31790.0000    24555.0000 12439660   22.76%
  35187 21333    30539.0000   223    31790.0000    24555.0000 12441791   22.76%
  35202 21340    26783.0000   522    31790.0000    24555.0000 12444044   22.76%
  35216 21352    27365.0000   371    31790.0000    24555.0000 12445011   22.76%
  35242 21371    infeasible          31790.0000    24555.0000 12447548   22.76%
  35256 21385    28576.0000   405    31790.0000    24555.0000 12449472   22.76%
Elapsed time = 42982.12 sec. (44785998.61 ticks, tree = 560.01 MB, solutions = 20)
  35275 21400    26078.0773   627    31790.0000    24555.0000 12451602   22.76%
  35283 21405    24666.0000   843    31790.0000    24555.0000 12454387   22.76%
  35288 21408    26561.0000   722    31790.0000    24555.0000 12459721   22.76%
  35297 21411    26115.0000   805    31790.0000    24555.0000 12463482   22.76%
  35311 21423    27005.0000   436    31790.0000    24555.0000 12464769   22.76%
  35323 21429    26004.0000   623    31790.0000    24555.0000 12466419   22.76%
  35331 21437    27151.0000   427    31790.0000    24555.0000 12467760   22.76%
  35344 21446    26783.0000   557    31790.0000    24555.0000 12469705   22.76%
  35361 21463    29177.0000   221    31790.0000    24555.0000 12471406   22.76%
  35391 21489    26004.0000   801    31790.0000    24555.8711 12473046   22.76%
Elapsed time = 43129.97 sec. (44944607.60 ticks, tree = 562.75 MB, solutions = 20)
  35406 21504    27078.0000   405    31790.0000    24555.8711 12474269   22.76%
  35419 21513    28516.0000   347    31790.0000    24558.4606 12476520   22.75%
  35440 21520    infeasible          31790.0000    24561.0298 12480828   22.74%
  35457 21519    25697.3423   737    31790.0000    24566.1616 12489230   22.72%

GUB cover cuts applied:  545
Clique cuts applied:  1203
Cover cuts applied:  1151
Implied bound cuts applied:  314
Flow cuts applied:  872
Mixed integer rounding cuts applied:  1215
Zero-half cuts applied:  5
Gomory fractional cuts applied:  3

Root node processing (before b&c):
  Real time             = 1194.83 sec. (1014811.39 ticks)
Sequential b&c:
  Real time             = 42005.20 sec. (44001613.89 ticks)
                          ------------
Total (root+branch&cut) = 43200.03 sec. (45016425.28 ticks)
Feasible

>> Printing some results...
    -> Solution value = 31789 - 08:49:49
    -> Total time = 43200.03
    -> Gap value = 0.23

=============
Train 0
=============
> Trip 0
   19(time 5887 - 01:38:07)(time 6075 - 01:41:15) ->    18(time 6112 - 01:41:52)(time 6307 - 01:45:07) ->    17(time 6380 - 01:46:20)(time 6584 - 01:49:44) ->    16(time 6657 - 01:50:57)(time 6864 - 01:54:24) ->    15(time 6937 - 01:55:37)(time 7133 - 01:58:53) ->    14(time 7206 - 02:00:06)(time 7425 - 02:03:45) ->    13(time 7498 - 02:04:58)(time 7690 - 02:08:10) ->    12(time 7763 - 02:09:23)(time 7962 - 02:12:42) ->    11(time 8035 - 02:13:55)(time 8240 - 02:17:20) ->    10(time 8351 - 02:19:11)(time 8351 - 02:19:11) ->    0(time 8351 - 02:19:11)(time 8556 - 02:22:36) ->    1(time 8629 - 02:23:49)(time 8828 - 02:27:08) ->    2(time 8901 - 02:28:21)(time 9093 - 02:31:33) ->    3(time 9166 - 02:32:46)(time 9385 - 02:36:25) ->    4(time 9458 - 02:37:38)(time 9654 - 02:40:54) ->    5(time 9727 - 02:42:07)(time 9934 - 02:45:34) ->    6(time 10007 - 02:46:47)(time 10211 - 02:50:11) ->    7(time 10284 - 02:51:24)(time 10479 - 02:54:39) ->    8(time 10516 - 02:55:16)(time 10704 - 02:58:24) ->    9(time 10815 - 03:00:15)(time 10815 - 03:00:15) -> 19
> Trip 1
   19(time 12737 - 03:32:17)(time 12925 - 03:35:25) ->    18(time 12962 - 03:36:02)(time 13157 - 03:39:17) ->    17(time 13230 - 03:40:30)(time 13434 - 03:43:54) ->    16(time 13507 - 03:45:07)(time 13714 - 03:48:34) ->    15(time 13787 - 03:49:47)(time 13983 - 03:53:03) ->    14(time 14060 - 03:54:20)(time 14279 - 03:57:59) ->    13(time 14644 - 04:04:04)(time 14836 - 04:07:16) ->    12(time 15201 - 04:13:21)(time 15400 - 04:16:40) ->    11(time 15765 - 04:22:45)(time 15970 - 04:26:10) ->    10(time 16335 - 04:32:15)(time 16335 - 04:32:15) ->    0(time 16630 - 04:37:10)(time 16835 - 04:40:35) ->    1(time 16908 - 04:41:48)(time 17107 - 04:45:07) ->    2(time 17180 - 04:46:20)(time 17372 - 04:49:32) ->    3(time 17445 - 04:50:45)(time 17664 - 04:54:24) ->    4(time 17737 - 04:55:37)(time 17933 - 04:58:53) ->    5(time 18006 - 05:00:06)(time 18213 - 05:03:33) ->    6(time 18286 - 05:04:46)(time 18490 - 05:08:10) ->    7(time 18563 - 05:09:23)(time 18758 - 05:12:38) ->    8(time 18795 - 05:13:15)(time 18983 - 05:16:23) ->    9(time 19094 - 05:18:14)(time 19094 - 05:18:14) -> 19
> Trip 2
   19(time 19176 - 05:19:36)(time 19364 - 05:22:44) ->    18(time 19401 - 05:23:21)(time 19596 - 05:26:36) ->    17(time 19669 - 05:27:49)(time 19873 - 05:31:13) ->    16(time 19946 - 05:32:26)(time 20153 - 05:35:53) ->    15(time 20226 - 05:37:06)(time 20422 - 05:40:22) ->    14(time 20495 - 05:41:35)(time 20714 - 05:45:14) ->    13(time 20787 - 05:46:27)(time 20979 - 05:49:39) ->    12(time 21344 - 05:55:44)(time 21543 - 05:59:03) ->    11(time 21616 - 06:00:16)(time 21821 - 06:03:41) ->    10(time 21932 - 06:05:32)(time 21932 - 06:05:32) ->    0(time 21932 - 06:05:32)(time 22137 - 06:08:57) ->    1(time 22210 - 06:10:10)(time 22409 - 06:13:29) ->    2(time 22625 - 06:17:05)(time 22817 - 06:20:17) ->    3(time 22890 - 06:21:30)(time 23109 - 06:25:09) ->    4(time 23182 - 06:26:22)(time 23378 - 06:29:38) ->    5(time 23451 - 06:30:51)(time 23658 - 06:34:18) ->    6(time 23731 - 06:35:31)(time 23935 - 06:38:55) ->    7(time 24008 - 06:40:08)(time 24203 - 06:43:23) ->    8(time 24240 - 06:44:00)(time 24428 - 06:47:08) ->    9(time 24539 - 06:48:59)(time 24539 - 06:48:59) -> 19
> Trip 3
   19(time 25429 - 07:03:49)(time 25617 - 07:06:57) ->    18(time 25654 - 07:07:34)(time 25849 - 07:10:49) ->    17(time 25922 - 07:12:02)(time 26126 - 07:15:26) ->    16(time 26199 - 07:16:39)(time 26406 - 07:20:06) ->    15(time 26479 - 07:21:19)(time 26675 - 07:24:35) ->    14(time 26748 - 07:25:48)(time 26967 - 07:29:27) ->    13(time 27040 - 07:30:40)(time 27232 - 07:33:52) ->    12(time 27305 - 07:35:05)(time 27504 - 07:38:24) ->    11(time 27577 - 07:39:37)(time 27782 - 07:43:02) ->    10(time 27893 - 07:44:53)(time 27893 - 07:44:53) ->    0(time 28004 - 07:46:44)(time 28209 - 07:50:09) ->    1(time 28282 - 07:51:22)(time 28481 - 07:54:41) ->    2(time 28554 - 07:55:54)(time 28746 - 07:59:06) ->    3(time 28819 - 08:00:19)(time 29038 - 08:03:58) ->    4(time 29111 - 08:05:11)(time 29307 - 08:08:27) ->    5(time 29380 - 08:09:40)(time 29587 - 08:13:07) ->    6(time 29660 - 08:14:20)(time 29864 - 08:17:44) ->    7(time 29937 - 08:18:57)(time 30132 - 08:22:12) ->    8(time 30169 - 08:22:49)(time 30357 - 08:25:57) ->    9(time 30468 - 08:27:48)(time 30468 - 08:27:48) -> 19
> Trip 4
   19(time 32448 - 09:00:48)(time 32636 - 09:03:56) ->    18(time 32673 - 09:04:33)(time 32868 - 09:07:48) ->    17(time 32941 - 09:09:01)(time 33145 - 09:12:25) ->    16(time 33218 - 09:13:38)(time 33425 - 09:17:05) ->    15(time 33498 - 09:18:18)(time 33694 - 09:21:34) ->    14(time 33767 - 09:22:47)(time 33986 - 09:26:26) ->    13(time 34059 - 09:27:39)(time 34251 - 09:30:51) ->    12(time 34324 - 09:32:04)(time 34523 - 09:35:23) ->    11(time 34596 - 09:36:36)(time 34801 - 09:40:01) ->    10(time 34912 - 09:41:52)(time 34912 - 09:41:52) ->    0(time 34912 - 09:41:52)(time 35117 - 09:45:17) ->    1(time 35190 - 09:46:30)(time 35389 - 09:49:49) ->    2(time 35500 - 09:51:40)(time 35692 - 09:54:52) ->    3(time 35765 - 09:56:05)(time 35984 - 09:59:44) ->    4(time 36057 - 10:00:57)(time 36253 - 10:04:13) ->    5(time 36326 - 10:05:26)(time 36533 - 10:08:53) ->    6(time 36606 - 10:10:06)(time 36810 - 10:13:30) ->    7(time 36883 - 10:14:43)(time 37078 - 10:17:58) ->    8(time 37115 - 10:18:35)(time 37303 - 10:21:43) ->    9(time 37414 - 10:23:34)(time 37414 - 10:23:34) -> 19
=============
Train 1
=============
> Trip 0
   19(time 3962 - 01:06:02)(time 4150 - 01:09:10) ->    18(time 4187 - 01:09:47)(time 4382 - 01:13:02) ->    17(time 4747 - 01:19:07)(time 4951 - 01:22:31) ->    16(time 5024 - 01:23:44)(time 5231 - 01:27:11) ->    15(time 5304 - 01:28:24)(time 5500 - 01:31:40) ->    14(time 5573 - 01:32:53)(time 5792 - 01:36:32) ->    13(time 5903 - 01:38:23)(time 6095 - 01:41:35) ->    12(time 6168 - 01:42:48)(time 6367 - 01:46:07) ->    11(time 6440 - 01:47:20)(time 6645 - 01:50:45) ->    10(time 6756 - 01:52:36)(time 6756 - 01:52:36) ->    0(time 6756 - 01:52:36)(time 6961 - 01:56:01) ->    1(time 7034 - 01:57:14)(time 7233 - 02:00:33) ->    2(time 7306 - 02:01:46)(time 7498 - 02:04:58) ->    3(time 7571 - 02:06:11)(time 7790 - 02:09:50) ->    4(time 7863 - 02:11:03)(time 8059 - 02:14:19) ->    5(time 8156 - 02:15:56)(time 8363 - 02:19:23) ->    6(time 8436 - 02:20:36)(time 8640 - 02:24:00) ->    7(time 8713 - 02:25:13)(time 8908 - 02:28:28) ->    8(time 8945 - 02:29:05)(time 9133 - 02:32:13) ->    9(time 9244 - 02:34:04)(time 9244 - 02:34:04) -> 19
> Trip 1
   19(time 11000 - 03:03:20)(time 11188 - 03:06:28) ->    18(time 11225 - 03:07:05)(time 11420 - 03:10:20) ->    17(time 11493 - 03:11:33)(time 11697 - 03:14:57) ->    16(time 11770 - 03:16:10)(time 11977 - 03:19:37) ->    15(time 12050 - 03:20:50)(time 12246 - 03:24:06) ->    14(time 12319 - 03:25:19)(time 12538 - 03:28:58) ->    13(time 12611 - 03:30:11)(time 12803 - 03:33:23) ->    12(time 12876 - 03:34:36)(time 13075 - 03:37:55) ->    11(time 13148 - 03:39:08)(time 13353 - 03:42:33) ->    10(time 13464 - 03:44:24)(time 13464 - 03:44:24) ->    0(time 13464 - 03:44:24)(time 13669 - 03:47:49) ->    1(time 13742 - 03:49:02)(time 13941 - 03:52:21) ->    2(time 14014 - 03:53:34)(time 14206 - 03:56:46) ->    3(time 14279 - 03:57:59)(time 14498 - 04:01:38) ->    4(time 14571 - 04:02:51)(time 14767 - 04:06:07) ->    5(time 14840 - 04:07:20)(time 15047 - 04:10:47) ->    6(time 15120 - 04:12:00)(time 15324 - 04:15:24) ->    7(time 15397 - 04:16:37)(time 15592 - 04:19:52) ->    8(time 15629 - 04:20:29)(time 15817 - 04:23:37) ->    9(time 15928 - 04:25:28)(time 15928 - 04:25:28) -> 19
> Trip 2
   19(time 19249 - 05:20:49)(time 19437 - 05:23:57) ->    18(time 19474 - 05:24:34)(time 19669 - 05:27:49) ->    17(time 19742 - 05:29:02)(time 19946 - 05:32:26) ->    16(time 20019 - 05:33:39)(time 20226 - 05:37:06) ->    15(time 20299 - 05:38:19)(time 20495 - 05:41:35) ->    14(time 20568 - 05:42:48)(time 20787 - 05:46:27) ->    13(time 21152 - 05:52:32)(time 21344 - 05:55:44) ->    12(time 21417 - 05:56:57)(time 21616 - 06:00:16) ->    11(time 21727 - 06:02:07)(time 21932 - 06:05:32) ->    10(time 22043 - 06:07:23)(time 22043 - 06:07:23) ->    0(time 22043 - 06:07:23)(time 22248 - 06:10:48) ->    1(time 22426 - 06:13:46)(time 22625 - 06:17:05) ->    2(time 22698 - 06:18:18)(time 22890 - 06:21:30) ->    3(time 23255 - 06:27:35)(time 23474 - 06:31:14) ->    4(time 23547 - 06:32:27)(time 23743 - 06:35:43) ->    5(time 23816 - 06:36:56)(time 24023 - 06:40:23) ->    6(time 24096 - 06:41:36)(time 24300 - 06:45:00) ->    7(time 24373 - 06:46:13)(time 24568 - 06:49:28) ->    8(time 24605 - 06:50:05)(time 24793 - 06:53:13) ->    9(time 24904 - 06:55:04)(time 24904 - 06:55:04) -> 19
> Trip 3
   19(time 25540 - 07:05:40)(time 25728 - 07:08:48) ->    18(time 25765 - 07:09:25)(time 25960 - 07:12:40) ->    17(time 26033 - 07:13:53)(time 26237 - 07:17:17) ->    16(time 26310 - 07:18:30)(time 26517 - 07:21:57) ->    15(time 26590 - 07:23:10)(time 26786 - 07:26:26) ->    14(time 26859 - 07:27:39)(time 27078 - 07:31:18) ->    13(time 27151 - 07:32:31)(time 27343 - 07:35:43) ->    12(time 27416 - 07:36:56)(time 27615 - 07:40:15) ->    11(time 27688 - 07:41:28)(time 27893 - 07:44:53) ->    10(time 28004 - 07:46:44)(time 28004 - 07:46:44) ->    0(time 28077 - 07:47:57)(time 28282 - 07:51:22) ->    1(time 28355 - 07:52:35)(time 28554 - 07:55:54) ->    2(time 28627 - 07:57:07)(time 28819 - 08:00:19) ->    3(time 28892 - 08:01:32)(time 29111 - 08:05:11) ->    4(time 29184 - 08:06:24)(time 29380 - 08:09:40) ->    5(time 29491 - 08:11:31)(time 29698 - 08:14:58) ->    6(time 29771 - 08:16:11)(time 29975 - 08:19:35) ->    7(time 30048 - 08:20:48)(time 30243 - 08:24:03) ->    8(time 30280 - 08:24:40)(time 30468 - 08:27:48) ->    9(time 30579 - 08:29:39)(time 30579 - 08:29:39) -> 19
> Trip 4
   19(time 30853 - 08:34:13)(time 31041 - 08:37:21) ->    18(time 31078 - 08:37:58)(time 31273 - 08:41:13) ->    17(time 31346 - 08:42:26)(time 31550 - 08:45:50) ->    16(time 31623 - 08:47:03)(time 31830 - 08:50:30) ->    15(time 31903 - 08:51:43)(time 32099 - 08:54:59) ->    14(time 32172 - 08:56:12)(time 32391 - 08:59:51) ->    13(time 32464 - 09:01:04)(time 32656 - 09:04:16) ->    12(time 32729 - 09:05:29)(time 32928 - 09:08:48) ->    11(time 33001 - 09:10:01)(time 33206 - 09:13:26) ->    10(time 33317 - 09:15:17)(time 33317 - 09:15:17) ->    0(time 33317 - 09:15:17)(time 33522 - 09:18:42) ->    1(time 33595 - 09:19:55)(time 33794 - 09:23:14) ->    2(time 33867 - 09:24:27)(time 34059 - 09:27:39) ->    3(time 34132 - 09:28:52)(time 34351 - 09:32:31) ->    4(time 34424 - 09:33:44)(time 34620 - 09:37:00) ->    5(time 34693 - 09:38:13)(time 34900 - 09:41:40) ->    6(time 34973 - 09:42:53)(time 35177 - 09:46:17) ->    7(time 35250 - 09:47:30)(time 35445 - 09:50:45) ->    8(time 35482 - 09:51:22)(time 35670 - 09:54:30) ->    9(time 35781 - 09:56:21)(time 35781 - 09:56:21) -> 19
=============
Train 2
=============
> Trip 0
   19(time 2586 - 00:43:06)(time 2774 - 00:46:14) ->    18(time 2811 - 00:46:51)(time 3006 - 00:50:06) ->    17(time 3079 - 00:51:19)(time 3283 - 00:54:43) ->    16(time 3356 - 00:55:56)(time 3563 - 00:59:23) ->    15(time 3636 - 01:00:36)(time 3832 - 01:03:52) ->    14(time 3905 - 01:05:05)(time 4124 - 01:08:44) ->    13(time 4197 - 01:09:57)(time 4389 - 01:13:09) ->    12(time 4462 - 01:14:22)(time 4661 - 01:17:41) ->    11(time 4734 - 01:18:54)(time 4939 - 01:22:19) ->    10(time 5050 - 01:24:10)(time 5050 - 01:24:10) ->    0(time 5050 - 01:24:10)(time 5255 - 01:27:35) ->    1(time 5328 - 01:28:48)(time 5527 - 01:32:07) ->    2(time 5600 - 01:33:20)(time 5792 - 01:36:32) ->    3(time 5865 - 01:37:45)(time 6084 - 01:41:24) ->    4(time 6157 - 01:42:37)(time 6353 - 01:45:53) ->    5(time 6426 - 01:47:06)(time 6633 - 01:50:33) ->    6(time 6706 - 01:51:46)(time 6910 - 01:55:10) ->    7(time 7208 - 02:00:08)(time 7403 - 02:03:23) ->    8(time 7440 - 02:04:00)(time 7628 - 02:07:08) ->    9(time 7739 - 02:08:59)(time 7739 - 02:08:59) -> 19
> Trip 1
   19(time 9234 - 02:33:54)(time 9422 - 02:37:02) ->    18(time 9459 - 02:37:39)(time 9654 - 02:40:54) ->    17(time 9727 - 02:42:07)(time 9931 - 02:45:31) ->    16(time 10004 - 02:46:44)(time 10211 - 02:50:11) ->    15(time 10284 - 02:51:24)(time 10480 - 02:54:40) ->    14(time 10613 - 02:56:53)(time 10832 - 03:00:32) ->    13(time 10905 - 03:01:45)(time 11097 - 03:04:57) ->    12(time 11170 - 03:06:10)(time 11369 - 03:09:29) ->    11(time 11442 - 03:10:42)(time 11647 - 03:14:07) ->    10(time 11758 - 03:15:58)(time 11758 - 03:15:58) ->    0(time 11758 - 03:15:58)(time 11963 - 03:19:23) ->    1(time 12074 - 03:21:14)(time 12273 - 03:24:33) ->    2(time 12346 - 03:25:46)(time 12538 - 03:28:58) ->    3(time 12611 - 03:30:11)(time 12830 - 03:33:50) ->    4(time 12903 - 03:35:03)(time 13099 - 03:38:19) ->    5(time 13172 - 03:39:32)(time 13379 - 03:42:59) ->    6(time 13469 - 03:44:29)(time 13673 - 03:47:53) ->    7(time 13746 - 03:49:06)(time 13941 - 03:52:21) ->    8(time 13978 - 03:52:58)(time 14166 - 03:56:06) ->    9(time 14277 - 03:57:57)(time 14277 - 03:57:57) -> 19
> Trip 2
   19(time 14277 - 03:57:57)(time 14465 - 04:01:05) ->    18(time 14502 - 04:01:42)(time 14697 - 04:04:57) ->    17(time 14770 - 04:06:10)(time 14974 - 04:09:34) ->    16(time 15047 - 04:10:47)(time 15254 - 04:14:14) ->    15(time 15327 - 04:15:27)(time 15523 - 04:18:43) ->    14(time 15596 - 04:19:56)(time 15815 - 04:23:35) ->    13(time 15888 - 04:24:48)(time 16080 - 04:28:00) ->    12(time 16153 - 04:29:13)(time 16352 - 04:32:32) ->    11(time 16425 - 04:33:45)(time 16630 - 04:37:10) ->    10(time 16741 - 04:39:01)(time 16741 - 04:39:01) ->    0(time 16741 - 04:39:01)(time 16946 - 04:42:26) ->    1(time 17019 - 04:43:39)(time 17218 - 04:46:58) ->    2(time 17291 - 04:48:11)(time 17483 - 04:51:23) ->    3(time 17556 - 04:52:36)(time 17775 - 04:56:15) ->    4(time 17848 - 04:57:28)(time 18044 - 05:00:44) ->    5(time 18117 - 05:01:57)(time 18324 - 05:05:24) ->    6(time 18397 - 05:06:37)(time 18601 - 05:10:01) ->    7(time 18674 - 05:11:14)(time 18869 - 05:14:29) ->    8(time 18906 - 05:15:06)(time 19094 - 05:18:14) ->    9(time 19205 - 05:20:05)(time 19205 - 05:20:05) -> 19
> Trip 3
   19(time 28963 - 08:02:43)(time 29151 - 08:05:51) ->    18(time 29188 - 08:06:28)(time 29383 - 08:09:43) ->    17(time 29456 - 08:10:56)(time 29660 - 08:14:20) ->    16(time 29771 - 08:16:11)(time 29978 - 08:19:38) ->    15(time 30051 - 08:20:51)(time 30247 - 08:24:07) ->    14(time 30320 - 08:25:20)(time 30539 - 08:28:59) ->    13(time 30612 - 08:30:12)(time 30804 - 08:33:24) ->    12(time 30877 - 08:34:37)(time 31076 - 08:37:56) ->    11(time 31149 - 08:39:09)(time 31354 - 08:42:34) ->    10(time 31576 - 08:46:16)(time 31576 - 08:46:16) ->    0(time 31576 - 08:46:16)(time 31781 - 08:49:41) ->    1(time 31854 - 08:50:54)(time 32053 - 08:54:13) ->    2(time 32126 - 08:55:26)(time 32318 - 08:58:38) ->    3(time 32391 - 08:59:51)(time 32610 - 09:03:30) ->    4(time 32742 - 09:05:42)(time 32938 - 09:08:58) ->    5(time 33011 - 09:10:11)(time 33218 - 09:13:38) ->    6(time 33291 - 09:14:51)(time 33495 - 09:18:15) ->    7(time 33568 - 09:19:28)(time 33763 - 09:22:43) ->    8(time 33800 - 09:23:20)(time 33988 - 09:26:28) ->    9(time 34154 - 09:29:14)(time 34154 - 09:29:14) -> 19
> Trip 4
   19(time 34154 - 09:29:14)(time 34342 - 09:32:22) ->    18(time 34379 - 09:32:59)(time 34574 - 09:36:14) ->    17(time 34647 - 09:37:27)(time 34851 - 09:40:51) ->    16(time 34924 - 09:42:04)(time 35131 - 09:45:31) ->    15(time 35204 - 09:46:44)(time 35400 - 09:50:00) ->    14(time 35473 - 09:51:13)(time 35692 - 09:54:52) ->    13(time 35765 - 09:56:05)(time 35957 - 09:59:17) ->    12(time 36030 - 10:00:30)(time 36229 - 10:03:49) ->    11(time 36302 - 10:05:02)(time 36507 - 10:08:27) ->    10(time 36618 - 10:10:18)(time 36618 - 10:10:18) ->    0(time 36618 - 10:10:18)(time 36823 - 10:13:43) ->    1(time 36896 - 10:14:56)(time 37095 - 10:18:15) ->    2(time 37168 - 10:19:28)(time 37360 - 10:22:40) ->    3(time 37433 - 10:23:53)(time 37652 - 10:27:32) ->    4(time 37725 - 10:28:45)(time 37921 - 10:32:01) ->    5(time 37994 - 10:33:14)(time 38201 - 10:36:41) ->    6(time 38274 - 10:37:54)(time 38478 - 10:41:18) ->    7(time 38589 - 10:43:09)(time 38784 - 10:46:24) ->    8(time 38857 - 10:47:37)(time 39045 - 10:50:45) ->    9(time 39156 - 10:52:36)(time 39156 - 10:52:36) -> 19
=============
Train 3
=============
> Trip 0
   19(time 3597 - 00:59:57)(time 3785 - 01:03:05) ->    18(time 3822 - 01:03:42)(time 4017 - 01:06:57) ->    17(time 4382 - 01:13:02)(time 4586 - 01:16:26) ->    16(time 4659 - 01:17:39)(time 4866 - 01:21:06) ->    15(time 4939 - 01:22:19)(time 5135 - 01:25:35) ->    14(time 5208 - 01:26:48)(time 5427 - 01:30:27) ->    13(time 5792 - 01:36:32)(time 5984 - 01:39:44) ->    12(time 6057 - 01:40:57)(time 6256 - 01:44:16) ->    11(time 6329 - 01:45:29)(time 6534 - 01:48:54) ->    10(time 6645 - 01:50:45)(time 6645 - 01:50:45) ->    0(time 6645 - 01:50:45)(time 6850 - 01:54:10) ->    1(time 6923 - 01:55:23)(time 7122 - 01:58:42) ->    2(time 7219 - 02:00:19)(time 7411 - 02:03:31) ->    3(time 7484 - 02:04:44)(time 7703 - 02:08:23) ->    4(time 7776 - 02:09:36)(time 7972 - 02:12:52) ->    5(time 8045 - 02:14:05)(time 8252 - 02:17:32) ->    6(time 8325 - 02:18:45)(time 8529 - 02:22:09) ->    7(time 8602 - 02:23:22)(time 8797 - 02:26:37) ->    8(time 8834 - 02:27:14)(time 9022 - 02:30:22) ->    9(time 9133 - 02:32:13)(time 9133 - 02:32:13) -> 19
> Trip 1
   19(time 9310 - 02:35:10)(time 9498 - 02:38:18) ->    18(time 9535 - 02:38:55)(time 9730 - 02:42:10) ->    17(time 9803 - 02:43:23)(time 10007 - 02:46:47) ->    16(time 10137 - 02:48:57)(time 10344 - 02:52:24) ->    15(time 10417 - 02:53:37)(time 10613 - 02:56:53) ->    14(time 10686 - 02:58:06)(time 10905 - 03:01:45) ->    13(time 10978 - 03:02:58)(time 11170 - 03:06:10) ->    12(time 11281 - 03:08:01)(time 11480 - 03:11:20) ->    11(time 11553 - 03:12:33)(time 11758 - 03:15:58) ->    10(time 11869 - 03:17:49)(time 11869 - 03:17:49) ->    0(time 11869 - 03:17:49)(time 12074 - 03:21:14) ->    1(time 12147 - 03:22:27)(time 12346 - 03:25:46) ->    2(time 12419 - 03:26:59)(time 12611 - 03:30:11) ->    3(time 12739 - 03:32:19)(time 12958 - 03:35:58) ->    4(time 13031 - 03:37:11)(time 13227 - 03:40:27) ->    5(time 13300 - 03:41:40)(time 13507 - 03:45:07) ->    6(time 13580 - 03:46:20)(time 13784 - 03:49:44) ->    7(time 13857 - 03:50:57)(time 14052 - 03:54:12) ->    8(time 14089 - 03:54:49)(time 14277 - 03:57:57) ->    9(time 14388 - 03:59:48)(time 14388 - 03:59:48) -> 19
> Trip 2
   19(time 20568 - 05:42:48)(time 20756 - 05:45:56) ->    18(time 21121 - 05:52:01)(time 21316 - 05:55:16) ->    17(time 21681 - 06:01:21)(time 21885 - 06:04:45) ->    16(time 21958 - 06:05:58)(time 22165 - 06:09:25) ->    15(time 22402 - 06:13:22)(time 22598 - 06:16:38) ->    14(time 22671 - 06:17:51)(time 22890 - 06:21:30) ->    13(time 22963 - 06:22:43)(time 23155 - 06:25:55) ->    12(time 23228 - 06:27:08)(time 23427 - 06:30:27) ->    11(time 23500 - 06:31:40)(time 23705 - 06:35:05) ->    10(time 23816 - 06:36:56)(time 23816 - 06:36:56) ->    0(time 23816 - 06:36:56)(time 24021 - 06:40:21) ->    1(time 24386 - 06:46:26)(time 24585 - 06:49:45) ->    2(time 24658 - 06:50:58)(time 24850 - 06:54:10) ->    3(time 24923 - 06:55:23)(time 25142 - 06:59:02) ->    4(time 25507 - 07:05:07)(time 25703 - 07:08:23) ->    5(time 25776 - 07:09:36)(time 25983 - 07:13:03) ->    6(time 26348 - 07:19:08)(time 26552 - 07:22:32) ->    7(time 26625 - 07:23:45)(time 26820 - 07:27:00) ->    8(time 26857 - 07:27:37)(time 27045 - 07:30:45) ->    9(time 27281 - 07:34:41)(time 27281 - 07:34:41) -> 19
> Trip 3
   19(time 27281 - 07:34:41)(time 27469 - 07:37:49) ->    18(time 27506 - 07:38:26)(time 27701 - 07:41:41) ->    17(time 27774 - 07:42:54)(time 27978 - 07:46:18) ->    16(time 28051 - 07:47:31)(time 28258 - 07:50:58) ->    15(time 28331 - 07:52:11)(time 28527 - 07:55:27) ->    14(time 28600 - 07:56:40)(time 28819 - 08:00:19) ->    13(time 28892 - 08:01:32)(time 29084 - 08:04:44) ->    12(time 29157 - 08:05:57)(time 29356 - 08:09:16) ->    11(time 29429 - 08:10:29)(time 29634 - 08:13:54) ->    10(time 29745 - 08:15:45)(time 29745 - 08:15:45) ->    0(time 29745 - 08:15:45)(time 29950 - 08:19:10) ->    1(time 30023 - 08:20:23)(time 30222 - 08:23:42) ->    2(time 30295 - 08:24:55)(time 30487 - 08:28:07) ->    3(time 30560 - 08:29:20)(time 30779 - 08:32:59) ->    4(time 30852 - 08:34:12)(time 31048 - 08:37:28) ->    5(time 31270 - 08:41:10)(time 31477 - 08:44:37) ->    6(time 31550 - 08:45:50)(time 31754 - 08:49:14) ->    7(time 31990 - 08:53:10)(time 32185 - 08:56:25) ->    8(time 32222 - 08:57:02)(time 32410 - 09:00:10) ->    9(time 32521 - 09:02:01)(time 32521 - 09:02:01) -> 19
> Trip 4
   19(time 32521 - 09:02:01)(time 32709 - 09:05:09) ->    18(time 32746 - 09:05:46)(time 32941 - 09:09:01) ->    17(time 33014 - 09:10:14)(time 33218 - 09:13:38) ->    16(time 33291 - 09:14:51)(time 33498 - 09:18:18) ->    15(time 33571 - 09:19:31)(time 33767 - 09:22:47) ->    14(time 33840 - 09:24:00)(time 34059 - 09:27:39) ->    13(time 34132 - 09:28:52)(time 34324 - 09:32:04) ->    12(time 34435 - 09:33:55)(time 34634 - 09:37:14) ->    11(time 34707 - 09:38:27)(time 34912 - 09:41:52) ->    10(time 35023 - 09:43:43)(time 35023 - 09:43:43) ->    0(time 35023 - 09:43:43)(time 35228 - 09:47:08) ->    1(time 35301 - 09:48:21)(time 35500 - 09:51:40) ->    2(time 35573 - 09:52:53)(time 35765 - 09:56:05) ->    3(time 35838 - 09:57:18)(time 36057 - 10:00:57) ->    4(time 36130 - 10:02:10)(time 36326 - 10:05:26) ->    5(time 36399 - 10:06:39)(time 36606 - 10:10:06) ->    6(time 36679 - 10:11:19)(time 36883 - 10:14:43) ->    7(time 36956 - 10:15:56)(time 37151 - 10:19:11) ->    8(time 37226 - 10:20:26)(time 37414 - 10:23:34) ->    9(time 37525 - 10:25:25)(time 37525 - 10:25:25) -> 19
=============
Train 4
=============
> Trip 0
   19(time 2437 - 00:40:37)(time 2625 - 00:43:45) ->    18(time 2662 - 00:44:22)(time 2857 - 00:47:37) ->    17(time 2930 - 00:48:50)(time 3134 - 00:52:14) ->    16(time 3207 - 00:53:27)(time 3414 - 00:56:54) ->    15(time 3487 - 00:58:07)(time 3683 - 01:01:23) ->    14(time 3794 - 01:03:14)(time 4013 - 01:06:53) ->    13(time 4086 - 01:08:06)(time 4278 - 01:11:18) ->    12(time 4351 - 01:12:31)(time 4550 - 01:15:50) ->    11(time 4623 - 01:17:03)(time 4828 - 01:20:28) ->    10(time 4939 - 01:22:19)(time 4939 - 01:22:19) ->    0(time 4939 - 01:22:19)(time 5144 - 01:25:44) ->    1(time 5255 - 01:27:35)(time 5454 - 01:30:54) ->    2(time 5527 - 01:32:07)(time 5719 - 01:35:19) ->    3(time 5792 - 01:36:32)(time 6011 - 01:40:11) ->    4(time 6084 - 01:41:24)(time 6280 - 01:44:40) ->    5(time 6353 - 01:45:53)(time 6560 - 01:49:20) ->    6(time 6633 - 01:50:33)(time 6837 - 01:53:57) ->    7(time 6910 - 01:55:10)(time 7105 - 01:58:25) ->    8(time 7329 - 02:02:09)(time 7517 - 02:05:17) ->    9(time 7628 - 02:07:08)(time 7628 - 02:07:08) -> 19
> Trip 1
   19(time 7628 - 02:07:08)(time 7816 - 02:10:16) ->    18(time 7853 - 02:10:53)(time 8048 - 02:14:08) ->    17(time 8121 - 02:15:21)(time 8325 - 02:18:45) ->    16(time 8398 - 02:19:58)(time 8605 - 02:23:25) ->    15(time 8678 - 02:24:38)(time 8874 - 02:27:54) ->    14(time 8947 - 02:29:07)(time 9166 - 02:32:46) ->    13(time 9310 - 02:35:10)(time 9502 - 02:38:22) ->    12(time 9575 - 02:39:35)(time 9774 - 02:42:54) ->    11(time 9847 - 02:44:07)(time 10052 - 02:47:32) ->    10(time 10163 - 02:49:23)(time 10163 - 02:49:23) ->    0(time 10163 - 02:49:23)(time 10368 - 02:52:48) ->    1(time 10441 - 02:54:01)(time 10640 - 02:57:20) ->    2(time 10713 - 02:58:33)(time 10905 - 03:01:45) ->    3(time 10978 - 03:02:58)(time 11197 - 03:06:37) ->    4(time 11270 - 03:07:50)(time 11466 - 03:11:06) ->    5(time 11539 - 03:12:19)(time 11746 - 03:15:46) ->    6(time 11819 - 03:16:59)(time 12023 - 03:20:23) ->    7(time 12388 - 03:26:28)(time 12583 - 03:29:43) ->    8(time 12925 - 03:35:25)(time 13113 - 03:38:33) ->    9(time 13224 - 03:40:24)(time 13224 - 03:40:24) -> 19
> Trip 2
   19(time 16642 - 04:37:22)(time 16830 - 04:40:30) ->    18(time 17195 - 04:46:35)(time 17390 - 04:49:50) ->    17(time 17755 - 04:55:55)(time 17959 - 04:59:19) ->    16(time 18324 - 05:05:24)(time 18531 - 05:08:51) ->    15(time 18604 - 05:10:04)(time 18800 - 05:13:20) ->    14(time 18873 - 05:14:33)(time 19092 - 05:18:12) ->    13(time 19165 - 05:19:25)(time 19357 - 05:22:37) ->    12(time 19430 - 05:23:50)(time 19629 - 05:27:09) ->    11(time 19702 - 05:28:22)(time 19907 - 05:31:47) ->    10(time 20018 - 05:33:38)(time 20018 - 05:33:38) ->    0(time 20018 - 05:33:38)(time 20223 - 05:37:03) ->    1(time 20296 - 05:38:16)(time 20495 - 05:41:35) ->    2(time 20568 - 05:42:48)(time 20760 - 05:46:00) ->    3(time 20898 - 05:48:18)(time 21117 - 05:51:57) ->    4(time 21482 - 05:58:02)(time 21678 - 06:01:18) ->    5(time 21751 - 06:02:31)(time 21958 - 06:05:58) ->    6(time 22031 - 06:07:11)(time 22235 - 06:10:35) ->    7(time 22308 - 06:11:48)(time 22503 - 06:15:03) ->    8(time 22540 - 06:15:40)(time 22728 - 06:18:48) ->    9(time 22839 - 06:20:39)(time 22839 - 06:20:39) -> 19
> Trip 3
   19(time 25651 - 07:07:31)(time 25839 - 07:10:39) ->    18(time 25876 - 07:11:16)(time 26071 - 07:14:31) ->    17(time 26144 - 07:15:44)(time 26348 - 07:19:08) ->    16(time 26421 - 07:20:21)(time 26628 - 07:23:48) ->    15(time 26701 - 07:25:01)(time 26897 - 07:28:17) ->    14(time 26970 - 07:29:30)(time 27189 - 07:33:09) ->    13(time 27262 - 07:34:22)(time 27454 - 07:37:34) ->    12(time 27527 - 07:38:47)(time 27726 - 07:42:06) ->    11(time 27799 - 07:43:19)(time 28004 - 07:46:44) ->    10(time 28150 - 07:49:10)(time 28150 - 07:49:10) ->    0(time 28150 - 07:49:10)(time 28355 - 07:52:35) ->    1(time 28428 - 07:53:48)(time 28627 - 07:57:07) ->    2(time 28700 - 07:58:20)(time 28892 - 08:01:32) ->    3(time 28965 - 08:02:45)(time 29184 - 08:06:24) ->    4(time 29295 - 08:08:15)(time 29491 - 08:11:31) ->    5(time 29564 - 08:12:44)(time 29771 - 08:16:11) ->    6(time 29844 - 08:17:24)(time 30048 - 08:20:48) ->    7(time 30159 - 08:22:39)(time 30354 - 08:25:54) ->    8(time 30391 - 08:26:31)(time 30579 - 08:29:39) ->    9(time 30690 - 08:31:30)(time 30690 - 08:31:30) -> 19
> Trip 4
   19(time 34227 - 09:30:27)(time 34415 - 09:33:35) ->    18(time 34452 - 09:34:12)(time 34647 - 09:37:27) ->    17(time 34720 - 09:38:40)(time 34924 - 09:42:04) ->    16(time 34997 - 09:43:17)(time 35204 - 09:46:44) ->    15(time 35277 - 09:47:57)(time 35473 - 09:51:13) ->    14(time 35546 - 09:52:26)(time 35765 - 09:56:05) ->    13(time 35838 - 09:57:18)(time 36030 - 10:00:30) ->    12(time 36141 - 10:02:21)(time 36340 - 10:05:40) ->    11(time 36413 - 10:06:53)(time 36618 - 10:10:18) ->    10(time 36729 - 10:12:09)(time 36729 - 10:12:09) ->    0(time 36729 - 10:12:09)(time 36934 - 10:15:34) ->    1(time 37007 - 10:16:47)(time 37206 - 10:20:06) ->    2(time 37279 - 10:21:19)(time 37471 - 10:24:31) ->    3(time 37544 - 10:25:44)(time 37763 - 10:29:23) ->    4(time 37836 - 10:30:36)(time 38032 - 10:33:52) ->    5(time 38105 - 10:35:05)(time 38312 - 10:38:32) ->    6(time 38385 - 10:39:45)(time 38589 - 10:43:09) ->    7(time 38662 - 10:44:22)(time 38857 - 10:47:37) ->    8(time 38968 - 10:49:28)(time 39156 - 10:52:36) ->    9(time 39267 - 10:54:27)(time 39267 - 10:54:27) -> 19
----- t5p11r8h3.txt-model.log -----
     14    14    infeasible          39933.0000     3173.1413   191424   92.05%
     17    13    13202.0000  2127    39933.0000    10650.4324   197061   73.33%
     18    14    13202.0000  1910    39933.0000    10650.4324   202093   73.33%
     21    17    13202.0000  1813    39933.0000    10650.4324   204775   73.33%
     23    17    13202.0000  1720    39933.0000    10650.4324   206481   73.33%
     75    67    23798.0000   823    39933.0000    10650.4324   213697   73.33%
    115   103    26731.0000  1538    39933.0000    12850.4327   220717   67.82%
    121   109    39284.0000   499    39933.0000    12850.4327   229759   67.82%
    128   112    12850.4327  1734    39933.0000    12850.4327   236482   67.82%
    131   115    12850.4327  1739    39933.0000    12850.4327   242005   67.82%
Elapsed time = 338.90 sec. (209076.14 ticks, tree = 1.70 MB, solutions = 1)
    147   123    19803.0000  1758    39933.0000    12850.4327   251115   67.82%
    152   122    12850.4327  1799    39933.0000    12850.4327   257078   67.82%
    153   123    12851.3398  1659    39933.0000    12850.4327   259012   67.82%
    177   143    26404.0000   733    39933.0000    13078.9995   268843   67.25%
    193   153    27302.0000  1687    39933.0000    13098.0786   278790   67.20%
    204   162    27302.0000   956    39933.0000    13098.0786   286849   67.20%
    255   205    14294.0000  1588    39933.0000    13202.0000   297364   66.94%
    260   204    13202.0000  1897    39933.0000    13202.0000   307942   66.94%
    263   207    13202.0000  1893    39933.0000    13202.0000   308047   66.94%
    271   215    33332.0000  1687    39933.0000    13202.0000   314035   66.94%
Elapsed time = 349.92 sec. (221210.71 ticks, tree = 2.18 MB, solutions = 1)
    277   211    13420.0000  1243    39933.0000    13202.0000   319180   66.94%
    308   232    13286.0000  1241    39933.0000    13202.0000   326571   66.94%
    360   276    27468.0000  1024    39933.0000    13202.0000   332366   66.94%
    382   294    33332.0000  1564    39933.0000    13202.0000   342278   66.94%
    389   293        cutoff          39933.0000    13202.0000   351223   66.94%
    391   293    32595.0000  1603    39933.0000    13202.0000   359256   66.94%
    415   309    infeasible          39933.0000    13202.0000   365592   66.94%
    421   315    26404.0000  1445    39933.0000    13202.0000   374961   66.94%

Performing restart 1

Repeating presolve.
Tried aggregator 2 times.
MIP Presolve eliminated 782 rows and 74 columns.
MIP Presolve modified 3966 coefficients.
Aggregator did 133 substitutions.
Reduced MIP has 16152 rows, 4094 columns, and 43681 nonzeros.
Reduced MIP has 3718 binaries, 0 generals, 0 SOSs, and 0 indicators.
Presolve time = 0.13 sec. (134.55 ticks)
Tried aggregator 2 times.
MIP Presolve eliminated 101 rows and 39 columns.
MIP Presolve modified 6415 coefficients.
Aggregator did 9 substitutions.
Reduced MIP has 16042 rows, 4046 columns, and 43399 nonzeros.
Reduced MIP has 3670 binaries, 0 generals, 0 SOSs, and 0 indicators.
Presolve time = 0.12 sec. (114.28 ticks)
Tried aggregator 1 time.
MIP Presolve modified 1428 coefficients.
Reduced MIP has 16042 rows, 4046 columns, and 43399 nonzeros.
Reduced MIP has 3670 binaries, 0 generals, 0 SOSs, and 0 indicators.
Presolve time = 0.10 sec. (92.25 ticks)
Represolve time = 0.98 sec. (920.76 ticks)
    477     0     4944.8278  1881    39933.0000    Cuts: 2472   400667   66.94%
    477     0     5270.8442  1837    39933.0000     Cuts: 864   409866   66.94%
    477     0     5713.2665  2004    39933.0000    Cuts: 2000   421491   66.94%
    477     0     6133.5323  1819    39933.0000     Cuts: 784   432475   66.94%
    477     0     7049.8239  1918    39933.0000    Cuts: 2703   434656   66.94%
    477     0     7151.5069  1742    39933.0000    Cuts: 1689   438736   66.94%
    477     0     7151.5069  2061    39933.0000    Cuts: 2156   442718   66.94%
    477     0     7542.7505  2011    39933.0000     Cuts: 893   451357   66.94%
    477     0     7542.7505  1886    39933.0000    Cuts: 2415   455362   66.94%
    477     0     7542.7505  2078    39933.0000    Cuts: 1970   458367   66.94%
    477     2     7542.7505  1985    39933.0000    13202.0000   458367   66.94%
    479     4     8327.8150  1934    39933.0000    13202.0000   461174   66.94%
Elapsed time = 411.03 sec. (291167.84 ticks, tree = 0.01 MB, solutions = 1)
    480     5    10319.3815  1725    39933.0000    13202.0000   466630   66.94%
    481     6    11988.3448  1716    39933.0000    14205.2962   470842   64.43%
    483     8    18448.0000  1769    39933.0000    18437.0369   477585   53.83%
    487    12    18448.0000  1659    39933.0000    18437.0369   482076   53.83%
    494    17    20179.3674  1470    39933.0000    18437.0369   491247   53.83%
    499    18    18448.0000  1960    39933.0000    18448.0000   502227   53.80%
    501    20    26731.0000  1494    39933.0000    18448.0000   509659   53.80%
    507    23    32595.0000   287    39933.0000    18448.0000   526426   53.80%
    508    24    32595.0000   244    39933.0000    18448.0000   527076   53.80%
*   517+   25                        38459.0000    18448.0000            52.03%
    517    25    38459.0000     0    38459.0000    18448.0000   529603   52.03%
Elapsed time = 427.93 sec. (312493.76 ticks, tree = 0.48 MB, solutions = 2)
    519    23    infeasible          38459.0000    18448.0000   538321   52.03%
    520    22    infeasible          38459.0000    18448.0000   543730   52.03%
    521    22    32595.0000   566    38459.0000    18448.0000   550024   52.03%
    522    23    32595.0000   347    38459.0000    18448.0000   551609   52.03%
    528    22    infeasible          38459.0000    18448.0000   557672   52.03%
    530    20        cutoff          38459.0000    18448.0000   565998   52.03%
    532    19    37352.0000   229    38459.0000    18448.0000   572276   52.03%
    537    21    38265.0000    74    38459.0000    18448.0000   573176   52.03%
    540    20    32595.0000  1475    38459.0000    18448.0000   586521   52.03%
    541    21    32595.0000  1670    38459.0000    18448.0000   591688   52.03%
Elapsed time = 440.87 sec. (326085.44 ticks, tree = 0.32 MB, solutions = 2)
    542    22    32595.0000   740    38459.0000    18448.0000   596783   52.03%
    546    20    infeasible          38459.0000    18448.0000   604586   52.03%
    547    19        cutoff          38459.0000    18448.0000   612645   52.03%
    548    18    infeasible          38459.0000    18448.0000   619033   52.03%
    549    18    32595.0000   394    38459.0000    18448.0000   629255   52.03%
    550    19    32595.0000   297    38459.0000    18448.0000   629919   52.03%
    552    21    32595.0000   259    38459.0000    18448.0000   630888   52.03%
    556    21    32595.0000   348    38459.0000    26731.0000   635679   30.49%
    558    22    32595.0000   212    38459.0000    26731.0000   636373   30.49%
    559    22    32595.0000   201    38459.0000    26731.0000   636424   30.49%
Elapsed time = 456.61 sec. (343406.39 ticks, tree = 0.97 MB, solutions = 2)
    560    23    32595.0000   194    38459.0000    26731.0000   636427   30.49%
    566    20        cutoff          38459.0000    26731.0000   638967   30.49%
    567    19        cutoff          38459.0000    26731.0000   641634   30.49%
    569    17    infeasible          38459.0000    26731.0000   646529   30.49%
    572    18    33332.0000   172    38459.0000    32595.0000   646784   15.25%
    578    17    37352.0000   226    38459.0000    32595.0000   649139   15.25%
    581    17    33332.0000   385    38459.0000    32595.0000   651435   15.25%
    586    19    38374.0000    98    38459.0000    32595.0000   653239   15.25%
    589    18    33332.0000   285    38459.0000    32595.0000   655606   15.25%
    594    18        cutoff          38459.0000    32595.0000   658025   15.25%
Elapsed time = 470.73 sec. (357417.30 ticks, tree = 0.60 MB, solutions = 2)
    596    18    32595.0000  1478    38459.0000    32595.0000   665620   15.25%
    597    19    32595.0000  1300    38459.0000    32595.0000   667864   15.25%
    598    20    32595.0000  1021    38459.0000    32595.0000   670071   15.25%
    600    20    infeasible          38459.0000    32595.0000   670723   15.25%
    603    20    32595.0000   977    38459.0000    32595.0000   672373   15.25%
    605    22    34405.0000   199    38459.0000    32595.0000   673647   15.25%
    609    21    32595.0000   945    38459.0000    32595.0000   674256   15.25%
    613    21    38374.0000   109    38459.0000    32595.0000   676943   15.25%
    616    19    33332.0000   238    38459.0000    32595.0000   678857   15.25%
    621    20    32595.0000  1426    38459.0000    32595.0000   679943   15.25%
Elapsed time = 485.25 sec. (373828.70 ticks, tree = 0.86 MB, solutions = 2)
    624    23    32595.0000   435    38459.0000    32595.0000   682656   15.25%
    626    24    37942.0000   123    38459.0000    32595.0000   683412   15.25%
    632    22    32595.0000   260    38459.0000    32595.0000   686156   15.25%
    635    22    36233.0000   138    38459.0000    32595.0000   686921   15.25%
    638    21    33332.0000   250    38459.0000    32595.0000   688776   15.25%
    643    20    32595.0000  1578    38459.0000    32595.0000   691386   15.25%
    645    21    32595.0000   693    38459.0000    32595.0000   693714   15.25%
    647    23    33332.0000   370    38459.0000    32595.0000   695303   15.25%
    649    25    33332.0000   221    38459.0000    32595.0000   695781   15.25%
    657    29    32595.0000   910    38459.0000    32595.0000   698475   15.25%
Elapsed time = 503.04 sec. (391747.59 ticks, tree = 2.17 MB, solutions = 2)
    665    29        cutoff          38459.0000    32595.0000   702112   15.25%
    673    32        cutoff          38459.0000    32595.0000   704592   15.25%
    681    32    38026.0000   671    38459.0000    32595.0000   708925   15.25%
    692    26    infeasible          38459.0000    32595.0000   718594   15.25%
    702    28        cutoff          38459.0000    33332.0000   722446   13.33%
    729    22    33614.0000   100    38459.0000    33332.0000   727000   13.33%
    755    18    35536.0000    80    38459.0000    33332.0000   731699   13.33%
    787    13    34514.0000    67    38459.0000    34514.0000   736023   10.26%

GUB cover cuts applied:  17
Clique cuts applied:  119
Cover cuts applied:  106
Implied bound cuts applied:  79
Flow cuts applied:  54
Mixed integer rounding cuts applied:  117
Zero-half cuts applied:  29
Gomory fractional cuts applied:  4

Root node processing (before b&c):
  Real time             =  317.05 sec. (184141.18 ticks)
Sequential b&c:
  Real time             =  220.11 sec. (241515.88 ticks)
                          ------------
Total (root+branch&cut) =  537.17 sec. (425657.06 ticks)
Optimal

>> Printing some results...
    -> Solution value = 38459 - 10:40:59
    -> Total time = 537.17
    -> Gap value = 0.00

=============
Train 0
=============
> Trip 0
   21(time 327 - 00:05:27)(time 867 - 00:14:27) ->    20(time 976 - 00:16:16)(time 1495 - 00:24:55) ->    19(time 1618 - 00:26:58)(time 2210 - 00:36:50) ->    18(time 2319 - 00:38:39)(time 2884 - 00:48:04) ->    17(time 2993 - 00:49:53)(time 3503 - 00:58:23) ->    16(time 3612 - 01:00:12)(time 4152 - 01:09:12) ->    15(time 4190 - 01:09:50)(time 4771 - 01:19:31) ->    14(time 4809 - 01:20:09)(time 5385 - 01:29:45) ->    13(time 5494 - 01:31:34)(time 6082 - 01:41:22) ->    12(time 6276 - 01:44:36)(time 6819 - 01:53:39) ->    11(time 7013 - 01:56:53)(time 7013 - 01:56:53) ->    0(time 7013 - 01:56:53)(time 7556 - 02:05:56) ->    1(time 7750 - 02:09:10)(time 8338 - 02:18:58) ->    2(time 8447 - 02:20:47)(time 9023 - 02:30:23) ->    3(time 9061 - 02:31:01)(time 9642 - 02:40:42) ->    4(time 9680 - 02:41:20)(time 10220 - 02:50:20) ->    5(time 10329 - 02:52:09)(time 10839 - 03:00:39) ->    6(time 10948 - 03:02:28)(time 11513 - 03:11:53) ->    7(time 11622 - 03:13:42)(time 12214 - 03:23:34) ->    8(time 12252 - 03:24:12)(time 12771 - 03:32:51) ->    9(time 12880 - 03:34:40)(time 13420 - 03:43:40) ->    10(time 13786 - 03:49:46)(time 13786 - 03:49:46) -> 21
> Trip 1
   21(time 17903 - 04:58:23)(time 18443 - 05:07:23) ->    20(time 18809 - 05:13:29)(time 19328 - 05:22:08) ->    19(time 19694 - 05:28:14)(time 20286 - 05:38:06) ->    18(time 20652 - 05:44:12)(time 21217 - 05:53:37) ->    17(time 21444 - 05:57:24)(time 21954 - 06:05:54) ->    16(time 22063 - 06:07:43)(time 22603 - 06:16:43) ->    15(time 22969 - 06:22:49)(time 23550 - 06:32:30) ->    14(time 23916 - 06:38:36)(time 24492 - 06:48:12) ->    13(time 24858 - 06:54:18)(time 25446 - 07:04:06) ->    12(time 25812 - 07:10:12)(time 26355 - 07:19:15) ->    11(time 26721 - 07:25:21)(time 26721 - 07:25:21) ->    0(time 27087 - 07:31:27)(time 27630 - 07:40:30) ->    1(time 27996 - 07:46:36)(time 28584 - 07:56:24) ->    2(time 28776 - 07:59:36)(time 29352 - 08:09:12) ->    3(time 29718 - 08:15:18)(time 30299 - 08:24:59) ->    4(time 30665 - 08:31:05)(time 31205 - 08:40:05) ->    5(time 31571 - 08:46:11)(time 32081 - 08:54:41) ->    6(time 32447 - 09:00:47)(time 33012 - 09:10:12) ->    7(time 33378 - 09:16:18)(time 33970 - 09:26:10) ->    8(time 34336 - 09:32:16)(time 34855 - 09:40:55) ->    9(time 35221 - 09:47:01)(time 35761 - 09:56:01) ->    10(time 36127 - 10:02:07)(time 36127 - 10:02:07) -> 21
=============
Train 1
=============
> Trip 0
   21(time 109 - 00:01:49)(time 649 - 00:10:49) ->    20(time 758 - 00:12:38)(time 1277 - 00:21:17) ->    19(time 1315 - 00:21:55)(time 1907 - 00:31:47) ->    18(time 2016 - 00:33:36)(time 2581 - 00:43:01) ->    17(time 2690 - 00:44:50)(time 3200 - 00:53:20) ->    16(time 3309 - 00:55:09)(time 3849 - 01:04:09) ->    15(time 3887 - 01:04:47)(time 4468 - 01:14:28) ->    14(time 4506 - 01:15:06)(time 5082 - 01:24:42) ->    13(time 5191 - 01:26:31)(time 5779 - 01:36:19) -> 12
> Trip 1
   1(time 20564 - 05:42:44)(time 21152 - 05:52:32) ->    2(time 21408 - 05:56:48)(time 21984 - 06:06:24) ->    3(time 22047 - 06:07:27)(time 22628 - 06:17:08) ->    4(time 22712 - 06:18:32)(time 23252 - 06:27:32) ->    5(time 23361 - 06:29:21)(time 23871 - 06:37:51) ->    6(time 23980 - 06:39:40)(time 24545 - 06:49:05) ->    7(time 24654 - 06:50:54)(time 25246 - 07:00:46) ->    8(time 25284 - 07:01:24)(time 25803 - 07:10:03) ->    9(time 25997 - 07:13:17)(time 26537 - 07:22:17) ->    10(time 26731 - 07:25:31)(time 26731 - 07:25:31) ->    21(time 26840 - 07:27:20)(time 27380 - 07:36:20) ->    20(time 27489 - 07:38:09)(time 28008 - 07:46:48) ->    19(time 28046 - 07:47:26)(time 28638 - 07:57:18) ->    18(time 28747 - 07:59:07)(time 29312 - 08:08:32) ->    17(time 29421 - 08:10:21)(time 29931 - 08:18:51) ->    16(time 30125 - 08:22:05)(time 30665 - 08:31:05) ->    15(time 30703 - 08:31:43)(time 31284 - 08:41:24) ->    14(time 31322 - 08:42:02)(time 31898 - 08:51:38) ->    13(time 32007 - 08:53:27)(time 32595 - 09:03:15) ->    12(time 32789 - 09:06:29)(time 32789 - 09:06:29) -> 1
=============
Train 2
=============
> Trip 0
   21(time 218 - 00:03:38)(time 758 - 00:12:38) ->    20(time 867 - 00:14:27)(time 1386 - 00:23:06) ->    19(time 1424 - 00:23:44)(time 2016 - 00:33:36) ->    18(time 2125 - 00:35:25)(time 2690 - 00:44:50) ->    17(time 2799 - 00:46:39)(time 3309 - 00:55:09) ->    16(time 3418 - 00:56:58)(time 3958 - 01:05:58) ->    15(time 3996 - 01:06:36)(time 4577 - 01:16:17) ->    14(time 4615 - 01:16:55)(time 5191 - 01:26:31) ->    13(time 5300 - 01:28:20)(time 5888 - 01:38:08) ->    12(time 6082 - 01:41:22)(time 6625 - 01:50:25) ->    11(time 6819 - 01:53:39)(time 6819 - 01:53:39) ->    0(time 6819 - 01:53:39)(time 7362 - 02:02:42) ->    1(time 7556 - 02:05:56)(time 8144 - 02:15:44) ->    2(time 8253 - 02:17:33)(time 8829 - 02:27:09) ->    3(time 8867 - 02:27:47)(time 9448 - 02:37:28) ->    4(time 9486 - 02:38:06)(time 10026 - 02:47:06) ->    5(time 10135 - 02:48:55)(time 10645 - 02:57:25) ->    6(time 10754 - 02:59:14)(time 11319 - 03:08:39) ->    7(time 11428 - 03:10:28)(time 12020 - 03:20:20) ->    8(time 12058 - 03:20:58)(time 12577 - 03:29:37) ->    9(time 12686 - 03:31:26)(time 13226 - 03:40:26) ->    10(time 13420 - 03:43:40)(time 13420 - 03:43:40) -> 21
> Trip 1
   21(time 13420 - 03:43:40)(time 13960 - 03:52:40) ->    20(time 14069 - 03:54:29)(time 14588 - 04:03:08) ->    19(time 14626 - 04:03:46)(time 15218 - 04:13:38) ->    18(time 15327 - 04:15:27)(time 15892 - 04:24:52) ->    17(time 16001 - 04:26:41)(time 16511 - 04:35:11) ->    16(time 16620 - 04:37:00)(time 17160 - 04:46:00) ->    15(time 17198 - 04:46:38)(time 17779 - 04:56:19) ->    14(time 17817 - 04:56:57)(time 18393 - 05:06:33) ->    13(time 18502 - 05:08:22)(time 19090 - 05:18:10) ->    12(time 19284 - 05:21:24)(time 19827 - 05:30:27) ->    11(time 20021 - 05:33:41)(time 20021 - 05:33:41) ->    0(time 20021 - 05:33:41)(time 20564 - 05:42:44) ->    1(time 20820 - 05:47:00)(time 21408 - 05:56:48) ->    2(time 21517 - 05:58:37)(time 22093 - 06:08:13) ->    3(time 22131 - 06:08:51)(time 22712 - 06:18:32) ->    4(time 22821 - 06:20:21)(time 23361 - 06:29:21) ->    5(time 23470 - 06:31:10)(time 23980 - 06:39:40) ->    6(time 24089 - 06:41:29)(time 24654 - 06:50:54) ->    7(time 24763 - 06:52:43)(time 25355 - 07:02:35) ->    8(time 25478 - 07:04:38)(time 25997 - 07:13:17) ->    9(time 26191 - 07:16:31)(time 26731 - 07:25:31) ->    10(time 27097 - 07:31:37)(time 27097 - 07:31:37) -> 21
=============
Train 3
=============
> Trip 0
   21(time 4390 - 01:13:10)(time 4930 - 01:22:10) ->    20(time 5296 - 01:28:16)(time 5815 - 01:36:55) ->    19(time 6181 - 01:43:01)(time 6773 - 01:52:53) ->    18(time 7139 - 01:58:59)(time 7704 - 02:08:24) ->    17(time 8070 - 02:14:30)(time 8580 - 02:23:00) ->    16(time 8946 - 02:29:06)(time 9486 - 02:38:06) ->    15(time 9852 - 02:44:12)(time 10433 - 02:53:53) ->    14(time 10799 - 02:59:59)(time 11375 - 03:09:35) ->    13(time 11502 - 03:11:42)(time 12090 - 03:21:30) ->    12(time 12456 - 03:27:36)(time 12999 - 03:36:39) ->    11(time 13365 - 03:42:45)(time 13365 - 03:42:45) ->    0(time 13408 - 03:43:28)(time 13951 - 03:52:31) ->    1(time 14317 - 03:58:37)(time 14905 - 04:08:25) ->    2(time 15271 - 04:14:31)(time 15847 - 04:24:07) ->    3(time 16213 - 04:30:13)(time 16794 - 04:39:54) ->    4(time 17160 - 04:46:00)(time 17700 - 04:55:00) ->    5(time 17809 - 04:56:49)(time 18319 - 05:05:19) ->    6(time 18428 - 05:07:08)(time 18993 - 05:16:33) ->    7(time 19102 - 05:18:22)(time 19694 - 05:28:14) ->    8(time 19732 - 05:28:52)(time 20251 - 05:37:31) ->    9(time 20360 - 05:39:20)(time 20900 - 05:48:20) ->    10(time 21094 - 05:51:34)(time 21094 - 05:51:34) -> 21
> Trip 1
   21(time 24007 - 06:40:07)(time 24547 - 06:49:07) ->    20(time 24656 - 06:50:56)(time 25175 - 06:59:35) ->    19(time 25355 - 07:02:35)(time 25947 - 07:12:27) ->    18(time 26056 - 07:14:16)(time 26621 - 07:23:41) ->    17(time 26730 - 07:25:30)(time 27240 - 07:34:00) ->    16(time 27606 - 07:40:06)(time 28146 - 07:49:06) ->    15(time 28512 - 07:55:12)(time 29093 - 08:04:53) ->    14(time 29459 - 08:10:59)(time 30035 - 08:20:35) ->    13(time 30339 - 08:25:39)(time 30927 - 08:35:27) ->    12(time 31121 - 08:38:41)(time 31664 - 08:47:44) ->    11(time 31858 - 08:50:58)(time 31858 - 08:50:58) ->    0(time 31858 - 08:50:58)(time 32401 - 09:00:01) ->    1(time 32595 - 09:03:15)(time 33183 - 09:13:03) ->    2(time 33292 - 09:14:52)(time 33868 - 09:24:28) ->    3(time 33906 - 09:25:06)(time 34487 - 09:34:47) ->    4(time 34525 - 09:35:25)(time 35065 - 09:44:25) ->    5(time 35174 - 09:46:14)(time 35684 - 09:54:44) ->    6(time 35793 - 09:56:33)(time 36358 - 10:05:58) ->    7(time 36467 - 10:07:47)(time 37059 - 10:17:39) ->    8(time 37097 - 10:18:17)(time 37616 - 10:26:56) ->    9(time 37725 - 10:28:45)(time 38265 - 10:37:45) ->    10(time 38459 - 10:40:59)(time 38459 - 10:40:59) -> 21
=============
Train 4
=============
> Trip 0
   21(time 0 - 00:00:00)(time 540 - 00:09:00) ->    20(time 649 - 00:10:49)(time 1168 - 00:19:28) ->    19(time 1206 - 00:20:06)(time 1798 - 00:29:58) ->    18(time 1907 - 00:31:47)(time 2472 - 00:41:12) ->    17(time 2581 - 00:43:01)(time 3091 - 00:51:31) ->    16(time 3200 - 00:53:20)(time 3740 - 01:02:20) ->    15(time 3778 - 01:02:58)(time 4359 - 01:12:39) ->    14(time 4397 - 01:13:17)(time 4973 - 01:22:53) ->    13(time 5082 - 01:24:42)(time 5670 - 01:34:30) -> 12
> Trip 1
   1(time 19760 - 05:29:20)(time 20348 - 05:39:08) ->    2(time 20714 - 05:45:14)(time 21290 - 05:54:50) ->    3(time 21656 - 06:00:56)(time 22237 - 06:10:37) ->    4(time 22603 - 06:16:43)(time 23143 - 06:25:43) ->    5(time 23252 - 06:27:32)(time 23762 - 06:36:02) ->    6(time 23871 - 06:37:51)(time 24436 - 06:47:16) ->    7(time 24545 - 06:49:05)(time 25137 - 06:58:57) ->    8(time 25175 - 06:59:35)(time 25694 - 07:08:14) ->    9(time 25803 - 07:10:03)(time 26343 - 07:19:03) ->    10(time 26537 - 07:22:17)(time 26537 - 07:22:17) ->    21(time 26731 - 07:25:31)(time 27271 - 07:34:31) ->    20(time 27380 - 07:36:20)(time 27899 - 07:44:59) ->    19(time 27937 - 07:45:37)(time 28529 - 07:55:29) ->    18(time 28638 - 07:57:18)(time 29203 - 08:06:43) ->    17(time 29312 - 08:08:32)(time 29822 - 08:17:02) ->    16(time 29931 - 08:18:51)(time 30471 - 08:27:51) ->    15(time 30509 - 08:28:29)(time 31090 - 08:38:10) ->    14(time 31128 - 08:38:48)(time 31704 - 08:48:24) ->    13(time 31813 - 08:50:13)(time 32401 - 09:00:01) ->    12(time 32595 - 09:03:15)(time 32595 - 09:03:15) -> 1
----- t5p12r2h2.txt-model.log -----
 234444 72641    24980.0000    84    25187.0000    24167.5476 31070666    4.05%
 234556 72656    24167.5476   134    25187.0000    24167.5476 31081020    4.05%
 234673 72688    24438.5476   122    25187.0000    24167.5476 31091099    4.05%
 234782 72715    24438.0000   119    25187.0000    24167.5476 31100391    4.05%
 234896 72746    24167.5476   132    25187.0000    24167.5476 31109107    4.05%
Elapsed time = 41610.65 sec. (42936685.37 ticks, tree = 1069.33 MB, solutions = 40)
 234978 72769    infeasible          25187.0000    24167.5476 31114542    4.05%
 235095 72787    24167.5476   210    25187.0000    24167.5476 31121822    4.05%
 235208 72814    24438.5487   168    25187.0000    24167.5476 31129920    4.05%
 235314 72827    24980.0000    62    25187.0000    24167.5476 31139845    4.05%
 235411 72841    25169.3292    90    25187.0000    24167.5476 31147672    4.05%
 235521 72859    24709.3292   120    25187.0000    24167.5476 31155546    4.05%
 235626 72877    24480.0000   284    25187.0000    24167.5486 31170268    4.05%
 235742 72921    24437.9999   153    25187.0000    24167.5487 31182256    4.05%
 235854 72936    25127.0000    67    25187.0000    24167.5487 31190897    4.05%
 235962 72949    24438.5487   228    25187.0000    24167.5487 31197704    4.05%
Elapsed time = 41749.92 sec. (43090381.03 ticks, tree = 1072.45 MB, solutions = 40)
 236099 72955    24916.5487    52    25187.0000    24167.5487 31209307    4.05%
 236242 72988    24438.5488   160    25187.0000    24167.5487 31218904    4.05%
 236357 73017    24916.0000    98    25187.0000    24167.5487 31228671    4.05%
 236492 73038    24438.5488   100    25187.0000    24167.5488 31242453    4.05%
 236604 73062    24709.0000    90    25187.0000    24167.5488 31252309    4.05%
 236730 73095    24709.0000   122    25187.0000    24167.5488 31261224    4.05%
 236848 73132    24167.5488   152    25187.0000    24167.5488 31268841    4.05%
 236993 73183    24438.5488   150    25187.0000    24167.5488 31277420    4.05%
 237110 73218        cutoff          25187.0000    24167.5488 31285160    4.05%
 237218 73244    infeasible          25187.0000    24167.5488 31290945    4.05%
Elapsed time = 41889.58 sec. (43244336.36 ticks, tree = 1076.93 MB, solutions = 40)
 237339 73270    24438.5488   120    25187.0000    24167.5488 31299505    4.05%
 237464 73288    24438.5488   105    25187.0000    24167.5488 31309018    4.05%
 237586 73304    24709.0000    88    25187.0000    24167.5488 31320434    4.05%
 237719 73333    24240.9528   272    25187.0000    24167.5488 31329570    4.05%
 237837 73346        cutoff          25187.0000    24167.5488 31342097    4.05%
 237967 73363    24438.0000   150    25187.0000    24167.5488 31354695    4.05%
 238080 73383    24439.1042    92    25187.0000    24167.5488 31365733    4.05%
 238222 73437    24438.5488   198    25187.0000    24167.5488 31379253    4.05%
 238319 73456    24980.0000   108    25187.0000    24167.5488 31391753    4.05%
 238456 73474        cutoff          25187.0000    24167.5488 31403163    4.05%
Elapsed time = 42029.51 sec. (43398161.36 ticks, tree = 1080.54 MB, solutions = 40)
 238590 73506    24856.0000    80    25187.0000    24167.5488 31416492    4.05%
 238710 73544    24438.5488   136    25187.0000    24167.5488 31425805    4.05%
 238834 73562    24221.8530   286    25187.0000    24167.5488 31438370    4.05%
 238890 73577        cutoff          25187.0000    24167.5488 31449557    4.05%
 238946 73591    24438.5488   401    25187.0000    24167.5488 31471319    4.05%
 239033 73624    24438.5488   408    25187.0000    24167.5488 31480928    4.05%
 239148 73640    24856.5488   112    25187.0000    24167.5488 31497271    4.05%
 239296 73657    24709.0000    99    25187.0000    24167.5488 31508905    4.05%
 239448 73681    24709.0000    73    25187.0000    24167.5488 31521789    4.05%
 239615 73706    24438.0000    79    25187.0000    24167.5488 31536695    4.05%
Elapsed time = 42170.34 sec. (43552409.89 ticks, tree = 1084.13 MB, solutions = 40)
 239773 73732    24907.8288   164    25187.0000    24167.5488 31552600    4.05%
 239906 73767    25105.0000   106    25187.0000    24167.5488 31564462    4.05%
 240007 73763    infeasible          25187.0000    24167.6015 31573964    4.05%
 240126 73785        cutoff          25187.0000    24167.6068 31587812    4.05%
 240224 73800    25105.0000    55    25187.0000    24167.6082 31595411    4.05%
 240335 73814    24492.8530   156    25187.0000    24167.6082 31606447    4.05%
 240447 73810        cutoff          25187.0000    24167.7259 31620190    4.05%
 240563 73824    24438.8464   209    25187.0000    24167.8464 31635109    4.05%
 240666 73853    24980.0000    70    25187.0000    24167.8471 31640287    4.05%
 240800 73874    25059.0000    96    25187.0000    24168.0129 31653805    4.05%
Elapsed time = 42308.83 sec. (43705720.21 ticks, tree = 1086.72 MB, solutions = 40)
 240928 73890    24168.0997   689    25187.0000    24168.0997 31665597    4.05%
 241011 73898    24168.0998   220    25187.0000    24168.0998 31677763    4.05%
 241126 73909    24168.0998   277    25187.0000    24168.0998 31688989    4.05%
 241216 73924    24168.0998   123    25187.0000    24168.0998 31701289    4.05%
 241327 73934    24980.0000    88    25187.0000    24168.1042 31718654    4.05%
 241427 73950    24669.9055   272    25187.0000    24168.1514 31729857    4.05%
 241518 73956    24709.0000   140    25187.0000    24168.3746 31742657    4.04%
 241583 73973    24981.9109   194    25187.0000    24168.3746 31749060    4.04%
 241668 73979        cutoff          25187.0000    24168.3746 31759109    4.04%
 241772 74006    25022.0000   134    25187.0000    24168.3746 31773677    4.04%
Elapsed time = 42444.22 sec. (43859930.85 ticks, tree = 1088.75 MB, solutions = 40)
 241918 74032    24439.9481   150    25187.0000    24168.9481 31785816    4.04%
 242068 74061    24439.9481   156    25187.0000    24168.9481 31796967    4.04%
 242209 74095        cutoff          25187.0000    24168.9481 31805621    4.04%
 242347 74131    24237.7746   102    25187.0000    24168.9481 31814870    4.04%
 242463 74155    24555.0000   156    25187.0000    24168.9541 31823620    4.04%
 242550 74184    24439.9541   186    25187.0000    24168.9541 31830562    4.04%
 242645 74219    24543.5000   153    25187.0000    24168.9541 31839647    4.04%
 242755 74247        cutoff          25187.0000    24168.9622 31848895    4.04%
 242869 74266    24168.9622   163    25187.0000    24168.9622 31861124    4.04%
 242981 74292    24168.9622   236    25187.0000    24168.9622 31873530    4.04%
Elapsed time = 42583.17 sec. (44013017.14 ticks, tree = 1093.08 MB, solutions = 40)
 243076 74313    24508.7746   370    25187.0000    24168.9817 31884682    4.04%
 243188 74332    25054.8471    82    25187.0000    24169.9839 31898908    4.04%
 243284 74343    24442.8955   291    25187.0000    24171.8955 31908881    4.03%
 243397 74348    24936.0000   113    25187.0000    24171.8955 31925877    4.03%
 243463 74358    25022.0000   207    25187.0000    24171.8955 31943533    4.03%
 243572 74368    24980.0000    66    25187.0000    24171.8955 31959071    4.03%
 243654 74375    24980.0000   116    25187.0000    24171.8955 31967536    4.03%
 243740 74382    24171.8955   249    25187.0000    24171.8955 31981184    4.03%
 243803 74396    24171.8955   200    25187.0000    24171.8955 31985961    4.03%
 243861 74415    24826.0000   152    25187.0000    24171.8955 31990026    4.03%
Elapsed time = 42716.80 sec. (44166935.51 ticks, tree = 1095.00 MB, solutions = 40)
 243929 74426    24710.9541   103    25187.0000    24171.8955 31999121    4.03%
 243973 74445    24709.0000   154    25187.0000    24171.8955 32004193    4.03%
 244032 74461    24665.0000   331    25187.0000    24171.8955 32014551    4.03%
 244150 74476    24709.0000   119    25187.0000    24171.8955 32026255    4.03%
 244248 74482    24757.8955   261    25187.0000    24171.8955 32038954    4.03%
 244346 74512    24980.0000    80    25187.0000    24171.8955 32051621    4.03%
 244446 74527    24480.0000   386    25187.0000    24172.4651 32062313    4.03%
 244500 74545    24438.0000   124    25187.0000    24175.4578 32073637    4.02%
 244606 74563    24491.0000    79    25187.0000    24176.0000 32080094    4.01%
 244722 74587    24448.0000   262    25187.0000    24177.0000 32089516    4.01%
Elapsed time = 42853.45 sec. (44321410.03 ticks, tree = 1097.59 MB, solutions = 40)
 244808 74604    24519.7191   394    25187.0000    24177.0000 32100539    4.01%
 244903 74612    24710.0447   161    25187.0000    24177.0000 32111659    4.01%
 245016 74613    24448.0000   123    25187.0000    24177.0000 32124144    4.01%
 245140 74632    24439.0447   184    25187.0000    24177.0000 32135675    4.01%
 245250 74662    24394.8224   376    25187.0000    24177.8530 32145591    4.01%
 245344 74687    24177.9641   422    25187.0000    24177.8530 32157016    4.01%
 245429 74690    24177.8530   474    25187.0000    24177.8530 32172400    4.01%
 245532 74730    25127.0000    83    25187.0000    24177.8530 32185044    4.01%
 245595 74732    24221.8530   404    25187.0000    24177.8530 32196427    4.01%
 245672 74743    infeasible          25187.0000    24177.8530 32209058    4.01%
Elapsed time = 42990.55 sec. (44475470.34 ticks, tree = 1100.01 MB, solutions = 40)
 245721 74760    24511.0000   255    25187.0000    24177.8530 32227585    4.01%
 245771 74777    24177.8530   309    25187.0000    24177.8530 32235892    4.01%
 245848 74792    24826.0000   114    25187.0000    24177.8530 32246533    4.01%
 245951 74828    24665.6082   197    25187.0000    24177.8530 32257147    4.01%
 246045 74848    24394.0000   278    25187.0000    24177.8530 32271622    4.01%
 246133 74857    24436.0000   480    25187.0000    24177.8530 32283603    4.01%
 246208 74880    24394.0000   174    25187.0000    24177.8530 32292592    4.01%
 246289 74889    24177.8530   790    25187.0000    24177.8530 32305759    4.01%
 246348 74914    24228.5000   506    25187.0000    24177.8530 32328072    4.01%
 246390 74922    24555.0000   178    25187.0000    24177.8530 32349786    4.01%
Elapsed time = 43128.80 sec. (44631164.17 ticks, tree = 1102.65 MB, solutions = 40)
 246451 74942    24439.0998   538    25187.0000    24177.8530 32367301    4.01%
 246517 74968    24980.0000   151    25187.0000    24177.8530 32384687    4.01%
 246570 74980    24177.8530   442    25187.0000    24177.8530 32409218    4.01%
 246644 75003    24177.8530   195    25187.0000    24177.8530 32420455    4.01%
 246728 75013    infeasible          25187.0000    24177.8530 32426535    4.01%

GUB cover cuts applied:  239
Clique cuts applied:  660
Cover cuts applied:  3129
Implied bound cuts applied:  34
Flow cuts applied:  945
Mixed integer rounding cuts applied:  880
Zero-half cuts applied:  5
Gomory fractional cuts applied:  15

Root node processing (before b&c):
  Real time             =  381.71 sec. (262198.86 ticks)
Sequential b&c:
  Real time             = 42818.36 sec. (44458943.35 ticks)
                          ------------
Total (root+branch&cut) = 43200.07 sec. (44721142.21 ticks)
Feasible

>> Printing some results...
    -> Solution value = 25186 - 06:59:46
    -> Total time = 43200.07
    -> Gap value = 0.04

=============
Train 0
=============
> Trip 0
   0(time 4305 - 01:11:45)(time 4557 - 01:15:57) ->    1(time 4621 - 01:17:01)(time 4892 - 01:21:32) ->    2(time 5009 - 01:23:29)(time 5271 - 01:27:51) ->    3(time 5388 - 01:29:48)(time 5646 - 01:34:06) ->    4(time 5710 - 01:35:10)(time 5956 - 01:39:16) ->    5(time 6073 - 01:41:13)(time 6338 - 01:45:38) ->    6(time 6455 - 01:47:35)(time 6709 - 01:51:49) ->    7(time 6826 - 01:53:46)(time 7097 - 01:58:17) ->    8(time 7214 - 02:00:14)(time 7447 - 02:04:07) ->    9(time 7511 - 02:05:11)(time 7756 - 02:09:16) ->    10(time 7873 - 02:11:13)(time 8107 - 02:15:07) ->    11(time 8378 - 02:19:38)(time 8378 - 02:19:38) ->    23(time 8649 - 02:24:09)(time 8883 - 02:28:03) ->    22(time 9000 - 02:30:00)(time 9245 - 02:34:05) ->    21(time 9309 - 02:35:09)(time 9542 - 02:39:02) ->    20(time 9659 - 02:40:59)(time 9930 - 02:45:30) ->    19(time 10047 - 02:47:27)(time 10301 - 02:51:41) ->    18(time 10418 - 02:53:38)(time 10683 - 02:58:03) ->    17(time 10800 - 03:00:00)(time 11046 - 03:04:06) ->    16(time 11110 - 03:05:10)(time 11368 - 03:09:28) ->    15(time 11485 - 03:11:25)(time 11747 - 03:15:47) ->    14(time 11864 - 03:17:44)(time 12135 - 03:22:15) ->    13(time 12199 - 03:23:19)(time 12451 - 03:27:31) ->    12(time 12722 - 03:32:02)(time 12722 - 03:32:02) -> 0
> Trip 1
   0(time 12722 - 03:32:02)(time 12974 - 03:36:14) ->    1(time 13038 - 03:37:18)(time 13309 - 03:41:49) ->    2(time 13426 - 03:43:46)(time 13688 - 03:48:08) ->    3(time 13805 - 03:50:05)(time 14063 - 03:54:23) ->    4(time 14127 - 03:55:27)(time 14373 - 03:59:33) ->    5(time 14490 - 04:01:30)(time 14755 - 04:05:55) ->    6(time 14872 - 04:07:52)(time 15126 - 04:12:06) ->    7(time 15243 - 04:14:03)(time 15514 - 04:18:34) ->    8(time 15631 - 04:20:31)(time 15864 - 04:24:24) ->    9(time 15928 - 04:25:28)(time 16173 - 04:29:33) ->    10(time 16290 - 04:31:30)(time 16524 - 04:35:24) ->    11(time 16795 - 04:39:55)(time 16795 - 04:39:55) ->    23(time 16912 - 04:41:52)(time 17146 - 04:45:46) ->    22(time 17263 - 04:47:43)(time 17508 - 04:51:48) ->    21(time 17572 - 04:52:52)(time 17805 - 04:56:45) ->    20(time 17922 - 04:58:42)(time 18193 - 05:03:13) ->    19(time 18464 - 05:07:44)(time 18718 - 05:11:58) ->    18(time 18835 - 05:13:55)(time 19100 - 05:18:20) ->    17(time 19217 - 05:20:17)(time 19463 - 05:24:23) ->    16(time 19527 - 05:25:27)(time 19785 - 05:29:45) ->    15(time 19902 - 05:31:42)(time 20164 - 05:36:04) ->    14(time 20281 - 05:38:01)(time 20552 - 05:42:32) ->    13(time 20616 - 05:43:36)(time 20868 - 05:47:48) ->    12(time 21139 - 05:52:19)(time 21139 - 05:52:19) -> 0
> Trip 2
   0(time 21769 - 06:02:49)(time 22021 - 06:07:01) ->    1(time 22085 - 06:08:05)(time 22356 - 06:12:36) ->    2(time 22473 - 06:14:33)(time 22735 - 06:18:55) ->    3(time 22852 - 06:20:52)(time 23110 - 06:25:10) ->    4(time 23227 - 06:27:07)(time 23473 - 06:31:13) ->    5(time 23804 - 06:36:44)(time 24069 - 06:41:09) ->    6(time 24271 - 06:44:31)(time 24525 - 06:48:45) ->    7(time 24642 - 06:50:42)(time 24913 - 06:55:13) ->    8(time 25244 - 07:00:44)(time 25477 - 07:04:37) ->    9(time 25808 - 07:10:08)(time 26053 - 07:14:13) ->    10(time 26170 - 07:16:10)(time 26404 - 07:20:04) ->    11(time 26735 - 07:25:35)(time 26735 - 07:25:35) ->    23(time 26735 - 07:25:35)(time 26969 - 07:29:29) ->    22(time 27086 - 07:31:26)(time 27331 - 07:35:31) ->    21(time 27395 - 07:36:35)(time 27628 - 07:40:28) ->    20(time 27745 - 07:42:25)(time 28016 - 07:46:56) ->    19(time 28225 - 07:50:25)(time 28479 - 07:54:39) ->    18(time 28596 - 07:56:36)(time 28861 - 08:01:01) ->    17(time 28978 - 08:02:58)(time 29224 - 08:07:04) ->    16(time 29288 - 08:08:08)(time 29546 - 08:12:26) ->    15(time 29663 - 08:14:23)(time 29925 - 08:18:45) ->    14(time 30079 - 08:21:19)(time 30350 - 08:25:50) ->    13(time 30414 - 08:26:54)(time 30666 - 08:31:06) ->    12(time 30937 - 08:35:37)(time 30937 - 08:35:37) -> 0
=============
Train 1
=============
> Trip 0
   0(time 4389 - 01:13:09)(time 4641 - 01:17:21) ->    1(time 4738 - 01:18:58)(time 5009 - 01:23:29) ->    2(time 5126 - 01:25:26)(time 5388 - 01:29:48) ->    3(time 5505 - 01:31:45)(time 5763 - 01:36:03) ->    4(time 5827 - 01:37:07)(time 6073 - 01:41:13) ->    5(time 6190 - 01:43:10)(time 6455 - 01:47:35) ->    6(time 6572 - 01:49:32)(time 6826 - 01:53:46) ->    7(time 6943 - 01:55:43)(time 7214 - 02:00:14) ->    8(time 7331 - 02:02:11)(time 7564 - 02:06:04) ->    9(time 7628 - 02:07:08)(time 7873 - 02:11:13) ->    10(time 8144 - 02:15:44)(time 8378 - 02:19:38) ->    11(time 8649 - 02:24:09)(time 8649 - 02:24:09) ->    23(time 8766 - 02:26:06)(time 9000 - 02:30:00) ->    22(time 9117 - 02:31:57)(time 9362 - 02:36:02) ->    21(time 9426 - 02:37:06)(time 9659 - 02:40:59) ->    20(time 9776 - 02:42:56)(time 10047 - 02:47:27) ->    19(time 10318 - 02:51:58)(time 10572 - 02:56:12) ->    18(time 10689 - 02:58:09)(time 10954 - 03:02:34) ->    17(time 11071 - 03:04:31)(time 11317 - 03:08:37) ->    16(time 11381 - 03:09:41)(time 11639 - 03:13:59) ->    15(time 11756 - 03:15:56)(time 12018 - 03:20:18) ->    14(time 12135 - 03:22:15)(time 12406 - 03:26:46) ->    13(time 12470 - 03:27:50)(time 12722 - 03:32:02) ->    12(time 12993 - 03:36:33)(time 12993 - 03:36:33) -> 0
> Trip 1
   0(time 12993 - 03:36:33)(time 13245 - 03:40:45) ->    1(time 13309 - 03:41:49)(time 13580 - 03:46:20) ->    2(time 13697 - 03:48:17)(time 13959 - 03:52:39) ->    3(time 14076 - 03:54:36)(time 14334 - 03:58:54) ->    4(time 14398 - 03:59:58)(time 14644 - 04:04:04) ->    5(time 14761 - 04:06:01)(time 15026 - 04:10:26) ->    6(time 15143 - 04:12:23)(time 15397 - 04:16:37) ->    7(time 15514 - 04:18:34)(time 15785 - 04:23:05) ->    8(time 15902 - 04:25:02)(time 16135 - 04:28:55) ->    9(time 16199 - 04:29:59)(time 16444 - 04:34:04) ->    10(time 16561 - 04:36:01)(time 16795 - 04:39:55) ->    11(time 17126 - 04:45:26)(time 17126 - 04:45:26) ->    23(time 17126 - 04:45:26)(time 17360 - 04:49:20) ->    22(time 17477 - 04:51:17)(time 17722 - 04:55:22) ->    21(time 18053 - 05:00:53)(time 18286 - 05:04:46) ->    20(time 18448 - 05:07:28)(time 18719 - 05:11:59) ->    19(time 19050 - 05:17:30)(time 19304 - 05:21:44) ->    18(time 19421 - 05:23:41)(time 19686 - 05:28:06) ->    17(time 19803 - 05:30:03)(time 20049 - 05:34:09) ->    16(time 20113 - 05:35:13)(time 20371 - 05:39:31) ->    15(time 20488 - 05:41:28)(time 20750 - 05:45:50) ->    14(time 20867 - 05:47:47)(time 21138 - 05:52:18) ->    13(time 21204 - 05:53:24)(time 21456 - 05:57:36) ->    12(time 21727 - 06:02:07)(time 21727 - 06:02:07) -> 0
> Trip 2
   0(time 21886 - 06:04:46)(time 22138 - 06:08:58) ->    1(time 22202 - 06:10:02)(time 22473 - 06:14:33) ->    2(time 22590 - 06:16:30)(time 22852 - 06:20:52) ->    3(time 22969 - 06:22:49)(time 23227 - 06:27:07) ->    4(time 23558 - 06:32:38)(time 23804 - 06:36:44) ->    5(time 24135 - 06:42:15)(time 24400 - 06:46:40) ->    6(time 24602 - 06:50:02)(time 24856 - 06:54:16) ->    7(time 24973 - 06:56:13)(time 25244 - 07:00:44) ->    8(time 25575 - 07:06:15)(time 25808 - 07:10:08) ->    9(time 26139 - 07:15:39)(time 26384 - 07:19:44) ->    10(time 26501 - 07:21:41)(time 26735 - 07:25:35) ->    11(time 27066 - 07:31:06)(time 27066 - 07:31:06) ->    23(time 27066 - 07:31:06)(time 27300 - 07:35:00) ->    22(time 27417 - 07:36:57)(time 27662 - 07:41:02) ->    21(time 27909 - 07:45:09)(time 28142 - 07:49:02) ->    20(time 28473 - 07:54:33)(time 28744 - 07:59:04) ->    19(time 29075 - 08:04:35)(time 29329 - 08:08:49) ->    18(time 29660 - 08:14:20)(time 29925 - 08:18:45) ->    17(time 30256 - 08:24:16)(time 30502 - 08:28:22) ->    16(time 30833 - 08:33:53)(time 31091 - 08:38:11) ->    15(time 31208 - 08:40:08)(time 31470 - 08:44:30) ->    14(time 31587 - 08:46:27)(time 31858 - 08:50:58) ->    13(time 31922 - 08:52:02)(time 32174 - 08:56:14) ->    12(time 32445 - 09:00:45)(time 32445 - 09:00:45) -> 0
=============
Train 2
=============
> Trip 0
   0(time 4663 - 01:17:43)(time 4915 - 01:21:55) ->    1(time 5146 - 01:25:46)(time 5417 - 01:30:17) ->    2(time 5748 - 01:35:48)(time 6010 - 01:40:10) ->    3(time 6341 - 01:45:41)(time 6599 - 01:49:59) ->    4(time 6930 - 01:55:30)(time 7176 - 01:59:36) ->    5(time 7507 - 02:05:07)(time 7772 - 02:09:32) ->    6(time 7889 - 02:11:29)(time 8143 - 02:15:43) ->    7(time 8474 - 02:21:14)(time 8745 - 02:25:45) ->    8(time 9076 - 02:31:16)(time 9309 - 02:35:09) ->    9(time 9640 - 02:40:40)(time 9885 - 02:44:45) ->    10(time 10216 - 02:50:16)(time 10450 - 02:54:10) ->    11(time 10781 - 02:59:41)(time 10781 - 02:59:41) ->    23(time 10781 - 02:59:41)(time 11015 - 03:03:35) ->    22(time 11132 - 03:05:32)(time 11377 - 03:09:37) ->    21(time 11441 - 03:10:41)(time 11674 - 03:14:34) ->    20(time 11974 - 03:19:34)(time 12245 - 03:24:05) ->    19(time 12576 - 03:29:36)(time 12830 - 03:33:50) ->    18(time 13161 - 03:39:21)(time 13426 - 03:43:46) ->    17(time 13757 - 03:49:17)(time 14003 - 03:53:23) ->    16(time 14334 - 03:58:54)(time 14592 - 04:03:12) ->    15(time 14709 - 04:05:09)(time 14971 - 04:09:31) ->    14(time 15088 - 04:11:28)(time 15359 - 04:15:59) ->    13(time 15423 - 04:17:03)(time 15675 - 04:21:15) ->    12(time 15946 - 04:25:46)(time 15946 - 04:25:46) -> 0
> Trip 1
   0(time 20868 - 05:47:48)(time 21120 - 05:52:00) ->    1(time 21184 - 05:53:04)(time 21455 - 05:57:35) ->    2(time 21572 - 05:59:32)(time 21834 - 06:03:54) ->    3(time 21951 - 06:05:51)(time 22209 - 06:10:09) ->    4(time 22273 - 06:11:13)(time 22519 - 06:15:19) ->    5(time 22636 - 06:17:16)(time 22901 - 06:21:41) ->    6(time 23018 - 06:23:38)(time 23272 - 06:27:52) ->    7(time 23389 - 06:29:49)(time 23660 - 06:34:20) ->    8(time 23777 - 06:36:17)(time 24010 - 06:40:10) ->    9(time 24074 - 06:41:14)(time 24319 - 06:45:19) ->    10(time 24436 - 06:47:16)(time 24670 - 06:51:10) ->    11(time 24941 - 06:55:41)(time 24941 - 06:55:41) ->    23(time 24941 - 06:55:41)(time 25175 - 06:59:35) ->    22(time 25292 - 07:01:32)(time 25537 - 07:05:37) ->    21(time 25808 - 07:10:08)(time 26041 - 07:14:01) ->    20(time 26158 - 07:15:58)(time 26429 - 07:20:29) ->    19(time 26546 - 07:22:26)(time 26800 - 07:26:40) ->    18(time 26917 - 07:28:37)(time 27182 - 07:33:02) ->    17(time 27299 - 07:34:59)(time 27545 - 07:39:05) ->    16(time 27609 - 07:40:09)(time 27867 - 07:44:27) ->    15(time 27984 - 07:46:24)(time 28246 - 07:50:46) ->    14(time 28363 - 07:52:43)(time 28634 - 07:57:14) ->    13(time 28698 - 07:58:18)(time 28950 - 08:02:30) ->    12(time 29221 - 08:07:01)(time 29221 - 08:07:01) -> 0
> Trip 2
   0(time 29221 - 08:07:01)(time 29473 - 08:11:13) ->    1(time 29537 - 08:12:17)(time 29808 - 08:16:48) ->    2(time 29925 - 08:18:45)(time 30187 - 08:23:07) ->    3(time 30304 - 08:25:04)(time 30562 - 08:29:22) ->    4(time 30626 - 08:30:26)(time 30872 - 08:34:32) ->    5(time 30989 - 08:36:29)(time 31254 - 08:40:54) ->    6(time 31371 - 08:42:51)(time 31625 - 08:47:05) ->    7(time 31742 - 08:49:02)(time 32013 - 08:53:33) ->    8(time 32130 - 08:55:30)(time 32363 - 08:59:23) ->    9(time 32427 - 09:00:27)(time 32672 - 09:04:32) ->    10(time 32789 - 09:06:29)(time 33023 - 09:10:23) ->    11(time 33294 - 09:14:54)(time 33294 - 09:14:54) ->    23(time 33411 - 09:16:51)(time 33645 - 09:20:45) ->    22(time 33762 - 09:22:42)(time 34007 - 09:26:47) ->    21(time 34071 - 09:27:51)(time 34304 - 09:31:44) ->    20(time 34421 - 09:33:41)(time 34692 - 09:38:12) ->    19(time 34963 - 09:42:43)(time 35217 - 09:46:57) ->    18(time 35334 - 09:48:54)(time 35599 - 09:53:19) ->    17(time 35716 - 09:55:16)(time 35962 - 09:59:22) ->    16(time 36026 - 10:00:26)(time 36284 - 10:04:44) ->    15(time 36401 - 10:06:41)(time 36663 - 10:11:03) ->    14(time 36780 - 10:13:00)(time 37051 - 10:17:31) ->    13(time 37115 - 10:18:35)(time 37367 - 10:22:47) ->    12(time 37638 - 10:27:18)(time 37638 - 10:27:18) -> 0
=============
Train 3
=============
> Trip 0
   0(time 11823 - 03:17:03)(time 12075 - 03:21:15) ->    1(time 12406 - 03:26:46)(time 12677 - 03:31:17) ->    2(time 12794 - 03:33:14)(time 13056 - 03:37:36) ->    3(time 13173 - 03:39:33)(time 13431 - 03:43:51) ->    4(time 13495 - 03:44:55)(time 13741 - 03:49:01) ->    5(time 14072 - 03:54:32)(time 14337 - 03:58:57) ->    6(time 14454 - 04:00:54)(time 14708 - 04:05:08) ->    7(time 14825 - 04:07:05)(time 15096 - 04:11:36) ->    8(time 15213 - 04:13:33)(time 15446 - 04:17:26) ->    9(time 15657 - 04:20:57)(time 15902 - 04:25:02) ->    10(time 16019 - 04:26:59)(time 16253 - 04:30:53) ->    11(time 16524 - 04:35:24)(time 16524 - 04:35:24) ->    23(time 16795 - 04:39:55)(time 17029 - 04:43:49) ->    22(time 17146 - 04:45:46)(time 17391 - 04:49:51) ->    21(time 17455 - 04:50:55)(time 17688 - 04:54:48) ->    20(time 17805 - 04:56:45)(time 18076 - 05:01:16) ->    19(time 18193 - 05:03:13)(time 18447 - 05:07:27) ->    18(time 18564 - 05:09:24)(time 18829 - 05:13:49) ->    17(time 18946 - 05:15:46)(time 19192 - 05:19:52) ->    16(time 19256 - 05:20:56)(time 19514 - 05:25:14) ->    15(time 19631 - 05:27:11)(time 19893 - 05:31:33) ->    14(time 20010 - 05:33:30)(time 20281 - 05:38:01) ->    13(time 20345 - 05:39:05)(time 20597 - 05:43:17) ->    12(time 20868 - 05:47:48)(time 20868 - 05:47:48) -> 0
> Trip 1
   0(time 20952 - 05:49:12)(time 21204 - 05:53:24) ->    1(time 21315 - 05:55:15)(time 21586 - 05:59:46) ->    2(time 21703 - 06:01:43)(time 21965 - 06:06:05) ->    3(time 22082 - 06:08:02)(time 22340 - 06:12:20) ->    4(time 22404 - 06:13:24)(time 22650 - 06:17:30) ->    5(time 22767 - 06:19:27)(time 23032 - 06:23:52) ->    6(time 23149 - 06:25:49)(time 23403 - 06:30:03) ->    7(time 23520 - 06:32:00)(time 23791 - 06:36:31) ->    8(time 24048 - 06:40:48)(time 24281 - 06:44:41) ->    9(time 24345 - 06:45:45)(time 24590 - 06:49:50) ->    10(time 24707 - 06:51:47)(time 24941 - 06:55:41) ->    11(time 25212 - 07:00:12)(time 25212 - 07:00:12) ->    23(time 25212 - 07:00:12)(time 25446 - 07:04:06) ->    22(time 25563 - 07:06:03)(time 25808 - 07:10:08) ->    21(time 25925 - 07:12:05)(time 26158 - 07:15:58) ->    20(time 26275 - 07:17:55)(time 26546 - 07:22:26) ->    19(time 26817 - 07:26:57)(time 27071 - 07:31:11) ->    18(time 27188 - 07:33:08)(time 27453 - 07:37:33) ->    17(time 27570 - 07:39:30)(time 27816 - 07:43:36) ->    16(time 27880 - 07:44:40)(time 28138 - 07:48:58) ->    15(time 28255 - 07:50:55)(time 28517 - 07:55:17) ->    14(time 28634 - 07:57:14)(time 28905 - 08:01:45) ->    13(time 28969 - 08:02:49)(time 29221 - 08:07:01) ->    12(time 29492 - 08:11:32)(time 29492 - 08:11:32) -> 0
> Trip 2
   0(time 29492 - 08:11:32)(time 29744 - 08:15:44) ->    1(time 29808 - 08:16:48)(time 30079 - 08:21:19) ->    2(time 30196 - 08:23:16)(time 30458 - 08:27:38) ->    3(time 30575 - 08:29:35)(time 30833 - 08:33:53) ->    4(time 30897 - 08:34:57)(time 31143 - 08:39:03) ->    5(time 31260 - 08:41:00)(time 31525 - 08:45:25) ->    6(time 31642 - 08:47:22)(time 31896 - 08:51:36) ->    7(time 32013 - 08:53:33)(time 32284 - 08:58:04) ->    8(time 32401 - 09:00:01)(time 32634 - 09:03:54) ->    9(time 32698 - 09:04:58)(time 32943 - 09:09:03) ->    10(time 33060 - 09:11:00)(time 33294 - 09:14:54) ->    11(time 33565 - 09:19:25)(time 33565 - 09:19:25) ->    23(time 33836 - 09:23:56)(time 34070 - 09:27:50) ->    22(time 34187 - 09:29:47)(time 34432 - 09:33:52) ->    21(time 34496 - 09:34:56)(time 34729 - 09:38:49) ->    20(time 34846 - 09:40:46)(time 35117 - 09:45:17) ->    19(time 35234 - 09:47:14)(time 35488 - 09:51:28) ->    18(time 35605 - 09:53:25)(time 35870 - 09:57:50) ->    17(time 35987 - 09:59:47)(time 36233 - 10:03:53) ->    16(time 36297 - 10:04:57)(time 36555 - 10:09:15) ->    15(time 36672 - 10:11:12)(time 36934 - 10:15:34) ->    14(time 37051 - 10:17:31)(time 37322 - 10:22:02) ->    13(time 37386 - 10:23:06)(time 37638 - 10:27:18) ->    12(time 37909 - 10:31:49)(time 37909 - 10:31:49) -> 0
=============
Train 4
=============
> Trip 0
   0(time 4580 - 01:16:20)(time 4832 - 01:20:32) ->    1(time 4896 - 01:21:36)(time 5167 - 01:26:07) ->    2(time 5284 - 01:28:04)(time 5546 - 01:32:26) ->    3(time 5663 - 01:34:23)(time 5921 - 01:38:41) ->    4(time 5985 - 01:39:45)(time 6231 - 01:43:51) ->    5(time 6348 - 01:45:48)(time 6613 - 01:50:13) ->    6(time 6730 - 01:52:10)(time 6984 - 01:56:24) ->    7(time 7101 - 01:58:21)(time 7372 - 02:02:52) ->    8(time 7489 - 02:04:49)(time 7722 - 02:08:42) ->    9(time 8053 - 02:14:13)(time 8298 - 02:18:18) ->    10(time 8415 - 02:20:15)(time 8649 - 02:24:09) ->    11(time 8980 - 02:29:40)(time 8980 - 02:29:40) ->    23(time 8980 - 02:29:40)(time 9214 - 02:33:34) ->    22(time 9331 - 02:35:31)(time 9576 - 02:39:36) ->    21(time 9640 - 02:40:40)(time 9873 - 02:44:33) ->    20(time 10204 - 02:50:04)(time 10475 - 02:54:35) ->    19(time 10806 - 03:00:06)(time 11060 - 03:04:20) ->    18(time 11177 - 03:06:17)(time 11442 - 03:10:42) ->    17(time 11559 - 03:12:39)(time 11805 - 03:16:45) ->    16(time 11869 - 03:17:49)(time 12127 - 03:22:07) ->    15(time 12244 - 03:24:04)(time 12506 - 03:28:26) ->    14(time 12677 - 03:31:17)(time 12948 - 03:35:48) ->    13(time 13279 - 03:41:19)(time 13531 - 03:45:31) ->    12(time 13802 - 03:50:02)(time 13802 - 03:50:02) -> 0
> Trip 1
   0(time 14267 - 03:57:47)(time 14519 - 04:01:59) ->    1(time 14583 - 04:03:03)(time 14854 - 04:07:34) ->    2(time 14971 - 04:09:31)(time 15233 - 04:13:53) ->    3(time 15350 - 04:15:50)(time 15608 - 04:20:08) ->    4(time 15672 - 04:21:12)(time 15918 - 04:25:18) ->    5(time 16035 - 04:27:15)(time 16300 - 04:31:40) ->    6(time 16417 - 04:33:37)(time 16671 - 04:37:51) ->    7(time 16788 - 04:39:48)(time 17059 - 04:44:19) ->    8(time 17176 - 04:46:16)(time 17409 - 04:50:09) ->    9(time 17740 - 04:55:40)(time 17985 - 04:59:45) ->    10(time 18316 - 05:05:16)(time 18550 - 05:09:10) ->    11(time 18881 - 05:14:41)(time 18881 - 05:14:41) ->    23(time 19212 - 05:20:12)(time 19446 - 05:24:06) ->    22(time 19777 - 05:29:37)(time 20022 - 05:33:42) ->    21(time 20353 - 05:39:13)(time 20586 - 05:43:06) ->    20(time 20867 - 05:47:47)(time 21138 - 05:52:18) ->    19(time 21469 - 05:57:49)(time 21723 - 06:02:03) ->    18(time 22054 - 06:07:34)(time 22319 - 06:11:59) ->    17(time 22650 - 06:17:30)(time 22896 - 06:21:36) ->    16(time 23227 - 06:27:07)(time 23485 - 06:31:25) ->    15(time 23602 - 06:33:22)(time 23864 - 06:37:44) ->    14(time 23981 - 06:39:41)(time 24252 - 06:44:12) ->    13(time 24316 - 06:45:16)(time 24568 - 06:49:28) ->    12(time 24839 - 06:53:59)(time 24839 - 06:53:59) -> 0
> Trip 2
   0(time 27776 - 07:42:56)(time 28028 - 07:47:08) ->    1(time 28092 - 07:48:12)(time 28363 - 07:52:43) ->    2(time 28625 - 07:57:05)(time 28887 - 08:01:27) ->    3(time 29004 - 08:03:24)(time 29262 - 08:07:42) ->    4(time 29593 - 08:13:13)(time 29839 - 08:17:19) ->    5(time 30170 - 08:22:50)(time 30435 - 08:27:15) ->    6(time 30766 - 08:32:46)(time 31020 - 08:37:00) ->    7(time 31137 - 08:38:57)(time 31408 - 08:43:28) ->    8(time 31739 - 08:48:59)(time 31972 - 08:52:52) ->    9(time 32036 - 08:53:56)(time 32281 - 08:58:01) ->    10(time 32398 - 08:59:58)(time 32632 - 09:03:52) ->    11(time 32963 - 09:09:23)(time 32963 - 09:09:23) ->    23(time 33294 - 09:14:54)(time 33528 - 09:18:48) ->    22(time 33645 - 09:20:45)(time 33890 - 09:24:50) ->    21(time 33954 - 09:25:54)(time 34187 - 09:29:47) ->    20(time 34304 - 09:31:44)(time 34575 - 09:36:15) ->    19(time 34692 - 09:38:12)(time 34946 - 09:42:26) ->    18(time 35063 - 09:44:23)(time 35328 - 09:48:48) ->    17(time 35445 - 09:50:45)(time 35691 - 09:54:51) ->    16(time 35755 - 09:55:55)(time 36013 - 10:00:13) ->    15(time 36130 - 10:02:10)(time 36392 - 10:06:32) ->    14(time 36509 - 10:08:29)(time 36780 - 10:13:00) ->    13(time 36844 - 10:14:04)(time 37096 - 10:18:16) ->    12(time 37367 - 10:22:47)(time 37367 - 10:22:47) -> 0
----- t5p13r2h1.txt-model.log -----
  14111  9611    32780.0000   254                  31577.0000  5620822         
  14114  9610    infeasible                        31577.0000  5620937         
  14119  9615    32140.0000   674                  31577.0000  5622742         
  14124  9620    32449.0000   517                  31577.0000  5622991         
Elapsed time = 40433.87 sec. (39011837.18 ticks, tree = 217.39 MB, solutions = 0)
  14128  9624    32662.0000   499                  31577.0000  5623476         
  14132  9626    32662.0000   460                  31577.0000  5623718         
  14138  9632    33088.0000   319                  31577.0000  5624306         
  14142  9632    infeasible                        31577.0000  5624495         
  14152  9642    32560.0000   405                  31577.0000  5627745         
  14156  9644    infeasible                        31577.0000  5628090         
  14161  9647    32148.0000   437                  31577.0000  5631574         
  14171  9657    32670.0000   283                  31577.0000  5632261         
  14178  9660    31989.0000   847                  31577.0000  5635610         
  14182  9660    infeasible                        31577.0000  5636274         
Elapsed time = 40618.21 sec. (39185801.71 ticks, tree = 218.29 MB, solutions = 0)
  14188  9666    32037.0000   674                  31577.0000  5637376         
  14193  9671    32250.0000   464                  31577.0000  5638469         
  14197  9675    32264.0000   470                  31577.0000  5638619         
  14201  9679    32868.0000   380                  31577.0000  5639015         
  14209  9685    infeasible                        31577.0000  5639560         
  14218  9690    32148.0000   364                  31577.0000  5640737         
  14226  9698    33082.0000   305                  31577.0000  5642431         
  14233  9701    32354.0000   431                  31577.0000  5643550         
  14242  9710    32876.0000   298                  31577.0000  5644507         
  14246  9710    infeasible                        31577.0000  5645273         
Elapsed time = 40791.93 sec. (39354368.24 ticks, tree = 219.39 MB, solutions = 0)
  14253  9717    32560.0000   294                  31577.0000  5647122         
  14262  9722    32354.0000   483                  31577.0000  5651543         
  14275  9735    32876.0000   338                  31577.0000  5653307         
  14282  9738    37847.0000  2210                  31577.0000  5655351         
  14292  9748    38053.0000   511                  31577.0000  5656824         
  14301  9757    39621.0000   300                  31577.0000  5658354         
  14310  9762    39724.0000   227                  31577.0000  5658727         
  14318  9765    38259.0000   748                  31577.0000  5661482         
  14327  9774    40136.0000   351                  31577.0000  5662319         
  14344  9787    infeasible                        31577.0000  5663067         
Elapsed time = 40943.17 sec. (39515850.71 ticks, tree = 221.18 MB, solutions = 0)
  14348  9789    31831.3983  2356                  31577.0000  5669559         
  14354  9795    32140.0118   653                  31577.0000  5677527         
  14360  9801    32470.0000   380                  31577.0000  5677843         
  14365  9804    infeasible                        31577.0000  5678137         
  14367  9804    31893.0000  2335                  31577.0000  5685784         
  14373  9810    32354.0000   534                  31577.0000  5692417         
  14380  9817    32368.0000   430                  31577.0000  5694358         
  14385  9822    32471.6108   389                  31577.0000  5694537         
  14390  9827    33185.1922   328                  31577.0000  5694942         
  14395  9828    37950.0000  1402                  31577.0000  5698726         
Elapsed time = 41102.19 sec. (39677315.99 ticks, tree = 222.06 MB, solutions = 0)
  14404  9835    38362.0000   499                  31577.0000  5699383         
  14415  9846    38678.0000   413                  31577.0000  5700455         
  14427  9855    38884.0000   326                  31577.0000  5700693         
  14435  9862    39310.0000   339                  31577.0000  5700930         
  14443  9866    31790.0000   647                  31577.0000  5701494         
  14448  9869    infeasible                        31577.0000  5702205         
  14455  9874    infeasible                        31577.0000  5702751         
  14460  9875    infeasible                        31577.0415  5703723         
  14470  9885    33502.0885   407                  31577.0415  5705155         
  14476  9888    infeasible                        31577.0415  5705488         
Elapsed time = 41271.49 sec. (39845593.05 ticks, tree = 223.42 MB, solutions = 0)
  14483  9893    32044.0768   547                  31577.0415  5705966         
  14489  9899    32472.2581   403                  31577.0415  5706420         
  14493  9900    32759.5237   284                  31577.0415  5706832         
  14497  9900    infeasible                        31577.0415  5707077         
  14502  9905    31948.0768   638                  31577.6647  5707957         
  14507  9910    31948.0768   596                  31577.6647  5708710         
  14513  9916    32368.0768   402                  31577.6647  5709190         
  14519  9918    infeasible                        31577.6647  5709786         
  14522  9919    32876.0000   273                  31577.6647  5710040         
  14526  9917    infeasible                        31577.6647  5710204         
Elapsed time = 41467.39 sec. (40023350.45 ticks, tree = 224.06 MB, solutions = 0)
  14532  9923    37950.0000   248                  31577.6647  5711797         
  14545  9932    31934.0000   940                  31578.0000  5715835         
  14552  9939    32250.0768   553                  31578.0000  5716876         
  14558  9943    32374.1535   565                  31578.0000  5717573         
  14562  9947    32794.0000   413                  31578.0000  5718042         
  14570  9953    32876.0000   424                  31578.0000  5718658         
  14576  9959    33097.4646   343                  31578.0000  5718867         
  14580  9963    33207.4646   286                  31578.0000  5719123         
  14584  9965    infeasible                        31578.0000  5719405         
  14590  9969    32250.0000   972                  31581.0000  5724059         
Elapsed time = 41632.75 sec. (40190300.77 ticks, tree = 225.21 MB, solutions = 0)
  14596  9975    32265.5237   866                  31581.0000  5725019         
  14602  9979    infeasible                        31581.0000  5728694         
  14605  9980    31740.0000  1878                  31581.0000  5734095         
  14609  9984    32560.0000   747                  31581.0000  5743942         
  14615  9990    38782.0000   365                  31581.0000  5746359         
  14622  9993    38782.0000   376                  31581.0000  5746763         
  14628  9999    39724.0000   242                  31581.0000  5747867         
  14635 10002    37545.0000  1834                  31581.0000  5752544         
  14637 10002    infeasible                        31581.0000  5752965         
  14641 10004    37648.0000  1829                  31584.0000  5756228         
Elapsed time = 41791.98 sec. (40370433.38 ticks, tree = 226.00 MB, solutions = 0)
  14645 10006    37744.0000  1310                  31584.0000  5756437         
  14667 10026    39414.0000   317                  31584.0000  5759680         
  14679 10034    31790.0000   523                  31584.0000  5760597         
  14684 10039    32147.0000   624                  31584.0000  5762276         
  14688 10043    32298.3107   559                  31584.0000  5763015         
  14690 10043    32298.3107   556                  31584.0000  5763098         
  14696 10047    32456.3107   392                  31584.0000  5763422         
  14699 10046    infeasible                        31584.0000  5763534         
  14707 10054    32464.0000   539                  31584.0000  5768118         
  14715 10058    32560.0000   713                  31584.0000  5777023         
Elapsed time = 41960.73 sec. (40543938.54 ticks, tree = 227.24 MB, solutions = 0)
  14722 10065    32670.0000   299                  31584.0000  5778254         
  14729 10072    32766.0000   253                  31584.0000  5778401         
  14735 10075    33398.0000   263                  31584.0000  5779262         
  14749 10087    32464.0000   252                  31584.0000  5781277         
  14760 10097    33296.0000   200                  31584.0000  5781609         
  14770 10103    infeasible                        31584.0000  5781878         
  14779 10112    32148.0000   347                  31584.0000  5783999         
  14787 10118    infeasible                        31584.0000  5784595         
  14801 10130    34010.0000   178                  31584.0000  5785932         
  14812 10135    31584.0000   775                  31584.0000  5786832         
Elapsed time = 42125.52 sec. (40703472.37 ticks, tree = 228.99 MB, solutions = 0)
  14818 10139    31632.3792   702                  31584.0000  5788000         
  14828 10149    32772.0000   248                  31584.0000  5789466         
  14839 10156    infeasible                        31584.0000  5789867         
  14847 10164    32552.0000   574                  31584.0000  5791169         
  14856 10171    32882.0000   415                  31584.0000  5791677         
  14863 10174    31680.0000   682                  31584.0000  5792360         
  14869 10180    32250.0000   534                  31584.0000  5793435         
  14874 10183    32346.0000   519                  31584.0000  5794053         
  14880 10187    32346.0118   406                  31584.0000  5794420         
  14884 10189    32346.0118   514                  31584.0000  5794575         
Elapsed time = 42301.67 sec. (40879549.76 ticks, tree = 230.16 MB, solutions = 0)
  14890 10190    32360.0000   501                  31584.0000  5796621         
  14894 10190    31838.0000   912                  31584.0000  5799958         
  14899 10195    31845.0000   904                  31584.0000  5802048         
  14903 10199    32215.4198   690                  31584.0000  5803982         
  14908 10204    32566.0000   663                  31584.0000  5806806         
  14913 10207    infeasible                        31584.0000  5808205         
  14916 10208    31680.0000   899                  31584.0000  5810622         
  14925 10217    32346.0000   358                  31584.0000  5813121         
  14931 10223    32676.0000   405                  31584.0000  5813753         
  14937 10225    31838.0000   988                  31584.0000  5814256         
Elapsed time = 42476.73 sec. (41050467.25 ticks, tree = 230.94 MB, solutions = 0)
  14942 10230    31900.8962   897                  31584.0000  5816922         
  14944 10232    32154.8962   748                  31584.0000  5817234         
  14955 10242    32882.0000   402                  31584.0000  5818567         
  14962 10249    33308.0000   369                  31584.0000  5819062         
  14965 10252    33618.0000   315                  31584.0000  5819141         
  14972 10252    31831.0000  1046                  31584.0000  5820134         
  14983 10263    32718.0000   441                  31584.0000  5821972         
  14993 10269    infeasible                        31584.0000  5822450         
  15000 10274    32560.0000   875                  31584.0000  5829888         
  15010 10284    32972.0000   649                  31584.0000  5831920         
Elapsed time = 42638.37 sec. (41212092.96 ticks, tree = 232.24 MB, solutions = 0)
  15017 10289    33398.0000   522                  31584.0000  5832819         
  15024 10294    33810.0000   450                  31584.0000  5833237         
  15031 10299    33824.0000   369                  31584.0000  5833870         
  15036 10302    infeasible                        31584.0000  5834495         
  15042 10305    33824.0000   301                  31584.0000  5834743         
  15046 10307    33824.0000   279                  31584.0000  5834862         
  15050 10307    31900.0000  1681                  31584.0000  5836975         
  15058 10315    32092.0000   786                  31584.0000  5841078         
  15065 10322    32092.0000   639                  31584.0000  5844298         
  15069 10326    32566.8136   582                  31584.0000  5845205         
Elapsed time = 42829.94 sec. (41387326.85 ticks, tree = 233.20 MB, solutions = 0)
  15076 10329    31687.0000  1540                  31584.0000  5846988         
  15082 10335    31838.0768   643                  31584.0000  5853363         
  15088 10341    32250.0000   450                  31584.0000  5855825         
  15095 10346    32464.0000   414                  31584.0000  5856230         
  15104 10355    33700.3107   499                  31584.0000  5857616         
  15109 10356    31831.0000   957                  31584.0000  5859369         
  15114 10359    infeasible                        31584.0000  5862586         
  15120 10365    32140.0000   575                  31584.0000  5862860         
  15125 10370    32250.0000   510                  31584.0000  5863050         
  15131 10376    32779.5942   367                  31584.0000  5863838         
Elapsed time = 42994.31 sec. (41556872.65 ticks, tree = 234.29 MB, solutions = 0)
  15138 10379    37964.0000   738                  31584.0000  5869335         
  15144 10385    38486.0000   687                  31584.0000  5870239         
  15148 10389    38541.0000   521                  31584.0000  5870872         
  15150 10389    infeasible                        31584.0000  5871424         
  15154 10391    32140.1647   786                  31584.0000  5875436         
  15158 10395    32264.0768   697                  31584.0000  5876164         
  15161 10398    32374.0000   631                  31584.0000  5877804         
  15164 10399    infeasible                        31584.0000  5878059         
  15167 10402    32621.0000   513                  31584.0000  5878215         
  15171 10404    32676.0000   478                  31584.0000  5879380         
Elapsed time = 43166.87 sec. (41727024.43 ticks, tree = 234.91 MB, solutions = 0)
  15175 10408    32882.0000   434                  31584.0000  5879482         
  15178 10411    32930.0000   496                  31584.0000  5880271         

GUB cover cuts applied:  30
Clique cuts applied:  343
Cover cuts applied:  843
Implied bound cuts applied:  32
Flow cuts applied:  1280
Mixed integer rounding cuts applied:  2336
Gomory fractional cuts applied:  4

Root node processing (before b&c):
  Real time             =  870.03 sec. (737014.81 ticks)
Sequential b&c:
  Real time             = 42329.98 sec. (41025797.46 ticks)
                          ------------
Total (root+branch&cut) = 43200.01 sec. (41762812.27 ticks)
Unknown
terminate called after throwing an instance of 'IloCplex::Exception'
----- t5p14r2h1.txt-model.log -----
   1069   366     9662.0000   606    17553.0000     8903.0000   120381   49.28%
   1172   427     9301.0000   538    17553.0000     8903.0000   123651   49.28%
   1251   470     8903.0000  1364    17553.0000     8903.0000   128342   49.28%
   1327   521     8903.0000  1249    17553.0000     8903.0000   132928   49.28%
   1413   579     9755.0000   568    17553.0000     8903.0000   137605   49.28%
   1414   580     9156.0000  1042    17553.0000     8903.0000   137874   49.28%
   1415   581     8996.0000   711    17553.0000     8903.0000   138174   49.28%

Performing restart 2

Repeating presolve.
Tried aggregator 2 times.
MIP Presolve eliminated 1513 rows and 114 columns.
MIP Presolve modified 3302 coefficients.
Aggregator did 43 substitutions.
Reduced MIP has 13915 rows, 3034 columns, and 38597 nonzeros.
Reduced MIP has 2753 binaries, 0 generals, 0 SOSs, and 0 indicators.
Presolve time = 0.15 sec. (174.88 ticks)
Tried aggregator 2 times.
MIP Presolve eliminated 16 rows and 4 columns.
MIP Presolve modified 762 coefficients.
Aggregator did 1 substitutions.
Reduced MIP has 13898 rows, 3029 columns, and 38549 nonzeros.
Reduced MIP has 2748 binaries, 0 generals, 0 SOSs, and 0 indicators.
Presolve time = 0.12 sec. (136.55 ticks)
Represolve time = 0.65 sec. (755.00 ticks)
   1416     0     8903.0000  1112    17553.0000    Cuts: 3574   141335   49.28%
   1416     0     8903.0000   975    17553.0000    Cuts: 2152   141654   49.28%

Repeating presolve.
Tried aggregator 1 time.
MIP Presolve eliminated 2476 rows and 789 columns.
MIP Presolve modified 5568 coefficients.
Reduced MIP has 11422 rows, 2240 columns, and 34842 nonzeros.
Reduced MIP has 1959 binaries, 0 generals, 0 SOSs, and 0 indicators.
Presolve time = 0.11 sec. (121.62 ticks)
Tried aggregator 1 time.
Reduced MIP has 11422 rows, 2240 columns, and 34842 nonzeros.
Reduced MIP has 1959 binaries, 0 generals, 0 SOSs, and 0 indicators.
Presolve time = 0.08 sec. (88.37 ticks)
Represolve time = 0.37 sec. (369.24 ticks)
   1416     0     8903.0000   892    17553.0000    Cuts: 1452   144079   49.28%
   1416     0     8903.0000   715    17553.0000      Cuts: 76   144304   49.28%
   1416     0     8903.0000   659    17553.0000     Cuts: 891   144605   49.28%
   1416     0     8903.0000   672    17553.0000     Cuts: 902   144843   49.28%
   1416     0     8903.0000   591    17553.0000     Cuts: 274   145071   49.28%
   1416     0     8903.0000   612    17553.0000     Cuts: 388   145279   49.28%
   1416     0     8903.0000   502    17553.0000     Cuts: 292   145396   49.28%
   1416     0     8903.0000   560    17553.0000     Cuts: 233   145560   49.28%
   1416     0     8903.0000   457    17553.0000       Cuts: 2   145675   49.28%
   1416     0     8903.0000   885    17553.0000    Cuts: 2132   146174   49.28%
   1416     0     8903.0000   679    17553.0000     Cuts: 331   146615   49.28%
   1416     0     8903.0000   789    17553.0000    Cuts: 1314   147477   49.28%
   1416     2     8903.0000   569    17553.0000     8903.0000   147477   49.28%
   1417     3    11674.1373   524    17553.0000     8903.0000   148831   49.28%
Elapsed time = 241.77 sec. (187272.42 ticks, tree = 0.01 MB, solutions = 2)
   1418     4     8903.0000   680    17553.0000     8903.0000   149720   49.28%
   1419     5     8903.0000  1247    17553.0000     8903.0000   150422   49.28%
   1421     7     8903.0000  1247    17553.0000     8903.0000   150745   49.28%
   1422     8     8903.0000  1248    17553.0000     8903.0000   150903   49.28%
   1424     8     8903.0000   837    17553.0000     8903.0000   151770   49.28%
   1426    10     8903.0000   592    17553.0000     8903.0000   151880   49.28%
   1429    12     8996.0000   508    17553.0000     8903.0000   152254   49.28%
   1433    13     8903.0000   454    17553.0000     8903.0000   152605   49.28%
   1436    15     9156.0000   432    17553.0000     8903.0000   152857   49.28%
   1442    20     9409.0000   304    17553.0000     8903.0000   153098   49.28%
Elapsed time = 252.60 sec. (200869.50 ticks, tree = 1.30 MB, solutions = 2)
   1448    22    infeasible          17553.0000     8903.0000   153271   49.28%
   1452    26     8996.0000   451    17553.0000     8903.0000   153600   49.28%
   1457    29     9156.0000   396    17553.0000     8903.0000   153939   49.28%
   1461    28     8903.0000   376    17553.0000     8903.0000   154266   49.28%
   1466    33     9156.0000   328    17553.0000     8903.0000   154908   49.28%
   1472    35     8996.0000   316    17553.0000     8903.0000   155451   49.28%
   1478    33    infeasible          17553.0000     8903.0000   156645   49.28%
   1486    37     9156.0000   290    17553.0000     8903.0000   157217   49.28%
   1492    39     9156.0000   417    17553.0000     8903.0000   158378   49.28%
   1499    40    infeasible          17553.0000     8903.0000   159406   49.28%
Elapsed time = 261.41 sec. (211166.36 ticks, tree = 2.34 MB, solutions = 2)
   1504    42    10305.6003   409    17553.0000     8903.0000   160372   49.28%
   1508    45    17300.0000    69    17553.0000     8903.0000   161155   49.28%
*  1516+   49                        17466.0000     8903.0000            49.03%
*  1516+   49                        17306.0000     8903.0000            48.56%
   1520    50     9433.3630   430    17306.0000     8903.0000   162215   48.56%
   1530    53     8903.0000   609    17306.0000     8903.0000   163563   48.56%
   1536    54        cutoff          17306.0000     8903.0000   164197   48.56%
   1542    57     8903.0000   422    17306.0000     8903.0000   164902   48.56%
   1549    54        cutoff          17306.0000     8903.0000   166373   48.56%
   1555    52    infeasible          17306.0000     8903.0000   167825   48.56%
   1560    53        cutoff          17306.0000     8903.0000   168964   48.56%
   1565    56     9182.0000   460    17306.0000     8903.0000   169835   48.56%
Elapsed time = 270.83 sec. (222062.75 ticks, tree = 2.30 MB, solutions = 4)
   1571    57     9595.0000   440    17306.0000     8903.0000   170101   48.56%
   1577    57     8903.0000   388    17306.0000     8903.0000   171016   48.56%
   1583    58     8903.0000   352    17306.0000     8903.0000   171478   48.56%
   1590    58     9502.0000   346    17306.0000     8916.0000   172285   48.48%
   1597    61     9409.0000   303    17306.0000     8929.0000   173015   48.41%
   1605    61     9182.0000   384    17306.0000     8996.0000   174043   48.02%
   1612    60    infeasible          17306.0000     8996.0000   174360   48.02%
   1620    62     8996.0000   370    17306.0000     8996.0000   175462   48.02%
   1628    66     9755.0000   229    17306.0000     8996.0000   175989   48.02%
   1635    66     9342.0000   283    17306.0000     8996.0000   176598   48.02%
Elapsed time = 280.37 sec. (232503.64 ticks, tree = 1.98 MB, solutions = 4)
   1646    68     9409.0000   309    17306.0000     8996.0000   177551   48.02%
   1650    70    infeasible          17306.0000     8996.0000   177698   48.02%
   1655    70     9409.0000   385    17306.0000     8996.0000   178378   48.02%
   1662    72     8996.0000   472    17306.0000     8996.0000   178993   48.02%
   1668    72    infeasible          17306.0000     8996.0000   179698   48.02%
   1676    72     9435.0000   329    17306.0000     8996.0000   180771   48.02%
   1686    74    infeasible          17306.0000     8996.0000   181453   48.02%
   1693    75     8996.0000   461    17306.0000     8996.0000   182394   48.02%
   1702    73     8996.6379   361    17306.0000     8996.0000   183510   48.02%
   1710    70    infeasible          17306.0000     9089.0000   185007   47.48%
Elapsed time = 289.98 sec. (242767.45 ticks, tree = 1.39 MB, solutions = 4)
   1718    70     9342.0000   337    17306.0000     9089.0000   186145   47.48%
   1726    67    infeasible          17306.0000     9089.0000   186993   47.48%
   1736    65     9156.0000   339    17306.0000     9156.0000   188764   47.09%
   1745    64     9156.0000   405    17306.0000     9156.0000   190183   47.09%
   1752    60    infeasible          17306.0000     9156.0000   191648   47.09%
   1760    58    infeasible          17306.0000     9156.0000   193070   47.09%
   1767    59     9528.0000   280    17306.0000     9156.0000   194131   47.09%
   1777    57     9435.0000   390    17306.0000     9249.0000   196110   46.56%
   1786    54     9249.0000   316    17306.0000     9249.0000   197747   46.56%
   1795    47    infeasible          17306.0000     9342.0000   199574   46.02%
Elapsed time = 298.98 sec. (253250.91 ticks, tree = 1.04 MB, solutions = 4)
   1802    44    infeasible          17306.0000     9409.0000   200777   45.63%
   1809    41    infeasible          17306.0000     9409.0000   201766   45.63%
   1816    40     9409.0000   242    17306.0000     9409.0000   202844   45.63%
   1824    38    infeasible          17306.0000     9409.0000   204323   45.63%
   1830    35     9595.0000   336    17306.0000     9409.0000   205046   45.63%
   1841    30    infeasible          17306.0000     9502.0000   206022   45.09%
   1851    29     9848.0000   241    17306.0000     9502.0000   207322   45.09%
   1861    25     9662.0000   367    17306.0000     9662.0000   209115   44.17%
   1876    21    17300.0000   152    17306.0000    11545.3016   211436   33.29%
   1960    34    17300.0000   134    17306.0000    17300.0000   216058    0.03%
Elapsed time = 310.94 sec. (266704.79 ticks, tree = 0.12 MB, solutions = 4)
   2029    49    17300.0000    46    17306.0000    17300.0000   219866    0.03%
   2121    48    17300.0000   100    17306.0000    17300.0000   226032    0.03%
   2220    47    17303.0000    45    17306.0000    17300.0000   232560    0.03%
   2374    48    17300.0000   130    17306.0000    17300.0000   240945    0.03%
   2486    56    17300.0000    45    17306.0000    17300.0000   247851    0.03%
   2641    61    17300.0000    19    17306.0000    17300.0000   257882    0.03%
   2811    62    17303.0000    26    17306.0000    17300.0000   262660    0.03%
   2994    75    infeasible          17306.0000    17300.0000   268439    0.03%
   3217    90        cutoff          17306.0000    17300.0000   276270    0.03%
   3471    91    17300.0000    38    17306.0000    17300.0000   285400    0.03%
Elapsed time = 345.53 sec. (305184.28 ticks, tree = 0.33 MB, solutions = 4)
   3686   102    17300.0000    66    17306.0000    17300.0000   293846    0.03%
   3870    99    17300.0000    51    17306.0000    17300.0000   301256    0.03%
   4090    96    17300.0000    77    17306.0000    17300.0000   311016    0.03%
   4386     9    17303.0000    15    17306.0000    17303.0000   320327    0.02%

GUB cover cuts applied:  3
Clique cuts applied:  9
Cover cuts applied:  422
Implied bound cuts applied:  13
Flow cuts applied:  32
Mixed integer rounding cuts applied:  62
Zero-half cuts applied:  2
Gomory fractional cuts applied:  6

Root node processing (before b&c):
  Real time             =  180.46 sec. (109237.47 ticks)
Sequential b&c:
  Real time             =  180.64 sec. (211393.49 ticks)
                          ------------
Total (root+branch&cut) =  361.10 sec. (320630.96 ticks)
Optimal

>> Printing some results...
    -> Solution value = 17305 - 04:48:25
    -> Total time = 361.10
    -> Gap value = 0.00

=============
Train 0
=============
> Trip 0
   27(time 4722 - 01:18:42)(time 4951 - 01:22:31) ->    26(time 5044 - 01:24:04)(time 5272 - 01:27:52) ->    25(time 5365 - 01:29:25)(time 5614 - 01:33:34) ->    24(time 5707 - 01:35:07)(time 5922 - 01:38:42) ->    23(time 6015 - 01:40:15)(time 6258 - 01:44:18) ->    22(time 6351 - 01:45:51)(time 6561 - 01:49:21) ->    21(time 6949 - 01:55:49)(time 7193 - 01:59:53) ->    20(time 7286 - 02:01:26)(time 7513 - 02:05:13) ->    19(time 7901 - 02:11:41)(time 8123 - 02:15:23) ->    18(time 8323 - 02:18:43)(time 8548 - 02:22:28) ->    17(time 8641 - 02:24:01)(time 8853 - 02:27:33) ->    16(time 8946 - 02:29:06)(time 9166 - 02:32:46) ->    15(time 9259 - 02:34:19)(time 9497 - 02:38:17) ->    14(time 9750 - 02:42:30)(time 9750 - 02:42:30) ->    0(time 9750 - 02:42:30)(time 9988 - 02:46:28) ->    1(time 10081 - 02:48:01)(time 10301 - 02:51:41) ->    2(time 10394 - 02:53:14)(time 10606 - 02:56:46) ->    3(time 10699 - 02:58:19)(time 10924 - 03:02:04) ->    4(time 11017 - 03:03:37)(time 11239 - 03:07:19) ->    5(time 11627 - 03:13:47)(time 11854 - 03:17:34) ->    6(time 12107 - 03:21:47)(time 12351 - 03:25:51) ->    7(time 12441 - 03:27:21)(time 12651 - 03:30:51) ->    8(time 12744 - 03:32:24)(time 12987 - 03:36:27) ->    9(time 13080 - 03:38:00)(time 13295 - 03:41:35) ->    10(time 13388 - 03:43:08)(time 13637 - 03:47:17) ->    11(time 13730 - 03:48:50)(time 13958 - 03:52:38) ->    12(time 14051 - 03:54:11)(time 14280 - 03:58:00) ->    13(time 14668 - 04:04:28)(time 14668 - 04:04:28) -> 27
=============
Train 1
=============
> Trip 0
   27(time 4629 - 01:17:09)(time 4858 - 01:20:58) ->    26(time 4951 - 01:22:31)(time 5179 - 01:26:19) ->    25(time 5272 - 01:27:52)(time 5521 - 01:32:01) ->    24(time 5614 - 01:33:34)(time 5829 - 01:37:09) ->    23(time 5922 - 01:38:42)(time 6165 - 01:42:45) ->    22(time 6258 - 01:44:18)(time 6468 - 01:47:48) ->    21(time 6561 - 01:49:21)(time 6805 - 01:53:25) ->    20(time 7193 - 01:59:53)(time 7420 - 02:03:40) ->    19(time 7510 - 02:05:10)(time 7732 - 02:08:52) ->    18(time 7825 - 02:10:25)(time 8050 - 02:14:10) ->    17(time 8143 - 02:15:43)(time 8355 - 02:19:15) ->    16(time 8693 - 02:24:53)(time 8913 - 02:28:33) ->    15(time 9006 - 02:30:06)(time 9244 - 02:34:04) ->    14(time 9497 - 02:38:17)(time 9497 - 02:38:17) ->    0(time 9590 - 02:39:50)(time 9828 - 02:43:48) ->    1(time 9921 - 02:45:21)(time 10141 - 02:49:01) ->    2(time 10234 - 02:50:34)(time 10446 - 02:54:06) ->    3(time 10539 - 02:55:39)(time 10764 - 02:59:24) ->    4(time 10924 - 03:02:04)(time 11146 - 03:05:46) ->    5(time 11239 - 03:07:19)(time 11466 - 03:11:06) ->    6(time 11559 - 03:12:39)(time 11803 - 03:16:43) ->    7(time 11893 - 03:18:13)(time 12103 - 03:21:43) ->    8(time 12196 - 03:23:16)(time 12439 - 03:27:19) ->    9(time 12827 - 03:33:47)(time 13042 - 03:37:22) ->    10(time 13135 - 03:38:55)(time 13384 - 03:43:04) ->    11(time 13477 - 03:44:37)(time 13705 - 03:48:25) ->    12(time 13798 - 03:49:58)(time 14027 - 03:53:47) ->    13(time 14280 - 03:58:00)(time 14280 - 03:58:00) -> 27
=============
Train 2
=============
> Trip 0
   27(time 3946 - 01:05:46)(time 4175 - 01:09:35) ->    26(time 4563 - 01:16:03)(time 4791 - 01:19:51) ->    25(time 4884 - 01:21:24)(time 5133 - 01:25:33) ->    24(time 5226 - 01:27:06)(time 5441 - 01:30:41) ->    23(time 5534 - 01:32:14)(time 5777 - 01:36:17) ->    22(time 5870 - 01:37:50)(time 6080 - 01:41:20) ->    21(time 6468 - 01:47:48)(time 6712 - 01:51:52) ->    20(time 6805 - 01:53:25)(time 7032 - 01:57:12) ->    19(time 7125 - 01:58:45)(time 7347 - 02:02:27) ->    18(time 7440 - 02:04:00)(time 7665 - 02:07:45) ->    17(time 7758 - 02:09:18)(time 7970 - 02:12:50) ->    16(time 8063 - 02:14:23)(time 8283 - 02:18:03) ->    15(time 8618 - 02:23:38)(time 8856 - 02:27:36) ->    14(time 9244 - 02:34:04)(time 9244 - 02:34:04) ->    0(time 9497 - 02:38:17)(time 9735 - 02:42:15) ->    1(time 9828 - 02:43:48)(time 10048 - 02:47:28) ->    2(time 10141 - 02:49:01)(time 10353 - 02:52:33) ->    3(time 10446 - 02:54:06)(time 10671 - 02:57:51) ->    4(time 10764 - 02:59:24)(time 10986 - 03:03:06) ->    5(time 11146 - 03:05:46)(time 11373 - 03:09:33) ->    6(time 11466 - 03:11:06)(time 11710 - 03:15:10) ->    7(time 11800 - 03:16:40)(time 12010 - 03:20:10) ->    8(time 12103 - 03:21:43)(time 12346 - 03:25:46) ->    9(time 12439 - 03:27:19)(time 12654 - 03:30:54) ->    10(time 12747 - 03:32:27)(time 12996 - 03:36:36) ->    11(time 13089 - 03:38:09)(time 13317 - 03:41:57) ->    12(time 13410 - 03:43:30)(time 13639 - 03:47:19) ->    13(time 13892 - 03:51:32)(time 13892 - 03:51:32) -> 27
=============
Train 3
=============
> Trip 0
   27(time 0 - 00:00:00)(time 229 - 00:03:49) ->    26(time 322 - 00:05:22)(time 550 - 00:09:10) ->    25(time 643 - 00:10:43)(time 892 - 00:14:52) ->    24(time 985 - 00:16:25)(time 1200 - 00:20:00) ->    23(time 1293 - 00:21:33)(time 1536 - 00:25:36) ->    22(time 1629 - 00:27:09)(time 1839 - 00:30:39) ->    21(time 1929 - 00:32:09)(time 2173 - 00:36:13) ->    20(time 2266 - 00:37:46)(time 2493 - 00:41:33) ->    19(time 2583 - 00:43:03)(time 2805 - 00:46:45) ->    18(time 2898 - 00:48:18)(time 3123 - 00:52:03) ->    17(time 3216 - 00:53:36)(time 3428 - 00:57:08) ->    16(time 3521 - 00:58:41)(time 3741 - 01:02:21) ->    15(time 3834 - 01:03:54)(time 4072 - 01:07:52) ->    14(time 4325 - 01:12:05)(time 4325 - 01:12:05) ->    0(time 4325 - 01:12:05)(time 4563 - 01:16:03) ->    1(time 4656 - 01:17:36)(time 4876 - 01:21:16) ->    2(time 4969 - 01:22:49)(time 5181 - 01:26:21) ->    3(time 5274 - 01:27:54)(time 5499 - 01:31:39) ->    4(time 5592 - 01:33:12)(time 5814 - 01:36:54) ->    5(time 5904 - 01:38:24)(time 6131 - 01:42:11) ->    6(time 6224 - 01:43:44)(time 6468 - 01:47:48) ->    7(time 6561 - 01:49:21)(time 6771 - 01:52:51) ->    8(time 6864 - 01:54:24)(time 7107 - 01:58:27) ->    9(time 7200 - 02:00:00)(time 7415 - 02:03:35) ->    10(time 7508 - 02:05:08)(time 7757 - 02:09:17) ->    11(time 7850 - 02:10:50)(time 8078 - 02:14:38) ->    12(time 8171 - 02:16:11)(time 8400 - 02:20:00) ->    13(time 8653 - 02:24:13)(time 8653 - 02:24:13) -> 27
> Trip 1
   27(time 8653 - 02:24:13)(time 8882 - 02:28:02) ->    26(time 8975 - 02:29:35)(time 9203 - 02:33:23) ->    25(time 9296 - 02:34:56)(time 9545 - 02:39:05) ->    24(time 9638 - 02:40:38)(time 9853 - 02:44:13) ->    23(time 9946 - 02:45:46)(time 10189 - 02:49:49) ->    22(time 10282 - 02:51:22)(time 10492 - 02:54:52) ->    21(time 10582 - 02:56:22)(time 10826 - 03:00:26) ->    20(time 10919 - 03:01:59)(time 11146 - 03:05:46) ->    19(time 11239 - 03:07:19)(time 11461 - 03:11:01) ->    18(time 11554 - 03:12:34)(time 11779 - 03:16:19) ->    17(time 11872 - 03:17:52)(time 12084 - 03:21:24) ->    16(time 12177 - 03:22:57)(time 12397 - 03:26:37) ->    15(time 12490 - 03:28:10)(time 12728 - 03:32:08) ->    14(time 12981 - 03:36:21)(time 12981 - 03:36:21) ->    0(time 12981 - 03:36:21)(time 13219 - 03:40:19) ->    1(time 13312 - 03:41:52)(time 13532 - 03:45:32) ->    2(time 13625 - 03:47:05)(time 13837 - 03:50:37) ->    3(time 13930 - 03:52:10)(time 14155 - 03:55:55) ->    4(time 14248 - 03:57:28)(time 14470 - 04:01:10) ->    5(time 14560 - 04:02:40)(time 14787 - 04:06:27) ->    6(time 14880 - 04:08:00)(time 15124 - 04:12:04) ->    7(time 15214 - 04:13:34)(time 15424 - 04:17:04) ->    8(time 15517 - 04:18:37)(time 15760 - 04:22:40) ->    9(time 15853 - 04:24:13)(time 16068 - 04:27:48) ->    10(time 16161 - 04:29:21)(time 16410 - 04:33:30) ->    11(time 16503 - 04:35:03)(time 16731 - 04:38:51) ->    12(time 16824 - 04:40:24)(time 17053 - 04:44:13) ->    13(time 17306 - 04:48:26)(time 17306 - 04:48:26) -> 27
=============
Train 4
=============
> Trip 0
   27(time 93 - 00:01:33)(time 322 - 00:05:22) ->    26(time 415 - 00:06:55)(time 643 - 00:10:43) ->    25(time 736 - 00:12:16)(time 985 - 00:16:25) ->    24(time 1078 - 00:17:58)(time 1293 - 00:21:33) ->    23(time 1386 - 00:23:06)(time 1629 - 00:27:09) ->    22(time 1722 - 00:28:42)(time 1932 - 00:32:12) ->    21(time 2022 - 00:33:42)(time 2266 - 00:37:46) ->    20(time 2359 - 00:39:19)(time 2586 - 00:43:06) ->    19(time 2676 - 00:44:36)(time 2898 - 00:48:18) ->    18(time 2991 - 00:49:51)(time 3216 - 00:53:36) ->    17(time 3309 - 00:55:09)(time 3521 - 00:58:41) ->    16(time 3614 - 01:00:14)(time 3834 - 01:03:54) ->    15(time 4087 - 01:08:07)(time 4325 - 01:12:05) ->    14(time 4713 - 01:18:33)(time 4713 - 01:18:33) ->    0(time 4713 - 01:18:33)(time 4951 - 01:22:31) ->    1(time 5082 - 01:24:42)(time 5302 - 01:28:22) ->    2(time 5690 - 01:34:50)(time 5902 - 01:38:22) ->    3(time 6290 - 01:44:50)(time 6515 - 01:48:35) ->    4(time 6903 - 01:55:03)(time 7125 - 01:58:45) ->    5(time 7513 - 02:05:13)(time 7740 - 02:09:00) ->    6(time 7833 - 02:10:33)(time 8077 - 02:14:37) ->    7(time 8167 - 02:16:07)(time 8377 - 02:19:37) ->    8(time 8470 - 02:21:10)(time 8713 - 02:25:13) ->    9(time 8942 - 02:29:02)(time 9157 - 02:32:37) ->    10(time 9545 - 02:39:05)(time 9794 - 02:43:14) ->    11(time 9887 - 02:44:47)(time 10115 - 02:48:35) ->    12(time 10208 - 02:50:08)(time 10437 - 02:53:57) ->    13(time 10690 - 02:58:10)(time 10690 - 02:58:10) -> 27
----- t5p5r2h5.txt-model.log -----
 722611 46517    37282.0000    93    37452.0000    37282.0000 65996209    0.45%
 722934 46465    37282.0000    50    37452.0000    37282.0000 66017050    0.45%
Elapsed time = 41451.57 sec. (42999921.46 ticks, tree = 139.52 MB, solutions = 11)
 723304 46407    infeasible          37452.0000    37282.0000 66040510    0.45%
 723624 46381    37282.0000   102    37452.0000    37282.0000 66058667    0.45%
 723864 46378    37282.0000   108    37452.0000    37282.0000 66077989    0.45%
 724150 46353    37282.0000   131    37452.0000    37282.0000 66097797    0.45%
 724487 46303    37282.0000    52    37452.0000    37282.0000 66121132    0.45%
 724801 46239    infeasible          37452.0000    37282.0000 66144307    0.45%
 725067 46225    infeasible          37452.0000    37282.0000 66161891    0.45%
 725422 46148    37282.0000    85    37452.0000    37282.0000 66183846    0.45%
 725722 46096    37282.0000   122    37452.0000    37282.0000 66207063    0.45%
 726059 46039    37282.0000    80    37452.0000    37282.0000 66228130    0.45%
Elapsed time = 41599.59 sec. (43153069.92 ticks, tree = 138.28 MB, solutions = 11)
 726335 46011    37282.0000    82    37452.0000    37282.0000 66248584    0.45%
 726618 45964    37340.8462    64    37452.0000    37282.0000 66266141    0.45%
 726932 45918    37282.0000    72    37452.0000    37282.0000 66288977    0.45%
 727276 45859    37282.0000    78    37452.0000    37282.0000 66310919    0.45%
 727595 45787    37282.0000    46    37452.0000    37282.0000 66334685    0.45%
 727931 45717    37282.0000    66    37452.0000    37282.0000 66360093    0.45%
 728258 45680    37282.0000    41    37452.0000    37282.0000 66381678    0.45%
 728562 45669    infeasible          37452.0000    37282.0000 66398454    0.45%
 728847 45659    37282.0000    94    37452.0000    37282.0000 66416340    0.45%
 729174 45640    37282.0000    69    37452.0000    37282.0000 66440430    0.45%
Elapsed time = 41747.15 sec. (43306500.06 ticks, tree = 137.13 MB, solutions = 11)
 729503 45600    37282.0000   115    37452.0000    37282.0000 66463804    0.45%
 729818 45537    infeasible          37452.0000    37282.0000 66487675    0.45%
 730145 45469    infeasible          37452.0000    37282.0000 66511151    0.45%
 730463 45410    infeasible          37452.0000    37282.0000 66534155    0.45%
 730777 45356    37282.0000    85    37452.0000    37282.0000 66554377    0.45%
 731106 45309    37282.0000    95    37452.0000    37282.0000 66574768    0.45%
 731333 45282    37282.0000   168    37452.0000    37282.0000 66591423    0.45%
 731585 45284    37442.0000    29    37452.0000    37282.0000 66608794    0.45%
 731918 45234    infeasible          37452.0000    37282.0000 66629962    0.45%
 732218 45214    37282.0000   102    37452.0000    37282.0000 66649299    0.45%
Elapsed time = 41895.63 sec. (43460020.47 ticks, tree = 135.90 MB, solutions = 11)
 732458 45202    infeasible          37452.0000    37282.0000 66668559    0.45%
 732769 45177    37282.0000    63    37452.0000    37282.0000 66689656    0.45%
 733064 45149        cutoff          37452.0000    37282.0000 66707991    0.45%
 733367 45102    37282.0000   141    37452.0000    37282.0000 66728085    0.45%
 733712 45023    37282.0000    83    37452.0000    37282.0000 66751786    0.45%
 733975 44987    37282.0000    91    37452.0000    37282.0000 66772712    0.45%
 734335 44939    infeasible          37452.0000    37282.0000 66795419    0.45%
 734641 44896    37282.0000    57    37452.0000    37282.0000 66816007    0.45%
 734954 44841    37282.0000    71    37452.0000    37282.0000 66837056    0.45%
 735221 44805    37282.0000    66    37452.0000    37282.0000 66856264    0.45%
Elapsed time = 42041.19 sec. (43612920.13 ticks, tree = 134.61 MB, solutions = 11)
 735518 44751    37282.0000    62    37452.0000    37282.0000 66874586    0.45%
 735791 44711    37282.0000    74    37452.0000    37282.0000 66893149    0.45%
 736111 44671    37282.0000    80    37452.0000    37282.0000 66913803    0.45%
 736455 44647    37282.0000    78    37452.0000    37282.0000 66937054    0.45%
 736823 44587    37282.0000    59    37452.0000    37282.0000 66959360    0.45%
 737177 44521    37282.0000    56    37452.0000    37282.0000 66983710    0.45%
 737469 44484    37282.0000   110    37452.0000    37282.0000 67006565    0.45%
 737783 44466    37282.0000   122    37452.0000    37282.0000 67024645    0.45%
 738146 44401    37283.0504    85    37452.0000    37282.0000 67047977    0.45%
 738490 44356    37282.0000    96    37452.0000    37282.0000 67070507    0.45%
Elapsed time = 42188.02 sec. (43766281.59 ticks, tree = 133.20 MB, solutions = 11)
 738773 44344    37282.0000    75    37452.0000    37282.0000 67089155    0.45%
 739088 44272    infeasible          37452.0000    37282.0000 67110236    0.45%
 739425 44214    37282.0000    90    37452.0000    37282.0000 67133301    0.45%
 739733 44170    37282.0000    88    37452.0000    37282.0000 67155759    0.45%
 740011 44138    infeasible          37452.0000    37282.0000 67173492    0.45%
 740385 44115    37282.0000    66    37452.0000    37282.0000 67195922    0.45%
 740747 44062    37282.0000   102    37452.0000    37282.0000 67218369    0.45%
 741049 44023    37282.0000    78    37452.0000    37282.0000 67237245    0.45%
 741315 44002    37282.0000    90    37452.0000    37282.0000 67253415    0.45%
 741641 43927    37282.0000   109    37452.0000    37282.0000 67275737    0.45%
Elapsed time = 42334.13 sec. (43919114.02 ticks, tree = 131.96 MB, solutions = 11)
 741998 43881    infeasible          37452.0000    37282.0000 67299385    0.45%
 742288 43863    37282.0000    98    37452.0000    37282.0000 67320738    0.45%
 742618 43809    37282.0000    67    37452.0000    37282.0000 67341919    0.45%
 742958 43754    37282.0000    90    37452.0000    37282.0000 67364975    0.45%
 743258 43713    infeasible          37452.0000    37282.0000 67384281    0.45%
 743545 43693    37282.0000    56    37452.0000    37282.0000 67403473    0.45%
 743886 43627    infeasible          37452.0000    37282.0000 67424317    0.45%
 744177 43578    37282.0000   113    37452.0000    37282.0000 67447878    0.45%
 744561 43541    37282.0000    67    37452.0000    37282.0000 67469536    0.45%
 744918 43504    37282.0000    76    37452.0000    37282.0000 67489176    0.45%
Elapsed time = 42480.36 sec. (44072711.13 ticks, tree = 130.75 MB, solutions = 11)
 745218 43457    37282.0000    57    37452.0000    37282.0000 67506733    0.45%
 745611 43413    37282.0000   118    37452.0000    37282.0000 67530629    0.45%
 745944 43389    37282.0000    59    37452.0000    37282.0000 67550141    0.45%
 746266 43345    infeasible          37452.0000    37282.0000 67569602    0.45%
 746632 43282    infeasible          37452.0000    37282.0000 67594538    0.45%
 747001 43248    37282.0000    72    37452.0000    37282.0000 67615708    0.45%
 747343 43191    infeasible          37452.0000    37282.0000 67637646    0.45%
 747643 43145        cutoff          37452.0000    37282.0000 67658957    0.45%
 747995 43090        cutoff          37452.0000    37282.0000 67681223    0.45%
 748410 43025    infeasible          37452.0000    37282.0000 67703760    0.45%
Elapsed time = 42627.29 sec. (44225722.41 ticks, tree = 129.39 MB, solutions = 11)
 748718 43003    37282.0000    65    37452.0000    37282.0000 67722933    0.45%
 749056 42956    37282.0000    59    37452.0000    37282.0000 67743461    0.45%
 749407 42916    37282.0000    57    37452.0000    37282.0000 67763820    0.45%
 749745 42857    37282.0000    80    37452.0000    37282.0000 67787569    0.45%
 750062 42806    infeasible          37452.0000    37282.0000 67807350    0.45%
 750382 42735    37282.0000    81    37452.0000    37282.0000 67828757    0.45%
 750670 42702        cutoff          37452.0000    37282.0000 67847847    0.45%
 750952 42690    37282.0000   105    37452.0000    37282.0000 67867210    0.45%
 751279 42664    37282.0000    54    37452.0000    37282.0000 67889682    0.45%
 751639 42611    37282.0000    94    37452.0000    37282.0000 67910812    0.45%
Elapsed time = 42774.26 sec. (44378711.03 ticks, tree = 128.17 MB, solutions = 11)
 751973 42552    37282.0000   124    37452.0000    37282.0000 67934883    0.45%
 752298 42521    37282.0000    53    37452.0000    37282.0000 67956041    0.45%
 752592 42484    infeasible          37452.0000    37282.0000 67976389    0.45%
 752850 42458    infeasible          37452.0000    37282.0000 67994470    0.45%
 753158 42418    infeasible          37452.0000    37282.0000 68015810    0.45%
 753495 42370    infeasible          37452.0000    37282.0000 68036590    0.45%
 753827 42356    37282.0000    66    37452.0000    37282.0000 68055424    0.45%
 754138 42342    37282.0000    89    37452.0000    37282.0000 68076299    0.45%
 754488 42299    37282.0000   100    37452.0000    37282.0000 68100630    0.45%
 754816 42246    infeasible          37452.0000    37282.0000 68123916    0.45%
Elapsed time = 42921.30 sec. (44531587.70 ticks, tree = 127.12 MB, solutions = 11)
 755111 42226    37282.0000    71    37452.0000    37282.0000 68145912    0.45%
 755387 42181    infeasible          37452.0000    37282.0000 68166094    0.45%
 755715 42169    37282.0000   121    37452.0000    37282.0000 68188162    0.45%
 755985 42170    infeasible          37452.0000    37282.0000 68204731    0.45%
 756243 42135    37282.0000   102    37452.0000    37282.0000 68222250    0.45%
 756576 42096        cutoff          37452.0000    37282.0000 68245803    0.45%
 756918 42043    37282.0000    85    37452.0000    37282.0000 68265198    0.45%
 757239 41988    37282.0000   141    37452.0000    37282.0000 68288257    0.45%
 757563 41976    infeasible          37452.0000    37282.0000 68309122    0.45%
 757846 41942    37282.0000   123    37452.0000    37282.0000 68329919    0.45%
Elapsed time = 43069.59 sec. (44685250.74 ticks, tree = 126.26 MB, solutions = 11)
 758118 41907    37282.0000    73    37452.0000    37282.0000 68351360    0.45%
 758431 41869    37282.0000    62    37452.0000    37282.0000 68375024    0.45%
 758790 41811    37282.0000   144    37452.0000    37282.0000 68399083    0.45%
 759125 41772    infeasible          37452.0000    37282.0000 68422221    0.45%
 759418 41748    37282.0000    85    37452.0000    37282.0000 68443147    0.45%
 759755 41686    infeasible          37452.0000    37282.0000 68466037    0.45%
 760067 41672    37282.0000    86    37452.0000    37282.0000 68486327    0.45%
 760363 41658    37282.0000    91    37452.0000    37282.0000 68505020    0.45%

GUB cover cuts applied:  465
Clique cuts applied:  1394
Cover cuts applied:  2382
Implied bound cuts applied:  664
Flow cuts applied:  532
Mixed integer rounding cuts applied:  881
Zero-half cuts applied:  22
Gomory fractional cuts applied:  9

Root node processing (before b&c):
  Real time             =   55.02 sec. (48695.22 ticks)
Sequential b&c:
  Real time             = 43144.99 sec. (44780372.74 ticks)
                          ------------
Total (root+branch&cut) = 43200.01 sec. (44829067.96 ticks)
Feasible

>> Printing some results...
    -> Solution value = 37451 - 10:24:11
    -> Total time = 43200.01
    -> Gap value = 0.00

=============
Train 0
=============
> Trip 0
   9(time 11445 - 03:10:45)(time 12303 - 03:25:03) ->    8(time 12393 - 03:26:33)(time 13264 - 03:41:04) ->    7(time 13354 - 03:42:34)(time 14205 - 03:56:45) ->    6(time 14295 - 03:58:15)(time 15144 - 04:12:24) ->    5(time 15324 - 04:15:24)(time 15324 - 04:15:24) ->    0(time 15324 - 04:15:24)(time 16173 - 04:29:33) ->    1(time 16446 - 04:34:06)(time 17297 - 04:48:17) ->    2(time 17387 - 04:49:47)(time 18258 - 05:04:18) ->    3(time 18348 - 05:05:48)(time 19206 - 05:20:06) ->    4(time 19756 - 05:29:16)(time 19756 - 05:29:16) -> 9
> Trip 1
   9(time 20245 - 05:37:25)(time 21103 - 05:51:43) ->    8(time 21193 - 05:53:13)(time 22064 - 06:07:44) ->    7(time 22182 - 06:09:42)(time 23033 - 06:23:53) ->    6(time 23203 - 06:26:43)(time 24052 - 06:40:52) ->    5(time 24602 - 06:50:02)(time 24602 - 06:50:02) ->    0(time 25152 - 06:59:12)(time 26001 - 07:13:21) ->    1(time 26551 - 07:22:31)(time 27402 - 07:36:42) ->    2(time 27952 - 07:45:52)(time 28823 - 08:00:23) ->    3(time 29373 - 08:09:33)(time 30231 - 08:23:51) ->    4(time 30401 - 08:26:41)(time 30401 - 08:26:41) -> 9
> Trip 2
   9(time 30492 - 08:28:12)(time 31350 - 08:42:30) ->    8(time 31440 - 08:44:00)(time 32311 - 08:58:31) ->    7(time 32401 - 09:00:01)(time 33252 - 09:14:12) ->    6(time 33712 - 09:21:52)(time 34561 - 09:36:01) ->    5(time 35111 - 09:45:11)(time 35111 - 09:45:11) ->    0(time 35201 - 09:46:41)(time 36050 - 10:00:50) ->    1(time 36140 - 10:02:20)(time 36991 - 10:16:31) ->    2(time 37541 - 10:25:41)(time 38412 - 10:40:12) ->    3(time 38502 - 10:41:42)(time 39360 - 10:56:00) ->    4(time 39530 - 10:58:50)(time 39530 - 10:58:50) -> 9
=============
Train 1
=============
> Trip 0
   9(time 11105 - 03:05:05)(time 11963 - 03:19:23) ->    8(time 12053 - 03:20:53)(time 12924 - 03:35:24) ->    7(time 13014 - 03:36:54)(time 13865 - 03:51:05) ->    6(time 13955 - 03:52:35)(time 14804 - 04:06:44) ->    5(time 14974 - 04:09:34)(time 14974 - 04:09:34) ->    0(time 15144 - 04:12:24)(time 15993 - 04:26:33) ->    1(time 16083 - 04:28:03)(time 16934 - 04:42:14) ->    2(time 17024 - 04:43:44)(time 17895 - 04:58:15) ->    3(time 17985 - 04:59:45)(time 18843 - 05:14:03) ->    4(time 19013 - 05:16:53)(time 19013 - 05:16:53) -> 9
> Trip 1
   9(time 20155 - 05:35:55)(time 21013 - 05:50:13) ->    8(time 21103 - 05:51:43)(time 21974 - 06:06:14) ->    7(time 22064 - 06:07:44)(time 22915 - 06:21:55) ->    6(time 23033 - 06:23:53)(time 23882 - 06:38:02) ->    5(time 24052 - 06:40:52)(time 24052 - 06:40:52) ->    0(time 24602 - 06:50:02)(time 25451 - 07:04:11) ->    1(time 26001 - 07:13:21)(time 26852 - 07:27:32) ->    2(time 27402 - 07:36:42)(time 28273 - 07:51:13) ->    3(time 28823 - 08:00:23)(time 29681 - 08:14:41) ->    4(time 30231 - 08:23:51)(time 30231 - 08:23:51) -> 9
> Trip 2
   9(time 30232 - 08:23:52)(time 31090 - 08:38:10) ->    8(time 31180 - 08:39:40)(time 32051 - 08:54:11) ->    7(time 32141 - 08:55:41)(time 32992 - 09:09:52) ->    6(time 33082 - 09:11:22)(time 33931 - 09:25:31) ->    5(time 34101 - 09:28:21)(time 34101 - 09:28:21) ->    0(time 34561 - 09:36:01)(time 35410 - 09:50:10) ->    1(time 35500 - 09:51:40)(time 36351 - 10:05:51) ->    2(time 36901 - 10:15:01)(time 37772 - 10:29:32) ->    3(time 37862 - 10:31:02)(time 38720 - 10:45:20) ->    4(time 38890 - 10:48:10)(time 38890 - 10:48:10) -> 9
=============
Train 2
=============
> Trip 0
   9(time 3117 - 00:51:57)(time 3975 - 01:06:15) ->    8(time 4065 - 01:07:45)(time 4936 - 01:22:16) ->    7(time 5026 - 01:23:46)(time 5877 - 01:37:57) ->    6(time 6047 - 01:40:47)(time 6896 - 01:54:56) ->    5(time 7066 - 01:57:46)(time 7066 - 01:57:46) ->    0(time 7156 - 01:59:16)(time 8005 - 02:13:25) ->    1(time 8095 - 02:14:55)(time 8946 - 02:29:06) ->    2(time 9036 - 02:30:36)(time 9907 - 02:45:07) ->    3(time 10077 - 02:47:57)(time 10935 - 03:02:15) ->    4(time 11105 - 03:05:05)(time 11105 - 03:05:05) -> 9
> Trip 1
   9(time 19206 - 05:20:06)(time 20064 - 05:34:24) ->    8(time 20154 - 05:35:54)(time 21025 - 05:50:25) ->    7(time 21115 - 05:51:55)(time 21966 - 06:06:06) ->    6(time 22483 - 06:14:43)(time 23332 - 06:28:52) ->    5(time 23882 - 06:38:02)(time 23882 - 06:38:02) ->    0(time 24052 - 06:40:52)(time 24901 - 06:55:01) ->    1(time 25451 - 07:04:11)(time 26302 - 07:18:22) ->    2(time 26852 - 07:27:32)(time 27723 - 07:42:03) ->    3(time 28273 - 07:51:13)(time 29131 - 08:05:31) ->    4(time 29681 - 08:14:41)(time 29681 - 08:14:41) -> 9
> Trip 2
   9(time 40309 - 11:11:49)(time 41167 - 11:26:07) ->    8(time 41257 - 11:27:37)(time 42128 - 11:42:08) ->    7(time 42218 - 11:43:38)(time 43069 - 11:57:49) ->    6(time 43159 - 11:59:19)(time 44008 - 12:13:28) ->    5(time 44178 - 12:16:18)(time 44178 - 12:16:18) ->    0(time 44268 - 12:17:48)(time 45117 - 12:31:57) ->    1(time 45287 - 12:34:47)(time 46138 - 12:48:58) ->    2(time 46228 - 12:50:28)(time 47099 - 13:04:59) ->    3(time 47189 - 13:06:29)(time 48047 - 13:20:47) ->    4(time 48217 - 13:23:37)(time 48217 - 13:23:37) -> 9
=============
Train 3
=============
> Trip 0
   9(time 3207 - 00:53:27)(time 4065 - 01:07:45) ->    8(time 4315 - 01:11:55)(time 5186 - 01:26:26) ->    7(time 5276 - 01:27:56)(time 6127 - 01:42:07) ->    6(time 6217 - 01:43:37)(time 7066 - 01:57:46) ->    5(time 7236 - 02:00:36)(time 7236 - 02:00:36) ->    0(time 7406 - 02:03:26)(time 8255 - 02:17:35) ->    1(time 8345 - 02:19:05)(time 9196 - 02:33:16) ->    2(time 9286 - 02:34:46)(time 10157 - 02:49:17) ->    3(time 10247 - 02:50:47)(time 11105 - 03:05:05) ->    4(time 11275 - 03:07:55)(time 11275 - 03:07:55) -> 9
> Trip 1
   9(time 30402 - 08:26:42)(time 31260 - 08:41:00) ->    8(time 31350 - 08:42:30)(time 32221 - 08:57:01) ->    7(time 32311 - 08:58:31)(time 33162 - 09:12:42) ->    6(time 33252 - 09:14:12)(time 34101 - 09:28:21) ->    5(time 34561 - 09:36:01)(time 34561 - 09:36:01) ->    0(time 35111 - 09:45:11)(time 35960 - 09:59:20) ->    1(time 36050 - 10:00:50)(time 36901 - 10:15:01) ->    2(time 36991 - 10:16:31)(time 37862 - 10:31:02) ->    3(time 38332 - 10:38:52)(time 39190 - 10:53:10) ->    4(time 39360 - 10:56:00)(time 39360 - 10:56:00) -> 9
> Trip 2
   9(time 39360 - 10:56:00)(time 40218 - 11:10:18) ->    8(time 40308 - 11:11:48)(time 41179 - 11:26:19) ->    7(time 41668 - 11:34:28)(time 42519 - 11:48:39) ->    6(time 42609 - 11:50:09)(time 43458 - 12:04:18) ->    5(time 43628 - 12:07:08)(time 43628 - 12:07:08) ->    0(time 44178 - 12:16:18)(time 45027 - 12:30:27) ->    1(time 45117 - 12:31:57)(time 45968 - 12:46:08) ->    2(time 46058 - 12:47:38)(time 46929 - 13:02:09) ->    3(time 47019 - 13:03:39)(time 47877 - 13:17:57) ->    4(time 48047 - 13:20:47)(time 48047 - 13:20:47) -> 9
=============
Train 4
=============
> Trip 0
   9(time 3027 - 00:50:27)(time 3885 - 01:04:45) ->    8(time 3975 - 01:06:15)(time 4846 - 01:20:46) ->    7(time 4936 - 01:22:16)(time 5787 - 01:36:27) ->    6(time 5877 - 01:37:57)(time 6726 - 01:52:06) ->    5(time 6896 - 01:54:56)(time 6896 - 01:54:56) ->    0(time 7066 - 01:57:46)(time 7915 - 02:11:55) ->    1(time 8005 - 02:13:25)(time 8856 - 02:27:36) ->    2(time 8946 - 02:29:06)(time 9817 - 02:43:37) ->    3(time 9907 - 02:45:07)(time 10765 - 02:59:25) ->    4(time 10935 - 03:02:15)(time 10935 - 03:02:15) -> 9
> Trip 1
   9(time 11195 - 03:06:35)(time 12053 - 03:20:53) ->    8(time 12143 - 03:22:23)(time 13014 - 03:36:54) ->    7(time 13104 - 03:38:24)(time 13955 - 03:52:35) ->    6(time 14125 - 03:55:25)(time 14974 - 04:09:34) ->    5(time 15144 - 04:12:24)(time 15144 - 04:12:24) ->    0(time 15234 - 04:13:54)(time 16083 - 04:28:03) ->    1(time 16173 - 04:29:33)(time 17024 - 04:43:44) ->    2(time 17194 - 04:46:34)(time 18065 - 05:01:05) ->    3(time 18155 - 05:02:35)(time 19013 - 05:16:53) ->    4(time 19206 - 05:20:06)(time 19206 - 05:20:06) -> 9
> Trip 2
   9(time 40479 - 11:14:39)(time 41337 - 11:28:57) ->    8(time 41427 - 11:30:27)(time 42298 - 11:44:58) ->    7(time 42388 - 11:46:28)(time 43239 - 12:00:39) ->    6(time 43329 - 12:02:09)(time 44178 - 12:16:18) ->    5(time 44348 - 12:19:08)(time 44348 - 12:19:08) ->    0(time 44518 - 12:21:58)(time 45367 - 12:36:07) ->    1(time 45457 - 12:37:37)(time 46308 - 12:51:48) ->    2(time 46398 - 12:53:18)(time 47269 - 13:07:49) ->    3(time 47359 - 13:09:19)(time 48217 - 13:23:37) ->    4(time 48387 - 13:26:27)(time 48387 - 13:26:27) -> 9
----- t5p6r6h1.txt-model.log -----
   8635  1642    13250.0000  7508    19239.0000    10600.0000 40110339   44.90%
   8636  1643    16144.0000  6135    19239.0000    10600.0000 40130028   44.90%
   8637  1644    16314.0000  4523    19239.0000    10600.0000 40137656   44.90%
Elapsed time = 40584.30 sec. (40020113.71 ticks, tree = 50.36 MB, solutions = 9)
   8638  1645    16314.0000  4411    19239.0000    10600.0000 40144258   44.90%
   8639  1646    16314.0000  4338    19239.0000    10600.0000 40144450   44.90%
   8640  1647    16314.0000  5277    19239.0000    10600.0000 40150555   44.90%
   8643  1650    16484.0000  1949    19239.0000    10600.0000 40155208   44.90%
   8646  1653    16484.0000  1899    19239.0000    10600.0000 40155336   44.90%
   8652  1659    16654.0000   369    19239.0000    10600.0000 40156524   44.90%
   8666  1673    17090.0000   244    19239.0000    10600.0000 40158505   44.90%
   8676  1683    17334.0000   149    19239.0000    10600.0000 40159071   44.90%
   8703  1709    18408.0000    44    19239.0000    10600.0000 40159467   44.90%
   8717  1718    15900.0000  7408    19239.0000    10600.0000 40190065   44.90%
Elapsed time = 40758.71 sec. (40201694.30 ticks, tree = 52.74 MB, solutions = 9)
   8718  1718    15900.0000  6499    19239.0000    10600.0000 40199453   44.90%
   8719  1719    15900.0000  6430    19239.0000    10600.0000 40206937   44.90%
   8720  1720    15900.0000  6394    19239.0000    10600.0000 40214032   44.90%
   8721  1721    15900.0000  6615    19239.0000    10600.0000 40220701   44.90%
   8722  1722    15900.0000  6376    19239.0000    10600.0000 40230374   44.90%
   8723  1723    15900.0000  6462    19239.0000    10600.0000 40238212   44.90%
   8724  1724    15900.0000  5614    19239.0000    10600.0000 40249875   44.90%
   8726  1726    16580.0000  5075    19239.0000    10600.0000 40263947   44.90%
*  8728+ 1712                        19229.0000    10600.0000            44.87%
*  8728+ 1381                        18630.0000    10600.0000            43.10%
*  8728+ 1325                        18577.0000    10600.0000            42.94%
*  8728+ 1297                        18546.0000    10600.0000            42.84%
   8729  1296    infeasible          18546.0000    10600.0000 40270291   42.84%
   8730  1297    16240.0000  5304    18546.0000    10600.0000 40296657   42.84%
Elapsed time = 40962.14 sec. (40438448.13 ticks, tree = 38.88 MB, solutions = 13)
   8731  1298    16240.0000  5209    18546.0000    10600.0000 40303664   42.84%
   8732  1299    16558.0000   435    18546.0000    10600.0000 40312222   42.84%
   8736  1303    16920.0000   306    18546.0000    10600.0000 40313466   42.84%
   8746  1311    17260.0000   212    18546.0000    10600.0000 40314807   42.84%
   8758  1317    10600.0000  9466    18546.0000    10600.0000 40372739   42.84%
   8759  1318    10600.0000  8683    18546.0000    10600.0000 40395821   42.84%
   8760  1319    15900.0000  7531    18546.0000    10600.0000 40423368   42.84%
   8761  1320    15900.0000  7770    18546.0000    10600.0000 40438827   42.84%
   8762  1321    15974.0000  6420    18546.0000    10600.0000 40450532   42.84%
   8764  1323    16956.0000  1867    18546.0000    10600.0000 40459157   42.84%
Elapsed time = 41247.65 sec. (40741160.37 ticks, tree = 39.72 MB, solutions = 13)
   8771  1324    10600.0000  8268    18546.0000    10600.0000 40509182   42.84%
   8772  1325    10600.0000  8910    18546.0000    10600.0000 40543078   42.84%
   8773  1326    10600.0000  8701    18546.0000    10600.0000 40572559   42.84%
   8774  1327    10600.0000  8926    18546.0000    10600.0000 40589741   42.84%
   8775  1328    13250.0000  7532    18546.0000    10600.0000 40615175   42.84%
   8777  1330    16314.0000  1898    18546.0000    10600.0000 40634342   42.84%
   8779  1331    16580.0000  1872    18546.0000    10600.0000 40637883   42.84%
   8780  1332    16580.0000  1837    18546.0000    10600.0000 40638062   42.84%
   8781  1333    16580.0000  1833    18546.0000    10600.0000 40638136   42.84%
   8782  1334    16580.0000  1813    18546.0000    10600.0000 40638176   42.84%
Elapsed time = 41602.72 sec. (41105232.87 ticks, tree = 40.02 MB, solutions = 13)
   8783  1335    16750.0000  1797    18546.0000    10600.0000 40638201   42.84%
   8785  1337    16750.0000  1768    18546.0000    10600.0000 40638243   42.84%
   8786  1338    16750.0000  1745    18546.0000    10600.0000 40638260   42.84%
   8787  1339    16750.0000  1711    18546.0000    10600.0000 40638342   42.84%
   8788  1340    16750.0000  1680    18546.0000    10600.0000 40638416   42.84%
   8789  1341    16750.0000   298    18546.0000    10600.0000 40638986   42.84%
   8796  1348    18192.0000   153    18546.0000    10600.0000 40640395   42.84%
   8804  1350    15900.0000  7003    18546.0000    10600.0000 40670618   42.84%
   8805  1351    15900.0000  6481    18546.0000    10600.0000 40689579   42.84%
   8806  1352    15900.0000  6084    18546.0000    10600.0000 40698029   42.84%
Elapsed time = 41962.06 sec. (41441685.65 ticks, tree = 40.64 MB, solutions = 13)
   8807  1353    15900.0000  6283    18546.0000    10600.0000 40715434   42.84%
   8808  1354    15900.0000  6207    18546.0000    10600.0000 40733432   42.84%
   8809  1355    15900.0000  6315    18546.0000    10600.0000 40739904   42.84%
   8810  1356    15900.0000  6214    18546.0000    10600.0000 40754074   42.84%
   8811  1356    16297.0000  2637    18546.0000    10600.0000 40766514   42.84%
   8812  1357    16410.0000  2564    18546.0000    10600.0000 40766925   42.84%
   8813  1358    16580.0000  1873    18546.0000    10600.0000 40768574   42.84%
   8814  1359    16580.0000  1900    18546.0000    10600.0000 40768646   42.84%
   8815  1360    16750.0000  1870    18546.0000    10600.0000 40768682   42.84%
   8816  1361    16750.0000  1804    18546.0000    10600.0000 40768753   42.84%
Elapsed time = 42299.71 sec. (41782171.34 ticks, tree = 40.88 MB, solutions = 13)
   8818  1363    16920.0000  1746    18546.0000    10600.0000 40768830   42.84%
   8819  1364    17068.0000  1706    18546.0000    10600.0000 40768839   42.84%
   8820  1365    17238.0000  1711    18546.0000    10600.0000 40768900   42.84%
   8821  1366    17238.0000  1724    18546.0000    10600.0000 40769133   42.84%
   8822  1367    17238.0000  1732    18546.0000    10600.0000 40769178   42.84%
   8823  1367    17238.0000  1732    18546.0000    10600.0000 40769216   42.84%
   8824  1367    17238.0000  1736    18546.0000    10600.0000 40769265   42.84%
   8825  1368    17238.0000  1725    18546.0000    10600.0000 40769281   42.84%
*  8828+ 1366                        18532.0000    10600.0000            42.80%
   8836  1376    17635.0000   237    18532.0000    10600.0000 40770400   42.80%
   8849  1388    18423.0000   173    18532.0000    10600.0000 40770649   42.80%
Elapsed time = 42534.34 sec. (42000589.68 ticks, tree = 41.87 MB, solutions = 14)
   8851  1387    13647.0000  7186    18532.0000    10600.0000 40802627   42.80%
   8853  1387    10827.0614  8464    18532.0000    10600.0000 40817942   42.80%
   8854  1388    13250.0000  7833    18532.0000    10600.0000 40842993   42.80%
   8855  1389    10827.0614  8531    18532.0000    10600.0000 40868401   42.80%
   8856  1390    13250.0000  7788    18532.0000    10600.0000 40887993   42.80%
   8857  1391    13250.0000  7269    18532.0000    10600.0000 40912335   42.80%
   8858  1392    13250.0000  6581    18532.0000    10600.0000 40931175   42.80%
   8860  1392    15900.0000  5190    18532.0000    10600.0000 40958871   42.80%
   8861  1393    16127.0614  2660    18532.0000    10600.0000 40962037   42.80%
   8864  1396    16882.0000   432    18532.0000    10600.0000 40964594   42.80%
Elapsed time = 42782.64 sec. (42299104.39 ticks, tree = 42.06 MB, solutions = 14)
   8867  1399    17052.0000   417    18532.0000    10600.0000 40965440   42.80%
   8873  1401    10600.0000  8665    18532.0000    10600.0000 41008493   42.80%
   8874  1402    10600.0000  8474    18532.0000    10600.0000 41024400   42.80%
   8875  1402    16070.0000  5949    18532.0000    10600.0000 41044421   42.80%
   8876  1403    16070.0000  5939    18532.0000    10600.0000 41051013   42.80%
   8877  1404    16070.0000  5205    18532.0000    10600.0000 41055817   42.80%
   8880  1406    17639.0000  1709    18532.0000    10600.0000 41063760   42.80%
   8891  1417    18149.0000   114    18532.0000    10600.0000 41064651   42.80%
   8898  1418    15900.0000  5345    18532.0000    10600.0000 41083878   42.80%
   8899  1419    16127.0614  2478    18532.0000    10600.0000 41087447   42.80%
Elapsed time = 43131.23 sec. (42632011.46 ticks, tree = 42.84 MB, solutions = 14)
   8904  1424    16750.0000   383    18532.0000    10600.0000 41090845   42.80%
   8911  1428    18022.0000   181    18532.0000    10600.0000 41093479   42.80%

GUB cover cuts applied:  164
Clique cuts applied:  20
Cover cuts applied:  1646
Implied bound cuts applied:  1763
Flow cuts applied:  525
Mixed integer rounding cuts applied:  1253
Zero-half cuts applied:  276
Gomory fractional cuts applied:  1

Root node processing (before b&c):
  Real time             = 2440.38 sec. (1535094.34 ticks)
Sequential b&c:
  Real time             = 40759.63 sec. (41160381.76 ticks)
                          ------------
Total (root+branch&cut) = 43200.02 sec. (42695476.10 ticks)
Feasible

>> Printing some results...
    -> Solution value = 18531 - 05:08:51
    -> Total time = 43200.02
    -> Gap value = 0.43

=============
Train 0
=============
> Trip 0
   0(time 800 - 00:13:20)(time 938 - 00:15:38) ->    1(time 1012 - 00:16:52)(time 1174 - 00:19:34) ->    2(time 1248 - 00:20:48)(time 1399 - 00:23:19) ->    3(time 1569 - 00:26:09)(time 1725 - 00:28:45) ->    4(time 2221 - 00:37:01)(time 2384 - 00:39:44) ->    5(time 2554 - 00:42:34)(time 2554 - 00:42:34) ->    11(time 2554 - 00:42:34)(time 2717 - 00:45:17) ->    10(time 2784 - 00:46:24)(time 2940 - 00:49:00) ->    9(time 3110 - 00:51:50)(time 3261 - 00:54:21) ->    8(time 3335 - 00:55:35)(time 3497 - 00:58:17) ->    7(time 3571 - 00:59:31)(time 3709 - 01:01:49) ->    6(time 3879 - 01:04:39)(time 3879 - 01:04:39) -> 0
> Trip 1
   0(time 3915 - 01:05:15)(time 4053 - 01:07:33) ->    1(time 4127 - 01:08:47)(time 4289 - 01:11:29) ->    2(time 4363 - 01:12:43)(time 4514 - 01:15:14) ->    3(time 4684 - 01:18:04)(time 4840 - 01:20:40) ->    4(time 5010 - 01:23:30)(time 5173 - 01:26:13) ->    5(time 5499 - 01:31:39)(time 5499 - 01:31:39) ->    11(time 5499 - 01:31:39)(time 5662 - 01:34:22) ->    10(time 5729 - 01:35:29)(time 5885 - 01:38:05) ->    9(time 6055 - 01:40:55)(time 6206 - 01:43:26) ->    8(time 6280 - 01:44:40)(time 6442 - 01:47:22) ->    7(time 6516 - 01:48:36)(time 6654 - 01:50:54) ->    6(time 6824 - 01:53:44)(time 6824 - 01:53:44) -> 0
> Trip 2
   0(time 6930 - 01:55:30)(time 7068 - 01:57:48) ->    1(time 7142 - 01:59:02)(time 7304 - 02:01:44) ->    2(time 7428 - 02:03:48)(time 7579 - 02:06:19) ->    3(time 7749 - 02:09:09)(time 7905 - 02:11:45) ->    4(time 7972 - 02:12:52)(time 8135 - 02:15:35) ->    5(time 8461 - 02:21:01)(time 8461 - 02:21:01) ->    11(time 8461 - 02:21:01)(time 8624 - 02:23:44) ->    10(time 8691 - 02:24:51)(time 8847 - 02:27:27) ->    9(time 9017 - 02:30:17)(time 9168 - 02:32:48) ->    8(time 9465 - 02:37:45)(time 9627 - 02:40:27) ->    7(time 9701 - 02:41:41)(time 9839 - 02:43:59) ->    6(time 10009 - 02:46:49)(time 10009 - 02:46:49) -> 0
> Trip 3
   0(time 10253 - 02:50:53)(time 10391 - 02:53:11) ->    1(time 10561 - 02:56:01)(time 10723 - 02:58:43) ->    2(time 10797 - 02:59:57)(time 10948 - 03:02:28) ->    3(time 11118 - 03:05:18)(time 11274 - 03:07:54) ->    4(time 11346 - 03:09:06)(time 11509 - 03:11:49) ->    5(time 11679 - 03:14:39)(time 11679 - 03:14:39) ->    11(time 11679 - 03:14:39)(time 11842 - 03:17:22) ->    10(time 11909 - 03:18:29)(time 12065 - 03:21:05) ->    9(time 12235 - 03:23:55)(time 12386 - 03:26:26) ->    8(time 12460 - 03:27:40)(time 12622 - 03:30:22) ->    7(time 12696 - 03:31:36)(time 12834 - 03:33:54) ->    6(time 13004 - 03:36:44)(time 13004 - 03:36:44) -> 0
> Trip 4
   0(time 13004 - 03:36:44)(time 13142 - 03:39:02) ->    1(time 13216 - 03:40:16)(time 13378 - 03:42:58) ->    2(time 13524 - 03:45:24)(time 13675 - 03:47:55) ->    3(time 13845 - 03:50:45)(time 14001 - 03:53:21) ->    4(time 14068 - 03:54:28)(time 14231 - 03:57:11) ->    5(time 14401 - 04:00:01)(time 14401 - 04:00:01) ->    11(time 14401 - 04:00:01)(time 14564 - 04:02:44) ->    10(time 14631 - 04:03:51)(time 14787 - 04:06:27) ->    9(time 14957 - 04:09:17)(time 15108 - 04:11:48) ->    8(time 15182 - 04:13:02)(time 15344 - 04:15:44) ->    7(time 15694 - 04:21:34)(time 15832 - 04:23:52) ->    6(time 16350 - 04:32:30)(time 16350 - 04:32:30) -> 0
=============
Train 1
=============
> Trip 0
   0(time 170 - 00:02:50)(time 308 - 00:05:08) ->    1(time 382 - 00:06:22)(time 544 - 00:09:04) ->    2(time 618 - 00:10:18)(time 769 - 00:12:49) ->    3(time 939 - 00:15:39)(time 1095 - 00:18:15) ->    4(time 1162 - 00:19:22)(time 1325 - 00:22:05) ->    5(time 1495 - 00:24:55)(time 1495 - 00:24:55) ->    11(time 1562 - 00:26:02)(time 1725 - 00:28:45) ->    10(time 1895 - 00:31:35)(time 2051 - 00:34:11) ->    9(time 2221 - 00:37:01)(time 2372 - 00:39:32) ->    8(time 2446 - 00:40:46)(time 2608 - 00:43:28) ->    7(time 2682 - 00:44:42)(time 2820 - 00:47:00) ->    6(time 2990 - 00:49:50)(time 2990 - 00:49:50) -> 0
> Trip 1
   0(time 3213 - 00:53:33)(time 3351 - 00:55:51) ->    1(time 3497 - 00:58:17)(time 3659 - 01:00:59) ->    2(time 3733 - 01:02:13)(time 3884 - 01:04:44) ->    3(time 4054 - 01:07:34)(time 4210 - 01:10:10) ->    4(time 4277 - 01:11:17)(time 4440 - 01:14:00) ->    5(time 4610 - 01:16:50)(time 4610 - 01:16:50) ->    11(time 4780 - 01:19:40)(time 4943 - 01:22:23) ->    10(time 5010 - 01:23:30)(time 5166 - 01:26:06) ->    9(time 5336 - 01:28:56)(time 5487 - 01:31:27) ->    8(time 5561 - 01:32:41)(time 5723 - 01:35:23) ->    7(time 5797 - 01:36:37)(time 5935 - 01:38:55) ->    6(time 6208 - 01:43:28)(time 6208 - 01:43:28) -> 0
> Trip 2
   0(time 6378 - 01:46:18)(time 6516 - 01:48:36) ->    1(time 6696 - 01:51:36)(time 6858 - 01:54:18) ->    2(time 6932 - 01:55:32)(time 7083 - 01:58:03) ->    3(time 7253 - 02:00:53)(time 7409 - 02:03:29) ->    4(time 7476 - 02:04:36)(time 7639 - 02:07:19) ->    5(time 7809 - 02:10:09)(time 7809 - 02:10:09) ->    11(time 7809 - 02:10:09)(time 7972 - 02:12:52) ->    10(time 8298 - 02:18:18)(time 8454 - 02:20:54) ->    9(time 8624 - 02:23:44)(time 8775 - 02:26:15) ->    8(time 8849 - 02:27:29)(time 9011 - 02:30:11) ->    7(time 9085 - 02:31:25)(time 9223 - 02:33:43) ->    6(time 9393 - 02:36:33)(time 9393 - 02:36:33) -> 0
> Trip 3
   0(time 10423 - 02:53:43)(time 10561 - 02:56:01) ->    1(time 10635 - 02:57:15)(time 10797 - 02:59:57) ->    2(time 10967 - 03:02:47)(time 11118 - 03:05:18) ->    3(time 11430 - 03:10:30)(time 11586 - 03:13:06) ->    4(time 11842 - 03:17:22)(time 12005 - 03:20:05) ->    5(time 12275 - 03:24:35)(time 12275 - 03:24:35) ->    11(time 12793 - 03:33:13)(time 12956 - 03:35:56) ->    10(time 13023 - 03:37:03)(time 13179 - 03:39:39) ->    9(time 13675 - 03:47:55)(time 13826 - 03:50:26) ->    8(time 13900 - 03:51:40)(time 14062 - 03:54:22) ->    7(time 14136 - 03:55:36)(time 14274 - 03:57:54) ->    6(time 14770 - 04:06:10)(time 14770 - 04:06:10) -> 0
> Trip 4
   0(time 15832 - 04:23:52)(time 15970 - 04:26:10) ->    1(time 16044 - 04:27:24)(time 16206 - 04:30:06) ->    2(time 16330 - 04:32:10)(time 16481 - 04:34:41) ->    3(time 16651 - 04:37:31)(time 16807 - 04:40:07) ->    4(time 16874 - 04:41:14)(time 17037 - 04:43:57) ->    5(time 17207 - 04:46:47)(time 17207 - 04:46:47) ->    11(time 17207 - 04:46:47)(time 17370 - 04:49:30) ->    10(time 17437 - 04:50:37)(time 17593 - 04:53:13) ->    9(time 17763 - 04:56:03)(time 17914 - 04:58:34) ->    8(time 17988 - 04:59:48)(time 18150 - 05:02:30) ->    7(time 18224 - 05:03:44)(time 18362 - 05:06:02) ->    6(time 18532 - 05:08:52)(time 18532 - 05:08:52) -> 0
=============
Train 2
=============
> Trip 0
   0(time 244 - 00:04:04)(time 382 - 00:06:22) ->    1(time 456 - 00:07:36)(time 618 - 00:10:18) ->    2(time 788 - 00:13:08)(time 939 - 00:15:39) ->    3(time 1109 - 00:18:29)(time 1265 - 00:21:05) ->    4(time 1332 - 00:22:12)(time 1495 - 00:24:55) ->    5(time 1888 - 00:31:28)(time 1888 - 00:31:28) ->    11(time 1888 - 00:31:28)(time 2051 - 00:34:11) ->    10(time 2118 - 00:35:18)(time 2274 - 00:37:54) ->    9(time 2444 - 00:40:44)(time 2595 - 00:43:15) ->    8(time 2669 - 00:44:29)(time 2831 - 00:47:11) ->    7(time 2905 - 00:48:25)(time 3043 - 00:50:43) ->    6(time 3213 - 00:53:33)(time 3213 - 00:53:33) -> 0
> Trip 1
   0(time 4085 - 01:08:05)(time 4223 - 01:10:23) ->    1(time 4297 - 01:11:37)(time 4459 - 01:14:19) ->    2(time 4533 - 01:15:33)(time 4684 - 01:18:04) ->    3(time 4854 - 01:20:54)(time 5010 - 01:23:30) ->    4(time 5336 - 01:28:56)(time 5499 - 01:31:39) ->    5(time 5753 - 01:35:53)(time 5753 - 01:35:53) ->    11(time 5753 - 01:35:53)(time 5916 - 01:38:36) ->    10(time 5983 - 01:39:43)(time 6139 - 01:42:19) ->    9(time 6309 - 01:45:09)(time 6460 - 01:47:40) ->    8(time 6534 - 01:48:54)(time 6696 - 01:51:36) ->    7(time 6792 - 01:53:12)(time 6930 - 01:55:30) ->    6(time 7100 - 01:58:20)(time 7100 - 01:58:20) -> 0
> Trip 2
   0(time 7100 - 01:58:20)(time 7238 - 02:00:38) ->    1(time 7312 - 02:01:52)(time 7474 - 02:04:34) ->    2(time 7651 - 02:07:31)(time 7802 - 02:10:02) ->    3(time 7972 - 02:12:52)(time 8128 - 02:15:28) ->    4(time 8298 - 02:18:18)(time 8461 - 02:21:01) ->    5(time 8631 - 02:23:51)(time 8631 - 02:23:51) ->    11(time 8787 - 02:26:27)(time 8950 - 02:29:10) ->    10(time 9017 - 02:30:17)(time 9173 - 02:32:53) ->    9(time 9343 - 02:35:43)(time 9494 - 02:38:14) ->    8(time 9635 - 02:40:35)(time 9797 - 02:43:17) ->    7(time 9871 - 02:44:31)(time 10009 - 02:46:49) ->    6(time 10179 - 02:49:39)(time 10179 - 02:49:39) -> 0
> Trip 3
   0(time 10179 - 02:49:39)(time 10317 - 02:51:57) ->    1(time 10391 - 02:53:11)(time 10553 - 02:55:53) ->    2(time 10627 - 02:57:07)(time 10778 - 02:59:38) ->    3(time 10948 - 03:02:28)(time 11104 - 03:05:04) ->    4(time 11176 - 03:06:16)(time 11339 - 03:08:59) ->    5(time 11509 - 03:11:49)(time 11509 - 03:11:49) ->    11(time 11509 - 03:11:49)(time 11672 - 03:14:32) ->    10(time 11739 - 03:15:39)(time 11895 - 03:18:15) ->    9(time 12065 - 03:21:05)(time 12216 - 03:23:36) ->    8(time 12290 - 03:24:50)(time 12452 - 03:27:32) ->    7(time 12526 - 03:28:46)(time 12664 - 03:31:04) ->    6(time 12834 - 03:33:54)(time 12834 - 03:33:54) -> 0
> Trip 4
   0(time 12906 - 03:35:06)(time 13044 - 03:37:24) ->    1(time 13118 - 03:38:38)(time 13280 - 03:41:20) ->    2(time 13354 - 03:42:34)(time 13505 - 03:45:05) ->    3(time 13675 - 03:47:55)(time 13831 - 03:50:31) ->    4(time 13898 - 03:51:38)(time 14061 - 03:54:21) ->    5(time 14231 - 03:57:11)(time 14231 - 03:57:11) ->    11(time 14231 - 03:57:11)(time 14394 - 03:59:54) ->    10(time 14461 - 04:01:01)(time 14617 - 04:03:37) ->    9(time 14787 - 04:06:27)(time 14938 - 04:08:58) ->    8(time 15012 - 04:10:12)(time 15174 - 04:12:54) ->    7(time 15248 - 04:14:08)(time 15386 - 04:16:26) ->    6(time 15556 - 04:19:16)(time 15556 - 04:19:16) -> 0
> Trip 5
   0(time 15556 - 04:19:16)(time 15694 - 04:21:34) ->    1(time 15768 - 04:22:48)(time 15930 - 04:25:30) ->    2(time 16004 - 04:26:44)(time 16155 - 04:29:15) ->    3(time 16325 - 04:32:05)(time 16481 - 04:34:41) ->    4(time 16548 - 04:35:48)(time 16711 - 04:38:31) ->    5(time 17037 - 04:43:57)(time 17037 - 04:43:57) ->    11(time 17037 - 04:43:57)(time 17200 - 04:46:40) ->    10(time 17267 - 04:47:47)(time 17423 - 04:50:23) ->    9(time 17593 - 04:53:13)(time 17744 - 04:55:44) ->    8(time 17818 - 04:56:58)(time 17980 - 04:59:40) ->    7(time 18054 - 05:00:54)(time 18192 - 05:03:12) ->    6(time 18362 - 05:06:02)(time 18362 - 05:06:02) -> 0
=============
Train 3
=============
> Trip 0
   0(time 630 - 00:10:30)(time 768 - 00:12:48) ->    1(time 842 - 00:14:02)(time 1004 - 00:16:44) ->    2(time 1078 - 00:17:58)(time 1229 - 00:20:29) ->    3(time 1399 - 00:23:19)(time 1555 - 00:25:55) ->    4(time 1725 - 00:28:45)(time 1888 - 00:31:28) ->    5(time 2058 - 00:34:18)(time 2058 - 00:34:18) ->    11(time 2058 - 00:34:18)(time 2221 - 00:37:01) ->    10(time 2288 - 00:38:08)(time 2444 - 00:40:44) ->    9(time 2614 - 00:43:34)(time 2765 - 00:46:05) ->    8(time 2839 - 00:47:19)(time 3001 - 00:50:01) ->    7(time 3075 - 00:51:15)(time 3213 - 00:53:33) ->    6(time 3383 - 00:56:23)(time 3383 - 00:56:23) -> 0
> Trip 1
   0(time 3433 - 00:57:13)(time 3571 - 00:59:31) ->    1(time 3837 - 01:03:57)(time 3999 - 01:06:39) ->    2(time 4073 - 01:07:53)(time 4224 - 01:10:24) ->    3(time 4394 - 01:13:14)(time 4550 - 01:15:50) ->    4(time 4617 - 01:16:57)(time 4780 - 01:19:40) ->    5(time 4950 - 01:22:30)(time 4950 - 01:22:30) ->    11(time 5173 - 01:26:13)(time 5336 - 01:28:56) ->    10(time 5403 - 01:30:03)(time 5559 - 01:32:39) ->    9(time 5729 - 01:35:29)(time 5880 - 01:38:00) ->    8(time 6004 - 01:40:04)(time 6166 - 01:42:46) ->    7(time 6240 - 01:44:00)(time 6378 - 01:46:18) ->    6(time 6654 - 01:50:54)(time 6654 - 01:50:54) -> 0
> Trip 2
   0(time 7373 - 02:02:53)(time 7511 - 02:05:11) ->    1(time 7585 - 02:06:25)(time 7747 - 02:09:07) ->    2(time 7821 - 02:10:21)(time 7972 - 02:12:52) ->    3(time 8142 - 02:15:42)(time 8298 - 02:18:18) ->    4(time 8624 - 02:23:44)(time 8787 - 02:26:27) ->    5(time 8957 - 02:29:17)(time 8957 - 02:29:17) ->    11(time 8957 - 02:29:17)(time 9120 - 02:32:00) ->    10(time 9187 - 02:33:07)(time 9343 - 02:35:43) ->    9(time 9513 - 02:38:33)(time 9664 - 02:41:04) ->    8(time 9738 - 02:42:18)(time 9900 - 02:45:00) ->    7(time 10041 - 02:47:21)(time 10179 - 02:49:39) ->    6(time 10697 - 02:58:17)(time 10697 - 02:58:17) -> 0
> Trip 3
   0(time 11001 - 03:03:21)(time 11139 - 03:05:39) ->    1(time 11213 - 03:06:53)(time 11375 - 03:09:35) ->    2(time 11449 - 03:10:49)(time 11600 - 03:13:20) ->    3(time 12118 - 03:21:58)(time 12274 - 03:24:34) ->    4(time 12630 - 03:30:30)(time 12793 - 03:33:13) ->    5(time 13239 - 03:40:39)(time 13239 - 03:40:39) ->    11(time 13239 - 03:40:39)(time 13402 - 03:43:22) ->    10(time 13519 - 03:45:19)(time 13675 - 03:47:55) ->    9(time 14171 - 03:56:11)(time 14322 - 03:58:42) ->    8(time 14396 - 03:59:56)(time 14558 - 04:02:38) ->    7(time 14632 - 04:03:52)(time 14770 - 04:06:10) ->    6(time 14940 - 04:09:00)(time 14940 - 04:09:00) -> 0
=============
Train 4
=============
> Trip 0
   0(time 0 - 00:00:00)(time 138 - 00:02:18) ->    1(time 212 - 00:03:32)(time 374 - 00:06:14) ->    2(time 448 - 00:07:28)(time 599 - 00:09:59) ->    3(time 769 - 00:12:49)(time 925 - 00:15:25) ->    4(time 992 - 00:16:32)(time 1155 - 00:19:15) ->    5(time 1325 - 00:22:05)(time 1325 - 00:22:05) ->    11(time 1495 - 00:24:55)(time 1658 - 00:27:38) ->    10(time 1725 - 00:28:45)(time 1881 - 00:31:21) ->    9(time 2051 - 00:34:11)(time 2202 - 00:36:42) ->    8(time 2276 - 00:37:56)(time 2438 - 00:40:38) ->    7(time 2512 - 00:41:52)(time 2650 - 00:44:10) ->    6(time 2820 - 00:47:00)(time 2820 - 00:47:00) -> 0
> Trip 1
   0(time 3359 - 00:55:59)(time 3497 - 00:58:17) ->    1(time 3571 - 00:59:31)(time 3733 - 01:02:13) ->    2(time 3903 - 01:05:03)(time 4054 - 01:07:34) ->    3(time 4224 - 01:10:24)(time 4380 - 01:13:00) ->    4(time 4447 - 01:14:07)(time 4610 - 01:16:50) ->    5(time 4780 - 01:19:40)(time 4780 - 01:19:40) ->    11(time 4847 - 01:20:47)(time 5010 - 01:23:30) ->    10(time 5180 - 01:26:20)(time 5336 - 01:28:56) ->    9(time 5506 - 01:31:46)(time 5657 - 01:34:17) ->    8(time 5834 - 01:37:14)(time 5996 - 01:39:56) ->    7(time 6070 - 01:41:10)(time 6208 - 01:43:28) ->    6(time 6378 - 01:46:18)(time 6378 - 01:46:18) -> 0
> Trip 2
   0(time 6654 - 01:50:54)(time 6792 - 01:53:12) ->    1(time 6866 - 01:54:26)(time 7028 - 01:57:08) ->    2(time 7102 - 01:58:22)(time 7253 - 02:00:53) ->    3(time 7423 - 02:03:43)(time 7579 - 02:06:19) ->    4(time 7646 - 02:07:26)(time 7809 - 02:10:09) ->    5(time 8135 - 02:15:35)(time 8135 - 02:15:35) ->    11(time 8135 - 02:15:35)(time 8298 - 02:18:18) ->    10(time 8468 - 02:21:08)(time 8624 - 02:23:44) ->    9(time 8794 - 02:26:34)(time 8945 - 02:29:05) ->    8(time 9019 - 02:30:19)(time 9181 - 02:33:01) ->    7(time 9255 - 02:34:15)(time 9393 - 02:36:33) ->    6(time 9563 - 02:39:23)(time 9563 - 02:39:23) -> 0
> Trip 3
   0(time 9563 - 02:39:23)(time 9701 - 02:41:41) ->    1(time 9900 - 02:45:00)(time 10062 - 02:47:42) ->    2(time 10136 - 02:48:56)(time 10287 - 02:51:27) ->    3(time 10457 - 02:54:17)(time 10613 - 02:56:53) ->    4(time 10680 - 02:58:00)(time 10843 - 03:00:43) ->    5(time 11013 - 03:03:33)(time 11013 - 03:03:33) ->    11(time 11013 - 03:03:33)(time 11176 - 03:06:16) ->    10(time 11274 - 03:07:54)(time 11430 - 03:10:30) ->    9(time 11600 - 03:13:20)(time 11751 - 03:15:51) ->    8(time 11825 - 03:17:05)(time 11987 - 03:19:47) ->    7(time 12061 - 03:21:01)(time 12199 - 03:23:19) ->    6(time 12369 - 03:26:09)(time 12369 - 03:26:09) -> 0
> Trip 4
   0(time 12369 - 03:26:09)(time 12507 - 03:28:27) ->    1(time 12622 - 03:30:22)(time 12784 - 03:33:04) ->    2(time 12858 - 03:34:18)(time 13009 - 03:36:49) ->    3(time 13179 - 03:39:39)(time 13335 - 03:42:15) ->    4(time 13402 - 03:43:22)(time 13565 - 03:46:05) ->    5(time 13735 - 03:48:55)(time 13735 - 03:48:55) ->    11(time 13735 - 03:48:55)(time 13898 - 03:51:38) ->    10(time 14015 - 03:53:35)(time 14171 - 03:56:11) ->    9(time 14341 - 03:59:01)(time 14492 - 04:01:32) ->    8(time 14566 - 04:02:46)(time 14728 - 04:05:28) ->    7(time 14802 - 04:06:42)(time 14940 - 04:09:00) ->    6(time 15110 - 04:11:50)(time 15110 - 04:11:50) -> 0
> Trip 5
   0(time 15110 - 04:11:50)(time 15248 - 04:14:08) ->    1(time 15344 - 04:15:44)(time 15506 - 04:18:26) ->    2(time 15580 - 04:19:40)(time 15731 - 04:22:11) ->    3(time 15901 - 04:25:01)(time 16057 - 04:27:37) ->    4(time 16124 - 04:28:44)(time 16287 - 04:31:27) ->    5(time 16457 - 04:34:17)(time 16457 - 04:34:17) ->    11(time 16711 - 04:38:31)(time 16874 - 04:41:14) ->    10(time 16941 - 04:42:21)(time 17097 - 04:44:57) ->    9(time 17423 - 04:50:23)(time 17574 - 04:52:54) ->    8(time 17648 - 04:54:08)(time 17810 - 04:56:50) ->    7(time 17884 - 04:58:04)(time 18022 - 05:00:22) ->    6(time 18192 - 05:03:12)(time 18192 - 05:03:12) -> 0
----- t5p7r2h2.txt-model.log -----
  44519 15078    17759.8523  1038    25532.0000    16782.0000 17489497   34.27%
  44527 15086    23653.0000   364    25532.0000    16782.0000 17490031   34.27%
  44534 15089    17015.0000  1154    25532.0000    16782.0000 17493832   34.27%
  44538 15093    17124.0000  1025    25532.0000    16782.0000 17494286   34.27%
  44542 15097    17184.0000   871    25532.0000    16782.0000 17494524   34.27%
  44545 15100    17526.0000   827    25532.0000    16782.0000 17494792   34.27%
  44549 15104    19899.0000   518    25532.0000    16782.0000 17495441   34.27%
  44558 15109    19728.0000   945    25532.0000    16782.0000 17499047   34.27%
  44560 15111    19899.0000   745    25532.0000    16782.0000 17499186   34.27%
Elapsed time = 41966.44 sec. (50005897.82 ticks, tree = 424.30 MB, solutions = 27)
  44568 15119    23762.0000   304    25532.0000    16782.0000 17500115   34.27%
  44584 15131    17124.0000   992    25532.0000    16782.0000 17504735   34.27%
  44589 15136    20412.0000   728    25532.0000    16782.0000 17510836   34.27%
  44599 15144    20754.0000   362    25532.0000    16782.0000 17511455   34.27%
  44615 15148    16782.0000  1112    25532.0000    16782.0000 17515875   34.27%
  44618 15151    16782.0000  1115    25532.0000    16782.0000 17515982   34.27%
  44622 15155    20070.0000   597    25532.0000    16782.0000 17516316   34.27%
  44625 15158    20070.0000   513    25532.0000    16782.0000 17516454   34.27%
  44636 15169    24675.0000   183    25532.0000    16782.0000 17517404   34.27%
  44654 15179    23016.0000   558    25532.0000    16782.0000 17520081   34.27%
Elapsed time = 42117.88 sec. (50168479.73 ticks, tree = 426.37 MB, solutions = 27)
  44660 15181    16782.0000  1219    25532.0000    16782.0000 17520651   34.27%
  44664 15185    20241.0000   610    25532.0000    16782.0000 17521889   34.27%
  44670 15191    23871.0000   445    25532.0000    16782.0000 17522990   34.27%
  44684 15199    19728.0000   640    25532.0000    16782.0000 17523887   34.27%
  44687 15202    19728.0000   536    25532.0000    16782.0000 17524024   34.27%
  44699 15214    24162.0000   217    25532.0000    16782.0000 17524679   34.27%
  44706 15216    19728.0000   964    25532.0000    16782.0000 17525480   34.27%
  44710 15220    20070.0000   574    25532.0000    16782.0000 17525789   34.27%
  44730 15234    19728.0000   928    25532.0000    16782.0000 17526749   34.27%
  44733 15237    20070.0000   615    25532.0000    16782.0000 17527165   34.27%
Elapsed time = 42275.50 sec. (50344566.47 ticks, tree = 428.09 MB, solutions = 27)
  44751 15251    24735.0000   225    25532.0000    16782.0000 17528323   34.27%
  44762 15258    16782.0000  1142    25532.0000    16782.0000 17531492   34.27%
  44766 15262    17124.0000   960    25532.0000    16782.0000 17531697   34.27%
  44771 15267    23016.0000   424    25532.0000    16782.0000 17532686   34.27%
  44791 15287    24350.0000   196    25532.0000    16782.0000 17533436   34.27%
  44801 15292    16953.0000  1033    25532.0000    16782.0000 17533880   34.27%
  44805 15296    17124.0000   966    25532.0000    16782.0000 17534020   34.27%
  44809 15300    20070.0000   582    25532.0000    16782.0000 17534401   34.27%
  44813 15304    20472.0000   567    25532.0000    16782.0000 17534753   34.27%
  44822 15313    20876.0000   272    25532.0000    16782.0000 17535092   34.27%
Elapsed time = 42425.67 sec. (50516668.67 ticks, tree = 430.24 MB, solutions = 27)
  44831 15314    16953.0000  1065    25532.0000    16782.0000 17535363   34.27%
  44834 15317    17124.0000   992    25532.0000    16782.0000 17535458   34.27%
  44838 15321    19899.0000   740    25532.0000    16782.0000 17535936   34.27%
  44846 15327    20643.0000   524    25532.0000    16782.0000 17536399   34.27%
  44861 15342    22379.0000   216    25532.0000    16782.0000 17536815   34.27%
  44874 15351    16953.0000   916    25532.0000    16782.0000 17537572   34.27%
  44890 15365    24444.0000   169    25532.0000    16782.0000 17539155   34.27%
  44905 15374    16844.0000  1038    25532.0000    16782.0000 17544805   34.27%
  44908 15377    16844.0000   874    25532.0000    16782.0000 17545179   34.27%
  44912 15381    17295.0000   758    25532.0000    16782.0000 17546284   34.27%
Elapsed time = 42566.92 sec. (50682902.77 ticks, tree = 432.23 MB, solutions = 27)
  44916 15385    17699.0000   540    25532.0000    16782.0000 17546541   34.27%
  44922 15391    20876.0000   368    25532.0000    16782.0000 17547159   34.27%
  44928 15394    17124.0000  1243    25532.0000    16782.0000 17555326   34.27%
  44930 15395    17186.0000   965    25532.0000    16782.0000 17555776   34.27%
  44932 15394    infeasible          25532.0000    16782.0000 17555988   34.27%
  44935 15397    17124.0000   968    25532.0000    16782.0000 17558119   34.27%
  44941 15403    23187.0000   475    25532.0000    16782.0000 17559479   34.27%
  44954 15412    17124.0000   901    25532.0000    16782.0000 17560409   34.27%
  44958 15416    20070.0000   665    25532.0000    16782.0000 17560623   34.27%
  44959 15417    20070.0000   657    25532.0000    16782.0000 17560626   34.27%
Elapsed time = 42717.81 sec. (50863540.55 ticks, tree = 433.18 MB, solutions = 27)
  44962 15420    20070.0000   472    25532.0000    16782.0000 17560803   34.27%
  44967 15421    16782.0000  1067    25532.0000    16782.0000 17569065   34.27%
  44971 15425    17186.0000   734    25532.0000    16782.0000 17569566   34.27%
  44975 15429    17528.0000   746    25532.0000    16782.0000 17569761   34.27%
  44980 15434    17528.0000   586    25532.0000    16782.0000 17570084   34.27%
  44990 15442    17808.0000   392    25532.0000    16782.0000 17572042   34.27%
  45008 15457    infeasible          25532.0000    16782.0000 17572670   34.27%
  45013 15457    16844.0000   906    25532.0000    16782.0000 17575281   34.27%
  45018 15462    17417.0000   796    25532.0000    16782.0000 17575644   34.27%
  45022 15464    17417.0000   729    25532.0000    16782.0000 17575811   34.27%
Elapsed time = 42854.73 sec. (51038427.13 ticks, tree = 434.41 MB, solutions = 27)
  45026 15468    17526.0000   656    25532.0000    16782.0000 17575985   34.27%
  45031 15473    17526.0000   547    25532.0000    16782.0000 17576280   34.27%
  45049 15487    16782.0000   962    25532.0000    16782.0000 17576944   34.27%
  45057 15495    19961.0000   666    25532.0000    16782.0000 17580958   34.27%
  45068 15506    23187.0000   354    25532.0000    16782.0000 17583319   34.27%
  45094 15529    25017.0000   187    25532.0000    16782.0000 17584427   34.27%
  45115 15542    infeasible          25532.0000    16782.0000 17584904   34.27%
  45121 15546    17124.0000   841    25532.0000    16782.0000 17587353   34.27%
  45125 15550    17186.0000   676    25532.0000    16782.0000 17587549   34.27%
  45131 15556    17466.0000   605    25532.0000    16782.0000 17589596   34.27%
Elapsed time = 42998.76 sec. (51209429.25 ticks, tree = 437.02 MB, solutions = 27)
  45135 15560    17979.0000   396    25532.0000    16782.0000 17589816   34.27%
  45144 15569    18674.0000   236    25532.0000    16782.0000 17590182   34.27%
  45162 15583    20680.0000   201    25532.0000    16782.0000 17590512   34.27%
  45170 15587    16844.0000   857    25532.0000    16782.0000 17592121   34.27%
  45174 15591    17186.0000   754    25532.0000    16782.0000 17592393   34.27%
  45177 15594    17637.0000   676    25532.0000    16782.0000 17592718   34.27%
  45180 15597    17808.0000   625    25532.0000    16782.0000 17592807   34.27%
  45191 15608    19091.0000   250    25532.0000    16782.0000 17594075   34.27%
  45206 15619    16844.0000   619    25532.0000    16782.0000 17594680   34.27%
  45211 15624    17186.0000   597    25532.0000    16782.0000 17596834   34.27%
Elapsed time = 43142.26 sec. (51379987.72 ticks, tree = 438.84 MB, solutions = 27)
  45215 15628    17295.0000   533    25532.0000    16782.0000 17597017   34.27%
  45222 15635    17588.0000   431    25532.0000    16782.0000 17598213   34.27%
  45226 15637    17588.0000   413    25532.0000    16782.0000 17598284   34.27%
  45238 15645    17355.0000   502    25532.0000    16782.0000 17598938   34.27%

GUB cover cuts applied:  915
Clique cuts applied:  732
Cover cuts applied:  1914
Implied bound cuts applied:  74
Flow cuts applied:  853
Mixed integer rounding cuts applied:  994
Zero-half cuts applied:  7
Gomory fractional cuts applied:  5

Root node processing (before b&c):
  Real time             =  510.70 sec. (337356.25 ticks)
Sequential b&c:
  Real time             = 42689.34 sec. (51115712.05 ticks)
                          ------------
Total (root+branch&cut) = 43200.04 sec. (51453068.30 ticks)
Feasible

>> Printing some results...
    -> Solution value = 25532 - 07:05:32
    -> Total time = 43200.04
    -> Gap value = 0.34

=============
Train 0
=============
> Trip 0
   13(time 3355 - 00:55:55)(time 3539 - 00:58:59) ->    12(time 3601 - 01:00:01)(time 3820 - 01:03:40) ->    11(time 3855 - 01:04:15)(time 4042 - 01:07:22) ->    10(time 4104 - 01:08:24)(time 4290 - 01:11:30) ->    9(time 4352 - 01:12:32)(time 4565 - 01:16:05) ->    8(time 4627 - 01:17:07)(time 4828 - 01:20:28) ->    7(time 4999 - 01:23:19)(time 4999 - 01:23:19) ->    0(time 4999 - 01:23:19)(time 5200 - 01:26:40) ->    1(time 5262 - 01:27:42)(time 5475 - 01:31:15) ->    2(time 5708 - 01:35:08)(time 5894 - 01:38:14) ->    3(time 5956 - 01:39:16)(time 6143 - 01:42:23) ->    4(time 6178 - 01:42:58)(time 6397 - 01:46:37) ->    5(time 6459 - 01:47:39)(time 6643 - 01:50:43) ->    6(time 6814 - 01:53:34)(time 6814 - 01:53:34) -> 13
> Trip 1
   13(time 6814 - 01:53:34)(time 6998 - 01:56:38) ->    12(time 7060 - 01:57:40)(time 7279 - 02:01:19) ->    11(time 7314 - 02:01:54)(time 7501 - 02:05:01) ->    10(time 7563 - 02:06:03)(time 7749 - 02:09:09) ->    9(time 7811 - 02:10:11)(time 8024 - 02:13:44) ->    8(time 8086 - 02:14:46)(time 8287 - 02:18:07) ->    7(time 8458 - 02:20:58)(time 8458 - 02:20:58) ->    0(time 8520 - 02:22:00)(time 8721 - 02:25:21) ->    1(time 8783 - 02:26:23)(time 8996 - 02:29:56) ->    2(time 9155 - 02:32:35)(time 9341 - 02:35:41) ->    3(time 9403 - 02:36:43)(time 9590 - 02:39:50) ->    4(time 9625 - 02:40:25)(time 9844 - 02:44:04) ->    5(time 9918 - 02:45:18)(time 10102 - 02:48:22) ->    6(time 10273 - 02:51:13)(time 10273 - 02:51:13) -> 13
> Trip 2
   13(time 10444 - 02:54:04)(time 10628 - 02:57:08) ->    12(time 10690 - 02:58:10)(time 10909 - 03:01:49) ->    11(time 10944 - 03:02:24)(time 11131 - 03:05:31) ->    10(time 11193 - 03:06:33)(time 11379 - 03:09:39) ->    9(time 11441 - 03:10:41)(time 11654 - 03:14:14) ->    8(time 11716 - 03:15:16)(time 11917 - 03:18:37) ->    7(time 12088 - 03:21:28)(time 12088 - 03:21:28) ->    0(time 12150 - 03:22:30)(time 12351 - 03:25:51) ->    1(time 12413 - 03:26:53)(time 12626 - 03:30:26) ->    2(time 12688 - 03:31:28)(time 12874 - 03:34:34) ->    3(time 13045 - 03:37:25)(time 13232 - 03:40:32) ->    4(time 13267 - 03:41:07)(time 13486 - 03:44:46) ->    5(time 13548 - 03:45:48)(time 13732 - 03:48:52) ->    6(time 13903 - 03:51:43)(time 13903 - 03:51:43) -> 13
> Trip 3
   13(time 14196 - 03:56:36)(time 14380 - 03:59:40) ->    12(time 14442 - 04:00:42)(time 14661 - 04:04:21) ->    11(time 14696 - 04:04:56)(time 14883 - 04:08:03) ->    10(time 14945 - 04:09:05)(time 15131 - 04:12:11) ->    9(time 15193 - 04:13:13)(time 15406 - 04:16:46) ->    8(time 15468 - 04:17:48)(time 15669 - 04:21:09) ->    7(time 15840 - 04:24:00)(time 15840 - 04:24:00) ->    0(time 16011 - 04:26:51)(time 16212 - 04:30:12) ->    1(time 16274 - 04:31:14)(time 16487 - 04:34:47) ->    2(time 16549 - 04:35:49)(time 16735 - 04:38:55) ->    3(time 16797 - 04:39:57)(time 16984 - 04:43:04) ->    4(time 17019 - 04:43:39)(time 17238 - 04:47:18) ->    5(time 17300 - 04:48:20)(time 17484 - 04:51:24) ->    6(time 17655 - 04:54:15)(time 17655 - 04:54:15) -> 13
> Trip 4
   13(time 19740 - 05:29:00)(time 19924 - 05:32:04) ->    12(time 19986 - 05:33:06)(time 20205 - 05:36:45) ->    11(time 20240 - 05:37:20)(time 20427 - 05:40:27) ->    10(time 20536 - 05:42:16)(time 20722 - 05:45:22) ->    9(time 20784 - 05:46:24)(time 20997 - 05:49:57) ->    8(time 21059 - 05:50:59)(time 21260 - 05:54:20) ->    7(time 21481 - 05:58:01)(time 21481 - 05:58:01) ->    0(time 21481 - 05:58:01)(time 21682 - 06:01:22) ->    1(time 21744 - 06:02:24)(time 21957 - 06:05:57) ->    2(time 22019 - 06:06:59)(time 22205 - 06:10:05) ->    3(time 22696 - 06:18:16)(time 22883 - 06:21:23) ->    4(time 22918 - 06:21:58)(time 23137 - 06:25:37) ->    5(time 23199 - 06:26:39)(time 23383 - 06:29:43) ->    6(time 23554 - 06:32:34)(time 23554 - 06:32:34) -> 13
> Trip 5
   13(time 25443 - 07:04:03)(time 25627 - 07:07:07) ->    12(time 25689 - 07:08:09)(time 25908 - 07:11:48) ->    11(time 25943 - 07:12:23)(time 26130 - 07:15:30) ->    10(time 26532 - 07:22:12)(time 26718 - 07:25:18) ->    9(time 26780 - 07:26:20)(time 26993 - 07:29:53) ->    8(time 27102 - 07:31:42)(time 27303 - 07:35:03) ->    7(time 27474 - 07:37:54)(time 27474 - 07:37:54) ->    0(time 27901 - 07:45:01)(time 28102 - 07:48:22) ->    1(time 28164 - 07:49:24)(time 28377 - 07:52:57) ->    2(time 28439 - 07:53:59)(time 28625 - 07:57:05) ->    3(time 28687 - 07:58:07)(time 28874 - 08:01:14) ->    4(time 29010 - 08:03:30)(time 29229 - 08:07:09) ->    5(time 29291 - 08:08:11)(time 29475 - 08:11:15) ->    6(time 29646 - 08:14:06)(time 29646 - 08:14:06) -> 13
=============
Train 1
=============
> Trip 0
   13(time 3013 - 00:50:13)(time 3197 - 00:53:17) ->    12(time 3259 - 00:54:19)(time 3478 - 00:57:58) ->    11(time 3513 - 00:58:33)(time 3700 - 01:01:40) ->    10(time 3762 - 01:02:42)(time 3948 - 01:05:48) ->    9(time 4010 - 01:06:50)(time 4223 - 01:10:23) ->    8(time 4285 - 01:11:25)(time 4486 - 01:14:46) ->    7(time 4657 - 01:17:37)(time 4657 - 01:17:37) ->    0(time 4828 - 01:20:28)(time 5029 - 01:23:49) ->    1(time 5091 - 01:24:51)(time 5304 - 01:28:24) ->    2(time 5366 - 01:29:26)(time 5552 - 01:32:32) ->    3(time 5614 - 01:33:34)(time 5801 - 01:36:41) ->    4(time 5836 - 01:37:16)(time 6055 - 01:40:55) ->    5(time 6117 - 01:41:57)(time 6301 - 01:45:01) ->    6(time 6472 - 01:47:52)(time 6472 - 01:47:52) -> 13
> Trip 1
   13(time 6643 - 01:50:43)(time 6827 - 01:53:47) ->    12(time 6889 - 01:54:49)(time 7108 - 01:58:28) ->    11(time 7143 - 01:59:03)(time 7330 - 02:02:10) ->    10(time 7392 - 02:03:12)(time 7578 - 02:06:18) ->    9(time 7640 - 02:07:20)(time 7853 - 02:10:53) ->    8(time 7915 - 02:11:55)(time 8116 - 02:15:16) ->    7(time 8287 - 02:18:07)(time 8287 - 02:18:07) ->    0(time 8458 - 02:20:58)(time 8659 - 02:24:19) ->    1(time 8721 - 02:25:21)(time 8934 - 02:28:54) ->    2(time 8996 - 02:29:56)(time 9182 - 02:33:02) ->    3(time 9244 - 02:34:04)(time 9431 - 02:37:11) ->    4(time 9466 - 02:37:46)(time 9685 - 02:41:25) ->    5(time 9747 - 02:42:27)(time 9931 - 02:45:31) ->    6(time 10102 - 02:48:22)(time 10102 - 02:48:22) -> 13
> Trip 2
   13(time 10273 - 02:51:13)(time 10457 - 02:54:17) ->    12(time 10519 - 02:55:19)(time 10738 - 02:58:58) ->    11(time 10773 - 02:59:33)(time 10960 - 03:02:40) ->    10(time 11022 - 03:03:42)(time 11208 - 03:06:48) ->    9(time 11270 - 03:07:50)(time 11483 - 03:11:23) ->    8(time 11545 - 03:12:25)(time 11746 - 03:15:46) ->    7(time 11917 - 03:18:37)(time 11917 - 03:18:37) ->    0(time 12088 - 03:21:28)(time 12289 - 03:24:49) ->    1(time 12351 - 03:25:51)(time 12564 - 03:29:24) ->    2(time 12626 - 03:30:26)(time 12812 - 03:33:32) ->    3(time 12874 - 03:34:34)(time 13061 - 03:37:41) ->    4(time 13096 - 03:38:16)(time 13315 - 03:41:55) ->    5(time 13377 - 03:42:57)(time 13561 - 03:46:01) ->    6(time 13732 - 03:48:52)(time 13732 - 03:48:52) -> 13
> Trip 3
   13(time 17888 - 04:58:08)(time 18072 - 05:01:12) ->    12(time 18134 - 05:02:14)(time 18353 - 05:05:53) ->    11(time 18388 - 05:06:28)(time 18575 - 05:09:35) ->    10(time 18637 - 05:10:37)(time 18823 - 05:13:43) ->    9(time 18885 - 05:14:45)(time 19098 - 05:18:18) ->    8(time 19269 - 05:21:09)(time 19470 - 05:24:30) ->    7(time 19641 - 05:27:21)(time 19641 - 05:27:21) ->    0(time 19703 - 05:28:23)(time 19904 - 05:31:44) ->    1(time 20013 - 05:33:33)(time 20226 - 05:37:06) ->    2(time 20288 - 05:38:08)(time 20474 - 05:41:14) ->    3(time 20536 - 05:42:16)(time 20723 - 05:45:23) ->    4(time 20820 - 05:47:00)(time 21039 - 05:50:39) ->    5(time 21101 - 05:51:41)(time 21285 - 05:54:45) ->    6(time 21456 - 05:57:36)(time 21456 - 05:57:36) -> 13
> Trip 4
   13(time 21942 - 06:05:42)(time 22126 - 06:08:46) ->    12(time 22188 - 06:09:48)(time 22407 - 06:13:27) ->    11(time 22442 - 06:14:02)(time 22629 - 06:17:09) ->    10(time 22691 - 06:18:11)(time 22877 - 06:21:17) ->    9(time 22939 - 06:22:19)(time 23152 - 06:25:52) ->    8(time 23643 - 06:34:03)(time 23844 - 06:37:24) ->    7(time 24015 - 06:40:15)(time 24015 - 06:40:15) ->    0(time 24015 - 06:40:15)(time 24216 - 06:43:36) ->    1(time 24278 - 06:44:38)(time 24491 - 06:48:11) ->    2(time 24982 - 06:56:22)(time 25168 - 06:59:28) ->    3(time 25230 - 07:00:30)(time 25417 - 07:03:37) ->    4(time 25908 - 07:11:48)(time 26127 - 07:15:27) ->    5(time 26189 - 07:16:29)(time 26373 - 07:19:33) ->    6(time 26544 - 07:22:24)(time 26544 - 07:22:24) -> 13
> Trip 5
   13(time 26829 - 07:27:09)(time 27013 - 07:30:13) ->    12(time 27075 - 07:31:15)(time 27294 - 07:34:54) ->    11(time 27329 - 07:35:29)(time 27516 - 07:38:36) ->    10(time 27703 - 07:41:43)(time 27889 - 07:44:49) ->    9(time 27951 - 07:45:51)(time 28164 - 07:49:24) ->    8(time 28655 - 07:57:35)(time 28856 - 08:00:56) ->    7(time 29063 - 08:04:23)(time 29063 - 08:04:23) ->    0(time 29063 - 08:04:23)(time 29264 - 08:07:44) ->    1(time 29755 - 08:15:55)(time 29968 - 08:19:28) ->    2(time 30030 - 08:20:30)(time 30216 - 08:23:36) ->    3(time 30278 - 08:24:38)(time 30465 - 08:27:45) ->    4(time 30500 - 08:28:20)(time 30719 - 08:31:59) ->    5(time 30781 - 08:33:01)(time 30965 - 08:36:05) ->    6(time 31456 - 08:44:16)(time 31456 - 08:44:16) -> 13
=============
Train 2
=============
> Trip 0
   13(time 11079 - 03:04:39)(time 11263 - 03:07:43) ->    12(time 11325 - 03:08:45)(time 11544 - 03:12:24) ->    11(time 11579 - 03:12:59)(time 11766 - 03:16:06) ->    10(time 11828 - 03:17:08)(time 12014 - 03:20:14) ->    9(time 12076 - 03:21:16)(time 12289 - 03:24:49) ->    8(time 12351 - 03:25:51)(time 12552 - 03:29:12) ->    7(time 12723 - 03:32:03)(time 12723 - 03:32:03) ->    0(time 12723 - 03:32:03)(time 12924 - 03:35:24) ->    1(time 12986 - 03:36:26)(time 13199 - 03:39:59) ->    2(time 13261 - 03:41:01)(time 13447 - 03:44:07) ->    3(time 13509 - 03:45:09)(time 13696 - 03:48:16) ->    4(time 13731 - 03:48:51)(time 13950 - 03:52:30) ->    5(time 14012 - 03:53:32)(time 14196 - 03:56:36) ->    6(time 14367 - 03:59:27)(time 14367 - 03:59:27) -> 13
> Trip 1
   13(time 14367 - 03:59:27)(time 14551 - 04:02:31) ->    12(time 14784 - 04:06:24)(time 15003 - 04:10:03) ->    11(time 15038 - 04:10:38)(time 15225 - 04:13:45) ->    10(time 15287 - 04:14:47)(time 15473 - 04:17:53) ->    9(time 15535 - 04:18:55)(time 15748 - 04:22:28) ->    8(time 15810 - 04:23:30)(time 16011 - 04:26:51) ->    7(time 16353 - 04:32:33)(time 16353 - 04:32:33) ->    0(time 16353 - 04:32:33)(time 16554 - 04:35:54) ->    1(time 16616 - 04:36:56)(time 16829 - 04:40:29) ->    2(time 16891 - 04:41:31)(time 17077 - 04:44:37) ->    3(time 17139 - 04:45:39)(time 17326 - 04:48:46) ->    4(time 17361 - 04:49:21)(time 17580 - 04:53:00) ->    5(time 17642 - 04:54:02)(time 17826 - 04:57:06) ->    6(time 17997 - 04:59:57)(time 17997 - 04:59:57) -> 13
> Trip 2
   13(time 18168 - 05:02:48)(time 18352 - 05:05:52) ->    12(time 18414 - 05:06:54)(time 18633 - 05:10:33) ->    11(time 18668 - 05:11:08)(time 18855 - 05:14:15) ->    10(time 18917 - 05:15:17)(time 19103 - 05:18:23) ->    9(time 19165 - 05:19:25)(time 19378 - 05:22:58) ->    8(time 19440 - 05:24:00)(time 19641 - 05:27:21) ->    7(time 19812 - 05:30:12)(time 19812 - 05:30:12) ->    0(time 19812 - 05:30:12)(time 20013 - 05:33:33) ->    1(time 20075 - 05:34:35)(time 20288 - 05:38:08) ->    2(time 20350 - 05:39:10)(time 20536 - 05:42:16) ->    3(time 20660 - 05:44:20)(time 20847 - 05:47:27) ->    4(time 20882 - 05:48:02)(time 21101 - 05:51:41) ->    5(time 21272 - 05:54:32)(time 21456 - 05:57:36) ->    6(time 21627 - 06:00:27)(time 21627 - 06:00:27) -> 13
> Trip 3
   13(time 21627 - 06:00:27)(time 21811 - 06:03:31) ->    12(time 22044 - 06:07:24)(time 22263 - 06:11:03) ->    11(time 22298 - 06:11:38)(time 22485 - 06:14:45) ->    10(time 22547 - 06:15:47)(time 22733 - 06:18:53) ->    9(time 22795 - 06:19:55)(time 23008 - 06:23:28) ->    8(time 23070 - 06:24:30)(time 23271 - 06:27:51) ->    7(time 23442 - 06:30:42)(time 23442 - 06:30:42) ->    0(time 23442 - 06:30:42)(time 23643 - 06:34:03) ->    1(time 23705 - 06:35:05)(time 23918 - 06:38:38) ->    2(time 23980 - 06:39:40)(time 24166 - 06:42:46) ->    3(time 24228 - 06:43:48)(time 24415 - 06:46:55) ->    4(time 24512 - 06:48:32)(time 24731 - 06:52:11) ->    5(time 24902 - 06:55:02)(time 25086 - 06:58:06) ->    6(time 25257 - 07:00:57)(time 25257 - 07:00:57) -> 13
> Trip 4
   13(time 25257 - 07:00:57)(time 25441 - 07:04:01) ->    12(time 25503 - 07:05:03)(time 25722 - 07:08:42) ->    11(time 25757 - 07:09:17)(time 25944 - 07:12:24) ->    10(time 26006 - 07:13:26)(time 26192 - 07:16:32) ->    9(time 26254 - 07:17:34)(time 26467 - 07:21:07) ->    8(time 26529 - 07:22:09)(time 26730 - 07:25:30) ->    7(time 26901 - 07:28:21)(time 26901 - 07:28:21) ->    0(time 26901 - 07:28:21)(time 27102 - 07:31:42) ->    1(time 27164 - 07:32:44)(time 27377 - 07:36:17) ->    2(time 27439 - 07:37:19)(time 27625 - 07:40:25) ->    3(time 27687 - 07:41:27)(time 27874 - 07:44:34) ->    4(time 27909 - 07:45:09)(time 28128 - 07:48:48) ->    5(time 28190 - 07:49:50)(time 28374 - 07:52:54) ->    6(time 28545 - 07:55:45)(time 28545 - 07:55:45) -> 13
> Trip 5
   13(time 28545 - 07:55:45)(time 28729 - 07:58:49) ->    12(time 28791 - 07:59:51)(time 29010 - 08:03:30) ->    11(time 29045 - 08:04:05)(time 29232 - 08:07:12) ->    10(time 29294 - 08:08:14)(time 29480 - 08:11:20) ->    9(time 29542 - 08:12:22)(time 29755 - 08:15:55) ->    8(time 29817 - 08:16:57)(time 30018 - 08:20:18) ->    7(time 30189 - 08:23:09)(time 30189 - 08:23:09) ->    0(time 30189 - 08:23:09)(time 30390 - 08:26:30) ->    1(time 30452 - 08:27:32)(time 30665 - 08:31:05) ->    2(time 30727 - 08:32:07)(time 30913 - 08:35:13) ->    3(time 30975 - 08:36:15)(time 31162 - 08:39:22) ->    4(time 31197 - 08:39:57)(time 31416 - 08:43:36) ->    5(time 31478 - 08:44:38)(time 31662 - 08:47:42) ->    6(time 31833 - 08:50:33)(time 31833 - 08:50:33) -> 13
=============
Train 3
=============
> Trip 0
   13(time 3417 - 00:56:57)(time 3601 - 01:00:01) ->    12(time 4092 - 01:08:12)(time 4311 - 01:11:51) ->    11(time 4346 - 01:12:26)(time 4533 - 01:15:33) ->    10(time 4595 - 01:16:35)(time 4781 - 01:19:41) ->    9(time 4878 - 01:21:18)(time 5091 - 01:24:51) ->    8(time 5582 - 01:33:02)(time 5783 - 01:36:23) ->    7(time 5954 - 01:39:14)(time 5954 - 01:39:14) ->    0(time 5954 - 01:39:14)(time 6155 - 01:42:35) ->    1(time 6217 - 01:43:37)(time 6430 - 01:47:10) ->    2(time 6708 - 01:51:48)(time 6894 - 01:54:54) ->    3(time 6956 - 01:55:56)(time 7143 - 01:59:03) ->    4(time 7341 - 02:02:21)(time 7560 - 02:06:00) ->    5(time 7622 - 02:07:02)(time 7806 - 02:10:06) ->    6(time 7977 - 02:12:57)(time 7977 - 02:12:57) -> 13
> Trip 1
   13(time 8557 - 02:22:37)(time 8741 - 02:25:41) ->    12(time 8803 - 02:26:43)(time 9022 - 02:30:22) ->    11(time 9057 - 02:30:57)(time 9244 - 02:34:04) ->    10(time 9403 - 02:36:43)(time 9589 - 02:39:49) ->    9(time 9651 - 02:40:51)(time 9864 - 02:44:24) ->    8(time 9926 - 02:45:26)(time 10127 - 02:48:47) ->    7(time 10298 - 02:51:38)(time 10298 - 02:51:38) ->    0(time 10298 - 02:51:38)(time 10499 - 02:54:59) ->    1(time 10561 - 02:56:01)(time 10774 - 02:59:34) ->    2(time 10836 - 03:00:36)(time 11022 - 03:03:42) ->    3(time 11322 - 03:08:42)(time 11509 - 03:11:49) ->    4(time 11544 - 03:12:24)(time 11763 - 03:16:03) ->    5(time 11825 - 03:17:05)(time 12009 - 03:20:09) ->    6(time 12180 - 03:23:00)(time 12180 - 03:23:00) -> 13
> Trip 2
   13(time 15064 - 04:11:04)(time 15248 - 04:14:08) ->    12(time 15310 - 04:15:10)(time 15529 - 04:18:49) ->    11(time 15564 - 04:19:24)(time 15751 - 04:22:31) ->    10(time 15813 - 04:23:33)(time 15999 - 04:26:39) ->    9(time 16061 - 04:27:41)(time 16274 - 04:31:14) ->    8(time 16765 - 04:39:25)(time 16966 - 04:42:46) ->    7(time 17137 - 04:45:37)(time 17137 - 04:45:37) ->    0(time 17137 - 04:45:37)(time 17338 - 04:48:58) ->    1(time 17474 - 04:51:14)(time 17687 - 04:54:47) ->    2(time 18178 - 05:02:58)(time 18364 - 05:06:04) ->    3(time 18855 - 05:14:15)(time 19042 - 05:17:22) ->    4(time 19077 - 05:17:57)(time 19296 - 05:21:36) ->    5(time 19358 - 05:22:38)(time 19542 - 05:25:42) ->    6(time 19713 - 05:28:33)(time 19713 - 05:28:33) -> 13
> Trip 3
   13(time 21565 - 05:59:25)(time 21749 - 06:02:29) ->    12(time 21811 - 06:03:31)(time 22030 - 06:07:10) ->    11(time 22065 - 06:07:45)(time 22252 - 06:10:52) ->    10(time 22314 - 06:11:54)(time 22500 - 06:15:00) ->    9(time 22624 - 06:17:04)(time 22837 - 06:20:37) ->    8(time 22899 - 06:21:39)(time 23100 - 06:25:00) ->    7(time 23271 - 06:27:51)(time 23271 - 06:27:51) ->    0(time 23333 - 06:28:53)(time 23534 - 06:32:14) ->    1(time 23596 - 06:33:16)(time 23809 - 06:36:49) ->    2(time 23871 - 06:37:51)(time 24057 - 06:40:57) ->    3(time 24119 - 06:41:59)(time 24306 - 06:45:06) ->    4(time 24341 - 06:45:41)(time 24560 - 06:49:20) ->    5(time 24731 - 06:52:11)(time 24915 - 06:55:15) ->    6(time 25086 - 06:58:06)(time 25086 - 06:58:06) -> 13
> Trip 4
   13(time 25086 - 06:58:06)(time 25270 - 07:01:10) ->    12(time 25332 - 07:02:12)(time 25551 - 07:05:51) ->    11(time 25586 - 07:06:26)(time 25773 - 07:09:33) ->    10(time 25835 - 07:10:35)(time 26021 - 07:13:41) ->    9(time 26083 - 07:14:43)(time 26296 - 07:18:16) ->    8(time 26358 - 07:19:18)(time 26559 - 07:22:39) ->    7(time 26730 - 07:25:30)(time 26730 - 07:25:30) ->    0(time 26730 - 07:25:30)(time 26931 - 07:28:51) ->    1(time 26993 - 07:29:53)(time 27206 - 07:33:26) ->    2(time 27268 - 07:34:28)(time 27454 - 07:37:34) ->    3(time 27516 - 07:38:36)(time 27703 - 07:41:43) ->    4(time 27738 - 07:42:18)(time 27957 - 07:45:57) ->    5(time 28019 - 07:46:59)(time 28203 - 07:50:03) ->    6(time 28374 - 07:52:54)(time 28374 - 07:52:54) -> 13
> Trip 5
   13(time 28374 - 07:52:54)(time 28558 - 07:55:58) ->    12(time 28620 - 07:57:00)(time 28839 - 08:00:39) ->    11(time 28874 - 08:01:14)(time 29061 - 08:04:21) ->    10(time 29123 - 08:05:23)(time 29309 - 08:08:29) ->    9(time 29371 - 08:09:31)(time 29584 - 08:13:04) ->    8(time 29646 - 08:14:06)(time 29847 - 08:17:27) ->    7(time 30018 - 08:20:18)(time 30018 - 08:20:18) ->    0(time 30018 - 08:20:18)(time 30219 - 08:23:39) ->    1(time 30281 - 08:24:41)(time 30494 - 08:28:14) ->    2(time 30556 - 08:29:16)(time 30742 - 08:32:22) ->    3(time 30804 - 08:33:24)(time 30991 - 08:36:31) ->    4(time 31026 - 08:37:06)(time 31245 - 08:40:45) ->    5(time 31307 - 08:41:47)(time 31491 - 08:44:51) ->    6(time 31662 - 08:47:42)(time 31662 - 08:47:42) -> 13
=============
Train 4
=============
> Trip 0
   13(time 3184 - 00:53:04)(time 3368 - 00:56:08) ->    12(time 3430 - 00:57:10)(time 3649 - 01:00:49) ->    11(time 3684 - 01:01:24)(time 3871 - 01:04:31) ->    10(time 3933 - 01:05:33)(time 4119 - 01:08:39) ->    9(time 4181 - 01:09:41)(time 4394 - 01:13:14) ->    8(time 4456 - 01:14:16)(time 4657 - 01:17:37) ->    7(time 4828 - 01:20:28)(time 4828 - 01:20:28) ->    0(time 4890 - 01:21:30)(time 5091 - 01:24:51) ->    1(time 5200 - 01:26:40)(time 5413 - 01:30:13) ->    2(time 5475 - 01:31:15)(time 5661 - 01:34:21) ->    3(time 5723 - 01:35:23)(time 5910 - 01:38:30) ->    4(time 5945 - 01:39:05)(time 6164 - 01:42:44) ->    5(time 6288 - 01:44:48)(time 6472 - 01:47:52) ->    6(time 6643 - 01:50:43)(time 6643 - 01:50:43) -> 13
> Trip 1
   13(time 6876 - 01:54:36)(time 7060 - 01:57:40) ->    12(time 7122 - 01:58:42)(time 7341 - 02:02:21) ->    11(time 7376 - 02:02:56)(time 7563 - 02:06:03) ->    10(time 7625 - 02:07:05)(time 7811 - 02:10:11) ->    9(time 7982 - 02:13:02)(time 8195 - 02:16:35) ->    8(time 8257 - 02:17:37)(time 8458 - 02:20:58) ->    7(time 8679 - 02:24:39)(time 8679 - 02:24:39) ->    0(time 8679 - 02:24:39)(time 8880 - 02:28:00) ->    1(time 8942 - 02:29:02)(time 9155 - 02:32:35) ->    2(time 9217 - 02:33:37)(time 9403 - 02:36:43) ->    3(time 9465 - 02:37:45)(time 9652 - 02:40:52) ->    4(time 9699 - 02:41:39)(time 9918 - 02:45:18) ->    5(time 10089 - 02:48:09)(time 10273 - 02:51:13) ->    6(time 10444 - 02:54:04)(time 10444 - 02:54:04) -> 13
> Trip 2
   13(time 10615 - 02:56:55)(time 10799 - 02:59:59) ->    12(time 10861 - 03:01:01)(time 11080 - 03:04:40) ->    11(time 11115 - 03:05:15)(time 11302 - 03:08:22) ->    10(time 11364 - 03:09:24)(time 11550 - 03:12:30) ->    9(time 11612 - 03:13:32)(time 11825 - 03:17:05) ->    8(time 11887 - 03:18:07)(time 12088 - 03:21:28) ->    7(time 12552 - 03:29:12)(time 12552 - 03:29:12) ->    0(time 12552 - 03:29:12)(time 12753 - 03:32:33) ->    1(time 12815 - 03:33:35)(time 13028 - 03:37:08) ->    2(time 13090 - 03:38:10)(time 13276 - 03:41:16) ->    3(time 13338 - 03:42:18)(time 13525 - 03:45:25) ->    4(time 13560 - 03:46:00)(time 13779 - 03:49:39) ->    5(time 13841 - 03:50:41)(time 14025 - 03:53:45) ->    6(time 14196 - 03:56:36)(time 14196 - 03:56:36) -> 13
> Trip 3
   13(time 14305 - 03:58:25)(time 14489 - 04:01:29) ->    12(time 14551 - 04:02:31)(time 14770 - 04:06:10) ->    11(time 14805 - 04:06:45)(time 14992 - 04:09:52) ->    10(time 15054 - 04:10:54)(time 15240 - 04:14:00) ->    9(time 15364 - 04:16:04)(time 15577 - 04:19:37) ->    8(time 15639 - 04:20:39)(time 15840 - 04:24:00) ->    7(time 16011 - 04:26:51)(time 16011 - 04:26:51) ->    0(time 16182 - 04:29:42)(time 16383 - 04:33:03) ->    1(time 16445 - 04:34:05)(time 16658 - 04:37:38) ->    2(time 16720 - 04:38:40)(time 16906 - 04:41:46) ->    3(time 16968 - 04:42:48)(time 17155 - 04:45:55) ->    4(time 17190 - 04:46:30)(time 17409 - 04:50:09) ->    5(time 17471 - 04:51:11)(time 17655 - 04:54:15) ->    6(time 17826 - 04:57:06)(time 17826 - 04:57:06) -> 13
> Trip 4
   13(time 17826 - 04:57:06)(time 18010 - 05:00:10) ->    12(time 18072 - 05:01:12)(time 18291 - 05:04:51) ->    11(time 18326 - 05:05:26)(time 18513 - 05:08:33) ->    10(time 18575 - 05:09:35)(time 18761 - 05:12:41) ->    9(time 18823 - 05:13:43)(time 19036 - 05:17:16) ->    8(time 19098 - 05:18:18)(time 19299 - 05:21:39) ->    7(time 19470 - 05:24:30)(time 19470 - 05:24:30) ->    0(time 19641 - 05:27:21)(time 19842 - 05:30:42) ->    1(time 19904 - 05:31:44)(time 20117 - 05:35:17) ->    2(time 20179 - 05:36:19)(time 20365 - 05:39:25) ->    3(time 20427 - 05:40:27)(time 20614 - 05:43:34) ->    4(time 20649 - 05:44:09)(time 20868 - 05:47:48) ->    5(time 20930 - 05:48:50)(time 21114 - 05:51:54) ->    6(time 21285 - 05:54:45)(time 21285 - 05:54:45) -> 13
> Trip 5
   13(time 21456 - 05:57:36)(time 21640 - 06:00:40) ->    12(time 21702 - 06:01:42)(time 21921 - 06:05:21) ->    11(time 21956 - 06:05:56)(time 22143 - 06:09:03) ->    10(time 22205 - 06:10:05)(time 22391 - 06:13:11) ->    9(time 22453 - 06:14:13)(time 22666 - 06:17:46) ->    8(time 22728 - 06:18:48)(time 22929 - 06:22:09) ->    7(time 23100 - 06:25:00)(time 23100 - 06:25:00) ->    0(time 23271 - 06:27:51)(time 23472 - 06:31:12) ->    1(time 23534 - 06:32:14)(time 23747 - 06:35:47) ->    2(time 23809 - 06:36:49)(time 23995 - 06:39:55) ->    3(time 24057 - 06:40:57)(time 24244 - 06:44:04) ->    4(time 24279 - 06:44:39)(time 24498 - 06:48:18) ->    5(time 24560 - 06:49:20)(time 24744 - 06:52:24) ->    6(time 24915 - 06:55:15)(time 24915 - 06:55:15) -> 13
----- t5p8r8h3.txt-model.log -----
  79518 18685    16413.0000    94    17469.0000    16413.0000 17194199    6.04%
Elapsed time = 6489.54 sec. (7555502.40 ticks, tree = 30.34 MB, solutions = 14)
  80168 18805    16529.0000    68    17469.0000    16413.3290 17231691    6.04%
  80796 18932    16529.0000    96    17469.0000    16413.8727 17268389    6.04%
  81446 19071    16414.6210   101    17469.0000    16414.6210 17304392    6.04%
  82147 19153    16531.7333    85    17469.0000    16414.8088 17341524    6.03%
  82750 19263    16415.3085    68    17469.0000    16415.3085 17375982    6.03%
  83412 19355    infeasible          17469.0000    16416.9739 17415792    6.02%
  84098 19419    16529.0000    99    17469.0000    16425.0709 17456474    5.98%
  84766 19481    infeasible          17469.0000    16439.3861 17498840    5.89%
  85486 19566    16750.0000    54    17469.0000    16464.0000 17540764    5.75%
  86196 19624    infeasible          17469.0000    16471.0000 17580658    5.71%
Elapsed time = 6609.88 sec. (7708287.52 ticks, tree = 32.00 MB, solutions = 14)
  86938 19748    16703.0000    90    17469.0000    16471.0000 17618297    5.71%
  87549 19823    infeasible          17469.0000    16472.7455 17653942    5.70%
  88223 19854    16555.9231    66    17469.0000    16503.6128 17695189    5.53%
  88929 19896    16819.0000    53    17469.0000    16529.0000 17737140    5.38%
  89641 19924    infeasible          17469.0000    16529.0000 17779989    5.38%
  90493 19940    16647.6951    94    17469.0000    16529.0000 17825902    5.38%
  91308 19913    infeasible          17469.0000    16529.0000 17872676    5.38%
  92151 19888    16529.0000    56    17469.0000    16529.0000 17919501    5.38%
  93054 19855    infeasible          17469.0000    16529.0000 17967526    5.38%
  93945 19850    16645.0000    92    17469.0000    16529.0000 18014318    5.38%
Elapsed time = 6729.92 sec. (7861045.65 ticks, tree = 32.62 MB, solutions = 14)
  94844 19830        cutoff          17469.0000    16529.0000 18062209    5.38%
  95648 19849    infeasible          17469.0000    16529.0000 18108274    5.38%
  96422 19840    17005.0000    81    17469.0000    16529.0000 18154516    5.38%
  97248 19853    17295.0000    52    17469.0000    16529.0000 18202181    5.38%
  98038 19875    16869.0000    62    17469.0000    16529.0000 18246778    5.38%
  98777 19906    16889.0000    46    17469.0000    16529.0000 18292032    5.38%
  99601 19918    16703.0000    45    17469.0000    16529.0000 18338058    5.38%
 100415 19963    17005.0000    40    17469.0000    16529.0000 18378497    5.38%
 101208 19973    infeasible          17469.0000    16529.0000 18423929    5.38%
 101972 19982    16877.0000    62    17469.0000    16529.0000 18467468    5.38%
Elapsed time = 6850.51 sec. (8013771.32 ticks, tree = 32.88 MB, solutions = 14)
 102744 19979    16877.0000    37    17469.0000    16529.0000 18513120    5.38%
 103500 20035    16645.0000    81    17469.0000    16529.0000 18554627    5.38%
 104274 20045    infeasible          17469.0000    16529.0000 18596383    5.38%
 105013 20066    17052.0000    39    17469.0000    16529.0000 18636983    5.38%
 105742 20112    17005.0000    56    17469.0000    16529.0000 18678899    5.38%
 106442 20162    17179.0000    55    17469.0000    16529.0000 18720137    5.38%
 107184 20217    infeasible          17469.0000    16529.0000 18761566    5.38%
 107894 20289    infeasible          17469.0000    16529.0000 18801837    5.38%
 108641 20323    16529.0000    49    17469.0000    16529.0000 18844111    5.38%
 109414 20340    17005.0000    42    17469.0000    16529.0000 18890177    5.38%
Elapsed time = 6970.85 sec. (8166554.21 ticks, tree = 33.51 MB, solutions = 14)
 110182 20345    17005.0000    68    17469.0000    16529.0237 18934689    5.38%
 110841 20373    17179.0000    35    17469.0000    16529.5929 18975181    5.38%
 111633 20349    17121.0000    91    17469.0000    16529.7674 19020921    5.38%
 112423 20290    infeasible          17469.0000    16530.3135 19068166    5.37%
 113219 20262    17006.6210    62    17469.0000    16530.6210 19114797    5.37%
 113978 20241    17227.7455    56    17469.0000    16530.7455 19162548    5.37%
 114789 20189    16869.0000    53    17469.0000    16530.7455 19208008    5.37%
 115563 20184    16645.0000    70    17469.0000    16530.8088 19246049    5.37%
 116259 20179    17007.3085   118    17469.0000    16531.3085 19288030    5.37%
 117026 20153    17168.0000    59    17469.0000    16531.7333 19329130    5.37%
Elapsed time = 7091.95 sec. (8319312.42 ticks, tree = 33.33 MB, solutions = 14)
 117795 20187    17411.0000    39    17469.0000    16531.9245 19370039    5.36%
 118593 20172    infeasible          17469.0000    16533.0757 19418316    5.36%
 119411 20132    infeasible          17469.0000    16535.3528 19466040    5.34%
 120216 20083    17006.6210    35    17469.0000    16536.0156 19518307    5.34%
 121047 20018    16645.0000    69    17469.0000    16539.4137 19568634    5.32%
 121809 19973    16808.0000    76    17469.0000    16551.8286 19616389    5.25%
 122622 19903    16927.6667    70    17469.0000    16567.6667 19664707    5.16%
 123475 19843    16703.0000    65    17469.0000    16576.0000 19711960    5.11%
 124332 19738    17226.0000    38    17469.0000    16579.0000 19760103    5.09%
 125149 19665    16704.7455    74    17469.0000    16587.0000 19807963    5.05%
Elapsed time = 7212.93 sec. (8472067.54 ticks, tree = 32.68 MB, solutions = 14)
 125921 19603    17005.0000    95    17469.0000    16587.0000 19854653    5.05%
 126690 19537    infeasible          17469.0000    16587.0000 19897101    5.05%
 127434 19511    16819.0000    59    17469.0000    16587.0000 19932448    5.05%
 128163 19496    17168.0000    66    17469.0000    16588.7455 19972020    5.04%
 128846 19434    16617.6667    95    17469.0000    16617.6667 20011687    4.87%
 129773 19218    16645.8009   130    17469.0000    16635.5921 20066621    4.77%
 130562 19134    17005.0000    42    17469.0000    16645.0000 20117394    4.72%
 131391 19017    17179.0000    31    17469.0000    16645.0000 20166909    4.72%
 132356 18753    16645.0000    92    17469.0000    16645.0000 20221089    4.72%
 133175 18598    16645.0000   115    17469.0000    16645.0000 20270317    4.72%
Elapsed time = 7335.00 sec. (8624920.27 ticks, tree = 31.22 MB, solutions = 14)
 134024 18442    16645.0000   105    17469.0000    16645.0000 20316484    4.72%
 134856 18263    infeasible          17469.0000    16645.0000 20364693    4.72%
 135706 18082    16703.0000    58    17469.0000    16645.0000 20412970    4.72%
 136511 17964    17121.0000   104    17469.0000    16645.0000 20456247    4.72%
 137329 17790        cutoff          17469.0000    16645.5589 20504368    4.71%
 138186 17548    infeasible          17469.0000    16646.7455 20555958    4.71%
 138968 17358    16762.5800    42    17469.0000    16647.7333 20598317    4.70%
 139882 17144    16928.0000    61    17469.0000    16666.0000 20648676    4.60%
 140703 16930    16733.6667    82    17469.0000    16695.0000 20699356    4.43%
 141590 16741    infeasible          17469.0000    16703.0000 20750440    4.38%
Elapsed time = 7456.81 sec. (8777679.16 ticks, tree = 28.18 MB, solutions = 14)
 142491 16506    17179.0000    47    17469.0000    16703.0000 20805863    4.38%
 143343 16291    16704.7455   105    17469.0000    16703.0000 20853160    4.38%
 144179 16123    16712.4726    98    17469.0000    16703.0347 20897364    4.38%
 144920 16053    17295.0000    36    17469.0000    16705.3084 20939168    4.37%
 145822 15844        cutoff          17469.0000    16743.7532 20993055    4.15%
 146777 15543    16819.0000    69    17469.0000    16761.0000 21048752    4.05%
 147747 15208    17295.0000    67    17469.0000    16761.0000 21101414    4.05%
 148804 14737    17342.0000    91    17469.0000    16762.7455 21155423    4.04%
 149631 14441    16819.0000    64    17469.0000    16808.3153 21203027    3.78%
 150678 14120    17411.0000    35    17469.0000    16819.0000 21260194    3.72%
Elapsed time = 7579.96 sec. (8930431.41 ticks, tree = 24.12 MB, solutions = 14)
 151783 13758    17295.0000    33    17469.0000    16819.0000 21320262    3.72%
 152860 13406    17411.0000    31    17469.0000    16819.0000 21376124    3.72%
 153883 13046    16819.0000    92    17469.0000    16819.0000 21430038    3.72%
 154950 12668    17411.0000    33    17469.0000    16819.0000 21487760    3.72%
 156143 12172        cutoff          17469.0000    16853.3269 21549876    3.52%
 157497 11490    infeasible          17469.0000    16877.0000 21618409    3.39%
 158509 11336    infeasible          17469.0000    16889.0000 21672081    3.32%
 159396 11290    17121.0000    92    17469.0000    16890.6534 21721407    3.31%
 160009 11194    17119.0000    82    17469.0000    16899.7455 21756733    3.26%
 161164 10679    17295.0000    50    17469.0000    17005.0000 21814690    2.66%
Elapsed time = 7703.94 sec. (9083108.66 ticks, tree = 18.69 MB, solutions = 14)
 162268 10346    17411.0000    70    17469.0000    17005.0000 21876283    2.66%
 163380 10018    17179.0000    90    17469.0000    17005.0000 21939221    2.66%
 164575  9648    infeasible          17469.0000    17005.0000 22005894    2.66%
 165726  9317    17005.0000    63    17469.0000    17005.0000 22067619    2.66%
 166813  9025        cutoff          17469.0000    17005.0000 22127364    2.66%
 167896  8751        cutoff          17469.0000    17005.0000 22182592    2.66%
 168946  8499        cutoff          17469.0000    17005.0000 22240218    2.66%
 169881  8280    17005.0000    48    17469.0000    17005.0000 22293760    2.66%
 170894  7981    17237.0000    83    17469.0000    17005.1911 22350841    2.66%
 172035  7635    17007.7742    90    17469.0000    17006.3135 22416001    2.65%
Elapsed time = 7827.29 sec. (9235856.64 ticks, tree = 13.99 MB, solutions = 14)
 173138  7274        cutoff          17469.0000    17006.7455 22475981    2.65%
 174209  6827    infeasible          17469.0000    17043.6667 22531618    2.43%
 175325  6363    infeasible          17469.0000    17065.2201 22588416    2.31%
 176737  5645    17411.0000    57    17469.0000    17121.0000 22657786    1.99%
 178026  4981    infeasible          17469.0000    17121.0000 22725321    1.99%
 179301  4317    infeasible          17469.0000    17145.8265 22793834    1.85%
 180759  3487        cutoff          17469.0000    17179.0000 22862688    1.66%
 182279  2591    infeasible          17469.0000    17237.0000 22931785    1.33%
 184314  1142    infeasible          17469.0000    17342.0000 23006436    0.73%

GUB cover cuts applied:  12
Clique cuts applied:  191
Cover cuts applied:  1117
Implied bound cuts applied:  8
Flow cuts applied:  148
Mixed integer rounding cuts applied:  163
Zero-half cuts applied:  3
Gomory fractional cuts applied:  32

Root node processing (before b&c):
  Real time             =  342.46 sec. (236238.95 ticks)
Sequential b&c:
  Real time             = 7602.29 sec. (9143573.94 ticks)
                          ------------
Total (root+branch&cut) = 7944.75 sec. (9379812.89 ticks)
Optimal

>> Printing some results...
    -> Solution value = 17468 - 04:51:08
    -> Total time = 7944.75
    -> Gap value = 0.00

=============
Train 0
=============
> Trip 0
   0(time 4209 - 01:10:09)(time 4519 - 01:15:19) ->    1(time 4635 - 01:17:15)(time 4949 - 01:22:29) ->    2(time 5054 - 01:24:14)(time 5387 - 01:29:47) ->    3(time 5492 - 01:31:32)(time 5821 - 01:37:01) ->    4(time 5926 - 01:38:46)(time 6247 - 01:44:07) ->    5(time 6664 - 01:51:04)(time 6990 - 01:56:30) ->    6(time 7095 - 01:58:15)(time 7391 - 02:03:11) ->    7(time 7507 - 02:05:07)(time 7507 - 02:05:07) ->    15(time 7622 - 02:07:02)(time 7918 - 02:11:58) ->    14(time 7976 - 02:12:56)(time 8302 - 02:18:22) ->    13(time 8407 - 02:20:07)(time 8728 - 02:25:28) ->    12(time 8833 - 02:27:13)(time 9162 - 02:32:42) ->    11(time 9267 - 02:34:27)(time 9600 - 02:40:00) ->    10(time 9705 - 02:41:45)(time 10019 - 02:46:59) ->    9(time 10135 - 02:48:55)(time 10445 - 02:54:05) ->    8(time 10561 - 02:56:01)(time 10561 - 02:56:01) -> 0
> Trip 1
   0(time 12319 - 03:25:19)(time 12629 - 03:30:29) ->    1(time 12745 - 03:32:25)(time 13059 - 03:37:39) ->    2(time 13164 - 03:39:24)(time 13497 - 03:44:57) ->    3(time 13602 - 03:46:42)(time 13931 - 03:52:11) ->    4(time 14036 - 03:53:56)(time 14357 - 03:59:17) ->    5(time 14462 - 04:01:02)(time 14788 - 04:06:28) ->    6(time 14846 - 04:07:26)(time 15142 - 04:12:22) ->    7(time 15258 - 04:14:18)(time 15258 - 04:14:18) ->    15(time 15258 - 04:14:18)(time 15554 - 04:19:14) ->    14(time 15903 - 04:25:03)(time 16229 - 04:30:29) ->    13(time 16334 - 04:32:14)(time 16655 - 04:37:35) ->    12(time 16760 - 04:39:20)(time 17089 - 04:44:49) ->    11(time 17506 - 04:51:46)(time 17839 - 04:57:19) ->    10(time 17944 - 04:59:04)(time 18258 - 05:04:18) ->    9(time 18374 - 05:06:14)(time 18684 - 05:11:24) ->    8(time 18800 - 05:13:20)(time 18800 - 05:13:20) -> 0
> Trip 2
   0(time 21097 - 05:51:37)(time 21407 - 05:56:47) ->    1(time 21523 - 05:58:43)(time 21837 - 06:03:57) ->    2(time 21942 - 06:05:42)(time 22275 - 06:11:15) ->    3(time 22380 - 06:13:00)(time 22709 - 06:18:29) ->    4(time 22814 - 06:20:14)(time 23135 - 06:25:35) ->    5(time 23240 - 06:27:20)(time 23566 - 06:32:46) ->    6(time 23682 - 06:34:42)(time 23978 - 06:39:38) ->    7(time 24094 - 06:41:34)(time 24094 - 06:41:34) ->    15(time 24152 - 06:42:32)(time 24448 - 06:47:28) ->    14(time 24564 - 06:49:24)(time 24890 - 06:54:50) ->    13(time 24995 - 06:56:35)(time 25316 - 07:01:56) ->    12(time 25421 - 07:03:41)(time 25750 - 07:09:10) ->    11(time 25855 - 07:10:55)(time 26188 - 07:16:28) ->    10(time 26293 - 07:18:13)(time 26607 - 07:23:27) ->    9(time 26723 - 07:25:23)(time 27033 - 07:30:33) ->    8(time 27149 - 07:32:29)(time 27149 - 07:32:29) -> 0
=============
Train 1
=============
> Trip 0
   0(time 3802 - 01:03:22)(time 4112 - 01:08:32) ->    1(time 4228 - 01:10:28)(time 4542 - 01:15:42) ->    2(time 4647 - 01:17:27)(time 4980 - 01:23:00) ->    3(time 5085 - 01:24:45)(time 5414 - 01:30:14) ->    4(time 5519 - 01:31:59)(time 5840 - 01:37:20) ->    5(time 5945 - 01:39:05)(time 6271 - 01:44:31) ->    6(time 6329 - 01:45:29)(time 6625 - 01:50:25) ->    7(time 6741 - 01:52:21)(time 6741 - 01:52:21) ->    15(time 6799 - 01:53:19)(time 7095 - 01:58:15) ->    14(time 7240 - 02:00:40)(time 7566 - 02:06:06) ->    13(time 7671 - 02:07:51)(time 7992 - 02:13:12) ->    12(time 8097 - 02:14:57)(time 8426 - 02:20:26) ->    11(time 8843 - 02:27:23)(time 9176 - 02:32:56) ->    10(time 9281 - 02:34:41)(time 9595 - 02:39:55) ->    9(time 9711 - 02:41:51)(time 10021 - 02:47:01) ->    8(time 10137 - 02:48:57)(time 10137 - 02:48:57) -> 0
> Trip 1
   0(time 13143 - 03:39:03)(time 13453 - 03:44:13) ->    1(time 13569 - 03:46:09)(time 13883 - 03:51:23) ->    2(time 13988 - 03:53:08)(time 14321 - 03:58:41) ->    3(time 14426 - 04:00:26)(time 14755 - 04:05:55) ->    4(time 14860 - 04:07:40)(time 15181 - 04:13:01) ->    5(time 15286 - 04:14:46)(time 15612 - 04:20:12) ->    6(time 15670 - 04:21:10)(time 15966 - 04:26:06) ->    7(time 16199 - 04:29:59)(time 16199 - 04:29:59) ->    15(time 16616 - 04:36:56)(time 16912 - 04:41:52) ->    14(time 16970 - 04:42:50)(time 17296 - 04:48:16) ->    13(time 17401 - 04:50:01)(time 17722 - 04:55:22) ->    12(time 17827 - 04:57:07)(time 18156 - 05:02:36) ->    11(time 18261 - 05:04:21)(time 18594 - 05:09:54) ->    10(time 18699 - 05:11:39)(time 19013 - 05:16:53) ->    9(time 19129 - 05:18:49)(time 19439 - 05:23:59) ->    8(time 19555 - 05:25:55)(time 19555 - 05:25:55) -> 0
> Trip 2
   0(time 19555 - 05:25:55)(time 19865 - 05:31:05) ->    1(time 19981 - 05:33:01)(time 20295 - 05:38:15) ->    2(time 20400 - 05:40:00)(time 20733 - 05:45:33) ->    3(time 20838 - 05:47:18)(time 21167 - 05:52:47) ->    4(time 21272 - 05:54:32)(time 21593 - 05:59:53) ->    5(time 21698 - 06:01:38)(time 22024 - 06:07:04) ->    6(time 22082 - 06:08:02)(time 22378 - 06:12:58) ->    7(time 22795 - 06:19:55)(time 22795 - 06:19:55) ->    15(time 23212 - 06:26:52)(time 23508 - 06:31:48) ->    14(time 23566 - 06:32:46)(time 23892 - 06:38:12) ->    13(time 23997 - 06:39:57)(time 24318 - 06:45:18) ->    12(time 24423 - 06:47:03)(time 24752 - 06:52:32) ->    11(time 25169 - 06:59:29)(time 25502 - 07:05:02) ->    10(time 25607 - 07:06:47)(time 25921 - 07:12:01) ->    9(time 26259 - 07:17:39)(time 26569 - 07:22:49) ->    8(time 26685 - 07:24:45)(time 26685 - 07:24:45) -> 0
=============
Train 2
=============
> Trip 0
   0(time 4325 - 01:12:05)(time 4635 - 01:17:15) ->    1(time 5052 - 01:24:12)(time 5366 - 01:29:26) ->    2(time 5471 - 01:31:11)(time 5804 - 01:36:44) ->    3(time 5909 - 01:38:29)(time 6238 - 01:43:58) ->    4(time 6343 - 01:45:43)(time 6664 - 01:51:04) ->    5(time 6769 - 01:52:49)(time 7095 - 01:58:15) ->    6(time 7211 - 02:00:11)(time 7507 - 02:05:07) ->    7(time 7924 - 02:12:04)(time 7924 - 02:12:04) ->    15(time 8341 - 02:19:01)(time 8637 - 02:23:57) ->    14(time 9054 - 02:30:54)(time 9380 - 02:36:20) ->    13(time 9797 - 02:43:17)(time 10118 - 02:48:38) ->    12(time 10535 - 02:55:35)(time 10864 - 03:01:04) ->    11(time 11141 - 03:05:41)(time 11474 - 03:11:14) ->    10(time 11579 - 03:12:59)(time 11893 - 03:18:13) ->    9(time 12009 - 03:20:09)(time 12319 - 03:25:19) ->    8(time 12435 - 03:27:15)(time 12435 - 03:27:15) -> 0
> Trip 1
   0(time 12435 - 03:27:15)(time 12745 - 03:32:25) ->    1(time 12861 - 03:34:21)(time 13175 - 03:39:35) ->    2(time 13280 - 03:41:20)(time 13613 - 03:46:53) ->    3(time 13718 - 03:48:38)(time 14047 - 03:54:07) ->    4(time 14152 - 03:55:52)(time 14473 - 04:01:13) ->    5(time 14578 - 04:02:58)(time 14904 - 04:08:24) ->    6(time 14962 - 04:09:22)(time 15258 - 04:14:18) ->    7(time 15549 - 04:19:09)(time 15549 - 04:19:09) ->    15(time 15966 - 04:26:06)(time 16262 - 04:31:02) ->    14(time 16320 - 04:32:00)(time 16646 - 04:37:26) ->    13(time 16762 - 04:39:22)(time 17083 - 04:44:43) ->    12(time 17188 - 04:46:28)(time 17517 - 04:51:57) ->    11(time 17622 - 04:53:42)(time 17955 - 04:59:15) ->    10(time 18060 - 05:01:00)(time 18374 - 05:06:14) ->    9(time 18490 - 05:08:10)(time 18800 - 05:13:20) ->    8(time 18916 - 05:15:16)(time 18916 - 05:15:16) -> 0
> Trip 2
   0(time 20389 - 05:39:49)(time 20699 - 05:44:59) ->    1(time 20815 - 05:46:55)(time 21129 - 05:52:09) ->    2(time 21234 - 05:53:54)(time 21567 - 05:59:27) ->    3(time 21672 - 06:01:12)(time 22001 - 06:06:41) ->    4(time 22106 - 06:08:26)(time 22427 - 06:13:47) ->    5(time 22532 - 06:15:32)(time 22858 - 06:20:58) ->    6(time 22916 - 06:21:56)(time 23212 - 06:26:52) ->    7(time 23561 - 06:32:41)(time 23561 - 06:32:41) ->    15(time 23978 - 06:39:38)(time 24274 - 06:44:34) ->    14(time 24332 - 06:45:32)(time 24658 - 06:50:58) ->    13(time 24763 - 06:52:43)(time 25084 - 06:58:04) ->    12(time 25189 - 06:59:49)(time 25518 - 07:05:18) ->    11(time 25623 - 07:07:03)(time 25956 - 07:12:36) ->    10(time 26061 - 07:14:21)(time 26375 - 07:19:35) ->    9(time 26491 - 07:21:31)(time 26801 - 07:26:41) ->    8(time 26917 - 07:28:37)(time 26917 - 07:28:37) -> 0
=============
Train 3
=============
> Trip 0
   0(time 3918 - 01:05:18)(time 4228 - 01:10:28) ->    1(time 4344 - 01:12:24)(time 4658 - 01:17:38) ->    2(time 4763 - 01:19:23)(time 5096 - 01:24:56) ->    3(time 5201 - 01:26:41)(time 5530 - 01:32:10) ->    4(time 5635 - 01:33:55)(time 5956 - 01:39:16) ->    5(time 6061 - 01:41:01)(time 6387 - 01:46:27) ->    6(time 6445 - 01:47:25)(time 6741 - 01:52:21) ->    7(time 7090 - 01:58:10)(time 7090 - 01:58:10) ->    15(time 7507 - 02:05:07)(time 7803 - 02:10:03) ->    14(time 7861 - 02:11:01)(time 8187 - 02:16:27) ->    13(time 8292 - 02:18:12)(time 8613 - 02:23:33) ->    12(time 8718 - 02:25:18)(time 9047 - 02:30:47) ->    11(time 9152 - 02:32:32)(time 9485 - 02:38:05) ->    10(time 9590 - 02:39:50)(time 9904 - 02:45:04) ->    9(time 10020 - 02:47:00)(time 10330 - 02:52:10) ->    8(time 10446 - 02:54:06)(time 10446 - 02:54:06) -> 0
> Trip 1
   0(time 13027 - 03:37:07)(time 13337 - 03:42:17) ->    1(time 13453 - 03:44:13)(time 13767 - 03:49:27) ->    2(time 13872 - 03:51:12)(time 14205 - 03:56:45) ->    3(time 14310 - 03:58:30)(time 14639 - 04:03:59) ->    4(time 14744 - 04:05:44)(time 15065 - 04:11:05) ->    5(time 15170 - 04:12:50)(time 15496 - 04:18:16) ->    6(time 15554 - 04:19:14)(time 15850 - 04:24:10) ->    7(time 15966 - 04:26:06)(time 15966 - 04:26:06) ->    15(time 16024 - 04:27:04)(time 16320 - 04:32:00) ->    14(time 16436 - 04:33:56)(time 16762 - 04:39:22) ->    13(time 16867 - 04:41:07)(time 17188 - 04:46:28) ->    12(time 17293 - 04:48:13)(time 17622 - 04:53:42) ->    11(time 17727 - 04:55:27)(time 18060 - 05:01:00) ->    10(time 18176 - 05:02:56)(time 18490 - 05:08:10) ->    9(time 18606 - 05:10:06)(time 18916 - 05:15:16) ->    8(time 19333 - 05:22:13)(time 19333 - 05:22:13) -> 0
> Trip 2
   0(time 20273 - 05:37:53)(time 20583 - 05:43:03) ->    1(time 20699 - 05:44:59)(time 21013 - 05:50:13) ->    2(time 21118 - 05:51:58)(time 21451 - 05:57:31) ->    3(time 21556 - 05:59:16)(time 21885 - 06:04:45) ->    4(time 21990 - 06:06:30)(time 22311 - 06:11:51) ->    5(time 22416 - 06:13:36)(time 22742 - 06:19:02) ->    6(time 22800 - 06:20:00)(time 23096 - 06:24:56) ->    7(time 23212 - 06:26:52)(time 23212 - 06:26:52) ->    15(time 23270 - 06:27:50)(time 23566 - 06:32:46) ->    14(time 23983 - 06:39:43)(time 24309 - 06:45:09) ->    13(time 24414 - 06:46:54)(time 24735 - 06:52:15) ->    12(time 24840 - 06:54:00)(time 25169 - 06:59:29) ->    11(time 25274 - 07:01:14)(time 25607 - 07:06:47) ->    10(time 25945 - 07:12:25)(time 26259 - 07:17:39) ->    9(time 26375 - 07:19:35)(time 26685 - 07:24:45) ->    8(time 26801 - 07:26:41)(time 26801 - 07:26:41) -> 0
=============
Train 4
=============
> Trip 0
   0(time 3686 - 01:01:26)(time 3996 - 01:06:36) ->    1(time 4112 - 01:08:32)(time 4426 - 01:13:46) ->    2(time 4531 - 01:15:31)(time 4864 - 01:21:04) ->    3(time 4969 - 01:22:49)(time 5298 - 01:28:18) ->    4(time 5403 - 01:30:03)(time 5724 - 01:35:24) ->    5(time 5829 - 01:37:09)(time 6155 - 01:42:35) ->    6(time 6213 - 01:43:33)(time 6509 - 01:48:29) ->    7(time 6625 - 01:50:25)(time 6625 - 01:50:25) ->    15(time 6741 - 01:52:21)(time 7037 - 01:57:17) ->    14(time 7095 - 01:58:15)(time 7421 - 02:03:41) ->    13(time 7526 - 02:05:26)(time 7847 - 02:10:47) ->    12(time 7952 - 02:12:32)(time 8281 - 02:18:01) ->    11(time 8386 - 02:19:46)(time 8719 - 02:25:19) ->    10(time 8824 - 02:27:04)(time 9138 - 02:32:18) ->    9(time 9254 - 02:34:14)(time 9564 - 02:39:24) ->    8(time 9680 - 02:41:20)(time 9680 - 02:41:20) -> 0
> Trip 1
   0(time 13434 - 03:43:54)(time 13744 - 03:49:04) ->    1(time 13860 - 03:51:00)(time 14174 - 03:56:14) ->    2(time 14279 - 03:57:59)(time 14612 - 04:03:32) ->    3(time 14717 - 04:05:17)(time 15046 - 04:10:46) ->    4(time 15151 - 04:12:31)(time 15472 - 04:17:52) ->    5(time 15577 - 04:19:37)(time 15903 - 04:25:03) ->    6(time 16320 - 04:32:00)(time 16616 - 04:36:56) ->    7(time 16732 - 04:38:52)(time 16732 - 04:38:52) ->    15(time 16732 - 04:38:52)(time 17028 - 04:43:48) ->    14(time 17086 - 04:44:46)(time 17412 - 04:50:12) ->    13(time 17517 - 04:51:57)(time 17838 - 04:57:18) ->    12(time 17943 - 04:59:03)(time 18272 - 05:04:32) ->    11(time 18377 - 05:06:17)(time 18710 - 05:11:50) ->    10(time 18815 - 05:13:35)(time 19129 - 05:18:49) ->    9(time 19245 - 05:20:45)(time 19555 - 05:25:55) ->    8(time 19671 - 05:27:51)(time 19671 - 05:27:51) -> 0
> Trip 2
   0(time 20680 - 05:44:40)(time 20990 - 05:49:50) ->    1(time 21407 - 05:56:47)(time 21721 - 06:02:01) ->    2(time 21826 - 06:03:46)(time 22159 - 06:09:19) ->    3(time 22264 - 06:11:04)(time 22593 - 06:16:33) ->    4(time 22698 - 06:18:18)(time 23019 - 06:23:39) ->    5(time 23124 - 06:25:24)(time 23450 - 06:30:50) ->    6(time 23566 - 06:32:46)(time 23862 - 06:37:42) ->    7(time 23978 - 06:39:38)(time 23978 - 06:39:38) ->    15(time 24036 - 06:40:36)(time 24332 - 06:45:32) ->    14(time 24448 - 06:47:28)(time 24774 - 06:52:54) ->    13(time 24879 - 06:54:39)(time 25200 - 07:00:00) ->    12(time 25305 - 07:01:45)(time 25634 - 07:07:14) ->    11(time 25739 - 07:08:59)(time 26072 - 07:14:32) ->    10(time 26177 - 07:16:17)(time 26491 - 07:21:31) ->    9(time 26607 - 07:23:27)(time 26917 - 07:28:37) ->    8(time 27033 - 07:30:33)(time 27033 - 07:30:33) -> 0
----- t5p9r2h3.txt-model.log -----
 2000440 272140    15485.0000   190    15935.0000    15485.0000 51689944    2.82%
 2001204 272025    15565.0000   168    15935.0000    15485.0000 51704531    2.82%
Elapsed time = 41717.16 sec. (44137644.30 ticks, tree = 3356.52 MB, solutions = 11)
Nodefile size = 1848.58 MB (1527.71 MB after compression)
 2001791 271917    infeasible          15935.0000    15485.0000 51718936    2.82%
 2002386 271787    15565.0000   253    15935.0000    15485.0000 51731331    2.82%
 2003225 271651    15485.0000   195    15935.0000    15485.0000 51747337    2.82%
 2003928 271570    infeasible          15935.0000    15485.0000 51760105    2.82%
 2004540 271485    15485.0000   191    15935.0000    15485.0000 51771782    2.82%
 2005340 271345    infeasible          15935.0000    15485.0000 51787621    2.82%
 2005949 271249        cutoff          15935.0000    15485.0000 51799334    2.82%
 2006495 271166    infeasible          15935.0000    15485.0000 51811337    2.82%
 2007040 271124    infeasible          15935.0000    15485.0000 51821002    2.82%
 2007654 271047        cutoff          15935.0000    15485.0000 51831041    2.82%
Elapsed time = 41854.69 sec. (44292684.40 ticks, tree = 3344.69 MB, solutions = 11)
Nodefile size = 1848.58 MB (1527.71 MB after compression)
 2008340 270919    15906.0000   142    15935.0000    15485.0000 51844093    2.82%
 2008940 270818    15485.0000   161    15935.0000    15485.0000 51856738    2.82%
 2009538 270749    15565.0000    43    15935.0000    15485.0000 51869050    2.82%
 2010196 270621    infeasible          15935.0000    15485.0000 51881632    2.82%
 2010815 270515    15815.0000   197    15935.0000    15485.0000 51896500    2.82%
 2011240 270462    15605.0000   175    15935.0000    15485.0000 51904764    2.82%
 2011933 270288    15485.0000   133    15935.0000    15485.0000 51918635    2.82%
 2012549 270164    infeasible          15935.0000    15485.0000 51931212    2.82%
 2013180 270080    15722.0000    94    15935.0000    15485.0000 51942235    2.82%
 2013840 269911    15565.0000   172    15935.0000    15485.0000 51952857    2.82%
Elapsed time = 41994.14 sec. (44451093.42 ticks, tree = 3330.85 MB, solutions = 11)
Nodefile size = 1848.58 MB (1527.71 MB after compression)
 2014590 269754    infeasible          15935.0000    15485.0000 51966061    2.82%
 2015584 269460    infeasible          15935.0000    15485.0000 51984021    2.82%
 2016463 269274    15485.0000   154    15935.0000    15485.0000 52001963    2.82%
 2017481 268942    infeasible          15935.0000    15485.0000 52020443    2.82%
 2018495 268611    infeasible          15935.0000    15485.0000 52036762    2.82%
 2019565 268253    15605.0000   117    15935.0000    15485.0000 52053924    2.82%
 2020591 267858    infeasible          15935.0000    15485.0000 52071332    2.82%
 2021528 267627    15565.0000   193    15935.0000    15485.0000 52090023    2.82%
 2022484 267330    15605.0000   171    15935.0000    15485.0000 52106606    2.82%
 2023509 267011    infeasible          15935.0000    15485.0000 52123768    2.82%
Elapsed time = 42134.73 sec. (44604080.10 ticks, tree = 3294.97 MB, solutions = 11)
Nodefile size = 1848.58 MB (1527.71 MB after compression)
 2024456 266721    infeasible          15935.0000    15485.0000 52142019    2.82%
 2025505 266374    infeasible          15935.0000    15485.0000 52160079    2.82%
 2026503 266088    15605.0000   318    15935.0000    15485.0000 52177521    2.82%
 2027501 265814        cutoff          15935.0000    15485.0000 52194659    2.82%
 2028413 265575    infeasible          15935.0000    15485.0000 52213725    2.82%
 2029382 265350    infeasible          15935.0000    15485.0000 52231083    2.82%
 2030310 265103    infeasible          15935.0000    15485.0000 52248448    2.82%
 2031274 264802    infeasible          15935.0000    15485.0000 52268385    2.82%
 2032212 264534    15565.0000   195    15935.0000    15485.0000 52288577    2.82%
 2033200 264278    15605.0000   168    15935.0000    15485.0000 52306090    2.82%
Elapsed time = 42277.26 sec. (44756997.48 ticks, tree = 3261.19 MB, solutions = 11)
Nodefile size = 1848.58 MB (1527.71 MB after compression)
 2034088 264025    15609.0000    62    15935.0000    15485.0000 52324038    2.82%
 2035003 263784    infeasible          15935.0000    15485.0000 52344147    2.82%
 2035888 263566    infeasible          15935.0000    15485.0000 52362087    2.82%
 2036830 263322    infeasible          15935.0000    15485.0000 52378701    2.82%
 2037717 263073    15722.0000   106    15935.0000    15485.0000 52397434    2.82%
 2038605 262862    15485.0000   240    15935.0000    15485.0000 52415349    2.82%
 2039484 262611    15735.0000   153    15935.0000    15485.0000 52434816    2.82%
 2040421 262374        cutoff          15935.0000    15485.0000 52452591    2.82%
 2041322 262161    infeasible          15935.0000    15485.0000 52470867    2.82%
 2042270 261920    infeasible          15935.0000    15485.0000 52488613    2.82%
Elapsed time = 42416.88 sec. (44910029.90 ticks, tree = 3232.36 MB, solutions = 11)
Nodefile size = 1848.58 MB (1527.71 MB after compression)
 2043129 261745    15485.0000   279    15935.0000    15485.0000 52506526    2.82%
 2043990 261561        cutoff          15935.0000    15485.0000 52524621    2.82%
 2044868 261316    15485.0000   137    15935.0000    15485.0000 52543018    2.82%
 2045714 261118    15565.0000   126    15935.0000    15485.0000 52561577    2.82%
 2046709 260824    infeasible          15935.0000    15485.0000 52579967    2.82%
 2047581 260568    15815.0000   227    15935.0000    15485.0000 52599062    2.82%
 2048475 260309    infeasible          15935.0000    15485.0000 52618408    2.82%
 2049376 260094    15485.0000   193    15935.0000    15485.0000 52636765    2.82%
 2050269 259910    15485.0000   166    15935.0000    15485.0000 52654139    2.82%
 2051160 259669    15735.0000   110    15935.0000    15485.0000 52673042    2.82%
Elapsed time = 42558.61 sec. (45063208.53 ticks, tree = 3204.86 MB, solutions = 11)
Nodefile size = 1848.58 MB (1527.71 MB after compression)
 2052049 259420    infeasible          15935.0000    15485.0000 52691732    2.82%
 2052953 259190        cutoff          15935.0000    15485.0000 52709126    2.82%
 2053793 258960    infeasible          15935.0000    15485.0000 52727215    2.82%
 2054592 258770    infeasible          15935.0000    15485.0000 52748708    2.82%
 2055388 258627    infeasible          15935.0000    15485.0000 52768773    2.82%
 2056256 258437    infeasible          15935.0000    15485.0000 52788402    2.82%
 2057125 258214    15565.0000   203    15935.0000    15485.0000 52808041    2.82%
 2057941 258025    15649.0000   183    15935.0000    15485.0000 52827764    2.82%
 2058829 257790    infeasible          15935.0000    15485.0000 52846237    2.82%
 2059662 257506    infeasible          15935.0000    15485.0000 52867445    2.82%
Elapsed time = 42699.43 sec. (45216423.18 ticks, tree = 3178.73 MB, solutions = 11)
Nodefile size = 1847.59 MB (1526.87 MB after compression)
 2060518 257298    15855.0000    67    15935.0000    15485.0000 52886590    2.82%
 2061442 257093        cutoff          15935.0000    15485.0000 52904098    2.82%
 2062346 256851    infeasible          15935.0000    15485.0000 52922410    2.82%
 2063215 256656    infeasible          15935.0000    15485.0000 52941073    2.82%
 2064141 256376        cutoff          15935.0000    15485.0000 52960216    2.82%
 2065026 256135        cutoff          15935.0000    15485.0000 52977677    2.82%
 2066012 255750    infeasible          15935.0000    15485.0000 52996501    2.82%
 2066926 255494    infeasible          15935.0000    15485.0000 53015607    2.82%
 2067847 255215        cutoff          15935.0000    15485.0000 53033734    2.82%
 2068756 254959    infeasible          15935.0000    15485.0000 53051025    2.82%
Elapsed time = 42845.04 sec. (45369681.38 ticks, tree = 3147.56 MB, solutions = 11)
Nodefile size = 1834.67 MB (1515.99 MB after compression)
 2069709 254617        cutoff          15935.0000    15485.0000 53070259    2.82%
 2070610 254279    15605.0000   201    15935.0000    15485.0000 53089486    2.82%
 2071593 253911    infeasible          15935.0000    15485.0000 53107377    2.82%
 2072578 253564    15485.0000   196    15935.0000    15485.0000 53124593    2.82%
 2073504 253262    15855.0000   126    15935.0000    15485.0000 53142714    2.82%
 2074402 253028    15855.0000   142    15935.0000    15485.0000 53161205    2.82%
 2075349 252725    infeasible          15935.0000    15485.0000 53178904    2.82%
 2076274 252448    15485.0000   183    15935.0000    15485.0000 53196254    2.82%
 2077223 252094    15855.0000    98    15935.0000    15485.0000 53214675    2.82%
 2078162 251796    15849.0000   113    15935.0000    15485.0000 53231413    2.82%
Elapsed time = 42988.95 sec. (45522722.37 ticks, tree = 3108.55 MB, solutions = 11)
Nodefile size = 1820.76 MB (1504.03 MB after compression)
 2079022 251539    15485.0000   167    15935.0000    15485.0000 53249951    2.82%
 2079950 251228    15855.0000   188    15935.0000    15485.0000 53268977    2.82%
 2080741 251016    15855.0000   133    15935.0000    15485.0000 53289928    2.82%
 2081577 250789    infeasible          15935.0000    15485.0000 53307545    2.82%
 2082469 250519    infeasible          15935.0000    15485.0000 53325427    2.82%
 2083394 250236    15735.0000   244    15935.0000    15485.0000 53343146    2.82%
 2084259 249980    15485.0000   180    15935.0000    15485.0000 53361749    2.82%
 2085153 249721    infeasible          15935.0000    15485.0000 53379393    2.82%
 2086078 249453    infeasible          15935.0000    15485.0000 53397063    2.82%
 2086901 249133    infeasible          15935.0000    15485.0000 53417797    2.82%
Elapsed time = 43132.15 sec. (45675663.13 ticks, tree = 3075.96 MB, solutions = 11)
Nodefile size = 1803.87 MB (1489.55 MB after compression)
 2087734 248844    infeasible          15935.0000    15485.0000 53436158    2.82%
 2088613 248550    infeasible          15935.0000    15485.0000 53454375    2.82%
 2089453 248271        cutoff          15935.0000    15485.0000 53473081    2.82%
 2090332 247989    infeasible          15935.0000    15485.0000 53489444    2.82%

GUB cover cuts applied:  148
Clique cuts applied:  1108
Cover cuts applied:  1812
Implied bound cuts applied:  15
Flow cuts applied:  147
Mixed integer rounding cuts applied:  553
Zero-half cuts applied:  8
Gomory fractional cuts applied:  2

Root node processing (before b&c):
  Real time             =  173.15 sec. (154098.54 ticks)
Sequential b&c:
  Real time             = 43026.87 sec. (45663146.39 ticks)
                          ------------
Total (root+branch&cut) = 43200.02 sec. (45817244.93 ticks)
Feasible

>> Printing some results...
    -> Solution value = 15934 - 04:25:34
    -> Total time = 43200.02
    -> Gap value = 0.03

=============
Train 0
=============
> Trip 0
   0(time 3201 - 00:53:21)(time 3454 - 00:57:34) ->    1(time 3567 - 00:59:27)(time 3788 - 01:03:08) ->    2(time 3901 - 01:05:01)(time 4150 - 01:09:10) ->    3(time 4263 - 01:11:03)(time 4528 - 01:15:28) ->    4(time 4641 - 01:17:21)(time 4874 - 01:21:14) ->    5(time 5302 - 01:28:22)(time 5543 - 01:32:23) ->    6(time 5656 - 01:34:16)(time 5910 - 01:38:30) ->    7(time 5961 - 01:39:21)(time 6206 - 01:43:26) ->    8(time 6326 - 01:45:26)(time 6326 - 01:45:26) ->    17(time 6776 - 01:52:56)(time 7021 - 01:57:01) ->    16(time 7072 - 01:57:52)(time 7326 - 02:02:06) ->    15(time 7439 - 02:03:59)(time 7680 - 02:08:00) ->    14(time 7731 - 02:08:51)(time 7964 - 02:12:44) ->    13(time 8077 - 02:14:37)(time 8342 - 02:19:02) ->    12(time 8455 - 02:20:55)(time 8704 - 02:25:04) ->    11(time 8817 - 02:26:57)(time 9038 - 02:30:38) ->    10(time 9151 - 02:32:31)(time 9404 - 02:36:44) ->    9(time 9524 - 02:38:44)(time 9524 - 02:38:44) -> 0
> Trip 1
   0(time 9554 - 02:39:14)(time 9807 - 02:43:27) ->    1(time 9920 - 02:45:20)(time 10141 - 02:49:01) ->    2(time 10254 - 02:50:54)(time 10503 - 02:55:03) ->    3(time 10616 - 02:56:56)(time 10881 - 03:01:21) ->    4(time 10994 - 03:03:14)(time 11227 - 03:07:07) ->    5(time 11278 - 03:07:58)(time 11519 - 03:11:59) ->    6(time 11632 - 03:13:52)(time 11886 - 03:18:06) ->    7(time 11937 - 03:18:57)(time 12182 - 03:23:02) ->    8(time 12302 - 03:25:02)(time 12302 - 03:25:02) ->    17(time 12302 - 03:25:02)(time 12547 - 03:29:07) ->    16(time 13077 - 03:37:57)(time 13331 - 03:42:11) ->    15(time 13444 - 03:44:04)(time 13685 - 03:48:05) ->    14(time 13874 - 03:51:14)(time 14107 - 03:55:07) ->    13(time 14220 - 03:57:00)(time 14485 - 04:01:25) ->    12(time 14598 - 04:03:18)(time 14847 - 04:07:27) ->    11(time 14960 - 04:09:20)(time 15181 - 04:13:01) ->    10(time 15294 - 04:14:54)(time 15547 - 04:19:07) ->    9(time 15667 - 04:21:07)(time 15667 - 04:21:07) -> 0
> Trip 2
   0(time 18656 - 05:10:56)(time 18909 - 05:15:09) ->    1(time 19022 - 05:17:02)(time 19243 - 05:20:43) ->    2(time 19356 - 05:22:36)(time 19605 - 05:26:45) ->    3(time 19725 - 05:28:45)(time 19990 - 05:33:10) ->    4(time 20103 - 05:35:03)(time 20336 - 05:38:56) ->    5(time 20387 - 05:39:47)(time 20628 - 05:43:48) ->    6(time 20741 - 05:45:41)(time 20995 - 05:49:55) ->    7(time 21046 - 05:50:46)(time 21291 - 05:54:51) ->    8(time 21411 - 05:56:51)(time 21411 - 05:56:51) ->    17(time 21901 - 06:05:01)(time 22146 - 06:09:06) ->    16(time 22258 - 06:10:58)(time 22512 - 06:15:12) ->    15(time 22625 - 06:17:05)(time 22866 - 06:21:06) ->    14(time 22917 - 06:21:57)(time 23150 - 06:25:50) ->    13(time 23263 - 06:27:43)(time 23528 - 06:32:08) ->    12(time 23641 - 06:34:01)(time 23890 - 06:38:10) ->    11(time 24003 - 06:40:03)(time 24224 - 06:43:44) ->    10(time 24337 - 06:45:37)(time 24590 - 06:49:50) ->    9(time 24710 - 06:51:50)(time 24710 - 06:51:50) -> 0
=============
Train 1
=============
> Trip 0
   0(time 5597 - 01:33:17)(time 5850 - 01:37:30) ->    1(time 5963 - 01:39:23)(time 6184 - 01:43:04) ->    2(time 6297 - 01:44:57)(time 6546 - 01:49:06) ->    3(time 6659 - 01:50:59)(time 6924 - 01:55:24) ->    4(time 7037 - 01:57:17)(time 7270 - 02:01:10) ->    5(time 7800 - 02:10:00)(time 8041 - 02:14:01) ->    6(time 8154 - 02:15:54)(time 8408 - 02:20:08) ->    7(time 8459 - 02:20:59)(time 8704 - 02:25:04) ->    8(time 8824 - 02:27:04)(time 8824 - 02:27:04) ->    17(time 8824 - 02:27:04)(time 9069 - 02:31:09) ->    16(time 9120 - 02:32:00)(time 9374 - 02:36:14) ->    15(time 9487 - 02:38:07)(time 9728 - 02:42:08) ->    14(time 9779 - 02:42:59)(time 10012 - 02:46:52) ->    13(time 10125 - 02:48:45)(time 10390 - 02:53:10) ->    12(time 10503 - 02:55:03)(time 10752 - 02:59:12) ->    11(time 10865 - 03:01:05)(time 11086 - 03:04:46) ->    10(time 11199 - 03:06:39)(time 11452 - 03:10:52) ->    9(time 11572 - 03:12:52)(time 11572 - 03:12:52) -> 0
> Trip 1
   0(time 12201 - 03:23:21)(time 12454 - 03:27:34) ->    1(time 12567 - 03:29:27)(time 12788 - 03:33:08) ->    2(time 12901 - 03:35:01)(time 13150 - 03:39:10) ->    3(time 13263 - 03:41:03)(time 13528 - 03:45:28) ->    4(time 13641 - 03:47:21)(time 13874 - 03:51:14) ->    5(time 13925 - 03:52:05)(time 14166 - 03:56:06) ->    6(time 14279 - 03:57:59)(time 14533 - 04:02:13) ->    7(time 14584 - 04:03:04)(time 14829 - 04:07:09) ->    8(time 15000 - 04:10:00)(time 15000 - 04:10:00) ->    17(time 15000 - 04:10:00)(time 15245 - 04:14:05) ->    16(time 15358 - 04:15:58)(time 15612 - 04:20:12) ->    15(time 15725 - 04:22:05)(time 15966 - 04:26:06) ->    14(time 16017 - 04:26:57)(time 16250 - 04:30:50) ->    13(time 16363 - 04:32:43)(time 16628 - 04:37:08) ->    12(time 16741 - 04:39:01)(time 16990 - 04:43:10) ->    11(time 17103 - 04:45:03)(time 17324 - 04:48:44) ->    10(time 17680 - 04:54:40)(time 17933 - 04:58:53) ->    9(time 18053 - 05:00:53)(time 18053 - 05:00:53) -> 0
> Trip 2
   0(time 18896 - 05:14:56)(time 19149 - 05:19:09) ->    1(time 19262 - 05:21:02)(time 19483 - 05:24:43) ->    2(time 19610 - 05:26:50)(time 19859 - 05:30:59) ->    3(time 19972 - 05:32:52)(time 20237 - 05:37:17) ->    4(time 20350 - 05:39:10)(time 20583 - 05:43:03) ->    5(time 20696 - 05:44:56)(time 20937 - 05:48:57) ->    6(time 21050 - 05:50:50)(time 21304 - 05:55:04) ->    7(time 21656 - 06:00:56)(time 21901 - 06:05:01) ->    8(time 22021 - 06:07:01)(time 22021 - 06:07:01) ->    17(time 22141 - 06:09:01)(time 22386 - 06:13:06) ->    16(time 22484 - 06:14:44)(time 22738 - 06:18:58) ->    15(time 22851 - 06:20:51)(time 23092 - 06:24:52) ->    14(time 23205 - 06:26:45)(time 23438 - 06:30:38) ->    13(time 23551 - 06:32:31)(time 23816 - 06:36:56) ->    12(time 24137 - 06:42:17)(time 24386 - 06:46:26) ->    11(time 24499 - 06:48:19)(time 24720 - 06:52:00) ->    10(time 24833 - 06:53:53)(time 25086 - 06:58:06) ->    9(time 25206 - 07:00:06)(time 25206 - 07:00:06) -> 0
=============
Train 2
=============
> Trip 0
   0(time 2961 - 00:49:21)(time 3214 - 00:53:34) ->    1(time 3327 - 00:55:27)(time 3548 - 00:59:08) ->    2(time 3675 - 01:01:15)(time 3924 - 01:05:24) ->    3(time 4037 - 01:07:17)(time 4302 - 01:11:42) ->    4(time 4415 - 01:13:35)(time 4648 - 01:17:28) ->    5(time 4699 - 01:18:19)(time 4940 - 01:22:20) ->    6(time 5115 - 01:25:15)(time 5369 - 01:29:29) ->    7(time 5420 - 01:30:20)(time 5665 - 01:34:25) ->    8(time 6086 - 01:41:26)(time 6086 - 01:41:26) ->    17(time 6206 - 01:43:26)(time 6451 - 01:47:31) ->    16(time 6531 - 01:48:51)(time 6785 - 01:53:05) ->    15(time 6916 - 01:55:16)(time 7157 - 01:59:17) ->    14(time 7270 - 02:01:10)(time 7503 - 02:05:03) ->    13(time 7616 - 02:06:56)(time 7881 - 02:11:21) ->    12(time 8202 - 02:16:42)(time 8451 - 02:20:51) ->    11(time 8564 - 02:22:44)(time 8785 - 02:26:25) ->    10(time 8898 - 02:28:18)(time 9151 - 02:32:31) ->    9(time 9271 - 02:34:31)(time 9271 - 02:34:31) -> 0
> Trip 1
   0(time 10745 - 02:59:05)(time 10998 - 03:03:18) ->    1(time 11111 - 03:05:11)(time 11332 - 03:08:52) ->    2(time 11445 - 03:10:45)(time 11694 - 03:14:54) ->    3(time 11807 - 03:16:47)(time 12072 - 03:21:12) ->    4(time 12185 - 03:23:05)(time 12418 - 03:26:58) ->    5(time 12469 - 03:27:49)(time 12710 - 03:31:50) ->    6(time 12823 - 03:33:43)(time 13077 - 03:37:57) ->    7(time 13128 - 03:38:48)(time 13373 - 03:42:53) ->    8(time 13758 - 03:49:18)(time 13758 - 03:49:18) ->    17(time 13758 - 03:49:18)(time 14003 - 03:53:23) ->    16(time 14533 - 04:02:13)(time 14787 - 04:06:27) ->    15(time 14900 - 04:08:20)(time 15141 - 04:12:21) ->    14(time 15192 - 04:13:12)(time 15425 - 04:17:05) ->    13(time 15538 - 04:18:58)(time 15803 - 04:23:23) ->    12(time 15916 - 04:25:16)(time 16165 - 04:29:25) ->    11(time 16695 - 04:38:15)(time 16916 - 04:41:56) ->    10(time 17029 - 04:43:49)(time 17282 - 04:48:02) ->    9(time 17402 - 04:50:02)(time 17402 - 04:50:02) -> 0
> Trip 2
   0(time 18783 - 05:13:03)(time 19036 - 05:17:16) ->    1(time 19149 - 05:19:09)(time 19370 - 05:22:50) ->    2(time 19483 - 05:24:43)(time 19732 - 05:28:52) ->    3(time 19845 - 05:30:45)(time 20110 - 05:35:10) ->    4(time 20223 - 05:37:03)(time 20456 - 05:40:56) ->    5(time 20507 - 05:41:47)(time 20748 - 05:45:48) ->    6(time 20861 - 05:47:41)(time 21115 - 05:51:55) ->    7(time 21166 - 05:52:46)(time 21411 - 05:56:51) ->    8(time 21901 - 06:05:01)(time 21901 - 06:05:01) ->    17(time 22021 - 06:07:01)(time 22266 - 06:11:06) ->    16(time 22371 - 06:12:51)(time 22625 - 06:17:05) ->    15(time 22738 - 06:18:58)(time 22979 - 06:22:59) ->    14(time 23030 - 06:23:50)(time 23263 - 06:27:43) ->    13(time 23376 - 06:29:36)(time 23641 - 06:34:01) ->    12(time 23761 - 06:36:01)(time 24010 - 06:40:10) ->    11(time 24123 - 06:42:03)(time 24344 - 06:45:44) ->    10(time 24457 - 06:47:37)(time 24710 - 06:51:50) ->    9(time 24830 - 06:53:50)(time 24830 - 06:53:50) -> 0
=============
Train 3
=============
> Trip 0
   0(time 3314 - 00:55:14)(time 3567 - 00:59:27) ->    1(time 3680 - 01:01:20)(time 3901 - 01:05:01) ->    2(time 4431 - 01:13:51)(time 4680 - 01:18:00) ->    3(time 5210 - 01:26:50)(time 5475 - 01:31:15) ->    4(time 5588 - 01:33:08)(time 5821 - 01:37:01) ->    5(time 5872 - 01:37:52)(time 6113 - 01:41:53) ->    6(time 6226 - 01:43:46)(time 6480 - 01:48:00) ->    7(time 6531 - 01:48:51)(time 6776 - 01:52:56) ->    8(time 6896 - 01:54:56)(time 6896 - 01:54:56) ->    17(time 6896 - 01:54:56)(time 7141 - 01:59:01) ->    16(time 7192 - 01:59:52)(time 7446 - 02:04:06) ->    15(time 7559 - 02:05:59)(time 7800 - 02:10:00) ->    14(time 7851 - 02:10:51)(time 8084 - 02:14:44) ->    13(time 8197 - 02:16:37)(time 8462 - 02:21:02) ->    12(time 8575 - 02:22:55)(time 8824 - 02:27:04) ->    11(time 8937 - 02:28:57)(time 9158 - 02:32:38) ->    10(time 9271 - 02:34:31)(time 9524 - 02:38:44) ->    9(time 9644 - 02:40:44)(time 9644 - 02:40:44) -> 0
> Trip 1
   0(time 12081 - 03:21:21)(time 12334 - 03:25:34) ->    1(time 12447 - 03:27:27)(time 12668 - 03:31:08) ->    2(time 12781 - 03:33:01)(time 13030 - 03:37:10) ->    3(time 13143 - 03:39:03)(time 13408 - 03:43:28) ->    4(time 13521 - 03:45:21)(time 13754 - 03:49:14) ->    5(time 13805 - 03:50:05)(time 14046 - 03:54:06) ->    6(time 14159 - 03:55:59)(time 14413 - 04:00:13) ->    7(time 14464 - 04:01:04)(time 14709 - 04:05:09) ->    8(time 14829 - 04:07:09)(time 14829 - 04:07:09) ->    17(time 14909 - 04:08:29)(time 15154 - 04:12:34) ->    16(time 15245 - 04:14:05)(time 15499 - 04:18:19) ->    15(time 15612 - 04:20:12)(time 15853 - 04:24:13) ->    14(time 15904 - 04:25:04)(time 16137 - 04:28:57) ->    13(time 16250 - 04:30:50)(time 16515 - 04:35:15) ->    12(time 16628 - 04:37:08)(time 16877 - 04:41:17) ->    11(time 16990 - 04:43:10)(time 17211 - 04:46:51) ->    10(time 17324 - 04:48:44)(time 17577 - 04:52:57) ->    9(time 17697 - 04:54:57)(time 17697 - 04:54:57) -> 0
> Trip 2
   0(time 18543 - 05:09:03)(time 18796 - 05:13:16) ->    1(time 18909 - 05:15:09)(time 19130 - 05:18:50) ->    2(time 19243 - 05:20:43)(time 19492 - 05:24:52) ->    3(time 19605 - 05:26:45)(time 19870 - 05:31:10) ->    4(time 19983 - 05:33:03)(time 20216 - 05:36:56) ->    5(time 20267 - 05:37:47)(time 20508 - 05:41:48) ->    6(time 20621 - 05:43:41)(time 20875 - 05:47:55) ->    7(time 20926 - 05:48:46)(time 21171 - 05:52:51) ->    8(time 21291 - 05:54:51)(time 21291 - 05:54:51) ->    17(time 21411 - 05:56:51)(time 21656 - 06:00:56) ->    16(time 22138 - 06:08:58)(time 22392 - 06:13:12) ->    15(time 22505 - 06:15:05)(time 22746 - 06:19:06) ->    14(time 22797 - 06:19:57)(time 23030 - 06:23:50) ->    13(time 23143 - 06:25:43)(time 23408 - 06:30:08) ->    12(time 23521 - 06:32:01)(time 23770 - 06:36:10) ->    11(time 23883 - 06:38:03)(time 24104 - 06:41:44) ->    10(time 24217 - 06:43:37)(time 24470 - 06:47:50) ->    9(time 24590 - 06:49:50)(time 24590 - 06:49:50) -> 0
=============
Train 4
=============
> Trip 0
   0(time 3074 - 00:51:14)(time 3327 - 00:55:27) ->    1(time 3454 - 00:57:34)(time 3675 - 01:01:15) ->    2(time 3788 - 01:03:08)(time 4037 - 01:07:17) ->    3(time 4150 - 01:09:10)(time 4415 - 01:13:35) ->    4(time 4528 - 01:15:28)(time 4761 - 01:19:21) ->    5(time 4874 - 01:21:14)(time 5115 - 01:25:15) ->    6(time 5228 - 01:27:08)(time 5482 - 01:31:22) ->    7(time 5841 - 01:37:21)(time 6086 - 01:41:26) ->    8(time 6206 - 01:43:26)(time 6206 - 01:43:26) ->    17(time 6286 - 01:44:46)(time 6531 - 01:48:51) ->    16(time 6662 - 01:51:02)(time 6916 - 01:55:16) ->    15(time 7029 - 01:57:09)(time 7270 - 02:01:10) ->    14(time 7591 - 02:06:31)(time 7824 - 02:10:24) ->    13(time 7937 - 02:12:17)(time 8202 - 02:16:42) ->    12(time 8315 - 02:18:35)(time 8564 - 02:22:44) ->    11(time 8677 - 02:24:37)(time 8898 - 02:28:18) ->    10(time 9031 - 02:30:31)(time 9284 - 02:34:44) ->    9(time 9404 - 02:36:44)(time 9404 - 02:36:44) -> 0
> Trip 1
   0(time 11961 - 03:19:21)(time 12214 - 03:23:34) ->    1(time 12327 - 03:25:27)(time 12548 - 03:29:08) ->    2(time 12661 - 03:31:01)(time 12910 - 03:35:10) ->    3(time 13023 - 03:37:03)(time 13288 - 03:41:28) ->    4(time 13401 - 03:43:21)(time 13634 - 03:47:14) ->    5(time 13685 - 03:48:05)(time 13926 - 03:52:06) ->    6(time 14039 - 03:53:59)(time 14293 - 03:58:13) ->    7(time 14344 - 03:59:04)(time 14589 - 04:03:09) ->    8(time 14709 - 04:05:09)(time 14709 - 04:05:09) ->    17(time 14829 - 04:07:09)(time 15074 - 04:11:14) ->    16(time 15125 - 04:12:05)(time 15379 - 04:16:19) ->    15(time 15492 - 04:18:12)(time 15733 - 04:22:13) ->    14(time 15784 - 04:23:04)(time 16017 - 04:26:57) ->    13(time 16130 - 04:28:50)(time 16395 - 04:33:15) ->    12(time 16508 - 04:35:08)(time 16757 - 04:39:17) ->    11(time 16870 - 04:41:10)(time 17091 - 04:44:51) ->    10(time 17204 - 04:46:44)(time 17457 - 04:50:57) ->    9(time 17577 - 04:52:57)(time 17577 - 04:52:57) -> 0
> Trip 2
   0(time 17933 - 04:58:53)(time 18186 - 05:03:06) ->    1(time 18299 - 05:04:59)(time 18520 - 05:08:40) ->    2(time 18633 - 05:10:33)(time 18882 - 05:14:42) ->    3(time 18995 - 05:16:35)(time 19260 - 05:21:00) ->    4(time 19373 - 05:22:53)(time 19606 - 05:26:46) ->    5(time 19657 - 05:27:37)(time 19898 - 05:31:38) ->    6(time 20011 - 05:33:31)(time 20265 - 05:37:45) ->    7(time 20316 - 05:38:36)(time 20561 - 05:42:41) ->    8(time 20681 - 05:44:41)(time 20681 - 05:44:41) ->    17(time 20681 - 05:44:41)(time 20926 - 05:48:46) ->    16(time 21456 - 05:57:36)(time 21710 - 06:01:50) ->    15(time 22240 - 06:10:40)(time 22481 - 06:14:41) ->    14(time 22532 - 06:15:32)(time 22765 - 06:19:25) ->    13(time 23023 - 06:23:43)(time 23288 - 06:28:08) ->    12(time 23401 - 06:30:01)(time 23650 - 06:34:10) ->    11(time 23763 - 06:36:03)(time 23984 - 06:39:44) ->    10(time 24097 - 06:41:37)(time 24350 - 06:45:50) ->    9(time 24470 - 06:47:50)(time 24470 - 06:47:50) -> 0
Traceback (most recent call last):
  File "/home/renata/Train-Timetabling/script.py", line 17, in <module>
    with open(file_name, "r") as file:
FileNotFoundError: [Errno 2] No such file or directory: 'script-solution.txt'
----- t6p10r6h2.txt-model.log -----
 287337 54350    21168.0000   167    21760.0000    18917.0000 36752849   13.07%
 287477 54353    18917.0000   198    21760.0000    18917.0000 36767752   13.07%
 287596 54353    21244.0000    59    21760.0000    18917.0000 36782873   13.07%
 287722 54339        cutoff          21760.0000    18917.0000 36799126   13.07%
 287837 54326    21491.0000    90    21760.0000    19002.0000 36813157   12.67%
 287928 54331    21406.0000   116    21760.0000    19116.0000 36825320   12.15%
 288037 54347    20768.0000   185    21760.0000    19116.0000 36841996   12.15%
 288146 54361    20968.0000   102    21760.0000    19116.0000 36858399   12.15%
 288260 54367    19116.0000   197    21760.0000    19116.0000 36873339   12.15%
 288378 54376    19116.0000   152    21760.0000    19116.0000 36890035   12.15%
Elapsed time = 41572.44 sec. (42663962.05 ticks, tree = 449.75 MB, solutions = 8)
 288477 54381    infeasible          21760.0000    19116.0000 36901646   12.15%
 288585 54387    19116.0000   317    21760.0000    19116.0000 36915654   12.15%
 288701 54395    19116.0000   156    21760.0000    19116.0000 36929267   12.15%
 288816 54411    21368.0000   108    21760.0000    19116.0000 36942835   12.15%
 288930 54422    21137.0000   199    21760.0000    19116.0000 36956315   12.15%
 289035 54425    20968.0000   177    21760.0000    19116.0000 36969965   12.15%
 289172 54434    21168.0000   183    21760.0000    19116.0000 36986506   12.15%
 289287 54434    infeasible          21760.0000    19116.0000 36998122   12.15%
 289407 54444    21006.0000   135    21760.0000    19116.0000 37012039   12.15%
 289528 54446    20606.0000   109    21760.0000    19116.0000 37028665   12.15%
Elapsed time = 41714.96 sec. (42817364.76 ticks, tree = 450.25 MB, solutions = 8)
 289646 54463    20568.0000   170    21760.0000    19116.0000 37043665   12.15%
 289767 54467    21168.0000   101    21760.0000    19116.0000 37060664   12.15%
 289896 54474    20968.0000    52    21760.0000    19116.0000 37075696   12.15%
 290010 54486    21168.0000   128    21760.0000    19116.0000 37087619   12.15%
 290117 54502    21283.0000    58    21760.0000    19116.0000 37099771   12.15%
 290271 54497    19516.0000   132    21760.0000    19116.0000 37119405   12.15%
 290389 54502    20568.0000   205    21760.0000    19116.0000 37135128   12.15%
 290485 54511    19116.0000   162    21760.0000    19116.0000 37146896   12.15%
 290608 54505    21568.0000   111    21760.0000    19116.0000 37160924   12.15%
 290738 54520    19316.0000   167    21760.0000    19116.0000 37177164   12.15%
Elapsed time = 41858.72 sec. (42970946.22 ticks, tree = 450.94 MB, solutions = 8)
 290841 54521    infeasible          21760.0000    19116.0000 37188297   12.15%
 290982 54519    20768.0000    86    21760.0000    19116.0000 37204656   12.15%
 291116 54539    19116.0000   196    21760.0000    19116.0000 37218183   12.15%
 291217 54549    19116.0000   189    21760.0000    19116.0000 37231541   12.15%
 291337 54561    21360.0000    87    21760.0000    19116.0000 37245360   12.15%
 291464 54573    21168.0000    95    21760.0000    19116.0000 37260274   12.15%
 291575 54586        cutoff          21760.0000    19116.0000 37275126   12.15%
 291666 54603    21168.4106    83    21760.0000    19116.0000 37286505   12.15%
 291775 54609        cutoff          21760.0000    19116.0000 37299011   12.15%
 291896 54636    20768.0000   107    21760.0000    19116.0000 37314214   12.15%
Elapsed time = 42001.62 sec. (43127002.56 ticks, tree = 451.84 MB, solutions = 8)
 292019 54642    21453.0000    89    21760.0000    19116.0000 37330005   12.15%
 292154 54658    19316.0000   149    21760.0000    19116.0000 37342215   12.15%
 292257 54690    21674.0000    35    21760.0000    19116.0000 37353284   12.15%
 292391 54704    19116.0000   130    21760.0000    19116.0000 37368772   12.15%
 292518 54709    infeasible          21760.0000    19116.0000 37384615   12.15%
 292630 54722    20968.0000   141    21760.0000    19116.0000 37397544   12.15%
 292753 54736    20968.0000    79    21760.0000    19116.0000 37410918   12.15%
 292873 54733    19316.0000   105    21760.0000    19116.0000 37425963   12.15%
 293016 54752    20768.0000   160    21760.0000    19116.0000 37441291   12.15%
 293122 54769    20968.0000   118    21760.0000    19116.0000 37455218   12.15%
Elapsed time = 42145.67 sec. (43280815.74 ticks, tree = 453.01 MB, solutions = 8)
 293232 54776    infeasible          21760.0000    19116.0000 37467195   12.15%
 293348 54782    21368.0000   102    21760.0000    19116.0000 37484071   12.15%
 293445 54792        cutoff          21760.0000    19116.0000 37495873   12.15%
 293535 54799    21568.0000    96    21760.0000    19116.0000 37507783   12.15%
 293651 54816    infeasible          21760.0000    19116.0000 37522085   12.15%
 293782 54822    infeasible          21760.0000    19116.0000 37539150   12.15%
 293902 54838    20768.0000   130    21760.0000    19116.0000 37554954   12.15%
 294002 54856    21168.0000    79    21760.0000    19116.0000 37567736   12.15%
 294117 54861    20968.0000   136    21760.0000    19116.0000 37583933   12.15%
 294229 54879    infeasible          21760.0000    19116.0000 37598133   12.15%
Elapsed time = 42292.45 sec. (43437546.73 ticks, tree = 454.03 MB, solutions = 8)
 294379 54932        cutoff          21760.0000    19116.0000 37613538   12.15%
 294474 54948    20968.0000   155    21760.0000    19116.0000 37625583   12.15%
 294579 54958    infeasible          21760.0000    19116.0000 37640610   12.15%
 294685 54978    infeasible          21760.0000    19116.0000 37653645   12.15%
 294781 55002    21606.0000    44    21760.0000    19116.0000 37665509   12.15%
 294882 55027    21360.0000    61    21760.0000    19116.0000 37679349   12.15%
 294981 55038        cutoff          21760.0000    19116.0000 37690929   12.15%
 295089 55059    19116.0000   178    21760.0000    19116.0000 37703731   12.15%
 295198 55087    20968.0000   147    21760.0000    19116.0000 37715592   12.15%
 295308 55109    21168.0000    90    21760.0000    19116.0000 37728389   12.15%
Elapsed time = 42436.25 sec. (43591179.97 ticks, tree = 456.02 MB, solutions = 8)
 295425 55132    19316.0000   185    21760.0000    19116.0000 37743069   12.15%
 295513 55157    19116.0000   156    21760.0000    19116.0000 37753095   12.15%
 295617 55168    21368.0000   133    21760.0000    19116.0000 37766143   12.15%
 295746 55187    21168.0000   184    21760.0000    19116.0000 37781119   12.15%
 295846 55209    19116.0000   143    21760.0000    19116.0000 37792585   12.15%
 295960 55214    21491.0000    98    21760.0000    19116.0000 37808228   12.15%
 296086 55228    21360.0000    31    21760.0000    19116.0000 37823222   12.15%
 296191 55231        cutoff          21760.0000    19116.0000 37838437   12.15%
 296291 55243    infeasible          21760.0000    19116.0000 37851633   12.15%
 296397 55247    19316.0000   144    21760.0000    19116.0000 37863859   12.15%
Elapsed time = 42582.28 sec. (43746174.72 ticks, tree = 457.24 MB, solutions = 8)
 296510 55269    21360.0000    69    21760.0000    19116.0000 37877572   12.15%
 296618 55288        cutoff          21760.0000    19116.0000 37894017   12.15%
 296738 55315        cutoff          21760.0000    19116.0000 37910050   12.15%
 296832 55319    20768.0000   133    21760.0000    19116.0000 37923631   12.15%
 296937 55340    20968.0000   175    21760.0000    19116.0000 37937481   12.15%
 297040 55360    21168.0000    75    21760.0000    19116.0000 37952342   12.15%
 297155 55388    21368.0000   119    21760.0000    19116.0000 37965364   12.15%
 297245 55412    20968.0000   119    21760.0000    19116.0000 37977462   12.15%
 297348 55427    21491.0000    71    21760.0000    19116.0000 37991172   12.15%
 297468 55443    19316.0000   265    21760.0000    19116.0000 38006187   12.15%
Elapsed time = 42726.13 sec. (43900125.23 ticks, tree = 458.97 MB, solutions = 8)
 297588 55473    infeasible          21760.0000    19116.0000 38019725   12.15%
 297669 55485    19316.0000   159    21760.0000    19116.0000 38031757   12.15%
 297763 55496    19116.0000   241    21760.0000    19116.0000 38043949   12.15%
 297885 55509    20568.0000   243    21760.0000    19116.0000 38056919   12.15%
 297990 55530    21453.0000    95    21760.0000    19116.0000 38067571   12.15%
 298125 55553    19116.0000   124    21760.0000    19116.0000 38081696   12.15%
 298249 55571    21406.0000    82    21760.0000    19116.0000 38097698   12.15%
 298340 55590    21368.0000    87    21760.0000    19116.0000 38110540   12.15%
 298463 55627    20768.0000    97    21760.0000    19116.0000 38123925   12.15%
 298574 55639    19116.0000   211    21760.0000    19116.0000 38137356   12.15%
Elapsed time = 42866.95 sec. (44053549.36 ticks, tree = 460.66 MB, solutions = 8)
 298659 55651    20768.0000   110    21760.0000    19116.0000 38149450   12.15%
 298767 55677    20368.0000   111    21760.0000    19116.0000 38161571   12.15%
 298870 55701    20968.0000   196    21760.0000    19116.0000 38172018   12.15%
 298969 55714    21168.0000    86    21760.0000    19116.0000 38184502   12.15%
 299079 55730        cutoff          21760.0000    19116.0000 38197920   12.15%
 299181 55742    19116.0000   269    21760.0000    19116.0000 38211903   12.15%
 299296 55767    21206.0000    59    21760.0000    19116.0000 38225620   12.15%
 299405 55790    20568.0000   153    21760.0000    19116.0000 38236666   12.15%
 299519 55814    21053.0000    85    21760.0000    19116.0000 38250947   12.15%
 299661 55858    21168.0000   176    21760.0000    19116.0000 38264409   12.15%
Elapsed time = 43009.83 sec. (44207137.89 ticks, tree = 462.56 MB, solutions = 8)
 299757 55884    20768.0000   144    21760.0000    19116.0000 38276364   12.15%
 299874 55902    infeasible          21760.0000    19116.0000 38289964   12.15%
 300001 55925    20768.0000   138    21760.0000    19116.0000 38304873   12.15%
 300116 55941    19316.0000   200    21760.0000    19116.0000 38320126   12.15%
 300218 55952    20768.0000   129    21760.0000    19116.0000 38334626   12.15%
 300340 55977    20968.0000   104    21760.0000    19116.0000 38350700   12.15%
 300435 55995    19116.0000   271    21760.0000    19116.0000 38365233   12.15%
 300551 56014    infeasible          21760.0000    19116.0000 38382185   12.15%
 300669 56038    21168.0000    88    21760.0000    19116.0000 38395717   12.15%
 300775 56067    21168.0000   134    21760.0000    19116.0000 38411312   12.15%
Elapsed time = 43152.10 sec. (44360547.20 ticks, tree = 464.37 MB, solutions = 8)
 300867 56087        cutoff          21760.0000    19116.0000 38423988   12.15%
 300977 56100    21368.0000    65    21760.0000    19116.0000 38439796   12.15%
 301085 56112    21206.0000   183    21760.0000    19116.0000 38452799   12.15%

GUB cover cuts applied:  48
Clique cuts applied:  76
Cover cuts applied:  2107
Implied bound cuts applied:  62
Flow cuts applied:  267
Mixed integer rounding cuts applied:  606
Zero-half cuts applied:  298
Gomory fractional cuts applied:  5

Root node processing (before b&c):
  Real time             =  236.30 sec. (157193.82 ticks)
Sequential b&c:
  Real time             = 42963.71 sec. (44263266.57 ticks)
                          ------------
Total (root+branch&cut) = 43200.01 sec. (44420460.39 ticks)
Feasible

>> Printing some results...
    -> Solution value = 21759 - 06:02:39
    -> Total time = 43200.01
    -> Gap value = 0.12

=============
Train 0
=============
> Trip 0
   0(time 4663 - 01:17:43)(time 5255 - 01:27:35) ->    1(time 5845 - 01:37:25)(time 6403 - 01:46:43) ->    2(time 6993 - 01:56:33)(time 7533 - 02:05:33) ->    3(time 8123 - 02:15:23)(time 8668 - 02:24:28) ->    4(time 9258 - 02:34:18)(time 9866 - 02:44:26) ->    5(time 10456 - 02:54:16)(time 11008 - 03:03:28) ->    6(time 11598 - 03:13:18)(time 12177 - 03:22:57) ->    7(time 12262 - 03:24:22)(time 12826 - 03:33:46) ->    8(time 12911 - 03:35:11)(time 13554 - 03:45:54) ->    9(time 13754 - 03:49:14)(time 13754 - 03:49:14) ->    19(time 13754 - 03:49:14)(time 14397 - 03:59:57) ->    18(time 14482 - 04:01:22)(time 15046 - 04:10:46) ->    17(time 15131 - 04:12:11)(time 15710 - 04:21:50) ->    16(time 16033 - 04:27:13)(time 16585 - 04:36:25) ->    15(time 16670 - 04:37:50)(time 17278 - 04:47:58) ->    14(time 17359 - 04:49:19)(time 17904 - 04:58:24) ->    13(time 17989 - 04:59:49)(time 18529 - 05:08:49) ->    12(time 18729 - 05:12:09)(time 19287 - 05:21:27) ->    11(time 19372 - 05:22:52)(time 19964 - 05:32:44) ->    10(time 20164 - 05:36:04)(time 20164 - 05:36:04) -> 0
> Trip 1
   0(time 24353 - 06:45:53)(time 24945 - 06:55:45) ->    1(time 25030 - 06:57:10)(time 25588 - 07:06:28) ->    2(time 25894 - 07:11:34)(time 26434 - 07:20:34) ->    3(time 26634 - 07:23:54)(time 27179 - 07:32:59) ->    4(time 27260 - 07:34:20)(time 27868 - 07:44:28) ->    5(time 27953 - 07:45:53)(time 28505 - 07:55:05) ->    6(time 28590 - 07:56:30)(time 29169 - 08:06:09) ->    7(time 29254 - 08:07:34)(time 29818 - 08:16:58) ->    8(time 29959 - 08:19:19)(time 30602 - 08:30:02) ->    9(time 30802 - 08:33:22)(time 30802 - 08:33:22) ->    19(time 30917 - 08:35:17)(time 31560 - 08:46:00) ->    18(time 31645 - 08:47:25)(time 32209 - 08:56:49) ->    17(time 32294 - 08:58:14)(time 32873 - 09:07:53) ->    16(time 32958 - 09:09:18)(time 33510 - 09:18:30) ->    15(time 33595 - 09:19:55)(time 34203 - 09:30:03) ->    14(time 34284 - 09:31:24)(time 34829 - 09:40:29) ->    13(time 34999 - 09:43:19)(time 35539 - 09:52:19) ->    12(time 35739 - 09:55:39)(time 36297 - 10:04:57) ->    11(time 36382 - 10:06:22)(time 36974 - 10:16:14) ->    10(time 37174 - 10:19:34)(time 37174 - 10:19:34) -> 0
=============
Train 1
=============
> Trip 0
   0(time 9309 - 02:35:09)(time 9901 - 02:45:01) ->    1(time 10491 - 02:54:51)(time 11049 - 03:04:09) ->    2(time 11639 - 03:13:59)(time 12179 - 03:22:59) ->    3(time 12264 - 03:24:24)(time 12809 - 03:33:29) ->    4(time 13399 - 03:43:19)(time 14007 - 03:53:27) ->    5(time 14597 - 04:03:17)(time 15149 - 04:12:29) ->    6(time 15710 - 04:21:50)(time 16289 - 04:31:29) ->    7(time 16374 - 04:32:54)(time 16938 - 04:42:18) ->    8(time 17023 - 04:43:43)(time 17666 - 04:54:26) ->    9(time 17866 - 04:57:46)(time 17866 - 04:57:46) ->    19(time 17866 - 04:57:46)(time 18509 - 05:08:29) ->    18(time 18594 - 05:09:54)(time 19158 - 05:19:18) ->    17(time 19358 - 05:22:38)(time 19937 - 05:32:17) ->    16(time 20022 - 05:33:42)(time 20574 - 05:42:54) ->    15(time 20659 - 05:44:19)(time 21267 - 05:54:27) ->    14(time 21348 - 05:55:48)(time 21893 - 06:04:53) ->    13(time 21978 - 06:06:18)(time 22518 - 06:15:18) ->    12(time 22718 - 06:18:38)(time 23276 - 06:27:56) ->    11(time 23361 - 06:29:21)(time 23953 - 06:39:13) ->    10(time 24153 - 06:42:33)(time 24153 - 06:42:33) -> 0
> Trip 1
   0(time 24153 - 06:42:33)(time 24745 - 06:52:25) ->    1(time 24830 - 06:53:50)(time 25388 - 07:03:08) ->    2(time 25588 - 07:06:28)(time 26128 - 07:15:28) ->    3(time 26434 - 07:20:34)(time 26979 - 07:29:39) ->    4(time 27116 - 07:31:56)(time 27724 - 07:42:04) ->    5(time 27809 - 07:43:29)(time 28361 - 07:52:41) ->    6(time 28446 - 07:54:06)(time 29025 - 08:03:45) ->    7(time 29110 - 08:05:10)(time 29674 - 08:14:34) ->    8(time 29759 - 08:15:59)(time 30402 - 08:26:42) ->    9(time 30602 - 08:30:02)(time 30602 - 08:30:02) ->    19(time 30802 - 08:33:22)(time 31445 - 08:44:05) ->    18(time 31530 - 08:45:30)(time 32094 - 08:54:54) ->    17(time 32179 - 08:56:19)(time 32758 - 09:05:58) ->    16(time 32843 - 09:07:23)(time 33395 - 09:16:35) ->    15(time 33480 - 09:18:00)(time 34088 - 09:28:08) ->    14(time 34169 - 09:29:29)(time 34714 - 09:38:34) ->    13(time 34799 - 09:39:59)(time 35339 - 09:48:59) ->    12(time 35539 - 09:52:19)(time 36097 - 10:01:37) ->    11(time 36182 - 10:03:02)(time 36774 - 10:12:54) ->    10(time 36974 - 10:16:14)(time 36974 - 10:16:14) -> 0
=============
Train 2
=============
> Trip 0
   0(time 3099 - 00:51:39)(time 3691 - 01:01:31) ->    1(time 3776 - 01:02:56)(time 4334 - 01:12:14) ->    2(time 4534 - 01:15:34)(time 5074 - 01:24:34) ->    3(time 5159 - 01:25:59)(time 5704 - 01:35:04) ->    4(time 5785 - 01:36:25)(time 6393 - 01:46:33) ->    5(time 6478 - 01:47:58)(time 7030 - 01:57:10) ->    6(time 7286 - 02:01:26)(time 7865 - 02:11:05) ->    7(time 7950 - 02:12:30)(time 8514 - 02:21:54) ->    8(time 8599 - 02:23:19)(time 9242 - 02:34:02) ->    9(time 9442 - 02:37:22)(time 9442 - 02:37:22) ->    19(time 9557 - 02:39:17)(time 10200 - 02:50:00) ->    18(time 10285 - 02:51:25)(time 10849 - 03:00:49) ->    17(time 10934 - 03:02:14)(time 11513 - 03:11:53) ->    16(time 11598 - 03:13:18)(time 12150 - 03:22:30) ->    15(time 12235 - 03:23:55)(time 12843 - 03:34:03) ->    14(time 12924 - 03:35:24)(time 13469 - 03:44:29) ->    13(time 13639 - 03:47:19)(time 14179 - 03:56:19) ->    12(time 14379 - 03:59:39)(time 14937 - 04:08:57) ->    11(time 15022 - 04:10:22)(time 15614 - 04:20:14) ->    10(time 15814 - 04:23:34)(time 15814 - 04:23:34) -> 0
> Trip 1
   0(time 19964 - 05:32:44)(time 20556 - 05:42:36) ->    1(time 20641 - 05:44:01)(time 21199 - 05:53:19) ->    2(time 21438 - 05:57:18)(time 21978 - 06:06:18) ->    3(time 22063 - 06:07:43)(time 22608 - 06:16:48) ->    4(time 22689 - 06:18:09)(time 23297 - 06:28:17) ->    5(time 23382 - 06:29:42)(time 23934 - 06:38:54) ->    6(time 24334 - 06:45:34)(time 24913 - 06:55:13) ->    7(time 24998 - 06:56:38)(time 25562 - 07:06:02) ->    8(time 25647 - 07:07:27)(time 26290 - 07:18:10) ->    9(time 26490 - 07:21:30)(time 26490 - 07:21:30) ->    19(time 26490 - 07:21:30)(time 27133 - 07:32:13) ->    18(time 27218 - 07:33:38)(time 27782 - 07:43:02) ->    17(time 27867 - 07:44:27)(time 28446 - 07:54:06) ->    16(time 29036 - 08:03:56)(time 29588 - 08:13:08) ->    15(time 30178 - 08:22:58)(time 30786 - 08:33:06) ->    14(time 31376 - 08:42:56)(time 31921 - 08:52:01) ->    13(time 32511 - 09:01:51)(time 33051 - 09:10:51) ->    12(time 33641 - 09:20:41)(time 34199 - 09:29:59) ->    11(time 34789 - 09:39:49)(time 35381 - 09:49:41) ->    10(time 35971 - 09:59:31)(time 35971 - 09:59:31) -> 0
=============
Train 3
=============
> Trip 0
   0(time 3299 - 00:54:59)(time 3891 - 01:04:51) ->    1(time 3976 - 01:06:16)(time 4534 - 01:15:34) ->    2(time 4734 - 01:18:54)(time 5274 - 01:27:54) ->    3(time 5359 - 01:29:19)(time 5904 - 01:38:24) ->    4(time 5985 - 01:39:45)(time 6593 - 01:49:53) ->    5(time 6849 - 01:54:09)(time 7401 - 02:03:21) ->    6(time 7486 - 02:04:46)(time 8065 - 02:14:25) ->    7(time 8150 - 02:15:50)(time 8714 - 02:25:14) ->    8(time 8799 - 02:26:39)(time 9442 - 02:37:22) ->    9(time 9642 - 02:40:42)(time 9642 - 02:40:42) ->    19(time 9642 - 02:40:42)(time 10285 - 02:51:25) ->    18(time 10370 - 02:52:50)(time 10934 - 03:02:14) ->    17(time 11019 - 03:03:39)(time 11598 - 03:13:18) ->    16(time 11683 - 03:14:43)(time 12235 - 03:23:55) ->    15(time 12320 - 03:25:20)(time 12928 - 03:35:28) ->    14(time 13209 - 03:40:09)(time 13754 - 03:49:14) ->    13(time 13839 - 03:50:39)(time 14379 - 03:59:39) ->    12(time 14579 - 04:02:59)(time 15137 - 04:12:17) ->    11(time 15222 - 04:13:42)(time 15814 - 04:23:34) ->    10(time 16014 - 04:26:54)(time 16014 - 04:26:54) -> 0
> Trip 1
   0(time 16014 - 04:26:54)(time 16606 - 04:36:46) ->    1(time 16691 - 04:38:11)(time 17249 - 04:47:29) ->    2(time 17449 - 04:50:49)(time 17989 - 04:59:49) ->    3(time 18151 - 05:02:31)(time 18696 - 05:11:36) ->    4(time 18777 - 05:12:57)(time 19385 - 05:23:05) ->    5(time 19470 - 05:24:30)(time 20022 - 05:33:42) ->    6(time 20222 - 05:37:02)(time 20801 - 05:46:41) ->    7(time 20886 - 05:48:06)(time 21450 - 05:57:30) ->    8(time 21535 - 05:58:55)(time 22178 - 06:09:38) ->    9(time 22378 - 06:12:58)(time 22378 - 06:12:58) ->    19(time 22378 - 06:12:58)(time 23021 - 06:23:41) ->    18(time 23106 - 06:25:06)(time 23670 - 06:34:30) ->    17(time 23755 - 06:35:55)(time 24334 - 06:45:34) ->    16(time 24924 - 06:55:24)(time 25476 - 07:04:36) ->    15(time 26066 - 07:14:26)(time 26674 - 07:24:34) ->    14(time 27264 - 07:34:24)(time 27809 - 07:43:29) ->    13(time 28399 - 07:53:19)(time 28939 - 08:02:19) ->    12(time 29529 - 08:12:09)(time 30087 - 08:21:27) ->    11(time 30677 - 08:31:17)(time 31269 - 08:41:09) ->    10(time 31859 - 08:50:59)(time 31859 - 08:50:59) -> 0
=============
Train 4
=============
> Trip 0
   0(time 10999 - 03:03:19)(time 11591 - 03:13:11) ->    1(time 11676 - 03:14:36)(time 12234 - 03:23:54) ->    2(time 12824 - 03:33:44)(time 13364 - 03:42:44) ->    3(time 13954 - 03:52:34)(time 14499 - 04:01:39) ->    4(time 14580 - 04:03:00)(time 15188 - 04:13:08) ->    5(time 15273 - 04:14:33)(time 15825 - 04:23:45) ->    6(time 15910 - 04:25:10)(time 16489 - 04:34:49) ->    7(time 16574 - 04:36:14)(time 17138 - 04:45:38) ->    8(time 17223 - 04:47:03)(time 17866 - 04:57:46) ->    9(time 18066 - 05:01:06)(time 18066 - 05:01:06) ->    19(time 18066 - 05:01:06)(time 18709 - 05:11:49) ->    18(time 18794 - 05:13:14)(time 19358 - 05:22:38) ->    17(time 19443 - 05:24:03)(time 20022 - 05:33:42) ->    16(time 20107 - 05:35:07)(time 20659 - 05:44:19) ->    15(time 20744 - 05:45:44)(time 21352 - 05:55:52) ->    14(time 21433 - 05:57:13)(time 21978 - 06:06:18) ->    13(time 22178 - 06:09:38)(time 22718 - 06:18:38) ->    12(time 22918 - 06:21:58)(time 23476 - 06:31:16) ->    11(time 23561 - 06:32:41)(time 24153 - 06:42:33) ->    10(time 24353 - 06:45:53)(time 24353 - 06:45:53) -> 0
> Trip 1
   0(time 24438 - 06:47:18)(time 25030 - 06:57:10) ->    1(time 25336 - 07:02:16)(time 25894 - 07:11:34) ->    2(time 26094 - 07:14:54)(time 26634 - 07:23:54) ->    3(time 26719 - 07:25:19)(time 27264 - 07:34:24) ->    4(time 27345 - 07:35:45)(time 27953 - 07:45:53) ->    5(time 28038 - 07:47:18)(time 28590 - 07:56:30) ->    6(time 28675 - 07:57:55)(time 29254 - 08:07:34) ->    7(time 29395 - 08:09:55)(time 29959 - 08:19:19) ->    8(time 30159 - 08:22:39)(time 30802 - 08:33:22) ->    9(time 31002 - 08:36:42)(time 31002 - 08:36:42) ->    19(time 31002 - 08:36:42)(time 31645 - 08:47:25) ->    18(time 31730 - 08:48:50)(time 32294 - 08:58:14) ->    17(time 32579 - 09:02:59)(time 33158 - 09:12:38) ->    16(time 33243 - 09:14:03)(time 33795 - 09:23:15) ->    15(time 33880 - 09:24:40)(time 34488 - 09:34:48) ->    14(time 34569 - 09:36:09)(time 35114 - 09:45:14) ->    13(time 35199 - 09:46:39)(time 35739 - 09:55:39) ->    12(time 35939 - 09:58:59)(time 36497 - 10:08:17) ->    11(time 36582 - 10:09:42)(time 37174 - 10:19:34) ->    10(time 37374 - 10:22:54)(time 37374 - 10:22:54) -> 0
=============
Train 5
=============
> Trip 0
   0(time 2678 - 00:44:38)(time 3270 - 00:54:30) ->    1(time 3576 - 00:59:36)(time 4134 - 01:08:54) ->    2(time 4334 - 01:12:14)(time 4874 - 01:21:14) ->    3(time 4959 - 01:22:39)(time 5504 - 01:31:44) ->    4(time 5585 - 01:33:05)(time 6193 - 01:43:13) ->    5(time 6278 - 01:44:38)(time 6830 - 01:53:50) ->    6(time 6915 - 01:55:15)(time 7494 - 02:04:54) ->    7(time 7635 - 02:07:15)(time 8199 - 02:16:39) ->    8(time 8399 - 02:19:59)(time 9042 - 02:30:42) ->    9(time 9242 - 02:34:02)(time 9242 - 02:34:02) ->    19(time 9442 - 02:37:22)(time 10085 - 02:48:05) ->    18(time 10170 - 02:49:30)(time 10734 - 02:58:54) ->    17(time 10819 - 03:00:19)(time 11398 - 03:09:58) ->    16(time 11483 - 03:11:23)(time 12035 - 03:20:35) ->    15(time 12120 - 03:22:00)(time 12728 - 03:32:08) ->    14(time 12809 - 03:33:29)(time 13354 - 03:42:34) ->    13(time 13439 - 03:43:59)(time 13979 - 03:52:59) ->    12(time 14179 - 03:56:19)(time 14737 - 04:05:37) ->    11(time 14822 - 04:07:02)(time 15414 - 04:16:54) ->    10(time 15614 - 04:20:14)(time 15614 - 04:20:14) -> 0
> Trip 1
   0(time 15814 - 04:23:34)(time 16406 - 04:33:26) ->    1(time 16491 - 04:34:51)(time 17049 - 04:44:09) ->    2(time 17249 - 04:47:29)(time 17789 - 04:56:29) ->    3(time 17904 - 04:58:24)(time 18449 - 05:07:29) ->    4(time 18680 - 05:11:20)(time 19288 - 05:21:28) ->    5(time 19373 - 05:22:53)(time 19925 - 05:32:05) ->    6(time 20022 - 05:33:42)(time 20601 - 05:43:21) ->    7(time 20686 - 05:44:46)(time 21250 - 05:54:10) ->    8(time 21335 - 05:55:35)(time 21978 - 06:06:18) ->    9(time 22178 - 06:09:38)(time 22178 - 06:09:38) ->    19(time 22178 - 06:09:38)(time 22821 - 06:20:21) ->    18(time 22906 - 06:21:46)(time 23470 - 06:31:10) ->    17(time 23555 - 06:32:35)(time 24134 - 06:42:14) ->    16(time 24219 - 06:43:39)(time 24771 - 06:52:51) ->    15(time 24856 - 06:54:16)(time 25464 - 07:04:24) ->    14(time 25889 - 07:11:29)(time 26434 - 07:20:34) ->    13(time 26634 - 07:23:54)(time 27174 - 07:32:54) ->    12(time 27374 - 07:36:14)(time 27932 - 07:45:32) ->    11(time 28522 - 07:55:22)(time 29114 - 08:05:14) ->    10(time 29704 - 08:15:04)(time 29704 - 08:15:04) -> 0
----- t6p11r15h2.txt-model.log -----
 114482 41523    14559.0000   330    18908.0000    14558.0000 15660812   23.01%
 114527 41547    15250.0000   273    18908.0000    14558.0000 15663790   23.01%
 114571 41565    16655.0000   271    18908.0000    14558.0000 15667599   23.01%
 114623 41595    14736.0000   289    18908.0000    14558.0000 15670938   23.01%
 114681 41617    15784.0000   224    18908.0000    14558.0000 15675545   23.01%
 114724 41644    infeasible          18908.0000    14558.0000 15678194   23.01%
 114787 41672    15962.0000   276    18908.0000    14558.0000 15682547   23.01%
 114841 41698    18414.0000   142    18908.0000    14558.0000 15687318   23.01%
Elapsed time = 41520.77 sec. (38933603.18 ticks, tree = 9933.40 MB, solutions = 17)
Nodefile size = 7885.62 MB (6083.94 MB after compression)
 114890 41716    15250.0000   291    18908.0000    14558.0000 15691764   23.01%
 114933 41741    15784.0000   182    18908.0000    14558.0000 15695323   23.01%
 114986 41771    14736.0000   334    18908.0000    14558.0000 15699071   23.01%
 115033 41794    15606.0000   265    18908.0000    14558.0000 15702351   23.01%
 115082 41818    14558.0000   344    18908.0000    14558.0000 15706212   23.01%
 115130 41846    18257.0000   176    18908.0000    14558.0000 15709295   23.01%
 115190 41868    15606.0000   320    18908.0000    14558.0000 15714005   23.01%
 115231 41881    15606.0000   328    18908.0000    14558.0000 15717370   23.01%
 115254 41889    15250.0000   584    18908.0000    14558.0000 15720911   23.01%
 115302 41912    15784.0000   335    18908.0000    14558.0000 15724648   23.01%
Elapsed time = 41686.46 sec. (39087946.62 ticks, tree = 9985.32 MB, solutions = 17)
Nodefile size = 7937.47 MB (6123.95 MB after compression)
 115342 41929    17673.0000   269    18908.0000    14558.0000 15729859   23.01%
 115414 41963    15428.0000   247    18908.0000    14558.0000 15734495   23.01%
 115482 42000    15606.0000   229    18908.0000    14558.0000 15738559   23.01%
 115532 42029    15462.0000   295    18908.0000    14558.0000 15742365   23.01%
 115580 42056    infeasible          18908.0000    14558.0000 15748134   23.01%
 115612 42069    16476.0000   193    18908.0000    14558.0000 15752849   23.01%
 115675 42101    14914.0000   314    18908.0000    14558.0000 15757296   23.01%
 115724 42125    16141.0000   227    18908.0000    14558.0000 15761070   23.01%
 115786 42159    16410.0000   256    18908.0000    14558.0000 15766704   23.01%
 115841 42192    15958.0000   224    18908.0000    14558.0000 15770829   23.01%
Elapsed time = 41849.81 sec. (39243253.60 ticks, tree = 10052.37 MB, solutions = 17)
Nodefile size = 8004.45 MB (6175.47 MB after compression)
 115894 42217    infeasible          18908.0000    14558.0000 15776490   23.01%
 115929 42228    infeasible          18908.0000    14558.0000 15779637   23.01%
 115979 42257    18058.0000   172    18908.0000    14558.0000 15782841   23.01%
 116029 42283    14736.0000   340    18908.0000    14558.0000 15786655   23.01%
 116080 42297    14645.0000   267    18908.0000    14558.0000 15790382   23.01%
 116132 42318    18079.0000   161    18908.0000    14558.0000 15795398   23.01%
 116168 42334    15428.0000   408    18908.0000    14558.0000 15800749   23.01%
 116196 42347    15784.0000   212    18908.0000    14558.0000 15803491   23.01%
 116236 42365    16141.0000   260    18908.0000    14558.0000 15806512   23.01%
 116288 42389    17801.0000   168    18908.0000    14558.0000 15812823   23.01%
Elapsed time = 42014.06 sec. (39396671.98 ticks, tree = 10099.75 MB, solutions = 17)
Nodefile size = 8051.76 MB (6211.86 MB after compression)
 116328 42402    15784.0000   272    18908.0000    14558.0000 15816298   23.01%
 116370 42406    17636.0000   194    18908.0000    14558.0000 15820365   23.01%
 116423 42436    16832.0000   206    18908.0000    14558.0000 15824822   23.01%
 116483 42460    17722.0000   149    18908.0000    14558.0000 15828935   23.01%
 116524 42474    15606.0000   250    18908.0000    14558.0000 15832150   23.01%
 116566 42498    16654.0000   188    18908.0000    14558.0000 15836090   23.01%
 116612 42519    16944.0000   200    18908.0000    14558.0000 15840333   23.01%
 116664 42548    16141.0000   159    18908.0000    14558.0000 15843723   23.01%
 116708 42565    14558.0000   322    18908.0000    14558.0000 15846767   23.01%
 116744 42583    15606.0000   237    18908.0000    14558.0000 15849857   23.01%
Elapsed time = 42180.32 sec. (39551934.27 ticks, tree = 10146.61 MB, solutions = 17)
Nodefile size = 8099.07 MB (6248.37 MB after compression)
 116795 42614    15284.0000   280    18908.0000    14558.0000 15853473   23.01%
 116834 42627    infeasible          18908.0000    14558.0000 15857478   23.01%
 116880 42641    14736.0000   304    18908.0000    14558.0000 15862359   23.01%
 116925 42653    15428.0000   240    18908.0000    14558.0000 15865882   23.01%
 116966 42673    15428.0000   349    18908.0000    14558.0000 15869830   23.01%
 117005 42691    14558.0000   415    18908.0000    14558.0000 15873619   23.01%
 117048 42702    14558.0000   380    18908.0000    14558.0000 15877277   23.01%
 117085 42718    15428.0000   238    18908.0000    14558.0000 15886190   23.01%
 117145 42742    infeasible          18908.0000    14558.0000 15890960   23.01%
 117187 42755    infeasible          18908.0000    14558.0000 15894615   23.01%
Elapsed time = 42344.98 sec. (39707373.99 ticks, tree = 10188.45 MB, solutions = 17)
Nodefile size = 8140.85 MB (6280.59 MB after compression)
 117225 42767    infeasible          18908.0000    14558.0000 15897657   23.01%
 117266 42780    infeasible          18908.0000    14558.0000 15902829   23.01%
 117309 42799    14558.0000   362    18908.0000    14558.0000 15910420   23.01%
 117353 42826    15727.0000   272    18908.0000    14558.0000 15914107   23.01%
 117402 42842    14736.0000   360    18908.0000    14558.0000 15918197   23.01%
 117431 42858    17188.0000   171    18908.0000    14558.0000 15921180   23.01%
 117474 42871    14558.0000   394    18908.0000    14558.0000 15925367   23.01%
 117512 42893    16318.0000   214    18908.0000    14558.0000 15928705   23.01%
 117554 42901    15784.0000   259    18908.0000    14558.0000 15932806   23.01%
 117609 42918    16832.0000   236    18908.0000    14558.0000 15938162   23.01%
Elapsed time = 42511.81 sec. (39863250.64 ticks, tree = 10228.26 MB, solutions = 17)
Nodefile size = 8181.11 MB (6311.70 MB after compression)
 117643 42934    15962.0000   269    18908.0000    14558.0000 15941067   23.01%
 117686 42962    17366.0000   171    18908.0000    14558.0000 15944885   23.01%
 117741 42985    16049.0000   214    18908.0000    14558.0000 15948504   23.01%
 117806 43009    17209.0000   215    18908.0000    14558.0000 15954485   23.01%
 117865 43034    14922.0000   362    18908.0000    14558.0000 15958633   23.01%
 117909 43054    14558.0000   346    18908.0000    14558.0000 15961891   23.01%
 117952 43085    15606.0000   206    18908.0000    14558.0000 15966901   23.01%
 117996 43101    14558.0000   335    18908.0000    14558.0000 15970558   23.01%
 118020 43108    14564.0000   333    18908.0000    14558.0000 15973411   23.01%
 118068 43119    infeasible          18908.0000    14558.0000 15977972   23.01%
Elapsed time = 42674.68 sec. (40017536.57 ticks, tree = 10276.38 MB, solutions = 17)
Nodefile size = 8228.88 MB (6348.58 MB after compression)
 118101 43129    15784.0000   328    18908.0000    14558.0000 15982246   23.01%
 118139 43141    18170.0000   150    18908.0000    14558.0000 15985476   23.01%
 118191 43169    17010.0000   103    18908.0000    14558.0000 15990915   23.01%
 118264 43189    infeasible          18908.0000    14558.0000 15996606   23.01%
 118307 43214    15962.0000   310    18908.0000    14558.0000 16000738   23.01%
 118358 43242    14736.0000   348    18908.0000    14558.0000 16004546   23.01%
 118403 43261    15784.0000   268    18908.0000    14558.0000 16008315   23.01%
 118442 43267    infeasible          18908.0000    14558.0000 16012434   23.01%
 118483 43286    14558.0000   306    18908.0000    14558.0000 16016025   23.01%
 118515 43306    17010.0000   203    18908.0000    14558.0000 16018725   23.01%
Elapsed time = 42844.03 sec. (40172891.78 ticks, tree = 10320.52 MB, solutions = 17)
Nodefile size = 8273.21 MB (6382.72 MB after compression)
 118553 43318    15428.0000   247    18908.0000    14558.0000 16024225   23.01%
 118586 43340    infeasible          18908.0000    14558.0000 16026963   23.01%
 118628 43351    infeasible          18908.0000    14558.0000 16031026   23.01%
 118679 43368    14558.0000   412    18908.0000    14558.0000 16034850   23.01%
 118712 43387    17097.0000   211    18908.0000    14558.0000 16037831   23.01%
 118763 43406    15632.0000   258    18908.0000    14558.0000 16042204   23.01%
 118795 43408    infeasible          18908.0000    14558.0000 16046232   23.01%
 118829 43423    14558.0000   371    18908.0000    14558.0000 16050087   23.01%
 118877 43443    16227.0000   278    18908.0000    14558.0000 16054333   23.01%
 118913 43463    17010.0000   261    18908.0000    14558.0000 16057493   23.01%
Elapsed time = 43012.23 sec. (40328066.41 ticks, tree = 10358.10 MB, solutions = 17)
Nodefile size = 8310.72 MB (6411.61 MB after compression)
 118962 43485    17188.0000   197    18908.0000    14558.0000 16061827   23.01%
 119012 43510    17362.0000   186    18908.0000    14558.0000 16065645   23.01%
 119069 43543    14736.0000   369    18908.0000    14558.0000 16068868   23.01%
 119112 43569    15606.0000   225    18908.0000    14558.0000 16072608   23.01%
 119158 43599    16689.0000   200    18908.0000    14558.0000 16079610   23.01%
 119212 43626    14914.0000   311    18908.0000    14558.0000 16083190   23.01%
 119262 43634    18503.0000   228    18908.0000    14558.0000 16088049   23.01%
 119309 43659    16318.0000   210    18908.0000    14558.0000 16094822   23.01%
 119355 43669    17673.0000   289    18908.0000    14558.0000 16098688   23.01%
 119402 43696    15788.1032   267    18908.0000    14558.0000 16102732   23.01%
Elapsed time = 43184.54 sec. (40488356.37 ticks, tree = 10414.53 MB, solutions = 17)
Nodefile size = 8366.55 MB (6454.71 MB after compression)

GUB cover cuts applied:  210
Clique cuts applied:  149
Cover cuts applied:  1399
Implied bound cuts applied:  138
Flow cuts applied:  186
Mixed integer rounding cuts applied:  411
Zero-half cuts applied:  197
Lift and project cuts applied:  2
Gomory fractional cuts applied:  2

Root node processing (before b&c):
  Real time             =  654.01 sec. (440912.63 ticks)
Sequential b&c:
  Real time             = 42546.01 sec. (40063676.42 ticks)
                          ------------
Total (root+branch&cut) = 43200.02 sec. (40504589.05 ticks)
Feasible

>> Printing some results...
    -> Solution value = 18907 - 05:15:07
    -> Total time = 43200.02
    -> Gap value = 0.23

=============
Train 0
=============
> Trip 0
   0(time 6212 - 01:43:32)(time 6753 - 01:52:33) ->    1(time 6845 - 01:54:05)(time 7380 - 02:03:00) ->    2(time 7472 - 02:04:32)(time 8090 - 02:14:50) ->    3(time 8293 - 02:18:13)(time 8923 - 02:28:43) ->    4(time 9400 - 02:36:40)(time 9954 - 02:45:54) ->    5(time 10431 - 02:53:51)(time 10992 - 03:03:12) ->    6(time 11469 - 03:11:09)(time 12101 - 03:21:41) ->    7(time 12578 - 03:29:38)(time 13154 - 03:39:14) ->    8(time 13291 - 03:41:31)(time 13914 - 03:51:54) ->    9(time 14001 - 03:53:21)(time 14614 - 04:03:34) ->    10(time 14792 - 04:06:32)(time 14792 - 04:06:32) ->    21(time 14792 - 04:06:32)(time 15405 - 04:16:45) ->    20(time 15583 - 04:19:43)(time 16206 - 04:30:06) ->    19(time 16252 - 04:30:52)(time 16828 - 04:40:28) ->    18(time 17006 - 04:43:26)(time 17638 - 04:53:58) ->    17(time 17816 - 04:56:56)(time 18377 - 05:06:17) ->    16(time 18469 - 05:07:49)(time 19023 - 05:17:03) ->    15(time 19115 - 05:18:35)(time 19745 - 05:29:05) ->    14(time 19837 - 05:30:37)(time 20455 - 05:40:55) ->    13(time 20501 - 05:41:41)(time 21036 - 05:50:36) ->    12(time 21128 - 05:52:08)(time 21669 - 06:01:09) ->    11(time 21847 - 06:04:07)(time 21847 - 06:04:07) -> 0
> Trip 1
   0(time 24936 - 06:55:36)(time 25477 - 07:04:37) ->    1(time 25569 - 07:06:09)(time 26104 - 07:15:04) ->    2(time 26196 - 07:16:36)(time 26814 - 07:26:54) ->    3(time 26906 - 07:28:26)(time 27536 - 07:38:56) ->    4(time 27628 - 07:40:28)(time 28182 - 07:49:42) ->    5(time 28314 - 07:51:54)(time 28875 - 08:01:15) ->    6(time 29053 - 08:04:13)(time 29685 - 08:14:45) ->    7(time 29863 - 08:17:43)(time 30439 - 08:27:19) ->    8(time 30526 - 08:28:46)(time 31149 - 08:39:09) ->    9(time 31327 - 08:42:07)(time 31940 - 08:52:20) ->    10(time 32118 - 08:55:18)(time 32118 - 08:55:18) ->    21(time 32118 - 08:55:18)(time 32731 - 09:05:31) ->    20(time 32777 - 09:06:17)(time 33400 - 09:16:40) ->    19(time 33781 - 09:23:01)(time 34357 - 09:32:37) ->    18(time 34535 - 09:35:35)(time 35167 - 09:46:07) ->    17(time 35345 - 09:49:05)(time 35906 - 09:58:26) ->    16(time 35998 - 09:59:58)(time 36552 - 10:09:12) ->    15(time 36644 - 10:10:44)(time 37274 - 10:21:14) ->    14(time 37366 - 10:22:46)(time 37984 - 10:33:04) ->    13(time 38030 - 10:33:50)(time 38565 - 10:42:45) ->    12(time 38657 - 10:44:17)(time 39198 - 10:53:18) ->    11(time 39376 - 10:56:16)(time 39376 - 10:56:16) -> 0
=============
Train 1
=============
> Trip 0
   0(time 6120 - 01:42:00)(time 6661 - 01:51:01) ->    1(time 6753 - 01:52:33)(time 7288 - 02:01:28) ->    2(time 7380 - 02:03:00)(time 7998 - 02:13:18) ->    3(time 8090 - 02:14:50)(time 8720 - 02:25:20) ->    4(time 8852 - 02:27:32)(time 9406 - 02:36:46) ->    5(time 9584 - 02:39:44)(time 10145 - 02:49:05) ->    6(time 10496 - 02:54:56)(time 11128 - 03:05:28) ->    7(time 11306 - 03:08:26)(time 11882 - 03:18:02) ->    8(time 11928 - 03:18:48)(time 12551 - 03:29:11) ->    9(time 12597 - 03:29:57)(time 13210 - 03:40:10) ->    10(time 13388 - 03:43:08)(time 13388 - 03:43:08) ->    21(time 13388 - 03:43:08)(time 14001 - 03:53:21) ->    20(time 14250 - 03:57:30)(time 14873 - 04:07:53) ->    19(time 15051 - 04:10:51)(time 15627 - 04:20:27) ->    18(time 16104 - 04:28:24)(time 16736 - 04:38:56) ->    17(time 16914 - 04:41:54)(time 17475 - 04:51:15) ->    16(time 17567 - 04:52:47)(time 18121 - 05:02:01) ->    15(time 18213 - 05:03:33)(time 18843 - 05:14:03) ->    14(time 18935 - 05:15:35)(time 19553 - 05:25:53) ->    13(time 19599 - 05:26:39)(time 20134 - 05:35:34) ->    12(time 20226 - 05:37:06)(time 20767 - 05:46:07) ->    11(time 20945 - 05:49:05)(time 20945 - 05:49:05) -> 0
> Trip 1
   0(time 22026 - 06:07:06)(time 22567 - 06:16:07) ->    1(time 22659 - 06:17:39)(time 23194 - 06:26:34) ->    2(time 23240 - 06:27:20)(time 23858 - 06:37:38) ->    3(time 23950 - 06:39:10)(time 24580 - 06:49:40) ->    4(time 24672 - 06:51:12)(time 25226 - 07:00:26) ->    5(time 25323 - 07:02:03)(time 25884 - 07:11:24) ->    6(time 26062 - 07:14:22)(time 26694 - 07:24:54) ->    7(time 26872 - 07:27:52)(time 27448 - 07:37:28) ->    8(time 27494 - 07:38:14)(time 28117 - 07:48:37) ->    9(time 28163 - 07:49:23)(time 28776 - 07:59:36) ->    10(time 28954 - 08:02:34)(time 28954 - 08:02:34) ->    21(time 28954 - 08:02:34)(time 29567 - 08:12:47) ->    20(time 29816 - 08:16:56)(time 30439 - 08:27:19) ->    19(time 30916 - 08:35:16)(time 31492 - 08:44:52) ->    18(time 31969 - 08:52:49)(time 32601 - 09:03:21) ->    17(time 33078 - 09:11:18)(time 33639 - 09:20:39) ->    16(time 34116 - 09:28:36)(time 34670 - 09:37:50) ->    15(time 34762 - 09:39:22)(time 35392 - 09:49:52) ->    14(time 35838 - 09:57:18)(time 36456 - 10:07:36) ->    13(time 36933 - 10:15:33)(time 37468 - 10:24:28) ->    12(time 37945 - 10:32:25)(time 38486 - 10:41:26) ->    11(time 38664 - 10:44:24)(time 38664 - 10:44:24) -> 0
=============
Train 2
=============
> Trip 0
   0(time 8686 - 02:24:46)(time 9227 - 02:33:47) ->    1(time 9319 - 02:35:19)(time 9854 - 02:44:14) ->    2(time 9900 - 02:45:00)(time 10518 - 02:55:18) ->    3(time 10610 - 02:56:50)(time 11240 - 03:07:20) ->    4(time 11717 - 03:15:17)(time 12271 - 03:24:31) ->    5(time 12748 - 03:32:28)(time 13309 - 03:41:49) ->    6(time 13487 - 03:44:47)(time 14119 - 03:55:19) ->    7(time 14297 - 03:58:17)(time 14873 - 04:07:53) ->    8(time 14960 - 04:09:20)(time 15583 - 04:19:43) ->    9(time 15761 - 04:22:41)(time 16374 - 04:32:54) ->    10(time 16851 - 04:40:51)(time 16851 - 04:40:51) ->    21(time 16851 - 04:40:51)(time 17464 - 04:51:04) ->    20(time 17896 - 04:58:16)(time 18519 - 05:08:39) ->    19(time 18565 - 05:09:25)(time 19141 - 05:19:01) ->    18(time 19319 - 05:21:59)(time 19951 - 05:32:31) ->    17(time 20428 - 05:40:28)(time 20989 - 05:49:49) ->    16(time 21081 - 05:51:21)(time 21635 - 06:00:35) ->    15(time 21727 - 06:02:07)(time 22357 - 06:12:37) ->    14(time 22449 - 06:14:09)(time 23067 - 06:24:27) ->    13(time 23194 - 06:26:34)(time 23729 - 06:35:29) ->    12(time 24125 - 06:42:05)(time 24666 - 06:51:06) ->    11(time 24844 - 06:54:04)(time 24844 - 06:54:04) -> 0
> Trip 1
   0(time 24844 - 06:54:04)(time 25385 - 07:03:05) ->    1(time 25477 - 07:04:37)(time 26012 - 07:13:32) ->    2(time 26058 - 07:14:18)(time 26676 - 07:24:36) ->    3(time 26768 - 07:26:08)(time 27398 - 07:36:38) ->    4(time 27490 - 07:38:10)(time 28044 - 07:47:24) ->    5(time 28136 - 07:48:56)(time 28697 - 07:58:17) ->    6(time 28875 - 08:01:15)(time 29507 - 08:11:47) ->    7(time 29685 - 08:14:45)(time 30261 - 08:24:21) ->    8(time 30439 - 08:27:19)(time 31062 - 08:37:42) ->    9(time 31149 - 08:39:09)(time 31762 - 08:49:22) ->    10(time 31940 - 08:52:20)(time 31940 - 08:52:20) ->    21(time 32031 - 08:53:51)(time 32644 - 09:04:04) ->    20(time 32690 - 09:04:50)(time 33313 - 09:15:13) ->    19(time 33359 - 09:15:59)(time 33935 - 09:25:35) ->    18(time 34357 - 09:32:37)(time 34989 - 09:43:09) ->    17(time 35167 - 09:46:07)(time 35728 - 09:55:28) ->    16(time 35820 - 09:57:00)(time 36374 - 10:06:14) ->    15(time 36466 - 10:07:46)(time 37096 - 10:18:16) ->    14(time 37188 - 10:19:48)(time 37806 - 10:30:06) ->    13(time 37852 - 10:30:52)(time 38387 - 10:39:47) ->    12(time 38479 - 10:41:19)(time 39020 - 10:50:20) ->    11(time 39198 - 10:53:18)(time 39198 - 10:53:18) -> 0
=============
Train 3
=============
> Trip 0
   0(time 6304 - 01:45:04)(time 6845 - 01:54:05) ->    1(time 6962 - 01:56:02)(time 7497 - 02:04:57) ->    2(time 7974 - 02:12:54)(time 8592 - 02:23:12) ->    3(time 9069 - 02:31:09)(time 9699 - 02:41:39) ->    4(time 10176 - 02:49:36)(time 10730 - 02:58:50) ->    5(time 11207 - 03:06:47)(time 11768 - 03:16:08) ->    6(time 11946 - 03:19:06)(time 12578 - 03:29:38) ->    7(time 12756 - 03:32:36)(time 13332 - 03:42:12) ->    8(time 13378 - 03:42:58)(time 14001 - 03:53:21) ->    9(time 14179 - 03:56:19)(time 14792 - 04:06:32) ->    10(time 14970 - 04:09:30)(time 14970 - 04:09:30) ->    21(time 14970 - 04:09:30)(time 15583 - 04:19:43) ->    20(time 15761 - 04:22:41)(time 16384 - 04:33:04) ->    19(time 16430 - 04:33:50)(time 17006 - 04:43:26) ->    18(time 17184 - 04:46:24)(time 17816 - 04:56:56) ->    17(time 17994 - 04:59:54)(time 18555 - 05:09:15) ->    16(time 18647 - 05:10:47)(time 19201 - 05:20:01) ->    15(time 19293 - 05:21:33)(time 19923 - 05:32:03) ->    14(time 20015 - 05:33:35)(time 20633 - 05:43:53) ->    13(time 20679 - 05:44:39)(time 21214 - 05:53:34) ->    12(time 21306 - 05:55:06)(time 21847 - 06:04:07) ->    11(time 22025 - 06:07:05)(time 22025 - 06:07:05) -> 0
> Trip 1
   0(time 23481 - 06:31:21)(time 24022 - 06:40:22) ->    1(time 24114 - 06:41:54)(time 24649 - 06:50:49) ->    2(time 24695 - 06:51:35)(time 25313 - 07:01:53) ->    3(time 25405 - 07:03:25)(time 26035 - 07:13:55) ->    4(time 26127 - 07:15:27)(time 26681 - 07:24:41) ->    5(time 26773 - 07:26:13)(time 27334 - 07:35:34) ->    6(time 27512 - 07:38:32)(time 28144 - 07:49:04) ->    7(time 28322 - 07:52:02)(time 28898 - 08:01:38) ->    8(time 28944 - 08:02:24)(time 29567 - 08:12:47) ->    9(time 29745 - 08:15:45)(time 30358 - 08:25:58) ->    10(time 30536 - 08:28:56)(time 30536 - 08:28:56) ->    21(time 30536 - 08:28:56)(time 31149 - 08:39:09) ->    20(time 31626 - 08:47:06)(time 32249 - 08:57:29) ->    19(time 32726 - 09:05:26)(time 33302 - 09:15:02) ->    18(time 33779 - 09:22:59)(time 34411 - 09:33:31) ->    17(time 34589 - 09:36:29)(time 35150 - 09:45:50) ->    16(time 35242 - 09:47:22)(time 35796 - 09:56:36) ->    15(time 35888 - 09:58:08)(time 36518 - 10:08:38) ->    14(time 36878 - 10:14:38)(time 37496 - 10:24:56) ->    13(time 37588 - 10:26:28)(time 38123 - 10:35:23) ->    12(time 38301 - 10:38:21)(time 38842 - 10:47:22) ->    11(time 39020 - 10:50:20)(time 39020 - 10:50:20) -> 0
=============
Train 4
=============
> Trip 0
   0(time 7008 - 01:56:48)(time 7549 - 02:05:49) ->    1(time 8026 - 02:13:46)(time 8561 - 02:22:41) ->    2(time 9038 - 02:30:38)(time 9656 - 02:40:56) ->    3(time 10133 - 02:48:53)(time 10763 - 02:59:23) ->    4(time 11240 - 03:07:20)(time 11794 - 03:16:34) ->    5(time 12271 - 03:24:31)(time 12832 - 03:33:52) ->    6(time 13309 - 03:41:49)(time 13941 - 03:52:21) ->    7(time 14119 - 03:55:19)(time 14695 - 04:04:55) ->    8(time 14873 - 04:07:53)(time 15496 - 04:18:16) ->    9(time 15583 - 04:19:43)(time 16196 - 04:29:56) ->    10(time 16374 - 04:32:54)(time 16374 - 04:32:54) ->    21(time 16374 - 04:32:54)(time 16987 - 04:43:07) ->    20(time 17033 - 04:43:53)(time 17656 - 04:54:16) ->    19(time 17702 - 04:55:02)(time 18278 - 05:04:38) ->    18(time 18456 - 05:07:36)(time 19088 - 05:18:08) ->    17(time 19266 - 05:21:06)(time 19827 - 05:30:27) ->    16(time 19919 - 05:31:59)(time 20473 - 05:41:13) ->    15(time 20565 - 05:42:45)(time 21195 - 05:53:15) ->    14(time 21287 - 05:54:47)(time 21905 - 06:05:05) ->    13(time 21951 - 06:05:51)(time 22486 - 06:14:46) ->    12(time 22578 - 06:16:18)(time 23119 - 06:25:19) ->    11(time 23297 - 06:28:17)(time 23297 - 06:28:17) -> 0
> Trip 1
   0(time 23303 - 06:28:23)(time 23844 - 06:37:24) ->    1(time 23936 - 06:38:56)(time 24471 - 06:47:51) ->    2(time 24517 - 06:48:37)(time 25135 - 06:58:55) ->    3(time 25227 - 07:00:27)(time 25857 - 07:10:57) ->    4(time 25949 - 07:12:29)(time 26503 - 07:21:43) ->    5(time 26595 - 07:23:15)(time 27156 - 07:32:36) ->    6(time 27334 - 07:35:34)(time 27966 - 07:46:06) ->    7(time 28144 - 07:49:04)(time 28720 - 07:58:40) ->    8(time 28766 - 07:59:26)(time 29389 - 08:09:49) ->    9(time 29567 - 08:12:47)(time 30180 - 08:23:00) ->    10(time 30358 - 08:25:58)(time 30358 - 08:25:58) ->    21(time 30449 - 08:27:29)(time 31062 - 08:37:42) ->    20(time 31149 - 08:39:09)(time 31772 - 08:49:32) ->    19(time 32249 - 08:57:29)(time 32825 - 09:07:05) ->    18(time 33302 - 09:15:02)(time 33934 - 09:25:34) ->    17(time 34112 - 09:28:32)(time 34673 - 09:37:53) ->    16(time 34765 - 09:39:25)(time 35319 - 09:48:39) ->    15(time 35411 - 09:50:11)(time 36041 - 10:00:41) ->    14(time 36518 - 10:08:38)(time 37136 - 10:18:56) ->    13(time 37496 - 10:24:56)(time 38031 - 10:33:51) ->    12(time 38123 - 10:35:23)(time 38664 - 10:44:24) ->    11(time 38842 - 10:47:22)(time 38842 - 10:47:22) -> 0
=============
Train 5
=============
> Trip 0
   0(time 6028 - 01:40:28)(time 6569 - 01:49:29) ->    1(time 6661 - 01:51:01)(time 7196 - 01:59:56) ->    2(time 7288 - 02:01:28)(time 7906 - 02:11:46) ->    3(time 7998 - 02:13:18)(time 8628 - 02:23:48) ->    4(time 8720 - 02:25:20)(time 9274 - 02:34:34) ->    5(time 9406 - 02:36:46)(time 9967 - 02:46:07) ->    6(time 10145 - 02:49:05)(time 10777 - 02:59:37) ->    7(time 11128 - 03:05:28)(time 11704 - 03:15:04) ->    8(time 11750 - 03:15:50)(time 12373 - 03:26:13) ->    9(time 12419 - 03:26:59)(time 13032 - 03:37:12) ->    10(time 13210 - 03:40:10)(time 13210 - 03:40:10) ->    21(time 13210 - 03:40:10)(time 13823 - 03:50:23) ->    20(time 14001 - 03:53:21)(time 14624 - 04:03:44) ->    19(time 14873 - 04:07:53)(time 15449 - 04:17:29) ->    18(time 15627 - 04:20:27)(time 16259 - 04:30:59) ->    17(time 16437 - 04:33:57)(time 16998 - 04:43:18) ->    16(time 17090 - 04:44:50)(time 17644 - 04:54:04) ->    15(time 17736 - 04:55:36)(time 18366 - 05:06:06) ->    14(time 18458 - 05:07:38)(time 19076 - 05:17:56) ->    13(time 19122 - 05:18:42)(time 19657 - 05:27:37) ->    12(time 19749 - 05:29:09)(time 20290 - 05:38:10) ->    11(time 20468 - 05:41:08)(time 20468 - 05:41:08) -> 0
> Trip 1
   0(time 21847 - 06:04:07)(time 22388 - 06:13:08) ->    1(time 22486 - 06:14:46)(time 23021 - 06:23:41) ->    2(time 23067 - 06:24:27)(time 23685 - 06:34:45) ->    3(time 23777 - 06:36:17)(time 24407 - 06:46:47) ->    4(time 24499 - 06:48:19)(time 25053 - 06:57:33) ->    5(time 25145 - 06:59:05)(time 25706 - 07:08:26) ->    6(time 25884 - 07:11:24)(time 26516 - 07:21:56) ->    7(time 26694 - 07:24:54)(time 27270 - 07:34:30) ->    8(time 27316 - 07:35:16)(time 27939 - 07:45:39) ->    9(time 27985 - 07:46:25)(time 28598 - 07:56:38) ->    10(time 28776 - 07:59:36)(time 28776 - 07:59:36) ->    21(time 28867 - 08:01:07)(time 29480 - 08:11:20) ->    20(time 29567 - 08:12:47)(time 30190 - 08:23:10) ->    19(time 30439 - 08:27:19)(time 31015 - 08:36:55) ->    18(time 31492 - 08:44:52)(time 32124 - 08:55:24) ->    17(time 32302 - 08:58:22)(time 32863 - 09:07:43) ->    16(time 32955 - 09:09:15)(time 33509 - 09:18:29) ->    15(time 33601 - 09:20:01)(time 34231 - 09:30:31) ->    14(time 34323 - 09:32:03)(time 34941 - 09:42:21) ->    13(time 34987 - 09:43:07)(time 35522 - 09:52:02) ->    12(time 35614 - 09:53:34)(time 36155 - 10:02:35) ->    11(time 36632 - 10:10:32)(time 36632 - 10:10:32) -> 0
Traceback (most recent call last):
  File "/home/renata/Train-Timetabling/script.py", line 17, in <module>
    with open(file_name, "r") as file:
FileNotFoundError: [Errno 2] No such file or directory: 'script-solution.txt'
----- t6p12r10h2.txt-model.log -----
 106932 40691    infeasible          23912.0000    18338.3342 15663728   23.31%
 106968 40709    18638.0000   262    23912.0000    18338.3385 15669445   23.31%
 106996 40724    20090.0000   212    23912.0000    18338.3385 15674588   23.31%
 107037 40737    infeasible          23912.0000    18338.3385 15680243   23.31%
Elapsed time = 41404.39 sec. (36999996.83 ticks, tree = 3728.06 MB, solutions = 14)
Nodefile size = 1683.37 MB (1302.39 MB after compression)
 107078 40752    18638.3385   358    23912.0000    18338.3385 15687991   23.31%
 107109 40771    20196.0000   228    23912.0000    18338.3385 15694862   23.31%
 107147 40793    22354.0000   130    23912.0000    18338.3385 15699819   23.31%
 107180 40808    19596.0000   196    23912.0000    18338.3385 15704693   23.31%
 107209 40827    23312.0000    65    23912.0000    18338.3743 15709675   23.31%
 107257 40846    23506.0000   107    23912.0000    18338.3996 15717076   23.31%
 107303 40860        cutoff          23912.0000    18338.3996 15724845   23.31%
 107356 40880    22354.0000   115    23912.0000    18338.3996 15734508   23.31%
 107392 40889    18401.3157   476    23912.0000    18338.3996 15741331   23.31%
 107429 40900    21348.0000    51    23912.0000    18338.3996 15746983   23.31%
Elapsed time = 41567.07 sec. (37154669.69 ticks, tree = 3729.46 MB, solutions = 14)
Nodefile size = 1683.37 MB (1302.39 MB after compression)
 107483 40916    19296.0000   177    23912.0000    18338.3996 15754088   23.31%
 107532 40941    20748.0000   133    23912.0000    18338.3996 15760199   23.31%
 107580 40961    19596.0000   121    23912.0000    18338.3996 15766814   23.31%
 107635 40985    18638.3996   253    23912.0000    18338.3996 15774620   23.31%
 107681 41005    20690.0000   129    23912.0000    18338.3996 15779571   23.31%
 107726 41028    23506.0000    86    23912.0000    18338.3996 15783986   23.31%
 107790 41051    20690.0000   125    23912.0000    18338.3996 15792259   23.31%
 107836 41073    infeasible          23912.0000    18338.3996 15800162   23.31%
 107887 41094    18938.0000   295    23912.0000    18338.3996 15808422   23.31%
 107923 41111    20796.0000   138    23912.0000    18339.2570 15813358   23.31%
Elapsed time = 41725.63 sec. (37309165.53 ticks, tree = 3731.57 MB, solutions = 14)
Nodefile size = 1683.66 MB (1302.59 MB after compression)
 107980 41136    22500.0000   110    23912.0000    18386.0000 15818065   23.11%
 108020 41150    19490.0000   301    23912.0000    18393.0000 15825490   23.08%
 108062 41177    19490.0000   239    23912.0000    18401.3157 15833870   23.05%
 108096 41194    21005.0000    42    23912.0000    18408.0000 15838772   23.02%
 108143 41221    20748.0000   194    23912.0000    18419.0000 15844502   22.97%
 108185 41232    19490.0000   302    23912.0000    18419.0000 15849895   22.97%
 108222 41245    22248.0000   110    23912.0000    18419.0000 15855462   22.97%
 108272 41257    infeasible          23912.0000    18419.0000 15862356   22.97%
 108310 41273    22054.0000   174    23912.0000    18419.0000 15868540   22.97%
 108350 41291    21948.0000   123    23912.0000    18419.0000 15873068   22.97%
Elapsed time = 41889.95 sec. (37465351.04 ticks, tree = 3728.17 MB, solutions = 14)
Nodefile size = 1684.09 MB (1302.88 MB after compression)
 108387 41310    20854.0000   171    23912.0000    18419.0000 15878161   22.97%
 108420 41329    20090.0000   182    23912.0000    18419.0000 15883173   22.97%
 108453 41341    19538.0000   269    23912.0000    18419.0000 15888814   22.97%
 108479 41359        cutoff          23912.0000    18419.0000 15894088   22.97%
 108525 41373        cutoff          23912.0000    18419.0000 15898523   22.97%
 108573 41394    23206.0000   114    23912.0000    18419.0000 15904995   22.97%
 108619 41408    22908.0000   122    23912.0000    18419.0000 15911546   22.97%
 108661 41424    21454.0000   151    23912.0000    18419.0000 15917808   22.97%
 108708 41441    18419.0000   237    23912.0000    18419.0000 15923604   22.97%
 108750 41462    22954.0000    58    23912.0000    18419.0000 15928309   22.97%
Elapsed time = 42054.21 sec. (37619424.23 ticks, tree = 3722.62 MB, solutions = 14)
Nodefile size = 1684.09 MB (1302.88 MB after compression)
 108792 41479    21348.0000    97    23912.0000    18419.0000 15934093   22.97%
 108827 41487    22548.0000    90    23912.0000    18419.0000 15939578   22.97%
 108867 41503        cutoff          23912.0000    18419.0000 15945613   22.97%
 108903 41518    20196.0000   342    23912.0000    18419.0000 15951303   22.97%
 108946 41541    19296.0000   228    23912.0000    18419.0000 15957595   22.97%
 108996 41565    19296.0000   170    23912.0000    18419.0000 15966364   22.97%
 109032 41581    20496.0000   168    23912.0000    18419.0000 15973188   22.97%
 109074 41601        cutoff          23912.0000    18419.0000 15978759   22.97%
 109117 41618    19790.0000    74    23912.0000    18419.0000 15985084   22.97%
 109159 41636    20690.0000   274    23912.0000    18419.0000 15990815   22.97%
Elapsed time = 42219.62 sec. (37777637.83 ticks, tree = 3719.38 MB, solutions = 14)
Nodefile size = 1684.09 MB (1302.88 MB after compression)
 109193 41653    19896.0000   137    23912.0000    18419.0000 15996889   22.97%
 109231 41669    22548.0000   159    23912.0000    18419.0000 16002430   22.97%
 109266 41674    21048.0000   124    23912.0000    18419.0000 16007964   22.97%
 109314 41692    infeasible          23912.0000    18419.0000 16014001   22.97%
 109363 41711    18719.0000   282    23912.0000    18419.0000 16020660   22.97%
 109397 41727    18938.0000   233    23912.0000    18419.0000 16027419   22.97%
 109467 41752    18419.0000   154    23912.0000    18419.0000 16035882   22.97%
 109513 41768    21648.0000   134    23912.0000    18419.0000 16042059   22.97%
 109550 41788    20690.0000   315    23912.0000    18419.0000 16049442   22.97%
 109582 41800    20090.0000   369    23912.0000    18419.0000 16055208   22.97%
Elapsed time = 42382.60 sec. (37933171.32 ticks, tree = 3714.91 MB, solutions = 14)
Nodefile size = 1684.09 MB (1302.88 MB after compression)
 109628 41820    18419.0000   166    23912.0000    18419.0000 16061050   22.97%
 109691 41843    18638.0000   141    23912.0000    18419.0000 16070795   22.97%
 109728 41850    21754.0000    79    23912.0000    18419.0000 16077616   22.97%
 109777 41867    18419.0000   192    23912.0000    18419.0000 16084413   22.97%
 109814 41876    20090.0000   178    23912.0000    18419.0000 16089072   22.97%
 109848 41890    18938.0000   187    23912.0000    18419.0000 16095368   22.97%
 109894 41913    21348.0000    96    23912.0000    18419.0000 16102454   22.97%
 109929 41925    19571.0000   357    23912.0000    18419.0000 16107069   22.97%
 109963 41942    21048.0000   148    23912.0000    18419.0000 16114352   22.97%
 110005 41956    19977.0000   248    23912.0000    18419.0000 16119882   22.97%
Elapsed time = 42548.71 sec. (38090069.00 ticks, tree = 3713.96 MB, solutions = 14)
Nodefile size = 1684.09 MB (1302.88 MB after compression)
 110050 41973    21048.0000    61    23912.0000    18419.0000 16127567   22.97%
 110096 41987    22908.0000    64    23912.0000    18419.0000 16133437   22.97%
 110143 42005    21754.0000   193    23912.0000    18419.0000 16140110   22.97%
 110177 42024    19377.0000   135    23912.0000    18419.0000 16146981   22.97%
 110218 42045    22029.0000    80    23912.0000    18419.0000 16152276   22.97%
 110250 42059    23400.0000    58    23912.0000    18419.0000 16156293   22.97%
 110299 42075    21048.0000   194    23912.0000    18419.0000 16164542   22.97%
 110331 42093    23100.0000    84    23912.0000    18419.0000 16170505   22.97%
 110366 42112    18938.0000   161    23912.0000    18419.0000 16178922   22.97%
 110409 42132    21454.0000   106    23912.0000    18419.0000 16186320   22.97%
Elapsed time = 42714.33 sec. (38247036.64 ticks, tree = 3712.33 MB, solutions = 14)
Nodefile size = 1684.09 MB (1302.88 MB after compression)
 110484 42154    23506.0000    68    23912.0000    18419.0000 16195069   22.97%
 110520 42174    22248.0000   100    23912.0000    18419.0000 16201107   22.97%
 110562 42189    18638.0000   369    23912.0000    18419.0000 16207110   22.97%
 110596 42210    18719.0000   323    23912.0000    18419.0000 16212830   22.97%
 110655 42230    21348.0000   170    23912.0000    18419.0000 16220382   22.97%
 110711 42251    23206.0000    67    23912.0000    18419.0000 16226851   22.97%
 110777 42273    22054.0000   134    23912.0000    18419.0000 16234810   22.97%
 110831 42291    20496.0000   269    23912.0000    18419.0000 16240751   22.97%
 110867 42307    20796.0000   193    23912.0000    18419.0000 16247930   22.97%
 110904 42328    21048.0000   293    23912.0000    18419.0000 16256110   22.97%
Elapsed time = 42877.77 sec. (38405572.04 ticks, tree = 3712.01 MB, solutions = 14)
Nodefile size = 1684.09 MB (1302.88 MB after compression)
 110941 42347    18419.0000   257    23912.0000    18419.0000 16263363   22.97%
 110973 42365    21129.0000   110    23912.0000    18419.0000 16268960   22.97%
 111021 42385    22606.0000   147    23912.0000    18419.0000 16277715   22.97%
 111069 42401    19896.0000   215    23912.0000    18419.0000 16286249   22.97%
 111109 42411    18719.0000   233    23912.0000    18419.0000 16295325   22.97%
 111169 42434    19490.0000   178    23912.0000    18419.0000 16306270   22.97%
 111216 42441    18419.0000   204    23912.0000    18419.0000 16312908   22.97%
 111272 42459    18419.0000   477    23912.0000    18419.0000 16321077   22.97%
 111312 42475    18938.0000   279    23912.0000    18419.0000 16327718   22.97%
 111342 42489    infeasible          23912.0000    18419.0000 16333340   22.97%
Elapsed time = 43037.83 sec. (38560878.83 ticks, tree = 3711.82 MB, solutions = 14)
Nodefile size = 1684.09 MB (1302.88 MB after compression)
 111368 42508    20196.0000   168    23912.0000    18419.0000 16338198   22.97%
 111398 42527    23287.0000   153    23912.0000    18419.0000 16344755   22.97%
 111425 42538    19790.0000   291    23912.0000    18419.0000 16349524   22.97%
 111465 42562    23400.0000    56    23912.0000    18419.0000 16356584   22.97%
 111505 42579        cutoff          23912.0000    18419.0000 16362591   22.97%
 111541 42591    19977.0000   166    23912.0000    18419.0000 16370223   22.97%
 111573 42612    23105.0000   262    23912.0000    18419.0000 16378091   22.97%
 111598 42623    infeasible          23912.0000    18419.0000 16382961   22.97%
 111626 42641    21948.0000   285    23912.0000    18419.0000 16388613   22.97%

GUB cover cuts applied:  20
Clique cuts applied:  26
Cover cuts applied:  767
Implied bound cuts applied:  192
Flow cuts applied:  144
Mixed integer rounding cuts applied:  170
Zero-half cuts applied:  96
Gomory fractional cuts applied:  1

Root node processing (before b&c):
  Real time             =  445.79 sec. (303459.59 ticks)
Sequential b&c:
  Real time             = 42754.24 sec. (38412803.82 ticks)
                          ------------
Total (root+branch&cut) = 43200.04 sec. (38716263.41 ticks)
Feasible

>> Printing some results...
    -> Solution value = 23911 - 06:38:31
    -> Total time = 43200.04
    -> Gap value = 0.23

=============
Train 0
=============
> Trip 0
   23(time 5566 - 01:32:46)(time 6165 - 01:42:45) ->    22(time 6594 - 01:49:54)(time 7160 - 01:59:20) ->    21(time 7722 - 02:08:42)(time 8350 - 02:19:10) ->    20(time 8431 - 02:20:31)(time 9067 - 02:31:07) ->    19(time 9629 - 02:40:29)(time 10253 - 02:50:53) ->    18(time 10334 - 02:52:14)(time 10939 - 03:02:19) ->    17(time 11002 - 03:03:22)(time 11567 - 03:12:47) ->    16(time 11648 - 03:14:08)(time 12231 - 03:23:51) ->    15(time 12793 - 03:33:13)(time 13360 - 03:42:40) ->    14(time 13766 - 03:49:26)(time 14342 - 03:59:02) ->    13(time 14642 - 04:04:02)(time 15271 - 04:14:31) ->    12(time 15571 - 04:19:31)(time 15571 - 04:19:31) ->    0(time 15571 - 04:19:31)(time 16200 - 04:30:00) ->    1(time 16500 - 04:35:00)(time 17076 - 04:44:36) ->    2(time 17139 - 04:45:39)(time 17706 - 04:55:06) ->    3(time 18006 - 05:00:06)(time 18589 - 05:09:49) ->    4(time 18670 - 05:11:10)(time 19235 - 05:20:35) ->    5(time 19298 - 05:21:38)(time 19903 - 05:31:43) ->    6(time 19984 - 05:33:04)(time 20608 - 05:43:28) ->    7(time 20689 - 05:44:49)(time 21325 - 05:55:25) ->    8(time 21406 - 05:56:46)(time 22034 - 06:07:14) ->    9(time 22115 - 06:08:35)(time 22681 - 06:18:01) ->    10(time 22762 - 06:19:22)(time 23361 - 06:29:21) ->    11(time 23661 - 06:34:21)(time 23661 - 06:34:21) -> 23
> Trip 1
   23(time 24932 - 06:55:32)(time 25531 - 07:05:31) ->    22(time 25612 - 07:06:52)(time 26178 - 07:16:18) ->    21(time 26259 - 07:17:39)(time 26887 - 07:28:07) ->    20(time 26968 - 07:29:28)(time 27604 - 07:40:04) ->    19(time 28148 - 07:49:08)(time 28772 - 07:59:32) ->    18(time 29250 - 08:07:30)(time 29855 - 08:17:35) ->    17(time 30417 - 08:26:57)(time 30982 - 08:36:22) ->    16(time 31544 - 08:45:44)(time 32127 - 08:55:27) ->    15(time 32689 - 09:04:49)(time 33256 - 09:14:16) ->    14(time 33662 - 09:21:02)(time 34238 - 09:30:38) ->    13(time 34538 - 09:35:38)(time 35167 - 09:46:07) ->    12(time 35467 - 09:51:07)(time 35467 - 09:51:07) ->    0(time 35467 - 09:51:07)(time 36096 - 10:01:36) ->    1(time 36396 - 10:06:36)(time 36972 - 10:16:12) ->    2(time 37272 - 10:21:12)(time 37839 - 10:30:39) ->    3(time 38139 - 10:35:39)(time 38722 - 10:45:22) ->    4(time 38803 - 10:46:43)(time 39368 - 10:56:08) ->    5(time 39431 - 10:57:11)(time 40036 - 11:07:16) ->    6(time 40117 - 11:08:37)(time 40741 - 11:19:01) ->    7(time 40822 - 11:20:22)(time 41458 - 11:30:58) ->    8(time 41539 - 11:32:19)(time 42167 - 11:42:47) ->    9(time 42248 - 11:44:08)(time 42814 - 11:53:34) ->    10(time 42895 - 11:54:55)(time 43494 - 12:04:54) ->    11(time 43794 - 12:09:54)(time 43794 - 12:09:54) -> 23
=============
Train 1
=============
> Trip 0
   23(time 1101 - 00:18:21)(time 1700 - 00:28:20) ->    22(time 1781 - 00:29:41)(time 2347 - 00:39:07) ->    21(time 2909 - 00:48:29)(time 3537 - 00:58:57) ->    20(time 4099 - 01:08:19)(time 4735 - 01:18:55) ->    19(time 5297 - 01:28:17)(time 5921 - 01:38:41) ->    18(time 6483 - 01:48:03)(time 7088 - 01:58:08) ->    17(time 7650 - 02:07:30)(time 8215 - 02:16:55) ->    16(time 8537 - 02:22:17)(time 9120 - 02:32:00) ->    15(time 9420 - 02:37:00)(time 9987 - 02:46:27) ->    14(time 10050 - 02:47:30)(time 10626 - 02:57:06) ->    13(time 10926 - 03:02:06)(time 11555 - 03:12:35) ->    12(time 11855 - 03:17:35)(time 11855 - 03:17:35) ->    0(time 11855 - 03:17:35)(time 12484 - 03:28:04) ->    1(time 12784 - 03:33:04)(time 13360 - 03:42:40) ->    2(time 13660 - 03:47:40)(time 14227 - 03:57:07) ->    3(time 14789 - 04:06:29)(time 15372 - 04:16:12) ->    4(time 15934 - 04:25:34)(time 16499 - 04:34:59) ->    5(time 16562 - 04:36:02)(time 17167 - 04:46:07) ->    6(time 17248 - 04:47:28)(time 17872 - 04:57:52) ->    7(time 17953 - 04:59:13)(time 18589 - 05:09:49) ->    8(time 18670 - 05:11:10)(time 19298 - 05:21:38) ->    9(time 19379 - 05:22:59)(time 19945 - 05:32:25) ->    10(time 20026 - 05:33:46)(time 20625 - 05:43:45) ->    11(time 20925 - 05:48:45)(time 20925 - 05:48:45) -> 23
> Trip 1
   23(time 23361 - 06:29:21)(time 23960 - 06:39:20) ->    22(time 24041 - 06:40:41)(time 24607 - 06:50:07) ->    21(time 24688 - 06:51:28)(time 25316 - 07:01:56) ->    20(time 25397 - 07:03:17)(time 26033 - 07:13:53) ->    19(time 26114 - 07:15:14)(time 26738 - 07:25:38) ->    18(time 26819 - 07:26:59)(time 27424 - 07:37:04) ->    17(time 27487 - 07:38:07)(time 28052 - 07:47:32) ->    16(time 28133 - 07:48:53)(time 28716 - 07:58:36) ->    15(time 29016 - 08:03:36)(time 29583 - 08:13:03) ->    14(time 29646 - 08:14:06)(time 30222 - 08:23:42) ->    13(time 30522 - 08:28:42)(time 31151 - 08:39:11) ->    12(time 31451 - 08:44:11)(time 31451 - 08:44:11) ->    0(time 31451 - 08:44:11)(time 32080 - 08:54:40) ->    1(time 32380 - 08:59:40)(time 32956 - 09:09:16) ->    2(time 33256 - 09:14:16)(time 33823 - 09:23:43) ->    3(time 34385 - 09:33:05)(time 34968 - 09:42:48) ->    4(time 35530 - 09:52:10)(time 36095 - 10:01:35) ->    5(time 36657 - 10:10:57)(time 37262 - 10:21:02) ->    6(time 37824 - 10:30:24)(time 38448 - 10:40:48) ->    7(time 38529 - 10:42:09)(time 39165 - 10:52:45) ->    8(time 39246 - 10:54:06)(time 39874 - 11:04:34) ->    9(time 39955 - 11:05:55)(time 40521 - 11:15:21) ->    10(time 40602 - 11:16:42)(time 41201 - 11:26:41) ->    11(time 41763 - 11:36:03)(time 41763 - 11:36:03) -> 23
=============
Train 2
=============
> Trip 0
   23(time 4842 - 01:20:42)(time 5441 - 01:30:41) ->    22(time 6003 - 01:40:03)(time 6569 - 01:49:29) ->    21(time 6650 - 01:50:50)(time 7278 - 02:01:18) ->    20(time 7359 - 02:02:39)(time 7995 - 02:13:15) ->    19(time 8076 - 02:14:36)(time 8700 - 02:25:00) ->    18(time 8781 - 02:26:21)(time 9386 - 02:36:26) ->    17(time 9449 - 02:37:29)(time 10014 - 02:46:54) ->    16(time 10095 - 02:48:15)(time 10678 - 02:57:58) ->    15(time 10978 - 03:02:58)(time 11545 - 03:12:25) ->    14(time 11608 - 03:13:28)(time 12184 - 03:23:04) ->    13(time 12484 - 03:28:04)(time 13113 - 03:38:33) ->    12(time 13413 - 03:43:33)(time 13413 - 03:43:33) ->    0(time 13413 - 03:43:33)(time 14042 - 03:54:02) ->    1(time 14342 - 03:59:02)(time 14918 - 04:08:38) ->    2(time 14981 - 04:09:41)(time 15548 - 04:19:08) ->    3(time 15848 - 04:24:08)(time 16431 - 04:33:51) ->    4(time 16512 - 04:35:12)(time 17077 - 04:44:37) ->    5(time 17140 - 04:45:40)(time 17745 - 04:55:45) ->    6(time 17826 - 04:57:06)(time 18450 - 05:07:30) ->    7(time 18531 - 05:08:51)(time 19167 - 05:19:27) ->    8(time 19248 - 05:20:48)(time 19876 - 05:31:16) ->    9(time 19957 - 05:32:37)(time 20523 - 05:42:03) ->    10(time 20604 - 05:43:24)(time 21203 - 05:53:23) ->    11(time 21503 - 05:58:23)(time 21503 - 05:58:23) -> 23
> Trip 1
   23(time 24851 - 06:54:11)(time 25450 - 07:04:10) ->    22(time 25531 - 07:05:31)(time 26097 - 07:14:57) ->    21(time 26178 - 07:16:18)(time 26806 - 07:26:46) ->    20(time 26887 - 07:28:07)(time 27523 - 07:38:43) ->    19(time 27604 - 07:40:04)(time 28228 - 07:50:28) ->    18(time 28772 - 07:59:32)(time 29377 - 08:09:37) ->    17(time 29855 - 08:17:35)(time 30420 - 08:27:00) ->    16(time 30982 - 08:36:22)(time 31565 - 08:46:05) ->    15(time 32127 - 08:55:27)(time 32694 - 09:04:54) ->    14(time 33256 - 09:14:16)(time 33832 - 09:23:52) ->    13(time 34238 - 09:30:38)(time 34867 - 09:41:07) ->    12(time 35167 - 09:46:07)(time 35167 - 09:46:07) ->    0(time 35167 - 09:46:07)(time 35796 - 09:56:36) ->    1(time 36096 - 10:01:36)(time 36672 - 10:11:12) ->    2(time 36735 - 10:12:15)(time 37302 - 10:21:42) ->    3(time 37602 - 10:26:42)(time 38185 - 10:36:25) ->    4(time 38266 - 10:37:46)(time 38831 - 10:47:11) ->    5(time 38894 - 10:48:14)(time 39499 - 10:58:19) ->    6(time 39580 - 10:59:40)(time 40204 - 11:10:04) ->    7(time 40285 - 11:11:25)(time 40921 - 11:22:01) ->    8(time 41002 - 11:23:22)(time 41630 - 11:33:50) ->    9(time 41711 - 11:35:11)(time 42277 - 11:44:37) ->    10(time 42358 - 11:45:58)(time 42957 - 11:55:57) ->    11(time 43257 - 12:00:57)(time 43257 - 12:00:57) -> 23
=============
Train 3
=============
> Trip 0
   23(time 5404 - 01:30:04)(time 6003 - 01:40:03) ->    22(time 6084 - 01:41:24)(time 6650 - 01:50:50) ->    21(time 6731 - 01:52:11)(time 7359 - 02:02:39) ->    20(time 7440 - 02:04:00)(time 8076 - 02:14:36) ->    19(time 8157 - 02:15:57)(time 8781 - 02:26:21) ->    18(time 8862 - 02:27:42)(time 9467 - 02:37:47) ->    17(time 9749 - 02:42:29)(time 10314 - 02:51:54) ->    16(time 10395 - 02:53:15)(time 10978 - 03:02:58) ->    15(time 11278 - 03:07:58)(time 11845 - 03:17:25) ->    14(time 11908 - 03:18:28)(time 12484 - 03:28:04) ->    13(time 12784 - 03:33:04)(time 13413 - 03:43:33) ->    12(time 13713 - 03:48:33)(time 13713 - 03:48:33) ->    0(time 13713 - 03:48:33)(time 14342 - 03:59:02) ->    1(time 14642 - 04:04:02)(time 15218 - 04:13:38) ->    2(time 15281 - 04:14:41)(time 15848 - 04:24:08) ->    3(time 16148 - 04:29:08)(time 16731 - 04:38:51) ->    4(time 16812 - 04:40:12)(time 17377 - 04:49:37) ->    5(time 17440 - 04:50:40)(time 18045 - 05:00:45) ->    6(time 18126 - 05:02:06)(time 18750 - 05:12:30) ->    7(time 18831 - 05:13:51)(time 19467 - 05:24:27) ->    8(time 19548 - 05:25:48)(time 20176 - 05:36:16) ->    9(time 20257 - 05:37:37)(time 20823 - 05:47:03) ->    10(time 20904 - 05:48:24)(time 21503 - 05:58:23) ->    11(time 21803 - 06:03:23)(time 21803 - 06:03:23) -> 23
> Trip 1
   23(time 24770 - 06:52:50)(time 25369 - 07:02:49) ->    22(time 25450 - 07:04:10)(time 26016 - 07:13:36) ->    21(time 26097 - 07:14:57)(time 26725 - 07:25:25) ->    20(time 26806 - 07:26:46)(time 27442 - 07:37:22) ->    19(time 27523 - 07:38:43)(time 28147 - 07:49:07) ->    18(time 28228 - 07:50:28)(time 28833 - 08:00:33) ->    17(time 29377 - 08:09:37)(time 29942 - 08:19:02) ->    16(time 30023 - 08:20:23)(time 30606 - 08:30:06) ->    15(time 31168 - 08:39:28)(time 31735 - 08:48:55) ->    14(time 31804 - 08:50:04)(time 32380 - 08:59:40) ->    13(time 32680 - 09:04:40)(time 33309 - 09:15:09) ->    12(time 33609 - 09:20:09)(time 33609 - 09:20:09) ->    0(time 33609 - 09:20:09)(time 34238 - 09:30:38) ->    1(time 34538 - 09:35:38)(time 35114 - 09:45:14) ->    2(time 35676 - 09:54:36)(time 36243 - 10:04:03) ->    3(time 36602 - 10:10:02)(time 37185 - 10:19:45) ->    4(time 37266 - 10:21:06)(time 37831 - 10:30:31) ->    5(time 37894 - 10:31:34)(time 38499 - 10:41:39) ->    6(time 38580 - 10:43:00)(time 39204 - 10:53:24) ->    7(time 39285 - 10:54:45)(time 39921 - 11:05:21) ->    8(time 40483 - 11:14:43)(time 41111 - 11:25:11) ->    9(time 41411 - 11:30:11)(time 41977 - 11:39:37) ->    10(time 42058 - 11:40:58)(time 42657 - 11:50:57) ->    11(time 42957 - 11:55:57)(time 42957 - 11:55:57) -> 23
=============
Train 4
=============
> Trip 0
   23(time 1020 - 00:17:00)(time 1619 - 00:26:59) ->    22(time 1700 - 00:28:20)(time 2266 - 00:37:46) ->    21(time 2347 - 00:39:07)(time 2975 - 00:49:35) ->    20(time 3056 - 00:50:56)(time 3692 - 01:01:32) ->    19(time 4236 - 01:10:36)(time 4860 - 01:21:00) ->    18(time 5338 - 01:28:58)(time 5943 - 01:39:03) ->    17(time 6505 - 01:48:25)(time 7070 - 01:57:50) ->    16(time 7632 - 02:07:12)(time 8215 - 02:16:55) ->    15(time 8777 - 02:26:17)(time 9344 - 02:35:44) ->    14(time 9488 - 02:38:08)(time 10064 - 02:47:44) ->    13(time 10626 - 02:57:06)(time 11255 - 03:07:35) ->    12(time 11555 - 03:12:35)(time 11555 - 03:12:35) ->    0(time 11555 - 03:12:35)(time 12184 - 03:23:04) ->    1(time 12484 - 03:28:04)(time 13060 - 03:37:40) ->    2(time 13360 - 03:42:40)(time 13927 - 03:52:07) ->    3(time 14227 - 03:57:07)(time 14810 - 04:06:50) ->    4(time 14891 - 04:08:11)(time 15456 - 04:17:36) ->    5(time 15519 - 04:18:39)(time 16124 - 04:28:44) ->    6(time 16205 - 04:30:05)(time 16829 - 04:40:29) ->    7(time 16910 - 04:41:50)(time 17546 - 04:52:26) ->    8(time 17627 - 04:53:47)(time 18255 - 05:04:15) ->    9(time 18336 - 05:05:36)(time 18902 - 05:15:02) ->    10(time 18983 - 05:16:23)(time 19582 - 05:26:22) ->    11(time 19882 - 05:31:22)(time 19882 - 05:31:22) -> 23
> Trip 1
   23(time 24689 - 06:51:29)(time 25288 - 07:01:28) ->    22(time 25369 - 07:02:49)(time 25935 - 07:12:15) ->    21(time 26016 - 07:13:36)(time 26644 - 07:24:04) ->    20(time 26725 - 07:25:25)(time 27361 - 07:36:01) ->    19(time 27442 - 07:37:22)(time 28066 - 07:47:46) ->    18(time 28147 - 07:49:07)(time 28752 - 07:59:12) ->    17(time 28815 - 08:00:15)(time 29380 - 08:09:40) ->    16(time 29461 - 08:11:01)(time 30044 - 08:20:44) ->    15(time 30606 - 08:30:06)(time 31173 - 08:39:33) ->    14(time 31242 - 08:40:42)(time 31818 - 08:50:18) ->    13(time 32380 - 08:59:40)(time 33009 - 09:10:09) ->    12(time 33309 - 09:15:09)(time 33309 - 09:15:09) ->    0(time 33309 - 09:15:09)(time 33938 - 09:25:38) ->    1(time 34238 - 09:30:38)(time 34814 - 09:40:14) ->    2(time 35114 - 09:45:14)(time 35681 - 09:54:41) ->    3(time 36243 - 10:04:03)(time 36826 - 10:13:46) ->    4(time 37185 - 10:19:45)(time 37750 - 10:29:10) ->    5(time 37813 - 10:30:13)(time 38418 - 10:40:18) ->    6(time 38499 - 10:41:39)(time 39123 - 10:52:03) ->    7(time 39204 - 10:53:24)(time 39840 - 11:04:00) ->    8(time 39921 - 11:05:21)(time 40549 - 11:15:49) ->    9(time 40630 - 11:17:10)(time 41196 - 11:26:36) ->    10(time 41758 - 11:35:58)(time 42357 - 11:45:57) ->    11(time 42657 - 11:50:57)(time 42657 - 11:50:57) -> 23
=============
Train 5
=============
> Trip 0
   23(time 5485 - 01:31:25)(time 6084 - 01:41:24) ->    22(time 6165 - 01:42:45)(time 6731 - 01:52:11) ->    21(time 6812 - 01:53:32)(time 7440 - 02:04:00) ->    20(time 7521 - 02:05:21)(time 8157 - 02:15:57) ->    19(time 8719 - 02:25:19)(time 9343 - 02:35:43) ->    18(time 9424 - 02:37:04)(time 10029 - 02:47:09) ->    17(time 10092 - 02:48:12)(time 10657 - 02:57:37) ->    16(time 11086 - 03:04:46)(time 11669 - 03:14:29) ->    15(time 12231 - 03:23:51)(time 12798 - 03:33:18) ->    14(time 13360 - 03:42:40)(time 13936 - 03:52:16) ->    13(time 14342 - 03:59:02)(time 14971 - 04:09:31) ->    12(time 15271 - 04:14:31)(time 15271 - 04:14:31) ->    0(time 15271 - 04:14:31)(time 15900 - 04:25:00) ->    1(time 16200 - 04:30:00)(time 16776 - 04:39:36) ->    2(time 16839 - 04:40:39)(time 17406 - 04:50:06) ->    3(time 17706 - 04:55:06)(time 18289 - 05:04:49) ->    4(time 18370 - 05:06:10)(time 18935 - 05:15:35) ->    5(time 18998 - 05:16:38)(time 19603 - 05:26:43) ->    6(time 19684 - 05:28:04)(time 20308 - 05:38:28) ->    7(time 20389 - 05:39:49)(time 21025 - 05:50:25) ->    8(time 21106 - 05:51:46)(time 21734 - 06:02:14) ->    9(time 21815 - 06:03:35)(time 22381 - 06:13:01) ->    10(time 22462 - 06:14:22)(time 23061 - 06:24:21) ->    11(time 23361 - 06:29:21)(time 23361 - 06:29:21) -> 23
> Trip 1
   23(time 23661 - 06:34:21)(time 24260 - 06:44:20) ->    22(time 24341 - 06:45:41)(time 24907 - 06:55:07) ->    21(time 24988 - 06:56:28)(time 25616 - 07:06:56) ->    20(time 25697 - 07:08:17)(time 26333 - 07:18:53) ->    19(time 26414 - 07:20:14)(time 27038 - 07:30:38) ->    18(time 27119 - 07:31:59)(time 27724 - 07:42:04) ->    17(time 27787 - 07:43:07)(time 28352 - 07:52:32) ->    16(time 28433 - 07:53:53)(time 29016 - 08:03:36) ->    15(time 29316 - 08:08:36)(time 29883 - 08:18:03) ->    14(time 29946 - 08:19:06)(time 30522 - 08:28:42) ->    13(time 30822 - 08:33:42)(time 31451 - 08:44:11) ->    12(time 31751 - 08:49:11)(time 31751 - 08:49:11) ->    0(time 31751 - 08:49:11)(time 32380 - 08:59:40) ->    1(time 32680 - 09:04:40)(time 33256 - 09:14:16) ->    2(time 33818 - 09:23:38)(time 34385 - 09:33:05) ->    3(time 34947 - 09:42:27)(time 35530 - 09:52:10) ->    4(time 36092 - 10:01:32)(time 36657 - 10:10:57) ->    5(time 37219 - 10:20:19)(time 37824 - 10:30:24) ->    6(time 37905 - 10:31:45)(time 38529 - 10:42:09) ->    7(time 38610 - 10:43:30)(time 39246 - 10:54:06) ->    8(time 39359 - 10:55:59)(time 39987 - 11:06:27) ->    9(time 40549 - 11:15:49)(time 41115 - 11:25:15) ->    10(time 41196 - 11:26:36)(time 41795 - 11:36:35) ->    11(time 42357 - 11:45:57)(time 42357 - 11:45:57) -> 23
----- t6p13r2h2.txt-model.log -----
 117173 47337    18480.5817   238    23975.0000    18195.0000 20221417   24.11%
 117214 47356    21978.0000   222    23975.0000    18195.0000 20227018   24.11%
 117241 47363    18729.0000   291    23975.0000    18195.0000 20234920   24.11%
 117284 47378    21941.0000   183    23975.0000    18195.0000 20244886   24.11%
 117322 47394    21674.0000   294    23975.0000    18195.0000 20251582   24.11%
 117358 47408    18462.0000   265    23975.0000    18195.0000 20258687   24.11%
 117414 47426    18729.0000   407    23975.0000    18195.0000 20269380   24.11%
Elapsed time = 41155.41 sec. (36493440.77 ticks, tree = 390.94 MB, solutions = 30)
 117439 47435    infeasible          23975.0000    18195.0000 20272797   24.11%
 117485 47449        cutoff          23975.0000    18195.0000 20281657   24.11%
 117524 47460    20762.0000   334    23975.0000    18195.0000 20292578   24.11%
 117572 47472        cutoff          23975.0000    18195.0000 20300960   24.11%
 117605 47483    18195.0000   296    23975.0000    18195.0000 20308908   24.11%
 117639 47491    infeasible          23975.0000    18195.0000 20317033   24.11%
 117674 47503    21407.0000   385    23975.0000    18195.0000 20323610   24.11%
 117718 47513    21941.0000   266    23975.0000    18195.0000 20329070   24.11%
 117759 47528    18195.0000   392    23975.0000    18195.0000 20335961   24.11%
 117801 47538    18195.0000   374    23975.0000    18195.0000 20342556   24.11%
Elapsed time = 41329.71 sec. (36648501.07 ticks, tree = 392.27 MB, solutions = 30)
 117834 47546    21407.0000   278    23975.0000    18195.0000 20348519   24.11%
 117880 47558        cutoff          23975.0000    18195.0000 20354282   24.11%
 117942 47576    22122.0000   225    23975.0000    18195.0000 20362364   24.11%
 117972 47584    22475.0000    91    23975.0000    18195.0000 20367513   24.11%
 118011 47597    22122.0000   183    23975.0000    18195.0000 20377527   24.11%
 118065 47607    20228.0000   301    23975.0000    18195.0000 20385626   24.11%
 118101 47613    21407.0000   313    23975.0000    18195.0000 20394081   24.11%
 118134 47616    20762.0000   151    23975.0000    18195.0000 20398333   24.11%
 118171 47623    infeasible          23975.0000    18195.0000 20403610   24.11%
 118216 47638    21941.0000   187    23975.0000    18195.0000 20415843   24.11%
Elapsed time = 41510.79 sec. (36808272.86 ticks, tree = 393.30 MB, solutions = 30)
 118257 47653    infeasible          23975.0000    18195.0000 20422655   24.11%
 118305 47671    22122.0000   155    23975.0000    18195.0000 20429840   24.11%
 118355 47689    20495.0000   261    23975.0000    18195.0000 20435240   24.11%
 118406 47702    18195.0000   300    23975.0000    18195.0000 20443729   24.11%
 118464 47724    infeasible          23975.0000    18195.0000 20450206   24.11%
 118516 47732    20495.0000   393    23975.0000    18195.0000 20459786   24.11%
 118553 47741    21674.0000   280    23975.0000    18195.0000 20466633   24.11%
 118604 47762        cutoff          23975.0000    18195.0000 20475718   24.11%
 118647 47771    20495.0000   160    23975.0000    18195.0000 20484531   24.11%
 118701 47789    infeasible          23975.0000    18195.0000 20494703   24.11%
Elapsed time = 41683.61 sec. (36962046.09 ticks, tree = 394.59 MB, solutions = 30)
 118742 47809    22015.0000   142    23975.0000    18195.0000 20501614   24.11%
 118791 47821    18258.0388   384    23975.0000    18195.0000 20512601   24.11%
 118834 47836    22239.0000   206    23975.0000    18195.0000 20521821   24.11%
 118873 47847    21674.0000   229    23975.0000    18195.0000 20529506   24.11%
 118926 47856    18195.0000   299    23975.0000    18195.0000 20535953   24.11%
 118977 47864    21674.0000   270    23975.0000    18195.0000 20545060   24.11%
 119025 47875    20495.0000   323    23975.0000    18195.0000 20557417   24.11%
 119063 47881    infeasible          23975.0000    18195.0000 20564345   24.11%
 119101 47895    20762.0000   312    23975.0000    18195.0000 20573537   24.11%
 119152 47912    18203.2791   376    23975.0000    18195.0000 20585823   24.11%
Elapsed time = 41860.00 sec. (37118626.79 ticks, tree = 395.65 MB, solutions = 30)
 119201 47932    20495.0000   266    23975.0000    18195.0000 20592297   24.11%
 119242 47949    22288.0000   215    23975.0000    18195.0000 20602984   24.11%
 119293 47961    22208.0000   143    23975.0000    18195.0000 20615866   24.11%
 119340 47973    21941.0000   293    23975.0000    18195.0000 20623938   24.11%
 119379 47988    infeasible          23975.0000    18195.0000 20627866   24.11%
 119424 47993    infeasible          23975.0000    18195.0000 20634591   24.11%
 119456 48003    18195.0000   345    23975.0000    18195.0000 20641072   24.11%
 119501 48018    20228.0000   233    23975.0000    18195.0000 20650758   24.11%
 119540 48033    20495.0000   279    23975.0000    18195.0000 20659812   24.11%
 119583 48038    infeasible          23975.0000    18195.0000 20668483   24.11%
Elapsed time = 42038.40 sec. (37275263.60 ticks, tree = 396.73 MB, solutions = 30)
 119627 48046    20495.0000   343    23975.0000    18195.0000 20677157   24.11%
 119668 48055    21941.0000   138    23975.0000    18195.0000 20684785   24.11%
 119698 48067    22015.0000   146    23975.0000    18195.0000 20693304   24.11%
 119753 48084    21588.0000   159    23975.0000    18195.0000 20700601   24.11%
 119810 48094    21588.0000   307    23975.0000    18195.0000 20710304   24.11%
 119873 48119    infeasible          23975.0000    18195.0000 20716091   24.11%
 119914 48131    20228.0000   256    23975.0000    18195.0000 20727574   24.11%
 119950 48143    18195.0000   441    23975.0000    18195.0000 20737190   24.11%
 119996 48157    20762.0000   208    23975.0000    18195.0000 20744226   24.11%
 120034 48167    21941.0000   308    23975.0000    18195.0000 20753131   24.11%
Elapsed time = 42215.03 sec. (37430958.93 ticks, tree = 397.82 MB, solutions = 30)
 120077 48179    21941.0000   249    23975.0000    18195.0000 20761545   24.11%
 120126 48186    infeasible          23975.0000    18195.0000 20771053   24.11%
 120160 48201    21674.0000   237    23975.0000    18195.0000 20776730   24.11%
 120188 48203    18195.0000   333    23975.0000    18195.0000 20782486   24.11%
 120227 48218    18195.0000   257    23975.0000    18195.0000 20792493   24.11%
 120270 48228    infeasible          23975.0000    18195.0000 20800400   24.11%
 120300 48240    21674.0000   283    23975.0000    18195.0000 20810305   24.11%
 120337 48247    18195.0000   370    23975.0000    18195.0000 20816609   24.11%
 120375 48257    infeasible          23975.0000    18195.0000 20822234   24.11%
 120420 48264    18195.0000   336    23975.0000    18195.0000 20831473   24.11%
Elapsed time = 42392.56 sec. (37586564.79 ticks, tree = 398.65 MB, solutions = 30)
 120478 48282    infeasible          23975.0000    18195.0000 20842389   24.11%
 120531 48289    21674.0000   292    23975.0000    18195.0000 20851432   24.11%
 120558 48295    20228.0000   433    23975.0000    18195.0000 20859496   24.11%
 120593 48308    22506.0000   169    23975.0000    18195.0000 20867410   24.11%
 120629 48320        cutoff          23975.0000    18195.0000 20873693   24.11%
 120663 48332    infeasible          23975.0000    18195.0000 20879865   24.11%
 120702 48345    22549.0000   157    23975.0000    18195.0000 20889499   24.11%
 120736 48353        cutoff          23975.0000    18195.0000 20893756   24.11%
 120773 48366        cutoff          23975.0000    18195.0000 20897324   24.11%
 120818 48374    18195.0000   331    23975.0000    18195.0000 20903707   24.11%
Elapsed time = 42568.42 sec. (37743593.20 ticks, tree = 399.59 MB, solutions = 30)
 120858 48388    21481.0000   236    23975.0000    18195.0000 20908173   24.11%
 120906 48402    22239.0000   199    23975.0000    18195.0000 20916091   24.11%
 120940 48410    22389.0000   353    23975.0000    18195.0000 20924470   24.11%
 120974 48414    21674.0000   269    23975.0000    18195.0000 20935609   24.11%
 121017 48425    infeasible          23975.0000    18195.0000 20940869   24.11%
 121058 48436    18729.0000   478    23975.0000    18195.0000 20950646   24.11%
 121083 48439    21029.0000   406    23975.0000    18195.0000 20958454   24.11%
 121120 48450    20495.0000   273    23975.0000    18195.0000 20971648   24.11%
 121176 48460    infeasible          23975.0000    18195.0000 20984683   24.11%
 121224 48476        cutoff          23975.0000    18195.0000 20996320   24.11%
Elapsed time = 42744.04 sec. (37898300.99 ticks, tree = 400.48 MB, solutions = 30)
 121266 48486    21407.0000   262    23975.0000    18195.0000 21005465   24.11%
 121298 48494    21674.0000   428    23975.0000    18195.0000 21017847   24.11%
 121334 48500    infeasible          23975.0000    18195.0000 21026413   24.11%
 121376 48510    18195.0000   447    23975.0000    18195.0000 21036839   24.11%
 121418 48520    21941.0000   302    23975.0000    18195.0000 21046003   24.11%
 121464 48532    infeasible          23975.0000    18195.0000 21053142   24.11%
 121510 48546    21407.0000   290    23975.0000    18195.0000 21061867   24.11%
 121556 48566    22732.0000    84    23975.0000    18195.0000 21066085   24.11%
 121610 48578    infeasible          23975.0000    18195.0000 21077296   24.11%
 121634 48588    22555.0000   204    23975.0000    18195.0000 21086662   24.11%
Elapsed time = 42919.19 sec. (38053745.10 ticks, tree = 401.42 MB, solutions = 30)
 121683 48601    20228.0000   322    23975.0000    18195.0000 21094370   24.11%
 121726 48614    20228.0000   314    23975.0000    18195.0000 21103157   24.11%
 121769 48619    21407.0000   338    23975.0000    18195.0000 21113204   24.11%
 121822 48632    20228.0000   136    23975.0000    18195.0000 21122948   24.11%
 121853 48639    infeasible          23975.0000    18195.0000 21132225   24.11%
 121903 48648    20495.0000   265    23975.0000    18195.0000 21144166   24.11%
 121946 48663    18195.0000   381    23975.0000    18195.0000 21152379   24.11%
 122010 48679    20228.0000   351    23975.0000    18195.0000 21158977   24.11%
 122051 48696    18462.0000   278    23975.0000    18195.0000 21163864   24.11%
 122095 48706        cutoff          23975.0000    18195.0000 21169835   24.11%
Elapsed time = 43089.62 sec. (38208204.98 ticks, tree = 402.44 MB, solutions = 30)
 122140 48717    21407.0000   236    23975.0000    18195.0000 21175365   24.11%
 122179 48728    21407.0000   464    23975.0000    18195.0000 21180030   24.11%
 122229 48749    20495.0000   226    23975.0000    18195.0000 21184086   24.11%
 122271 48763    18729.0000   235    23975.0000    18195.0000 21192433   24.11%
 122312 48766    22282.0000   233    23975.0000    18195.0000 21201398   24.11%
 122348 48778    18462.0000   242    23975.0000    18195.0000 21206941   24.11%

GUB cover cuts applied:  257
Clique cuts applied:  412
Cover cuts applied:  2677
Implied bound cuts applied:  32
Flow cuts applied:  251
Mixed integer rounding cuts applied:  576
Zero-half cuts applied:  5
Gomory fractional cuts applied:  3

Root node processing (before b&c):
  Real time             =  421.48 sec. (299180.97 ticks)
Sequential b&c:
  Real time             = 42778.55 sec. (38009208.63 ticks)
                          ------------
Total (root+branch&cut) = 43200.03 sec. (38308389.60 ticks)
Feasible

>> Printing some results...
    -> Solution value = 23975 - 06:39:35
    -> Total time = 43200.03
    -> Gap value = 0.24

=============
Train 0
=============
> Trip 0
   25(time 7041 - 01:57:21)(time 7579 - 02:06:19) ->    24(time 7958 - 02:12:38)(time 8475 - 02:21:15) ->    23(time 8542 - 02:22:22)(time 9109 - 02:31:49) ->    22(time 9488 - 02:38:08)(time 9983 - 02:46:23) ->    21(time 10050 - 02:47:30)(time 10591 - 02:56:31) ->    20(time 10658 - 02:57:38)(time 11247 - 03:07:27) ->    19(time 11290 - 03:08:10)(time 11879 - 03:17:59) ->    18(time 11922 - 03:18:42)(time 12469 - 03:27:49) ->    17(time 12848 - 03:34:08)(time 13408 - 03:43:28) ->    16(time 13499 - 03:44:59)(time 14088 - 03:54:48) ->    15(time 14168 - 03:56:08)(time 14704 - 04:05:04) ->    14(time 15040 - 04:10:40)(time 15587 - 04:19:47) ->    13(time 15966 - 04:26:06)(time 15966 - 04:26:06) ->    0(time 16345 - 04:32:25)(time 16892 - 04:41:32) ->    1(time 17271 - 04:47:51)(time 17807 - 04:56:47) ->    2(time 18186 - 05:03:06)(time 18775 - 05:12:55) ->    3(time 18842 - 05:14:02)(time 19402 - 05:23:22) ->    4(time 19469 - 05:24:29)(time 20016 - 05:33:36) ->    5(time 20059 - 05:34:19)(time 20648 - 05:44:08) ->    6(time 20691 - 05:44:51)(time 21280 - 05:54:40) ->    7(time 21347 - 05:55:47)(time 21888 - 06:04:48) ->    8(time 22007 - 06:06:47)(time 22502 - 06:15:02) ->    9(time 22582 - 06:16:22)(time 23149 - 06:25:49) ->    10(time 23216 - 06:26:56)(time 23733 - 06:35:33) ->    11(time 23800 - 06:36:40)(time 24338 - 06:45:38) ->    12(time 24605 - 06:50:05)(time 24605 - 06:50:05) -> 25
> Trip 1
   25(time 24792 - 06:53:12)(time 25330 - 07:02:10) ->    24(time 25397 - 07:03:17)(time 25914 - 07:11:54) ->    23(time 25981 - 07:13:01)(time 26548 - 07:22:28) ->    22(time 26628 - 07:23:48)(time 27123 - 07:32:03) ->    21(time 27190 - 07:33:10)(time 27731 - 07:42:11) ->    20(time 27798 - 07:43:18)(time 28387 - 07:53:07) ->    19(time 28430 - 07:53:50)(time 29019 - 08:03:39) ->    18(time 29062 - 08:04:22)(time 29609 - 08:13:29) ->    17(time 29676 - 08:14:36)(time 30236 - 08:23:56) ->    16(time 30303 - 08:25:03)(time 30892 - 08:34:52) ->    15(time 30989 - 08:36:29)(time 31525 - 08:45:25) ->    14(time 31896 - 08:51:36)(time 32443 - 09:00:43) ->    13(time 32822 - 09:07:02)(time 32822 - 09:07:02) ->    0(time 33201 - 09:13:21)(time 33748 - 09:22:28) ->    1(time 34127 - 09:28:47)(time 34663 - 09:37:43) ->    2(time 35042 - 09:44:02)(time 35631 - 09:53:51) ->    3(time 35698 - 09:54:58)(time 36258 - 10:04:18) ->    4(time 36325 - 10:05:25)(time 36872 - 10:14:32) ->    5(time 36915 - 10:15:15)(time 37504 - 10:25:04) ->    6(time 37547 - 10:25:47)(time 38136 - 10:35:36) ->    7(time 38203 - 10:36:43)(time 38744 - 10:45:44) ->    8(time 38811 - 10:46:51)(time 39306 - 10:55:06) ->    9(time 39373 - 10:56:13)(time 39940 - 11:05:40) ->    10(time 40007 - 11:06:47)(time 40524 - 11:15:24) ->    11(time 40591 - 11:16:31)(time 41129 - 11:25:29) ->    12(time 41396 - 11:29:56)(time 41396 - 11:29:56) -> 25
=============
Train 1
=============
> Trip 0
   25(time 11784 - 03:16:24)(time 12322 - 03:25:22) ->    24(time 12389 - 03:26:29)(time 12906 - 03:35:06) ->    23(time 12973 - 03:36:13)(time 13540 - 03:45:40) ->    22(time 13607 - 03:46:47)(time 14102 - 03:55:02) ->    21(time 14169 - 03:56:09)(time 14710 - 04:05:10) ->    20(time 14777 - 04:06:17)(time 15366 - 04:16:06) ->    19(time 15409 - 04:16:49)(time 15998 - 04:26:38) ->    18(time 16078 - 04:27:58)(time 16625 - 04:37:05) ->    17(time 16692 - 04:38:12)(time 17252 - 04:47:32) ->    16(time 17319 - 04:48:39)(time 17908 - 04:58:28) ->    15(time 18186 - 05:03:06)(time 18722 - 05:12:02) ->    14(time 18789 - 05:13:09)(time 19336 - 05:22:16) ->    13(time 19715 - 05:28:35)(time 19715 - 05:28:35) ->    0(time 20094 - 05:34:54)(time 20641 - 05:44:01) ->    1(time 20708 - 05:45:08)(time 21244 - 05:54:04) ->    2(time 21287 - 05:54:47)(time 21876 - 06:04:36) ->    3(time 22255 - 06:10:55)(time 22815 - 06:20:15) ->    4(time 23194 - 06:26:34)(time 23741 - 06:35:41) ->    5(time 24120 - 06:42:00)(time 24709 - 06:51:49) ->    6(time 24789 - 06:53:09)(time 25378 - 07:02:58) ->    7(time 25445 - 07:04:05)(time 25986 - 07:13:06) ->    8(time 26053 - 07:14:13)(time 26548 - 07:22:28) ->    9(time 26628 - 07:23:48)(time 27195 - 07:33:15) ->    10(time 27262 - 07:34:22)(time 27779 - 07:42:59) ->    11(time 27846 - 07:44:06)(time 28384 - 07:53:04) ->    12(time 28651 - 07:57:31)(time 28651 - 07:57:31) -> 25
> Trip 1
   25(time 28838 - 08:00:38)(time 29376 - 08:09:36) ->    24(time 29443 - 08:10:43)(time 29960 - 08:19:20) ->    23(time 30027 - 08:20:27)(time 30594 - 08:29:54) ->    22(time 30661 - 08:31:01)(time 31156 - 08:39:16) ->    21(time 31223 - 08:40:23)(time 31764 - 08:49:24) ->    20(time 31831 - 08:50:31)(time 32420 - 09:00:20) ->    19(time 32463 - 09:01:03)(time 33052 - 09:10:52) ->    18(time 33132 - 09:12:12)(time 33679 - 09:21:19) ->    17(time 33746 - 09:22:26)(time 34306 - 09:31:46) ->    16(time 34373 - 09:32:53)(time 34962 - 09:42:42) ->    15(time 35042 - 09:44:02)(time 35578 - 09:52:58) ->    14(time 35645 - 09:54:05)(time 36192 - 10:03:12) ->    13(time 36459 - 10:07:39)(time 36459 - 10:07:39) ->    0(time 36459 - 10:07:39)(time 37006 - 10:16:46) ->    1(time 37073 - 10:17:53)(time 37609 - 10:26:49) ->    2(time 37652 - 10:27:32)(time 38241 - 10:37:21) ->    3(time 38308 - 10:38:28)(time 38868 - 10:47:48) ->    4(time 38935 - 10:48:55)(time 39482 - 10:58:02) ->    5(time 39525 - 10:58:45)(time 40114 - 11:08:34) ->    6(time 40157 - 11:09:17)(time 40746 - 11:19:06) ->    7(time 40813 - 11:20:13)(time 41354 - 11:29:14) ->    8(time 41421 - 11:30:21)(time 41916 - 11:38:36) ->    9(time 41983 - 11:39:43)(time 42550 - 11:49:10) ->    10(time 42617 - 11:50:17)(time 43134 - 11:58:54) ->    11(time 43201 - 12:00:01)(time 43739 - 12:08:59) ->    12(time 44006 - 12:13:26)(time 44006 - 12:13:26) -> 25
=============
Train 2
=============
> Trip 0
   25(time 7433 - 02:03:53)(time 7971 - 02:12:51) ->    24(time 8350 - 02:19:10)(time 8867 - 02:27:47) ->    23(time 8934 - 02:28:54)(time 9501 - 02:38:21) ->    22(time 9568 - 02:39:28)(time 10063 - 02:47:43) ->    21(time 10130 - 02:48:50)(time 10671 - 02:57:51) ->    20(time 10738 - 02:58:58)(time 11327 - 03:08:47) ->    19(time 11370 - 03:09:30)(time 11959 - 03:19:19) ->    18(time 12338 - 03:25:38)(time 12885 - 03:34:45) ->    17(time 12952 - 03:35:52)(time 13512 - 03:45:12) ->    16(time 13579 - 03:46:19)(time 14168 - 03:56:08) ->    15(time 14504 - 04:01:44)(time 15040 - 04:10:40) ->    14(time 15419 - 04:16:59)(time 15966 - 04:26:06) ->    13(time 16345 - 04:32:25)(time 16345 - 04:32:25) ->    0(time 16724 - 04:38:44)(time 17271 - 04:47:51) ->    1(time 17650 - 04:54:10)(time 18186 - 05:03:06) ->    2(time 18318 - 05:05:18)(time 18907 - 05:15:07) ->    3(time 18974 - 05:16:14)(time 19534 - 05:25:34) ->    4(time 19601 - 05:26:41)(time 20148 - 05:35:48) ->    5(time 20191 - 05:36:31)(time 20780 - 05:46:20) ->    6(time 20823 - 05:47:03)(time 21412 - 05:56:52) ->    7(time 21479 - 05:57:59)(time 22020 - 06:07:00) ->    8(time 22087 - 06:08:07)(time 22582 - 06:16:22) ->    9(time 22849 - 06:20:49)(time 23416 - 06:30:16) ->    10(time 23483 - 06:31:23)(time 24000 - 06:40:00) ->    11(time 24067 - 06:41:07)(time 24605 - 06:50:05) ->    12(time 24872 - 06:54:32)(time 24872 - 06:54:32) -> 25
> Trip 1
   25(time 24872 - 06:54:32)(time 25410 - 07:03:30) ->    24(time 25477 - 07:04:37)(time 25994 - 07:13:14) ->    23(time 26061 - 07:14:21)(time 26628 - 07:23:48) ->    22(time 26708 - 07:25:08)(time 27203 - 07:33:23) ->    21(time 27270 - 07:34:30)(time 27811 - 07:43:31) ->    20(time 27895 - 07:44:55)(time 28484 - 07:54:44) ->    19(time 28527 - 07:55:27)(time 29116 - 08:05:16) ->    18(time 29159 - 08:05:59)(time 29706 - 08:15:06) ->    17(time 29773 - 08:16:13)(time 30333 - 08:25:33) ->    16(time 30400 - 08:26:40)(time 30989 - 08:36:29) ->    15(time 31368 - 08:42:48)(time 31904 - 08:51:44) ->    14(time 32283 - 08:58:03)(time 32830 - 09:07:10) ->    13(time 33201 - 09:13:21)(time 33201 - 09:13:21) ->    0(time 33580 - 09:19:40)(time 34127 - 09:28:47) ->    1(time 34506 - 09:35:06)(time 35042 - 09:44:02) ->    2(time 35309 - 09:48:29)(time 35898 - 09:58:18) ->    3(time 35965 - 09:59:25)(time 36525 - 10:08:45) ->    4(time 36592 - 10:09:52)(time 37139 - 10:18:59) ->    5(time 37182 - 10:19:42)(time 37771 - 10:29:31) ->    6(time 37814 - 10:30:14)(time 38403 - 10:40:03) ->    7(time 38470 - 10:41:10)(time 39011 - 10:50:11) ->    8(time 39078 - 10:51:18)(time 39573 - 10:59:33) ->    9(time 39640 - 11:00:40)(time 40207 - 11:10:07) ->    10(time 40274 - 11:11:14)(time 40791 - 11:19:51) ->    11(time 40858 - 11:20:58)(time 41396 - 11:29:56) ->    12(time 41663 - 11:34:23)(time 41663 - 11:34:23) -> 25
=============
Train 3
=============
> Trip 0
   25(time 5471 - 01:31:11)(time 6009 - 01:40:09) ->    24(time 6076 - 01:41:16)(time 6593 - 01:49:53) ->    23(time 6660 - 01:51:00)(time 7227 - 02:00:27) ->    22(time 7294 - 02:01:34)(time 7789 - 02:09:49) ->    21(time 7856 - 02:10:56)(time 8397 - 02:19:57) ->    20(time 8464 - 02:21:04)(time 9053 - 02:30:53) ->    19(time 9096 - 02:31:36)(time 9685 - 02:41:25) ->    18(time 9728 - 02:42:08)(time 10275 - 02:51:15) ->    17(time 10342 - 02:52:22)(time 10902 - 03:01:42) ->    16(time 10969 - 03:02:49)(time 11558 - 03:12:38) ->    15(time 11601 - 03:13:21)(time 12137 - 03:22:17) ->    14(time 12204 - 03:23:24)(time 12751 - 03:32:31) ->    13(time 13018 - 03:36:58)(time 13018 - 03:36:58) ->    0(time 13018 - 03:36:58)(time 13565 - 03:46:05) ->    1(time 13632 - 03:47:12)(time 14168 - 03:56:08) ->    2(time 14248 - 03:57:28)(time 14837 - 04:07:17) ->    3(time 14904 - 04:08:24)(time 15464 - 04:17:44) ->    4(time 15531 - 04:18:51)(time 16078 - 04:27:58) ->    5(time 16158 - 04:29:18)(time 16747 - 04:39:07) ->    6(time 16790 - 04:39:50)(time 17379 - 04:49:39) ->    7(time 17446 - 04:50:46)(time 17987 - 04:59:47) ->    8(time 18054 - 05:00:54)(time 18549 - 05:09:09) ->    9(time 18616 - 05:10:16)(time 19183 - 05:19:43) ->    10(time 19250 - 05:20:50)(time 19767 - 05:29:27) ->    11(time 20021 - 05:33:41)(time 20559 - 05:42:39) ->    12(time 20826 - 05:47:06)(time 20826 - 05:47:06) -> 25
> Trip 1
   25(time 20826 - 05:47:06)(time 21364 - 05:56:04) ->    24(time 21431 - 05:57:11)(time 21948 - 06:05:48) ->    23(time 22015 - 06:06:55)(time 22582 - 06:16:22) ->    22(time 22961 - 06:22:41)(time 23456 - 06:30:56) ->    21(time 23579 - 06:32:59)(time 24120 - 06:42:00) ->    20(time 24200 - 06:43:20)(time 24789 - 06:53:09) ->    19(time 24869 - 06:54:29)(time 25458 - 07:04:18) ->    18(time 25501 - 07:05:01)(time 26048 - 07:14:08) ->    17(time 26427 - 07:20:27)(time 26987 - 07:29:47) ->    16(time 27366 - 07:36:06)(time 27955 - 07:45:55) ->    15(time 27998 - 07:46:38)(time 28534 - 07:55:34) ->    14(time 28601 - 07:56:41)(time 29148 - 08:05:48) ->    13(time 29527 - 08:12:07)(time 29527 - 08:12:07) ->    0(time 29527 - 08:12:07)(time 30074 - 08:21:14) ->    1(time 30453 - 08:27:33)(time 30989 - 08:36:29) ->    2(time 31302 - 08:41:42)(time 31891 - 08:51:31) ->    3(time 31958 - 08:52:38)(time 32518 - 09:01:58) ->    4(time 32585 - 09:03:05)(time 33132 - 09:12:12) ->    5(time 33511 - 09:18:31)(time 34100 - 09:28:20) ->    6(time 34479 - 09:34:39)(time 35068 - 09:44:28) ->    7(time 35135 - 09:45:35)(time 35676 - 09:54:36) ->    8(time 35743 - 09:55:43)(time 36238 - 10:03:58) ->    9(time 36305 - 10:05:05)(time 36872 - 10:14:32) ->    10(time 37251 - 10:20:51)(time 37768 - 10:29:28) ->    11(time 38147 - 10:35:47)(time 38685 - 10:44:45) ->    12(time 38952 - 10:49:12)(time 38952 - 10:49:12) -> 25
=============
Train 4
=============
> Trip 0
   25(time 4943 - 01:22:23)(time 5481 - 01:31:21) ->    24(time 5548 - 01:32:28)(time 6065 - 01:41:05) ->    23(time 6132 - 01:42:12)(time 6699 - 01:51:39) ->    22(time 6766 - 01:52:46)(time 7261 - 02:01:01) ->    21(time 7328 - 02:02:08)(time 7869 - 02:11:09) ->    20(time 7936 - 02:12:16)(time 8525 - 02:22:05) ->    19(time 8568 - 02:22:48)(time 9157 - 02:32:37) ->    18(time 9461 - 02:37:41)(time 10008 - 02:46:48) ->    17(time 10075 - 02:47:55)(time 10635 - 02:57:15) ->    16(time 10702 - 02:58:22)(time 11291 - 03:08:11) ->    15(time 11334 - 03:08:54)(time 11870 - 03:17:50) ->    14(time 11937 - 03:18:57)(time 12484 - 03:28:04) ->    13(time 12751 - 03:32:31)(time 12751 - 03:32:31) ->    0(time 12938 - 03:35:38)(time 13485 - 03:44:45) ->    1(time 13552 - 03:45:52)(time 14088 - 03:54:48) ->    2(time 14168 - 03:56:08)(time 14757 - 04:05:57) ->    3(time 14824 - 04:07:04)(time 15384 - 04:16:24) ->    4(time 15451 - 04:17:31)(time 15998 - 04:26:38) ->    5(time 16078 - 04:27:58)(time 16667 - 04:37:47) ->    6(time 16710 - 04:38:30)(time 17299 - 04:48:19) ->    7(time 17366 - 04:49:26)(time 17907 - 04:58:27) ->    8(time 17974 - 04:59:34)(time 18469 - 05:07:49) ->    9(time 18536 - 05:08:56)(time 19103 - 05:18:23) ->    10(time 19170 - 05:19:30)(time 19687 - 05:28:07) ->    11(time 19754 - 05:29:14)(time 20292 - 05:38:12) ->    12(time 20559 - 05:42:39)(time 20559 - 05:42:39) -> 25
> Trip 1
   25(time 20559 - 05:42:39)(time 21097 - 05:51:37) ->    24(time 21164 - 05:52:44)(time 21681 - 06:01:21) ->    23(time 21748 - 06:02:28)(time 22315 - 06:11:55) ->    22(time 22582 - 06:16:22)(time 23077 - 06:24:37) ->    21(time 23456 - 06:30:56)(time 23997 - 06:39:57) ->    20(time 24120 - 06:42:00)(time 24709 - 06:51:49) ->    19(time 24789 - 06:53:09)(time 25378 - 07:02:58) ->    18(time 25421 - 07:03:41)(time 25968 - 07:12:48) ->    17(time 26035 - 07:13:55)(time 26595 - 07:23:15) ->    16(time 26662 - 07:24:22)(time 27251 - 07:34:11) ->    15(time 27294 - 07:34:54)(time 27830 - 07:43:50) ->    14(time 27897 - 07:44:57)(time 28444 - 07:54:04) ->    13(time 28769 - 07:59:29)(time 28769 - 07:59:29) ->    0(time 29148 - 08:05:48)(time 29695 - 08:14:55) ->    1(time 30074 - 08:21:14)(time 30610 - 08:30:10) ->    2(time 30989 - 08:36:29)(time 31578 - 08:46:18) ->    3(time 31645 - 08:47:25)(time 32205 - 08:56:45) ->    4(time 32272 - 08:57:52)(time 32819 - 09:06:59) ->    5(time 33132 - 09:12:12)(time 33721 - 09:22:01) ->    6(time 33764 - 09:22:44)(time 34353 - 09:32:33) ->    7(time 34420 - 09:33:40)(time 34961 - 09:42:41) ->    8(time 35028 - 09:43:48)(time 35523 - 09:52:03) ->    9(time 35590 - 09:53:10)(time 36157 - 10:02:37) ->    10(time 36224 - 10:03:44)(time 36741 - 10:12:21) ->    11(time 36808 - 10:13:28)(time 37346 - 10:22:26) ->    12(time 37613 - 10:26:53)(time 37613 - 10:26:53) -> 25
=============
Train 5
=============
> Trip 0
   25(time 11864 - 03:17:44)(time 12402 - 03:26:42) ->    24(time 12469 - 03:27:49)(time 12986 - 03:36:26) ->    23(time 13053 - 03:37:33)(time 13620 - 03:47:00) ->    22(time 13687 - 03:48:07)(time 14182 - 03:56:22) ->    21(time 14249 - 03:57:29)(time 14790 - 04:06:30) ->    20(time 14857 - 04:07:37)(time 15446 - 04:17:26) ->    19(time 15489 - 04:18:09)(time 16078 - 04:27:58) ->    18(time 16356 - 04:32:36)(time 16903 - 04:41:43) ->    17(time 16970 - 04:42:50)(time 17530 - 04:52:10) ->    16(time 17597 - 04:53:17)(time 18186 - 05:03:06) ->    15(time 18565 - 05:09:25)(time 19101 - 05:18:21) ->    14(time 19480 - 05:24:40)(time 20027 - 05:33:47) ->    13(time 20406 - 05:40:06)(time 20406 - 05:40:06) ->    0(time 20406 - 05:40:06)(time 20953 - 05:49:13) ->    1(time 21020 - 05:50:20)(time 21556 - 05:59:16) ->    2(time 21703 - 06:01:43)(time 22292 - 06:11:32) ->    3(time 22671 - 06:17:51)(time 23231 - 06:27:11) ->    4(time 23610 - 06:33:30)(time 24157 - 06:42:37) ->    5(time 24200 - 06:43:20)(time 24789 - 06:53:09) ->    6(time 24869 - 06:54:29)(time 25458 - 07:04:18) ->    7(time 25525 - 07:05:25)(time 26066 - 07:14:26) ->    8(time 26133 - 07:15:33)(time 26628 - 07:23:48) ->    9(time 26708 - 07:25:08)(time 27275 - 07:34:35) ->    10(time 27342 - 07:35:42)(time 27859 - 07:44:19) ->    11(time 28113 - 07:48:33)(time 28651 - 07:57:31) ->    12(time 28918 - 08:01:58)(time 28918 - 08:01:58) -> 25
> Trip 1
   25(time 28918 - 08:01:58)(time 29456 - 08:10:56) ->    24(time 29523 - 08:12:03)(time 30040 - 08:20:40) ->    23(time 30107 - 08:21:47)(time 30674 - 08:31:14) ->    22(time 30741 - 08:32:21)(time 31236 - 08:40:36) ->    21(time 31303 - 08:41:43)(time 31844 - 08:50:44) ->    20(time 31911 - 08:51:51)(time 32500 - 09:01:40) ->    19(time 32543 - 09:02:23)(time 33132 - 09:12:12) ->    18(time 33212 - 09:13:32)(time 33759 - 09:22:39) ->    17(time 33826 - 09:23:46)(time 34386 - 09:33:06) ->    16(time 34453 - 09:34:13)(time 35042 - 09:44:02) ->    15(time 35122 - 09:45:22)(time 35658 - 09:54:18) ->    14(time 35912 - 09:58:32)(time 36459 - 10:07:39) ->    13(time 36726 - 10:12:06)(time 36726 - 10:12:06) ->    0(time 36726 - 10:12:06)(time 37273 - 10:21:13) ->    1(time 37340 - 10:22:20)(time 37876 - 10:31:16) ->    2(time 37919 - 10:31:59)(time 38508 - 10:41:48) ->    3(time 38575 - 10:42:55)(time 39135 - 10:52:15) ->    4(time 39202 - 10:53:22)(time 39749 - 11:02:29) ->    5(time 39792 - 11:03:12)(time 40381 - 11:13:01) ->    6(time 40685 - 11:18:05)(time 41274 - 11:27:54) ->    7(time 41341 - 11:29:01)(time 41882 - 11:38:02) ->    8(time 41949 - 11:39:09)(time 42444 - 11:47:24) ->    9(time 42511 - 11:48:31)(time 43078 - 11:57:58) ->    10(time 43145 - 11:59:05)(time 43662 - 12:07:42) ->    11(time 43729 - 12:08:49)(time 44267 - 12:17:47) ->    12(time 44534 - 12:22:14)(time 44534 - 12:22:14) -> 25
----- t6p14r2h1.txt-model.log -----
  79468 38121    18472.0000   269    23633.0000    17489.0000  8065752   26.00%
  79503 38138    21272.0000   206    23633.0000    17489.0000  8068149   26.00%
  79531 38154    18373.0000   227    23633.0000    17489.0000  8070921   26.00%
  79560 38175    21074.0000   252    23633.0000    17489.0000  8072932   26.00%
  79578 38183    21256.0000   174    23633.0000    17489.0000  8074482   26.00%
  79592 38187    18571.0000   352    23633.0000    17489.0000  8077058   26.00%
  79615 38198    infeasible          23633.0000    17489.0000  8080119   26.00%
  79637 38208        cutoff          23633.0000    17489.0000  8083512   26.00%
  79665 38220    22322.0000    51    23633.0000    17489.0000  8086849   26.00%
Elapsed time = 41363.47 sec. (43800611.39 ticks, tree = 252.23 MB, solutions = 5)
  79694 38229    infeasible          23633.0000    17489.0000  8089859   26.00%
  79719 38238    20975.0000   200    23633.0000    17489.0000  8093178   26.00%
  79743 38248    22207.0000   227    23633.0000    17489.0000  8095917   26.00%
  79770 38259    17505.0000   371    23633.0000    17489.0000  8098612   26.00%
  79788 38273    21323.0000   119    23633.0000    17489.0000  8100831   26.00%
  79810 38280    18472.0000   221    23633.0000    17489.0000  8103235   26.00%
  79830 38288    17786.0000   235    23633.0000    17489.0000  8105438   26.00%
  79862 38299    17687.0000   264    23633.0000    17489.0000  8108289   26.00%
  79890 38313    17786.0000   292    23633.0000    17489.0000  8111284   26.00%
  79914 38323    18670.0000   190    23633.0000    17489.0000  8113753   26.00%
Elapsed time = 41521.53 sec. (43959855.72 ticks, tree = 252.96 MB, solutions = 5)
  79933 38330    infeasible          23633.0000    17489.0000  8115907   26.00%
  79965 38342    20777.0000   268    23633.0000    17489.0000  8119369   26.00%
  79986 38355    19538.0000   195    23633.0000    17489.0000  8122340   26.00%
  80016 38369    17604.0000   464    23633.0000    17489.0000  8125727   26.00%
  80040 38387    18654.0000   328    23633.0000    17489.0000  8128392   26.00%
  80058 38397    22639.0000   184    23633.0000    17489.0000  8131599   26.00%
  80091 38416    23379.0000   164    23633.0000    17489.0000  8133974   26.00%
  80113 38431    22223.0000   158    23633.0000    17489.0000  8135963   26.00%
  80142 38446    20008.0000   212    23633.0000    17489.0000  8138884   26.00%
  80168 38466    20975.0000   164    23633.0000    17489.0000  8141500   26.00%
Elapsed time = 41673.76 sec. (44116834.79 ticks, tree = 253.98 MB, solutions = 5)
  80193 38477    18472.0000   393    23633.0000    17489.0000  8143524   26.00%
  80218 38488    18373.0000   303    23633.0000    17489.0000  8147006   26.00%
  80245 38503    22124.0000    46    23633.0000    17489.0000  8149104   26.00%
  80274 38519    18951.0000   113    23633.0000    17489.0000  8152683   26.00%
  80303 38535    22124.0000   293    23633.0000    17489.0000  8155758   26.00%
  80324 38541    17604.0000   409    23633.0000    17489.0000  8159330   26.00%
  80346 38551    infeasible          23633.0000    17489.0000  8161190   26.00%
  80365 38562    18670.0000   282    23633.0000    17489.0000  8164393   26.00%
  80385 38574    18753.0000   217    23633.0000    17489.0000  8166742   26.00%
  80409 38588    21272.0000   144    23633.0000    17489.0000  8169520   26.00%
Elapsed time = 41826.58 sec. (44274599.00 ticks, tree = 254.81 MB, solutions = 5)
  80432 38594    21339.0000   190    23633.0000    17489.0000  8172230   26.00%
  80471 38615    21074.0000   221    23633.0000    17489.0000  8175758   26.00%
  80495 38623        cutoff          23633.0000    17489.0000  8177549   26.00%
  80511 38629    18472.0000   292    23633.0000    17489.0000  8179765   26.00%
  80534 38642    20876.0000   220    23633.0000    17489.0000  8183756   26.00%
  80562 38652    18571.0000   236    23633.0000    17489.0000  8186000   26.00%
  80589 38671    19909.0000   311    23633.0000    17489.0000  8189168   26.00%
  80617 38683    18638.0000   264    23633.0000    17489.0000  8191176   26.00%
  80643 38695    18571.0000   187    23633.0000    17489.0000  8193294   26.00%
  80667 38709    21256.0000   172    23633.0000    17489.0000  8196284   26.00%
Elapsed time = 41982.24 sec. (44431783.89 ticks, tree = 255.70 MB, solutions = 5)
  80686 38718    infeasible          23633.0000    17489.0000  8199671   26.00%
  80731 38723    infeasible          23633.0000    17489.0000  8202385   26.00%
  80759 38731    18852.0000   217    23633.0000    17489.0000  8205673   26.00%
  80780 38733    17671.0000   339    23633.0000    17489.0000  8208590   26.00%
  80811 38752    19439.0000   194    23633.0000    17489.0000  8211670   26.00%
  80846 38769    20158.0000   279    23633.0000    17489.0000  8214263   26.00%
  80859 38772    17505.0000   361    23633.0000    17489.0000  8216042   26.00%
  80890 38791    19902.0000   179    23633.0000    17489.0000  8218991   26.00%
  80906 38795    18769.0000   156    23633.0000    17489.1445  8220958   26.00%
  80935 38808    20975.0000   144    23633.0000    17497.4753  8223484   25.96%
Elapsed time = 42138.51 sec. (44588205.07 ticks, tree = 256.45 MB, solutions = 5)
  80964 38818    18670.0000   134    23633.0000    17505.0000  8225491   25.93%
  80989 38833    21997.0000   429    23633.0000    17505.0000  8227729   25.93%
  81007 38841    infeasible          23633.0000    17505.0000  8230661   25.93%
  81025 38853    23181.0000   101    23633.0000    17505.0000  8232797   25.93%
  81054 38864    23407.0000    62    23633.0000    17505.0000  8235229   25.93%
  81070 38868    18670.0000   174    23633.0000    17505.0000  8237255   25.93%
  81096 38886    21339.0000    84    23633.0000    17505.0000  8239496   25.93%
  81130 38900    17512.5000   336    23633.0000    17505.0000  8241872   25.93%
  81158 38920    21256.0000   246    23633.0000    17505.0000  8244480   25.93%
  81184 38938        cutoff          23633.0000    17505.0000  8246476   25.93%
Elapsed time = 42292.80 sec. (44746597.22 ticks, tree = 257.37 MB, solutions = 5)
  81209 38949    infeasible          23633.0000    17505.0000  8248294   25.93%
  81250 38962    infeasible          23633.0000    17505.0000  8250996   25.93%
  81279 38981    20777.0000   234    23633.0000    17505.0000  8253059   25.93%
  81302 38990    22223.0000    98    23633.0000    17505.0000  8254753   25.93%
  81332 39000    infeasible          23633.0000    17505.0000  8257828   25.93%
  81363 39011    18670.0000   158    23633.0000    17505.0000  8260430   25.93%
  81389 39017    17604.0000   286    23633.0000    17505.0000  8262231   25.93%
  81414 39032    22223.0000   185    23633.0000    17505.0000  8265303   25.93%
  81458 39050    20876.0000   195    23633.0000    17505.0000  8268287   25.93%
  81497 39069    17604.0000   244    23633.0000    17505.0000  8270574   25.93%
Elapsed time = 42452.36 sec. (44904567.33 ticks, tree = 258.36 MB, solutions = 5)
  81517 39081    19976.0000   276    23633.0000    17505.0000  8273446   25.93%
  81547 39098    18753.0000   177    23633.0000    17505.0000  8276145   25.93%
  81590 39115    20876.0000    96    23633.0000    17505.0000  8279162   25.93%
  81626 39129    18769.0000   136    23633.0000    17505.0000  8281529   25.93%
  81649 39136    infeasible          23633.0000    17505.0000  8283205   25.93%
  81682 39154    21083.0000    58    23633.0000    17505.0000  8285651   25.93%
  81717 39171    22322.0000    62    23633.0000    17505.0000  8287791   25.93%
  81752 39193    18373.0000   257    23633.0000    17505.0000  8290043   25.93%
  81786 39208    18571.0000    96    23633.0000    17505.0000  8292426   25.93%
  81815 39222    infeasible          23633.0000    17505.0000  8294265   25.93%
Elapsed time = 42610.66 sec. (45063531.25 ticks, tree = 259.50 MB, solutions = 5)
  81845 39238    22405.0000   185    23633.0000    17505.0000  8296629   25.93%
  81879 39253    21157.0000   128    23633.0000    17505.0000  8299343   25.93%
  81914 39264    23491.0000   136    23633.0000    17505.0000  8301736   25.93%
  81937 39274    23280.0000    84    23633.0000    17505.0000  8303606   25.93%
  81967 39286    18472.0000   191    23633.0000    17505.0000  8306445   25.93%
  81997 39300    infeasible          23633.0000    17505.0000  8309179   25.93%
  82023 39306    18670.0000    70    23633.0000    17505.0000  8311947   25.93%
  82055 39322    17505.0000   364    23633.0000    17505.0000  8315744   25.93%
  82078 39333    19538.0000   118    23633.0000    17505.0000  8318004   25.93%
  82113 39348    infeasible          23633.0000    17505.0000  8319925   25.93%
Elapsed time = 42768.01 sec. (45220313.02 ticks, tree = 260.42 MB, solutions = 5)
  82142 39367    18472.0000   192    23633.0000    17505.0000  8321913   25.93%
  82174 39383    21157.0000   117    23633.0000    17505.0000  8323907   25.93%
  82210 39401    20777.0000   149    23633.0000    17505.0000  8325962   25.93%
  82251 39414    19909.0000   239    23633.0000    17505.0000  8329063   25.93%
  82286 39429    20844.0000   120    23633.0000    17505.0000  8331603   25.93%
  82316 39437        cutoff          23633.0000    17505.0000  8333110   25.93%
  82340 39447    22239.0000    88    23633.0000    17505.0000  8335093   25.93%
  82377 39461    18769.0000   172    23633.0000    17505.0000  8337341   25.93%
  82405 39474    18571.0000   283    23633.0000    17505.0000  8339071   25.93%
  82427 39482    20786.0000    98    23633.0000    17505.0000  8342056   25.93%
Elapsed time = 42928.29 sec. (45379641.50 ticks, tree = 261.45 MB, solutions = 5)
  82472 39507    21074.0000   159    23633.0000    17505.0000  8345039   25.93%
  82499 39516        cutoff          23633.0000    17505.0000  8347201   25.93%
  82535 39536    20876.0000    93    23633.0000    17505.0000  8349142   25.93%
  82569 39552    23507.0000   217    23633.0000    17505.0000  8351842   25.93%
  82598 39565    18571.0000   154    23633.0000    17505.0000  8354502   25.93%
  82633 39580    infeasible          23633.0000    17505.0000  8356819   25.93%
  82653 39588    18836.0000    74    23633.0000    17505.0000  8358975   25.93%
  82687 39600    20876.0000    84    23633.0000    17505.0000  8361393   25.93%
  82721 39624    19704.0000   108    23633.0000    17505.0000  8363888   25.93%
  82753 39636    20975.0000    72    23633.0000    17505.0000  8366328   25.93%
Elapsed time = 43089.63 sec. (45538993.18 ticks, tree = 262.58 MB, solutions = 5)
  82784 39651    21843.0000   126    23633.0000    17505.0000  8370140   25.93%
  82816 39661    18472.0000   259    23633.0000    17505.0000  8373517   25.93%
  82849 39678        cutoff          23633.0000    17505.0000  8375656   25.93%
  82877 39690    20975.0000   154    23633.0000    17505.0000  8377846   25.93%
  82911 39700    infeasible          23633.0000    17505.0000  8380414   25.93%
  82927 39710    18670.0000    65    23633.0000    17505.0000  8382334   25.93%

GUB cover cuts applied:  38
Clique cuts applied:  305
Cover cuts applied:  1239
Implied bound cuts applied:  28
Flow cuts applied:  61
Mixed integer rounding cuts applied:  292

Root node processing (before b&c):
  Real time             =  484.40 sec. (449340.46 ticks)
Sequential b&c:
  Real time             = 42715.87 sec. (45199565.10 ticks)
                          ------------
Total (root+branch&cut) = 43200.27 sec. (45648905.56 ticks)
Feasible

>> Printing some results...
    -> Solution value = 23632 - 06:33:52
    -> Total time = 43200.27
    -> Gap value = 0.26

=============
Train 0
=============
> Trip 0
   27(time 249 - 00:04:09)(time 740 - 00:12:20) ->    26(time 823 - 00:13:43)(time 1372 - 00:22:52) ->    25(time 1964 - 00:32:44)(time 2522 - 00:42:02) ->    24(time 2655 - 00:44:15)(time 3215 - 00:53:35) ->    23(time 3294 - 00:54:54)(time 3866 - 01:04:26) ->    22(time 3945 - 01:05:45)(time 4454 - 01:14:14) ->    21(time 4533 - 01:15:33)(time 5068 - 01:24:28) ->    20(time 5660 - 01:34:20)(time 6235 - 01:43:55) ->    19(time 6304 - 01:45:04)(time 6820 - 01:53:40) ->    18(time 6899 - 01:54:59)(time 7491 - 02:04:51) ->    17(time 7570 - 02:06:10)(time 8124 - 02:15:24) ->    16(time 8203 - 02:16:43)(time 8703 - 02:25:03) ->    15(time 9295 - 02:34:55)(time 9828 - 02:43:48) ->    14(time 10420 - 02:53:40)(time 10420 - 02:53:40) ->    0(time 10602 - 02:56:42)(time 11135 - 03:05:35) ->    1(time 11727 - 03:15:27)(time 12227 - 03:23:47) ->    2(time 12306 - 03:25:06)(time 12860 - 03:34:20) ->    3(time 12939 - 03:35:39)(time 13531 - 03:45:31) ->    4(time 13610 - 03:46:50)(time 14126 - 03:55:26) ->    5(time 14195 - 03:56:35)(time 14770 - 04:06:10) ->    6(time 15362 - 04:16:02)(time 15897 - 04:24:57) ->    7(time 15976 - 04:26:16)(time 16485 - 04:34:45) ->    8(time 16564 - 04:36:04)(time 17136 - 04:45:36) ->    9(time 17215 - 04:46:55)(time 17775 - 04:56:15) ->    10(time 17854 - 04:57:34)(time 18412 - 05:06:52) ->    11(time 18491 - 05:08:11)(time 19040 - 05:17:20) ->    12(time 19149 - 05:19:09)(time 19640 - 05:27:20) ->    13(time 19739 - 05:28:59)(time 19739 - 05:28:59) -> 27
> Trip 1
   27(time 21088 - 05:51:28)(time 21579 - 05:59:39) ->    26(time 21658 - 06:00:58)(time 22207 - 06:10:07) ->    25(time 22286 - 06:11:26)(time 22844 - 06:20:44) ->    24(time 22923 - 06:22:03)(time 23483 - 06:31:23) ->    23(time 23562 - 06:32:42)(time 24134 - 06:42:14) ->    22(time 24213 - 06:43:33)(time 24722 - 06:52:02) ->    21(time 24801 - 06:53:21)(time 25336 - 07:02:16) ->    20(time 25415 - 07:03:35)(time 25990 - 07:13:10) ->    19(time 26059 - 07:14:19)(time 26575 - 07:22:55) ->    18(time 26654 - 07:24:14)(time 27246 - 07:34:06) ->    17(time 27325 - 07:35:25)(time 27879 - 07:44:39) ->    16(time 27958 - 07:45:58)(time 28458 - 07:54:18) ->    15(time 28541 - 07:55:41)(time 29074 - 08:04:34) ->    14(time 29666 - 08:14:26)(time 29666 - 08:14:26) ->    0(time 29848 - 08:17:28)(time 30381 - 08:26:21) ->    1(time 30973 - 08:36:13)(time 31473 - 08:44:33) ->    2(time 31552 - 08:45:52)(time 32106 - 08:55:06) ->    3(time 32185 - 08:56:25)(time 32777 - 09:06:17) ->    4(time 32856 - 09:07:36)(time 33372 - 09:16:12) ->    5(time 33441 - 09:17:21)(time 34016 - 09:26:56) ->    6(time 34095 - 09:28:15)(time 34630 - 09:37:10) ->    7(time 35222 - 09:47:02)(time 35731 - 09:55:31) ->    8(time 36323 - 10:05:23)(time 36895 - 10:14:55) ->    9(time 37018 - 10:16:58)(time 37578 - 10:26:18) ->    10(time 37657 - 10:27:37)(time 38215 - 10:36:55) ->    11(time 38294 - 10:38:14)(time 38843 - 10:47:23) ->    12(time 38922 - 10:48:42)(time 39413 - 10:56:53) ->    13(time 39512 - 10:58:32)(time 39512 - 10:58:32) -> 27
=============
Train 1
=============
> Trip 0
   27(time 0 - 00:00:00)(time 491 - 00:08:11) ->    26(time 570 - 00:09:30)(time 1119 - 00:18:39) ->    25(time 1198 - 00:19:58)(time 1756 - 00:29:16) ->    24(time 1835 - 00:30:35)(time 2395 - 00:39:55) ->    23(time 2474 - 00:41:14)(time 3046 - 00:50:46) ->    22(time 3125 - 00:52:05)(time 3634 - 01:00:34) ->    21(time 3713 - 01:01:53)(time 4248 - 01:10:48) ->    20(time 4327 - 01:12:07)(time 4902 - 01:21:42) ->    19(time 4971 - 01:22:51)(time 5487 - 01:31:27) ->    18(time 5566 - 01:32:46)(time 6158 - 01:42:38) ->    17(time 6237 - 01:43:57)(time 6791 - 01:53:11) ->    16(time 6870 - 01:54:30)(time 7370 - 02:02:50) ->    15(time 7439 - 02:03:59)(time 7972 - 02:12:52) ->    14(time 8071 - 02:14:31)(time 8071 - 02:14:31) ->    0(time 8071 - 02:14:31)(time 8604 - 02:23:24) ->    1(time 8703 - 02:25:03)(time 9203 - 02:33:23) ->    2(time 9282 - 02:34:42)(time 9836 - 02:43:56) ->    3(time 9919 - 02:45:19)(time 10511 - 02:55:11) ->    4(time 10590 - 02:56:30)(time 11106 - 03:05:06) ->    5(time 11175 - 03:06:15)(time 11750 - 03:15:50) ->    6(time 11829 - 03:17:09)(time 12364 - 03:26:04) ->    7(time 12443 - 03:27:23)(time 12952 - 03:35:52) ->    8(time 13031 - 03:37:11)(time 13603 - 03:46:43) ->    9(time 13682 - 03:48:02)(time 14242 - 03:57:22) ->    10(time 14321 - 03:58:41)(time 14879 - 04:07:59) ->    11(time 14958 - 04:09:18)(time 15507 - 04:18:27) ->    12(time 15586 - 04:19:46)(time 16077 - 04:27:57) ->    13(time 16176 - 04:29:36)(time 16176 - 04:29:36) -> 27
> Trip 1
   27(time 19838 - 05:30:38)(time 20329 - 05:38:49) ->    26(time 20408 - 05:40:08)(time 20957 - 05:49:17) ->    25(time 21036 - 05:50:36)(time 21594 - 05:59:54) ->    24(time 21673 - 06:01:13)(time 22233 - 06:10:33) ->    23(time 22312 - 06:11:52)(time 22884 - 06:21:24) ->    22(time 22963 - 06:22:43)(time 23472 - 06:31:12) ->    21(time 23551 - 06:32:31)(time 24086 - 06:41:26) ->    20(time 24165 - 06:42:45)(time 24740 - 06:52:20) ->    19(time 24809 - 06:53:29)(time 25325 - 07:02:05) ->    18(time 25404 - 07:03:24)(time 25996 - 07:13:16) ->    17(time 26075 - 07:14:35)(time 26629 - 07:23:49) ->    16(time 26708 - 07:25:08)(time 27208 - 07:33:28) ->    15(time 27277 - 07:34:37)(time 27810 - 07:43:30) ->    14(time 27909 - 07:45:09)(time 27909 - 07:45:09) ->    0(time 27909 - 07:45:09)(time 28442 - 07:54:02) ->    1(time 28541 - 07:55:41)(time 29041 - 08:04:01) ->    2(time 29120 - 08:05:20)(time 29674 - 08:14:34) ->    3(time 29757 - 08:15:57)(time 30349 - 08:25:49) ->    4(time 30636 - 08:30:36)(time 31152 - 08:39:12) ->    5(time 31744 - 08:49:04)(time 32319 - 08:58:39) ->    6(time 32911 - 09:08:31)(time 33446 - 09:17:26) ->    7(time 34038 - 09:27:18)(time 34547 - 09:35:47) ->    8(time 35139 - 09:45:39)(time 35711 - 09:55:11) ->    9(time 35790 - 09:56:30)(time 36350 - 10:05:50) ->    10(time 36429 - 10:07:09)(time 36987 - 10:16:27) ->    11(time 37579 - 10:26:19)(time 38128 - 10:35:28) ->    12(time 38720 - 10:45:20)(time 39211 - 10:53:31) ->    13(time 39310 - 10:55:10)(time 39310 - 10:55:10) -> 27
=============
Train 2
=============
> Trip 0
   27(time 83 - 00:01:23)(time 574 - 00:09:34) ->    26(time 653 - 00:10:53)(time 1202 - 00:20:02) ->    25(time 1281 - 00:21:21)(time 1839 - 00:30:39) ->    24(time 1918 - 00:31:58)(time 2478 - 00:41:18) ->    23(time 2557 - 00:42:37)(time 3129 - 00:52:09) ->    22(time 3208 - 00:53:28)(time 3717 - 01:01:57) ->    21(time 3796 - 01:03:16)(time 4331 - 01:12:11) ->    20(time 4410 - 01:13:30)(time 4985 - 01:23:05) ->    19(time 5054 - 01:24:14)(time 5570 - 01:32:50) ->    18(time 5649 - 01:34:09)(time 6241 - 01:44:01) ->    17(time 6320 - 01:45:20)(time 6874 - 01:54:34) ->    16(time 6953 - 01:55:53)(time 7453 - 02:04:13) ->    15(time 7538 - 02:05:38)(time 8071 - 02:14:31) ->    14(time 8170 - 02:16:10)(time 8170 - 02:16:10) ->    0(time 8170 - 02:16:10)(time 8703 - 02:25:03) ->    1(time 8786 - 02:26:26)(time 9286 - 02:34:46) ->    2(time 9365 - 02:36:05)(time 9919 - 02:45:19) ->    3(time 10002 - 02:46:42)(time 10594 - 02:56:34) ->    4(time 10673 - 02:57:53)(time 11189 - 03:06:29) ->    5(time 11258 - 03:07:38)(time 11833 - 03:17:13) ->    6(time 11912 - 03:18:32)(time 12447 - 03:27:27) ->    7(time 12526 - 03:28:46)(time 13035 - 03:37:15) ->    8(time 13114 - 03:38:34)(time 13686 - 03:48:06) ->    9(time 13765 - 03:49:25)(time 14325 - 03:58:45) ->    10(time 14404 - 04:00:04)(time 14962 - 04:09:22) ->    11(time 15057 - 04:10:57)(time 15606 - 04:20:06) ->    12(time 15685 - 04:21:25)(time 16176 - 04:29:36) ->    13(time 16275 - 04:31:15)(time 16275 - 04:31:15) -> 27
> Trip 1
   27(time 21967 - 06:06:07)(time 22458 - 06:14:18) ->    26(time 22537 - 06:15:37)(time 23086 - 06:24:46) ->    25(time 23165 - 06:26:05)(time 23723 - 06:35:23) ->    24(time 23802 - 06:36:42)(time 24362 - 06:46:02) ->    23(time 24441 - 06:47:21)(time 25013 - 06:56:53) ->    22(time 25092 - 06:58:12)(time 25601 - 07:06:41) ->    21(time 25680 - 07:08:00)(time 26215 - 07:16:55) ->    20(time 26298 - 07:18:18)(time 26873 - 07:27:53) ->    19(time 27465 - 07:37:45)(time 27981 - 07:46:21) ->    18(time 28573 - 07:56:13)(time 29165 - 08:06:05) ->    17(time 29757 - 08:15:57)(time 30311 - 08:25:11) ->    16(time 30390 - 08:26:30)(time 30890 - 08:34:50) ->    15(time 30973 - 08:36:13)(time 31506 - 08:45:06) ->    14(time 31605 - 08:46:45)(time 31605 - 08:46:45) ->    0(time 31605 - 08:46:45)(time 32138 - 08:55:38) ->    1(time 32207 - 08:56:47)(time 32707 - 09:05:07) ->    2(time 32798 - 09:06:38)(time 33352 - 09:15:52) ->    3(time 33431 - 09:17:11)(time 34023 - 09:27:03) ->    4(time 34106 - 09:28:26)(time 34622 - 09:37:02) ->    5(time 34691 - 09:38:11)(time 35266 - 09:47:46) ->    6(time 35345 - 09:49:05)(time 35880 - 09:58:00) ->    7(time 35959 - 09:59:19)(time 36468 - 10:07:48) ->    8(time 36547 - 10:09:07)(time 37119 - 10:18:39) ->    9(time 37198 - 10:19:58)(time 37758 - 10:29:18) ->    10(time 37837 - 10:30:37)(time 38395 - 10:39:55) ->    11(time 38488 - 10:41:28)(time 39037 - 10:50:37) ->    12(time 39120 - 10:52:00)(time 39611 - 11:00:11) ->    13(time 39710 - 11:01:50)(time 39710 - 11:01:50) -> 27
=============
Train 3
=============
> Trip 0
   27(time 928 - 00:15:28)(time 1419 - 00:23:39) ->    26(time 2011 - 00:33:31)(time 2560 - 00:42:40) ->    25(time 2639 - 00:43:59)(time 3197 - 00:53:17) ->    24(time 3276 - 00:54:36)(time 3836 - 01:03:56) ->    23(time 3915 - 01:05:15)(time 4487 - 01:14:47) ->    22(time 5075 - 01:24:35)(time 5584 - 01:33:04) ->    21(time 6176 - 01:42:56)(time 6711 - 01:51:51) ->    20(time 7052 - 01:57:32)(time 7627 - 02:07:07) ->    19(time 8219 - 02:16:59)(time 8735 - 02:25:35) ->    18(time 9327 - 02:35:27)(time 9919 - 02:45:19) ->    17(time 10002 - 02:46:42)(time 10556 - 02:55:56) ->    16(time 10635 - 02:57:15)(time 11135 - 03:05:35) ->    15(time 11234 - 03:07:14)(time 11767 - 03:16:07) ->    14(time 11866 - 03:17:46)(time 11866 - 03:17:46) ->    0(time 11866 - 03:17:46)(time 12399 - 03:26:39) ->    1(time 12468 - 03:27:48)(time 12968 - 03:36:08) ->    2(time 13047 - 03:37:27)(time 13601 - 03:46:41) ->    3(time 13680 - 03:48:00)(time 14272 - 03:57:52) ->    4(time 14351 - 03:59:11)(time 14867 - 04:07:47) ->    5(time 14936 - 04:08:56)(time 15511 - 04:18:31) ->    6(time 15590 - 04:19:50)(time 16125 - 04:28:45) ->    7(time 16204 - 04:30:04)(time 16713 - 04:38:33) ->    8(time 16792 - 04:39:52)(time 17364 - 04:49:24) ->    9(time 17443 - 04:50:43)(time 18003 - 05:00:03) ->    10(time 18082 - 05:01:22)(time 18640 - 05:10:40) ->    11(time 18719 - 05:11:59)(time 19268 - 05:21:08) ->    12(time 19347 - 05:22:27)(time 19838 - 05:30:38) ->    13(time 19937 - 05:32:17)(time 19937 - 05:32:17) -> 27
> Trip 1
   27(time 21171 - 05:52:51)(time 21662 - 06:01:02) ->    26(time 21741 - 06:02:21)(time 22290 - 06:11:30) ->    25(time 22369 - 06:12:49)(time 22927 - 06:22:07) ->    24(time 23006 - 06:23:26)(time 23566 - 06:32:46) ->    23(time 23645 - 06:34:05)(time 24217 - 06:43:37) ->    22(time 24296 - 06:44:56)(time 24805 - 06:53:25) ->    21(time 24884 - 06:54:44)(time 25419 - 07:03:39) ->    20(time 25498 - 07:04:58)(time 26073 - 07:14:33) ->    19(time 26142 - 07:15:42)(time 26658 - 07:24:18) ->    18(time 26737 - 07:25:37)(time 27329 - 07:35:29) ->    17(time 27408 - 07:36:48)(time 27962 - 07:46:02) ->    16(time 28041 - 07:47:21)(time 28541 - 07:55:41) ->    15(time 29133 - 08:05:33)(time 29666 - 08:14:26) ->    14(time 30258 - 08:24:18)(time 30258 - 08:24:18) ->    0(time 30440 - 08:27:20)(time 30973 - 08:36:13) ->    1(time 31056 - 08:37:36)(time 31556 - 08:45:56) ->    2(time 32148 - 08:55:48)(time 32702 - 09:05:02) ->    3(time 33294 - 09:14:54)(time 33886 - 09:24:46) ->    4(time 34023 - 09:27:03)(time 34539 - 09:35:39) ->    5(time 34608 - 09:36:48)(time 35183 - 09:46:23) ->    6(time 35262 - 09:47:42)(time 35797 - 09:56:37) ->    7(time 35876 - 09:57:56)(time 36385 - 10:06:25) ->    8(time 36464 - 10:07:44)(time 37036 - 10:17:16) ->    9(time 37115 - 10:18:35)(time 37675 - 10:27:55) ->    10(time 37754 - 10:29:14)(time 38312 - 10:38:32) ->    11(time 38393 - 10:39:53)(time 38942 - 10:49:02) ->    12(time 39021 - 10:50:21)(time 39512 - 10:58:32) ->    13(time 39611 - 11:00:11)(time 39611 - 11:00:11) -> 27
=============
Train 4
=============
> Trip 0
   27(time 332 - 00:05:32)(time 823 - 00:13:43) ->    26(time 1415 - 00:23:35)(time 1964 - 00:32:44) ->    25(time 2556 - 00:42:36)(time 3114 - 00:51:54) ->    24(time 3193 - 00:53:13)(time 3753 - 01:02:33) ->    23(time 3832 - 01:03:52)(time 4404 - 01:13:24) ->    22(time 4483 - 01:14:43)(time 4992 - 01:23:12) ->    21(time 5584 - 01:33:04)(time 6119 - 01:41:59) ->    20(time 6460 - 01:47:40)(time 7035 - 01:57:15) ->    19(time 7627 - 02:07:07)(time 8143 - 02:15:43) ->    18(time 8735 - 02:25:35)(time 9327 - 02:35:27) ->    17(time 9919 - 02:45:19)(time 10473 - 02:54:33) ->    16(time 10552 - 02:55:52)(time 11052 - 03:04:12) ->    15(time 11135 - 03:05:35)(time 11668 - 03:14:28) ->    14(time 11767 - 03:16:07)(time 11767 - 03:16:07) ->    0(time 11767 - 03:16:07)(time 12300 - 03:25:00) ->    1(time 12369 - 03:26:09)(time 12869 - 03:34:29) ->    2(time 12948 - 03:35:48)(time 13502 - 03:45:02) ->    3(time 13581 - 03:46:21)(time 14173 - 03:56:13) ->    4(time 14252 - 03:57:32)(time 14768 - 04:06:08) ->    5(time 14837 - 04:07:17)(time 15412 - 04:16:52) ->    6(time 15491 - 04:18:11)(time 16026 - 04:27:06) ->    7(time 16105 - 04:28:25)(time 16614 - 04:36:54) ->    8(time 16693 - 04:38:13)(time 17265 - 04:47:45) ->    9(time 17344 - 04:49:04)(time 17904 - 04:58:24) ->    10(time 17983 - 04:59:43)(time 18541 - 05:09:01) ->    11(time 18620 - 05:10:20)(time 19169 - 05:19:29) ->    12(time 19248 - 05:20:48)(time 19739 - 05:28:59) ->    13(time 19838 - 05:30:38)(time 19838 - 05:30:38) -> 27
> Trip 1
   27(time 22050 - 06:07:30)(time 22541 - 06:15:41) ->    26(time 22620 - 06:17:00)(time 23169 - 06:26:09) ->    25(time 23248 - 06:27:28)(time 23806 - 06:36:46) ->    24(time 23885 - 06:38:05)(time 24445 - 06:47:25) ->    23(time 24524 - 06:48:44)(time 25096 - 06:58:16) ->    22(time 25175 - 06:59:35)(time 25684 - 07:08:04) ->    21(time 25763 - 07:09:23)(time 26298 - 07:18:18) ->    20(time 26890 - 07:28:10)(time 27465 - 07:37:45) ->    19(time 28057 - 07:47:37)(time 28573 - 07:56:13) ->    18(time 29165 - 08:06:05)(time 29757 - 08:15:57) ->    17(time 29840 - 08:17:20)(time 30394 - 08:26:34) ->    16(time 30473 - 08:27:53)(time 30973 - 08:36:13) ->    15(time 31072 - 08:37:52)(time 31605 - 08:46:45) ->    14(time 31704 - 08:48:24)(time 31704 - 08:48:24) ->    0(time 31704 - 08:48:24)(time 32237 - 08:57:17) ->    1(time 32306 - 08:58:26)(time 32806 - 09:06:46) ->    2(time 32885 - 09:08:05)(time 33439 - 09:17:19) ->    3(time 33518 - 09:18:38)(time 34110 - 09:28:30) ->    4(time 34189 - 09:29:49)(time 34705 - 09:38:25) ->    5(time 34774 - 09:39:34)(time 35349 - 09:49:09) ->    6(time 35428 - 09:50:28)(time 35963 - 09:59:23) ->    7(time 36042 - 10:00:42)(time 36551 - 10:09:11) ->    8(time 36644 - 10:10:44)(time 37216 - 10:20:16) ->    9(time 37295 - 10:21:35)(time 37855 - 10:30:55) ->    10(time 37934 - 10:32:14)(time 38492 - 10:41:32) ->    11(time 38571 - 10:42:51)(time 39120 - 10:52:00) ->    12(time 39219 - 10:53:39)(time 39710 - 11:01:50) ->    13(time 39809 - 11:03:29)(time 39809 - 11:03:29) -> 27
=============
Train 5
=============
> Trip 0
   27(time 166 - 00:02:46)(time 657 - 00:10:57) ->    26(time 740 - 00:12:20)(time 1289 - 00:21:29) ->    25(time 1372 - 00:22:52)(time 1930 - 00:32:10) ->    24(time 2522 - 00:42:02)(time 3082 - 00:51:22) ->    23(time 3161 - 00:52:41)(time 3733 - 01:02:13) ->    22(time 3812 - 01:03:32)(time 4321 - 01:12:01) ->    21(time 4400 - 01:13:20)(time 4935 - 01:22:15) ->    20(time 5014 - 01:23:34)(time 5589 - 01:33:09) ->    19(time 5708 - 01:35:08)(time 6224 - 01:43:44) ->    18(time 6303 - 01:45:03)(time 6895 - 01:54:55) ->    17(time 6974 - 01:56:14)(time 7528 - 02:05:28) ->    16(time 8120 - 02:15:20)(time 8620 - 02:23:40) ->    15(time 8703 - 02:25:03)(time 9236 - 02:33:56) ->    14(time 9828 - 02:43:48)(time 9828 - 02:43:48) ->    0(time 10010 - 02:46:50)(time 10543 - 02:55:43) ->    1(time 11135 - 03:05:35)(time 11635 - 03:13:55) ->    2(time 11714 - 03:15:14)(time 12268 - 03:24:28) ->    3(time 12347 - 03:25:47)(time 12939 - 03:35:39) ->    4(time 13018 - 03:36:58)(time 13534 - 03:45:34) ->    5(time 13603 - 03:46:43)(time 14178 - 03:56:18) ->    6(time 14257 - 03:57:37)(time 14792 - 04:06:32) ->    7(time 14871 - 04:07:51)(time 15380 - 04:16:20) ->    8(time 15459 - 04:17:39)(time 16031 - 04:27:11) ->    9(time 16110 - 04:28:30)(time 16670 - 04:37:50) ->    10(time 16749 - 04:39:09)(time 17307 - 04:48:27) ->    11(time 17386 - 04:49:46)(time 17935 - 04:58:55) ->    12(time 18014 - 05:00:14)(time 18505 - 05:08:25) ->    13(time 18604 - 05:10:04)(time 18604 - 05:10:04) -> 27
> Trip 1
   27(time 19937 - 05:32:17)(time 20428 - 05:40:28) ->    26(time 20507 - 05:41:47)(time 21056 - 05:50:56) ->    25(time 21135 - 05:52:15)(time 21693 - 06:01:33) ->    24(time 21772 - 06:02:52)(time 22332 - 06:12:12) ->    23(time 22411 - 06:13:31)(time 22983 - 06:23:03) ->    22(time 23062 - 06:24:22)(time 23571 - 06:32:51) ->    21(time 23650 - 06:34:10)(time 24185 - 06:43:05) ->    20(time 24264 - 06:44:24)(time 24839 - 06:53:59) ->    19(time 24908 - 06:55:08)(time 25424 - 07:03:44) ->    18(time 25503 - 07:05:03)(time 26095 - 07:14:55) ->    17(time 26174 - 07:16:14)(time 26728 - 07:25:28) ->    16(time 26807 - 07:26:47)(time 27307 - 07:35:07) ->    15(time 27376 - 07:36:16)(time 27909 - 07:45:09) ->    14(time 28008 - 07:46:48)(time 28008 - 07:46:48) ->    0(time 28008 - 07:46:48)(time 28541 - 07:55:41) ->    1(time 28624 - 07:57:04)(time 29124 - 08:05:24) ->    2(time 29203 - 08:06:43)(time 29757 - 08:15:57) ->    3(time 30044 - 08:20:44)(time 30636 - 08:30:36) ->    4(time 31228 - 08:40:28)(time 31744 - 08:49:04) ->    5(time 32336 - 08:58:56)(time 32911 - 09:08:31) ->    6(time 33503 - 09:18:23)(time 34038 - 09:27:18) ->    7(time 34630 - 09:37:10)(time 35139 - 09:45:39) ->    8(time 35731 - 09:55:31)(time 36303 - 10:05:03) ->    9(time 36895 - 10:14:55)(time 37455 - 10:24:15) ->    10(time 37558 - 10:25:58)(time 38116 - 10:35:16) ->    11(time 38195 - 10:36:35)(time 38744 - 10:45:44) ->    12(time 38823 - 10:47:03)(time 39314 - 10:55:14) ->    13(time 39413 - 10:56:53)(time 39413 - 10:56:53) -> 27
