t4p16r2h2.txt:
   > Trying to open the instance file...
   > Reading number of trains...
   > Reading maximum number of trips per train...
   > Reading time intervals...
   > Reading number of points...
   > Reading stations...
   > Reading crossings...
   > Reading depots...
   > Reading initial point...
   > Reading routes...
   > Reading distance and distance and service...
   > Reading demands...
   > Reading maximum time...
   > Reading alpha...

--------------------------------
 Printing instance
--------------------------------
number of trains = 4
	max trips per trains: 4     4     4     4
number of intervals = 2
	(0,  23448)	(23449,  46897)
number of points = 16
	initial point: 0
	stations: 0     1     2     3     4     6     8     9    10    12    13    14    15
	crossings: 0     1     4     5     7    11    13    15
	depots: 0    15
number of vertices = 32
	total vertices: 0     1     2     3     4     5     6     7     8     9    10    11    12    13    14    15    16    17    18    19    20    21    22    23    24    25    26    27    28    29    30    31
	upper vertices: 0     1     2     3     4     5     6     7     8     9    10    11    12    13    14    15
	lower vertices: 16    17    18    19    20    21    22    23    24    25    26    27    28    29    30    31
	vertices of point #0: (0, 16)
	vertices of point #1: (1, 17)
	vertices of point #2: (2, 18)
	vertices of point #3: (3, 19)
	vertices of point #4: (4, 20)
	vertices of point #5: (5, 21)
	vertices of point #6: (6, 22)
	vertices of point #7: (7, 23)
	vertices of point #8: (8, 24)
	vertices of point #9: (9, 25)
	vertices of point #10: (10, 26)
	vertices of point #11: (11, 27)
	vertices of point #12: (12, 28)
	vertices of point #13: (13, 29)
	vertices of point #14: (14, 30)
	vertices of point #15: (15, 31)

arcs...
	total arcs: 
		arc #0: (0, 1)
		arc #1: (0, 16)
		arc #2: (16, 0)
		arc #3: (1, 2)
		arc #4: (17, 16)
		arc #5: (2, 3)
		arc #6: (18, 17)
		arc #7: (3, 4)
		arc #8: (19, 18)
		arc #9: (4, 5)
		arc #10: (20, 19)
		arc #11: (5, 6)
		arc #12: (21, 20)
		arc #13: (6, 7)
		arc #14: (22, 21)
		arc #15: (7, 8)
		arc #16: (23, 22)
		arc #17: (8, 9)
		arc #18: (24, 23)
		arc #19: (9, 10)
		arc #20: (25, 24)
		arc #21: (10, 11)
		arc #22: (26, 25)
		arc #23: (11, 12)
		arc #24: (27, 26)
		arc #25: (12, 13)
		arc #26: (28, 27)
		arc #27: (13, 14)
		arc #28: (29, 28)
		arc #29: (14, 15)
		arc #30: (30, 29)
		arc #31: (31, 30)
		arc #32: (15, 31)
		arc #33: (31, 15)

	reverse arcs: 
		arc #1: (0, 16)
		arc #2: (16, 0)
		arc #32: (15, 31)
		arc #33: (31, 15)


incompatible points...
	(0, 0, 17, (0, 1))	(17, 17, 0, (17, 16))	(1, 3, 20, (3, 4))	(20, 18, 1, (18, 17))	(4, 4, 21, (4, 5))	(21, 21, 4, (21, 20))	(5, 6, 23, (6, 7))	(23, 22, 5, (22, 21))	(7, 10, 27, (10, 11))	(27, 24, 7, (24, 23))	(11, 12, 29, (12, 13))	(29, 28, 11, (28, 27))	(13, 14, 31, (14, 15))	(31, 30, 13, (30, 29))

number of routes = 2
vertices of routes...
	route #0: 0     1     2     3     4     5     6     7     8     9    10    11    12    13    14    15    31    30    29    28    27    26    25    24    23    22    21    20    19    18    17    16     0
	route #1: 31    30    29    28    27    26    25    24    23    22    21    20    19    18    17    16     0     1     2     3     4     5     6     7     8     9    10    11    12    13    14    15    31
arcs of routes...
	route #0: 0     3     5     7     9    11    13    15    17    19    21    23    25    27    29    32    31    30    28    26    24    22    20    18    16    14    12    10     8     6     4     2
	route #1: 31    30    28    26    24    22    20    18    16    14    12    10     8     6     4     2     0     3     5     7     9    11    13    15    17    19    21    23    25    27    29    32

incompatible routes...
	(0, 1)    	(1, 0)

vertices that can be adjacent in consecutive trips...
	(0, 0)    	(31, 31)
non cyclical routes: 


routes of trip...
	routes that train #0 can complete at trip #0: 0
	routes that train #0 can complete at trip #1: 0       1
	routes that train #0 can complete at trip #2: 0       1
	routes that train #0 can complete at trip #3: 0       1

	routes that train #1 can complete at trip #0: 0
	routes that train #1 can complete at trip #1: 0       1
	routes that train #1 can complete at trip #2: 0       1
	routes that train #1 can complete at trip #3: 0       1

	routes that train #2 can complete at trip #0: 0
	routes that train #2 can complete at trip #1: 0       1
	routes that train #2 can complete at trip #2: 0       1
	routes that train #2 can complete at trip #3: 0       1

	routes that train #3 can complete at trip #0: 0
	routes that train #3 can complete at trip #1: 0       1
	routes that train #3 can complete at trip #2: 0       1
	routes that train #3 can complete at trip #3: 0       1

 cost...
	arc #0 [0][1]: 204
	arc #1 [0][16]: 0
	arc #2 [16][0]: 0
	arc #3 [1][2]: 207
	arc #4 [17][16]: 204
	arc #5 [2][3]: 209
	arc #6 [18][17]: 207
	arc #7 [3][4]: 205
	arc #8 [19][18]: 209
	arc #9 [4][5]: 229
	arc #10 [20][19]: 205
	arc #11 [5][6]: 224
	arc #12 [21][20]: 229
	arc #13 [6][7]: 195
	arc #14 [22][21]: 224
	arc #15 [7][8]: 194
	arc #16 [23][22]: 195
	arc #17 [8][9]: 199
	arc #18 [24][23]: 194
	arc #19 [9][10]: 198
	arc #20 [25][24]: 199
	arc #21 [10][11]: 196
	arc #22 [26][25]: 198
	arc #23 [11][12]: 222
	arc #24 [27][26]: 196
	arc #25 [12][13]: 229
	arc #26 [28][27]: 222
	arc #27 [13][14]: 198
	arc #28 [29][28]: 229
	arc #29 [14][15]: 223
	arc #30 [30][29]: 198
	arc #31 [31][30]: 223
	arc #32 [15][31]: 0
	arc #33 [31][15]: 0

cost with minimum service...
	arc #0 [0][1]: 289
	arc #1 [0][16]: 0
	arc #2 [16][0]: 0
	arc #3 [1][2]: 292
	arc #4 [17][16]: 465
	arc #5 [2][3]: 294
	arc #6 [18][17]: 292
	arc #7 [3][4]: 290
	arc #8 [19][18]: 294
	arc #9 [4][5]: 264
	arc #10 [20][19]: 290
	arc #11 [5][6]: 309
	arc #12 [21][20]: 314
	arc #13 [6][7]: 230
	arc #14 [22][21]: 259
	arc #15 [7][8]: 279
	arc #16 [23][22]: 280
	arc #17 [8][9]: 284
	arc #18 [24][23]: 229
	arc #19 [9][10]: 283
	arc #20 [25][24]: 284
	arc #21 [10][11]: 231
	arc #22 [26][25]: 283
	arc #23 [11][12]: 307
	arc #24 [27][26]: 281
	arc #25 [12][13]: 314
	arc #26 [28][27]: 257
	arc #27 [13][14]: 283
	arc #28 [29][28]: 314
	arc #29 [14][15]: 484
	arc #30 [30][29]: 283
	arc #31 [31][30]: 308
	arc #32 [15][31]: 0
	arc #33 [31][15]: 0

cost with maximum service...
	arc #0 [0][1]: 602
	arc #1 [0][16]: 398
	arc #2 [16][0]: 398
	arc #3 [1][2]: 605
	arc #4 [17][16]: 602
	arc #5 [2][3]: 607
	arc #6 [18][17]: 605
	arc #7 [3][4]: 603
	arc #8 [19][18]: 607
	arc #9 [4][5]: 627
	arc #10 [20][19]: 603
	arc #11 [5][6]: 622
	arc #12 [21][20]: 627
	arc #13 [6][7]: 593
	arc #14 [22][21]: 622
	arc #15 [7][8]: 592
	arc #16 [23][22]: 593
	arc #17 [8][9]: 597
	arc #18 [24][23]: 592
	arc #19 [9][10]: 596
	arc #20 [25][24]: 597
	arc #21 [10][11]: 594
	arc #22 [26][25]: 596
	arc #23 [11][12]: 620
	arc #24 [27][26]: 594
	arc #25 [12][13]: 627
	arc #26 [28][27]: 620
	arc #27 [13][14]: 596
	arc #28 [29][28]: 627
	arc #29 [14][15]: 621
	arc #30 [30][29]: 596
	arc #31 [31][30]: 621
	arc #32 [15][31]: 398
	arc #33 [31][15]: 398

demands...
	demands of vertex 0 at time interval: 7     7
	demands of vertex 1 at time interval: 7     7
	demands of vertex 2 at time interval: 7     7
	demands of vertex 3 at time interval: 7     7
	demands of vertex 4 at time interval: 7     7
	demands of vertex 5 at time interval: 0     0
	demands of vertex 6 at time interval: 7     7
	demands of vertex 7 at time interval: 0     0
	demands of vertex 8 at time interval: 7     7
	demands of vertex 9 at time interval: 7     7
	demands of vertex 10 at time interval: 7     7
	demands of vertex 11 at time interval: 0     0
	demands of vertex 12 at time interval: 7     7
	demands of vertex 13 at time interval: 7     7
	demands of vertex 14 at time interval: 7     7
	demands of vertex 15 at time interval: 0     0
	demands of vertex 16 at time interval: 0     0
	demands of vertex 17 at time interval: 7     7
	demands of vertex 18 at time interval: 7     7
	demands of vertex 19 at time interval: 7     7
	demands of vertex 20 at time interval: 7     7
	demands of vertex 21 at time interval: 0     0
	demands of vertex 22 at time interval: 7     7
	demands of vertex 23 at time interval: 0     0
	demands of vertex 24 at time interval: 7     7
	demands of vertex 25 at time interval: 7     7
	demands of vertex 26 at time interval: 7     7
	demands of vertex 27 at time interval: 0     0
	demands of vertex 28 at time interval: 7     7
	demands of vertex 29 at time interval: 7     7
	demands of vertex 30 at time interval: 7     7
	demands of vertex 31 at time interval: 7     7

maximum time = 46897
alpha = 68

>> Solving...
Version identifier: 20.1.0.0 | 2020-11-10 | 9bedb6d68
CPXPARAM_Threads                                 1
CPXPARAM_TimeLimit                               43200
Aggregator has done 485 substitutions...
Tried aggregator 6 times.
Aggregator has done 1024 substitutions...
MIP Presolve eliminated 161097 rows and 23532 columns.
MIP Presolve modified 390711 coefficients.
Aggregator did 1024 substitutions.
Reduced MIP has 457288 rows, 174737 columns, and 1111547 nonzeros.
Reduced MIP has 174224 binaries, 0 generals, 0 SOSs, and 0 indicators.
Presolve time = 71.94 sec. (22867.27 ticks)
Elapsed time = 83.83 sec. (10003.34 ticks) for 1% of probing (1499 vars fixed)
Probing fixed 1580 vars, tightened 1835 bounds.
Probing time = 152.68 sec. (18480.98 ticks)
Cover probing fixed 0 vars, tightened 657 bounds.
Tried aggregator 2 times.
MIP Presolve eliminated 241783 rows and 43963 columns.
MIP Presolve modified 25638 coefficients.
Aggregator did 83333 substitutions.
Reduced MIP has 132172 rows, 47441 columns, and 328366 nonzeros.
Reduced MIP has 46928 binaries, 0 generals, 0 SOSs, and 0 indicators.
Presolve time = 8.81 sec. (5223.26 ticks)
Probing time = 0.42 sec. (30.03 ticks)
Tried aggregator 1 time.
Detecting symmetries...
MIP Presolve modified 1431 coefficients.
Reduced MIP has 132172 rows, 47441 columns, and 328360 nonzeros.
Reduced MIP has 46928 binaries, 0 generals, 0 SOSs, and 0 indicators.
Presolve time = 8.86 sec. (10569.52 ticks)
Probing time = 0.39 sec. (29.44 ticks)
Clique table members: 209459.
MIP emphasis: balance optimality and feasibility.
MIP search method: dynamic search.
Parallel mode: none, using 1 thread.
Root relaxation solution time = 117.56 sec. (28983.44 ticks)

        Nodes                                         Cuts/
   Node  Left     Objective  IInf  Best Integer    Best Bound    ItCnt     Gap

      0     0    15165.0000 23279                  15165.0000    54387         
      0     0    16410.1605 23727                  Cuts: 7097    57687         
      0     0    16410.1605 23861                  Cuts: 3561    58292         
      0     0    18609.6978 23876                  Cuts: 2014    58933         
      0     0    18661.0185 24004                  Cuts: 1697    59458         
      0     0    18661.0185 24016                  Cuts: 1438    59986         

Repeating presolve.
Tried aggregator 1 time.
MIP Presolve eliminated 102600 rows and 41040 columns.
MIP Presolve modified 2626 coefficients.
Reduced MIP has 29572 rows, 6401 columns, and 82000 nonzeros.
Reduced MIP has 5888 binaries, 0 generals, 0 SOSs, and 0 indicators.
Presolve time = 1.27 sec. (621.53 ticks)
Probing time = 0.10 sec. (10.71 ticks)
Tried aggregator 1 time.
Detecting symmetries...
MIP Presolve modified 1324 coefficients.
Reduced MIP has 29572 rows, 6401 columns, and 82000 nonzeros.
Reduced MIP has 5888 binaries, 0 generals, 0 SOSs, and 0 indicators.
Presolve time = 0.58 sec. (209.50 ticks)
Represolve time = 2.74 sec. (881.78 ticks)
Probing time = 0.09 sec. (10.72 ticks)
Clique table members: 26539.
MIP emphasis: balance optimality and feasibility.
MIP search method: dynamic search.
Parallel mode: none, using 1 thread.
Root relaxation solution time = 4.31 sec. (1401.06 ticks)

        Nodes                                         Cuts/
   Node  Left     Objective  IInf  Best Integer    Best Bound    ItCnt     Gap

      0     0    18661.0185  3110                  18661.0185    69756         
      0     0    19190.0373  3201                  Cuts: 2518    71403         
      0     0    19190.4913  3122                  Cuts: 1332    72306         
      0     0    19312.6791  3217                  Cuts: 3751    79560         
      0     0    19667.5480  3369                  Cuts: 2401    81098         
      0     0    19723.5501  3460                  Cuts: 1607    81972         
      0     0    20644.9066  3212                  Cuts: 1818    82710         
      0     0    20683.4761  3399                  Cuts: 1513    83325         
      0     0    20683.4761  3410                  Cuts: 1462    83693         
      0     0    20683.4761  3113                   Cuts: 867    83965         
      0     0    20683.4761  3218                  Cuts: 1465    84537         
      0     2    20683.4761  3013                  21086.0544    84537         
Elapsed time = 1168.14 sec. (250162.71 ticks, tree = 0.01 MB, solutions = 0)
      2     4    26598.0000  2089                  26598.0000    88479         
      3     5    26598.0000  1891                  26598.0000    88951         
      4     6    35464.0000  1666                  26598.0000    94054         
      5     7    26598.0000  1322                  26598.0000    96576         
      6     8    30175.0000   949                  26598.0000    98194         
      7     9    26598.0000  1293                  26598.0000    98649         
      8    10    30175.0000   866                  26598.0000   100132         
     16    18    27172.0000   833                  26598.0000   101208         
     22    24    28337.0000   793                  26598.0000   102319         
     60    44    28366.0000   631                  26598.0000   103601         
Elapsed time = 1188.05 sec. (255301.51 ticks, tree = 0.37 MB, solutions = 0)
    104    68    28025.0000   708                  26598.0000   106341         
    149   109    31557.0000   430                  26598.0000   108206         
    212   142    39443.0000  1195                  26598.0000   111053         
    251   173    35634.0000   535                  26598.0000   114132         
    280   195    26888.0000   655                  26598.0000   115594         
    320   230    27932.0000   242                  26598.0000   118134         
    370   264    30787.0000   436                  26598.0000   120295         
    394   280    36737.0000  1091                  26666.0000   127922         
    434   311    27410.0000   582                  26666.0000   129772         
    479   346    27234.0000   517                  26683.0000   132344         
Elapsed time = 1226.17 sec. (265502.31 ticks, tree = 3.41 MB, solutions = 0)
    528   389    29493.0000   216                  26683.0000   134656         
    581   418    30036.0000   469                  26683.0000   137063         
    651   465    30206.0000   278                  26683.0000   138576         
    683   488    30813.0000   377                  26683.0000   140856         
    715   512    26859.0000   442                  26768.0000   144496         
    760   551    28164.0000   196                  26768.0000   146531         
    805   576    27665.0000   388                  26859.0000   148062         
    873   608    27290.0000   608                  26859.0000   149840         
    930   650    26938.0000   447                  26859.0000   151843         
    983   681    28302.0000   130                  26859.0000   154270         
Elapsed time = 1261.84 sec. (275212.15 ticks, tree = 6.86 MB, solutions = 0)
   1031   709    27756.0000   283                  26859.0000   155977         
   1096   755    28073.0000   258                  26859.0000   158142         
   1130   782    27097.0000   473                  26859.0000   161267         
   1195   817    31698.0000   233                  26859.0000   163474         
   1238   845    29453.0000   173                  26859.0000   165185         
   1280   879    28167.0000   289                  26859.0000   166915         
   1321   910    27551.0000   236                  26859.0000   170500         
   1355   935    27120.0000   285                  26859.0000   173963         
   1407   966    28598.0000   370                  26859.0000   176194         
   1459  1007    30957.0000   421                  26859.0000   178701         
Elapsed time = 1296.85 sec. (284931.91 ticks, tree = 10.15 MB, solutions = 0)

Performing restart 1

Repeating presolve.
Tried aggregator 1 time.
MIP Presolve eliminated 332 rows and 0 columns.
MIP Presolve modified 1134 coefficients.
Reduced MIP has 29240 rows, 6401 columns, and 81004 nonzeros.
Reduced MIP has 5888 binaries, 0 generals, 0 SOSs, and 0 indicators.
Presolve time = 0.35 sec. (196.02 ticks)
Tried aggregator 1 time.
Reduced MIP has 29240 rows, 6401 columns, and 81004 nonzeros.
Reduced MIP has 5888 binaries, 0 generals, 0 SOSs, and 0 indicators.
Presolve time = 0.51 sec. (208.18 ticks)
Represolve time = 2.26 sec. (570.30 ticks)
   1476     0    21360.4034  3231                  Cuts: 6726   192565         
   1476     0    21468.7761  3291                  Cuts: 5460   198508         
   1476     0    22280.3355  2887                  Cuts: 2933   200723         
   1476     0    25269.9145  2467                  Cuts: 4660   202632         
   1476     0    25488.8063  2498                  Cuts: 3574   203556         
   1476     0    25807.5194  2803                  Cuts: 1892   204887         
   1476     0    25810.2378  2817                  Cuts: 4169   205707         
   1476     0    25812.1917  2632                  Cuts: 1042   206257         
   1476     0    25812.1917  2772                  Cuts: 2133   206993         
   1476     0    25812.1917  2654                   Cuts: 515   207537         
   1476     0    25812.1917  2871                  Cuts: 2944   208491         
   1476     2    25812.1917  2548                  26859.0000   208492         
   1479     5    26598.0000  2058                  26859.0000   214930         
   1480     6    35464.0000  1832                  26859.0000   219715         
   1481     7    26598.0000  1902                  26859.0000   221197         
   1486    12    26859.0000  1160                  26859.0000   224015         
   1490    16    26859.0000   229                  26859.0000   226362         
   1491    17    27245.0570  1151                  26859.0000   228786         
   1506    31    27205.0000   286                  26859.0000   230075         
   1531    50    30412.0000   241                  26859.0000   231199         
   1557    65    26859.0000  1137                  26859.0000   232447         
Elapsed time = 1487.56 sec. (384724.16 ticks, tree = 0.69 MB, solutions = 0)
   1563    69    26859.0000   982                  26859.0000   235057         
   1576    82    31510.0000   302                  26859.0000   237232         
   1602   106    31856.0000   104                  26859.0000   237664         
   1620   116    35464.0000  1420                  26859.0000   241069         
   1624   120    36440.0000   926                  26859.0000   243030         
   1652   144    38934.0000   181                  26859.0000   244654         
   1671   150    26598.0000  2049                  26859.0000   248426         
   1687   160    41436.0000   194                  26859.0000   253909         
   1700   164    26598.0000  1941                  26859.0000   254348         
   1711   171    26683.0000   706                  26859.0000   259020         
Elapsed time = 1519.42 sec. (396188.49 ticks, tree = 1.66 MB, solutions = 0)
   1736   190    27812.0000   280                  26859.0000   261757         
   1755   201    26598.0000  1870                  26859.0000   262659         
   1757   203    37515.0000  1329                  26859.0000   265688         
   1775   217    26751.0000  1614                  26859.0000   271640         
   1792   226    26683.0000  1729                  26859.0000   278338         
   1818   245    26718.0000   871                  26859.0000   281992         
   1823   246    26859.0000   790                  26859.0000   284500         
   1845   253    26683.0000  1753                  26859.0000   287238         
   1873   265    26683.0000  1802                  26859.0000   292063         
   1884   274    30265.0000  1078                  26859.0000   299427         
Elapsed time = 1563.68 sec. (410531.60 ticks, tree = 2.47 MB, solutions = 0)
   1907   295    27460.0000   189                  26859.0000   303710         
   1945   317    36048.0000   370                  26859.0000   307926         
   1980   332    26683.0000  1599                  26859.0000   313216         
   1996   346    27290.0000   434                  26859.0000   317492         
   2012   355    26683.0000  1445                  26859.0000   318584         
   2035   373    26683.0000  1510                  26859.0000   324199         
   2076   412    30311.0000   231                  26859.0000   326319         
   2099   423    41527.0000   325                  26859.0000   330638         
   2132   438    infeasible                        26859.0000   333848         
   2133   439    26683.0000  1255                  26859.0000   337292         
Elapsed time = 1603.45 sec. (422903.72 ticks, tree = 4.09 MB, solutions = 0)
   2153   453    35549.0000   292                  26859.0000   340596         
   2181   466    27290.0000   685                  26859.0000   342595         
   2202   475    26859.0000  1441                  26859.0000   346982         
   2236   495    26751.0000   728                  26859.0000   349682         
   2266   510    26768.0000   763                  26859.0000   353239         
   2307   529    30359.7360  1175                  26859.0000   357348         
   2330   543    26768.0000  1359                  26859.0000   360311         
   2370   560    26756.8236  1288                  26859.0000   363876         
   2400   588    27897.0000   225                  26859.0000   367126         
   2438   608    36696.0000   166                  26859.0000   369153         
Elapsed time = 1641.23 sec. (434211.97 ticks, tree = 5.75 MB, solutions = 0)

Performing restart 2

Repeating presolve.
Tried aggregator 2 times.
MIP Presolve eliminated 174 rows and 24 columns.
MIP Presolve modified 3986 coefficients.
Aggregator did 24 substitutions.
Reduced MIP has 29042 rows, 6353 columns, and 90311 nonzeros.
Reduced MIP has 5840 binaries, 0 generals, 0 SOSs, and 0 indicators.
Presolve time = 0.58 sec. (312.59 ticks)
Tried aggregator 1 time.
Reduced MIP has 29042 rows, 6353 columns, and 90311 nonzeros.
Reduced MIP has 5840 binaries, 0 generals, 0 SOSs, and 0 indicators.
Presolve time = 0.53 sec. (224.99 ticks)
Represolve time = 2.86 sec. (728.95 ticks)
   2460     0    25826.8886  3444                  Cuts: 6976   384109         
   2460     0    25851.6602  2789                  Cuts: 1743   385698         
   2460     0    25973.0518  2680                  Cuts: 3399   386840         
   2460     0    25989.6964  2775                  Cuts: 3529   387670         
   2460     0    25989.6964  2571                  Cuts: 1169   388336         
   2460     0    25994.2324  2865                  Cuts: 1753   389289         
   2460     0    25994.2324  2898                  Cuts: 1111   389733         
   2460     0    25994.2324  2910                   Cuts: 625   390070         
   2460     0    25994.2324  2903                  Cuts: 1259   390336         
   2460     2    25994.2324  2900                  26859.0000   390336         
   2461     3    26598.0000  1559                  26859.0000   394234         
   2462     4    26598.0000  1888                  26859.0000   399292         
   2463     5    26598.0000  1484                  26859.0000   399621         
   2464     6    26598.0000  1363                  26859.0000   399727         
   2465     7    27735.0000   621                  26859.0000   400526         
   2466     8    26598.0000  1314                  26859.0000   401340         
   2467     9    26598.0000  1400                  26859.0000   402160         
   2468    10    26859.0000  1234                  26859.0000   402188         
   2470    12    26598.0000  1365                  26859.0000   402516         
Elapsed time = 1988.27 sec. (541303.49 ticks, tree = 0.08 MB, solutions = 0)
   2472    14    26859.0000  1094                  26859.0000   405233         
   2475    17    39572.2537  1084                  26859.0000   407998         
   2478    20    26944.0000   891                  26859.0000   408603         
   2482    24    27120.0000   467                  26859.0000   410509         
   2491    33    27495.0000   365                  26859.0000   412078         
   2505    41    26859.0000  1345                  26859.0000   413061         
   2509    45    26859.0000   821                  26859.0000   413979         
   2516    52    27120.0000   254                  26859.0000   415268         
   2528    59    26598.0000  1533                  26859.0000   423872         
   2530    61    26598.0000  1913                  26859.0000   431114         
Elapsed time = 2174.67 sec. (584472.74 ticks, tree = 2.12 MB, solutions = 0)
   2533    64    26859.0000  1283                  26859.0000   434987         
   2538    69    26859.0000   897                  26859.0000   437312         
   2542    73    27120.0000   762                  26859.0000   437785         
   2548    79    27642.0000   354                  26859.0000   438812         
   2563    87    41266.0000   342                  26859.0000   441438         
   2578    95    27381.0000   151                  26859.0000   442653         
   2594   105    27205.0000   346                  26859.0000   443440         
   2606   117    28915.0000   177                  26859.0000   444318         
   2620   125    27671.0000    92                  26859.0000   445098         
   2637   135    27642.0000   313                  26859.0000   446411         
Elapsed time = 2437.92 sec. (626201.97 ticks, tree = 2.86 MB, solutions = 0)
   2654   145    27642.0000   118                  26859.0000   447282         
   2670   150    39809.7065   928                  26859.0000   449248         
   2678   155    41527.0000   292                  26859.0000   449817         
   2691   161    28393.0000   586                  26859.0000   450934         
   2704   174    29437.0000   114                  26859.0000   451786         
   2715   178    28913.0000   486                  26859.0000   453241         
   2719   182    29089.0000   567                  26859.0000   453716         
   2726   185    37606.0697   897                  26859.0000   457147         
   2733   188    26859.0000  1282                  26859.0000   460382         
   2738   191    27120.0000   789                  26859.0000   461540         
Elapsed time = 2658.59 sec. (667533.00 ticks, tree = 3.40 MB, solutions = 0)
   2748   196    36495.7028  1060                  26859.0000   464816         
   2757   200    41873.0000   286                  26859.0000   467946         
   2762   202    27120.0000   674                  26859.0000   472407         
   2770   208    27381.0000   386                  26859.0000   473183         
   2780   214    36717.2683  1120                  26859.0000   476887         
   2786   220    41442.0000   433                  26859.0000   478460         
   2809   239    37540.3615   823                  26859.0000   482031         
   2817   241    27205.0000   725                  26859.0000   485160         
   2819   243    27205.0000   673                  26859.0000   485178         
   2846   266    26859.0000  1642                  26859.0000   488125         
Elapsed time = 2916.21 sec. (715014.13 ticks, tree = 4.15 MB, solutions = 0)
   2850   270    26859.0000   816                  26859.0000   492271         
   2866   281    27120.0000   571                  26859.0000   493734         
   2874   289    27381.0000   177                  26859.0000   494411         
   2900   310    30012.0000    37                  26859.0000   494998         
   2911   317    27375.0000   786                  26859.0000   496289         
   2917   323    27812.0000   585                  26859.0000   496465         
   2926   326    41703.0000   286                  26859.0000   497880         
   2932   328    26859.0000  1041                  26859.0000   499532         
   2954   343    26944.0000   326                  26859.0000   500648         
   2982   362    28563.0000    79                  26859.0000   502155         
Elapsed time = 3121.96 sec. (756540.34 ticks, tree = 5.10 MB, solutions = 0)
   2997   369    26943.9999   795                  26859.0000   503301         
   3004   375    27551.0000   596                  26859.0000   503945         
   3012   379    41442.0000   307                  26859.0000   505225         
   3023   386    26859.0000  2167                  26859.0000   510070         
   3027   390    28041.0000   756                  26859.0000   511517         
   3030   393    28217.0000   643                  26859.0000   511750         
   3034   397    28739.0000   613                  26859.0000   512134         
   3039   399    29000.0000   104                  26859.0000   512521         
   3043   399    26859.0000  1691                  26859.0000   513365         
   3047   403    28132.0000   697                  26859.0000   514103         
Elapsed time = 3303.15 sec. (801072.94 ticks, tree = 5.50 MB, solutions = 0)
   3055   407    41442.0000   184                  26859.0000   516129         
   3073   418    26859.0000  1687                  26859.0000   516551         
   3077   422    28739.0000   676                  26859.0000   516889         
   3081   426    29176.0000   637                  26859.0000   517204         
   3086   431    29698.0000   602                  26859.0000   517454         
   3091   432    41442.0000   234                  26943.9999   518945         
   3101   442    41964.0000    88                  26943.9999   519417         
   3122   459    41964.0000    32                  26943.9999   519820         
   3135   464    28808.0000   164                  26944.0000   521184         
   3144   469    27380.9999   656                  26944.0000   521924         
Elapsed time = 3498.04 sec. (843850.98 ticks, tree = 6.20 MB, solutions = 0)
   3152   475    28914.9999   117                  26944.0000   522449         
   3178   486    27205.0000   278                  26944.0000   523839         
   3197   494    27205.0000   839                  26944.0000   525554         
   3202   499    28739.0000   678                  26944.0000   525800         
   3211   504    27381.0000   746                  26944.0000   527215         
   3219   508    infeasible                        26944.0000   528079         
   3223   512    27120.0000   510                  26944.0000   529488         
   3226   515    27120.0000   555                  26944.0000   529687         
   3233   518    26944.0000  1012                  26944.0000   530308         
   3242   525    infeasible                        26944.0000   531049         
Elapsed time = 3689.81 sec. (885912.12 ticks, tree = 6.78 MB, solutions = 0)
   3254   530    27466.0000   889                  26944.0000   531989         
   3271   542    infeasible                        26944.0000   532693         
   3276   543    27120.0000  1086                  27028.9999   536035         
   3281   548    27381.0000   573                  27028.9999   536865         
   3284   551    28645.4561   508                  27028.9999   537137         
   3298   565    33078.0000    39                  27028.9999   537774         
   3326   587    27465.9999   617                  27029.0000   539091         
   3330   591    28999.9999   475                  27029.0000   539378         
   3336   593    27029.0000   311                  27029.0000   540154         
   3339   596    27029.0000   803                  27029.0000   540510         
Elapsed time = 3814.86 sec. (930369.11 ticks, tree = 7.50 MB, solutions = 0)
   3343   600    27466.0000   677                  27029.0000   540714         
   3347   604    27460.0000   638                  27029.0000   541266         
   3354   605    27727.0000   282                  27029.0000   542310         
   3370   611    27114.0000   330                  27029.0000   543363         
   3384   618    27466.0000   658                  27029.0000   545128         
   3390   620    infeasible                        27029.0000   545669         
   3395   625    27466.0000   870                  27029.0000   546226         
   3398   626    infeasible                        27029.0000   546403         
   3403   629    27375.0000   597                  27029.0000   546800         
   3410   630    infeasible                        27029.0000   547106         
Elapsed time = 3898.37 sec. (973531.71 ticks, tree = 7.83 MB, solutions = 0)
   3416   635    28563.0000   571                  27114.0000   547422         
   3428   641    27466.0000   232                  27119.9999   548739         
   3442   647    28392.9999   497                  27119.9999   549505         
   3453   656    28915.0000   125                  27119.9999   550123         
   3471   662    27205.0000   705                  27120.0000   550902         
   3479   668    27812.0000   284                  27120.0000   551530         
   3487   672    27381.0000   383                  27120.0000   552381         
   3501   674    27381.0000   254                  27120.0000   553581         
   3515   677    27120.0000   375                  27120.0000   554832         
   3541   693    27642.0000   189                  27120.0000   555943         
Elapsed time = 3977.19 sec. (1014023.50 ticks, tree = 8.46 MB, solutions = 0)
   3559   706    27642.0000   164                  27120.0000   557710         
   3576   720    28654.0000    68                  27120.0000   558625         
   3606   742    29000.0000   140                  27120.0000   559520         
   3610   746    29000.0000   177                  27120.0000   559653         
   3615   747    27381.0000   213                  27120.0000   559883         
   3632   759    28217.0000   254                  27120.0000   561031         
   3657   776    infeasible                        27120.0000   561710         
   3676   793    28164.6031   130                  27120.0000   562493         
   3688   798    27466.0000   131                  27120.0000   562953         
   3745   855    32042.0000    30                  27120.0000   564288         
Elapsed time = 4045.39 sec. (1053034.14 ticks, tree = 10.13 MB, solutions = 0)
*  3749   692      integral     0    32480.0000    27120.0000   564340   16.50%
*  3750+  681                        32042.0000    27120.0000            15.36%
   3765   696    28915.0000   121    32042.0000    27120.0000   565090   15.36%
   3775   706    29176.0000    82    32042.0000    27120.0000   565484   15.36%
   3785   714    29927.0000    89    32042.0000    27120.0000   565971   15.36%
   3798   719    27120.0000   229    32042.0000    27120.0000   566698   15.36%
   3810   728    28393.0000   171    32042.0000    27120.0000   567380   15.36%
   3831   747    30273.0000    26    32042.0000    27120.0000   567888   15.36%
   3841   754    28654.0000   123    32042.0000    27120.0000   568539   15.36%
   3850   761    28654.0000   122    32042.0000    27120.0000   568816   15.36%
   3872   773    27120.0000   591    32042.0000    27120.0000   569811   15.36%
   3877   778    27290.0000   308    32042.0000    27120.0000   570227   15.36%
Elapsed time = 4149.83 sec. (1093507.04 ticks, tree = 8.91 MB, solutions = 2)
   3888   788    30619.0000   110    32042.0000    27120.0000   571145   15.36%
   3902   798    29093.0000   148    32042.0000    27120.0000   572065   15.36%
   3930   820    29450.0000    98    32042.0000    27120.0000   573183   15.36%
   3967   847    28654.0000   128    32042.0000    27120.0000   574294   15.36%
   3979   853    27871.0000   346    32042.0000    27120.0000   574771   15.36%
   3996   863    infeasible          32042.0000    27120.0000   576015   15.36%
   4009   868    infeasible          32042.0000    27120.0000   577190   15.36%
   4015   874    27381.0000   153    32042.0000    27120.0000   577995   15.36%
   4018   875    27423.5000   328    32042.0000    27120.0000   578153   15.36%
   4027   878    27871.0000   157    32042.0000    27120.0000   578875   15.36%
Elapsed time = 4246.08 sec. (1133700.17 ticks, tree = 9.99 MB, solutions = 2)
   4037   886    28654.0000   136    32042.0000    27120.0000   579350   15.36%
   4050   893    27205.0000   337    32042.0000    27120.0000   579944   15.36%
   4063   902    27381.0000   254    32042.0000    27120.0000   580889   15.36%
   4078   912    27642.0000   266    32042.0000    27120.0000   581664   15.36%
   4096   922    29000.0000    82    32042.0000    27120.0000   582284   15.36%
   4107   927    28859.3094   411    32042.0000    27120.0000   583416   15.36%
   4123   940    27120.0000   418    32042.0000    27120.0000   583901   15.36%
   4129   945    27642.0000   183    32042.0000    27120.0000   584316   15.36%
   4137   947    27466.0000   138    32042.0000    27120.0000   584959   15.36%
   4141   950    27727.0000   215    32042.0000    27120.0000   585198   15.36%
Elapsed time = 4346.81 sec. (1173434.65 ticks, tree = 10.50 MB, solutions = 2)
   4143   952    27727.0000   238    32042.0000    27120.0000   585431   15.36%
   4149   957    28915.0000    69    32042.0000    27120.0000   585718   15.36%
   4160   965    29698.0000    46    32042.0000    27120.0000   585935   15.36%
   4170   968    27381.0000   168    32042.0000    27120.0000   587144   15.36%
   4175   973    27727.0000   193    32042.0000    27120.0000   587387   15.36%
   4181   979    28824.5140   123    32042.0000    27120.0000   587566   15.36%
   4189   983    27120.0000   280    32042.0000    27120.0000   587993   15.36%
   4194   988    27466.0000   133    32042.0000    27120.0000   588231   15.36%
   4201   995    29176.0000    66    32042.0000    27120.0000   588506   15.36%
   4208  1000    29176.6031   101    32042.0000    27120.0000   588734   15.36%
Elapsed time = 4438.95 sec. (1215959.92 ticks, tree = 10.78 MB, solutions = 2)
   4216  1004    27642.0000   116    32042.0000    27120.0000   589069   15.36%
   4229  1009    infeasible          32042.0000    27120.0000   589632   15.36%
   4236  1016    27466.6408   281    32042.0000    27120.0000   590371   15.36%
   4238  1016    27466.6408   271    32042.0000    27120.0000   590389   15.36%
   4241  1019    27727.6408   209    32042.0000    27120.0000   590587   15.36%
   4244  1021    27903.0000   151    32042.0000    27120.0000   590653   15.36%
   4248  1021    infeasible          32042.0000    27120.0000   590758   15.36%
   4256  1025    infeasible          32042.0000    27120.0000   591866   15.36%
   4269  1030    28073.0000   223    32042.0000    27120.0000   592917   15.36%
   4289  1043    28478.0000    76    32042.0000    27120.0000   593595   15.36%
Elapsed time = 4527.04 sec. (1258605.82 ticks, tree = 11.27 MB, solutions = 2)
   4306  1056    27727.0000   217    32042.0000    27120.0000   594328   15.36%
   4317  1061    27871.0000   157    32042.0000    27120.0000   595031   15.36%
   4330  1074    29261.0000   112    32042.0000    27120.0000   595339   15.36%
   4343  1082    31135.0000    54    32042.0000    27120.0000   595580   15.36%
   4355  1088    27381.0000   235    32042.0000    27120.0000   596537   15.36%
   4364  1093    27642.0000   273    32042.0000    27120.0000   597235   15.36%
   4370  1099    27812.0000   256    32042.0000    27120.0000   597856   15.36%
   4378  1107    29346.0000   166    32042.0000    27120.0000   598193   15.36%
   4380  1109    29522.0000   257    32042.0000    27120.0000   598440   15.36%
   4382  1109    29522.0000   235    32042.0000    27120.0000   598530   15.36%
Elapsed time = 4624.93 sec. (1301811.19 ticks, tree = 11.96 MB, solutions = 2)
   4389  1113    30971.0000   105    32042.0000    27120.0000   598747   15.36%
   4397  1115    infeasible          32042.0000    27120.0000   599595   15.36%
   4405  1117    27120.0000   379    32042.0000    27120.0000   600044   15.36%
   4414  1126    27988.0000   168    32042.0000    27120.0000   600303   15.36%
   4427  1135    27903.0000    39    32042.0000    27120.0000   600732   15.36%
   4443  1149    29323.0000    27    32042.0000    27120.0000   600978   15.36%
   4452  1150    infeasible          32042.0000    27120.0000   601413   15.36%
   4461  1155    infeasible          32042.0000    27120.0000   601953   15.36%
   4469  1160    27381.0000   408    32042.0000    27120.0000   602670   15.36%
   4477  1164    27642.0000   230    32042.0000    27120.0000   603154   15.36%
Elapsed time = 4723.69 sec. (1343211.51 ticks, tree = 12.52 MB, solutions = 2)
   4489  1168    27381.0000   337    32042.0000    27120.0000   604123   15.36%
   4496  1175    28824.0000   209    32042.0000    27120.0000   604593   15.36%
   4502  1177    29346.0000   102    32042.0000    27120.0000   604801   15.36%
   4509  1182    27642.0000   254    32042.0000    27120.0000   605471   15.36%
   4516  1183    27120.0000   395    32042.0000    27120.0000   606016   15.36%
   4526  1189    infeasible          32042.0000    27120.0000   606431   15.36%
   4535  1196    27727.0000   308    32042.0000    27120.0000   606886   15.36%
   4543  1200    27642.0000   330    32042.0000    27120.0000   607349   15.36%
   4558  1211    27381.0000   111    32042.0000    27120.0000   608106   15.36%
   4568  1219    28404.1149   127    32042.0000    27120.0000   608354   15.36%
Elapsed time = 4818.40 sec. (1384030.97 ticks, tree = 13.09 MB, solutions = 2)
   4575  1223    29437.0000    75    32042.0000    27120.0000   608700   15.36%
   4585  1225    27290.0000   299    32042.0000    27120.0000   610409   15.36%
   4595  1227    28419.0000   262    32042.0000    27120.0000   610809   15.36%
   4604  1234    27642.0000   192    32042.0000    27120.0000   611224   15.36%
   4616  1241    28478.0000   174    32042.0000    27120.0000   612211   15.36%
   4625  1247    28915.0000   159    32042.0000    27120.0000   612751   15.36%
   4637  1254    infeasible          32042.0000    27120.0000   613033   15.36%
   4645  1260    infeasible          32042.0000    27120.0000   614135   15.36%
   4655  1264    27120.0000   283    32042.0000    27120.0000   615122   15.36%
   4665  1266    27120.0000   258    32042.0000    27120.0000   615641   15.36%
Elapsed time = 4922.26 sec. (1423372.70 ticks, tree = 13.58 MB, solutions = 2)
   4675  1271    infeasible          32042.0000    27120.0000   615905   15.36%
   4683  1279    27988.0000   112    32042.0000    27120.0000   616127   15.36%
   4691  1285    29606.9999   140    32042.0000    27120.0000   616342   15.36%
   4702  1290    29405.0000   114    32042.0000    27120.0000   616694   15.36%
   4706  1289    infeasible          32042.0000    27120.0000   616746   15.36%
   4715  1293    27466.0000   175    32042.0000    27120.0000   617206   15.36%
   4721  1293    infeasible          32042.0000    27120.0000   617634   15.36%
   4730  1300    27871.0000   155    32042.0000    27120.0000   618148   15.36%
   4733  1302    27871.0000   149    32042.0000    27120.0000   618226   15.36%
   4740  1306    27551.0000   164    32042.0000    27120.0000   618546   15.36%
Elapsed time = 5013.33 sec. (1466087.05 ticks, tree = 13.97 MB, solutions = 2)
   4743  1308    27551.0000   168    32042.0000    27120.0000   618767   15.36%
   4750  1312    27466.0000   120    32042.0000    27120.0000   619155   15.36%
   4758  1317    infeasible          32042.0000    27120.0000   619626   15.36%
   4763  1320    29205.0000   117    32042.0000    27120.0000   619925   15.36%
   4773  1324    27381.0000   295    32042.0000    27120.0000   620578   15.36%
   4780  1331    27903.0000   219    32042.0000    27120.0000   621021   15.36%
   4786  1333    27381.0000   235    32042.0000    27120.0000   621516   15.36%
   4794  1337    28132.0000   360    32042.0000    27120.0000   623333   15.36%
   4805  1344    27642.0000   269    32042.0000    27120.0000   623962   15.36%
   4815  1342    27871.0000   342    32042.0000    27120.0000   625701   15.36%
Elapsed time = 5107.51 sec. (1506332.46 ticks, tree = 14.33 MB, solutions = 2)
   4827  1347    27381.0000   546    32042.0000    27120.0000   626675   15.36%
   4838  1358    28654.0000    43    32042.0000    27120.0000   627566   15.36%
   4851  1368    30534.0000    54    32042.0000    27120.0000   628065   15.36%
   4859  1374    27381.0000   170    32042.0000    27120.0000   628747   15.36%
   4871  1385    28393.0000    70    32042.0000    27120.0000   629310   15.36%
   4881  1391    30212.1185    89    32042.0000    27120.0000   629735   15.36%
   4892  1398    28132.0000   151    32042.0000    27120.0000   630690   15.36%
   4902  1396    27871.0000   370    32042.0000    27120.0000   632633   15.36%
   4914  1404    27466.0000   377    32042.0000    27120.0000   633617   15.36%
   4923  1413    27727.0000   182    32042.0000    27120.0000   634020   15.36%
Elapsed time = 5159.29 sec. (1547381.21 ticks, tree = 15.09 MB, solutions = 2)
   4931  1421    28073.0000   112    32042.0000    27120.0000   634411   15.36%
   4936  1422    27205.0000   499    32042.0000    27120.0000   635187   15.36%
   4948  1432    28915.0000   108    32042.0000    27120.0000   636015   15.36%
   4957  1435    27642.0000   307    32042.0000    27127.3095   636511   15.34%
   4969  1445    29176.0000   158    32042.0000    27127.3095   637232   15.34%
   4981  1445    infeasible          32042.0000    27204.9999   637553   15.10%
   4990  1446    infeasible          32042.0000    27205.0000   638856   15.10%
   5001  1457    28478.0000   127    32042.0000    27205.0000   639366   15.10%
   5018  1461    27381.0000   297    32042.0000    27205.0000   640198   15.10%
   5035  1467    infeasible          32042.0000    27205.0000   641378   15.10%
Elapsed time = 5253.42 sec. (1588197.06 ticks, tree = 15.66 MB, solutions = 2)
   5043  1470    infeasible          32042.0000    27205.0000   641776   15.10%
   5061  1478    infeasible          32042.0000    27205.0000   642613   15.10%
   5077  1484    infeasible          32042.0000    27205.0000   643410   15.10%
   5094  1490    28563.0000   148    32042.0000    27205.0000   644235   15.10%
   5110  1501    28590.0000    92    32042.0000    27205.0000   644922   15.10%
   5117  1508    29695.0000    79    32042.0000    27205.0000   645109   15.10%
   5128  1517    30736.0000    59    32042.0000    27205.0000   645304   15.10%
   5145  1525    27727.0000   104    32042.0000    27205.0000   645977   15.10%
   5156  1534    28425.0000    99    32042.0000    27205.0000   646458   15.10%
   5171  1543    infeasible          32042.0000    27205.0000   647313   15.10%
Elapsed time = 5437.77 sec. (1629500.50 ticks, tree = 16.46 MB, solutions = 2)
   5183  1549    27727.0000   111    32042.0000    27205.0000   647939   15.10%
   5203  1562    30188.0000   130    32042.0000    27205.0000   648758   15.10%
   5215  1569    27956.0000   108    32042.0000    27205.0000   649145   15.10%
   5230  1577    27205.0000   343    32042.0000    27205.0000   649717   15.10%
   5259  1592    infeasible          32042.0000    27205.0000   650722   15.10%
   5270  1602    29927.0000    61    32042.0000    27205.0000   651289   15.10%
   5281  1609    27466.0000   279    32042.0000    27205.0000   651627   15.10%
   5293  1619    infeasible          32042.0000    27205.0000   652424   15.10%
   5303  1627    29431.0000   147    32042.0000    27205.0000   653170   15.10%
   5311  1631    27290.0000   368    32042.0000    27205.0000   653661   15.10%
Elapsed time = 5639.41 sec. (1669630.14 ticks, tree = 17.37 MB, solutions = 2)
   5323  1643    29431.0000   145    32042.0000    27205.0000   654213   15.10%
   5335  1650    29000.0000   167    32042.0000    27205.0000   655151   15.10%
   5343  1654    29783.0000   140    32042.0000    27205.0000   655361   15.10%
   5358  1667    29698.0000   134    32042.0000    27205.0000   656262   15.10%
   5366  1672    infeasible          32042.0000    27205.0000   656730   15.10%
   5374  1676    30220.0000   129    32042.0000    27205.0000   656970   15.10%
   5385  1681    28478.0000   238    32042.0000    27205.0000   657288   15.10%
   5395  1683    27642.0000   204    32042.0000    27205.0000   658247   15.10%
   5409  1693    28302.0000   227    32042.0000    27205.0000   658928   15.10%
   5425  1705    27381.0000   455    32042.0000    27205.0000   660326   15.10%
Elapsed time = 5805.36 sec. (1709290.09 ticks, tree = 18.15 MB, solutions = 2)
   5444  1716    27381.0000   277    32042.0000    27205.0000   661067   15.10%
   5457  1729    29261.0000   159    32042.0000    27205.0000   661806   15.10%
   5466  1738    30310.0000    74    32042.0000    27205.0000   661993   15.10%
   5483  1743    28132.0000   203    32042.0000    27205.0000   662798   15.10%
   5493  1743    infeasible          32042.0000    27205.0000   663319   15.10%
   5506  1746    infeasible          32042.0000    27205.0000   664309   15.10%
   5520  1752    27381.0000   361    32042.0000    27205.0000   665450   15.10%
   5531  1751    27381.0000   307    32042.0000    27205.0000   666127   15.10%
   5544  1760    infeasible          32042.0000    27205.0000   666461   15.10%
   5558  1764    infeasible          32042.0000    27205.0000   667119   15.10%
Elapsed time = 5895.19 sec. (1749609.39 ticks, tree = 18.78 MB, solutions = 2)
   5568  1767    infeasible          32042.0000    27205.0000   667937   15.10%
   5584  1774    infeasible          32042.0000    27205.0000   670812   15.10%
   5605  1791    30012.0000    34    32042.0000    27205.0000   671608   15.10%
   5626  1806    28563.0000   325    32042.0000    27205.0000   672122   15.10%
   5639  1811    27290.0000   382    32042.0000    27205.0000   673332   15.10%
   5657  1823    infeasible          32042.0000    27205.0000   673968   15.10%
   5667  1829    infeasible          32042.0000    27205.0000   674995   15.10%
   5680  1840    28217.0000    79    32042.0000    27205.0000   675760   15.10%
   5704  1856    29176.0000   110    32042.0000    27205.0000   676843   15.10%
   5719  1865    28334.0000    99    32042.0000    27205.0000   677549   15.10%
Elapsed time = 6001.16 sec. (1790590.56 ticks, tree = 19.82 MB, solutions = 2)
   5733  1873    infeasible          32042.0000    27205.0000   678567   15.10%
   5748  1882    27812.0000   174    32042.0000    27205.0000   679400   15.10%
   5765  1887    infeasible          32042.0000    27205.0000   680236   15.10%
   5773  1887    infeasible          32042.0000    27205.0000   681491   15.10%
   5780  1894    28249.0000   155    32042.0000    27205.0000   682361   15.10%
   5787  1896    29170.0000   130    32042.0000    27205.0000   682596   15.10%
   5794  1900    28132.0000   172    32042.0000    27205.0000   683128   15.10%
   5814  1916    29346.0000    96    32042.0000    27205.0000   683827   15.10%
   5823  1919    27642.0000   220    32042.0000    27205.0000   684726   15.10%
   5833  1921    28132.0000   194    32042.0000    27205.0000   685487   15.10%
Elapsed time = 6101.57 sec. (1829976.97 ticks, tree = 20.40 MB, solutions = 2)
   5844  1927    infeasible          32042.0000    27205.0000   686269   15.10%
   5854  1932    27381.0000   419    32042.0000    27205.0000   687303   15.10%
   5862  1937    infeasible          32042.0000    27205.0000   687590   15.10%
   5873  1947    28654.0000   214    32042.0000    27205.0000   687916   15.10%
   5890  1955    28739.0000   144    32042.0000    27205.0000   688566   15.10%
   5900  1961    27642.0000   239    32042.0000    27205.0000   689214   15.10%
   5919  1973    infeasible          32042.0000    27205.0000   689628   15.10%
   5928  1980    27642.0000   190    32042.0000    27205.0000   689989   15.10%
   5937  1981    28393.0000   226    32042.0000    27205.0000   690682   15.10%
   5946  1986    28654.0000   149    32042.0000    27205.0000   691068   15.10%
Elapsed time = 6212.46 sec. (1871377.90 ticks, tree = 21.07 MB, solutions = 2)
   5960  1994    28073.0000   101    32042.0000    27205.0000   691787   15.10%
   5970  2000    27727.0000   103    32042.0000    27205.0000   692120   15.10%
   5985  2007    28823.9999   122    32042.0000    27205.0000   692539   15.10%
   5995  2009    27988.0000   118    32042.0000    27205.6408   692832   15.09%
   6001  2015    29347.2401    74    32042.0000    27205.6408   692991   15.09%
   6009  2017    28654.0000   252    32042.0000    27205.6408   693521   15.09%
   6019  2023    29607.0000    95    32042.0000    27205.6408   694002   15.09%
   6028  2025    27290.0000   283    32042.0000    27290.0000   694640   14.83%
   6039  2030    infeasible          32042.0000    27290.0000   695466   14.83%
   6052  2035    29000.0000   172    32042.0000    27290.0000   696018   14.83%
Elapsed time = 6320.78 sec. (1912277.85 ticks, tree = 21.57 MB, solutions = 2)
   6063  2040    27290.0000   300    32042.0000    27290.0000   696485   14.83%
   6074  2040    infeasible          32042.0000    27290.0000   697414   14.83%
   6084  2050    28914.9999   134    32042.0000    27290.0000   697795   14.83%
   6094  2053    infeasible          32042.0000    27290.0000   698492   14.83%
   6106  2061    28394.5852   165    32042.0000    27290.0000   699278   14.83%
   6116  2067    29000.0000   138    32042.0000    27290.0000   699662   14.83%
   6130  2072    27636.0000   253    32042.0000    27290.0000   700455   14.83%
   6138  2070    28393.0000   220    32042.0000    27290.0000   700925   14.83%
   6152  2075    infeasible          32042.0000    27290.0000   701653   14.83%
   6165  2078    infeasible          32042.0000    27290.0000   702550   14.83%
Elapsed time = 6434.94 sec. (1952647.38 ticks, tree = 22.12 MB, solutions = 2)
   6174  2081    29176.0000   195    32042.0000    27290.0000   702887   14.83%
   6186  2078    28914.9999   210    32042.0000    27375.0000   704081   14.57%
   6198  2082    infeasible          32042.0000    27375.0000   704545   14.57%
   6206  2078    infeasible          32042.0000    27375.0000   705817   14.57%
   6215  2077    27466.0000   343    32042.0000    27381.0000   706731   14.55%
   6227  2079    28654.0000   109    32042.0000    27381.0000   707645   14.55%
   6239  2081    28393.0000   196    32042.0000    27381.0000   708200   14.55%
   6247  2089    29490.0000    78    32042.0000    27381.0000   708636   14.55%
   6256  2088    27642.0000   186    32042.0000    27381.0000   709248   14.55%
   6269  2088    infeasible          32042.0000    27381.0000   709877   14.55%
Elapsed time = 6485.33 sec. (1993005.73 ticks, tree = 22.24 MB, solutions = 2)
   6284  2097    27551.0000   146    32042.0000    27381.0000   710557   14.55%
   6312  2111    27642.0000   253    32042.0000    27381.0000   711891   14.55%
   6324  2114    infeasible          32042.0000    27381.0000   712468   14.55%
   6336  2124    29144.0000    62    32042.0000    27381.0000   713297   14.55%
   6351  2129    27642.0000   297    32042.0000    27381.0000   714059   14.55%
   6367  2139    30012.0000   130    32042.0000    27381.0000   714841   14.55%
   6378  2143    infeasible          32042.0000    27381.0000   715387   14.55%
   6389  2146    27466.0000   228    32042.0000    27381.0000   716087   14.55%
   6401  2156    29836.0000    91    32042.0000    27381.0000   716764   14.55%
   6413  2157        cutoff          32042.0000    27381.0000   717074   14.55%
Elapsed time = 6620.52 sec. (2033217.06 ticks, tree = 22.96 MB, solutions = 2)
   6432  2167    27466.0000   139    32042.0000    27381.0000   718179   14.55%
   6457  2183    27381.0000   229    32042.0000    27381.0000   719273   14.55%
   6469  2187    27642.0000   264    32042.0000    27381.0000   720500   14.55%
   6487  2191    infeasible          32042.0000    27381.0000   721680   14.55%
   6502  2198    28771.0000    85    32042.0000    27381.0000   722277   14.55%
   6520  2210    28164.0000   121    32042.0000    27381.0000   723410   14.55%
   6539  2223    27466.0000   211    32042.0000    27381.0000   723948   14.55%
   6554  2232    27381.0000   235    32042.0000    27381.0000   724779   14.55%
   6573  2243    27381.0000   241    32042.0000    27381.0000   725454   14.55%
   6594  2264    30188.0000    64    32042.0000    27381.0000   726490   14.55%
Elapsed time = 6864.45 sec. (2072767.09 ticks, tree = 24.05 MB, solutions = 2)
   6623  2287    infeasible          32042.0000    27381.0000   727079   14.55%
   6645  2296    27381.0000   210    32042.0000    27381.0000   727562   14.55%
   6663  2309    27903.0000   112    32042.0000    27381.0000   728087   14.55%
   6684  2321    27642.5989   140    32042.0000    27381.0000   728919   14.55%
   6708  2345    29607.0000    50    32042.0000    27381.0000   729495   14.55%
   6722  2349    27466.0000   230    32042.0000    27381.0000   730105   14.55%
   6737  2359    28132.0000   180    32042.0000    27381.0000   730552   14.55%
   6747  2361    27466.0000   327    32042.0000    27381.0000   731181   14.55%
   6761  2363    27381.0000   294    32042.0000    27381.0000   732523   14.55%
   6778  2368    infeasible          32042.0000    27381.0000   733496   14.55%
Elapsed time = 7100.12 sec. (2112219.51 ticks, tree = 25.13 MB, solutions = 2)
   6792  2374    27642.0000   185    32042.0000    27381.0000   734400   14.55%
   6804  2376    infeasible          32042.0000    27381.0000   735582   14.55%
   6815  2377    27381.0000   394    32042.0000    27381.0000   736245   14.55%
   6819  2381    27903.0000   193    32042.0000    27381.0000   736601   14.55%
   6826  2386    27903.0000    78    32042.0000    27381.0000   736796   14.55%
   6841  2392    27466.0000   164    32042.0000    27381.0000   737557   14.55%
   6857  2399    28249.0000    83    32042.0000    27381.0000   738198   14.55%
   6875  2405    infeasible          32042.0000    27381.0000   738816   14.55%
   6888  2413    27903.0000   164    32042.0000    27381.0000   739741   14.55%
   6902  2420    27642.0000   126    32042.0000    27381.0000   740384   14.55%
Elapsed time = 7215.90 sec. (2152581.79 ticks, tree = 25.65 MB, solutions = 2)
   6933  2447    27903.0000   120    32042.0000    27381.0000   741375   14.55%
   6957  2466    27381.0000   234    32042.0000    27381.0000   742199   14.55%
   6975  2472    infeasible          32042.0000    27381.0000   743222   14.55%
   6997  2490    27381.0000   225    32042.0000    27381.0000   743927   14.55%
   7014  2495    27467.2401   210    32042.0000    27381.0000   744521   14.55%
   7030  2497    27381.0000   396    32042.0000    27381.0000   745628   14.55%
   7044  2504    28654.0000   160    32042.0000    27381.0000   746448   14.55%
   7057  2514    29000.0000    57    32042.0000    27381.0000   747133   14.55%
   7073  2515    27642.0000   185    32042.0000    27381.0000   748018   14.55%
   7087  2527    29229.0000    43    32042.0000    27381.0000   748454   14.55%
Elapsed time = 7424.35 sec. (2193201.12 ticks, tree = 26.78 MB, solutions = 2)
   7101  2530    infeasible          32042.0000    27381.0000   748948   14.55%
   7112  2537    28250.2401   105    32042.0000    27381.0000   749429   14.55%
   7125  2544    28132.0000   109    32042.0000    27381.0000   750069   14.55%
   7137  2556    30792.0000    46    32042.0000    27381.0000   750320   14.55%
   7149  2561    infeasible          32042.0000    27381.0000   750783   14.55%
   7162  2566    27871.0000   117    32042.0000    27381.0000   751413   14.55%
   7171  2573    29839.0000    57    32042.0000    27381.0000   751664   14.55%
   7182  2584    30446.0000    85    32042.0000    27381.0000   752081   14.55%
   7191  2591    30446.0000    24    32042.0000    27381.0000   752356   14.55%
   7207  2598    29751.0000    67    32042.0000    27381.0000   752841   14.55%
Elapsed time = 7610.33 sec. (2233305.50 ticks, tree = 27.53 MB, solutions = 2)
   7227  2608    28393.0000    72    32042.0000    27381.0000   753634   14.55%
   7242  2617    27642.0000    88    32042.0000    27381.0000   754047   14.55%
   7260  2625    28654.0000    85    32042.0000    27381.0000   754625   14.55%
   7275  2636    28915.0000   105    32042.0000    27381.0000   755439   14.55%
   7293  2640    27642.0000    85    32042.0000    27381.0000   756169   14.55%
   7302  2649    30097.0000   144    32042.0000    27381.0000   756791   14.55%
   7312  2659    30707.0000    65    32042.0000    27381.0000   757325   14.55%
   7324  2663        cutoff          32042.0000    27381.0000   758083   14.55%
   7336  2673    29927.0000    76    32042.0000    27381.0000   758559   14.55%
   7354  2686    29519.0000   110    32042.0000    27381.0000   759060   14.55%
Elapsed time = 7794.07 sec. (2273443.85 ticks, tree = 28.46 MB, solutions = 2)
   7369  2692    27381.0000   189    32042.0000    27381.0000   759568   14.55%
   7381  2702    29610.0000    77    32042.0000    27381.0000   759946   14.55%
   7398  2711    30182.0000    84    32042.0000    27381.0000   760525   14.55%
   7414  2719    27381.0000   183    32042.0000    27381.0000   761255   14.55%
   7428  2728    29321.1741    86    32042.0000    27381.0000   761854   14.55%
   7446  2738    28654.0000   121    32042.0000    27381.0000   762484   14.55%
   7459  2746    30883.0000    41    32042.0000    27381.0000   762875   14.55%
*  7460+ 2735                        31725.0000    27381.0000            13.69%
   7474  2745    28566.0000   104    31725.0000    27381.0000   763220   13.69%
   7489  2759    31203.0000    41    31725.0000    27381.0000   763532   13.69%
   7505  2767    28915.0000   142    31725.0000    27381.0000   763950   13.69%
Elapsed time = 7925.64 sec. (2313925.72 ticks, tree = 29.32 MB, solutions = 3)
   7521  2775    infeasible          31725.0000    27381.0000   764477   13.69%
   7545  2785    27871.0000    81    31725.0000    27381.0000   765424   13.69%
   7557  2793    29666.0000    58    31725.0000    27381.0000   765893   13.69%
   7568  2801    31415.0000    44    31725.0000    27381.0000   766163   13.69%
   7582  2813    29578.0000    68    31725.0000    27381.0000   766561   13.69%
   7597  2822    27642.0000   117    31725.0000    27381.0000   767139   13.69%
   7611  2830    30188.0000    62    31725.0000    27381.0000   767427   13.69%
   7623  2833    27871.0000   116    31725.0000    27381.0000   767938   13.69%
   7653  2855    29490.0000    56    31725.0000    27381.0000   768793   13.69%
   7669  2865    28654.0000   179    31725.0000    27381.0000   769324   13.69%
Elapsed time = 8118.92 sec. (2353048.56 ticks, tree = 30.36 MB, solutions = 3)
   7682  2878    30939.0000    45    31725.0000    27381.0000   769555   13.69%
   7701  2890    29410.4914   132    31725.0000    27381.0000   770223   13.69%
   7721  2902    27812.0000    95    31725.0000    27381.0000   771249   13.69%
   7727  2906    28655.9393   104    31725.0000    27381.0000   771546   13.69%
   7735  2909    27642.0000   121    31725.0000    27381.0000   772077   13.69%
   7755  2921    29751.0000    52    31725.0000    27381.0000   772727   13.69%
   7769  2925    29176.0000    62    31725.0000    27381.0000   773055   13.69%
   7782  2926    28249.0000   189    31725.0000    27381.0000   773956   13.69%
   7793  2934    30273.0000    84    31725.0000    27381.0000   774307   13.69%
   7814  2945    infeasible          31725.0000    27381.0000   774860   13.69%
Elapsed time = 8299.82 sec. (2392782.30 ticks, tree = 31.22 MB, solutions = 3)
   7834  2959    28132.0000    74    31725.0000    27381.0000   775450   13.69%
   7856  2970    27381.0000   106    31725.0000    27381.0000   776415   13.69%
   7876  2985    30393.0000    51    31725.0000    27381.0000   777029   13.69%
   7896  2999    28132.0000   114    31725.0000    27381.0000   777618   13.69%
   7913  3010    infeasible          31725.0000    27381.0000   778081   13.69%
   7925  3017    29667.6740    82    31725.0000    27381.0000   778975   13.69%
   7936  3026    30678.0000    26    31725.0000    27381.0000   779196   13.69%
   7943  3029    infeasible          31725.0000    27381.0000   779376   13.69%
   7969  3045    30622.0000    48    31725.0000    27381.0000   780106   13.69%
   7985  3052    27381.0000   219    31725.0000    27381.0000   780767   13.69%
Elapsed time = 8369.59 sec. (2432099.45 ticks, tree = 32.35 MB, solutions = 3)
   7992  3059    29261.0000   181    31725.0000    27381.0000   781649   13.69%
   8006  3068    28739.0000   202    31725.0000    27381.0000   782560   13.69%
   8019  3077    27642.0000   124    31725.0000    27381.0000   783002   13.69%
   8027  3081    infeasible          31725.0000    27381.0000   783330   13.69%
   8039  3087    27381.0000   167    31725.0000    27381.0000   783842   13.69%
   8046  3094    29176.0000    75    31725.0000    27381.0000   784116   13.69%
   8053  3097    30449.0000   117    31725.0000    27381.0000   784335   13.69%
   8060  3100    27381.0000   111    31725.0000    27381.0000   784682   13.69%
   8076  3114    28915.0000    99    31725.0000    27381.0000   785179   13.69%
   8081  3119    29088.0000    95    31725.0000    27381.0000   785233   13.69%
Elapsed time = 8409.56 sec. (2472629.69 ticks, tree = 33.05 MB, solutions = 3)
   8087  3125    29519.0000    76    31725.0000    27381.0000   785382   13.69%
   8099  3132    27642.0000   201    31725.0000    27381.0000   785848   13.69%
   8120  3141    infeasible          31725.0000    27381.0000   786843   13.69%
   8134  3147    27642.0000   219    31725.0000    27381.0000   787642   13.69%
   8150  3156    infeasible          31725.0000    27381.0000   788200   13.69%
   8162  3160    28658.1741    80    31725.0000    27381.0000   788677   13.69%
   8180  3170    infeasible          31725.0000    27381.0000   789907   13.69%
   8192  3175    27642.0000   197    31725.0000    27381.0000   790345   13.69%
   8202  3182    28654.0000   116    31725.0000    27381.0000   791009   13.69%
   8212  3189    28654.0000   220    31725.0000    27381.0000   791718   13.69%
Elapsed time = 8456.99 sec. (2512577.23 ticks, tree = 33.78 MB, solutions = 3)
   8224  3195    infeasible          31725.0000    27381.0000   792697   13.69%
   8239  3206    29927.0000    76    31725.0000    27381.0000   793465   13.69%
   8259  3221    28302.0000   108    31725.0000    27381.0000   794048   13.69%
   8282  3233    27381.0000   180    31725.0000    27381.0000   794818   13.69%
   8295  3245    29365.0000    87    31725.0000    27381.0000   795313   13.69%
   8308  3258    30678.0000    41    31725.0000    27381.0000   795628   13.69%
   8324  3270    31634.0000    18    31725.0000    27381.0000   796203   13.69%
   8343  3281    29261.0000    94    31725.0000    27381.0000   796807   13.69%
   8359  3286    28132.0000   218    31725.0000    27381.0000   797815   13.69%
   8369  3296    29176.0000    32    31725.0000    27381.0000   798199   13.69%
Elapsed time = 8586.25 sec. (2552350.81 ticks, tree = 34.94 MB, solutions = 3)
   8385  3303    infeasible          31725.0000    27381.0000   798714   13.69%
   8393  3301    infeasible          31725.0000    27381.0000   799632   13.69%
   8411  3309    28393.0000    88    31725.0000    27381.0000   801321   13.69%
   8422  3313    infeasible          31725.0000    27381.0000   801533   13.69%
   8441  3330    28915.0000    99    31725.0000    27381.0000   802166   13.69%
   8453  3334    infeasible          31725.0000    27381.0000   802511   13.69%
   8460  3340    28478.0000   182    31725.0000    27381.0000   802766   13.69%
   8468  3341    28654.0000   175    31725.0000    27381.0000   802889   13.69%
   8476  3345    29176.0000    84    31725.0000    27381.0000   803177   13.69%
   8482  3351    29956.0000    67    31725.0000    27381.0000   803350   13.69%
Elapsed time = 8764.72 sec. (2594446.13 ticks, tree = 35.53 MB, solutions = 3)
   8492  3357    28132.0000   122    31725.0000    27381.0000   803633   13.69%
   8510  3366    28132.0000    89    31725.0000    27381.0000   804248   13.69%
   8518  3368    28217.0000    73    31725.0000    27381.0000   804448   13.69%
   8524  3373    28651.1962    67    31725.0000    27381.0000   804611   13.69%
   8534  3373    27466.0000   116    31725.0000    27381.0000   804894   13.69%
   8551  3384    28393.0000   104    31725.0000    27381.0000   805646   13.69%
   8566  3394    28563.0000   123    31725.0000    27381.0000   806120   13.69%
   8572  3400    31719.0000    47    31725.0000    27381.0000   806434   13.69%
   8597  3409    28132.0000   100    31725.0000    27381.0000   807297   13.69%
   8624  3426    28654.0000   123    31725.0000    27381.0000   808046   13.69%
Elapsed time = 8906.91 sec. (2634984.04 ticks, tree = 36.34 MB, solutions = 3)
   8653  3439    infeasible          31725.0000    27381.0000   808829   13.69%
   8674  3446    infeasible          31725.0000    27381.0000   809617   13.69%
   8694  3455    29349.0000    74    31725.0000    27381.0000   810447   13.69%
   8710  3458    infeasible          31725.0000    27381.0000   811174   13.69%
   8724  3460    28132.0000   185    31725.0000    27381.0000   811987   13.69%
   8735  3471    29261.0000   100    31725.0000    27381.0000   812442   13.69%
   8743  3476    29261.0000    59    31725.0000    27381.0000   812555   13.69%
   8752  3483    30012.0000   208    31725.0000    27381.0000   813219   13.69%
   8761  3490    30188.5988   158    31725.0000    27381.0000   813523   13.69%
   8766  3494    30620.2400   130    31725.0000    27381.0000   813758   13.69%
Elapsed time = 9030.18 sec. (2675425.89 ticks, tree = 37.06 MB, solutions = 3)
   8777  3499    27642.0000   205    31725.0000    27381.0000   814283   13.69%
   8789  3507    27381.0000   189    31725.0000    27381.0000   814650   13.69%
   8799  3513    28136.1741   117    31725.0000    27381.0000   815141   13.69%
   8822  3528    27871.0000   100    31725.0000    27381.0000   816113   13.69%
   8834  3538    28915.0000   134    31725.0000    27381.0000   816471   13.69%
   8842  3542    infeasible          31725.0000    27381.0000   816615   13.69%
*  8860+ 3544                        31629.0000    27381.0000            13.43%
   8861  3547    29349.0000    63    31629.0000    27381.0000   817612   13.43%
   8875  3559    30133.0947    33    31629.0000    27381.0000   817723   13.43%
   8902  3568    27642.0000   242    31629.0000    27381.0000   819108   13.43%
   8914  3574    27642.0000   165    31629.0000    27381.0000   819828   13.43%
Elapsed time = 9175.95 sec. (2717294.30 ticks, tree = 37.90 MB, solutions = 4)
   8926  3586    28739.0000   125    31629.0000    27381.0000   820404   13.43%
   8940  3592    infeasible          31629.0000    27381.0000   821138   13.43%
   8953  3595    27988.0000   143    31629.0000    27381.0000   821865   13.43%
   8960  3600    29698.0000   137    31629.0000    27381.0000   822600   13.43%
   8977  3610    29437.0000    73    31629.0000    27381.0000   823362   13.43%
   8999  3626    28654.0000    67    31629.0000    27381.0000   824153   13.43%
   9017  3634    28132.0000   200    31629.0000    27381.0000   824989   13.43%
   9025  3636    infeasible          31629.0000    27381.0000   825392   13.43%
   9035  3641    28132.0000   271    31629.0000    27381.0000   826522   13.43%
   9045  3649    29490.0000    89    31629.0000    27381.0000   827085   13.43%
Elapsed time = 9359.22 sec. (2758967.48 ticks, tree = 38.69 MB, solutions = 4)
   9052  3656    30273.0000    55    31629.0000    27381.0000   827412   13.43%
   9060  3660    28132.0000   160    31629.0000    27381.0000   828059   13.43%
   9071  3669    infeasible          31629.0000    27381.0000   828445   13.43%
   9079  3677    30582.0000    65    31629.0000    27381.0000   828617   13.43%
   9102  3693    29437.0000    83    31629.0000    27381.0000   829408   13.43%
   9120  3704    29927.0000    89    31629.0000    27381.0000   830031   13.43%
   9138  3715    28132.0000   106    31629.0000    27381.0000   830392   13.43%
   9152  3726    31285.0000    99    31629.0000    27381.0000   831103   13.43%
   9169  3735    30188.0000    75    31629.0000    27381.0000   831722   13.43%
   9185  3743    29088.0000    86    31629.0000    27381.0000   832030   13.43%
Elapsed time = 9515.18 sec. (2799308.02 ticks, tree = 39.67 MB, solutions = 4)
   9195  3748        cutoff          31629.0000    27381.0000   832583   13.43%
   9210  3750    27642.0000   430    31629.0000    27381.0000   833542   13.43%
   9224  3754    infeasible          31629.0000    27381.0000   834402   13.43%
   9231  3759    27903.0000   160    31629.0000    27381.0000   835130   13.43%
   9245  3765    28915.0000   178    31629.0000    27381.0000   835947   13.43%
   9250  3770    30012.0000    91    31629.0000    27381.0000   836195   13.43%
   9265  3772    27642.0000   222    31629.0000    27381.0000   836734   13.43%
   9278  3778    infeasible          31629.0000    27381.0000   837451   13.43%
   9288  3786    28915.0000    61    31629.0000    27381.0000   838130   13.43%
   9296  3791    30188.0000    70    31629.0000    27381.0000   838418   13.43%
Elapsed time = 9651.81 sec. (2840585.69 ticks, tree = 40.19 MB, solutions = 4)
   9307  3796    27956.0000   153    31629.0000    27381.0000   838851   13.43%
   9318  3800    27642.0000   192    31629.0000    27381.0000   839441   13.43%
   9327  3803    infeasible          31629.0000    27381.0000   839775   13.43%
   9338  3804    27871.0000   133    31629.0000    27381.0000   840762   13.43%
   9350  3816    28393.0000    94    31629.0000    27381.0000   841159   13.43%
   9361  3818    28073.0000   236    31629.0000    27381.0000   842496   13.43%
   9373  3826    29176.0000    59    31629.0000    27381.0000   843576   13.43%
   9380  3831    29783.0000   149    31629.0000    27381.0000   843828   13.43%
   9387  3831        cutoff          31629.0000    27381.0000   844071   13.43%
   9403  3847    29927.0000    57    31629.0000    27381.0000   844923   13.43%
Elapsed time = 9803.74 sec. (2881714.77 ticks, tree = 40.76 MB, solutions = 4)
   9419  3853    27642.0000   132    31629.0000    27381.0000   845523   13.43%
   9429  3856    28393.0000   174    31629.0000    27381.0000   846032   13.43%
   9456  3875    29280.0000   132    31629.0000    27381.0000   846908   13.43%
   9468  3881    28132.0000   189    31629.0000    27381.0000   847546   13.43%
   9483  3892    30012.0000    78    31629.0000    27381.0000   848096   13.43%
   9496  3902    29522.0000    88    31629.0000    27381.0000   848636   13.43%
   9502  3908    29610.0000    99    31629.0000    27381.0000   849031   13.43%
   9515  3911    27956.0000   198    31629.0000    27381.0000   849798   13.43%
   9521  3914    27466.0000   161    31629.0000    27381.0000   849906   13.43%
   9536  3922    infeasible          31629.0000    27381.0000   850859   13.43%
Elapsed time = 9934.19 sec. (2921792.02 ticks, tree = 41.58 MB, solutions = 4)
   9551  3930    27903.0000   192    31629.0000    27381.0000   851628   13.43%
   9560  3931    infeasible          31629.0000    27381.0000   852187   13.43%
   9575  3942    30188.0000    63    31629.0000    27381.0000   852884   13.43%
   9593  3954    28132.0000   215    31629.0000    27381.0000   854031   13.43%
   9615  3968    27642.0000   234    31629.0000    27381.0000   854948   13.43%
   9630  3974    27466.0000   172    31629.0000    27381.0000   855535   13.43%
   9648  3985    29088.0000    83    31629.0000    27381.0000   856282   13.43%
   9659  3996    30044.0000    37    31629.0000    27381.0000   856444   13.43%
   9679  4006    27466.0000   155    31629.0000    27381.0000   857005   13.43%
   9698  4019    infeasible          31629.0000    27381.0000   857505   13.43%
Elapsed time = 9975.31 sec. (2962580.01 ticks, tree = 42.62 MB, solutions = 4)
   9711  4026    infeasible          31629.0000    27381.0000   858243   13.43%
   9722  4033    28824.0000   185    31629.0000    27381.0000   858499   13.43%
   9740  4044    28917.6361    95    31629.0000    27381.0000   859044   13.43%
   9757  4057    30132.0000    50    31629.0000    27381.0000   859435   13.43%
   9765  4063    30827.0000    48    31629.0000    27381.0000   859763   13.43%
   9781  4067    27642.0000   230    31629.0000    27381.0000   860274   13.43%
   9792  4078    29176.0000    70    31629.0000    27381.0000   860786   13.43%
   9812  4084    infeasible          31629.0000    27381.0000   862362   13.43%
   9823  4092    28654.0000   146    31629.0000    27381.0000   862784   13.43%
   9834  4096    27642.0000   189    31629.0000    27381.0000   863114   13.43%
Elapsed time = 10018.11 sec. (3004585.80 ticks, tree = 43.43 MB, solutions = 4)
   9843  4100    27871.0000   166    31629.0000    27381.0000   863653   13.43%
   9854  4107    27381.0000   209    31629.0000    27381.0000   864233   13.43%
   9865  4114    30188.0000    54    31629.0000    27381.0000   864797   13.43%
   9877  4120    28915.0000   151    31629.0000    27381.0000   865305   13.43%
   9895  4127    infeasible          31629.0000    27381.0000   866048   13.43%
   9912  4138    29148.1741    67    31629.0000    27381.0000   867082   13.43%
   9927  4147    29261.0000    91    31629.0000    27381.0000   867854   13.43%
   9940  4155    infeasible          31629.0000    27381.0000   868337   13.43%
   9953  4159    infeasible          31629.0000    27381.0000   868837   13.43%
   9963  4161    28132.0000   133    31629.0000    27381.0000   869775   13.43%
Elapsed time = 10072.84 sec. (3044493.99 ticks, tree = 44.27 MB, solutions = 4)
   9971  4165    27381.0000   161    31629.0000    27381.0000   870284   13.43%
   9993  4180    infeasible          31629.0000    27381.0000   870864   13.43%
  10012  4192    28915.0000    73    31629.0000    27381.0000   871816   13.43%
  10033  4205    27956.0000    99    31629.0000    27381.0000   872523   13.43%
  10045  4211    29668.7187   135    31629.0000    27381.0000   873033   13.43%
  10066  4218    27381.0000   143    31629.0000    27381.0000   873673   13.43%
  10077  4229    29261.0000    67    31629.0000    27381.0000   874105   13.43%
  10098  4239    30012.0000    99    31629.0000    27381.0000   875357   13.43%
  10124  4259    infeasible          31629.0000    27381.0000   875964   13.43%
  10139  4268    30678.0000    43    31629.0000    27381.0000   876741   13.43%
Elapsed time = 10149.56 sec. (3084699.51 ticks, tree = 45.41 MB, solutions = 4)
  10150  4267    28132.0000   179    31629.0000    27381.0000   877638   13.43%
  10160  4274    29229.0000   107    31629.0000    27381.0000   878086   13.43%
  10170  4277    28915.0000   107    31629.0000    27381.0000   878720   13.43%
  10182  4286    28132.0000   227    31629.0000    27381.0000   879119   13.43%
  10195  4298    29346.0000    77    31629.0000    27381.0000   879564   13.43%
  10206  4303    infeasible          31629.0000    27381.0000   879935   13.43%
  10213  4304    27903.0000   221    31629.0000    27381.0000   880851   13.43%
  10224  4307    infeasible          31629.0000    27381.0000   881484   13.43%
  10239  4320    29666.0000    55    31629.0000    27381.0000   882134   13.43%
  10257  4336    31336.0000    32    31629.0000    27381.0000   882515   13.43%
Elapsed time = 10240.56 sec. (3125738.07 ticks, tree = 46.13 MB, solutions = 4)
  10273  4342    28914.9999   105    31629.0000    27381.0000   882943   13.43%
  10286  4345    27903.0000   204    31629.0000    27381.0000   883831   13.43%
  10291  4348    27904.0947   181    31629.0000    27381.0000   883969   13.43%
  10301  4358    29405.0000    78    31629.0000    27381.0000   884427   13.43%
  10309  4361    27642.0000   293    31629.0000    27381.0000   884658   13.43%
  10317  4366    27381.0000   274    31629.0000    27381.0000   885381   13.43%
  10328  4374    27642.0000   238    31629.0000    27381.0000   885677   13.43%
  10341  4384    28132.0000   115    31629.0000    27381.0000   886154   13.43%
  10360  4402    31056.0000    26    31629.0000    27381.0000   886543   13.43%
  10375  4407    27381.0000   204    31629.0000    27381.0000   887173   13.43%
Elapsed time = 10320.75 sec. (3165403.68 ticks, tree = 46.88 MB, solutions = 4)
  10392  4424    29144.0000   125    31629.0000    27381.0000   887827   13.43%
  10415  4437    30188.0000    54    31629.0000    27381.0000   888379   13.43%
  10430  4443    27466.0000   151    31629.0000    27381.0000   889072   13.43%
  10445  4452    infeasible          31629.0000    27381.0000   889597   13.43%
  10464  4466    28164.0000   102    31629.0000    27381.0000   890501   13.43%
  10479  4473    27642.0000   132    31629.0000    27381.0000   891263   13.43%
  10492  4478    infeasible          31629.0000    27381.0000   891901   13.43%
  10508  4480    infeasible          31629.0000    27381.0000   892881   13.43%
  10521  4485    27466.0000    77    31629.0000    27381.0000   893240   13.43%
  10550  4501    27641.9999   326    31629.0000    27381.0000   894375   13.43%
Elapsed time = 10411.14 sec. (3205138.88 ticks, tree = 47.87 MB, solutions = 4)
  10563  4512    30795.0000    68    31629.0000    27381.0000   895083   13.43%
  10575  4520    30188.0000    83    31629.0000    27381.0000   895723   13.43%
  10587  4526    30678.0000    39    31629.0000    27381.0000   896288   13.43%
  10598  4528    28132.0000   210    31629.0000    27381.0000   897508   13.43%
  10612  4540    29995.0000    61    31629.0000    27381.0000   898119   13.43%
  10623  4543    infeasible          31629.0000    27381.0000   898884   13.43%
  10635  4547    27903.0000   224    31629.0000    27381.0000   900136   13.43%
  10649  4557    29176.0000   126    31629.0000    27381.0000   900940   13.43%
  10657  4555    27642.0000   194    31629.0000    27381.0000   901393   13.43%
  10669  4561    28132.0000   195    31629.0000    27381.0000   902090   13.43%
Elapsed time = 10497.40 sec. (3246019.77 ticks, tree = 48.51 MB, solutions = 4)
  10684  4573    30939.0000    72    31629.0000    27381.0000   902740   13.43%
  10700  4582    27988.0000   148    31629.0000    27381.0000   903309   13.43%
  10719  4595    29261.0000    79    31629.0000    27381.0000   904044   13.43%
  10733  4603    28915.0000   129    31629.0000    27381.0000   904746   13.43%
  10749  4609    29522.0000    89    31629.0000    27381.0000   905515   13.43%
  10764  4615    27381.0000   285    31629.0000    27381.0000   906091   13.43%
  10782  4625    27381.0000   173    31629.0000    27381.0000   906775   13.43%
  10792  4629    27903.0000   136    31629.0000    27381.0000   907380   13.43%
  10803  4630    29176.0000   126    31629.0000    27381.0000   908264   13.43%
  10816  4637    infeasible          31629.0000    27381.0000   909057   13.43%
Elapsed time = 10597.68 sec. (3285253.17 ticks, tree = 49.31 MB, solutions = 4)
  10841  4659    31200.0000    70    31629.0000    27381.0000   909830   13.43%
  10860  4668    infeasible          31629.0000    27381.0000   910511   13.43%
  10870  4671    27956.0000   157    31629.0000    27381.0000   911118   13.43%
  10886  4683    28132.0000   110    31629.0000    27381.0000   912048   13.43%
  10903  4694    27642.0000   143    31629.0000    27381.0000   912664   13.43%
  10923  4709    30188.0000    69    31629.0000    27381.0000   913508   13.43%
  10955  4730    31056.0000    23    31629.0000    27381.0000   914093   13.43%
  10988  4748    28478.0000    57    31629.0000    27381.0000   915251   13.43%
* 11000+ 4721                        31373.0000    27381.0000            12.72%
* 11010+ 4714                        31261.0000    27381.0000            12.41%
  11035  4729    28302.0000    86    31261.0000    27381.0000   916143   12.41%
  11056  4746    28164.0000   132    31261.0000    27381.0000   916869   12.41%
Elapsed time = 10744.28 sec. (3324010.70 ticks, tree = 50.44 MB, solutions = 6)
  11074  4752    infeasible          31261.0000    27381.0000   917647   12.41%
  11089  4765    27903.0000   235    31261.0000    27381.0000   918296   12.41%
  11094  4765    infeasible          31261.0000    27381.0000   918503   12.41%
  11108  4774    27642.0000   230    31261.0000    27381.0000   919588   12.41%
  11113  4774    infeasible          31261.0000    27381.0000   919682   12.41%
  11123  4781    28132.0000   275    31261.0000    27381.0000   920640   12.41%
  11132  4788    29176.0000   109    31261.0000    27381.0000   920960   12.41%
  11144  4794    27381.0000   170    31261.0000    27381.0000   921444   12.41%
  11154  4798    28132.0000   111    31261.0000    27381.0000   922173   12.41%
  11164  4804    27727.0000   209    31261.0000    27381.0000   922771   12.41%
Elapsed time = 10915.35 sec. (3365236.87 ticks, tree = 51.06 MB, solutions = 6)
  11175  4811    28393.0000   163    31261.0000    27381.0000   923413   12.41%
  11187  4819    27642.0000   150    31261.0000    27381.0000   923939   12.41%
  11205  4829    27641.9998   180    31261.0000    27381.0000   924563   12.41%
  11215  4837    30678.0000    92    31261.0000    27381.0000   925215   12.41%
  11226  4836    27381.0000   518    31261.0000    27381.0000   925852   12.41%
  11240  4846    27988.0000   160    31261.0000    27381.0000   926265   12.41%
  11264  4860    28739.0000   130    31261.0000    27381.0000   927142   12.41%
  11273  4862    27381.0000   389    31261.0000    27381.0000   927894   12.41%
  11281  4866    27903.0000   221    31261.0000    27381.0000   928298   12.41%
  11292  4877    29959.0000    90    31261.0000    27381.0000   928907   12.41%
Elapsed time = 11082.09 sec. (3405171.86 ticks, tree = 51.84 MB, solutions = 6)
  11306  4882    infeasible          31261.0000    27381.0000   929899   12.41%
  11321  4892    27642.0000   195    31261.0000    27381.0000   930547   12.41%
  11331  4900    28132.0000    98    31261.0000    27381.0000   930907   12.41%
  11341  4910    29176.0000   104    31261.0000    27381.0000   931193   12.41%
  11358  4915    28132.0000    76    31261.0000    27381.0000   931983   12.41%
  11379  4928    27642.0000   260    31261.0000    27381.0000   932891   12.41%
  11393  4940    30156.0000    71    31261.0000    27381.0000   933430   12.41%
  11401  4944    27903.0000   249    31261.0000    27381.0000   934106   12.41%
  11408  4945    27642.0000   341    31261.0000    27381.0000   934551   12.41%
  11417  4950    infeasible          31261.0000    27381.0000   935003   12.41%
Elapsed time = 11261.49 sec. (3445778.66 ticks, tree = 52.63 MB, solutions = 6)
  11425  4952    27642.0000   237    31261.0000    27381.0000   935456   12.41%
  11435  4962    29437.0000    73    31261.0000    27381.0000   935924   12.41%
  11446  4969    28654.0000   203    31261.0000    27381.0000   936573   12.41%
  11455  4976    28654.0000   128    31261.0000    27381.0000   936914   12.41%
  11462  4978    27642.0000   329    31261.0000    27381.0000   937250   12.41%
  11468  4980    27727.0000   410    31261.0000    27381.0000   937811   12.41%
  11475  4979    27871.0000   133    31261.0000    27381.0000   938505   12.41%
  11487  4987    30013.2400    53    31261.0000    27381.0000   938910   12.41%
  11505  5001    28914.9999   149    31261.0000    27381.0000   939759   12.41%
  11521  5012    28132.0000   176    31261.0000    27381.0000   940627   12.41%
Elapsed time = 11372.47 sec. (3486441.43 ticks, tree = 53.28 MB, solutions = 6)
  11533  5020    30012.0000    73    31261.0000    27381.0000   941083   12.41%
  11548  5029    27903.0000   151    31261.0000    27381.0000   941551   12.41%
  11562  5034    infeasible          31261.0000    27381.0000   942222   12.41%
  11579  5044    27466.0000   301    31261.0000    27381.0000   942790   12.41%
  11594  5048    27903.0000   298    31261.0000    27381.0000   943677   12.41%
  11609  5059    29437.0000    67    31261.0000    27381.0000   944261   12.41%
  11629  5075    28393.0000   172    31261.0000    27381.0000   944858   12.41%
  11648  5086    28915.0000    92    31261.0000    27381.0000   945757   12.41%
  11664  5092    27642.0000   280    31261.0000    27381.0000   946349   12.41%
  11684  5106    28654.0000    94    31261.0000    27381.0000   947214   12.41%
Elapsed time = 11410.56 sec. (3526328.44 ticks, tree = 54.28 MB, solutions = 6)
  11708  5121    27642.0000   160    31261.0000    27381.0000   947655   12.41%
  11726  5132    27871.0000   201    31261.0000    27381.0000   948360   12.41%
  11735  5137    27641.9999   309    31261.0000    27381.0000   949174   12.41%
  11746  5140    27466.0000   275    31261.0000    27381.0000   950158   12.41%
  11759  5151    30012.0000    93    31261.0000    27381.0000   951008   12.41%
  11774  5156    28393.0000   185    31261.0000    27381.0000   951583   12.41%
  11783  5165    30187.9999   142    31261.0000    27381.0000   951882   12.41%
  11790  5170    31023.9999   112    31261.0000    27381.0000   952222   12.41%
  11796  5174    31199.9999   100    31261.0000    27381.0000   952400   12.41%
  11807  5178    29176.0000   177    31261.0000    27381.0000   952816   12.41%
Elapsed time = 11449.73 sec. (3566136.02 ticks, tree = 55.05 MB, solutions = 6)
  11816  5187    30012.0000    97    31261.0000    27381.0000   953150   12.41%
  11825  5188    infeasible          31261.0000    27381.0000   953493   12.41%
  11831  5194    30622.0000    73    31261.0000    27381.0000   953543   12.41%
  11841  5196    27642.0000   101    31261.0000    27381.0000   953857   12.41%
  11869  5216    infeasible          31261.0000    27381.0000   954909   12.41%
  11891  5231    27871.0000   185    31261.0000    27381.0000   955892   12.41%
  11904  5240    30678.0000    90    31261.0000    27381.0000   956270   12.41%
  11915  5243    28132.0000   179    31261.0000    27381.0000   956860   12.41%
  11931  5251    28654.0000   142    31261.0000    27381.0000   957562   12.41%
  11943  5253    infeasible          31261.0000    27381.0000   958421   12.41%
Elapsed time = 11491.72 sec. (3608294.67 ticks, tree = 55.85 MB, solutions = 6)
  11963  5266    28654.0000    83    31261.0000    27381.0000   959528   12.41%
  11984  5277    27642.0000   123    31261.0000    27381.0000   960318   12.41%
  12009  5290    27642.0000   137    31261.0000    27381.0000   961305   12.41%
  12028  5299    30534.0000    59    31261.0000    27381.0000   962214   12.41%
  12053  5313    28563.0000    78    31261.0000    27381.0000   963056   12.41%
  12078  5325    infeasible          31261.0000    27381.0000   963760   12.41%
  12099  5338    28478.0000   175    31261.0000    27381.0000   964746   12.41%
  12117  5350    27903.0000   338    31261.0000    27381.0000   965435   12.41%
  12129  5358    30654.0000   123    31261.0000    27381.0000   966106   12.41%
  12145  5364    28132.0000   208    31261.0000    27381.0000   967207   12.41%
Elapsed time = 11530.39 sec. (3647503.16 ticks, tree = 57.02 MB, solutions = 6)
  12158  5372    29261.0000    69    31261.0000    27381.0000   967758   12.41%
  12167  5381    30984.0000    67    31261.0000    27381.0000   968213   12.41%
  12178  5382    infeasible          31261.0000    27381.0000   968654   12.41%
  12187  5385    27381.0000   279    31261.0000    27381.0000   969103   12.41%
  12211  5401    29751.0000    73    31261.0000    27381.0000   970215   12.41%
  12228  5408    27381.0000   341    31261.0000    27381.0000   971046   12.41%
  12246  5422    29176.0000    56    31261.0000    27381.0000   971961   12.41%
  12265  5435    30272.9999   133    31261.0000    27381.0000   972464   12.41%
  12277  5440    infeasible          31261.0000    27381.0000   972996   12.41%
  12291  5454    29000.0000   139    31261.0000    27381.0000   973388   12.41%
Elapsed time = 11570.53 sec. (3687538.61 ticks, tree = 57.98 MB, solutions = 6)
  12299  5457    infeasible          31261.0000    27381.0000   973842   12.41%
  12314  5468    29261.0000   119    31261.0000    27381.0000   974325   12.41%
  12323  5472    27903.0000   226    31261.0000    27381.0000   974956   12.41%
  12336  5483    30273.0000   114    31261.0000    27381.0000   975491   12.41%
  12349  5489    28915.0000   133    31261.0000    27381.0000   976228   12.41%
  12368  5500    28915.0000    91    31261.0000    27381.0000   976915   12.41%
  12389  5513    29175.9999    82    31261.0000    27381.0000   977686   12.41%
  12402  5521    infeasible          31261.0000    27381.0000   978141   12.41%
  12417  5532    27381.0000   313    31261.0000    27381.0000   978580   12.41%
  12431  5544    infeasible          31261.0000    27381.0000   979221   12.41%
Elapsed time = 11612.93 sec. (3727282.48 ticks, tree = 58.95 MB, solutions = 6)
  12438  5548    29000.0000   123    31261.0000    27381.0000   979442   12.41%
  12450  5552    28393.0000   165    31261.0000    27381.0000   980039   12.41%
  12462  5558    28132.0000   162    31261.0000    27381.0000   980738   12.41%
  12475  5567    27466.0000   345    31261.0000    27381.0000   981208   12.41%
  12493  5577    29261.0000    92    31261.0000    27381.0000   981807   12.41%
  12516  5590    27642.0000   191    31261.0000    27381.0000   982920   12.41%
  12526  5596    27642.0000   208    31261.0000    27381.0000   983360   12.41%
  12538  5602    28654.0000   122    31261.0000    27381.0000   984067   12.41%
  12550  5610    30188.0000   102    31261.0000    27381.0000   984739   12.41%
  12562  5610    infeasible          31261.0000    27381.0000   985469   12.41%
Elapsed time = 11722.05 sec. (3768403.63 ticks, tree = 59.66 MB, solutions = 6)
  12579  5620    27381.0000   190    31261.0000    27381.0000   986100   12.41%
  12592  5631    30273.0000    69    31261.0000    27381.0000   986546   12.41%
  12606  5635    28824.0000   168    31261.0000    27381.0000   987271   12.41%
  12618  5641    27642.0000   165    31261.0000    27381.0000   987986   12.41%
  12629  5648    29261.0000   118    31261.0000    27381.0000   988265   12.41%
  12642  5655    31245.0000    41    31261.0000    27381.0000   988741   12.41%
  12654  5661    28393.0000   148    31261.0000    27381.0000   989090   12.41%
  12669  5668    infeasible          31261.0000    27381.0000   989677   12.41%
  12677  5672    27727.0000   303    31261.0000    27381.0000   990249   12.41%
  12683  5674    infeasible          31261.0000    27381.0000   990607   12.41%
Elapsed time = 11926.57 sec. (3808849.65 ticks, tree = 60.33 MB, solutions = 6)
  12692  5681        cutoff          31261.0000    27381.0000   991032   12.41%
  12704  5683    infeasible          31261.0000    27381.0000   991702   12.41%
  12711  5688    28654.0000   256    31261.0000    27381.0000   992173   12.41%
  12718  5689    27903.0000   207    31261.0000    27381.0000   992475   12.41%
  12726  5695    28132.0000   194    31261.0000    27381.0000   992781   12.41%
  12733  5698    28132.0000   208    31261.0000    27381.0000   993358   12.41%
  12744  5701    27871.0000   232    31261.0000    27381.0000   993733   12.41%
  12750  5703    28132.0000   290    31261.0000    27381.0000   994139   12.41%
  12759  5706    28654.0000   197    31261.0000    27381.0000   994424   12.41%
  12766  5713    29085.0000   126    31261.0000    27381.0000   994832   12.41%
Elapsed time = 12107.96 sec. (3850000.82 ticks, tree = 60.72 MB, solutions = 6)
  12774  5718    27642.0000   409    31261.0000    27381.0000   995242   12.41%
  12782  5723    27642.0000   400    31261.0000    27381.0000   995827   12.41%
  12788  5725    27466.0000   249    31261.0000    27381.0000   996236   12.41%
  12795  5728    28249.0000   269    31261.0000    27381.0000   996732   12.41%
  12801  5730    27381.0000   400    31261.0000    27381.0000   997172   12.41%
  12807  5736    28132.0000   178    31261.0000    27381.0000   997425   12.41%
  12814  5739    infeasible          31261.0000    27381.0000   997653   12.41%
  12820  5743    28132.0000   226    31261.0000    27381.0000   997979   12.41%
  12827  5746    27381.0000   354    31261.0000    27381.0000   998271   12.41%
  12833  5749    27903.0000   242    31261.0000    27381.0000   998693   12.41%
Elapsed time = 12285.75 sec. (3890781.71 ticks, tree = 61.10 MB, solutions = 6)
  12841  5751    infeasible          31261.0000    27381.0000   998993   12.41%
  12847  5753    27642.0000   341    31261.0000    27381.0000   999398   12.41%
  12855  5758    28164.0000   197    31261.0000    27381.0000   999857   12.41%
  12864  5765    29666.0000    97    31261.0000    27381.0000  1000161   12.41%
  12873  5769    27381.0000    74    31261.0000    27381.0000  1000571   12.41%
  12897  5776    infeasible          31261.0000    27381.0000  1001470   12.41%
  12916  5790    30012.0000   108    31261.0000    27381.0000  1002199   12.41%
  12930  5797    infeasible          31261.0000    27381.0000  1002840   12.41%
  12941  5803    27871.0000   118    31261.0000    27381.0000  1003457   12.41%
  12950  5809    infeasible          31261.0000    27381.0000  1003841   12.41%
Elapsed time = 12382.70 sec. (3930566.96 ticks, tree = 61.74 MB, solutions = 6)
  12960  5817    30361.0000    47    31261.0000    27381.0000  1004159   12.41%
  12976  5825    28654.0000    85    31261.0000    27381.0000  1004686   12.41%
  13001  5842    29666.0000   142    31261.0000    27381.0000  1005709   12.41%
  13020  5853    28217.0000   147    31261.0000    27381.0000  1006296   12.41%
  13037  5862    27642.0000   273    31261.0000    27381.0000  1007071   12.41%
  13058  5875    29000.0000    57    31261.0000    27381.0000  1007629   12.41%
  13080  5887    27381.0000   410    31261.0000    27381.0000  1008708   12.41%
  13093  5892    28393.0000   193    31261.0000    27381.0000  1009524   12.41%
  13115  5903    28739.0000   151    31261.0000    27381.0000  1010716   12.41%
  13126  5907    infeasible          31261.0000    27381.0000  1011639   12.41%
Elapsed time = 12435.05 sec. (3970462.26 ticks, tree = 62.80 MB, solutions = 6)
  13138  5910    infeasible          31261.0000    27381.0000  1012322   12.41%
  13156  5921    28393.0000   143    31261.0000    27381.0000  1013419   12.41%
  13167  5930    30587.0000    63    31261.0000    27381.0000  1013830   12.41%
  13180  5937    30678.0000    76    31261.0000    27381.0000  1014354   12.41%
  13191  5943    31200.0000    67    31261.0000    27381.0000  1014785   12.41%
  13202  5952    28478.0000   122    31261.0000    27381.0000  1015673   12.41%
  13210  5960    29751.0000    65    31261.0000    27381.0000  1015912   12.41%
  13219  5963    29176.0000   140    31261.0000    27381.0000  1016474   12.41%
  13229  5972    30622.0000    82    31261.0000    27381.0000  1016827   12.41%
  13240  5975    27641.9999   179    31261.0000    27381.0000  1017226   12.41%
Elapsed time = 12621.09 sec. (4011235.29 ticks, tree = 63.52 MB, solutions = 6)
  13266  5991    27642.0000   142    31261.0000    27381.0000  1018246   12.41%
  13272  5995    28915.0000   126    31261.0000    27381.0000  1018310   12.41%
  13290  5999    infeasible          31261.0000    27381.0000  1019139   12.41%
  13304  6003    28722.0000   126    31261.0000    27381.0000  1020037   12.41%
  13311  6004    27381.0000   146    31261.0000    27381.0000  1020332   12.41%
  13325  6012    29405.0000    73    31261.0000    27381.0000  1020944   12.41%
  13340  6017    infeasible          31261.0000    27381.0000  1021708   12.41%
  13350  6019    28165.0000   174    31261.0000    27381.0000  1022531   12.41%
  13371  6030    29666.0000    69    31261.0000    27381.0000  1023398   12.41%
  13380  6031    infeasible          31261.0000    27381.0000  1024107   12.41%
Elapsed time = 12810.35 sec. (4053001.60 ticks, tree = 64.13 MB, solutions = 6)
  13394  6035    infeasible          31261.0000    27381.3094  1025159   12.41%
  13425  6044    29365.0000    42    31261.0000    27382.6778  1025943   12.41%
  13453  6062    28654.0000   134    31261.0000    27382.6778  1027033   12.41%
  13474  6071    28132.0000    88    31261.0000    27385.5616  1027714   12.40%
  13498  6085    27956.0000   132    31261.0000    27423.5000  1028747   12.28%
  13507  6092    29927.0000    83    31261.0000    27423.5000  1029111   12.28%
  13520  6092    27988.0000   133    31261.0000    27465.9999  1030114   12.14%
  13530  6097    28478.0000   109    31261.0000    27465.9999  1030411   12.14%
  13542  6101    28563.0000   202    31261.0000    27466.0000  1031126   12.14%
  13557  6113    30939.0000   108    31261.0000    27466.0000  1031835   12.14%
Elapsed time = 12999.68 sec. (4093617.14 ticks, tree = 65.02 MB, solutions = 6)
  13574  6118    29927.0000    94    31261.0000    27466.0000  1032814   12.14%
  13592  6124    29346.0000    67    31261.0000    27466.0000  1033185   12.14%
  13601  6129    27466.0000   132    31261.0000    27466.0000  1033502   12.14%
  13608  6132    29000.0000    95    31261.0000    27466.0000  1033628   12.14%
  13614  6138    29346.0000    69    31261.0000    27466.0000  1033736   12.14%
  13635  6150    30899.0000    57    31261.0000    27466.0000  1034389   12.14%
  13656  6152    27903.0000   158    31261.0000    27466.0000  1035264   12.14%
  13671  6155    infeasible          31261.0000    27466.0000  1035956   12.14%
  13690  6159    27903.0000   101    31261.0000    27466.0000  1037081   12.14%
  13714  6174    28393.0000   109    31261.0000    27466.0000  1037701   12.14%
Elapsed time = 13169.79 sec. (4134748.06 ticks, tree = 65.67 MB, solutions = 6)
  13731  6184    28393.0000   171    31261.0000    27466.0000  1038840   12.14%
  13753  6201    27903.0000   106    31261.0000    27466.0000  1039489   12.14%
  13768  6208    infeasible          31261.0000    27466.0000  1040411   12.14%
  13785  6216    28164.0000   177    31261.0000    27466.0000  1041122   12.14%
  13798  6221    27727.0000   196    31261.0000    27466.0000  1041981   12.14%
  13825  6244    30012.0000    98    31261.0000    27466.0000  1042916   12.14%
  13855  6264    29666.0000   150    31261.0000    27466.0000  1043925   12.14%
  13873  6273    28164.0000   167    31261.0000    27466.0000  1044425   12.14%
  13881  6278    infeasible          31261.0000    27466.0000  1044654   12.14%
  13889  6280    28739.0000   167    31261.0000    27466.0000  1045139   12.14%
Elapsed time = 13333.19 sec. (4174616.09 ticks, tree = 66.80 MB, solutions = 6)
  13895  6285    29261.0000   137    31261.0000    27466.0000  1045322   12.14%
  13902  6288    27642.0000   328    31261.0000    27466.0000  1045640   12.14%
  13916  6293    28217.0000   230    31261.0000    27466.0000  1046303   12.14%
  13941  6300    infeasible          31261.0000    27466.0000  1048350   12.14%
  13953  6303    28164.0000   216    31261.0000    27466.0000  1049682   12.14%
  13964  6306    28478.0000    85    31261.0000    27466.0000  1050385   12.14%
  13975  6315    29751.0000   128    31261.0000    27466.0000  1050762   12.14%
  13987  6321    28563.0000    70    31261.0000    27466.0000  1051153   12.14%
  14001  6330    infeasible          31261.0000    27466.0000  1051562   12.14%
  14050  6355    28824.0000   135    31261.0000    27466.0000  1054273   12.14%
Elapsed time = 13396.49 sec. (4226774.64 ticks, tree = 67.61 MB, solutions = 6)
  14109  6381    28478.0000    86    31261.0000    27466.0000  1056631   12.14%
  14166  6414    28478.0000    73    31261.0000    27466.0000  1058651   12.14%
  14199  6435    28983.0000    49    31261.0000    27466.0000  1059485   12.14%
  14260  6478    30707.0000    45    31261.0000    27466.0000  1061579   12.14%
  14331  6518    29176.0000    45    31261.0000    27466.0000  1063461   12.14%
  14405  6573    28217.0000    62    31261.0000    27466.0000  1065783   12.14%
  14454  6595    28132.0000   115    31261.0000    27466.0000  1067691   12.14%
  14515  6623    29176.0000   114    31261.0000    27466.0000  1070048   12.14%
  14551  6642    29405.0000    49    31261.0000    27466.0000  1071221   12.14%
  14613  6682    27551.0000   212    31261.0000    27466.0000  1072986   12.14%
Elapsed time = 13726.92 sec. (4380271.85 ticks, tree = 71.16 MB, solutions = 6)
  14677  6718    30449.0000    61    31261.0000    27466.0000  1074456   12.14%
  14730  6755    29144.0000   110    31261.0000    27466.0000  1076070   12.14%
  14792  6781    infeasible          31261.0000    27466.0000  1078728   12.14%
  14847  6812    29000.0000    91    31261.0000    27466.0000  1080973   12.14%
  14881  6824    29144.0000    87    31261.0000    27466.0000  1083103   12.14%
  14907  6838    27642.0000   147    31261.0000    27466.0000  1083881   12.14%
  14951  6859    27903.0000   174    31261.0000    27466.0000  1085681   12.14%
  15008  6891    28393.0000   196    31261.0000    27466.0000  1088855   12.14%
  15069  6919    28824.0000   116    31261.0000    27466.0000  1091572   12.14%
  15125  6951    28217.0000   122    31261.0000    27466.0000  1093293   12.14%
Elapsed time = 14078.59 sec. (4534687.52 ticks, tree = 74.09 MB, solutions = 6)
  15164  6974        cutoff          31261.0000    27466.0000  1095185   12.14%
  15212  7006    30100.0000    76    31261.0000    27466.0000  1097098   12.14%
  15267  7033    27903.0000   161    31261.0000    27466.0000  1099616   12.14%
  15336  7073    28566.0000   108    31261.0000    27466.0000  1102467   12.14%
  15408  7112    28132.0000    72    31261.0000    27466.0000  1104500   12.14%
  15468  7144    infeasible          31261.0000    27466.0000  1106994   12.14%
  15550  7190    infeasible          31261.0000    27466.0000  1111155   12.14%
  15619  7234    29666.0000   117    31261.0000    27466.0000  1114217   12.14%
  15665  7251    28825.2401    53    31261.0000    27466.0000  1115841   12.14%
  15694  7268    28132.0000   156    31261.0000    27466.0000  1117487   12.14%
Elapsed time = 14436.13 sec. (4690309.03 ticks, tree = 77.53 MB, solutions = 6)
  15754  7311    30622.0000    43    31261.0000    27466.0000  1120896   12.14%
  15800  7339    28739.0000   150    31261.0000    27466.0000  1122960   12.14%
  15837  7363    28739.0000   185    31261.0000    27466.0000  1124506   12.14%
  15873  7388    30449.0000   103    31261.0000    27466.0000  1126456   12.14%
  15899  7407    infeasible          31261.0000    27466.0000  1127187   12.14%
  15946  7434    27644.9583   415    31261.0000    27466.0000  1129418   12.14%
  15962  7442    infeasible          31261.0000    27466.0000  1130053   12.14%
  16004  7470    29000.0000   143    31261.0000    27466.0000  1132330   12.14%
  16058  7501    29751.0000   304    31261.0000    27466.0000  1134106   12.14%
  16099  7524    29939.0105    67    31261.0000    27466.0000  1135527   12.14%
Elapsed time = 14643.36 sec. (4846002.72 ticks, tree = 80.31 MB, solutions = 6)
  16149  7555    29710.0105   114    31261.0000    27466.0000  1137448   12.14%
  16222  7599    30534.0000    94    31261.0000    27466.0000  1140577   12.14%
  16305  7640    28393.0000   195    31261.0000    27466.0000  1144274   12.14%
  16361  7669    28654.0000    85    31261.0000    27466.0000  1146474   12.14%
  16446  7716    29757.9408    70    31261.0000    27466.0000  1149394   12.14%
  16472  7738    30449.0000    84    31261.0000    27466.0000  1150234   12.14%
  16506  7757    29751.0000   135    31261.0000    27466.0000  1151896   12.14%
  16542  7775    28393.0000   165    31261.0000    27466.0000  1153609   12.14%
  16595  7795    29176.0000    58    31261.0000    27466.0000  1156223   12.14%
  16648  7827    27903.0000   163    31261.0000    27466.0000  1159833   12.14%
Elapsed time = 14927.25 sec. (5000234.53 ticks, tree = 83.56 MB, solutions = 6)
  16736  7883    28478.0000   272    31261.0000    27466.0000  1162991   12.14%
  16801  7921    28217.0000   164    31261.0000    27466.0000  1166293   12.14%
  16884  7972    29176.0000   106    31261.0000    27466.0000  1169958   12.14%
  16957  8018    28132.0000   162    31261.0000    27466.0000  1172875   12.14%
  17018  8053    29437.0000   142    31261.0000    27466.0000  1175482   12.14%
  17071  8080    27903.0000   211    31261.0000    27466.0000  1177700   12.14%
  17129  8116        cutoff          31261.0000    27466.0000  1179651   12.14%
  17181  8149    28739.0000   143    31261.0000    27466.0000  1182196   12.14%
  17209  8159    28132.0000   184    31261.0000    27466.0000  1184665   12.14%
  17270  8189    27642.0000   302    31261.0000    27466.0000  1187964   12.14%
Elapsed time = 15281.79 sec. (5154467.82 ticks, tree = 87.50 MB, solutions = 6)
  17338  8235    28655.0947   130    31261.0000    27466.0000  1191002   12.14%
  17386  8266    30449.0000   123    31261.0000    27466.0000  1193625   12.14%
  17423  8287    28393.0000   212    31261.0000    27466.0000  1195290   12.14%
  17497  8315    infeasible          31261.0000    27466.0000  1197840   12.14%
  17566  8354    28563.0000   146    31261.0000    27467.2401  1201100   12.14%
  17612  8378    27956.0000   172    31261.0000    27468.9583  1203545   12.13%
  17672  8400    28302.0000   160    31261.0000    27551.0000  1206087   11.87%
  17738  8423    infeasible          31261.0000    27551.0000  1209140   11.87%
  17806  8457    30012.0000    71    31261.0000    27551.0000  1211686   11.87%
  17855  8474    30678.0000    69    31261.0000    27551.0000  1214436   11.87%
Elapsed time = 15644.58 sec. (5308388.48 ticks, tree = 90.70 MB, solutions = 6)
  17931  8517    28563.0000   101    31261.0000    27551.0000  1217914   11.87%
  17996  8537    31200.0000   108    31261.0000    27641.9998  1221384   11.58%
  18056  8568    29522.0000    58    31261.0000    27641.9998  1223790   11.58%
  18122  8605    30534.0000    43    31261.0000    27641.9999  1226539   11.58%
  18163  8632    30273.0000    56    31261.0000    27641.9999  1228023   11.58%
  18209  8658    29666.0000   170    31261.0000    27641.9999  1230145   11.58%
  18260  8693    30939.0000    60    31261.0000    27641.9999  1232876   11.58%
  18307  8726    29666.0000    98    31261.0000    27641.9999  1235180   11.58%
  18389  8764    29346.0000   101    31261.0000    27642.0000  1238434   11.58%
  18461  8800    infeasible          31261.0000    27642.0000  1241869   11.58%
Elapsed time = 15964.75 sec. (5463844.85 ticks, tree = 94.23 MB, solutions = 6)
  18496  8825    29437.0000   144    31261.0000    27642.0000  1243733   11.58%
  18546  8856    27727.0000   248    31261.0000    27642.0000  1246006   11.58%
  18665  8931    29176.0000    91    31261.0000    27642.0000  1250199   11.58%
  18799  9017    infeasible          31261.0000    27642.0000  1254821   11.58%
  18896  9087    28739.0000    80    31261.0000    27642.0000  1259002   11.58%
  18971  9120    29934.8364    70    31261.0000    27642.0000  1262759   11.58%
  19050  9164    28393.0000   148    31261.0000    27642.0000  1265848   11.58%
  19120  9212    30795.0000    62    31261.0000    27642.0000  1269045   11.58%
  19198  9259    28654.0000   181    31261.0000    27642.0000  1271801   11.58%
  19260  9287    28654.0000    87    31261.0000    27642.0000  1274744   11.58%
Elapsed time = 16336.25 sec. (5617722.88 ticks, tree = 99.49 MB, solutions = 6)
  19349  9330    27642.0000   166    31261.0000    27642.0000  1278114   11.58%
  19409  9364        cutoff          31261.0000    27642.0000  1279943   11.58%
  19516  9408    infeasible          31261.0000    27642.0000  1283826   11.58%
  19592  9452    27903.0000   264    31261.0000    27642.0000  1288302   11.58%
  19635  9478    29490.0000    91    31261.0000    27642.0000  1289877   11.58%
  19680  9512    30755.0000    27    31261.0000    27642.0000  1291313   11.58%
  19721  9542    29085.0000    84    31261.0000    27642.0000  1292909   11.58%
  19754  9567    29176.0000    89    31261.0000    27642.0000  1294127   11.58%
  19778  9581    28393.0000   142    31261.0000    27642.0000  1294886   11.58%
  19810  9605    29144.0000    92    31261.0000    27642.0000  1296442   11.58%
Elapsed time = 16607.85 sec. (5772099.16 ticks, tree = 102.94 MB, solutions = 6)
  19842  9621    29144.0000    77    31261.0000    27642.0000  1298268   11.58%
  19878  9646    29666.0000   111    31261.0000    27642.0000  1300306   11.58%
  19935  9676    infeasible          31261.0000    27642.0000  1303214   11.58%
  20010  9726    29437.0000    53    31261.0000    27642.0000  1306200   11.58%
  20076  9768    30619.0000   102    31261.0000    27642.0000  1308710   11.58%
  20144  9807    27642.0000   253    31261.0000    27642.0000  1311271   11.58%
  20202  9837    28654.0000   223    31261.0000    27642.0000  1314404   11.58%
  20266  9870    30795.0000   107    31261.0000    27642.0000  1316981   11.58%
  20366  9933    28654.0000   148    31261.0000    27642.0000  1320646   11.58%
  20394  9951    30220.0000    75    31261.0000    27642.0000  1321968   11.58%
Elapsed time = 16960.29 sec. (5927935.87 ticks, tree = 106.73 MB, solutions = 6)
  20421  9962    29666.0000   173    31261.0000    27642.0000  1323236   11.58%
  20461  9987    28915.0000    83    31261.0000    27642.0000  1324833   11.58%
  20530 10028    29927.0000    84    31261.0000    27642.0000  1328043   11.58%
  20592 10066    28654.0000   108    31261.0000    27642.0000  1330968   11.58%
  20675 10110    infeasible          31261.0000    27642.0000  1334266   11.58%
  20740 10146    28654.0000    80    31261.0000    27642.0000  1336706   11.58%
  20836 10192    infeasible          31261.0000    27642.0000  1340689   11.58%
  20879 10218    30188.0000   127    31261.0000    27642.0000  1342460   11.58%
  20905 10236    30188.0000    59    31261.0000    27642.0000  1343227   11.58%
  20960 10269    28915.0000    76    31261.0000    27642.0000  1345670   11.58%
Elapsed time = 17236.36 sec. (6083301.97 ticks, tree = 110.16 MB, solutions = 6)
  20994 10291    27642.0000    98    31261.0000    27642.0000  1347114   11.58%
  21049 10319    infeasible          31261.0000    27642.0000  1349348   11.58%
  21113 10350    28654.0000    79    31261.0000    27642.0000  1352205   11.58%
  21166 10379    29176.0000    88    31261.0000    27642.0000  1354121   11.58%
  21231 10411    31075.0000    30    31261.0000    27642.0000  1356982   11.58%
  21300 10443    28915.0000    85    31261.0000    27642.0000  1359835   11.58%
  21369 10481    30449.0000    55    31261.0000    27642.0000  1362544   11.58%
  21442 10518        cutoff          31261.0000    27642.0000  1365513   11.58%
  21510 10553    29176.0000    67    31261.0000    27642.0000  1368266   11.58%
  21557 10578    30012.0000   100    31261.0000    27642.0000  1370448   11.58%
Elapsed time = 17575.77 sec. (6237040.55 ticks, tree = 113.53 MB, solutions = 6)
  21605 10605    29176.0000   129    31261.0000    27642.0000  1372363   11.58%
  21648 10627    28915.0000    79    31261.0000    27642.0000  1374360   11.58%
  21711 10660    30273.0000    39    31261.0000    27642.0000  1375921   11.58%
  21779 10694        cutoff          31261.0000    27642.0000  1378832   11.58%
  21826 10716    27903.0000   285    31261.0000    27642.0000  1381604   11.58%
  21848 10738    29698.0000    48    31261.0000    27642.0000  1382278   11.58%
  21873 10751    29000.0000   187    31261.0000    27642.0000  1383855   11.58%
  21909 10776    30148.0000    50    31261.0000    27642.0000  1384763   11.58%
  21946 10799    30622.0000    58    31261.0000    27642.0000  1386611   11.58%
  22007 10823    28654.0000   108    31261.0000    27642.0000  1388865   11.58%
Elapsed time = 17856.22 sec. (6392008.37 ticks, tree = 116.19 MB, solutions = 6)
  22062 10862    30188.0000    86    31261.0000    27642.0000  1390864   11.58%
  22112 10882    28656.7187    96    31261.0000    27642.0000  1392870   11.58%
  22141 10896    27726.9999   238    31261.0000    27642.0000  1394052   11.58%
  22171 10918    29666.0000    70    31261.0000    27642.0000  1395072   11.58%
  22220 10945        cutoff          31261.0000    27642.0000  1397029   11.58%
  22278 10967    28393.0000   104    31261.0000    27642.0000  1399691   11.58%
  22349 11008    28176.0105    43    31261.0000    27642.0000  1402537   11.58%
  22406 11039    29670.1741   149    31261.0000    27642.0000  1404346   11.58%
  22446 11053    29176.0000   125    31261.0000    27642.0000  1406703   11.58%
  22480 11069    27903.0000   191    31261.0000    27642.0000  1408046   11.58%
Elapsed time = 18208.00 sec. (6547330.96 ticks, tree = 118.87 MB, solutions = 6)
  22545 11110    30188.0000    58    31261.0000    27642.0000  1410206   11.58%
  22593 11136    29176.0000   170    31261.0000    27642.0000  1411831   11.58%
  22628 11159    28164.0000   187    31261.0000    27642.0000  1413447   11.58%
  22668 11185    29437.0000    80    31261.0000    27642.0000  1414824   11.58%
  22729 11230    29783.0000    82    31261.0000    27642.0000  1416821   11.58%
  22764 11257    29437.0000    92    31261.0000    27642.0000  1418215   11.58%
  22825 11296    29666.0000   107    31261.0000    27642.0000  1420726   11.58%
  22888 11335    30449.0000    77    31261.0000    27642.0000  1423775   11.58%
  22968 11377    28654.0000    57    31261.0000    27642.0000  1426889   11.58%
  23035 11416    29437.0000   164    31261.0000    27642.0000  1429149   11.58%
Elapsed time = 18464.24 sec. (6701487.22 ticks, tree = 122.62 MB, solutions = 6)
  23074 11439    29927.0000   155    31261.0000    27642.0000  1431254   11.58%
  23121 11471    30358.0000    94    31261.0000    27642.0000  1432558   11.58%
  23153 11490    30387.0000    67    31261.0000    27642.0000  1433465   11.58%
  23192 11511    31229.0000    50    31261.0000    27642.0000  1435263   11.58%
  23243 11539        cutoff          31261.0000    27642.0000  1436884   11.58%
  23307 11566    28654.0000   168    31261.0000    27642.0000  1439234   11.58%
  23364 11600    28393.0000   167    31261.0000    27642.0000  1441634   11.58%
  23421 11639        cutoff          31261.0000    27642.0000  1443224   11.58%
  23460 11664    30188.0000   119    31261.0000    27642.0000  1444418   11.58%
  23507 11693    30945.9408    60    31261.0000    27642.0000  1446120   11.58%
Elapsed time = 18848.25 sec. (6856893.16 ticks, tree = 125.62 MB, solutions = 6)
  23562 11723    28136.1741    59    31261.0000    27642.0000  1448853   11.58%
  23628 11756    28136.1741    86    31261.0000    27642.0000  1451113   11.58%
  23664 11779    29437.0000    85    31261.0000    27642.0000  1453195   11.58%
  23705 11801    29751.0000    38    31261.0000    27642.0000  1454292   11.58%
  23751 11828    29666.0000    65    31261.0000    27642.0000  1456019   11.58%
  23806 11847    28132.0000   140    31261.0000    27642.0000  1458201   11.58%
  23844 11875    29261.0000    77    31261.0000    27642.0000  1459510   11.58%
  23878 11896    29927.0000    60    31261.0000    27642.0000  1460694   11.58%
  23918 11910    27642.0000   182    31261.0000    27642.0000  1461873   11.58%
  23950 11927    30449.0000    77    31261.0000    27642.0000  1463009   11.58%
Elapsed time = 19167.87 sec. (7011523.40 ticks, tree = 128.17 MB, solutions = 6)
  23988 11952    29666.0000    97    31261.0000    27642.0000  1464595   11.58%
  24071 12009    29927.0000    46    31261.0000    27642.0000  1466999   11.58%
  24116 12038    28915.0000   111    31261.0000    27642.0000  1468872   11.58%
  24170 12066    infeasible          31261.0000    27642.0000  1471154   11.58%
  24230 12102    28915.0000    79    31261.0000    27642.0000  1473129   11.58%
  24284 12124    infeasible          31261.0000    27642.0000  1476070   11.58%
  24328 12157    30827.0000    35    31261.0000    27642.0000  1477603   11.58%
  24381 12176    28393.0000   120    31261.0000    27642.0000  1480000   11.58%
  24422 12203    30273.0000   118    31261.0000    27642.0000  1481837   11.58%
  24477 12236    29927.0000    77    31261.0000    27642.0000  1484326   11.58%
Elapsed time = 19521.81 sec. (7167981.60 ticks, tree = 131.53 MB, solutions = 6)
  24550 12283    30273.0000    26    31261.0000    27642.0000  1487048   11.58%
  24621 12324    31200.0000    58    31261.0000    27642.0000  1489663   11.58%
  24676 12342    infeasible          31261.0000    27642.0000  1492676   11.58%
  24722 12374        cutoff          31261.0000    27642.0000  1495040   11.58%
  24780 12407    28654.0000    79    31261.0000    27642.0000  1498033   11.58%
  24826 12435    infeasible          31261.0000    27642.0000  1500614   11.58%
  24877 12456    28654.0000   137    31261.0000    27642.0000  1504978   11.58%
  24929 12488        cutoff          31261.0000    27642.0000  1507165   11.58%
  25015 12532    29956.0000    53    31261.0000    27642.0000  1510763   11.58%
  25080 12572    29405.0000   117    31261.0000    27642.0000  1513727   11.58%
Elapsed time = 19875.53 sec. (7323108.97 ticks, tree = 135.18 MB, solutions = 6)
  25153 12615    29144.0000   106    31261.0000    27642.0000  1516096   11.58%
  25210 12642    28217.0000   165    31261.0000    27642.0000  1517681   11.58%
  25270 12676    infeasible          31261.0000    27642.0000  1520424   11.58%
  25334 12716    29666.0000    65    31261.0000    27642.0000  1523479   11.58%
  25408 12757    29666.0000   155    31261.0000    27642.0000  1526775   11.58%
  25444 12783    30012.0000   179    31261.0000    27642.0000  1528600   11.58%
  25483 12802    27727.0000   177    31261.0000    27642.0000  1530416   11.58%
  25515 12822    28915.0000   138    31261.0000    27642.0000  1531745   11.58%
  25551 12836    29000.0000   184    31261.0000    27642.0000  1533726   11.58%
  25659 12885    27642.0000   177    31261.0000    27642.0000  1538274   11.58%
Elapsed time = 20217.58 sec. (7477405.02 ticks, tree = 138.58 MB, solutions = 6)
  25756 12943    29144.0000   149    31261.0000    27642.0000  1542398   11.58%
  25798 12966    29261.0000   143    31261.0000    27642.0000  1544654   11.58%
  25859 13000    28393.0000   165    31261.0000    27642.0000  1546966   11.58%
  25938 13045    29698.0000    85    31261.0000    27642.0000  1549879   11.58%
  25988 13075    29927.0000   139    31261.0000    27642.0000  1551584   11.58%
  26037 13102    27642.0000   212    31261.0000    27642.0000  1553780   11.58%
  26068 13125    28393.0000   195    31261.0000    27642.0000  1554818   11.58%
  26096 13145    28132.0000   162    31261.0000    27642.0000  1555720   11.58%
  26145 13178    28915.0000   101    31261.0000    27642.0000  1557941   11.58%
  26224 13229    28915.0000   228    31261.0000    27642.0000  1561340   11.58%
Elapsed time = 20600.55 sec. (7632874.17 ticks, tree = 142.32 MB, solutions = 6)
  26263 13258    29437.0000   180    31261.0000    27642.0000  1562997   11.58%
  26310 13288    29176.0000    69    31261.0000    27642.0000  1565233   11.58%
  26378 13332    29176.0000   128    31261.0000    27642.0000  1568494   11.58%
  26466 13381    29144.0000   121    31261.0000    27642.0000  1572827   11.58%
  26514 13406    30449.0000    45    31261.0000    27642.0000  1575432   11.58%
  26584 13440    28654.0000   131    31261.0000    27642.0000  1578706   11.58%
  26621 13463    30041.0000    89    31261.0000    27642.0000  1580019   11.58%
  26698 13515    28654.0000   185    31261.0000    27642.0000  1582907   11.58%
  26772 13553    27903.5105   123    31261.0000    27642.0000  1586448   11.58%
  26862 13605    28393.0000   238    31261.0000    27642.0000  1589491   11.58%
Elapsed time = 20910.11 sec. (7788361.79 ticks, tree = 146.43 MB, solutions = 6)
  26916 13633    28654.0000   153    31261.0000    27642.0000  1591761   11.58%
  26972 13675    28654.0000   160    31261.0000    27642.0000  1594336   11.58%
  27011 13700    28654.0000   102    31261.0000    27642.0000  1596205   11.58%
  27065 13737    29176.0000   130    31261.0000    27642.0000  1598440   11.58%
  27092 13754    29437.0000   110    31261.0000    27642.0000  1599096   11.58%
  27124 13772    28654.0000   176    31261.0000    27642.0000  1600110   11.58%
  27158 13792    28393.0000   181    31261.0000    27642.0000  1601116   11.58%
  27204 13812    28132.0000   173    31261.0000    27642.0000  1603024   11.58%
  27261 13857    29677.1149    41    31261.0000    27642.0000  1604714   11.58%
  27314 13881    infeasible          31261.0000    27642.0000  1607376   11.58%
Elapsed time = 21270.99 sec. (7943115.25 ticks, tree = 149.43 MB, solutions = 6)
  27392 13916    29751.0000   118    31261.0000    27642.0000  1611008   11.58%
  27460 13957    28132.0000   130    31261.0000    27642.0000  1614524   11.58%
  27550 14004    27642.0000   292    31261.0000    27642.0000  1617768   11.58%
  27604 14034    30794.9999    46    31261.0000    27642.0000  1619604   11.58%
  27662 14061    28393.0000    69    31261.0000    27642.0000  1621978   11.58%
  27729 14100    29927.0000    83    31261.0000    27642.0000  1625663   11.58%
  27836 14174    30678.0000    77    31261.0000    27642.0000  1630061   11.58%
  27912 14212    infeasible          31261.0000    27642.0000  1634224   11.58%
  27947 14236    30273.0000   101    31261.0000    27642.0000  1635610   11.58%
  28007 14268    29261.0000    78    31261.0000    27642.0000  1638384   11.58%
Elapsed time = 21641.49 sec. (8098293.66 ticks, tree = 153.59 MB, solutions = 6)
  28054 14298    30534.0000    75    31261.0000    27642.0000  1640438   11.58%
  28085 14316    infeasible          31261.0000    27642.0000  1641623   11.58%
  28136 14342    30449.0000    72    31261.0000    27642.0000  1643852   11.58%
  28190 14372    29176.5831    92    31261.0000    27642.0000  1646415   11.58%
  28229 14397    27903.0000   351    31261.0000    27642.0000  1648621   11.58%
  28276 14427    27642.0000   157    31261.0000    27642.0000  1650525   11.58%
  28333 14462    27903.0000   185    31261.0000    27642.0000  1652589   11.58%
  28371 14490    30449.0000   153    31261.0000    27642.0000  1654269   11.58%
  28417 14518    29698.0000   103    31261.0000    27642.0000  1656191   11.58%
  28455 14537    27642.0000   240    31261.0000    27642.0000  1657761   11.58%
Elapsed time = 21986.42 sec. (8252686.36 ticks, tree = 156.48 MB, solutions = 6)
  28503 14573        cutoff          31261.0000    27642.0000  1659298   11.58%
  28562 14605    infeasible          31261.0000    27642.0000  1661148   11.58%
  28631 14645    30256.0000    43    31261.0000    27642.0000  1663760   11.58%
  28675 14672    27727.0000   183    31261.0000    27642.0000  1665531   11.58%
  28715 14695    infeasible          31261.0000    27642.0000  1666934   11.58%
  28765 14721    30188.0000    72    31261.0000    27642.0000  1668689   11.58%
  28814 14748    27642.0000   125    31261.0000    27642.0000  1670444   11.58%
  28903 14801    30484.9999   184    31261.0000    27642.0000  1674468   11.58%
  28970 14833    29405.0000   112    31261.0000    27642.0000  1678096   11.58%
  29014 14854    28393.0000   249    31261.0000    27642.0000  1679514   11.58%
Elapsed time = 22332.83 sec. (8406592.62 ticks, tree = 159.92 MB, solutions = 6)
  29046 14874    28140.3482   211    31261.0000    27642.0000  1680784   11.58%
  29097 14904    29437.0000   170    31261.0000    27642.0000  1682708   11.58%
  29169 14941    29000.0000   151    31261.0000    27642.0000  1686702   11.58%
  29253 14983    28654.0000   216    31261.0000    27642.0000  1690315   11.58%
  29292 15006    28654.0000   140    31261.0000    27642.0000  1692417   11.58%
  29333 15031    28132.0000   336    31261.0000    27642.0000  1694204   11.58%
  29375 15053    28393.0000   222    31261.0000    27642.0000  1696051   11.58%
  29412 15080    29176.0000   149    31261.0000    27642.0000  1697394   11.58%
  29460 15111    27871.0000   228    31261.0000    27642.0000  1699402   11.58%
  29501 15140    30188.0000    74    31261.0000    27642.0000  1701130   11.58%
Elapsed time = 22722.89 sec. (8561178.16 ticks, tree = 163.00 MB, solutions = 6)
  29573 15183    27642.0000   303    31261.0000    27642.0000  1704458   11.58%
  29657 15225        cutoff          31261.0000    27642.0000  1707502   11.58%
  29732 15262    29405.0000   112    31261.0000    27642.0000  1711179   11.58%
  29771 15283    28132.0000   126    31261.0000    27642.0000  1712308   11.58%
  29821 15311    28915.0000   135    31261.0000    27642.0000  1714009   11.58%
  29855 15335    30273.0000   117    31261.0000    27642.0000  1716130   11.58%
  29896 15363    28915.0000    97    31261.0000    27642.0000  1717684   11.58%
  29926 15382    28393.0000   250    31261.0000    27642.0000  1718798   11.58%
  29968 15410    29261.0000    84    31261.0000    27642.0000  1720038   11.58%
  30012 15424    29666.0000    99    31261.0000    27642.0000  1721865   11.58%
Elapsed time = 23112.64 sec. (8716295.73 ticks, tree = 166.09 MB, solutions = 6)
  30070 15457    28654.0000   120    31261.0000    27642.0000  1724966   11.58%
  30103 15480    30189.3594   101    31261.0000    27642.0000  1726773   11.58%
  30160 15519    30710.0000    67    31261.0000    27642.0000  1728817   11.58%
  30207 15540    27642.0000   331    31261.0000    27642.0000  1731163   11.58%
  30267 15576    30256.0000   109    31261.0000    27642.0000  1734020   11.58%
  30331 15623    30678.0000   104    31261.0000    27642.0000  1737144   11.58%
  30374 15646    infeasible          31261.0000    27642.0000  1739115   11.58%
  30440 15686    28392.9999   240    31261.0000    27642.0000  1742633   11.58%
  30487 15717    29666.0000    75    31261.0000    27642.0000  1745305   11.58%
  30547 15753    29176.0000   237    31261.0000    27642.0000  1747133   11.58%
Elapsed time = 23507.81 sec. (8870561.92 ticks, tree = 169.63 MB, solutions = 6)
  30593 15785    29927.0000   210    31261.0000    27642.0000  1748913   11.58%
  30636 15813    29176.0000   136    31261.0000    27642.0000  1750900   11.58%
  30669 15837    29176.0000   113    31261.0000    27642.0000  1752530   11.58%
  30712 15863    30188.0000    75    31261.0000    27642.0000  1754257   11.58%
  30753 15882    29176.0000   140    31261.0000    27642.0000  1755926   11.58%
  30802 15901    infeasible          31261.0000    27642.0000  1758456   11.58%
  30849 15930    28654.0000   154    31261.0000    27642.0000  1760731   11.58%
  30883 15952    27642.0000   256    31261.0000    27642.0000  1762195   11.58%
  30938 15985    27903.0000   187    31261.0000    27642.0000  1764303   11.58%
  31005 16028    28393.0000   243    31261.0000    27642.0000  1767005   11.58%
Elapsed time = 23894.67 sec. (9024903.68 ticks, tree = 172.62 MB, solutions = 6)
  31067 16066    29405.0000   124    31261.0000    27642.0000  1770353   11.58%
  31138 16113    infeasible          31261.0000    27642.0000  1773502   11.58%
  31165 16129    28915.0000   175    31261.0000    27642.0000  1775013   11.58%
  31204 16155    30188.0000    65    31261.0000    27642.0000  1776571   11.58%
  31264 16191        cutoff          31261.0000    27642.0000  1779427   11.58%
  31315 16226    27903.0000   259    31261.0000    27642.0000  1781771   11.58%
  31357 16255    30449.0000   154    31261.0000    27642.0000  1783957   11.58%
  31390 16272    30449.0000   142    31261.0000    27642.0000  1785798   11.58%
  31426 16290    29668.7187   180    31261.0000    27642.0000  1787385   11.58%
  31458 16307    29929.7187   122    31261.0000    27642.0000  1789003   11.58%
Elapsed time = 24313.54 sec. (9180688.66 ticks, tree = 175.65 MB, solutions = 6)
  31499 16327    29176.0000   267    31261.0000    27642.0000  1790862   11.58%
  31566 16370    28393.0000   240    31261.0000    27642.0000  1794754   11.58%
  31602 16390    29670.1741    86    31261.0000    27642.0000  1796487   11.58%
  31644 16417    29927.0000   100    31261.0000    27642.0000  1798374   11.58%
  31724 16461    29413.3482   129    31261.0000    27642.0000  1801664   11.58%
  31756 16485    29927.0000   100    31261.0000    27642.0000  1802999   11.58%
  31794 16508    28915.0000   149    31261.0000    27642.0000  1804579   11.58%
  31855 16543    28393.0000   161    31261.0000    27642.0000  1807370   11.58%
  31907 16577    28654.0000   186    31261.0000    27642.0000  1810136   11.58%
  31972 16617    infeasible          31261.0000    27642.0000  1813114   11.58%
Elapsed time = 24692.37 sec. (9334708.21 ticks, tree = 179.71 MB, solutions = 6)
  32025 16653    29522.0000    93    31261.0000    27642.0000  1815703   11.58%
  32080 16680    28393.0000   187    31261.0000    27642.0000  1818125   11.58%
  32120 16705    29666.0000    56    31261.0000    27642.0000  1820153   11.58%
  32168 16739    29000.0000    50    31261.0000    27642.0000  1821815   11.58%
  32216 16775    29927.0000   249    31261.0000    27642.0000  1823807   11.58%
  32265 16803    30417.0000    85    31261.0000    27642.0000  1826017   11.58%
  32303 16825    27642.0000   225    31261.0000    27642.0000  1827762   11.58%
  32353 16859    28132.0000   217    31261.0000    27642.0000  1830064   11.58%
  32403 16885    28654.0000   147    31261.0000    27642.0000  1832055   11.58%
  32455 16911    27903.0000   185    31261.0000    27642.5989  1834550   11.57%
Elapsed time = 25076.06 sec. (9489928.02 ticks, tree = 182.88 MB, solutions = 6)
  32519 16953    31075.0000    64    31261.0000    27643.0947  1836932   11.57%
  32592 17000    29927.0000    91    31261.0000    27643.6777  1839192   11.57%
  32683 17039    30417.0000   108    31261.0000    27644.9583  1843043   11.57%
  32749 17070    30188.0000   174    31261.0000    27644.9583  1846788   11.57%
  32788 17084    infeasible          31261.0000    27646.3064  1848467   11.56%
  32885 17131    infeasible          31261.0000    27646.5340  1852423   11.56%
  32980 17182        cutoff          31261.0000    27646.5340  1857259   11.56%
  33078 17234    30710.0000    77    31261.0000    27647.8778  1861735   11.56%
  33145 17276    30417.0000    74    31261.0000    27654.0105  1863945   11.54%
  33172 17295    29681.9298   110    31261.0000    27654.0105  1865578   11.54%
Elapsed time = 25472.16 sec. (9643727.53 ticks, tree = 187.06 MB, solutions = 6)
  33222 17325    30710.0000    77    31261.0000    27654.0105  1867686   11.54%
  33301 17366    31056.0000    45    31261.0000    27726.9999  1870635   11.30%
  33367 17399    28738.9999   207    31261.0000    27726.9999  1873249   11.30%
  33405 17421    30448.9999    60    31261.0000    27726.9999  1874972   11.30%
  33453 17443    28654.0000   161    31261.0000    27727.0000  1877416   11.30%
  33567 17498    27903.0000    70    31261.0000    27727.0000  1881267   11.30%
  33672 17555    28654.0000    94    31261.0000    27727.0000  1884405   11.30%
  33745 17606    29144.0000   160    31261.0000    27727.0000  1886864   11.30%
  33833 17649    29085.0000    97    31261.0000    27727.0000  1891149   11.30%
  33904 17689    30012.0000   126    31261.0000    27727.0000  1894402   11.30%
Elapsed time = 25856.71 sec. (9797812.56 ticks, tree = 191.36 MB, solutions = 6)
  34005 17756    30939.0000   160    31261.0000    27727.0000  1898687   11.30%
  34104 17809    infeasible          31261.0000    27727.0000  1902632   11.30%
  34178 17846    29522.0000    78    31261.0000    27727.0000  1906556   11.30%
  34248 17865    infeasible          31261.0000    27727.0000  1908886   11.30%
  34332 17920    30273.0000   103    31261.0000    27727.0000  1912576   11.30%
  34425 17946    28393.0000   106    31261.0000    27727.0000  1916535   11.30%
  34491 17970    29490.0000    65    31261.0000    27727.0000  1919831   11.30%
  34550 17994        cutoff          31261.0000    27727.0000  1923065   11.30%
  34605 18012    infeasible          31261.0000    27727.0000  1926207   11.30%
  34678 18039    28658.1741    88    31261.0000    27727.0000  1930147   11.30%
Elapsed time = 26586.99 sec. (9952744.87 ticks, tree = 195.22 MB, solutions = 6)
  34721 18062    30587.0000    54    31261.0000    27727.0000  1931222   11.30%
  34802 18112    29666.0000   146    31261.0000    27727.0000  1934130   11.30%
  34874 18150    27727.0000   210    31261.0000    27727.0000  1937001   11.30%
  34911 18174    31198.3594    78    31261.0000    27727.0000  1938624   11.30%
  34949 18190    30534.0000    80    31261.0000    27727.0000  1939890   11.30%
  34990 18207    30534.0000    87    31261.0000    27727.0000  1941460   11.30%
  35059 18231    29261.0000   158    31261.0000    27727.0000  1944439   11.30%
  35087 18246    27902.9999   187    31261.0000    27727.0000  1946818   11.30%
  35132 18276    29522.0000   107    31261.0000    27727.0000  1949252   11.30%
  35182 18300    29405.0000   104    31261.0000    27727.0000  1951005   11.30%
Elapsed time = 27269.23 sec. (10106922.93 ticks, tree = 198.07 MB, solutions = 6)
  35259 18331    29000.0000   105    31261.0000    27727.0000  1953417   11.30%
  35319 18363    30012.0000    76    31261.0000    27727.0000  1955356   11.30%
  35396 18383    30502.0000   116    31261.0000    27727.0000  1959151   11.30%
  35475 18417    29000.0000   222    31261.0000    27727.0000  1962901   11.30%
  35515 18437        cutoff          31261.0000    27727.0000  1964235   11.30%
  35558 18461    infeasible          31261.0000    27727.0000  1966062   11.30%
  35628 18493    30188.0000    80    31261.0000    27727.0000  1968449   11.30%
  35686 18515    29437.0000   105    31261.0000    27727.0000  1971105   11.30%
  35742 18532    27727.0000   349    31261.0000    27727.0000  1974224   11.30%
  35801 18567    29261.0000   153    31261.0000    27727.0000  1976404   11.30%
Elapsed time = 27941.69 sec. (10260852.35 ticks, tree = 201.00 MB, solutions = 6)
  35849 18591    30449.0000    78    31261.0000    27727.0000  1978299   11.30%
  35891 18617    29674.3482   125    31261.0000    27727.0000  1980100   11.30%
  35971 18643        cutoff          31261.0000    27727.0000  1983434   11.30%
  36026 18673    29927.0000    84    31261.0000    27727.0000  1985684   11.30%
  36074 18696    30188.0000   120    31261.0000    27728.2400  1988071   11.30%
  36156 18728    30273.0000    68    31261.0000    27812.0000  1993024   11.03%
  36233 18764        cutoff          31261.0000    27812.0000  1995869   11.03%
  36307 18793    29755.1741   114    31261.0000    27812.0000  1999322   11.03%
  36382 18825    30602.0000    54    31261.0000    27871.0000  2002745   10.84%
  36438 18855    28393.0000   107    31261.0000    27871.0000  2004834   10.84%
Elapsed time = 28641.21 sec. (10415852.41 ticks, tree = 204.21 MB, solutions = 6)
  36481 18876    28393.0000   153    31261.0000    27871.0000  2006207   10.84%
  36515 18898    28393.0000   109    31261.0000    27871.0000  2007356   10.84%
  36560 18923    27871.0000    98    31261.0000    27871.0000  2009315   10.84%
  36607 18954    29666.0000    72    31261.0000    27871.0000  2011009   10.84%
  36656 18980    29405.0000    74    31261.0000    27871.0000  2012607   10.84%
  36701 19005    30188.0000    82    31261.0000    27871.0000  2014488   10.84%
  36785 19055    27988.0000   163    31261.0000    27871.0000  2017406   10.84%
  36856 19103    29666.0000    61    31261.0000    27871.0000  2019486   10.84%
  36939 19149    30622.0000    39    31261.0000    27871.0000  2022168   10.84%
  37009 19184    29148.1741   130    31261.0000    27871.0000  2024778   10.84%
Elapsed time = 29278.70 sec. (10570058.04 ticks, tree = 207.83 MB, solutions = 6)
  37086 19229    28743.1741    96    31261.0000    27871.0000  2027120   10.84%
  37146 19266    29666.0000    58    31261.0000    27871.0000  2029377   10.84%
  37202 19306    28915.0000    75    31261.0000    27871.0000  2031610   10.84%
  37263 19346    28654.0000   166    31261.0000    27871.0000  2034269   10.84%
  37342 19395        cutoff          31261.0000    27871.0000  2036998   10.84%
  37428 19450    29927.0000    60    31261.0000    27871.0000  2040510   10.84%
  37470 19477    28393.0000    72    31261.0000    27871.0000  2041787   10.84%
  37522 19503    28478.0000   171    31261.0000    27871.0000  2043863   10.84%
  37573 19537    28654.0000    65    31261.0000    27871.0000  2045784   10.84%
  37641 19592    29956.0000    54    31261.0000    27871.0000  2047341   10.84%
Elapsed time = 29890.74 sec. (10724943.64 ticks, tree = 212.32 MB, solutions = 6)
  37691 19629    29666.0000    45    31261.0000    27871.0000  2048524   10.84%
  37760 19670    28654.0000    80    31261.0000    27871.0000  2050593   10.84%
  37853 19731    28915.0000    48    31261.0000    27871.0000  2052783   10.84%
  37930 19774    27871.0000   138    31261.0000    27871.0000  2055793   10.84%
  37987 19805    29490.0000    67    31261.0000    27871.0000  2057945   10.84%
  38044 19848    30273.0000    72    31261.0000    27871.0000  2059557   10.84%
  38119 19893    30188.0000    74    31261.0000    27871.0000  2062305   10.84%
  38180 19929    28827.0000    64    31261.0000    27871.0000  2064403   10.84%
  38250 19976    29405.0000    48    31261.0000    27871.0000  2066830   10.84%
  38309 20014    28393.0000    97    31261.0000    27871.0000  2069150   10.84%
Elapsed time = 30576.71 sec. (10879630.36 ticks, tree = 216.95 MB, solutions = 6)
  38365 20049    29144.0000   101    31261.0000    27871.0000  2070835   10.84%
  38387 20063    29405.0000    92    31261.0000    27871.0000  2071857   10.84%
  38436 20099    29927.0000    78    31261.0000    27871.0000  2073729   10.84%
  38493 20132    28739.0000   148    31261.0000    27871.0000  2075760   10.84%
  38520 20153    30188.0000    50    31261.0000    27871.0000  2076417   10.84%
  38583 20195    29144.0000    78    31261.0000    27871.0000  2078688   10.84%
  38661 20239    27871.0000    64    31261.0000    27871.0000  2081156   10.84%
  38710 20273    infeasible          31261.0000    27871.0000  2083287   10.84%
  38745 20287    28393.0000    86    31261.0000    27871.0000  2084757   10.84%
  38806 20327    29666.0000    69    31261.0000    27871.0000  2086953   10.84%
Elapsed time = 31222.98 sec. (11033356.97 ticks, tree = 220.39 MB, solutions = 6)
  38856 20359    29995.0000    96    31261.0000    27871.0000  2088740   10.84%
  38892 20375    29926.9999    63    31261.0000    27871.0000  2090100   10.84%
  38951 20405    29666.0000    55    31261.0000    27871.0000  2092028   10.84%
  39003 20429    30449.0000    67    31261.0000    27871.0000  2094853   10.84%
  39061 20470    infeasible          31261.0000    27871.0000  2096730   10.84%
  39100 20495    27871.0000   130    31261.0000    27871.0000  2097709   10.84%
  39136 20522    28915.0000   162    31261.0000    27871.0000  2099062   10.84%
  39191 20557    29666.0000   127    31261.0000    27871.0000  2100864   10.84%
  39249 20597    28478.0000   158    31261.0000    27871.0000  2102778   10.84%
  39302 20625    30421.1741    67    31261.0000    27871.0000  2104682   10.84%
Elapsed time = 31671.52 sec. (11188617.28 ticks, tree = 223.66 MB, solutions = 6)
  39368 20663    28739.0000   153    31261.0000    27871.0000  2107596   10.84%
  39434 20697    29666.0000    62    31261.0000    27871.0000  2110113   10.84%
  39490 20729    29751.0000    59    31261.0000    27871.0000  2111652   10.84%
  39522 20752    29176.0000    79    31261.0000    27871.0000  2112736   10.84%
  39584 20788    28393.0000   117    31261.0000    27871.0000  2114997   10.84%
  39666 20850    28654.0000    48    31261.0000    27871.0000  2117919   10.84%
  39724 20885    29406.3594   132    31261.0000    27871.0000  2120144   10.84%
  39772 20914    28654.0000   141    31261.0000    27871.0000  2122131   10.84%
  39820 20941        cutoff          31261.0000    27871.0000  2123824   10.84%
  39854 20966    29666.0000   112    31261.0000    27871.0000  2125053   10.84%
Elapsed time = 32059.91 sec. (11342821.63 ticks, tree = 227.39 MB, solutions = 6)
  39911 20997    28654.0000   175    31261.0000    27871.0000  2127312   10.84%
  39960 21025        cutoff          31261.0000    27871.0000  2129619   10.84%
  40020 21058    28396.9114   113    31261.0000    27871.0000  2132054   10.84%
  40097 21100    27871.0000   156    31261.0000    27871.0000  2135573   10.84%
  40168 21148    28654.0000    39    31261.0000    27871.0000  2138268   10.84%
  40220 21177    30301.9999    45    31261.0000    27871.0000  2140055   10.84%
  40280 21214    28393.0000   123    31261.0000    27871.0000  2142646   10.84%
  40343 21252    infeasible          31261.0000    27871.0000  2146070   10.84%
  40412 21294    infeasible          31261.0000    27871.0000  2148408   10.84%
  40460 21322    29405.0000    58    31261.0000    27871.0000  2151147   10.84%
Elapsed time = 32452.79 sec. (11498971.33 ticks, tree = 231.31 MB, solutions = 6)
  40528 21364    28393.0000    77    31261.0000    27871.0000  2153701   10.84%
  40595 21410    29838.9999    88    31261.0000    27871.0000  2156296   10.84%
  40655 21450    29404.9999   104    31261.0000    27871.0000  2158702   10.84%
  40717 21489    28654.0000   156    31261.0000    27871.0000  2162068   10.84%
  40776 21525        cutoff          31261.0000    27871.0000  2165503   10.84%
  40846 21561    29666.0000   117    31261.0000    27871.0000  2169171   10.84%
  40899 21595    28654.0000   161    31261.0000    27871.0000  2171268   10.84%
  40948 21622    28915.0000   145    31261.0000    27871.0000  2173374   10.84%
  40989 21649    29751.0000   111    31261.0000    27871.0000  2175189   10.84%
  41033 21681    30097.0000    88    31261.0000    27871.0000  2177140   10.84%
Elapsed time = 32836.39 sec. (11653608.11 ticks, tree = 235.23 MB, solutions = 6)
  41082 21714    29751.0000    70    31261.0000    27871.0000  2178945   10.84%
  41126 21738    28393.0000   126    31261.0000    27871.0000  2180442   10.84%
  41180 21773    29405.0000    59    31261.0000    27871.0000  2182274   10.84%
  41234 21799        cutoff          31261.0000    27871.0000  2183853   10.84%
  41266 21818    30273.0000    53    31261.0000    27871.0000  2185568   10.84%
  41315 21850    30622.0000    63    31261.0000    27871.0000  2187437   10.84%
  41368 21879    29437.0000   212    31261.0000    27871.0000  2189254   10.84%
  41420 21899    27903.0000   111    31261.0000    27871.0000  2191628   10.84%
  41460 21928    28915.0000   112    31261.0000    27871.0000  2193855   10.84%
  41511 21965    29176.0000    51    31261.0000    27871.0000  2195915   10.84%
Elapsed time = 33202.42 sec. (11809945.66 ticks, tree = 238.33 MB, solutions = 6)
  41561 21993    29176.0000   173    31261.0000    27871.0000  2198118   10.84%
  41611 22031    28915.0000    83    31261.0000    27871.0000  2199921   10.84%
  41650 22052    28915.0000   112    31261.0000    27871.0000  2201654   10.84%
  41696 22082    28915.0000   116    31261.0000    27871.0000  2204272   10.84%
  41752 22112    29927.0000    72    31261.0000    27871.0000  2206530   10.84%
  41806 22148    29927.0000    76    31261.0000    27871.0000  2208158   10.84%
  41857 22178        cutoff          31261.0000    27871.0000  2209647   10.84%
  41895 22204    30188.0000    94    31261.0000    27871.0000  2211254   10.84%
  41941 22230    28164.0000   205    31261.0000    27871.0000  2213391   10.84%
  41998 22261    28217.0000   335    31261.0000    27871.0000  2216490   10.84%
Elapsed time = 33831.78 sec. (11966547.59 ticks, tree = 241.56 MB, solutions = 6)
  42027 22276    infeasible          31261.0000    27871.0000  2219681   10.84%
  42050 22295    infeasible          31261.0000    27871.0000  2220558   10.84%
  42081 22319    29409.1741   207    31261.0000    27871.0000  2222021   10.84%
  42110 22340    29437.0000   241    31261.0000    27871.0000  2224240   10.84%
  42142 22364    29783.0000    76    31261.0000    27871.0000  2226024   10.84%
  42171 22383    29868.0000    82    31261.0000    27871.0000  2227242   10.84%
  42225 22418    28393.0000   211    31261.0000    27871.0000  2229797   10.84%
  42294 22465    29927.0000   106    31261.0000    27871.0000  2232635   10.84%
  42378 22515    31254.0000    44    31261.0000    27871.0000  2235869   10.84%
  42408 22539    29667.3594   104    31261.0000    27871.0000  2237105   10.84%
Elapsed time = 34376.65 sec. (12125086.56 ticks, tree = 244.62 MB, solutions = 6)
  42435 22558    30063.0000    81    31261.0000    27871.0000  2237958   10.84%
  42466 22575    29405.0000    89    31261.0000    27871.0000  2239068   10.84%
  42503 22600    29666.0000    96    31261.0000    27871.0000  2240492   10.84%
  42541 22620    28393.0000   147    31261.0000    27872.5852  2241361   10.84%
  42590 22654    27872.5852   123    31261.0000    27872.5852  2243616   10.84%
  42618 22677    29260.9999    68    31261.0000    27872.5852  2244642   10.84%
  42665 22713    30188.0000    98    31261.0000    27873.7187  2245987   10.84%
  42706 22735    29522.0000   161    31261.0000    27879.3481  2247834   10.82%
  42753 22768    29783.0000   105    31261.0000    27879.3481  2249159   10.82%
  42805 22803        cutoff          31261.0000    27879.3482  2250684   10.82%
Elapsed time = 34978.86 sec. (12281367.04 ticks, tree = 247.54 MB, solutions = 6)
  42882 22849    29409.1741   143    31261.0000    27882.0669  2253327   10.81%
  42965 22885    31056.0000    37    31261.0000    27887.0000  2256351   10.79%
  43075 22941    28249.0000   236    31261.0000    27902.9999  2259730   10.74%
  43121 22967    30012.0000    93    31261.0000    27902.9999  2261499   10.74%
  43189 23007    31144.0000   124    31261.0000    27902.9999  2264363   10.74%
  43254 23040    30973.7667    45    31261.0000    27902.9999  2267070   10.74%
  43321 23071    28915.0000   113    31261.0000    27902.9999  2269886   10.74%
  43377 23098        cutoff          31261.0000    27903.0000  2272061   10.74%
  43451 23136    29405.0000    69    31261.0000    27903.0000  2275096   10.74%
  43528 23152    28478.0000    61    31261.0000    27903.0000  2278376   10.74%
Elapsed time = 35612.98 sec. (12435597.27 ticks, tree = 251.37 MB, solutions = 6)
  43640 23206    29176.0000    81    31261.0000    27903.0000  2282149   10.74%
  43746 23260    27904.0947   106    31261.0000    27903.0000  2286964   10.74%
  43843 23316    29176.0000   103    31261.0000    27903.0000  2290701   10.74%
  43908 23356    29176.0000    86    31261.0000    27903.0000  2293241   10.74%
  43991 23401    30708.3594   108    31261.0000    27903.0000  2296439   10.74%
  44080 23460    30188.0000   121    31261.0000    27903.0000  2300342   10.74%
  44158 23489    28655.3594   146    31261.0000    27903.0000  2303622   10.74%
  44265 23549    29144.0000   113    31261.0000    27903.0000  2307095   10.74%
  44303 23571    29698.0000    71    31261.0000    27903.0000  2308605   10.74%
  44369 23613    30795.0000    40    31261.0000    27903.0000  2311133   10.74%
Elapsed time = 36262.86 sec. (12589956.50 ticks, tree = 256.48 MB, solutions = 6)
  44413 23639    29607.0000   109    31261.0000    27903.0000  2312832   10.74%
  44448 23653    infeasible          31261.0000    27903.0000  2314233   10.74%
  44483 23674    30192.1741    61    31261.0000    27903.0000  2316108   10.74%
  44578 23714    28397.1741   174    31261.0000    27903.0000  2320116   10.74%
  44635 23745    28397.1741    56    31261.0000    27903.0000  2322823   10.74%
  44715 23789    29927.0000    37    31261.0000    27903.0000  2326632   10.74%
  44775 23819    30361.0000    36    31261.0000    27903.0000  2328809   10.74%
  44855 23855    infeasible          31261.0000    27903.0000  2331804   10.74%
  44925 23893    30449.0000    35    31261.0000    27903.0000  2334694   10.74%
  44979 23917        cutoff          31261.0000    27903.0000  2336449   10.74%
Elapsed time = 36880.07 sec. (12745498.62 ticks, tree = 259.85 MB, solutions = 6)
  45045 23948    30188.0000    65    31261.0000    27903.0000  2339409   10.74%
  45118 23986    28249.0000   135    31261.0000    27903.0000  2342723   10.74%
  45177 24021    30188.0000   113    31261.0000    27903.0000  2345201   10.74%
  45214 24047    29437.0000    77    31261.0000    27903.0000  2346792   10.74%
  45265 24071        cutoff          31261.0000    27903.0000  2348509   10.74%
  45331 24106    30449.0000    60    31261.0000    27903.0000  2351486   10.74%
  45379 24126    infeasible          31261.0000    27903.0000  2353515   10.74%
  45411 24146    infeasible          31261.0000    27903.0000  2354946   10.74%
  45466 24175    30795.0000    65    31261.0000    27903.0000  2357561   10.74%
  45510 24194    27903.0000   227    31261.0000    27903.0000  2359641   10.74%
Elapsed time = 37526.53 sec. (12899966.60 ticks, tree = 262.88 MB, solutions = 6)
  45558 24212    28393.0000    68    31261.0000    27903.0000  2361466   10.74%
  45619 24253    30619.0000    62    31261.0000    27903.0000  2363771   10.74%
  45682 24276    30192.1741    45    31261.0000    27903.0000  2365994   10.74%
  45752 24308    29000.0000   139    31261.0000    27903.0000  2368766   10.74%
  45785 24329    30710.0000    96    31261.0000    27903.0000  2370348   10.74%
  45838 24358    29698.0000    68    31261.0000    27903.0000  2372321   10.74%
  45895 24390    28654.0000    77    31261.0000    27903.0000  2374697   10.74%
  45964 24433    infeasible          31261.0000    27903.0000  2377422   10.74%
  46027 24476    29666.4818    59    31261.0000    27903.0000  2379909   10.74%
  46091 24512    28922.8364    56    31261.0000    27903.0000  2381774   10.74%
Elapsed time = 38202.15 sec. (13054359.99 ticks, tree = 266.37 MB, solutions = 6)
  46137 24542    30710.0000    77    31261.0000    27903.0000  2383334   10.74%
  46181 24564    29437.0000    72    31261.0000    27903.0000  2384903   10.74%
  46231 24596    infeasible          31261.0000    27903.0000  2386859   10.74%
  46269 24615    29751.0000    75    31261.0000    27903.0000  2387930   10.74%
  46329 24646    28654.0000    97    31261.0000    27903.0000  2390634   10.74%
  46395 24678    30795.0000    70    31261.0000    27903.0000  2393350   10.74%
  46436 24700    29751.0000    75    31261.0000    27903.0000  2395195   10.74%
  46482 24729    30710.0000    84    31261.0000    27903.0000  2397082   10.74%
  46538 24763    30534.0000    37    31261.0000    27903.0000  2398940   10.74%
  46594 24794    28654.0000   138    31261.0000    27903.0000  2401447   10.74%
Elapsed time = 38873.40 sec. (13208546.38 ticks, tree = 269.47 MB, solutions = 6)
Starting limited solution polishing.
  46660 24830    29405.0000    74    31261.0000    27903.0000  2403975   10.74%
  46748 24882    29522.0000   134    31261.0000    27903.0000  2407341   10.74%
  46801 24915    29490.0000   174    31261.0000    27903.0000  2409025   10.74%
  46848 24937    30534.0000    84    31261.0000    27903.0000  2411189   10.74%
  46889 24964    30710.0000    66    31261.0000    27903.0000  2412590   10.74%
  46930 24986    27903.0000   198    31261.0000    27903.0000  2414518   10.74%
  46971 25008    30449.0000    70    31261.0000    27903.0000  2415909   10.74%
  47026 25029    29409.1741   120    31261.0000    27903.0000  2418448   10.74%
  47074 25057    29927.0000    74    31261.0000    27903.0000  2420784   10.74%
  47134 25085    28166.9583   213    31261.0000    27903.0000  2422954   10.74%
Elapsed time = 39505.60 sec. (13364580.10 ticks, tree = 272.64 MB, solutions = 6)
  47197 25124    30622.0000   102    31261.0000    27903.0000  2425441   10.74%
  47260 25163    29405.0000    52    31261.0000    27903.0000  2427837   10.74%
  47304 25190    30188.0000   120    31261.0000    27903.0000  2429829   10.74%
  47358 25222    29522.0000   119    31261.0000    27903.0000  2432267   10.74%
  47410 25250    28658.1741   175    31261.0000    27903.0000  2434041   10.74%
  47476 25278    28393.0000   150    31261.0000    27903.0000  2436282   10.74%
  47513 25297        cutoff          31261.0000    27903.0000  2437530   10.74%
  47562 25326    30188.0000    85    31261.0000    27903.0000  2439746   10.74%
  47622 25361    28654.0000   121    31261.0000    27903.0000  2441770   10.74%
  47658 25385    29176.0000    73    31261.0000    27903.0000  2443329   10.74%
Elapsed time = 40131.27 sec. (13520515.91 ticks, tree = 275.93 MB, solutions = 6)
  47716 25419    infeasible          31261.0000    27903.0000  2445332   10.74%
  47760 25440    30852.6778    45    31261.0000    27903.0000  2446401   10.74%
  47815 25459    28915.0000   120    31261.0000    27903.0000  2448856   10.74%
  47866 25485    29666.0000    78    31261.0000    27903.0000  2450945   10.74%
  47913 25502    28915.0000    95    31261.0000    27903.0000  2453456   10.74%
  47940 25517    29261.0000   138    31261.0000    27903.0000  2454499   10.74%
  47995 25548    29144.0000   115    31261.0000    27903.0000  2456359   10.74%
  48041 25573    29927.0000    78    31261.0000    27903.0000  2457948   10.74%
  48092 25603        cutoff          31261.0000    27903.0000  2459758   10.74%
  48169 25640    30188.0000   135    31261.0000    27903.0000  2463037   10.74%
Elapsed time = 40845.91 sec. (13677779.01 ticks, tree = 278.74 MB, solutions = 6)
  48242 25678    28915.0000    76    31261.0000    27903.0000  2466364   10.74%
  48307 25711    28915.0000   120    31261.0000    27903.0000  2468719   10.74%
  48346 25739    30188.0000    56    31261.0000    27903.0000  2469686   10.74%
  48409 25770    28654.0000    82    31261.0000    27903.0000  2471524   10.74%
  48483 25814    29666.0000    72    31261.0000    27903.0000  2475032   10.74%
  48554 25852    28915.0000   134    31261.0000    27903.0000  2478020   10.74%
  48602 25883    29931.1741    75    31261.0000    27903.0000  2479753   10.74%
  48677 25919    29405.0000    73    31261.0000    27903.0000  2482236   10.74%
  48743 25960    29145.3594   128    31261.0000    27903.0000  2484895   10.74%
  48775 25981    30188.0000    71    31261.0000    27903.0000  2485918   10.74%
Elapsed time = 41520.87 sec. (13832498.47 ticks, tree = 282.48 MB, solutions = 6)
  48835 26008    30795.0000   105    31261.0000    27903.0000  2488579   10.74%
  48914 26049    29261.0000   103    31261.0000    27903.0000  2491549   10.74%
  48963 26070    28164.0000   196    31261.0000    27903.0000  2493823   10.74%
  49024 26104    30273.0000   152    31261.0000    27903.0000  2495989   10.74%
  49079 26133    28425.0000   143    31261.0000    27903.0000  2498280   10.74%
  49145 26167    30971.0000    44    31261.0000    27903.0000  2500868   10.74%
  49187 26190    30449.0000    38    31261.0000    27903.0000  2502624   10.74%
  49249 26223    infeasible          31261.0000    27903.0000  2504976   10.74%
  49302 26253    28915.0000   116    31261.0000    27903.0000  2506601   10.74%
  49372 26293    29405.0000   186    31261.0000    27903.0000  2509012   10.74%
Elapsed time = 42221.23 sec. (13986887.99 ticks, tree = 285.89 MB, solutions = 6)
  49434 26323    30200.0105    79    31261.0000    27903.0000  2511580   10.74%
* 49460+26124                        31131.0000    27903.0000            10.37%
* 49460+26122                        31115.0000    27903.0000            10.32%
* 49460+26097                        31094.0000    27903.0000            10.26%
  49476 26105    29176.0000   125    31094.0000    27903.0000  2513791   10.26%
  49511 26128    30417.0000    81    31094.0000    27903.0000  2515329   10.26%
  49565 26152    29670.1741   203    31094.0000    27903.0000  2517559   10.26%
  49637 26193    29522.0000    49    31094.0000    27903.0000  2520776   10.26%
  49680 26218    30912.0000   110    31094.0000    27903.0000  2522154   10.26%
  49753 26256    28164.0000    72    31094.0000    27903.0000  2525352   10.26%
* 49760+26247                        31083.0000    27903.0000            10.23%
* 49760+25152                        30632.0000    27903.0000             8.91%
* 49760+25152                        30626.0000    27903.0000             8.89%
  49792 25170    28915.0000   249    30626.0000    27903.0000  2526982    8.89%
  49827 25183    29871.0000   143    30626.0000    27903.0000  2528595    8.89%
  49887 25212    29437.0000    70    30626.0000    27903.0000  2530476    8.89%
Elapsed time = 42888.03 sec. (14141236.21 ticks, tree = 273.96 MB, solutions = 12)
  49929 25228    28917.0914   120    30626.0000    27903.0000  2532420    8.89%
  49988 25252    29959.0000    50    30626.0000    27903.0000  2535264    8.89%
  50031 25266    29667.3594    96    30626.0000    27903.0000  2537141    8.89%
  50083 25285    27903.0000   129    30626.0000    27903.0000  2539288    8.89%

GUB cover cuts applied:  37
Clique cuts applied:  166
Cover cuts applied:  1167
Implied bound cuts applied:  48
Flow cuts applied:  143
Mixed integer rounding cuts applied:  250
Zero-half cuts applied:  30
Gomory fractional cuts applied:  1

Root node processing (before b&c):
  Real time             = 1166.78 sec. (249662.41 ticks)
Sequential b&c:
  Real time             = 42033.28 sec. (13968138.31 ticks)
                          ------------
Total (root+branch&cut) = 43200.06 sec. (14217800.72 ticks)
Feasible

>> Printing some results...
    -> Solution value = 30625 - 08:30:25
    -> Total time = 43200.06
    -> Gap value = 0.09

=============
Train 0
=============
> Trip 0
   0(time 4765 - 01:19:25)(time 4969 - 01:22:49) ->    1(time 5054 - 01:24:14)(time 5261 - 01:27:41) ->    2(time 5346 - 01:29:06)(time 5555 - 01:32:35) ->    3(time 5640 - 01:34:00)(time 5845 - 01:37:25) ->    4(time 5930 - 01:38:50)(time 6159 - 01:42:39) ->    5(time 6194 - 01:43:14)(time 6418 - 01:46:58) ->    6(time 6503 - 01:48:23)(time 6698 - 01:51:38) ->    7(time 6733 - 01:52:13)(time 6927 - 01:55:27) ->    8(time 7012 - 01:56:52)(time 7211 - 02:00:11) ->    9(time 7296 - 02:01:36)(time 7494 - 02:04:54) ->    10(time 7579 - 02:06:19)(time 7775 - 02:09:35) ->    11(time 7810 - 02:10:10)(time 8032 - 02:13:52) ->    12(time 8117 - 02:15:17)(time 8346 - 02:19:06) ->    13(time 8431 - 02:20:31)(time 8629 - 02:23:49) ->    14(time 8714 - 02:25:14)(time 8937 - 02:28:57) ->    15(time 9198 - 02:33:18)(time 9198 - 02:33:18) ->    31(time 9283 - 02:34:43)(time 9506 - 02:38:26) ->    30(time 9591 - 02:39:51)(time 9789 - 02:43:09) ->    29(time 9874 - 02:44:34)(time 10103 - 02:48:23) ->    28(time 10188 - 02:49:48)(time 10410 - 02:53:30) ->    27(time 10445 - 02:54:05)(time 10641 - 02:57:21) ->    26(time 10726 - 02:58:46)(time 10924 - 03:02:04) ->    25(time 11009 - 03:03:29)(time 11208 - 03:06:48) ->    24(time 11293 - 03:08:13)(time 11487 - 03:11:27) ->    23(time 11522 - 03:12:02)(time 11717 - 03:15:17) ->    22(time 11802 - 03:16:42)(time 12026 - 03:20:26) ->    21(time 12061 - 03:21:01)(time 12290 - 03:24:50) ->    20(time 12375 - 03:26:15)(time 12580 - 03:29:40) ->    19(time 12665 - 03:31:05)(time 12874 - 03:34:34) ->    18(time 12959 - 03:35:59)(time 13166 - 03:39:26) ->    17(time 13427 - 03:43:47)(time 13631 - 03:47:11) ->    16(time 13892 - 03:51:32)(time 13892 - 03:51:32) -> 0
> Trip 1
   0(time 14136 - 03:55:36)(time 14340 - 03:59:00) ->    1(time 14425 - 04:00:25)(time 14632 - 04:03:52) ->    2(time 14717 - 04:05:17)(time 14926 - 04:08:46) ->    3(time 15011 - 04:10:11)(time 15216 - 04:13:36) ->    4(time 15301 - 04:15:01)(time 15530 - 04:18:50) ->    5(time 15565 - 04:19:25)(time 15789 - 04:23:09) ->    6(time 15874 - 04:24:34)(time 16069 - 04:27:49) ->    7(time 16104 - 04:28:24)(time 16298 - 04:31:38) ->    8(time 16383 - 04:33:03)(time 16582 - 04:36:22) ->    9(time 16667 - 04:37:47)(time 16865 - 04:41:05) ->    10(time 16950 - 04:42:30)(time 17146 - 04:45:46) ->    11(time 17181 - 04:46:21)(time 17403 - 04:50:03) ->    12(time 17488 - 04:51:28)(time 17717 - 04:55:17) ->    13(time 17802 - 04:56:42)(time 18000 - 05:00:00) ->    14(time 18085 - 05:01:25)(time 18308 - 05:05:08) ->    15(time 18569 - 05:09:29)(time 18569 - 05:09:29) ->    31(time 18654 - 05:10:54)(time 18877 - 05:14:37) ->    30(time 18962 - 05:16:02)(time 19160 - 05:19:20) ->    29(time 19245 - 05:20:45)(time 19474 - 05:24:34) ->    28(time 19559 - 05:25:59)(time 19781 - 05:29:41) ->    27(time 19816 - 05:30:16)(time 20012 - 05:33:32) ->    26(time 20273 - 05:37:53)(time 20471 - 05:41:11) ->    25(time 20556 - 05:42:36)(time 20755 - 05:45:55) ->    24(time 20840 - 05:47:20)(time 21034 - 05:50:34) ->    23(time 21069 - 05:51:09)(time 21264 - 05:54:24) ->    22(time 21349 - 05:55:49)(time 21573 - 05:59:33) ->    21(time 21608 - 06:00:08)(time 21837 - 06:03:57) ->    20(time 21922 - 06:05:22)(time 22127 - 06:08:47) ->    19(time 22212 - 06:10:12)(time 22421 - 06:13:41) ->    18(time 22506 - 06:15:06)(time 22713 - 06:18:33) ->    17(time 22798 - 06:19:58)(time 23002 - 06:23:22) ->    16(time 23263 - 06:27:43)(time 23263 - 06:27:43) -> 0
> Trip 2
   0(time 23449 - 06:30:49)(time 23653 - 06:34:13) ->    1(time 23738 - 06:35:38)(time 23945 - 06:39:05) ->    2(time 24030 - 06:40:30)(time 24239 - 06:43:59) ->    3(time 24324 - 06:45:24)(time 24529 - 06:48:49) ->    4(time 24614 - 06:50:14)(time 24843 - 06:54:03) ->    5(time 24878 - 06:54:38)(time 25102 - 06:58:22) ->    6(time 25187 - 06:59:47)(time 25382 - 07:03:02) ->    7(time 25417 - 07:03:37)(time 25611 - 07:06:51) ->    8(time 25696 - 07:08:16)(time 25895 - 07:11:35) ->    9(time 25980 - 07:13:00)(time 26178 - 07:16:18) ->    10(time 26263 - 07:17:43)(time 26459 - 07:20:59) ->    11(time 26494 - 07:21:34)(time 26716 - 07:25:16) ->    12(time 26801 - 07:26:41)(time 27030 - 07:30:30) ->    13(time 27115 - 07:31:55)(time 27313 - 07:35:13) ->    14(time 27398 - 07:36:38)(time 27621 - 07:40:21) ->    15(time 27882 - 07:44:42)(time 27882 - 07:44:42) ->    31(time 28058 - 07:47:38)(time 28281 - 07:51:21) ->    30(time 28366 - 07:52:46)(time 28564 - 07:56:04) ->    29(time 28649 - 07:57:29)(time 28878 - 08:01:18) ->    28(time 28963 - 08:02:43)(time 29185 - 08:06:25) ->    27(time 29220 - 08:07:00)(time 29416 - 08:10:16) ->    26(time 29501 - 08:11:41)(time 29699 - 08:14:59) ->    25(time 29784 - 08:16:24)(time 29983 - 08:19:43) ->    24(time 30068 - 08:21:08)(time 30262 - 08:24:22) ->    23(time 30297 - 08:24:57)(time 30492 - 08:28:12) ->    22(time 30577 - 08:29:37)(time 30801 - 08:33:21) ->    21(time 30836 - 08:33:56)(time 31065 - 08:37:45) ->    20(time 31150 - 08:39:10)(time 31355 - 08:42:35) ->    19(time 31583 - 08:46:23)(time 31792 - 08:49:52) ->    18(time 31877 - 08:51:17)(time 32084 - 08:54:44) ->    17(time 32169 - 08:56:09)(time 32373 - 08:59:33) ->    16(time 32634 - 09:03:54)(time 32634 - 09:03:54) -> 0
> Trip 3
   0(time 32634 - 09:03:54)(time 32838 - 09:07:18) ->    1(time 32923 - 09:08:43)(time 33130 - 09:12:10) ->    2(time 33215 - 09:13:35)(time 33424 - 09:17:04) ->    3(time 33509 - 09:18:29)(time 33714 - 09:21:54) ->    4(time 33799 - 09:23:19)(time 34028 - 09:27:08) ->    5(time 34063 - 09:27:43)(time 34287 - 09:31:27) ->    6(time 34372 - 09:32:52)(time 34567 - 09:36:07) ->    7(time 34602 - 09:36:42)(time 34796 - 09:39:56) ->    8(time 34881 - 09:41:21)(time 35080 - 09:44:40) ->    9(time 35165 - 09:46:05)(time 35363 - 09:49:23) ->    10(time 35448 - 09:50:48)(time 35644 - 09:54:04) ->    11(time 35679 - 09:54:39)(time 35901 - 09:58:21) ->    12(time 35986 - 09:59:46)(time 36215 - 10:03:35) ->    13(time 36300 - 10:05:00)(time 36498 - 10:08:18) ->    14(time 36583 - 10:09:43)(time 36806 - 10:13:26) ->    15(time 37067 - 10:17:47)(time 37067 - 10:17:47) ->    31(time 37455 - 10:24:15)(time 37678 - 10:27:58) ->    30(time 38076 - 10:34:36)(time 38274 - 10:37:54) ->    29(time 38672 - 10:44:32)(time 38901 - 10:48:21) ->    28(time 38986 - 10:49:46)(time 39208 - 10:53:28) ->    27(time 39243 - 10:54:03)(time 39439 - 10:57:19) ->    26(time 39524 - 10:58:44)(time 39722 - 11:02:02) ->    25(time 39807 - 11:03:27)(time 40006 - 11:06:46) ->    24(time 40091 - 11:08:11)(time 40285 - 11:11:25) ->    23(time 40320 - 11:12:00)(time 40515 - 11:15:15) ->    22(time 40600 - 11:16:40)(time 40824 - 11:20:24) ->    21(time 40859 - 11:20:59)(time 41088 - 11:24:48) ->    20(time 41173 - 11:26:13)(time 41378 - 11:29:38) ->    19(time 41463 - 11:31:03)(time 41672 - 11:34:32) ->    18(time 41757 - 11:35:57)(time 41964 - 11:39:24) ->    17(time 42049 - 11:40:49)(time 42253 - 11:44:13) ->    16(time 42514 - 11:48:34)(time 42514 - 11:48:34) -> 0
=============
Train 1
=============
> Trip 0
   0(time 6208 - 01:43:28)(time 6412 - 01:46:52) ->    1(time 6497 - 01:48:17)(time 6704 - 01:51:44) ->    2(time 6789 - 01:53:09)(time 6998 - 01:56:38) ->    3(time 7083 - 01:58:03)(time 7288 - 02:01:28) ->    4(time 7373 - 02:02:53)(time 7602 - 02:06:42) ->    5(time 7637 - 02:07:17)(time 7861 - 02:11:01) ->    6(time 7946 - 02:12:26)(time 8141 - 02:15:41) ->    7(time 8176 - 02:16:16)(time 8370 - 02:19:30) ->    8(time 8455 - 02:20:55)(time 8654 - 02:24:14) ->    9(time 8739 - 02:25:39)(time 8937 - 02:28:57) ->    10(time 9022 - 02:30:22)(time 9218 - 02:33:38) ->    11(time 9253 - 02:34:13)(time 9475 - 02:37:55) ->    12(time 9560 - 02:39:20)(time 9789 - 02:43:09) ->    13(time 10187 - 02:49:47)(time 10385 - 02:53:05) ->    14(time 10783 - 02:59:43)(time 11006 - 03:03:26) ->    15(time 11404 - 03:10:04)(time 11404 - 03:10:04) ->    31(time 11802 - 03:16:42)(time 12025 - 03:20:25) ->    30(time 12283 - 03:24:43)(time 12481 - 03:28:01) ->    29(time 12566 - 03:29:26)(time 12795 - 03:33:15) ->    28(time 12880 - 03:34:40)(time 13102 - 03:38:22) ->    27(time 13137 - 03:38:57)(time 13333 - 03:42:13) ->    26(time 13418 - 03:43:38)(time 13616 - 03:46:56) ->    25(time 13701 - 03:48:21)(time 13900 - 03:51:40) ->    24(time 13985 - 03:53:05)(time 14179 - 03:56:19) ->    23(time 14214 - 03:56:54)(time 14409 - 04:00:09) ->    22(time 14494 - 04:01:34)(time 14718 - 04:05:18) ->    21(time 14753 - 04:05:53)(time 14982 - 04:09:42) ->    20(time 15380 - 04:16:20)(time 15585 - 04:19:45) ->    19(time 15670 - 04:21:10)(time 15879 - 04:24:39) ->    18(time 15964 - 04:26:04)(time 16171 - 04:29:31) ->    17(time 16256 - 04:30:56)(time 16460 - 04:34:20) ->    16(time 16721 - 04:38:41)(time 16721 - 04:38:41) -> 0
> Trip 1
   0(time 16721 - 04:38:41)(time 16925 - 04:42:05) ->    1(time 17010 - 04:43:30)(time 17217 - 04:46:57) ->    2(time 17302 - 04:48:22)(time 17511 - 04:51:51) ->    3(time 17596 - 04:53:16)(time 17801 - 04:56:41) ->    4(time 17886 - 04:58:06)(time 18115 - 05:01:55) ->    5(time 18150 - 05:02:30)(time 18374 - 05:06:14) ->    6(time 18459 - 05:07:39)(time 18654 - 05:10:54) ->    7(time 18689 - 05:11:29)(time 18883 - 05:14:43) ->    8(time 18968 - 05:16:08)(time 19167 - 05:19:27) ->    9(time 19252 - 05:20:52)(time 19450 - 05:24:10) ->    10(time 19535 - 05:25:35)(time 19731 - 05:28:51) ->    11(time 19957 - 05:32:37)(time 20179 - 05:36:19) ->    12(time 20264 - 05:37:44)(time 20493 - 05:41:33) ->    13(time 20578 - 05:42:58)(time 20776 - 05:46:16) ->    14(time 20861 - 05:47:41)(time 21084 - 05:51:24) ->    15(time 21345 - 05:55:45)(time 21345 - 05:55:45) ->    31(time 21345 - 05:55:45)(time 21568 - 05:59:28) ->    30(time 21653 - 06:00:53)(time 21851 - 06:04:11) ->    29(time 21936 - 06:05:36)(time 22165 - 06:09:25) ->    28(time 22250 - 06:10:50)(time 22472 - 06:14:32) ->    27(time 22507 - 06:15:07)(time 22703 - 06:18:23) ->    26(time 22788 - 06:19:48)(time 22986 - 06:23:06) ->    25(time 23071 - 06:24:31)(time 23270 - 06:27:50) ->    24(time 23355 - 06:29:15)(time 23549 - 06:32:29) ->    23(time 23585 - 06:33:05)(time 23780 - 06:36:20) ->    22(time 23865 - 06:37:45)(time 24089 - 06:41:29) ->    21(time 24124 - 06:42:04)(time 24353 - 06:45:53) ->    20(time 24751 - 06:52:31)(time 24956 - 06:55:56) ->    19(time 25041 - 06:57:21)(time 25250 - 07:00:50) ->    18(time 25335 - 07:02:15)(time 25542 - 07:05:42) ->    17(time 25627 - 07:07:07)(time 25831 - 07:10:31) ->    16(time 26092 - 07:14:52)(time 26092 - 07:14:52) -> 0
> Trip 2
   0(time 26092 - 07:14:52)(time 26296 - 07:18:16) ->    1(time 26381 - 07:19:41)(time 26588 - 07:23:08) ->    2(time 26673 - 07:24:33)(time 26882 - 07:28:02) ->    3(time 26967 - 07:29:27)(time 27172 - 07:32:52) ->    4(time 27257 - 07:34:17)(time 27486 - 07:38:06) ->    5(time 27521 - 07:38:41)(time 27745 - 07:42:25) ->    6(time 27830 - 07:43:50)(time 28025 - 07:47:05) ->    7(time 28060 - 07:47:40)(time 28254 - 07:50:54) ->    8(time 28339 - 07:52:19)(time 28538 - 07:55:38) ->    9(time 28623 - 07:57:03)(time 28821 - 08:00:21) ->    10(time 28906 - 08:01:46)(time 29102 - 08:05:02) ->    11(time 29270 - 08:07:50)(time 29492 - 08:11:32) ->    12(time 29577 - 08:12:57)(time 29806 - 08:16:46) ->    13(time 29891 - 08:18:11)(time 30089 - 08:21:29) ->    14(time 30174 - 08:22:54)(time 30397 - 08:26:37) ->    15(time 30658 - 08:30:58)(time 30658 - 08:30:58) ->    31(time 30658 - 08:30:58)(time 30881 - 08:34:41) ->    30(time 30966 - 08:36:06)(time 31164 - 08:39:24) ->    29(time 31249 - 08:40:49)(time 31478 - 08:44:38) ->    28(time 31563 - 08:46:03)(time 31785 - 08:49:45) ->    27(time 31820 - 08:50:20)(time 32016 - 08:53:36) ->    26(time 32101 - 08:55:01)(time 32299 - 08:58:19) ->    25(time 32384 - 08:59:44)(time 32583 - 09:03:03) ->    24(time 32668 - 09:04:28)(time 32862 - 09:07:42) ->    23(time 32897 - 09:08:17)(time 33092 - 09:11:32) ->    22(time 33177 - 09:12:57)(time 33401 - 09:16:41) ->    21(time 33436 - 09:17:16)(time 33665 - 09:21:05) ->    20(time 33750 - 09:22:30)(time 33955 - 09:25:55) ->    19(time 34040 - 09:27:20)(time 34249 - 09:30:49) ->    18(time 34334 - 09:32:14)(time 34541 - 09:35:41) ->    17(time 34626 - 09:37:06)(time 34830 - 09:40:30) ->    16(time 35091 - 09:44:51)(time 35091 - 09:44:51) -> 0
> Trip 3
   0(time 35091 - 09:44:51)(time 35295 - 09:48:15) ->    1(time 35380 - 09:49:40)(time 35587 - 09:53:07) ->    2(time 35672 - 09:54:32)(time 35881 - 09:58:01) ->    3(time 35966 - 09:59:26)(time 36171 - 10:02:51) ->    4(time 36256 - 10:04:16)(time 36485 - 10:08:05) ->    5(time 36520 - 10:08:40)(time 36744 - 10:12:24) ->    6(time 36829 - 10:13:49)(time 37024 - 10:17:04) ->    7(time 37059 - 10:17:39)(time 37253 - 10:20:53) ->    8(time 37338 - 10:22:18)(time 37537 - 10:25:37) ->    9(time 37622 - 10:27:02)(time 37820 - 10:30:20) ->    10(time 37905 - 10:31:45)(time 38101 - 10:35:01) ->    11(time 38136 - 10:35:36)(time 38358 - 10:39:18) ->    12(time 38443 - 10:40:43)(time 38672 - 10:44:32) ->    13(time 38757 - 10:45:57)(time 38955 - 10:49:15) ->    14(time 39079 - 10:51:19)(time 39302 - 10:55:02) ->    15(time 39563 - 10:59:23)(time 39563 - 10:59:23) ->    31(time 39563 - 10:59:23)(time 39786 - 11:03:06) ->    30(time 40132 - 11:08:52)(time 40330 - 11:12:10) ->    29(time 40415 - 11:13:35)(time 40644 - 11:17:24) ->    28(time 40729 - 11:18:49)(time 40951 - 11:22:31) ->    27(time 40986 - 11:23:06)(time 41182 - 11:26:22) ->    26(time 41267 - 11:27:47)(time 41465 - 11:31:05) ->    25(time 41550 - 11:32:30)(time 41749 - 11:35:49) ->    24(time 41834 - 11:37:14)(time 42028 - 11:40:28) ->    23(time 42063 - 11:41:03)(time 42258 - 11:44:18) ->    22(time 42343 - 11:45:43)(time 42567 - 11:49:27) ->    21(time 42602 - 11:50:02)(time 42831 - 11:53:51) ->    20(time 42916 - 11:55:16)(time 43121 - 11:58:41) ->    19(time 43206 - 12:00:06)(time 43415 - 12:03:35) ->    18(time 43500 - 12:05:00)(time 43707 - 12:08:27) ->    17(time 43792 - 12:09:52)(time 43996 - 12:13:16) ->    16(time 44257 - 12:17:37)(time 44257 - 12:17:37) -> 0
=============
Train 2
=============
> Trip 0
   0(time 5026 - 01:23:46)(time 5230 - 01:27:10) ->    1(time 5315 - 01:28:35)(time 5522 - 01:32:02) ->    2(time 5607 - 01:33:27)(time 5816 - 01:36:56) ->    3(time 5901 - 01:38:21)(time 6106 - 01:41:46) ->    4(time 6191 - 01:43:11)(time 6420 - 01:47:00) ->    5(time 6455 - 01:47:35)(time 6679 - 01:51:19) ->    6(time 6764 - 01:52:44)(time 6959 - 01:55:59) ->    7(time 6994 - 01:56:34)(time 7188 - 01:59:48) ->    8(time 7273 - 02:01:13)(time 7472 - 02:04:32) ->    9(time 7557 - 02:05:57)(time 7755 - 02:09:15) ->    10(time 7840 - 02:10:40)(time 8036 - 02:13:56) ->    11(time 8071 - 02:14:31)(time 8293 - 02:18:13) ->    12(time 8378 - 02:19:38)(time 8607 - 02:23:27) ->    13(time 8692 - 02:24:52)(time 8890 - 02:28:10) ->    14(time 8975 - 02:29:35)(time 9198 - 02:33:18) ->    15(time 9459 - 02:37:39)(time 9459 - 02:37:39) ->    31(time 9459 - 02:37:39)(time 9682 - 02:41:22) ->    30(time 9767 - 02:42:47)(time 9965 - 02:46:05) ->    29(time 10145 - 02:49:05)(time 10374 - 02:52:54) ->    28(time 10772 - 02:59:32)(time 10994 - 03:03:14) ->    27(time 11029 - 03:03:49)(time 11225 - 03:07:05) ->    26(time 11310 - 03:08:30)(time 11508 - 03:11:48) ->    25(time 11593 - 03:13:13)(time 11792 - 03:16:32) ->    24(time 11877 - 03:17:57)(time 12071 - 03:21:11) ->    23(time 12106 - 03:21:46)(time 12301 - 03:25:01) ->    22(time 12386 - 03:26:26)(time 12610 - 03:30:10) ->    21(time 12645 - 03:30:45)(time 12874 - 03:34:34) ->    20(time 12959 - 03:35:59)(time 13164 - 03:39:24) ->    19(time 13249 - 03:40:49)(time 13458 - 03:44:18) ->    18(time 13543 - 03:45:43)(time 13750 - 03:49:10) ->    17(time 13835 - 03:50:35)(time 14039 - 03:53:59) ->    16(time 14300 - 03:58:20)(time 14300 - 03:58:20) -> 0
> Trip 1
   0(time 14300 - 03:58:20)(time 14504 - 04:01:44) ->    1(time 14589 - 04:03:09)(time 14796 - 04:06:36) ->    2(time 14881 - 04:08:01)(time 15090 - 04:11:30) ->    3(time 15175 - 04:12:55)(time 15380 - 04:16:20) ->    4(time 15562 - 04:19:22)(time 15791 - 04:23:11) ->    5(time 15826 - 04:23:46)(time 16050 - 04:27:30) ->    6(time 16135 - 04:28:55)(time 16330 - 04:32:10) ->    7(time 16365 - 04:32:45)(time 16559 - 04:35:59) ->    8(time 16644 - 04:37:24)(time 16843 - 04:40:43) ->    9(time 16928 - 04:42:08)(time 17126 - 04:45:26) ->    10(time 17211 - 04:46:51)(time 17407 - 04:50:07) ->    11(time 17442 - 04:50:42)(time 17664 - 04:54:24) ->    12(time 17749 - 04:55:49)(time 17978 - 04:59:38) ->    13(time 18063 - 05:01:03)(time 18261 - 05:04:21) ->    14(time 18346 - 05:05:46)(time 18569 - 05:09:29) ->    15(time 18830 - 05:13:50)(time 18830 - 05:13:50) ->    31(time 18830 - 05:13:50)(time 19053 - 05:17:33) ->    30(time 19138 - 05:18:58)(time 19336 - 05:22:16) ->    29(time 19421 - 05:23:41)(time 19650 - 05:27:30) ->    28(time 19735 - 05:28:55)(time 19957 - 05:32:37) ->    27(time 20087 - 05:34:47)(time 20283 - 05:38:03) ->    26(time 20368 - 05:39:28)(time 20566 - 05:42:46) ->    25(time 20651 - 05:44:11)(time 20850 - 05:47:30) ->    24(time 20935 - 05:48:55)(time 21129 - 05:52:09) ->    23(time 21164 - 05:52:44)(time 21359 - 05:55:59) ->    22(time 21444 - 05:57:24)(time 21668 - 06:01:08) ->    21(time 21703 - 06:01:43)(time 21932 - 06:05:32) ->    20(time 22017 - 06:06:57)(time 22222 - 06:10:22) ->    19(time 22307 - 06:11:47)(time 22516 - 06:15:16) ->    18(time 22601 - 06:16:41)(time 22808 - 06:20:08) ->    17(time 23206 - 06:26:46)(time 23410 - 06:30:10) ->    16(time 23671 - 06:34:31)(time 23671 - 06:34:31) -> 0
> Trip 2
   0(time 23671 - 06:34:31)(time 23875 - 06:37:55) ->    1(time 23960 - 06:39:20)(time 24167 - 06:42:47) ->    2(time 24252 - 06:44:12)(time 24461 - 06:47:41) ->    3(time 24546 - 06:49:06)(time 24751 - 06:52:31) ->    4(time 24836 - 06:53:56)(time 25065 - 06:57:45) ->    5(time 25100 - 06:58:20)(time 25324 - 07:02:04) ->    6(time 25409 - 07:03:29)(time 25604 - 07:06:44) ->    7(time 25639 - 07:07:19)(time 25833 - 07:10:33) ->    8(time 25918 - 07:11:58)(time 26117 - 07:15:17) ->    9(time 26202 - 07:16:42)(time 26400 - 07:20:00) ->    10(time 26485 - 07:21:25)(time 26681 - 07:24:41) ->    11(time 26716 - 07:25:16)(time 26938 - 07:28:58) ->    12(time 27023 - 07:30:23)(time 27252 - 07:34:12) ->    13(time 27337 - 07:35:37)(time 27535 - 07:38:55) ->    14(time 27659 - 07:40:59)(time 27882 - 07:44:42) ->    15(time 28143 - 07:49:03)(time 28143 - 07:49:03) ->    31(time 28143 - 07:49:03)(time 28366 - 07:52:46) ->    30(time 28451 - 07:54:11)(time 28649 - 07:57:29) ->    29(time 28734 - 07:58:54)(time 28963 - 08:02:43) ->    28(time 29048 - 08:04:08)(time 29270 - 08:07:50) ->    27(time 29305 - 08:08:25)(time 29501 - 08:11:41) ->    26(time 29586 - 08:13:06)(time 29784 - 08:16:24) ->    25(time 29869 - 08:17:49)(time 30068 - 08:21:08) ->    24(time 30153 - 08:22:33)(time 30347 - 08:25:47) ->    23(time 30382 - 08:26:22)(time 30577 - 08:29:37) ->    22(time 30662 - 08:31:02)(time 30886 - 08:34:46) ->    21(time 30921 - 08:35:21)(time 31150 - 08:39:10) ->    20(time 31378 - 08:42:58)(time 31583 - 08:46:23) ->    19(time 31981 - 08:53:01)(time 32190 - 08:56:30) ->    18(time 32588 - 09:03:08)(time 32795 - 09:06:35) ->    17(time 32880 - 09:08:00)(time 33084 - 09:11:24) ->    16(time 33345 - 09:15:45)(time 33345 - 09:15:45) -> 0
> Trip 3
   0(time 34295 - 09:31:35)(time 34499 - 09:34:59) ->    1(time 34897 - 09:41:37)(time 35104 - 09:45:04) ->    2(time 35189 - 09:46:29)(time 35398 - 09:49:58) ->    3(time 35483 - 09:51:23)(time 35688 - 09:54:48) ->    4(time 35773 - 09:56:13)(time 36002 - 10:00:02) ->    5(time 36037 - 10:00:37)(time 36261 - 10:04:21) ->    6(time 36346 - 10:05:46)(time 36541 - 10:09:01) ->    7(time 36576 - 10:09:36)(time 36770 - 10:12:50) ->    8(time 36855 - 10:14:15)(time 37054 - 10:17:34) ->    9(time 37139 - 10:18:59)(time 37337 - 10:22:17) ->    10(time 37422 - 10:23:42)(time 37618 - 10:26:58) ->    11(time 37653 - 10:27:33)(time 37875 - 10:31:15) ->    12(time 37960 - 10:32:40)(time 38189 - 10:36:29) ->    13(time 38274 - 10:37:54)(time 38472 - 10:41:12) ->    14(time 38557 - 10:42:37)(time 38780 - 10:46:20) ->    15(time 39041 - 10:50:41)(time 39041 - 10:50:41) ->    31(time 39302 - 10:55:02)(time 39525 - 10:58:45) ->    30(time 39610 - 11:00:10)(time 39808 - 11:03:28) ->    29(time 39893 - 11:04:53)(time 40122 - 11:08:42) ->    28(time 40207 - 11:10:07)(time 40429 - 11:13:49) ->    27(time 40464 - 11:14:24)(time 40660 - 11:17:40) ->    26(time 40745 - 11:19:05)(time 40943 - 11:22:23) ->    25(time 41028 - 11:23:48)(time 41227 - 11:27:07) ->    24(time 41312 - 11:28:32)(time 41506 - 11:31:46) ->    23(time 41541 - 11:32:21)(time 41736 - 11:35:36) ->    22(time 41821 - 11:37:01)(time 42045 - 11:40:45) ->    21(time 42080 - 11:41:20)(time 42309 - 11:45:09) ->    20(time 42394 - 11:46:34)(time 42599 - 11:49:59) ->    19(time 42684 - 11:51:24)(time 42893 - 11:54:53) ->    18(time 42978 - 11:56:18)(time 43185 - 11:59:45) ->    17(time 43270 - 12:01:10)(time 43474 - 12:04:34) ->    16(time 43735 - 12:08:55)(time 43735 - 12:08:55) -> 0
=============
Train 3
=============
> Trip 0
   0(time 4504 - 01:15:04)(time 4708 - 01:18:28) ->    1(time 4793 - 01:19:53)(time 5000 - 01:23:20) ->    2(time 5085 - 01:24:45)(time 5294 - 01:28:14) ->    3(time 5379 - 01:29:39)(time 5584 - 01:33:04) ->    4(time 5669 - 01:34:29)(time 5898 - 01:38:18) ->    5(time 5933 - 01:38:53)(time 6157 - 01:42:37) ->    6(time 6242 - 01:44:02)(time 6437 - 01:47:17) ->    7(time 6472 - 01:47:52)(time 6666 - 01:51:06) ->    8(time 6751 - 01:52:31)(time 6950 - 01:55:50) ->    9(time 7035 - 01:57:15)(time 7233 - 02:00:33) ->    10(time 7318 - 02:01:58)(time 7514 - 02:05:14) ->    11(time 7549 - 02:05:49)(time 7771 - 02:09:31) ->    12(time 7856 - 02:10:56)(time 8085 - 02:14:45) ->    13(time 8170 - 02:16:10)(time 8368 - 02:19:28) ->    14(time 8453 - 02:20:53)(time 8676 - 02:24:36) ->    15(time 8937 - 02:28:57)(time 8937 - 02:28:57) ->    31(time 9198 - 02:33:18)(time 9421 - 02:37:01) ->    30(time 9506 - 02:38:26)(time 9704 - 02:41:44) ->    29(time 9789 - 02:43:09)(time 10018 - 02:46:58) ->    28(time 10103 - 02:48:23)(time 10325 - 02:52:05) ->    27(time 10360 - 02:52:40)(time 10556 - 02:55:56) ->    26(time 10641 - 02:57:21)(time 10839 - 03:00:39) ->    25(time 10924 - 03:02:04)(time 11123 - 03:05:23) ->    24(time 11208 - 03:06:48)(time 11402 - 03:10:02) ->    23(time 11437 - 03:10:37)(time 11632 - 03:13:52) ->    22(time 11717 - 03:15:17)(time 11941 - 03:19:01) ->    21(time 11976 - 03:19:36)(time 12205 - 03:23:25) ->    20(time 12290 - 03:24:50)(time 12495 - 03:28:15) ->    19(time 12580 - 03:29:40)(time 12789 - 03:33:09) ->    18(time 12874 - 03:34:34)(time 13081 - 03:38:01) ->    17(time 13166 - 03:39:26)(time 13370 - 03:42:50) ->    16(time 13631 - 03:47:11)(time 13631 - 03:47:11) -> 0
> Trip 1
   0(time 13631 - 03:47:11)(time 13835 - 03:50:35) ->    1(time 14106 - 03:55:06)(time 14313 - 03:58:33) ->    2(time 14398 - 03:59:58)(time 14607 - 04:03:27) ->    3(time 14692 - 04:04:52)(time 14897 - 04:08:17) ->    4(time 14982 - 04:09:42)(time 15211 - 04:13:31) ->    5(time 15246 - 04:14:06)(time 15470 - 04:17:50) ->    6(time 15555 - 04:19:15)(time 15750 - 04:22:30) ->    7(time 15785 - 04:23:05)(time 15979 - 04:26:19) ->    8(time 16064 - 04:27:44)(time 16263 - 04:31:03) ->    9(time 16348 - 04:32:28)(time 16546 - 04:35:46) ->    10(time 16631 - 04:37:11)(time 16827 - 04:40:27) ->    11(time 16862 - 04:41:02)(time 17084 - 04:44:44) ->    12(time 17169 - 04:46:09)(time 17398 - 04:49:58) ->    13(time 17483 - 04:51:23)(time 17681 - 04:54:41) ->    14(time 17766 - 04:56:06)(time 17989 - 04:59:49) ->    15(time 18250 - 05:04:10)(time 18250 - 05:04:10) ->    31(time 18569 - 05:09:29)(time 18792 - 05:13:12) ->    30(time 18877 - 05:14:37)(time 19075 - 05:17:55) ->    29(time 19160 - 05:19:20)(time 19389 - 05:23:09) ->    28(time 19474 - 05:24:34)(time 19696 - 05:28:16) ->    27(time 19731 - 05:28:51)(time 19927 - 05:32:07) ->    26(time 20012 - 05:33:32)(time 20210 - 05:36:50) ->    25(time 20295 - 05:38:15)(time 20494 - 05:41:34) ->    24(time 20579 - 05:42:59)(time 20773 - 05:46:13) ->    23(time 20808 - 05:46:48)(time 21003 - 05:50:03) ->    22(time 21088 - 05:51:28)(time 21312 - 05:55:12) ->    21(time 21347 - 05:55:47)(time 21576 - 05:59:36) ->    20(time 21661 - 06:01:01)(time 21866 - 06:04:26) ->    19(time 21951 - 06:05:51)(time 22160 - 06:09:20) ->    18(time 22245 - 06:10:45)(time 22452 - 06:14:12) ->    17(time 22537 - 06:15:37)(time 22741 - 06:19:01) ->    16(time 23002 - 06:23:22)(time 23002 - 06:23:22) -> 0
> Trip 2
   0(time 23002 - 06:23:22)(time 23206 - 06:26:46) ->    1(time 23477 - 06:31:17)(time 23684 - 06:34:44) ->    2(time 23769 - 06:36:09)(time 23978 - 06:39:38) ->    3(time 24063 - 06:41:03)(time 24268 - 06:44:28) ->    4(time 24353 - 06:45:53)(time 24582 - 06:49:42) ->    5(time 24617 - 06:50:17)(time 24841 - 06:54:01) ->    6(time 24926 - 06:55:26)(time 25121 - 06:58:41) ->    7(time 25156 - 06:59:16)(time 25350 - 07:02:30) ->    8(time 25435 - 07:03:55)(time 25634 - 07:07:14) ->    9(time 25719 - 07:08:39)(time 25917 - 07:11:57) ->    10(time 26002 - 07:13:22)(time 26198 - 07:16:38) ->    11(time 26233 - 07:17:13)(time 26455 - 07:20:55) ->    12(time 26540 - 07:22:20)(time 26769 - 07:26:09) ->    13(time 26854 - 07:27:34)(time 27052 - 07:30:52) ->    14(time 27137 - 07:32:17)(time 27360 - 07:36:00) ->    15(time 27621 - 07:40:21)(time 27621 - 07:40:21) ->    31(time 27882 - 07:44:42)(time 28105 - 07:48:25) ->    30(time 28190 - 07:49:50)(time 28388 - 07:53:08) ->    29(time 28473 - 07:54:33)(time 28702 - 07:58:22) ->    28(time 28787 - 07:59:47)(time 29009 - 08:03:29) ->    27(time 29102 - 08:05:02)(time 29298 - 08:08:18) ->    26(time 29383 - 08:09:43)(time 29581 - 08:13:01) ->    25(time 29666 - 08:14:26)(time 29865 - 08:17:45) ->    24(time 29950 - 08:19:10)(time 30144 - 08:22:24) ->    23(time 30179 - 08:22:59)(time 30374 - 08:26:14) ->    22(time 30459 - 08:27:39)(time 30683 - 08:31:23) ->    21(time 30718 - 08:31:58)(time 30947 - 08:35:47) ->    20(time 31032 - 08:37:12)(time 31237 - 08:40:37) ->    19(time 31322 - 08:42:02)(time 31531 - 08:45:31) ->    18(time 31616 - 08:46:56)(time 31823 - 08:50:23) ->    17(time 31908 - 08:51:48)(time 32112 - 08:55:12) ->    16(time 32373 - 08:59:33)(time 32373 - 08:59:33) -> 0
> Trip 3
   0(time 34869 - 09:41:09)(time 35073 - 09:44:33) ->    1(time 35158 - 09:45:58)(time 35365 - 09:49:25) ->    2(time 35450 - 09:50:50)(time 35659 - 09:54:19) ->    3(time 35744 - 09:55:44)(time 35949 - 09:59:09) ->    4(time 36034 - 10:00:34)(time 36263 - 10:04:23) ->    5(time 36298 - 10:04:58)(time 36522 - 10:08:42) ->    6(time 36607 - 10:10:07)(time 36802 - 10:13:22) ->    7(time 36837 - 10:13:57)(time 37031 - 10:17:11) ->    8(time 37116 - 10:18:36)(time 37315 - 10:21:55) ->    9(time 37400 - 10:23:20)(time 37598 - 10:26:38) ->    10(time 37683 - 10:28:03)(time 37879 - 10:31:19) ->    11(time 37914 - 10:31:54)(time 38136 - 10:35:36) ->    12(time 38221 - 10:37:01)(time 38450 - 10:40:50) ->    13(time 38535 - 10:42:15)(time 38733 - 10:45:33) ->    14(time 38818 - 10:46:58)(time 39041 - 10:50:41) ->    15(time 39302 - 10:55:02)(time 39302 - 10:55:02) ->    31(time 39478 - 10:57:58)(time 39701 - 11:01:41) ->    30(time 39786 - 11:03:06)(time 39984 - 11:06:24) ->    29(time 40069 - 11:07:49)(time 40298 - 11:11:38) ->    28(time 40383 - 11:13:03)(time 40605 - 11:16:45) ->    27(time 40725 - 11:18:45)(time 40921 - 11:22:01) ->    26(time 41006 - 11:23:26)(time 41204 - 11:26:44) ->    25(time 41289 - 11:28:09)(time 41488 - 11:31:28) ->    24(time 41573 - 11:32:53)(time 41767 - 11:36:07) ->    23(time 41802 - 11:36:42)(time 41997 - 11:39:57) ->    22(time 42082 - 11:41:22)(time 42306 - 11:45:06) ->    21(time 42341 - 11:45:41)(time 42570 - 11:49:30) ->    20(time 42655 - 11:50:55)(time 42860 - 11:54:20) ->    19(time 42945 - 11:55:45)(time 43154 - 11:59:14) ->    18(time 43239 - 12:00:39)(time 43446 - 12:04:06) ->    17(time 43531 - 12:05:31)(time 43735 - 12:08:55) ->    16(time 43996 - 12:13:16)(time 43996 - 12:13:16) -> 0
