t4p14r2h4.txt:
   > Trying to open the instance file...
   > Reading number of trains...
   > Reading maximum number of trips per train...
   > Reading time intervals...
   > Reading number of points...
   > Reading stations...
   > Reading crossings...
   > Reading depots...
   > Reading initial point...
   > Reading routes...
   > Reading distance and distance and service...
   > Reading demands...
   > Reading maximum time...
   > Reading alpha...

--------------------------------
 Printing instance
--------------------------------
number of trains = 4
	max trips per trains: 4     4     4     4
number of intervals = 4
	(0,  15817)	(15818,  31634)	(31635,  47451)	(47452,  63268)
number of points = 14
	initial point: 13
	stations: 0     1     2     3     4     6     8     9    10    11    12    13
	crossings: 0     2     4     5     7     9    13
	depots: 0    13
number of vertices = 28
	total vertices: 0     1     2     3     4     5     6     7     8     9    10    11    12    13    14    15    16    17    18    19    20    21    22    23    24    25    26    27
	upper vertices: 0     1     2     3     4     5     6     7     8     9    10    11    12    13
	lower vertices: 14    15    16    17    18    19    20    21    22    23    24    25    26    27
	vertices of point #0: (0, 14)
	vertices of point #1: (1, 15)
	vertices of point #2: (2, 16)
	vertices of point #3: (3, 17)
	vertices of point #4: (4, 18)
	vertices of point #5: (5, 19)
	vertices of point #6: (6, 20)
	vertices of point #7: (7, 21)
	vertices of point #8: (8, 22)
	vertices of point #9: (9, 23)
	vertices of point #10: (10, 24)
	vertices of point #11: (11, 25)
	vertices of point #12: (12, 26)
	vertices of point #13: (13, 27)

arcs...
	total arcs: 
		arc #0: (0, 1)
		arc #1: (0, 14)
		arc #2: (14, 0)
		arc #3: (1, 2)
		arc #4: (15, 14)
		arc #5: (2, 3)
		arc #6: (16, 15)
		arc #7: (3, 4)
		arc #8: (17, 16)
		arc #9: (4, 5)
		arc #10: (18, 17)
		arc #11: (5, 6)
		arc #12: (19, 18)
		arc #13: (6, 7)
		arc #14: (20, 19)
		arc #15: (7, 8)
		arc #16: (21, 20)
		arc #17: (8, 9)
		arc #18: (22, 21)
		arc #19: (9, 10)
		arc #20: (23, 22)
		arc #21: (10, 11)
		arc #22: (24, 23)
		arc #23: (11, 12)
		arc #24: (25, 24)
		arc #25: (12, 13)
		arc #26: (26, 25)
		arc #27: (27, 26)
		arc #28: (13, 27)
		arc #29: (27, 13)

	reverse arcs: 
		arc #1: (0, 14)
		arc #2: (14, 0)
		arc #28: (13, 27)
		arc #29: (27, 13)


incompatible points...
	(0, 1, 16, (1, 2))	(16, 15, 0, (15, 14))	(2, 3, 18, (3, 4))	(18, 17, 2, (17, 16))	(4, 4, 19, (4, 5))	(19, 19, 4, (19, 18))	(5, 6, 21, (6, 7))	(21, 20, 5, (20, 19))	(7, 8, 23, (8, 9))	(23, 22, 7, (22, 21))	(9, 12, 27, (12, 13))	(27, 24, 9, (24, 23))

number of routes = 2
vertices of routes...
	route #0: 0     1     2     3     4     5     6     7     8     9    10    11    12    13    27    26    25    24    23    22    21    20    19    18    17    16    15    14     0
	route #1: 27    26    25    24    23    22    21    20    19    18    17    16    15    14     0     1     2     3     4     5     6     7     8     9    10    11    12    13    27
arcs of routes...
	route #0: 0     3     5     7     9    11    13    15    17    19    21    23    25    28    27    26    24    22    20    18    16    14    12    10     8     6     4     2
	route #1: 27    26    24    22    20    18    16    14    12    10     8     6     4     2     0     3     5     7     9    11    13    15    17    19    21    23    25    28

incompatible routes...
	(0, 1)    	(1, 0)

vertices that can be adjacent in consecutive trips...
	(0, 0)    	(27, 27)
non cyclical routes: 


routes of trip...
	routes that train #0 can complete at trip #0: 1
	routes that train #0 can complete at trip #1: 0       1
	routes that train #0 can complete at trip #2: 0       1
	routes that train #0 can complete at trip #3: 0       1

	routes that train #1 can complete at trip #0: 1
	routes that train #1 can complete at trip #1: 0       1
	routes that train #1 can complete at trip #2: 0       1
	routes that train #1 can complete at trip #3: 0       1

	routes that train #2 can complete at trip #0: 1
	routes that train #2 can complete at trip #1: 0       1
	routes that train #2 can complete at trip #2: 0       1
	routes that train #2 can complete at trip #3: 0       1

	routes that train #3 can complete at trip #0: 1
	routes that train #3 can complete at trip #1: 0       1
	routes that train #3 can complete at trip #2: 0       1
	routes that train #3 can complete at trip #3: 0       1

 cost...
	arc #0 [0][1]: 288
	arc #1 [0][14]: 0
	arc #2 [14][0]: 0
	arc #3 [1][2]: 302
	arc #4 [15][14]: 288
	arc #5 [2][3]: 307
	arc #6 [16][15]: 302
	arc #7 [3][4]: 307
	arc #8 [17][16]: 307
	arc #9 [4][5]: 312
	arc #10 [18][17]: 307
	arc #11 [5][6]: 334
	arc #12 [19][18]: 312
	arc #13 [6][7]: 301
	arc #14 [20][19]: 334
	arc #15 [7][8]: 289
	arc #16 [21][20]: 301
	arc #17 [8][9]: 290
	arc #18 [22][21]: 289
	arc #19 [9][10]: 323
	arc #20 [23][22]: 290
	arc #21 [10][11]: 314
	arc #22 [24][23]: 323
	arc #23 [11][12]: 308
	arc #24 [25][24]: 314
	arc #25 [12][13]: 327
	arc #26 [26][25]: 308
	arc #27 [27][26]: 327
	arc #28 [13][27]: 0
	arc #29 [27][13]: 0

cost with minimum service...
	arc #0 [0][1]: 369
	arc #1 [0][14]: 0
	arc #2 [14][0]: 0
	arc #3 [1][2]: 383
	arc #4 [15][14]: 564
	arc #5 [2][3]: 388
	arc #6 [16][15]: 383
	arc #7 [3][4]: 388
	arc #8 [17][16]: 388
	arc #9 [4][5]: 347
	arc #10 [18][17]: 388
	arc #11 [5][6]: 415
	arc #12 [19][18]: 393
	arc #13 [6][7]: 336
	arc #14 [20][19]: 369
	arc #15 [7][8]: 370
	arc #16 [21][20]: 382
	arc #17 [8][9]: 371
	arc #18 [22][21]: 324
	arc #19 [9][10]: 404
	arc #20 [23][22]: 371
	arc #21 [10][11]: 395
	arc #22 [24][23]: 404
	arc #23 [11][12]: 389
	arc #24 [25][24]: 395
	arc #25 [12][13]: 603
	arc #26 [26][25]: 389
	arc #27 [27][26]: 408
	arc #28 [13][27]: 0
	arc #29 [27][13]: 0

cost with maximum service...
	arc #0 [0][1]: 749
	arc #1 [0][14]: 461
	arc #2 [14][0]: 461
	arc #3 [1][2]: 763
	arc #4 [15][14]: 749
	arc #5 [2][3]: 768
	arc #6 [16][15]: 763
	arc #7 [3][4]: 768
	arc #8 [17][16]: 768
	arc #9 [4][5]: 773
	arc #10 [18][17]: 768
	arc #11 [5][6]: 795
	arc #12 [19][18]: 773
	arc #13 [6][7]: 762
	arc #14 [20][19]: 795
	arc #15 [7][8]: 750
	arc #16 [21][20]: 762
	arc #17 [8][9]: 751
	arc #18 [22][21]: 750
	arc #19 [9][10]: 784
	arc #20 [23][22]: 751
	arc #21 [10][11]: 775
	arc #22 [24][23]: 784
	arc #23 [11][12]: 769
	arc #24 [25][24]: 775
	arc #25 [12][13]: 788
	arc #26 [26][25]: 769
	arc #27 [27][26]: 788
	arc #28 [13][27]: 461
	arc #29 [27][13]: 461

demands...
	demands of vertex 0 at time interval: 3     3     3     3
	demands of vertex 1 at time interval: 3     3     3     3
	demands of vertex 2 at time interval: 3     3     3     3
	demands of vertex 3 at time interval: 3     3     3     3
	demands of vertex 4 at time interval: 3     3     3     3
	demands of vertex 5 at time interval: 0     0     0     0
	demands of vertex 6 at time interval: 3     3     3     3
	demands of vertex 7 at time interval: 0     0     0     0
	demands of vertex 8 at time interval: 3     3     3     3
	demands of vertex 9 at time interval: 3     3     3     3
	demands of vertex 10 at time interval: 3     3     3     3
	demands of vertex 11 at time interval: 3     3     3     3
	demands of vertex 12 at time interval: 3     3     3     3
	demands of vertex 13 at time interval: 0     0     0     0
	demands of vertex 14 at time interval: 0     0     0     0
	demands of vertex 15 at time interval: 3     3     3     3
	demands of vertex 16 at time interval: 3     3     3     3
	demands of vertex 17 at time interval: 3     3     3     3
	demands of vertex 18 at time interval: 3     3     3     3
	demands of vertex 19 at time interval: 0     0     0     0
	demands of vertex 20 at time interval: 3     3     3     3
	demands of vertex 21 at time interval: 0     0     0     0
	demands of vertex 22 at time interval: 3     3     3     3
	demands of vertex 23 at time interval: 3     3     3     3
	demands of vertex 24 at time interval: 3     3     3     3
	demands of vertex 25 at time interval: 3     3     3     3
	demands of vertex 26 at time interval: 3     3     3     3
	demands of vertex 27 at time interval: 3     3     3     3

maximum time = 63268
alpha = 87

>> Solving...
Version identifier: 20.1.0.0 | 2020-11-10 | 9bedb6d68
CPXPARAM_Threads                                 1
CPXPARAM_TimeLimit                               43200
Aggregator has done 661 substitutions...
Tried aggregator 6 times.
MIP Presolve eliminated 130033 rows and 20524 columns.
MIP Presolve modified 358614 coefficients.
Aggregator did 896 substitutions.
Reduced MIP has 348816 rows, 132433 columns, and 850741 nonzeros.
Reduced MIP has 131984 binaries, 0 generals, 0 SOSs, and 0 indicators.
Presolve time = 61.91 sec. (16004.49 ticks)
Probing fixed 380 vars, tightened 327 bounds.
Probing time = 19.19 sec. (6473.80 ticks)
Tried aggregator 1 time.
Detecting symmetries...
Elapsed time for symmetry detection = 6.31 sec. (10005.98 ticks)
Elapsed time for symmetry detection = 19.91 sec. (20011.02 ticks)
Elapsed time for symmetry detection = 26.73 sec. (30016.07 ticks)
Elapsed time for symmetry detection = 34.29 sec. (40021.11 ticks)
Elapsed time for symmetry detection = 42.58 sec. (50026.17 ticks)
Elapsed time for symmetry detection = 50.18 sec. (60031.21 ticks)
Elapsed time for symmetry detection = 56.59 sec. (70036.27 ticks)
Found 2.649410e+163800 symmetric permutations.
MIP Presolve eliminated 484 rows and 380 columns.
MIP Presolve modified 22309 coefficients.
Reduced MIP has 348332 rows, 132053 columns, and 848809 nonzeros.
Reduced MIP has 131604 binaries, 0 generals, 0 SOSs, and 0 indicators.
Presolve time = 65.80 sec. (77154.10 ticks)
Probing fixed 0 vars, tightened 237 bounds.
Probing time = 5.29 sec. (2054.48 ticks)
Clique table members: 588390.
MIP emphasis: balance optimality and feasibility.
MIP search method: dynamic search.
Parallel mode: none, using 1 thread.
Root relaxation solution time = 246.60 sec. (161556.57 ticks)

        Nodes                                         Cuts/
   Node  Left     Objective  IInf  Best Integer    Best Bound    ItCnt     Gap

      0     0       96.0642 66086                     96.0642   137745         
      0     0     1103.9742 58367                  Cuts: 9963   164675         
      0     0     5369.1829 66138                  Cuts: 9958   191571         
      0     0     7326.4505 65477                  Cuts: 9986   207348         
      0     0     7631.8276 62207                  Cuts: 9976   221808         
      0     0     7672.0270 62182                  Cuts: 9970   229764         

Repeating presolve.
Tried aggregator 1 time.
MIP Presolve eliminated 305760 rows and 122304 columns.
MIP Presolve modified 19902 coefficients.
Reduced MIP has 42572 rows, 9749 columns, and 114632 nonzeros.
Reduced MIP has 9300 binaries, 0 generals, 0 SOSs, and 0 indicators.
Presolve time = 1.01 sec. (1133.88 ticks)
Probing fixed 0 vars, tightened 141 bounds.
Probing time = 0.20 sec. (353.29 ticks)
Tried aggregator 1 time.
Detecting symmetries...
MIP Presolve modified 9424 coefficients.
Reduced MIP has 42572 rows, 9749 columns, and 114615 nonzeros.
Reduced MIP has 9300 binaries, 0 generals, 0 SOSs, and 0 indicators.
Presolve time = 0.33 sec. (348.66 ticks)
Represolve time = 1.73 sec. (1926.54 ticks)
Probing fixed 0 vars, tightened 96 bounds.
Probing time = 0.16 sec. (294.07 ticks)
Clique table members: 66920.
MIP emphasis: balance optimality and feasibility.
MIP search method: dynamic search.
Parallel mode: none, using 1 thread.
Root relaxation solution time = 2.62 sec. (3152.28 ticks)

        Nodes                                         Cuts/
   Node  Left     Objective  IInf  Best Integer    Best Bound    ItCnt     Gap

      0     0     7672.0270  4582                   7672.0270   242464         
      0     0     7850.3737  4980                  Cuts: 4791   244645         
      0     0     8277.2386  4505                  Cuts: 1689   246224         
      0     0     8548.9635  4696                  Cuts: 1628   247540         
      0     0     8662.6564  4644                  Cuts: 1541   248325         
      0     0     8668.9589  4672                  Cuts: 1252   248941         
      0     0     8691.4520  4742                  Cuts: 1195   249672         
      0     0     8706.7009  4602                  Cuts: 1206   250257         
      0     0     8713.5379  4778                   Cuts: 914   250916         
      0     0     8714.2395  4730                   Cuts: 656   251370         
      0     0     8742.9953  4823                  Cuts: 1078   252163         
      0     0     8751.3206  4946                   Cuts: 815   252591         
      0     0     8759.0228  4814                   Cuts: 672   253105         
      0     0     8763.5150  4999                   Cuts: 972   254040         
      0     0     8766.5330  4953                   Cuts: 842   254470         
      0     0     8774.2225  4973                   Cuts: 722   254909         
      0     0     8774.6028  4994                   Cuts: 904   255366         
      0     0     8776.0810  4808                   Cuts: 390   255608         
      0     0     8776.0810  4909                  Cuts: 1891   256086         
*     0+    0                        62836.0000     8776.0810            86.03%
      0     2     8776.0810  4795    62836.0000     8795.7297   256086   86.00%
Elapsed time = 1015.08 sec. (1020827.96 ticks, tree = 0.01 MB, solutions = 1)
      1     3    30948.0000  4321    62836.0000     8864.5620   271141   85.89%
      2     4    10228.8806  4503    62836.0000    10229.1113   274891   83.72%
      3     5    11554.5101  4342    62836.0000    10229.1113   276640   83.72%
      4     6    30948.0000  4764    62836.0000    11577.1679   296928   81.58%
      5     7    19314.5234  4268    62836.0000    11748.9804   306796   81.30%
      6     8    30948.0000  5046    62836.0000    19743.5788   325463   68.58%
      7     9    20832.0434  3690    62836.0000    21252.0344   328838   66.18%
      8    10    23122.3368  3106    62836.0000    22083.0294   332078   64.86%
      9    11    23398.6589  3251    62836.0000    22083.0294   332516   64.86%
     10    12    52241.0000  2696    62836.0000    22083.0294   350075   64.86%
Elapsed time = 1044.70 sec. (1061644.27 ticks, tree = 0.09 MB, solutions = 1)
     12    14    33104.9649  1738    62836.0000    22083.0294   351641   64.86%
     17    19    46740.0000  1002    62836.0000    22083.0294   354900   64.86%
     20    22    36768.0000  1602    62836.0000    22083.0294   357510   64.86%
     21    23    52241.0000  1110    62836.0000    22083.0294   368932   64.86%
     26    24    62557.0000   644    62836.0000    22083.0294   372412   64.86%
     30    23    41264.0000  3574    62836.0000    30948.0000   382851   50.75%
     32    25    52241.0000  3518    62836.0000    30948.0000   384068   50.75%
     33    26    41264.0000  2851    62836.0000    30948.0000   400114   50.75%
     35    28    41264.0000  1037    62836.0000    30948.0000   409241   50.75%
     37    30    46766.0000  1000    62836.0000    30948.0000   418522   50.75%
Elapsed time = 1063.89 sec. (1087886.41 ticks, tree = 1.93 MB, solutions = 1)
     39    32    41264.0000  1054    62836.0000    30948.0000   428543   50.75%
     44    37    44358.0000  1155    62836.0000    30948.0000   434890   50.75%
     46    35        cutoff          62836.0000    30948.0000   438871   50.75%
     48    35    30948.0000  4130    62836.0000    30948.0000   451762   50.75%
     49    36    53174.0000  3333    62836.0000    30948.0000   456886   50.75%
     55    42    53174.0000  3316    62836.0000    30948.0000   459516   50.75%
     66    53    53174.0000  2106    62836.0000    30948.0000   466456   50.75%
     90    77    53174.0000  2339    62836.0000    30948.0000   467618   50.75%
     95    82    53174.0000  1839    62836.0000    30948.0000   474614   50.75%
    120   107    53174.0000  1801    62836.0000    30948.0000   475077   50.75%
Elapsed time = 1087.66 sec. (1121445.26 ticks, tree = 2.78 MB, solutions = 1)
    160   147    53174.0000  1779    62836.0000    30948.0000   475770   50.75%
    198   185    53174.0000  1666    62836.0000    30948.0000   481603   50.75%
    208   187    30948.0000  3579    62836.0000    30948.0000   488811   50.75%
    220   199    53174.0000  2755    62836.0000    30948.0000   493322   50.75%
    272   251    60636.0000   432    62836.0000    30948.0000   495360   50.75%
    283   258    30948.0000  3359    62836.0000    30948.0000   501412   50.75%
    287   262    57056.0000  2277    62836.0000    30948.0000   509194   50.75%
    330   305    57056.0000  1946    62836.0000    30948.0000   509481   50.75%
    403   378    57056.0000  1801    62836.0000    30948.0000   510977   50.75%
    440   415    60987.0000   332    62836.0000    30948.0000   513037   50.75%
Elapsed time = 1095.33 sec. (1133151.42 ticks, tree = 6.82 MB, solutions = 1)
    484   448    30948.0000  1868    62836.0000    30948.0000   515245   50.75%
    503   467    39448.0000  1018    62836.0000    30948.0000   517945   50.75%

Performing restart 1

Repeating presolve.
Tried aggregator 1 time.
MIP Presolve modified 7630 coefficients.
Reduced MIP has 42572 rows, 9749 columns, and 114615 nonzeros.
Reduced MIP has 9300 binaries, 0 generals, 0 SOSs, and 0 indicators.
Presolve time = 0.27 sec. (312.78 ticks)
Tried aggregator 1 time.
MIP Presolve modified 14325 coefficients.
Reduced MIP has 42572 rows, 9749 columns, and 114604 nonzeros.
Reduced MIP has 9300 binaries, 0 generals, 0 SOSs, and 0 indicators.
Presolve time = 0.35 sec. (371.94 ticks)
Represolve time = 2.43 sec. (3670.20 ticks)
    514     0     8831.1516  5071    62836.0000    Cuts: 7672   536812   50.75%
    514     0     8996.2761  4869    62836.0000    Cuts: 1667   539377   50.75%
    514     0     9336.3724  4899    62836.0000    Cuts: 3850   541670   50.75%
*   514+    0                        62464.0000    30948.0000            50.45%
*   514+    0                        62394.0000    30948.0000            50.40%
    514     0     9383.1533  5012    62394.0000    Cuts: 3538   543208   50.40%
    514     0     9415.1567  4946    62394.0000    Cuts: 2303   544507   50.40%
    514     0     9465.3129  5026    62394.0000    Cuts: 4075   546865   50.40%
    514     2     9465.3129  4756    62394.0000    30948.0000   546865   50.40%
    515     3    20028.8660  4210    62394.0000    30948.0000   556930   50.40%
    516     4    30948.0000  3829    62394.0000    30948.0000   581022   50.40%
    519     7    23886.5938  4109    62394.0000    30948.0000   583711   50.40%
    521     9    25679.3119  4033    62394.0000    30948.0000   585086   50.40%
    522    10    41264.0000  4254    62394.0000    30948.0000   588531   50.40%
    524    12    31218.0178  3377    62394.0000    30948.0000   589443   50.40%
    526    14    41264.0000  2715    62394.0000    30948.0000   592195   50.40%
Elapsed time = 1181.44 sec. (1244963.02 ticks, tree = 2.74 MB, solutions = 3)
    533    20    57768.0000   986    62394.0000    30948.0000   599946   50.40%
    545    23    57768.0000  2036    62394.0000    30948.0000   625204   50.40%
    546    24    57768.0000  2498    62394.0000    30948.0000   632502   50.40%
    551    28    57768.0000   811    62394.0000    30948.0000   642293   50.40%
    565    36    30948.0000  5124    62394.0000    30948.0000   650413   50.40%
    567    38    30948.0000  4941    62394.0000    30948.0000   659123   50.40%
    569    40    30948.0000  4954    62394.0000    30948.0000   667962   50.40%
    570    41    41264.0000  3863    62394.0000    30948.0000   676430   50.40%
    579    48        cutoff          62394.0000    30948.0000   683015   50.40%
    582    48    57768.0000  3345    62394.0000    30948.0000   690926   50.40%
Elapsed time = 1205.83 sec. (1279236.56 ticks, tree = 4.41 MB, solutions = 3)
    584    50    57768.0000  1808    62394.0000    30948.0000   697404   50.40%
    604    63    58044.0000   424    62394.0000    30948.0000   700788   50.40%
    639    88    30948.0000  4888    62394.0000    30948.0000   702753   50.40%
    642    91    30948.0000  2841    62394.0000    30948.0000   710611   50.40%
    644    93    57855.0000   851    62394.0000    30948.0000   717917   50.40%
    665   113    59242.0000   304    62394.0000    30948.0000   719627   50.40%
    679   121    34093.7235  2521    62394.0000    30948.0000   727303   50.40%
    685   127    57855.0000   548    62394.0000    30948.0000   734623   50.40%
    720   162    59930.0000    52    62394.0000    30948.0000   736240   50.40%
    733   171    41264.0000  3512    62394.0000    30948.0000   742566   50.40%
Elapsed time = 1220.53 sec. (1300131.32 ticks, tree = 6.45 MB, solutions = 3)
    741   175    30948.0000  4794    62394.0000    30948.0000   762475   50.40%
    745   179    41264.0000  3010    62394.0000    30948.0000   771451   50.40%
    752   184    57768.0000  1081    62394.0000    30948.0000   779891   50.40%
    756   184    57768.0000  2370    62394.0000    30948.0000   786674   50.40%
    773   192    31035.0000  3988    62394.0000    30948.0000   793020   50.40%
    788   201    57768.0000  2987    62394.0000    30948.0000   800601   50.40%
    798   208    30948.0000  4816    62394.0000    30948.0000   807105   50.40%
    812   213    41264.0000  3259    62394.0000    30948.0000   815659   50.40%
    818   216    57768.0000  2323    62394.0000    30948.0000   821313   50.40%
    821   217    57855.0000  1591    62394.0000    30948.0000   826940   50.40%
Elapsed time = 1248.36 sec. (1335647.35 ticks, tree = 7.09 MB, solutions = 3)
    827   220    57855.0000  1917    62394.0000    30948.0000   831697   50.40%
    829   220    41264.0000  1952    62394.0000    30948.0000   843203   50.40%
    832   223    57768.0000   851    62394.0000    30948.0000   850019   50.40%
    835   222    48293.1260  2653    62394.0000    30948.0000   867063   50.40%
    836   223    48293.1260  2588    62394.0000    30948.0000   867211   50.40%
    837   224    48293.1260  2588    62394.0000    30948.0000   867216   50.40%
    854   238    58131.0000   188    62394.0000    30948.0000   869950   50.40%
    903   273    31618.0419  3568    62394.0000    30948.0000   886689   50.40%
    904   274    31746.0000  3009    62394.0000    30948.0000   894130   50.40%
    912   282    41435.0000   633    62394.0000    30948.0000   899521   50.40%
Elapsed time = 1337.29 sec. (1456621.36 ticks, tree = 8.25 MB, solutions = 3)
    937   305    49528.0000   118    62394.0000    30948.0000   901263   50.40%
    970   323    31799.1240  4280    62394.0000    30969.4844   919062   50.36%
    974   327    31799.1240  3910    62394.0000    30969.4844   921516   50.36%
    978   331    57768.0000  2209    62394.0000    30969.4844   928273   50.36%
    990   343    57855.0000   319    62394.0000    30969.4844   932122   50.36%
    994   343    57768.0000  2951    62394.0000    31035.0000   940441   50.26%
    998   347    57768.0000  2740    62394.0000    31035.0000   947426   50.26%
   1002   350    57768.0000   859    62394.0000    31035.0000   956776   50.26%
   1028   366    57855.0000   212    62394.0000    31035.0000   959250   50.26%
*  1085   391      integral     0    61004.0000    31035.0000   959603   49.13%
   1109   410    57768.0000  2300    61004.0000    31746.0000   977365   47.96%
Elapsed time = 1357.84 sec. (1485226.89 ticks, tree = 10.23 MB, solutions = 4)
   1112   413    57768.0000   823    61004.0000    31746.0000   981419   47.96%
   1115   416    57855.0000   537    61004.0000    31746.0000   981677   47.96%
   1119   418    58320.0000   453    61004.0000    31746.0000   981792   47.96%
   1121   420    58320.0000   372    61004.0000    31746.0000   982279   47.96%
   1123   422    58320.0000   228    61004.0000    31746.0000   982359   47.96%
   1136   431    59036.0000   150    61004.0000    31746.0000   983095   47.96%
   1157   439    57768.0000  1196    61004.0000    31746.0000   985365   47.96%
   1232   498    52527.0000   235    61004.0000    31799.1240   999080   47.87%
   1256   517    57768.0000  1890    61004.0000    31799.1240  1007073   47.87%
   1304   557    57768.0000  2101    61004.0000    31799.1240  1021901   47.87%
Elapsed time = 1406.12 sec. (1537450.32 ticks, tree = 12.82 MB, solutions = 4)
   1310   563    57768.0000   459    61004.0000    31799.1240  1026365   47.87%
   1340   587    31839.9765  4004    61004.0000    31839.9765  1036939   47.81%
   1365   608    32366.7669  4114    61004.0000    31839.9765  1044970   47.81%
   1368   611    57768.0000   366    61004.0000    31839.9765  1052831   47.81%
   1398   632    40969.3791  1201    61004.0000    32366.7669  1063762   46.94%
   1494   706    33911.6500  3794    61004.0000    32596.1240  1075256   46.57%
   1498   710    57768.0000  2605    61004.0000    32596.1240  1082241   46.57%
   1548   750    33759.9000  3135    61004.0000    32596.1240  1094821   46.57%
   1625   810    33670.3397  2357    61004.0000    32596.1240  1112174   46.57%
   1662   838    41348.1381   799    61004.0000    32596.1240  1120888   46.57%
Elapsed time = 1456.56 sec. (1597234.85 ticks, tree = 17.49 MB, solutions = 4)
   1717   885    41348.1439  1065    61004.0000    33670.3397  1137330   44.81%
   1733   899    infeasible          61004.0000    33670.3397  1141083   44.81%
   1794   946    58044.0000   377    61004.0000    33767.7414  1144813   44.65%
   1861  1003    60773.0000    20    61004.0000    33798.3732  1149241   44.60%
*  1864+  975                        60773.0000    33798.3732            44.39%
   1865   975    57768.0000   970    60773.0000    34005.4400  1151503   44.05%
   1951  1041    42940.0661  1992    60773.0000    34744.7093  1163489   42.83%
   1952  1042    57768.0000  1803    60773.0000    34744.7093  1168108   42.83%
   2019  1094    57768.0000   900    60773.0000    37987.7224  1177132   37.49%
   2049  1120    41012.0737  2543    60773.0000    38573.3113  1186689   36.53%
   2109  1167    55095.0000  1978    60773.0000    38935.1057  1201766   35.93%
Elapsed time = 1496.31 sec. (1644866.06 ticks, tree = 23.00 MB, solutions = 5)
   2112  1168    57768.0000   687    60773.0000    38935.1057  1208231   35.93%
   2126  1175    57768.0000  2604    60773.0000    39200.0000  1224669   35.50%
   2127  1176    57768.0000  1437    60773.0000    39200.0000  1233809   35.50%
   2131  1178    57768.0000  2364    60773.0000    39200.0000  1257901   35.50%
   2151  1192    47385.0000   712    60773.0000    40959.0000  1271768   32.60%
   2191  1224    40969.3791  1146    60773.0000    40959.0000  1276300   32.60%
   2247  1271    40959.0000  2313    60773.0000    40959.0000  1284022   32.60%
   2284  1296    41351.0000   932    60773.0000    40969.3791  1290820   32.59%
   2354  1347    45662.0000   672    60773.0000    40969.3791  1294710   32.59%
   2417  1401    48755.0000   355    60773.0000    40969.3791  1299393   32.59%
Elapsed time = 1542.74 sec. (1702255.99 ticks, tree = 26.56 MB, solutions = 5)
   2488  1448    40969.3791   744    60773.0000    40969.3791  1301638   32.59%
   2553  1503    42620.0000   567    60773.0000    40969.3791  1304876   32.59%
   2597  1535    40969.3791   669    60773.0000    40969.3791  1306756   32.59%
   2671  1591    44975.0000   536    60773.0000    40969.3791  1309319   32.59%
   2753  1661    42074.0000   210    60773.0000    40969.3791  1312010   32.59%
   2881  1755    42452.0000   462    60773.0000    40969.3791  1314681   32.59%
   2947  1806    44156.0000   516    60773.0000    40969.3791  1320401   32.59%
   2997  1850    41971.0000   667    60773.0000    40969.3791  1325646   32.59%
   3096  1941    40969.3791   994    60773.0000    40969.3791  1330605   32.59%
   3186  2023    infeasible          60773.0000    40969.3791  1334936   32.59%
Elapsed time = 1571.32 sec. (1743440.16 ticks, tree = 37.17 MB, solutions = 5)
   3209  2040    43501.5235   737    60773.0000    40969.3791  1335789   32.59%
   3367  2167    40969.3791   827    60773.0000    40969.3791  1342679   32.59%
   3444  2234    46427.0000   150    60773.0000    40969.3791  1349633   32.59%
   3504  2277    41696.0000   459    60773.0000    40969.3791  1353348   32.59%
   3546  2307    41522.0000   485    60773.0000    40969.3791  1356577   32.59%
   3696  2424    42074.0000   166    60773.0000    40969.3791  1361936   32.59%
   3813  2503    41522.1439   518    60773.0000    40969.3791  1364943   32.59%
   3929  2599    43255.0000   246    60773.0000    40969.3791  1368079   32.59%
   4001  2646    41624.0000   486    60773.0000    40969.3791  1370991   32.59%
   4135  2758    43024.0000   326    60773.0000    40969.3791  1375290   32.59%
Elapsed time = 1606.07 sec. (1791536.98 ticks, tree = 49.79 MB, solutions = 5)
   4202  2815    42253.0000   470    60773.0000    40969.3791  1378680   32.59%
   4299  2894    40970.2124   730    60773.0000    40969.3791  1382388   32.59%
   4443  3011    infeasible          60773.0000    40969.3791  1388100   32.59%
   4548  3095    41245.3779   825    60773.0000    40969.3791  1390964   32.59%
   4607  3142    44099.0000   468    60773.0000    40969.3791  1395627   32.59%
   4709  3223    40969.3791   847    60773.0000    40969.3791  1399838   32.59%
   4897  3375    41884.0000   528    60773.0000    40969.3791  1405559   32.59%
   4996  3453    41884.0000   622    60773.0000    40969.9119  1409788   32.59%
   5037  3487    44099.0000  1192    60773.0000    40969.9119  1412803   32.59%
   5107  3538    41155.5453  2297    60773.0000    40970.1964  1425088   32.58%
Elapsed time = 1647.07 sec. (1844274.99 ticks, tree = 62.98 MB, solutions = 5)
   5159  3574    42064.0000   450    60773.0000    40970.2124  1429941   32.58%
   5299  3684    45875.0000   116    60773.0000    40970.2124  1434931   32.58%
   5335  3708    42247.0000   398    60773.0000    40970.2124  1436666   32.58%
   5453  3798    infeasible          60773.0000    40970.2124  1439685   32.58%
   5601  3929    49746.0000    68    60773.0000    40970.2124  1443187   32.58%
   5686  3990    infeasible          60773.0000    40972.3533  1447479   32.58%
   5765  4053    43067.5000   682    60773.0000    40972.3533  1451043   32.58%
   5865  4136    44657.0000   406    60773.0000    40972.3533  1454115   32.58%
   5945  4195    43823.0000   600    60773.0000    40975.1001  1457029   32.58%
   6071  4295    41711.0000   392    60773.0000    40976.7411  1461575   32.57%
Elapsed time = 1677.50 sec. (1885430.83 ticks, tree = 76.20 MB, solutions = 5)
   6126  4337    44470.0000   793    60773.0000    40976.7411  1465126   32.57%
   6188  4386    infeasible          60773.0000    40978.9925  1467600   32.57%
   6294  4476    47385.0000   763    60773.0000    41004.1137  1474721   32.53%
   6355  4526    58218.0000   298    60773.0000    41004.1137  1478822   32.53%
   6400  4562    41624.0000  1820    60773.0000    41004.1137  1485966   32.53%
   6482  4622    41004.1137  2463    60773.0000    41004.1137  1501900   32.53%
   6487  4627    41900.0000   637    60773.0000    41004.1137  1505186   32.53%
   6591  4707    47385.0000  1783    60773.0000    41004.8732  1519257   32.53%
   6594  4708    47661.0000  1030    60773.0000    41004.8732  1521086   32.53%
   6699  4791    41004.9993  1642    60773.0000    41004.9993  1528440   32.53%
Elapsed time = 1714.82 sec. (1933279.24 ticks, tree = 84.63 MB, solutions = 5)
   6787  4853    infeasible          60773.0000    41004.9993  1533983   32.53%
   6829  4885    41624.0000   942    60773.0000    41004.9993  1537477   32.53%
   6927  4951    41091.0997  1433    60773.0000    41004.9993  1546427   32.53%
   6978  4995    41624.0000   622    60773.0000    41006.2746  1554255   32.53%
   7049  5056    58581.0000   160    60773.0000    41006.2746  1562746   32.53%
   7121  5107    41624.0000  1715    60773.0000    41006.2746  1568632   32.53%
   7208  5178    58320.0000   176    60773.0000    41012.0737  1581847   32.52%
   7266  5225    41012.0759  2656    60773.0000    41012.0737  1585435   32.52%
   7267  5226    41238.1575  1371    60773.0000    41012.0737  1587752   32.52%
   7360  5306    43332.0000   335    60773.0000    41012.0737  1596297   32.52%
Elapsed time = 1752.46 sec. (1981786.85 ticks, tree = 93.34 MB, solutions = 5)
   7390  5330    43510.0000   296    60773.0000    41012.0759  1601060   32.52%
   7492  5413    44910.0000   541    60773.0000    41012.0759  1608354   32.52%
   7544  5451    45462.0000   484    60773.0000    41012.0759  1611858   32.52%
   7611  5510    48934.0000   242    60773.0000    41012.4285  1618137   32.52%
   7658  5549    44651.0000    88    60773.0000    41012.4285  1622210   32.52%
   7735  5609    44882.0000   224    60773.0000    41012.4307  1626349   32.52%
   7761  5625    infeasible          60773.0000    41012.9739  1632208   32.51%
   7842  5692    infeasible          60773.0000    41012.9739  1640139   32.51%
   7880  5720    41501.0774   641    60773.0000    41012.9739  1643887   32.51%
   7921  5749    infeasible          60773.0000    41013.3287  1646295   32.51%
Elapsed time = 1785.36 sec. (2023919.54 ticks, tree = 100.78 MB, solutions = 5)
   8068  5867    43024.0000   613    60773.0000    41013.3297  1651761   32.51%
   8158  5938    42529.0000   448    60773.0000    41013.3297  1655652   32.51%
   8224  5990    59930.0000   631    60773.0000    41013.7796  1665173   32.51%
   8233  5999    42176.0000   513    60773.0000    41013.7796  1673488   32.51%
   8373  6118    44302.0000   239    60773.0000    41015.2296  1680122   32.51%
   8440  6169    infeasible          60773.0000    41015.9359  1683203   32.51%
   8507  6229    47081.0000   272    60773.0000    41019.0806  1690550   32.50%
   8615  6321    48115.0000   355    60773.0000    41019.0806  1695925   32.50%
   8698  6389    infeasible          60773.0000    41019.0806  1699687   32.50%
   8766  6443    43510.0000   654    60773.0000    41019.0806  1704529   32.50%
Elapsed time = 1827.37 sec. (2076759.42 ticks, tree = 112.55 MB, solutions = 5)
   8955  6604    43287.0000   422    60773.0000    41019.0806  1712211   32.50%
   9005  6642    42503.0000   401    60773.0000    41019.0806  1714728   32.50%
   9154  6758    41019.0806   860    60773.0000    41019.0806  1723252   32.50%
   9172  6774    45035.0000   355    60773.0000    41019.0806  1724630   32.50%
   9279  6868    42944.4683   521    60773.0000    41019.0806  1730717   32.50%
   9306  6887    41068.5207   712    60773.0000    41019.0806  1736299   32.50%
   9336  6910    42779.0000   486    60773.0000    41021.3320  1744182   32.50%
   9452  7007    41063.6715   745    60773.0000    41021.3320  1750175   32.50%
   9501  7050    43300.0000   763    60773.0000    41021.3320  1753237   32.50%
   9555  7098    41900.0000   658    60773.0000    41021.3320  1756496   32.50%
Elapsed time = 1863.48 sec. (2121398.73 ticks, tree = 123.61 MB, solutions = 5)
   9672  7198    41024.1925   783    60773.0000    41021.3320  1765055   32.50%
   9676  7202    41900.0000   716    60773.0000    41021.3320  1767081   32.50%
   9825  7314    42616.0000   300    60773.0000    41021.3320  1775609   32.50%
   9849  7330    44156.0000   586    60773.0000    41021.3320  1781060   32.50%
   9973  7437    47937.0000   288    60773.0000    41023.5834  1788069   32.50%
  10109  7545    41066.5320   753    60773.0000    41024.1925  1794027   32.50%
  10123  7557    44442.0000   436    60773.0000    41024.1925  1799662   32.50%
  10209  7633    42452.0000   328    60773.0000    41049.5825  1806022   32.45%
  10370  7767    42350.0000   496    60773.0000    41050.4772  1811903   32.45%
  10476  7853    43706.0000   106    60773.0000    41051.1351  1815855   32.45%
Elapsed time = 1901.05 sec. (2169412.62 ticks, tree = 136.24 MB, solutions = 5)
  10503  7866    41900.0000   506    60773.0000    41054.2315  1818320   32.45%
  10599  7938    41324.9266   664    60773.0000    41054.2559  1823793   32.45%
  10631  7962    41414.1266   626    60773.0000    41056.3779  1825941   32.44%
  10752  8065    41062.1298   693    60773.0000    41056.3779  1830062   32.44%
* 10794+ 7829                        58596.0000    41056.3779            29.93%
  10794  7831    43331.0000   186    58596.0000    41056.3779  1832297   29.93%
  10890  7910    41900.0000   500    58596.0000    41056.3779  1836267   29.93%
  11021  8010    43766.0000   384    58596.0000    41056.3779  1841595   29.93%
  11122  8075    46965.0000   380    58596.0000    41056.3779  1844832   29.93%
  11233  8158    infeasible          58596.0000    41056.3779  1847532   29.93%
  11289  8200    43178.0000   551    58596.0000    41056.3779  1853016   29.93%
Elapsed time = 1936.03 sec. (2212686.82 ticks, tree = 142.10 MB, solutions = 6)
  11392  8273    infeasible          58596.0000    41056.3779  1856421   29.93%
  11434  8307    46137.0000   580    58596.0000    41056.3779  1862095   29.93%
  11544  8397    41057.2808   602    58596.0000    41056.3791  1868684   29.93%
  11616  8456    42626.0000   266    58596.0000    41056.3791  1871420   29.93%
  11694  8516    46381.0000   324    58596.0000    41056.3791  1876327   29.93%
  11781  8582    infeasible          58596.0000    41056.3791  1880182   29.93%
  11848  8636    41056.5235   767    58596.0000    41056.5235  1882554   29.93%
  11944  8716    41711.0000   551    58596.0000    41056.5235  1887086   29.93%
  12090  8831    42176.0000   409    58596.0000    41057.2796  1891271   29.93%
  12224  8936    43389.0000    84    58596.0000    41057.2796  1895408   29.93%
Elapsed time = 1969.95 sec. (2257220.57 ticks, tree = 154.31 MB, solutions = 6)
  12308  8989    41498.2170  1021    58596.0000    41057.2796  1899060   29.93%
  12344  9021    44315.0000   357    58596.0000    41057.2796  1904062   29.93%
  12433  9085    41900.0000   893    58596.0000    41057.2808  1907606   29.93%
  12507  9145    41435.0000   647    58596.0000    41057.4209  1911711   29.93%
  12669  9287    41421.0478   586    58596.0000    41057.4224  1918594   29.93%
  12708  9317    42176.0000   595    58596.0000    41057.4224  1920835   29.93%
  12868  9450    infeasible          58596.0000    41057.9893  1926028   29.93%
  12963  9523    42452.0000   426    58596.0000    41057.9893  1930501   29.93%
  13126  9651    infeasible          58596.0000    41058.6293  1935792   29.93%
  13226  9730    infeasible          58596.0000    41058.6293  1942598   29.93%
Elapsed time = 2010.63 sec. (2307459.67 ticks, tree = 167.59 MB, solutions = 6)
  13351  9835    41250.0881   992    58596.0000    41058.6293  1949401   29.93%
  13352  9834    infeasible          58596.0000    41058.6293  1949770   29.93%
  13496  9950    infeasible          58596.0000    41058.6293  1957413   29.93%
  13516  9968    42815.0000   378    58596.0000    41058.6293  1963135   29.93%
  13609 10041    41711.0000   537    58596.0000    41058.6305  1968157   29.93%
  13781 10184    41987.0000   455    58596.0000    41058.6316  1973010   29.93%
  13842 10237    43881.0000   226    58596.0000    41058.7839  1974726   29.93%
  13968 10344    45829.0000   145    58596.0000    41059.5310  1978844   29.93%
  14045 10401    42452.0000   306    58596.0000    41059.5310  1981576   29.93%
  14148 10481    41900.0000   461    58596.0000    41059.5310  1985227   29.93%
Elapsed time = 2043.14 sec. (2350346.75 ticks, tree = 180.41 MB, solutions = 6)
  14255 10567    41063.6715   579    58596.0000    41059.5310  1988931   29.93%
  14340 10638    42876.0000   172    58596.0000    41059.5310  1992047   29.93%
  14370 10658    infeasible          58596.0000    41059.5310  1996839   29.93%
  14490 10758    41624.1322  1757    58596.0000    41059.5310  2005421   29.93%
  14634 10877    41803.4920   801    58596.0000    41059.5310  2015084   29.93%
  14666 10904    41063.6715  1342    58596.0000    41059.5310  2017394   29.93%
  14725 10952    infeasible          58596.0000    41059.5310  2025145   29.93%
  14774 10990    45236.0000   518    58596.0000    41059.5310  2028820   29.93%
  14863 11065    infeasible          58596.0000    41059.5321  2032630   29.93%
  14975 11153    41900.0000   344    58596.0000    41059.5333  2036405   29.93%
Elapsed time = 2079.60 sec. (2397209.61 ticks, tree = 191.74 MB, solutions = 6)
  15130 11290    infeasible          58596.0000    41059.5333  2040183   29.93%
  15196 11344    47385.0000   487    58596.0000    41059.5378  2045226   29.93%
  15378 11502    41230.3083   692    58596.0000    41059.5378  2051122   29.93%
  15381 11503    infeasible          58596.0000    41059.5378  2051683   29.93%
  15573 11674    44417.0000   239    58596.0000    41059.6727  2057238   29.93%
  15655 11741    42728.0000   480    58596.0000    41059.6796  2061528   29.93%
  15738 11805    41059.6796   607    58596.0000    41059.6796  2064103   29.93%
  15741 11808    41711.0000   468    58596.0000    41059.6796  2064648   29.93%
  15931 11975    42539.0000   425    58596.0000    41059.6796  2069805   29.93%
  15993 12025    infeasible          58596.0000    41059.6796  2073224   29.93%
Elapsed time = 2113.85 sec. (2441934.86 ticks, tree = 206.33 MB, solutions = 6)
  16048 12072    41900.0000   526    58596.0000    41059.6796  2076159   29.93%
  16198 12203    infeasible          58596.0000    41061.4201  2082160   29.92%
  16337 12326    42539.0000   467    58596.0000    41061.4201  2092212   29.92%
  16382 12355    infeasible          58596.0000    41061.4201  2094915   29.92%
  16511 12448    44786.0000  1220    58596.0000    41061.4201  2104725   29.92%
  16664 12565    45557.0000   267    58596.0000    41061.6969  2114070   29.92%
  16755 12632    41624.0000  1076    58596.0000    41061.6969  2117239   29.92%
  16912 12767    42539.0000   263    58596.0000    41062.1298  2125321   29.92%
  16939 12789    42176.0000   358    58596.0000    41062.1298  2126228   29.92%
  17087 12904    infeasible          58596.0000    41062.1298  2130905   29.92%
Elapsed time = 2156.04 sec. (2496659.89 ticks, tree = 221.00 MB, solutions = 6)
  17178 12971    infeasible          58596.0000    41062.1298  2134001   29.92%
  17237 13006    43075.0000   424    58596.0000    41062.1298  2140537   29.92%
  17296 13043    46280.0000   261    58596.0000    41062.4066  2143995   29.92%
  17350 13074    41987.0000   404    58596.0000    41062.5057  2146660   29.92%
  17524 13219    42539.0000   303    58596.0000    41062.5057  2153787   29.92%
  17595 13279    42626.0000   454    58596.0000    41063.0315  2156961   29.92%
  17725 13385    42176.0000   358    58596.0000    41063.0315  2161251   29.92%
  17875 13499    infeasible          58596.0000    41063.0315  2166328   29.92%
  17975 13573    41900.0000   499    58596.0000    41063.0315  2168844   29.92%
  18115 13675    44984.0000   278    58596.0000    41063.0315  2173692   29.92%
Elapsed time = 2192.79 sec. (2543932.11 ticks, tree = 234.08 MB, solutions = 6)
  18203 13733    infeasible          58596.0000    41063.0315  2176663   29.92%
  18329 13823    41063.0315   529    58596.0000    41063.0315  2180027   29.92%
  18377 13863    44142.4578   392    58596.0000    41063.0315  2181699   29.92%
  18494 13951    44115.0000   221    58596.0000    41063.0315  2186845   29.92%
  18585 14013    infeasible          58596.0000    41063.0315  2190301   29.92%
  18675 14082    41900.0000   350    58596.0000    41063.0315  2193490   29.92%
  18804 14167    44115.0000   259    58596.0000    41063.0315  2196398   29.92%
  18898 14229    infeasible          58596.0000    41063.0315  2199157   29.92%
  19007 14299    infeasible          58596.0000    41063.0315  2202873   29.92%
  19040 14327    infeasible          58596.0000    41063.0315  2205507   29.92%
Elapsed time = 2223.30 sec. (2585346.44 ticks, tree = 245.53 MB, solutions = 6)
  19126 14390    infeasible          58596.0000    41063.0338  2209953   29.92%
  19277 14502    42866.0000   234    58596.0000    41063.0338  2214744   29.92%
  19330 14533    infeasible          58596.0000    41063.6715  2218433   29.92%
  19418 14609    42728.0000   417    58596.0000    41063.6715  2222759   29.92%
  19485 14657    42176.0000   461    58596.0000    41063.6715  2226166   29.92%
  19602 14754    41900.0000   614    58596.0000    41063.6715  2231558   29.92%
  19728 14862    47661.0000   474    58596.0000    41063.6715  2236837   29.92%
  19830 14942    43229.0000   162    58596.0000    41063.6715  2241876   29.92%
  19898 14989    41987.0000   250    58596.0000    41063.6715  2244292   29.92%
  20020 15086    41563.1873   497    58596.0000    41063.6715  2250580   29.92%
Elapsed time = 2257.72 sec. (2629433.10 ticks, tree = 258.54 MB, solutions = 6)
  20063 15119    42815.0000   408    58596.0000    41063.6715  2253392   29.92%
  20154 15190    43007.0000   278    58596.0000    41063.6715  2257056   29.92%
  20256 15270    43142.0000   261    58596.0000    41063.6715  2260122   29.92%
  20373 15356    infeasible          58596.0000    41063.6715  2263479   29.92%
  20383 15361    infeasible          58596.0000    41063.6715  2266214   29.92%
  20515 15464    infeasible          58596.0000    41063.6715  2273303   29.92%
  20651 15571    infeasible          58596.0000    41063.6715  2278201   29.92%
  20777 15676    infeasible          58596.0000    41063.6715  2283797   29.92%
  20856 15744    42176.0000   562    58596.0000    41063.6715  2290207   29.92%
  20989 15850    45304.0000   190    58596.0000    41063.6715  2299188   29.92%
Elapsed time = 2296.42 sec. (2678686.25 ticks, tree = 271.42 MB, solutions = 6)
  21014 15863    41335.5310   742    58596.0000    41063.6715  2301031   29.92%
  21116 15943    infeasible          58596.0000    41063.6715  2307424   29.92%
  21194 16005    41337.4898   692    58596.0000    41063.6715  2312259   29.92%
  21261 16060    44673.0000   314    58596.0000    41063.6715  2316680   29.92%

Performing restart 2

Repeating presolve.
Tried aggregator 1 time.
MIP Presolve modified 8180 coefficients.
Reduced MIP has 42572 rows, 9749 columns, and 116361 nonzeros.
Reduced MIP has 9300 binaries, 0 generals, 0 SOSs, and 0 indicators.
Presolve time = 0.28 sec. (314.45 ticks)
Tried aggregator 1 time.
MIP Presolve modified 21390 coefficients.
Reduced MIP has 42572 rows, 9749 columns, and 116361 nonzeros.
Reduced MIP has 9300 binaries, 0 generals, 0 SOSs, and 0 indicators.
Presolve time = 0.32 sec. (343.82 ticks)
Represolve time = 3.01 sec. (4590.59 ticks)
  21294     0    25447.9994  5763    58596.0000    Cuts: 9070  2349762   29.92%
  21294     0    25447.9994  5540    58596.0000    Cuts: 2058  2361030   29.92%
  21294     0    25447.9994  5446    58596.0000    Cuts: 9543  2378818   29.92%
  21294     0    25447.9994  5836    58596.0000    Cuts: 5383  2392684   29.92%
  21294     0    25447.9994  4423    58596.0000    Cuts: 4739  2405093   29.92%
  21294     0    25447.9994  5048    58596.0000    Cuts: 9348  2432359   29.92%
  21294     0    25447.9994  5030    58596.0000    Cuts: 1814  2440820   29.92%
  21294     0    25447.9994  5207    58596.0000    Cuts: 9418  2454382   29.92%
  21294     0    25447.9994  5222    58596.0000    Cuts: 3958  2469614   29.92%
  21294     0    25583.7462  4237    58596.0000    Cuts: 3171  2499874   29.92%
  21294     0    26083.1332  4554    58596.0000    Cuts: 9268  2505451   29.92%
  21294     2    26083.1332  4552    58596.0000    41063.6715  2505451   29.92%
  21295     3    28197.9997  3936    58596.0000    41063.6715  2533179   29.92%
  21296     4    28197.9997  4369    58596.0000    41063.6715  2554178   29.92%
  21297     5    28197.9997  4619    58596.0000    41063.6715  2563453   29.92%
  21298     6    28197.9997  3786    58596.0000    41063.6715  2564072   29.92%
  21299     7    28197.9997  4159    58596.0000    41063.6715  2566355   29.92%
Elapsed time = 2579.17 sec. (3041358.26 ticks, tree = 0.72 MB, solutions = 6)
  21300     8    41351.0000  3492    58596.0000    41063.6715  2570519   29.92%
  21301     9    31035.0000  3514    58596.0000    41063.6715  2577070   29.92%
  21302    10    31035.0000  3394    58596.0000    41063.6715  2577966   29.92%
  21303    11    32874.6717  3353    58596.0000    41063.6715  2578923   29.92%
  21304    12    38464.3432  2707    58596.0000    41063.6715  2580076   29.92%
  21305    12    57768.0000  1423    58596.0000    41063.6715  2581692   29.92%
  21308    15    57768.0000   952    58596.0000    41063.6715  2582249   29.92%
  21311    18    57768.0000   903    58596.0000    41063.6715  2582465   29.92%
  21315    19    31035.0000  2631    58596.0000    41063.6715  2588605   29.92%
  21316    20    32520.1664  2951    58596.0000    41063.6715  2589554   29.92%
Elapsed time = 2640.40 sec. (3138848.60 ticks, tree = 5.19 MB, solutions = 6)
  21317    21    33863.3079  3015    58596.0000    41063.6715  2589910   29.92%
  21318    22    33863.3079  3000    58596.0000    41063.6715  2589960   29.92%
  21319    23    34078.2004  2986    58596.0000    41063.6715  2590501   29.92%
  21320    24    36808.8744  2426    58596.0000    41063.6715  2591218   29.92%
  21321    25    57768.0000  1768    58596.0000    41063.6715  2593082   29.92%
  21324    26    57768.0000   936    58596.0000    41063.6715  2595902   29.92%
  21327    29    57768.0000   477    58596.0000    41063.6715  2598708   29.92%
  21334    34    57768.0000   298    58596.0000    41063.6715  2599523   29.92%
  21341    36    41351.0000  2297    58596.0000    41063.6715  2603978   29.92%
  21342    37    41351.0000  2307    58596.0000    41063.6715  2604096   29.92%
Elapsed time = 2687.41 sec. (3208677.28 ticks, tree = 10.76 MB, solutions = 6)
  21343    38    41351.0000  2150    58596.0000    41063.6715  2604216   29.92%
  21344    39    41351.0000  2503    58596.0000    41063.6715  2604400   29.92%
  21345    40    51667.0000  1856    58596.0000    41063.6715  2606160   29.92%
  21346    41    57768.0000   980    58596.0000    41063.6715  2606690   29.92%
  21349    44    57768.0000   492    58596.0000    41063.6715  2607954   29.92%
  21357    52    57855.0000   381    58596.0000    41063.6715  2608359   29.92%
  21367    56    30948.0000  3438    58596.0000    41063.6715  2620164   29.92%
  21368    57    30948.0000  3440    58596.0000    41063.6715  2620427   29.92%
  21369    58    30948.0000  3406    58596.0000    41063.6715  2627495   29.92%
  21370    59    30948.0000  3396    58596.0000    41063.6715  2627644   29.92%
Elapsed time = 2740.48 sec. (3288559.47 ticks, tree = 17.06 MB, solutions = 6)
  21371    60    30948.0000  3388    58596.0000    41063.6715  2628000   29.92%
  21372    61    32890.9195  2817    58596.0000    41063.6715  2631044   29.92%
  21373    62    32890.9195  2810    58596.0000    41063.6715  2631062   29.92%
  21374    62    41264.0000   927    58596.0000    41063.6715  2633101   29.92%
  21377    63    57768.0000   484    58596.0000    41063.6715  2637384   29.92%
  21382    63    30948.0000  4153    58596.0000    41063.6715  2657774   29.92%
  21383    64    30948.0000  4417    58596.0000    41063.6715  2662294   29.92%
  21384    65    31035.0000  2518    58596.0000    41063.6715  2667798   29.92%
  21385    66    31224.0000  2889    58596.0000    41063.6715  2671062   29.92%
  21386    67    31224.0000  2916    58596.0000    41063.6715  2675339   29.92%
Elapsed time = 2790.60 sec. (3364722.07 ticks, tree = 18.48 MB, solutions = 6)
  21387    68    38306.0000  2998    58596.0000    41063.6715  2680762   29.92%
  21388    69    54726.0000  1364    58596.0000    41063.6715  2682529   29.92%
  21390    71    57768.0000   576    58596.0000    41063.6715  2684562   29.92%
  21391    72    57768.0000   576    58596.0000    41063.6715  2684564   29.92%
  21393    74    57768.0000   541    58596.0000    41063.6715  2684598   29.92%
  21395    76    57768.0000   504    58596.0000    41063.6715  2684780   29.92%
  21399    79    57768.0000   408    58596.0000    41063.6715  2686205   29.92%
  21420   100    58276.0000    90    58596.0000    41063.6715  2686668   29.92%
  21423    99    33097.1414  2953    58596.0000    41063.6715  2688908   29.92%
  21424   100    34345.7923  2729    58596.0000    41063.6715  2690081   29.92%
Elapsed time = 2834.45 sec. (3427024.22 ticks, tree = 19.04 MB, solutions = 6)
  21425   101    34346.2605  3102    58596.0000    41063.6715  2690380   29.92%
  21426   102    41264.0000  2508    58596.0000    41063.6715  2700920   29.92%
  21428   102    51667.0000  1915    58596.0000    41063.6715  2707685   29.92%
  21430   102    51667.0000  1894    58596.0000    41063.6715  2707816   29.92%
  21432   104    51667.0000  1165    58596.0000    41063.6715  2711871   29.92%
  21436   108    51667.0000  1701    58596.0000    41063.6715  2721934   29.92%
  21448   112    58044.0000   104    58596.0000    41063.6715  2730319   29.92%
  21456   115    42146.2178  2471    58596.0000    41063.6715  2738386   29.92%
  21457   116    43345.6406  2001    58596.0000    41063.6715  2741317   29.92%
  21460   118    58044.0000   359    58596.0000    41063.6715  2745878   29.92%
Elapsed time = 2871.03 sec. (3476238.06 ticks, tree = 18.96 MB, solutions = 6)
  21463   119    58044.0000   241    58596.0000    41063.6715  2747264   29.92%
  21470   123    41264.0000  2804    58596.0000    41063.6715  2757958   29.92%
  21471   124    42358.1264  2468    58596.0000    41063.6715  2761557   29.92%
  21472   125    43172.0514  2522    58596.0000    41063.6715  2762268   29.92%
  21475   126    58131.0000  1404    58596.0000    41063.6715  2769244   29.92%
  21476   127    58131.0000   461    58596.0000    41063.6715  2773219   29.92%
  21478   128    58131.0000   832    58596.0000    41063.6715  2773780   29.92%
  21481   128    57768.0000  2319    58596.0000    41063.6715  2781694   29.92%
  21482   129    57768.0000  2638    58596.0000    41063.6715  2786973   29.92%
  21485   132    57768.0000   666    58596.0000    41063.6715  2790682   29.92%
Elapsed time = 2914.58 sec. (3531764.86 ticks, tree = 18.50 MB, solutions = 6)
  21498   145    57942.0000   210    58596.0000    41063.6715  2791520   29.92%
  21506   149    30948.0000  4348    58596.0000    41063.6715  2816977   29.92%
  21507   150    30948.0000  3344    58596.0000    41063.6715  2825927   29.92%
  21508   151    30948.0000  3671    58596.0000    41063.6715  2832527   29.92%
  21509   152    30948.0000  3713    58596.0000    41063.6715  2841693   29.92%
  21510   153    31173.0079  3522    58596.0000    41063.6715  2850178   29.92%
  21511   154    31173.0079  3493    58596.0000    41063.6715  2850183   29.92%
  21512   155    31477.8636  3439    58596.0000    41063.6715  2850798   29.92%
  21513   156    31524.3174  3545    58596.0000    41063.6715  2851281   29.92%
  21514   157    35926.6656  2685    58596.0000    41063.6715  2853097   29.92%
Elapsed time = 2962.99 sec. (3606159.91 ticks, tree = 18.84 MB, solutions = 6)
  21517   160    57768.0000   254    58596.0000    41063.6715  2857296   29.92%
  21527   170    57855.0000    98    58596.0000    41063.6715  2857553   29.92%
  21534   172    30948.3060  3143    58596.0000    41063.6715  2883439   29.92%
  21535   173    31137.5105  3534    58596.0000    41063.6715  2888397   29.92%
  21536   174    30948.3810  3647    58596.0000    41063.6715  2896039   29.92%
  21537   175    32000.3495  3498    58596.0000    41063.6715  2897745   29.92%
  21538   176    41351.0000  2461    58596.0000    41063.6715  2901461   29.92%
  21539   177    41264.0000  2895    58596.0000    41063.6715  2907002   29.92%
  21542   177    infeasible          58596.0000    41063.6715  2912022   29.92%
  21543   178    58044.0000   839    58596.0000    41063.6715  2912024   29.92%
Elapsed time = 3024.50 sec. (3688573.26 ticks, tree = 19.17 MB, solutions = 6)
  21554   183    41540.0000  2045    58596.0000    41063.6715  2923520   29.92%
  21555   183    45975.4424  1748    58596.0000    41063.6715  2926095   29.92%
  21556   184    57360.0000  1582    58596.0000    41063.6715  2926595   29.92%
  21560   188    57768.0000   440    58596.0000    41063.6715  2928980   29.92%
  21578   201    58044.0000    70    58596.0000    41063.6715  2930162   29.92%
  21585   202    30948.0000  2855    58596.0000    41063.6715  2945111   29.92%
  21586   203    30948.0000  2874    58596.0000    41063.6715  2957188   29.92%
  21589   204    58044.0000  1209    58596.0000    41063.6715  2961217   29.92%
  21591   204    48920.4094  1785    58596.0000    41063.6715  2967866   29.92%
  21596   205    33448.1551  3067    58596.0000    41063.6715  2988602   29.92%
Elapsed time = 3093.77 sec. (3779964.41 ticks, tree = 19.63 MB, solutions = 6)
  21597   206    41733.6644  2617    58596.0000    41063.6715  2991598   29.92%
  21598   207    41773.7338  2491    58596.0000    41063.6715  2991752   29.92%
  21600   209    58044.0000   838    58596.0000    41063.6715  2996787   29.92%
  21603   209    33516.9105  3328    58596.0000    41063.6715  3008648   29.92%
  21604   210    33516.9105  3328    58596.0000    41063.6715  3008652   29.92%
  21605   211    34353.1236  1567    58596.0000    41063.6715  3014032   29.92%
  21607   213    39083.0000  1288    58596.0000    41063.6715  3014630   29.92%
  21610   216    39083.0000   696    58596.0000    41063.6715  3017313   29.92%
  21613   219    41245.0000   660    58596.0000    41063.6715  3018428   29.92%
  21616   222    46506.0000   491    58596.0000    41063.6715  3018897   29.92%
Elapsed time = 3134.82 sec. (3837691.01 ticks, tree = 19.86 MB, solutions = 6)
  21620   222    infeasible          58596.0000    41063.6715  3019374   29.92%
  21621   223    35447.1517  3070    58596.0000    41063.6715  3033863   29.92%
  21623   223    35447.1517  3015    58596.0000    41063.6715  3033901   29.92%
  21624   224    35447.1517  1946    58596.0000    41063.6715  3034298   29.92%
  21625   225    38684.0000  1734    58596.0000    41063.6715  3037717   29.92%
  21627   225    38873.0000  1478    58596.0000    41063.6715  3043203   29.92%
  21629   225    39657.0000  2023    58596.0000    41063.6715  3056689   29.92%
  21630   224    infeasible          58596.0000    41063.6715  3061354   29.92%
  21632   223    35237.9073  3372    58596.0000    41063.6715  3077807   29.92%
  21633   224    35237.9073  3354    58596.0000    41063.6715  3077833   29.92%
Elapsed time = 3187.01 sec. (3908409.65 ticks, tree = 19.90 MB, solutions = 6)
  21634   225    37000.0874  3121    58596.0000    41063.6715  3078250   29.92%
  21638   229    41900.0000   593    58596.0000    41063.6715  3081755   29.92%
  21642   232    45257.0000   479    58596.0000    41063.6715  3084504   29.92%
  21644   232    33797.6101  1844    58596.0000    41063.6715  3092102   29.92%
  21646   234    40160.0000  1555    58596.0000    41063.6715  3092891   29.92%
  21647   235    40160.0000  1594    58596.0000    41063.6715  3092940   29.92%
  21648   236    40160.0000  1521    58596.0000    41063.6715  3093168   29.92%
  21649   237    40160.0000  2461    58596.0000    41063.6715  3093613   29.92%
  21650   238    40328.0000  2439    58596.0000    41063.6715  3093776   29.92%
  21656   240    41540.0000  2537    58596.0000    41063.6715  3103893   29.92%
Elapsed time = 3235.77 sec. (3971722.17 ticks, tree = 19.78 MB, solutions = 6)
  21657   241    41540.0000  2560    58596.0000    41063.6715  3110123   29.92%
  21658   241    41540.0000  2260    58596.0000    41063.6715  3112545   29.92%
  21659   242    41540.0000  2537    58596.0000    41063.6715  3113951   29.92%
  21661   240    infeasible          58596.0000    41063.6715  3120523   29.92%
  21662   241    33382.1596  1992    58596.0000    41063.6715  3131569   29.92%
  21663   242    34951.3539  2611    58596.0000    41063.6715  3133260   29.92%
  21664   243    37508.0892  1384    58596.0000    41063.6715  3136560   29.92%
  21665   244    40651.0000  2434    58596.0000    41063.6715  3140490   29.92%
  21666   245    44880.0000  1258    58596.0000    41063.6715  3142973   29.92%
  21667   246    40840.0000  2474    58596.0000    41063.6715  3143092   29.92%
Elapsed time = 3290.47 sec. (4042988.05 ticks, tree = 19.85 MB, solutions = 6)
  21670   247    infeasible          58596.0000    41063.6715  3143933   29.92%
  21672   249    40927.0000  1174    58596.0000    41063.6715  3144036   29.92%
  21673   250    42160.0000  1152    58596.0000    41063.6715  3144712   29.92%
  21674   251    42160.0000  1191    58596.0000    41063.6715  3145492   29.92%
  21675   252    42160.0000   934    58596.0000    41063.6715  3146103   29.92%
  21678   255    42635.0000   498    58596.0000    41063.6715  3146810   29.92%
  21682   259    42911.0000   460    58596.0000    41063.6715  3147574   29.92%
  21687   264    42911.0000   340    58596.0000    41063.6715  3147719   29.92%
  21693   270    44651.0000   258    58596.0000    41063.6715  3148349   29.92%
  21702   276    41348.0000  1498    58596.0000    41063.6715  3151372   29.92%
Elapsed time = 3332.87 sec. (4105905.36 ticks, tree = 20.37 MB, solutions = 6)
  21704   278    57768.0000   531    58596.0000    41063.6715  3152612   29.92%
  21714   288    57855.0000   382    58596.0000    41063.6715  3153212   29.92%
  21732   300    41264.0000  2673    58596.0000    41063.6715  3160110   29.92%
  21733   301    43691.2921  2636    58596.0000    41063.6715  3167355   29.92%
  21735   301    43691.2921  2546    58596.0000    41063.6715  3168967   29.92%
  21739   303    57768.0000   467    58596.0000    41063.6715  3173098   29.92%
  21745   305    57768.0000   485    58596.0000    41063.6715  3175709   29.92%
  21750   309    58044.0000   248    58596.0000    41063.6715  3176034   29.92%
  21756   312    38307.3247  2823    58596.0000    41063.6715  3179984   29.92%
  21757   313    41700.9140  2237    58596.0000    41063.6715  3180934   29.92%
Elapsed time = 3380.45 sec. (4162443.27 ticks, tree = 20.98 MB, solutions = 6)
  21761   315    57768.0000   548    58596.0000    41063.6715  3189478   29.92%
  21764   317    57768.0000   260    58596.0000    41063.6715  3190225   29.92%
  21766   319    58044.0000   190    58596.0000    41063.6715  3190267   29.92%
  21770   319    33791.9877  2446    58596.0000    41063.6715  3201979   29.92%
  21771   320    39789.0000  2961    58596.0000    41063.6715  3210753   29.92%
  21772   321    40160.0000  2160    58596.0000    41063.6715  3215430   29.92%
  21774   323    57768.0000  1959    58596.0000    41063.6715  3224159   29.92%
  21776   325    57768.0000  1660    58596.0000    41063.6715  3231154   29.92%
  21779   328    57768.0000  1555    58596.0000    41063.6715  3235075   29.92%
  21786   333    57768.0000   560    58596.0000    41063.6715  3238995   29.92%
Elapsed time = 3430.01 sec. (4224449.56 ticks, tree = 21.26 MB, solutions = 6)
  21798   341        cutoff          58596.0000    41063.6715  3240304   29.92%
  21799   342    38523.4755  3182    58596.0000    41063.6715  3246648   29.92%
  21800   343    41348.0000  2088    58596.0000    41063.6715  3250963   29.92%
  21804   347    58044.0000   224    58596.0000    41063.6715  3252375   29.92%
  21810   348    infeasible          58596.0000    41063.6715  3252476   29.92%
  21812   350    58044.0000   210    58596.0000    41063.6715  3252485   29.92%
  21814   352    58044.0000   148    58596.0000    41063.6715  3252495   29.92%
  21820   354    infeasible          58596.0000    41063.6715  3252592   29.92%
  21825   357    57768.0000   355    58596.0000    41063.6715  3256631   29.92%
  21853   378    52241.0000  2204    58596.0000    41063.6715  3268667   29.92%
Elapsed time = 3482.89 sec. (4281505.88 ticks, tree = 21.41 MB, solutions = 6)
  21854   379    52241.0000  2240    58596.0000    41063.6715  3271377   29.92%
  21856   379    52241.0000  2259    58596.0000    41063.6715  3275053   29.92%
  21863   385    57855.0000   232    58596.0000    41063.6715  3279407   29.92%
  21870   388    36634.3496  3101    58596.0000    41063.6715  3283317   29.92%
  21871   389    41664.4928  2058    58596.0000    41063.6715  3286088   29.92%
  21872   390    41664.4928  2065    58596.0000    41063.6715  3287372   29.92%
  21873   391    47846.5718  2066    58596.0000    41063.6715  3288556   29.92%
  21874   392    47846.5718  1946    58596.0000    41063.6715  3288576   29.92%
  21875   393    52151.3357   838    58596.0000    41063.6715  3291004   29.92%
  21879   394    57768.0000   378    58596.0000    41063.6715  3293071   29.92%
Elapsed time = 3525.66 sec. (4344647.89 ticks, tree = 21.65 MB, solutions = 6)
  21887   400    58044.0000   136    58596.0000    41063.6715  3293242   29.92%
  21895   401    39419.0000  1275    58596.0000    41063.6715  3295578   29.92%
  21897   399    infeasible          58596.0000    41063.6715  3297888   29.92%
  21898   400    46786.3658  1367    58596.0000    41063.6715  3301570   29.92%
  21899   400    57768.0000   747    58596.0000    41063.6715  3302962   29.92%
  21901   401    57768.0000   623    58596.0000    41063.6715  3304945   29.92%
  21907   403    58044.0000   345    58596.0000    41063.6715  3305955   29.92%
  21914   410    58407.0000    94    58596.0000    41063.6715  3306614   29.92%
  21917   409    37409.2998  2465    58596.0000    41063.6715  3307311   29.92%
  21920   412    57768.0000   423    58596.0000    41063.6715  3311412   29.92%
Elapsed time = 3568.50 sec. (4401312.65 ticks, tree = 21.95 MB, solutions = 6)
  21930   416    36838.4378  1873    58596.0000    41063.6715  3312763   29.92%
  21932   416    36838.4378  1873    58596.0000    41063.6715  3313100   29.92%
  21933   417    38597.0000  1597    58596.0000    41063.6715  3319557   29.92%
  21934   418    38992.0000  1433    58596.0000    41063.6715  3320257   29.92%
  21935   419    39381.0000  1411    58596.0000    41063.6715  3320310   29.92%
  21936   420    39889.0754  1345    58596.0000    41063.6715  3321378   29.92%
  21937   421    41348.0000  1281    58596.0000    41063.6715  3321464   29.92%
  21938   422    41348.0000  1292    58596.0000    41063.6715  3321842   29.92%
  21940   420    infeasible          58596.0000    41063.6715  3328369   29.92%
  21942   422    57768.0000   517    58596.0000    41063.6715  3335265   29.92%
Elapsed time = 3612.06 sec. (4457158.78 ticks, tree = 22.11 MB, solutions = 6)
  21945   425    57768.0000   349    58596.0000    41063.6715  3338132   29.92%
  21950   430    58044.0000   132    58596.0000    41063.6715  3338321   29.92%
  21959   435    42280.9717  1690    58596.0000    41063.6715  3340506   29.92%
  21961   436    57456.7278   943    58596.0000    41063.6715  3342920   29.92%
  21963   438    57768.0000   617    58596.0000    41063.6715  3349862   29.92%
  21969   442    infeasible          58596.0000    41063.6715  3350436   29.92%
  21971   442    54726.0000  1171    58596.0000    41063.6715  3352900   29.92%
  21973   444    56852.0000   623    58596.0000    41063.6715  3353542   29.92%
  21976   447    56852.0000   576    58596.0000    41063.6715  3353687   29.92%
  21987   454    infeasible          58596.0000    41063.6715  3354568   29.92%
Elapsed time = 3644.80 sec. (4502058.26 ticks, tree = 22.65 MB, solutions = 6)
  21988   455    39026.5000  2920    58596.0000    41063.6715  3360138   29.92%
  21989   456    39026.5000  2876    58596.0000    41063.6715  3360271   29.92%
  21990   457    39026.5000  3002    58596.0000    41063.6715  3362393   29.92%
  21991   458    39669.2394  1396    58596.0000    41063.6715  3364966   29.92%
  21992   459    39669.2394  1319    58596.0000    41063.6715  3365438   29.92%
  21993   460    39685.3334  1293    58596.0000    41063.6715  3365473   29.92%
  21994   461    40564.0000  1427    58596.0000    41063.6715  3371116   29.92%
  21995   462    41348.0000  2137    58596.0000    41063.6715  3374152   29.92%
  21996   463    41348.0000  1411    58596.0000    41063.6715  3374331   29.92%
  21997   464    41348.0000  1349    58596.0000    41063.6715  3375010   29.92%
Elapsed time = 3690.74 sec. (4562181.79 ticks, tree = 22.75 MB, solutions = 6)
  21998   465    41348.0000  1343    58596.0000    41063.6715  3375026   29.92%
  22001   468    41624.0000  1161    58596.0000    41063.6715  3377193   29.92%
  22008   475    41624.0000   542    58596.0000    41063.6715  3377928   29.92%
  22015   482    58044.0000   226    58596.0000    41063.6715  3379164   29.92%
  22034   500    58044.0000   142    58596.0000    41063.6715  3379423   29.92%
  22044   506    39224.3695  1112    58596.0000    41063.6715  3383644   29.92%
  22047   509    44566.0000   611    58596.0000    41063.6715  3384358   29.92%
  22058   517    49320.0000   288    58596.0000    41063.6715  3386444   29.92%
  22064   520    57768.0000  2048    58596.0000    41063.6715  3400880   29.92%
  22066   522    57855.0000   828    58596.0000    41063.6715  3412025   29.92%
Elapsed time = 3726.76 sec. (4609787.26 ticks, tree = 23.74 MB, solutions = 6)
  22069   525    57942.0000   547    58596.0000    41063.6715  3412902   29.92%
  22074   526    58044.0000   679    58596.0000    41063.6715  3417476   29.92%
  22084   533        cutoff          58596.0000    41063.6715  3418753   29.92%
  22093   536    58044.0000   238    58596.0000    41063.6715  3419288   29.92%
  22097   536    38597.0000  1474    58596.0000    41063.6715  3419732   29.92%
  22098   537    39332.5113  1531    58596.0000    41063.6715  3421948   29.92%
  22099   538    39969.3091  1274    58596.0000    41063.6715  3422456   29.92%
  22100   539    41624.0000  1209    58596.0000    41063.6715  3422527   29.92%
  22101   538    infeasible          58596.0000    41063.6715  3423430   29.92%
  22102   537    infeasible          58596.0000    41063.6715  3424560   29.92%
Elapsed time = 3769.52 sec. (4658419.11 ticks, tree = 23.99 MB, solutions = 6)
  22103   536    infeasible          58596.0000    41063.6715  3424905   29.92%
  22105   536    41351.0000  1853    58596.0000    41063.6715  3429043   29.92%
  22107   536    41351.0000  1804    58596.0000    41063.6715  3429524   29.92%
  22109   538    41351.0000   621    58596.0000    41063.6715  3430490   29.92%
  22112   541    43510.0000   520    58596.0000    41063.6715  3431846   29.92%
  22118   547    49271.0000   340    58596.0000    41063.6715  3433023   29.92%
  22133   560    50691.0000   124    58596.0000    41063.6715  3433970   29.92%
  22156   577    53174.0000  1684    58596.0000    41063.6715  3437935   29.92%
  22158   579    57768.0000   613    58596.0000    41063.6715  3443780   29.92%
  22171   583    39083.0000   664    58596.0000    41063.6715  3450946   29.92%
Elapsed time = 3807.78 sec. (4707906.41 ticks, tree = 24.83 MB, solutions = 6)
  22175   581    infeasible          58596.0000    41063.6715  3451876   29.92%
  22180   580    44195.0000   879    58596.0000    41063.6715  3453463   29.92%
  22183   583    44566.0000   796    58596.0000    41063.6715  3456342   29.92%
  22186   586    45754.0000   544    58596.0000    41063.6715  3456756   29.92%
  22189   589    45754.0000   512    58596.0000    41063.6715  3458062   29.92%
  22193   593    46030.0000   288    58596.0000    41063.6715  3459076   29.92%
  22215   607    infeasible          58596.0000    41063.6715  3460368   29.92%
  22216   607    41348.0000  2738    58596.0000    41063.6715  3468507   29.92%
  22217   608    41348.0000  2572    58596.0000    41063.6715  3468594   29.92%
  22218   609    41348.0000  2982    58596.0000    41063.6715  3470528   29.92%
Elapsed time = 3838.17 sec. (4751956.44 ticks, tree = 25.30 MB, solutions = 6)
  22225   616    57768.0000   494    58596.0000    41063.6715  3475389   29.92%
  22235   626    57768.0000   344    58596.0000    41063.6715  3476694   29.92%
  22242   627    39878.3441  1236    58596.0000    41063.6715  3477030   29.92%
  22243   628    41348.0000  1219    58596.0000    41063.6715  3477103   29.92%
  22261   642    40057.7072  1305    58596.0000    41063.6715  3480016   29.92%
  22262   643    40651.0000  1292    58596.0000    41063.6715  3480125   29.92%
  22264   645    40927.0000  1256    58596.0000    41063.6715  3480254   29.92%
  22269   646    39669.2394  1280    58596.0000    41063.6715  3483831   29.92%
  22270   647    40057.7072  1248    58596.0000    41063.6715  3484115   29.92%
  22271   648    40651.0000  1233    58596.0000    41063.6715  3484339   29.92%
Elapsed time = 3882.31 sec. (4804659.34 ticks, tree = 25.95 MB, solutions = 6)
  22272   649    40651.0000  1987    58596.0000    41063.6715  3487928   29.92%
  22273   650    40651.0000  1978    58596.0000    41063.6715  3487936   29.92%
  22277   650    39685.3334  1246    58596.0000    41063.6715  3490921   29.92%
  22278   651    40564.0000  1517    58596.0000    41063.6715  3498658   29.92%
  22279   652    40564.0000  1243    58596.0000    41063.6715  3498827   29.92%
  22280   653    40564.0000  1233    58596.0000    41063.6715  3502249   29.92%
  22281   654    40564.0000  1289    58596.0000    41063.6715  3504357   29.92%
  22282   655    40564.0000  1285    58596.0000    41063.6715  3504509   29.92%
  22284   657    40840.0000  1867    58596.0000    41063.6715  3507547   29.92%
  22286   659    40840.0000   939    58596.0000    41063.6715  3508863   29.92%
Elapsed time = 3929.76 sec. (4860618.13 ticks, tree = 26.09 MB, solutions = 6)
  22287   660    40840.0000  1822    58596.0000    41063.6715  3512448   29.92%
  22288   661    40840.0000   867    58596.0000    41063.6715  3513899   29.92%
  22297   670    41392.0000   411    58596.0000    41063.6715  3517260   29.92%
  22307   680    41624.0000  1346    58596.0000    41063.6715  3518117   29.92%
  22327   696    39876.0000  3139    58596.0000    41063.6715  3526140   29.92%
  22329   698    57768.0000  1470    58596.0000    41063.6715  3529185   29.92%
  22333   702    57768.0000  1101    58596.0000    41063.6715  3535053   29.92%
  22340   709    58044.0000   166    58596.0000    41063.6715  3538424   29.92%
  22348   714    39876.0000  1512    58596.0000    41063.6715  3542892   29.92%
  22350   716    41348.0000  1358    58596.0000    41063.6715  3543958   29.92%
Elapsed time = 3976.11 sec. (4916910.53 ticks, tree = 27.02 MB, solutions = 6)
  22351   717    41624.0000  1239    58596.0000    41063.6715  3544446   29.92%
  22356   718    39876.0000  1060    58596.0000    41063.6715  3546739   29.92%
  22360   722    42176.0000   693    58596.0000    41063.6715  3547723   29.92%
  22362   720    infeasible          58596.0000    41063.6715  3550120   29.92%
  22366   724    45156.0000   648    58596.0000    41063.6715  3554694   29.92%
  22377   731    40959.0000   805    58596.0000    41063.6715  3559115   29.92%
  22381   731    57768.0000  1346    58596.0000    41063.6715  3562830   29.92%
  22383   733    57768.0000   968    58596.0000    41063.6715  3564298   29.92%
  22389   735    infeasible          58596.0000    41063.6715  3564883   29.92%
  22395   741    57768.0000   562    58596.0000    41063.6715  3569149   29.92%
Elapsed time = 4011.88 sec. (4960866.71 ticks, tree = 27.41 MB, solutions = 6)
  22408   750    40247.0000   838    58596.0000    41063.6715  3571736   29.92%
  22412   754    41435.0000   615    58596.0000    41063.6715  3572755   29.92%
  22417   759    42038.0000   419    58596.0000    41063.6715  3573404   29.92%
  22435   777    44987.0000   128    58596.0000    41063.6715  3574283   29.92%
  22440   778    41951.0000   927    58596.0000    41063.6715  3578953   29.92%
  22443   781    43510.0000   690    58596.0000    41063.6715  3579474   29.92%
  22447   785    41348.0000   678    58596.0000    41063.6715  3579829   29.92%
  22452   790    41348.0000   587    58596.0000    41063.6715  3580890   29.92%
  22467   805    42176.0000   302    58596.0000    41063.6715  3581736   29.92%
  22478   810    41624.0000   747    58596.0000    41063.6715  3583301   29.92%
Elapsed time = 4043.55 sec. (5003350.60 ticks, tree = 28.55 MB, solutions = 6)
  22484   816    44941.0000   537    58596.0000    41063.6715  3585557   29.92%
  22493   823    51321.0000   221    58596.0000    41063.6715  3587031   29.92%
  22495   823    40160.0000  1595    58596.0000    41063.6715  3594093   29.92%
  22496   824    40160.0000  1444    58596.0000    41063.6715  3598259   29.92%
  22497   825    40160.0000  1293    58596.0000    41063.6715  3598696   29.92%
  22498   826    40160.0000  1291    58596.0000    41063.6715  3598699   29.92%
  22502   830    42322.0000   658    58596.0000    41063.6715  3599402   29.92%
  22509   837    43510.0000   384    58596.0000    41063.6715  3600640   29.92%
  22515   840    42322.0000   738    58596.0000    41063.6715  3601432   29.92%
  22519   844    43510.0000   690    58596.0000    41063.6715  3602756   29.92%
Elapsed time = 4077.23 sec. (5048320.31 ticks, tree = 29.09 MB, solutions = 6)
  22527   849    40160.0000   978    58596.0000    41063.6715  3606295   29.92%
  22531   849    40160.1322   942    58596.0000    41063.6715  3610836   29.92%
  22535   853    41348.1406   923    58596.0000    41063.6715  3612044   29.92%
  22540   858    41435.0000   452    58596.0000    41063.6715  3612432   29.92%
  22548   866    44806.0000   385    58596.0000    41063.6715  3614645   29.92%
  22563   878    57768.0000   543    58596.0000    41063.6715  3618398   29.92%
  22579   888    43547.0000  1500    58596.0000    41063.6715  3620375   29.92%
  22580   889    43547.0000  1499    58596.0000    41063.6715  3620383   29.92%
  22581   890    43547.0000  1497    58596.0000    41063.6715  3620384   29.92%
  22585   894    44510.0000   628    58596.0000    41063.6715  3621149   29.92%
Elapsed time = 4111.88 sec. (5092665.98 ticks, tree = 29.95 MB, solutions = 6)
  22588   897    44510.0000   531    58596.0000    41063.6715  3621378   29.92%
  22591   900    45621.0000   452    58596.0000    41063.6715  3621757   29.92%
  22594   903    45621.0000   395    58596.0000    41063.6715  3621817   29.92%
  22603   910    47161.0000   375    58596.0000    41063.6715  3622614   29.92%
  22615   918    57768.0000  2095    58596.0000    41063.6715  3627120   29.92%
  22617   920    57768.0000  1961    58596.0000    41063.6715  3629628   29.92%
  22620   923    57768.0000  1371    58596.0000    41063.6715  3631966   29.92%
  22625   928    58025.0000   278    58596.0000    41063.6715  3632523   29.92%
  22645   943    58407.0000    23    58596.0000    41063.6715  3632922   29.92%
  22650   942    40160.0000  2442    58596.0000    41063.6715  3636985   29.92%
Elapsed time = 4152.65 sec. (5140779.03 ticks, tree = 30.83 MB, solutions = 6)
  22660   948    40247.0000  2139    58596.0000    41063.6715  3644352   29.92%
  22662   948    40436.0000  1973    58596.0000    41063.6715  3650462   29.92%
  22664   950    40436.0000   946    58596.0000    41063.6715  3653298   29.92%
  22666   952    40436.0000   946    58596.0000    41063.6715  3656646   29.92%
  22668   954    40436.0000  1827    58596.0000    41063.6715  3659958   29.92%
  22672   958    40436.0000   842    58596.0000    41063.6715  3667799   29.92%
  22674   960    42635.0000   723    58596.0000    41063.6715  3668802   29.92%
  22677   963    42635.0000  1157    58596.0000    41063.6715  3670350   29.92%
  22683   969    44891.0000   512    58596.0000    41063.6715  3671616   29.92%
  22696   982    45874.0000   241    58596.0000    41063.6715  3672177   29.92%
Elapsed time = 4194.44 sec. (5191046.27 ticks, tree = 31.45 MB, solutions = 6)
  22728  1011    48923.0000   172    58596.0000    41063.6715  3673073   29.92%
  22762  1037    41690.1488   771    58596.0000    41063.6715  3674657   29.92%
  22768  1043    44156.0000   428    58596.0000    41063.6715  3675410   29.92%
  22790  1063    49945.0000    82    58596.0000    41063.6715  3676702   29.92%
  22797  1065    49560.2981  2305    58596.0000    41063.6715  3679876   29.92%
  22799  1067    56576.0000  1087    58596.0000    41063.6715  3681314   29.92%
  22806  1072    57855.0000   257    58596.0000    41063.6715  3683439   29.92%
  22819  1076    41711.0000   557    58596.0000    41063.6715  3684124   29.92%
  22826  1080    42590.0000   415    58596.0000    41063.6715  3684929   29.92%
  22836  1087    40247.0000   743    58596.0000    41063.6715  3685796   29.92%
Elapsed time = 4225.85 sec. (5235057.47 ticks, tree = 33.43 MB, solutions = 6)
  22840  1091    42038.0000   688    58596.0000    41063.6715  3687006   29.92%
  22844  1095    43425.0000   613    58596.0000    41063.6715  3687632   29.92%
  22848  1099    43425.0000   553    58596.0000    41063.6715  3688470   29.92%
  22864  1115    46543.0000   199    58596.0000    41063.6715  3689071   29.92%
  22884  1125    43510.0000   647    58596.0000    41063.6715  3690254   29.92%
  22887  1128    43510.0000   655    58596.0000    41063.6715  3690865   29.92%
  22894  1135    46357.0000   434    58596.0000    41063.6715  3691516   29.92%
  22903  1144    46357.0000   247    58596.0000    41063.6715  3691737   29.92%
  22919  1153    44691.0000   725    58596.0000    41063.6715  3693902   29.92%
  22924  1158    44691.0000   637    58596.0000    41063.6715  3694353   29.92%
Elapsed time = 4253.74 sec. (5276314.97 ticks, tree = 34.60 MB, solutions = 6)
  22933  1167    51791.0000   200    58596.0000    41063.6715  3695621   29.92%
  22939  1170    41131.0000   630    58596.0000    41063.6715  3696474   29.92%
  22945  1176    43082.0000   504    58596.0000    41063.6715  3697246   29.92%
  22964  1193    46072.0000   177    58596.0000    41063.6715  3697732   29.92%
  22975  1199    44113.0000   484    58596.0000    41063.6715  3698712   29.92%
  22989  1213    45796.0000   207    58596.0000    41063.6715  3699239   29.92%
  23007  1225    41695.0000   642    58596.0000    41063.6715  3700596   29.92%
  23017  1235    45210.0000   386    58596.0000    41063.6715  3701300   29.92%
  23044  1256    40247.0000   708    58596.0000    41063.6715  3702577   29.92%
  23051  1263    43614.0000   462    58596.0000    41063.6715  3703763   29.92%
Elapsed time = 4280.45 sec. (5316375.83 ticks, tree = 36.41 MB, solutions = 6)
  23063  1275    43614.0000   366    58596.0000    41063.6715  3704643   29.92%
  23083  1295    44498.0000   131    58596.0000    41063.6715  3706271   29.92%
  23091  1299    43425.0000   558    58596.0000    41063.6715  3706869   29.92%
  23106  1314    45297.0000   234    58596.0000    41063.6715  3707751   29.92%
* 23124+  722                        50049.0000    41063.6715            17.95%
  23138   733    40247.0000   569    50049.0000    41063.6715  3708577   17.95%
  23149   744    45662.0000   257    50049.0000    41063.6715  3709792   17.95%
  23177   766    41435.0000   578    50049.0000    41063.6715  3711856   17.95%
  23190   779    41987.0000   176    50049.0000    41063.6715  3712876   17.95%
  23205   790    41624.0000   402    50049.0000    41063.6715  3713388   17.95%
  23221   801    41711.0000   368    50049.0000    41063.6715  3714527   17.95%
Elapsed time = 4306.64 sec. (5356411.86 ticks, tree = 14.94 MB, solutions = 7)
  23243   822    42074.0000   218    50049.0000    41063.6715  3715864   17.95%
  23281   855    41711.0000   527    50049.0000    41063.6715  3716994   17.95%
  23291   865    42263.0000   261    50049.0000    41063.6715  3717495   17.95%
* 23294+  598                        45758.0000    41063.6715            10.26%
* 23294+  416                        43842.0000    41063.6715             6.34%
  23300   418    40651.0000   446    43842.0000    41063.6715  3718241    6.34%
  23306   424    41624.0000   271    43842.0000    41063.6715  3718596    6.34%
  23322   434    41900.0000   236    43842.0000    41063.6715  3719612    6.34%
  23346   458    43794.0000    44    43842.0000    41063.6715  3720696    6.34%
* 23358   452      integral     0    43794.0000    41063.6715  3720841    6.23%
  23365   455    41987.0000   376    43794.0000    41063.6715  3721917    6.23%
  23370   459    41987.0000   245    43794.0000    41063.6715  3722223    6.23%
Elapsed time = 4335.55 sec. (5393739.15 ticks, tree = 8.56 MB, solutions = 10)
  23380   469    42074.0000   178    43794.0000    41063.6715  3722424    6.23%
  23391   474    42038.0000   435    43794.0000    41063.6715  3723408    6.23%
  23406   485    41634.0000   455    43794.0000    41063.6715  3725101    6.23%
  23410   489    43011.0000   350    43794.0000    41063.6715  3725456    6.23%
  23414   493    43011.0000   240    43794.0000    41063.6715  3725732    6.23%
  23424   499    41624.0000   388    43794.0000    41063.6715  3726284    6.23%
  23436   507    41624.0000   410    43794.0000    41063.6715  3727242    6.23%
  23442   513    41624.0000   290    43794.0000    41063.6715  3727804    6.23%
  23452   523    41987.0000   168    43794.0000    41063.6715  3728827    6.23%
* 23458+  416                        42728.0000    41063.6715             3.90%
  23465   418    41900.0000   351    42728.0000    41063.6715  3730373    3.90%
Elapsed time = 4368.45 sec. (5435498.60 ticks, tree = 7.95 MB, solutions = 11)
  23470   422    41987.0000   282    42728.0000    41063.6715  3731170    3.90%
  23484   430    40247.0000   622    42728.0000    41063.6715  3733907    3.90%
  23487   431    40247.0000   608    42728.0000    41063.6715  3734756    3.90%
  23499   437    40328.0000   586    42728.0000    41063.6715  3736796    3.90%
  23516   443    40247.0000   600    42728.0000    41063.6715  3738710    3.90%
  23533   452    40247.0000   544    42728.0000    41063.6715  3740961    3.90%
  23542   459    40840.0000   214    42728.0000    41063.6715  3742212    3.90%
  23554   467    40840.0000   286    42728.0000    41063.6715  3742903    3.90%
  23574   471    41900.0000   230    42728.0000    41063.6715  3744889    3.90%
  23584   477    41624.0000   289    42728.0000    41063.6715  3746491    3.90%
Elapsed time = 4403.69 sec. (5476560.17 ticks, tree = 8.98 MB, solutions = 11)
  23590   483    42452.0000   208    42728.0000    41063.6715  3746977    3.90%
  23598   487    41624.0000   468    42728.0000    41063.6715  3747663    3.90%
  23604   493    41711.0000   255    42728.0000    41063.6715  3748457    3.90%
  23614   498    41900.0000   312    42728.0000    41063.6715  3749844    3.90%
  23627   505    41900.0000   336    42728.0000    41063.6715  3751038    3.90%
  23640   512    41900.0000   350    42728.0000    41063.6715  3753162    3.90%
  23657   521    41596.0000   509    42728.0000    41063.6715  3755281    3.90%
  23671   535    42176.0000   194    42728.0000    41063.6715  3756062    3.90%
  23678   538    41900.0000   399    42728.0000    41063.6715  3756568    3.90%
  23688   542    41900.0000   519    42728.0000    41063.6715  3757152    3.90%
Elapsed time = 4438.77 sec. (5516378.12 ticks, tree = 10.12 MB, solutions = 11)
  23696   543    infeasible          42728.0000    41063.6715  3758090    3.90%
  23700   547    41900.0000   469    42728.0000    41063.6715  3760155    3.90%
  23705   552    42176.0000   358    42728.0000    41063.6715  3760780    3.90%
  23718   555    41900.0000   374    42728.0000    41063.6715  3761525    3.90%
  23726   557    40436.0000   672    42728.0000    41063.6715  3764930    3.90%
  23730   561    41900.0000   545    42728.0000    41063.6715  3767444    3.90%
  23738   569    41987.0000   382    42728.0000    41063.6715  3768189    3.90%
  23751   578    41900.0000   582    42728.0000    41063.6715  3771011    3.90%
  23761   580    infeasible          42728.0000    41063.6715  3773340    3.90%
  23766   585    41624.0000   476    42728.0000    41063.6715  3774212    3.90%
Elapsed time = 4480.82 sec. (5561398.08 ticks, tree = 10.86 MB, solutions = 11)
  23773   592    41900.0000   268    42728.0000    41063.6715  3775346    3.90%
  23784   595    41900.0000   400    42728.0000    41063.6715  3777958    3.90%
  23790   600    41987.0000   242    42728.0000    41063.6715  3778382    3.90%
  23800   602    41900.0000   352    42728.0000    41063.6715  3779781    3.90%
  23813   601    41624.0000   518    42728.0000    41063.6715  3782838    3.90%
  23821   603    41900.0000   461    42728.0000    41063.6715  3786842    3.90%
  23828   604    40436.0000   554    42728.0000    41063.6715  3789762    3.90%
  23839   607    40436.0000   658    42728.0000    41063.6715  3793980    3.90%
  23845   611    41624.0000   473    42728.0000    41063.6715  3797897    3.90%
  23860   618    40436.0000   510    42728.0000    41063.6715  3800078    3.90%
Elapsed time = 4520.52 sec. (5605391.15 ticks, tree = 11.46 MB, solutions = 11)
  23878   628    41900.0000   542    42728.0000    41063.6715  3802838    3.90%
  23892   638    41900.0000   337    42728.0000    41063.6715  3804464    3.90%
  23906   644    42452.0000   267    42728.0000    41063.6715  3805784    3.90%
  23919   652    41900.0000   244    42728.0000    41063.6715  3807816    3.90%
  23934   656    41900.0000   442    42728.0000    41063.6715  3809974    3.90%
  23940   658    41900.0000   298    42728.0000    41063.6715  3811750    3.90%
  23949   663    41624.0000   651    42728.0000    41063.6715  3813163    3.90%
  23959   667    41900.0000   525    42728.0000    41063.6715  3815099    3.90%
  23965   671    42452.0000   181    42728.0000    41063.6715  3817142    3.90%
  23978   674    41900.0000   547    42728.0000    41063.6715  3818704    3.90%
Elapsed time = 4556.18 sec. (5645164.07 ticks, tree = 12.45 MB, solutions = 11)
  23985   676    42523.0000   120    42728.0000    41063.6715  3822606    3.90%
  23993   678    40840.0000   372    42728.0000    41063.6715  3826534    3.90%
  24004   682    41900.0000   490    42728.0000    41063.6715  3829984    3.90%
  24010   684    40840.0000   460    42728.0000    41063.6715  3832677    3.90%
  24020   689    41116.0000   346    42728.0000    41063.6715  3834257    3.90%
  24030   686    40927.0000   432    42728.0000    41063.6715  3836547    3.90%
  24040   691    41900.0000   301    42728.0000    41063.6715  3837498    3.90%
  24052   692    41900.0000   378    42728.0000    41063.6715  3838482    3.90%
  24063   695    41711.0000   284    42728.0000    41063.6715  3839599    3.90%
  24080   708    42452.0000    90    42728.0000    41063.6715  3840315    3.90%
Elapsed time = 4592.66 sec. (5686169.78 ticks, tree = 13.05 MB, solutions = 11)
  24097   712        cutoff          42728.0000    41063.6715  3841523    3.90%
  24104   711    infeasible          42728.0000    41063.6715  3844628    3.90%
  24108   714    40927.0000   402    42728.0000    41063.6715  3849133    3.90%
  24116   718    40927.0000   490    42728.0000    41063.6715  3854788    3.90%
  24128   726        cutoff          42728.0000    41063.6715  3856474    3.90%
  24136   729    42263.0000   243    42728.0000    41063.6715  3859539    3.90%
  24152   733    41900.0000   506    42728.0000    41063.6715  3861063    3.90%
  24166   733    infeasible          42728.0000    41063.6715  3864970    3.90%
  24182   733    41116.0000   328    42728.0000    41063.6715  3866868    3.90%
  24198   739    41014.0000   392    42728.0000    41063.6715  3868942    3.90%
Elapsed time = 4627.74 sec. (5726181.39 ticks, tree = 13.61 MB, solutions = 11)
  24211   738    41116.0000   345    42728.0000    41063.6715  3870453    3.90%
  24226   737    41511.0000   294    42728.0000    41063.6715  3872430    3.90%
  24244   743    42539.0000   152    42728.0000    41063.6715  3874101    3.90%
  24264   745    41900.0000   306    42728.0000    41063.6715  3877108    3.90%
  24274   751    41116.0000   260    42728.0000    41063.6715  3878256    3.90%
  24289   756    41900.0000   281    42728.0000    41063.6715  3881507    3.90%
  24305   759    41900.0000   284    42728.0000    41063.6715  3883861    3.90%
  24316   760    40927.0000   392    42728.0000    41063.6715  3885444    3.90%
  24328   766    41116.0000   304    42728.0000    41063.6715  3887143    3.90%
  24339   769    infeasible          42728.0000    41063.6715  3889354    3.90%
Elapsed time = 4662.38 sec. (5765415.58 ticks, tree = 14.17 MB, solutions = 11)
  24348   770    41900.0000   326    42728.0000    41063.6715  3891790    3.90%
  24356   770    40840.0000   525    42728.0000    41063.6715  3893793    3.90%
  24369   775    infeasible          42728.0000    41063.6715  3895590    3.90%
  24383   775    41900.0000   447    42728.0000    41063.6715  3899003    3.90%
  24391   776    infeasible          42728.0000    41063.6715  3900029    3.90%
  24399   778    41900.0000   475    42728.0000    41063.6715  3902818    3.90%
  24408   779    infeasible          42728.0000    41063.6715  3905318    3.90%
  24414   781    41116.0000   466    42728.0000    41063.6715  3909141    3.90%
  24422   785    40927.0000   377    42728.0000    41063.6715  3910251    3.90%
  24434   793    41900.0000   303    42728.0000    41063.6715  3911448    3.90%
Elapsed time = 4700.01 sec. (5806681.58 ticks, tree = 14.57 MB, solutions = 11)
  24451   805    42176.0000   166    42728.0000    41063.6715  3912676    3.90%
  24470   814    40927.0000   289    42728.0000    41063.6715  3913808    3.90%
  24487   821    40840.0000   347    42728.0000    41063.6715  3914742    3.90%
  24500   831    40840.0000   365    42728.0000    41063.6715  3915770    3.90%
  24517   835    infeasible          42728.0000    41063.6715  3917019    3.90%
  24535   841    42235.0000    66    42728.0000    41063.6715  3918510    3.90%
  24554   846    42452.0000   140    42728.0000    41063.6715  3920119    3.90%
  24579   843    41116.0000   223    42728.0000    41063.6715  3922078    3.90%
  24606   848    41987.0000   274    42728.0000    41063.6715  3924437    3.90%
  24628   854    infeasible          42728.0000    41063.6715  3926251    3.90%
Elapsed time = 4735.47 sec. (5846198.53 ticks, tree = 15.66 MB, solutions = 11)
  24650   858    41900.0000   280    42728.0000    41063.6715  3928123    3.90%
  24668   867    40840.0000   367    42728.0000    41063.6715  3929485    3.90%
  24686   876    42452.0000    70    42728.0000    41063.6715  3931183    3.90%
  24707   889    42452.0000   204    42728.0000    41063.6715  3933175    3.90%
  24721   889    42452.0000   205    42728.0000    41063.6715  3934342    3.90%
  24730   894    41900.0000   324    42728.0000    41063.6715  3935218    3.90%
  24748   902    41900.0000   246    42728.0000    41063.6715  3936481    3.90%
  24768   910    41900.0000   302    42728.0000    41063.6715  3938405    3.90%
  24791   916    40840.0000   330    42728.0000    41063.6715  3940938    3.90%
  24810   922    41900.0000   274    42728.0000    41063.6715  3942598    3.90%
Elapsed time = 4771.79 sec. (5885782.42 ticks, tree = 16.86 MB, solutions = 11)
  24827   927    42176.0000   220    42728.0000    41063.6715  3944132    3.90%
  24845   931    infeasible          42728.0000    41063.6715  3946072    3.90%
  24861   925    infeasible          42728.0000    41063.6715  3949939    3.90%
  24881   935    42176.0000   278    42728.0000    41063.6715  3951123    3.90%
  24902   939    42176.0000   261    42728.0000    41063.6715  3953180    3.90%
  24928   945    41900.0000   365    42728.0000    41063.6715  3955278    3.90%
  24947   952    41900.0000   324    42728.0000    41063.6715  3956478    3.90%
  24973   960    41900.0000   340    42728.0000    41063.6715  3958372    3.90%
  24992   961    41900.0000   416    42728.0000    41063.6715  3960341    3.90%
  25016   971    40927.0000   411    42728.0000    41063.6715  3962186    3.90%
Elapsed time = 4809.54 sec. (5925675.02 ticks, tree = 17.74 MB, solutions = 11)
  25031   978    42263.0000   204    42728.0000    41063.6715  3963430    3.90%
  25051   977    40927.0000   452    42728.0000    41063.6715  3965469    3.90%
  25059   980    41203.0000   340    42728.0000    41063.6715  3969266    3.90%
  25074   976    41900.0000   366    42728.0000    41063.6715  3971355    3.90%
  25088   976    41900.0000   563    42728.0000    41063.6715  3974912    3.90%
  25099   983    42176.0000   242    42728.0000    41063.6715  3977753    3.90%
  25108   982    42176.0000   368    42728.0000    41063.6715  3981298    3.90%
  25114   984    41711.0000   536    42728.0000    41063.6715  3982324    3.90%
  25123   989        cutoff          42728.0000    41063.6715  3983016    3.90%
  25128   990    41900.0000   706    42728.0000    41063.6715  3990285    3.90%
Elapsed time = 4846.58 sec. (5965436.69 ticks, tree = 18.07 MB, solutions = 11)
  25132   992        cutoff          42728.0000    41063.6715  3992303    3.90%
  25140   994    42176.0000   640    42728.0000    41063.6715  3996850    3.90%
  25149   994    infeasible          42728.0000    41063.6715  3998204    3.90%
  25174   999    41987.0000   151    42728.0000    41116.0000  4000862    3.77%
  25191   996    infeasible          42728.0000    41116.0000  4004211    3.77%
  25213   996    41116.0000   317    42728.0000    41116.0000  4006210    3.77%
  25233   999    41116.0000   346    42728.0000    41116.0000  4008056    3.77%
  25256   999    42176.0000   202    42728.0000    41116.0000  4010539    3.77%
  25282  1004    41116.0000   401    42728.0000    41116.0000  4012950    3.77%
  25299  1011    42539.0000   110    42728.0000    41116.0000  4015860    3.77%
Elapsed time = 4884.39 sec. (6006292.92 ticks, tree = 18.45 MB, solutions = 11)
  25321  1011    42452.0000   170    42728.0000    41116.0000  4018217    3.77%
  25349  1011        cutoff          42728.0000    41116.0000  4020653    3.77%
  25360  1012    42427.0000   276    42728.0000    41131.0000  4022323    3.74%
  25383  1005    41987.0000   238    42728.0000    41245.0000  4025047    3.47%
  25404  1000    41320.0000   518    42728.0000    41320.0000  4027004    3.30%
  25416  1002    infeasible          42728.0000    41320.0000  4029405    3.30%
  25428  1006    42176.0000   354    42728.0000    41320.0000  4030597    3.30%
  25441  1011    41348.0000   450    42728.0000    41348.0000  4031440    3.23%
  25452  1016    42176.0000   220    42728.0000    41348.0000  4032301    3.23%
  25467  1023    41900.0000   306    42728.0000    41348.0000  4033545    3.23%
Elapsed time = 4920.22 sec. (6046124.79 ticks, tree = 18.68 MB, solutions = 11)
  25478  1026    41348.0000   492    42728.0000    41348.0000  4034558    3.23%
  25489  1033    41348.0000   446    42728.0000    41348.0000  4035531    3.23%
  25499  1041    42452.0000   105    42728.0000    41348.0000  4036337    3.23%
  25514  1044    41900.0000   342    42728.0000    41348.0000  4038096    3.23%
  25530  1046        cutoff          42728.0000    41348.0000  4039181    3.23%
  25544  1046    infeasible          42728.0000    41348.0000  4040388    3.23%
  25549  1051    41624.0000   452    42728.0000    41348.0000  4041069    3.23%
  25558  1056    41624.0000   464    42728.0000    41348.0000  4042676    3.23%
  25568  1062    41348.0000   484    42728.0000    41348.0000  4044029    3.23%
  25578  1065    infeasible          42728.0000    41348.0000  4045152    3.23%
Elapsed time = 4955.23 sec. (6086781.04 ticks, tree = 19.40 MB, solutions = 11)
  25588  1069    41900.0000   364    42728.0000    41348.0000  4046208    3.23%
  25601  1076    41900.0000   390    42728.0000    41348.0000  4047661    3.23%
  25615  1084    41695.0000   507    42728.0000    41348.0000  4049807    3.23%
  25627  1090    41348.0000   500    42728.0000    41348.0000  4050892    3.23%
  25636  1095        cutoff          42728.0000    41348.0000  4051439    3.23%
  25644  1099    41624.0000   512    42728.0000    41348.0000  4052332    3.23%
  25657  1098    41987.0000   540    42728.0000    41348.0000  4055653    3.23%
  25663  1100    41391.5000   616    42728.0000    41348.0000  4057880    3.23%
  25672  1103    41624.0000   460    42728.0000    41348.0000  4060783    3.23%
  25679  1106    41900.0000   545    42728.0000    41348.0000  4063957    3.23%
Elapsed time = 4992.08 sec. (6129350.99 ticks, tree = 20.10 MB, solutions = 11)
  25685  1110    41900.0000   471    42728.0000    41348.0000  4064309    3.23%
  25693  1110    41624.0000   615    42728.0000    41348.0000  4068706    3.23%
  25704  1111    41348.0000   754    42728.0000    41348.0000  4071254    3.23%
  25708  1115    41624.0000   531    42728.0000    41348.0000  4071595    3.23%
  25719  1122    42452.0000   168    42728.0000    41348.0000  4072477    3.23%
  25726  1125    41900.0000   449    42728.0000    41348.0000  4073072    3.23%
  25734  1126    41624.0000   521    42728.0000    41348.0000  4074586    3.23%
  25738  1128    41348.0000   525    42728.0000    41348.0000  4074749    3.23%
  25749  1133    41624.0000   441    42728.0000    41348.0000  4075656    3.23%
  25756  1138    41900.0000   348    42728.0000    41348.0000  4076483    3.23%
Elapsed time = 5049.18 sec. (6174475.21 ticks, tree = 20.61 MB, solutions = 11)
  25766  1142    42176.0000   162    42728.0000    41348.0000  4077785    3.23%
  25783  1145        cutoff          42728.0000    41348.0000  4079828    3.23%
  25791  1147    41900.0000   352    42728.0000    41348.0000  4081202    3.23%
  25802  1156    42452.0000   120    42728.0000    41348.0000  4081716    3.23%
  25816  1162    41348.0000   659    42728.0000    41348.0000  4084852    3.23%
  25821  1167    41900.0000   489    42728.0000    41348.0000  4085157    3.23%
  25831  1173    41624.0000   669    42728.0000    41348.0000  4086140    3.23%
  25839  1181    42176.0000   285    42728.0000    41348.0000  4087174    3.23%
  25850  1184    41624.0000   591    42728.0000    41348.0000  4088064    3.23%
  25855  1187    41624.0000   551    42728.0000    41348.0000  4088511    3.23%
Elapsed time = 5140.50 sec. (6216514.36 ticks, tree = 21.46 MB, solutions = 11)
  25865  1193    41624.0000   663    42728.0000    41348.0000  4089655    3.23%
  25869  1197    41900.0000   401    42728.0000    41348.0000  4090429    3.23%
  25876  1200    41624.0000   649    42728.0000    41348.0000  4091343    3.23%
  25881  1205    41900.0000   497    42728.0000    41348.0000  4091628    3.23%
  25889  1207    41348.0000   528    42728.0000    41348.0000  4095634    3.23%
  25896  1212        cutoff          42728.0000    41348.0000  4096320    3.23%
  25907  1215    infeasible          42728.0000    41348.0000  4097733    3.23%
  25920  1224    41348.0000   524    42728.0000    41348.0000  4098903    3.23%
  25924  1228    41624.0000   494    42728.0000    41348.0000  4099905    3.23%
  25928  1232    42176.0000   319    42728.0000    41348.0000  4100210    3.23%
Elapsed time = 5235.55 sec. (6258118.52 ticks, tree = 22.22 MB, solutions = 11)
  25936  1236    41624.0000   472    42728.0000    41348.1406  4101435    3.23%
  25948  1240    41624.0000   527    42728.0000    41348.1406  4102285    3.23%
  25963  1243    41624.0000   496    42728.0000    41348.1406  4103735    3.23%
  25973  1251    42176.0000   310    42728.0000    41348.1406  4104444    3.23%
  25980  1254    41624.0000   433    42728.0000    41348.1406  4105796    3.23%
  25995  1259    41348.1416   610    42728.0000    41348.1416  4107617    3.23%
  26005  1265    41624.0000   475    42728.0000    41348.1416  4108973    3.23%
  26016  1272    41624.0000   518    42728.0000    41348.1416  4110379    3.23%
  26027  1278    41987.0000   322    42728.0000    41348.1416  4111476    3.23%
  26036  1283    41900.0000   394    42728.0000    41348.1416  4112170    3.23%
Elapsed time = 5326.04 sec. (6299891.55 ticks, tree = 23.10 MB, solutions = 11)
  26046  1289    42176.0000   294    42728.0000    41348.1416  4113277    3.23%
  26061  1296        cutoff          42728.0000    41348.1451  4114011    3.23%
  26073  1302    41900.0000   402    42728.0000    41351.0000  4116243    3.22%
  26084  1306    41627.0000   510    42728.0000    41351.0000  4118620    3.22%
  26093  1309    41351.0000   728    42728.0000    41351.0000  4122174    3.22%
  26097  1313    41624.0000   580    42728.0000    41351.0000  4122892    3.22%
  26101  1317    41624.0000   404    42728.0000    41351.0000  4123538    3.22%
  26111  1323    41900.0000   300    42728.0000    41351.0000  4124485    3.22%
  26120  1326    41627.0000   439    42728.0000    41351.0000  4125563    3.22%
  26150  1337    41990.0000   366    42728.0000    41351.0000  4133896    3.22%
Elapsed time = 5381.66 sec. (6354047.69 ticks, tree = 23.41 MB, solutions = 11)
  26190  1342    42452.0000   148    42728.0000    41392.0000  4149371    3.13%
  26256  1363    41900.0000   389    42728.0000    41435.0000  4156890    3.03%
  26311  1378    41624.1161   332    42728.0000    41435.0000  4162388    3.03%
  26362  1402    41624.1161   348    42728.0000    41435.0000  4167713    3.03%
  26423  1419    infeasible          42728.0000    41435.1161  4172795    3.03%
  26486  1426    41596.0000   439    42728.0000    41596.0000  4179542    2.65%
  26558  1445    41884.0000   481    42728.0000    41624.0000  4186280    2.58%
  26618  1458    41900.0000   382    42728.0000    41624.0000  4191621    2.58%
  26682  1478    42176.0000   268    42728.0000    41624.0000  4198560    2.58%
  26756  1512    42452.0000   214    42728.0000    41624.0000  4204207    2.58%
Elapsed time = 5876.57 sec. (6508749.42 ticks, tree = 26.19 MB, solutions = 11)
  26828  1538    41900.0000   299    42728.0000    41624.0000  4209248    2.58%
  26882  1554    41900.0000   327    42728.0000    41624.0000  4214277    2.58%
  26944  1579        cutoff          42728.0000    41624.0000  4219978    2.58%
  27011  1599    41987.0000   146    42728.0000    41624.0000  4226727    2.58%
  27065  1600    41900.0000   359    42728.0000    41624.0000  4235283    2.58%
  27126  1610    infeasible          42728.0000    41624.0000  4242312    2.58%
  27177  1616    42176.0000   376    42728.0000    41624.0000  4249143    2.58%
  27236  1636    41900.0000   373    42728.0000    41624.0000  4254131    2.58%
  27269  1653    42176.0000   279    42728.0000    41624.0000  4258142    2.58%
  27310  1673    42176.0000   375    42728.0000    41624.0000  4261000    2.58%
Elapsed time = 6245.33 sec. (6662500.75 ticks, tree = 29.00 MB, solutions = 11)
  27364  1696    41624.0000   393    42728.0000    41624.0000  4265482    2.58%
  27430  1699        cutoff          42728.0000    41624.0000  4273234    2.58%
  27501  1722    41624.0000   352    42728.0000    41624.0000  4280375    2.58%
  27563  1747    42176.0000   272    42728.0000    41624.0000  4285559    2.58%
  27629  1769    41900.0000   306    42728.0000    41624.0000  4291433    2.58%
  27696  1776    41624.0000   492    42728.0000    41624.0000  4299538    2.58%
  27753  1799    42176.0000   402    42728.0000    41624.0000  4305931    2.58%
  27810  1809    41624.0000   381    42728.0000    41624.0000  4314456    2.58%
  27869  1821    42452.0000   310    42728.0000    41624.0000  4323676    2.58%
  27924  1828    infeasible          42728.0000    41624.0000  4331920    2.58%
Elapsed time = 6384.76 sec. (6817181.49 ticks, tree = 31.74 MB, solutions = 11)
  27978  1840    41987.0000   411    42728.0000    41624.0000  4342820    2.58%
  28026  1839        cutoff          42728.0000    41624.0000  4350149    2.58%
  28075  1851    41624.1161   397    42728.0000    41624.0000  4354461    2.58%
  28115  1867    41624.0000   504    42728.0000    41624.0000  4360433    2.58%
  28165  1885    41900.0000   359    42728.0000    41624.0000  4364374    2.58%
  28211  1903    infeasible          42728.0000    41624.0000  4367950    2.58%
  28261  1917    infeasible          42728.0000    41624.0000  4372142    2.58%
  28298  1926    41900.0000   300    42728.0000    41624.0000  4375195    2.58%
  28333  1939    42160.0000   463    42728.0000    41624.0000  4381824    2.58%
  28381  1951    41900.0000   412    42728.0000    41624.0000  4387297    2.58%
Elapsed time = 6527.58 sec. (6972367.88 ticks, tree = 33.86 MB, solutions = 11)
  28424  1968    42176.0000   195    42728.0000    41624.0000  4392002    2.58%
  28463  1981    41900.0000   412    42728.0000    41624.0000  4397361    2.58%
  28509  1988    infeasible          42728.0000    41624.0000  4404979    2.58%
  28551  1998    42176.0000   288    42728.0000    41624.0000  4413424    2.58%
  28605  2004    42176.0000   609    42728.0000    41624.0000  4420025    2.58%
  28648  2015    41900.0000   589    42728.0000    41624.0000  4425217    2.58%
  28699  2022    41951.0000   446    42728.0000    41624.0000  4432360    2.58%
  28768  2031    41900.0000   320    42728.0000    41624.1161  4439985    2.58%
  28848  2043    42176.0000   288    42728.0000    41624.1161  4445868    2.58%
  28921  2058        cutoff          42728.0000    41624.1161  4451818    2.58%
Elapsed time = 6668.90 sec. (7128074.71 ticks, tree = 35.82 MB, solutions = 11)
  28991  2072    41624.1322   794    42728.0000    41624.1322  4460481    2.58%
  29023  2083    infeasible          42728.0000    41624.1322  4465713    2.58%
  29069  2105    41900.0000   466    42728.0000    41627.0000  4469910    2.58%
  29121  2123    41900.0000   360    42728.0000    41627.0000  4476804    2.58%
  29167  2139    41900.0000   357    42728.0000    41627.0000  4480290    2.58%
  29214  2160    42452.0000   136    42728.0000    41627.0000  4484546    2.58%
  29262  2167    41627.0000   494    42728.0000    41627.0000  4489761    2.58%
  29303  2182    41903.0000   355    42728.0000    41627.0000  4495267    2.58%
  29338  2194    41903.1451   633    42728.0000    41634.0000  4503226    2.56%
  29382  2186    infeasible          42728.0000    41690.1488  4508795    2.43%
Elapsed time = 6815.22 sec. (7287139.36 ticks, tree = 37.73 MB, solutions = 11)
  29428  2201    41690.1488   449    42728.0000    41690.1488  4512935    2.43%
  29477  2216    41987.1416   459    42728.0000    41690.1488  4517187    2.43%
  29529  2235    42436.0000   278    42728.0000    41695.0000  4521687    2.42%
  29602  2243        cutoff          42728.0000    41711.0000  4527885    2.38%
  29696  2243    41711.0000   231    42728.0000    41711.0000  4536790    2.38%
  29780  2247    41711.0000   321    42728.0000    41711.0000  4544700    2.38%
  29861  2259    42176.0000   213    42728.0000    41711.0000  4551368    2.38%
  29947  2271    42176.0000   248    42728.0000    41711.0000  4559293    2.38%
  30039  2281    41900.0000   398    42728.0000    41711.0000  4567701    2.38%
  30104  2300    42176.0000   515    42728.0000    41711.0000  4573539    2.38%
Elapsed time = 6948.14 sec. (7441680.41 ticks, tree = 39.74 MB, solutions = 11)
  30179  2315    41711.0000   350    42728.0000    41711.0000  4579203    2.38%
  30257  2330    42176.0000   254    42728.0000    41711.0000  4585380    2.38%
  30326  2332    41714.0000   510    42728.0000    41714.0000  4593804    2.37%
  30372  2341    41900.0000   331    42728.0000    41780.8462  4598121    2.22%
  30443  2348    42160.0000   286    42728.0000    41884.0000  4605015    1.98%
  30505  2367    41884.0000   356    42728.0000    41884.0000  4609621    1.98%
  30587  2396    42176.0000   258    42728.0000    41900.0000  4615440    1.94%
  30664  2409    42176.0000   187    42728.0000    41900.0000  4622211    1.94%
  30750  2414        cutoff          42728.0000    41900.0000  4629933    1.94%
  30853  2411    infeasible          42728.0000    41900.0000  4639190    1.94%
Elapsed time = 7087.82 sec. (7596740.56 ticks, tree = 41.72 MB, solutions = 11)
  30944  2414        cutoff          42728.0000    41900.0000  4647973    1.94%
  31036  2406    41900.0000   407    42728.0000    41900.0000  4655624    1.94%
  31129  2398        cutoff          42728.0000    41900.0000  4667163    1.94%
  31200  2401    42626.0000   272    42728.0000    41900.0000  4674774    1.94%
  31271  2405    42176.0000   336    42728.0000    41900.0000  4682439    1.94%
  31321  2416    41900.0000   464    42728.0000    41900.0000  4691538    1.94%
  31386  2413    infeasible          42728.0000    41900.0000  4700130    1.94%
  31465  2414    42176.0000   315    42728.0000    41900.0000  4707078    1.94%
  31535  2412    42176.0000   265    42728.0000    41900.0000  4713316    1.94%
  31621  2416    42176.0000   176    42728.0000    41900.0000  4724153    1.94%
Elapsed time = 7230.01 sec. (7750709.25 ticks, tree = 41.82 MB, solutions = 11)
  31714  2416    41900.0000   336    42728.0000    41900.0000  4731830    1.94%
  31786  2412    42176.0000   309    42728.0000    41900.0000  4740330    1.94%
  31875  2415    41900.0000   328    42728.0000    41900.0000  4747803    1.94%
  31967  2414        cutoff          42728.0000    41900.0000  4756465    1.94%
  32048  2417    infeasible          42728.0000    41900.0000  4762766    1.94%
  32124  2424    42176.0000   416    42728.0000    41900.0000  4769167    1.94%
  32203  2430    41900.0000   270    42728.0000    41900.0000  4775011    1.94%
  32308  2428    41900.0000   268    42728.0000    41900.0000  4781503    1.94%
  32413  2442    42176.0000   240    42728.0000    41900.0000  4789650    1.94%
  32506  2434    42176.0000   256    42728.0000    41900.0000  4798168    1.94%
Elapsed time = 7373.79 sec. (7904573.80 ticks, tree = 42.18 MB, solutions = 11)
  32597  2437        cutoff          42728.0000    41900.0000  4804400    1.94%
  32687  2431        cutoff          42728.0000    41900.0000  4811206    1.94%
  32766  2434    41900.0000   328    42728.0000    41900.0000  4818203    1.94%
  32851  2436    42176.0000   228    42728.0000    41900.0000  4825080    1.94%
  32947  2440    42176.0000   159    42728.0000    41900.0000  4831572    1.94%
  33039  2444        cutoff          42728.0000    41900.0000  4838108    1.94%
  33114  2448        cutoff          42728.0000    41900.0000  4844608    1.94%
  33202  2451    infeasible          42728.0000    41900.0000  4850566    1.94%
  33282  2449    infeasible          42728.0000    41900.0000  4858322    1.94%
  33352  2446    41966.1488   277    42728.0000    41900.0000  4864966    1.94%
Elapsed time = 7515.35 sec. (8058073.91 ticks, tree = 42.44 MB, solutions = 11)
  33452  2447    42452.0000   252    42728.0000    41900.0000  4873910    1.94%
  33534  2457    42176.0000   158    42728.0000    41900.0000  4881854    1.94%
  33606  2453    41900.0000   341    42728.0000    41900.0000  4886992    1.94%
  33687  2449    41900.0000   450    42728.0000    41900.0000  4895620    1.94%
  33765  2461    41987.0000   382    42728.0000    41900.0000  4902682    1.94%
  33840  2464    41900.0000   324    42728.0000    41900.0000  4909015    1.94%
  33920  2478    42176.0000   156    42728.0000    41900.0000  4915053    1.94%
  33999  2480    42176.0000   258    42728.0000    41900.0000  4922546    1.94%
  34077  2486        cutoff          42728.0000    41900.0000  4930010    1.94%
  34169  2490    42176.0000   399    42728.0000    41900.0000  4939005    1.94%
Elapsed time = 7656.26 sec. (8212665.77 ticks, tree = 43.25 MB, solutions = 11)
  34220  2491    41900.0000   355    42728.0000    41900.0000  4946504    1.94%
  34286  2488        cutoff          42728.0000    41900.0000  4954457    1.94%
  34361  2495        cutoff          42728.0000    41900.0000  4959815    1.94%
  34435  2507        cutoff          42728.0000    41900.0000  4966379    1.94%
  34506  2512    infeasible          42728.0000    41900.0000  4972412    1.94%
  34588  2518    42176.0000   224    42728.0000    41900.0000  4980178    1.94%
  34657  2521    42176.0000   302    42728.0000    41900.0000  4985148    1.94%
  34721  2529    41900.0000   300    42728.0000    41900.0000  4990421    1.94%
  34787  2542    42176.0000   307    42728.0000    41900.0000  4996796    1.94%
  34857  2544    41900.0000   340    42728.0000    41900.0000  5005199    1.94%
Elapsed time = 7799.97 sec. (8366278.58 ticks, tree = 44.22 MB, solutions = 11)
  34927  2552        cutoff          42728.0000    41900.0000  5010520    1.94%
  34991  2559    42176.0000   224    42728.0000    41900.0000  5015778    1.94%
  35065  2560        cutoff          42728.0000    41900.0000  5021195    1.94%
  35133  2563    41900.0000   395    42728.0000    41900.0000  5026225    1.94%
  35202  2567    42452.0000   197    42728.0000    41900.0000  5037108    1.94%
  35285  2569    42176.0000   278    42728.0000    41900.0000  5045130    1.94%
  35361  2574        cutoff          42728.0000    41900.0000  5052724    1.94%
  35432  2574    42539.0000   294    42728.0000    41900.0000  5059391    1.94%
  35494  2577    infeasible          42728.0000    41900.0000  5066772    1.94%
  35574  2578    infeasible          42728.0000    41900.0000  5073567    1.94%
Elapsed time = 7944.61 sec. (8520403.37 ticks, tree = 44.86 MB, solutions = 11)
  35645  2585    42176.0000   112    42728.0000    41900.0000  5080897    1.94%
  35713  2588    41900.0000   374    42728.0000    41900.0000  5091079    1.94%
  35810  2601    42176.0000   270    42728.0000    41900.0000  5097096    1.94%
  35874  2613    41900.0000   366    42728.0000    41900.0000  5102705    1.94%
  35940  2626    41900.0000   553    42728.0000    41900.0000  5109593    1.94%
  36008  2630    42176.0000   262    42728.0000    41900.0000  5118181    1.94%
  36077  2645    42176.0000   263    42728.0000    41900.0000  5123610    1.94%
  36159  2652    42176.0000   384    42728.0000    41900.0000  5130447    1.94%
  36237  2652        cutoff          42728.0000    41900.0000  5139632    1.94%
  36303  2656        cutoff          42728.0000    41900.0000  5147752    1.94%
Elapsed time = 8086.91 sec. (8674618.03 ticks, tree = 46.25 MB, solutions = 11)
  36379  2664    42176.0000   263    42728.0000    41900.0000  5156064    1.94%
  36459  2671    42176.0000   231    42728.0000    41900.0000  5161439    1.94%
  36528  2682    42176.0000   196    42728.0000    41900.0000  5167323    1.94%
  36599  2693    42176.0000   246    42728.0000    41900.0000  5172966    1.94%
  36678  2694    41900.0000   376    42728.0000    41900.0000  5178644    1.94%
  36746  2704    41987.0000   261    42728.0000    41900.0000  5184089    1.94%
  36808  2709    41900.0000   500    42728.0000    41900.0000  5191397    1.94%
  36865  2712    41900.0000   299    42728.0000    41900.0000  5197753    1.94%
  36923  2720    42176.0000   253    42728.0000    41900.0000  5202608    1.94%
  36981  2723    42176.0000   341    42728.0000    41900.0000  5208318    1.94%
Elapsed time = 8233.12 sec. (8829084.00 ticks, tree = 47.44 MB, solutions = 11)
  37055  2729    42176.0000   246    42728.0000    41900.0000  5213809    1.94%
  37114  2734    42176.0000   416    42728.0000    41900.0000  5220677    1.94%
  37177  2736    41900.0000   481    42728.0000    41900.0000  5228484    1.94%
  37241  2736    42176.0000   392    42728.0000    41900.0000  5235112    1.94%
  37294  2748    42176.0000   363    42728.0000    41900.0000  5240574    1.94%
  37359  2752    42452.0000   189    42728.0000    41900.0000  5250437    1.94%
  37430  2755    41900.0000   388    42728.0000    41900.0000  5255582    1.94%
  37506  2761    42176.0000   205    42728.0000    41900.0000  5263125    1.94%
  37581  2764    42176.0000   333    42728.0000    41900.0000  5268798    1.94%
  37651  2773    42176.0000   384    42728.0000    41900.0000  5274846    1.94%
Elapsed time = 8380.63 sec. (8985464.91 ticks, tree = 48.32 MB, solutions = 11)
  37717  2766    41900.0000   365    42728.0000    41900.0000  5282925    1.94%
  37784  2776    42176.0000   415    42728.0000    41900.0000  5288880    1.94%
  37838  2778    42176.0000   271    42728.0000    41900.0000  5301310    1.94%
  37907  2782    42176.0000   320    42728.0000    41900.0000  5308920    1.94%
  37969  2788    42452.0000   226    42728.0000    41900.0000  5314616    1.94%
  38027  2790    infeasible          42728.0000    41900.0000  5319507    1.94%
  38085  2793    42176.0000   275    42728.0000    41900.0000  5326716    1.94%
  38145  2799    41900.0000   355    42728.0000    41900.0000  5337145    1.94%
  38205  2803    41900.0000   379    42728.0000    41900.0000  5345041    1.94%
  38268  2804    42452.0000   320    42728.0000    41900.0000  5352100    1.94%
Elapsed time = 8526.31 sec. (9139488.56 ticks, tree = 48.89 MB, solutions = 11)
  38325  2805    41900.0000   464    42728.0000    41900.0000  5358317    1.94%
  38380  2810    42176.0000   326    42728.0000    41900.0000  5363736    1.94%
  38437  2819    42176.0000   320    42728.0000    41900.0000  5368938    1.94%
  38495  2815    41900.0000   271    42728.0000    41900.0000  5375982    1.94%
  38559  2807        cutoff          42728.0000    41900.0000  5383959    1.94%
  38629  2801    42176.0000   318    42728.0000    41900.1161  5389618    1.94%
  38714  2806    42539.0000   154    42728.0000    41900.1161  5395073    1.94%
  38793  2803    41903.0000   383    42728.0000    41903.0000  5401707    1.93%
  38844  2808        cutoff          42728.0000    41903.0000  5407692    1.93%
  38911  2813    41903.0000   451    42728.0000    41903.0000  5414721    1.93%
Elapsed time = 8672.01 sec. (9293582.53 ticks, tree = 49.08 MB, solutions = 11)
  38947  2823    infeasible          42728.0000    41903.0000  5417412    1.93%
  39001  2828    42179.0000   248    42728.0000    41903.0000  5422034    1.93%
  39049  2832    41903.0000   386    42728.0000    41903.0000  5425283    1.93%
  39104  2833    42179.0000   267    42728.0000    41903.0000  5429634    1.93%
  39171  2836    infeasible          42728.0000    41903.0000  5434063    1.93%
  39233  2839        cutoff          42728.0000    41903.0000  5440093    1.93%
  39292  2851    42179.0000   260    42728.0000    41903.0000  5444042    1.93%
  39322  2856    41903.1451   632    42728.0000    41903.1451  5447963    1.93%
  39346  2859    42179.0000   387    42728.0000    41946.5000  5452612    1.83%
  39413  2852    41971.0000   254    42728.0000    41971.0000  5464142    1.77%
Elapsed time = 8819.80 sec. (9447949.21 ticks, tree = 49.79 MB, solutions = 11)
  39511  2858    42452.0000   174    42728.0000    41987.0000  5469926    1.73%
  39610  2848    41987.0000   424    42728.0000    41987.0000  5477550    1.73%
  39701  2836    41987.0000   279    42728.0000    41987.0000  5486388    1.73%
  39794  2825    41987.0000   180    42728.0000    41987.0000  5494911    1.73%
  39886  2811        cutoff          42728.0000    41987.0000  5504205    1.73%
  39973  2795    42452.0000   225    42728.0000    41987.0000  5512885    1.73%
  40068  2786    41987.0000   422    42728.0000    41987.0000  5524711    1.73%
  40133  2785    42263.0000   354    42728.0000    41987.0000  5534992    1.73%
  40219  2785        cutoff          42728.0000    41987.0000  5542744    1.73%
  40326  2774    42176.0000   179    42728.0000    41987.0000  5552703    1.73%
Elapsed time = 8963.51 sec. (9601661.82 ticks, tree = 48.48 MB, solutions = 11)
  40422  2762    42176.0000   284    42728.0000    41987.0000  5562293    1.73%
  40551  2735    42176.0000   231    42728.0000    41987.0000  5573189    1.73%
  40651  2699    42176.0000   378    42728.0000    41987.0000  5582384    1.73%
  40739  2680        cutoff          42728.0000    41987.0000  5589522    1.73%
  40832  2664    42350.0000   208    42728.0000    41987.0000  5597297    1.73%
  40920  2657        cutoff          42728.0000    41990.0000  5604410    1.73%
  41008  2660    42266.0000   235    42728.0000    41990.0000  5611398    1.73%
  41078  2659    42590.0000   183    42728.0000    42038.0000  5617053    1.61%
  41168  2641    42713.0000   138    42728.0000    42074.0000  5628603    1.53%
  41369  2599    42074.0000   134    42728.0000    42074.0000  5639789    1.53%
Elapsed time = 9103.78 sec. (9755640.22 ticks, tree = 45.49 MB, solutions = 11)
  41497  2569    42160.0000   394    42728.0000    42160.0000  5652512    1.33%
  41579  2565    42712.0000   191    42728.0000    42160.0000  5661696    1.33%
  41666  2559    42712.0000   310    42728.0000    42160.0000  5671339    1.33%
  41747  2555    infeasible          42728.0000    42160.0000  5678098    1.33%
  41853  2569        cutoff          42728.0000    42176.0000  5685836    1.29%
  41947  2547        cutoff          42728.0000    42176.0000  5693002    1.29%
  42050  2524    42176.0000   239    42728.0000    42176.0000  5701273    1.29%
  42142  2502        cutoff          42728.0000    42176.0000  5709410    1.29%
  42242  2477    infeasible          42728.0000    42176.0000  5717657    1.29%
  42335  2452    42452.0000   305    42728.0000    42176.0000  5726726    1.29%
Elapsed time = 9249.62 sec. (9909351.84 ticks, tree = 43.02 MB, solutions = 11)
  42425  2426        cutoff          42728.0000    42176.0000  5735573    1.29%
  42544  2396        cutoff          42728.0000    42176.0000  5743429    1.29%
  42653  2367        cutoff          42728.0000    42176.0000  5752712    1.29%
  42745  2353    42452.0000   176    42728.0000    42176.0000  5760737    1.29%
  42848  2329    infeasible          42728.0000    42176.0000  5769501    1.29%
  42930  2311    infeasible          42728.0000    42176.0000  5777032    1.29%
  43018  2288    42176.0000   270    42728.0000    42176.0000  5784082    1.29%
  43150  2252        cutoff          42728.0000    42176.0000  5795118    1.29%
  43261  2215    42539.0000   150    42728.0000    42176.0000  5804187    1.29%
  43366  2194        cutoff          42728.0000    42176.0000  5811616    1.29%
Elapsed time = 9396.43 sec. (10062510.33 ticks, tree = 38.55 MB, solutions = 11)
  43492  2150        cutoff          42728.0000    42176.0000  5820576    1.29%
  43610  2120    infeasible          42728.0000    42176.0000  5828905    1.29%
  43707  2099    42263.0000   244    42728.0000    42176.0000  5836735    1.29%
  43801  2076        cutoff          42728.0000    42176.0000  5843508    1.29%
  43908  2053        cutoff          42728.0000    42176.0000  5850808    1.29%
  43999  2023        cutoff          42728.0000    42176.0000  5859017    1.29%
  44108  2003        cutoff          42728.0000    42176.0000  5866739    1.29%
  44224  1980        cutoff          42728.0000    42176.0000  5874930    1.29%
  44345  1947        cutoff          42728.0000    42176.0000  5883393    1.29%
  44469  1908    42452.0000   195    42728.0000    42176.0000  5890740    1.29%
Elapsed time = 9544.44 sec. (10216141.92 ticks, tree = 33.50 MB, solutions = 11)
  44587  1867    42176.0000   155    42728.0000    42176.0000  5898014    1.29%
  44715  1827    42176.0000   206    42728.0000    42176.0000  5907311    1.29%
  44822  1792    42452.0000   242    42728.0000    42176.0000  5915296    1.29%
  44934  1748    42176.0000   233    42728.0000    42176.0000  5923374    1.29%
  45052  1717    infeasible          42728.0000    42176.0000  5930947    1.29%
  45165  1701    42176.0000   284    42728.0000    42176.0000  5938060    1.29%
  45272  1678    42539.0000   120    42728.0000    42176.0000  5945647    1.29%
  45388  1648    42176.0000   315    42728.0000    42176.0000  5953910    1.29%
  45494  1606    42176.0000   212    42728.0000    42176.0000  5962467    1.29%
  45594  1575        cutoff          42728.0000    42176.0000  5969381    1.29%
Elapsed time = 9690.29 sec. (10369581.63 ticks, tree = 27.72 MB, solutions = 11)
  45693  1554    42452.0000   130    42728.0000    42176.0000  5976364    1.29%
  45804  1506        cutoff          42728.0000    42176.0000  5985552    1.29%
  45910  1473    42452.0000   228    42728.0000    42176.0000  5993729    1.29%
  46012  1431        cutoff          42728.0000    42176.0000  6001786    1.29%
  46114  1406    42626.0000   128    42728.0000    42176.0000  6009814    1.29%
  46244  1379        cutoff          42728.0000    42176.0000  6017621    1.29%
  46370  1338    42176.0000   284    42728.0000    42176.0000  6025564    1.29%
  46475  1316    infeasible          42728.0000    42176.0000  6034015    1.29%
  46562  1292    42176.0000   291    42728.0000    42176.0000  6042220    1.29%
  46663  1264    42176.0000   315    42728.0000    42176.0000  6050364    1.29%
Elapsed time = 9836.19 sec. (10522964.74 ticks, tree = 22.26 MB, solutions = 11)
  46781  1229        cutoff          42728.0000    42176.0000  6058124    1.29%
  46898  1196    42176.0000   165    42728.0000    42176.0000  6067092    1.29%
  46999  1166    42176.0000   258    42728.0000    42176.0000  6074036    1.29%
  47099  1138    42176.0000   314    42728.0000    42176.0000  6081661    1.29%
  47207  1112        cutoff          42728.0000    42176.0000  6088919    1.29%
  47269  1104        cutoff          42728.0000    42176.0000  6096797    1.29%
  47377  1077        cutoff          42728.0000    42176.0000  6106836    1.29%
  47452  1052    42452.0000   252    42728.0000    42176.0000  6115765    1.29%
  47545  1023    infeasible          42728.0000    42176.0000  6124138    1.29%
  47627  1001    42176.0000   317    42728.0000    42176.0000  6131698    1.29%
Elapsed time = 9984.02 sec. (10676473.72 ticks, tree = 17.68 MB, solutions = 11)
  47706   981        cutoff          42728.0000    42176.0000  6137353    1.29%
  47800   953    42452.0000   180    42728.0000    42176.0000  6145329    1.29%
  47885   932        cutoff          42728.0000    42176.0000  6151338    1.29%
  47961   918        cutoff          42728.0000    42176.0000  6161965    1.29%
  48061   894    infeasible          42728.0000    42176.0000  6168539    1.29%
  48151   872    42176.0000   322    42728.0000    42176.0000  6176229    1.29%
  48233   854        cutoff          42728.0000    42176.0000  6184165    1.29%
  48326   839    42350.0000   139    42728.0000    42176.0000  6191187    1.29%
  48425   802        cutoff          42728.0000    42176.0000  6198518    1.29%
  48530   765    infeasible          42728.0000    42176.0000  6206737    1.29%
Elapsed time = 10131.14 sec. (10829768.23 ticks, tree = 13.61 MB, solutions = 11)
  48625   743    infeasible          42728.0000    42176.0000  6214302    1.29%
  48721   710    infeasible          42728.0000    42176.0000  6220718    1.29%
  48805   682    infeasible          42728.0000    42179.0000  6228041    1.28%
  48890   661    42179.0000   241    42728.0000    42179.0000  6235588    1.28%
  48993   627    42266.0000   516    42728.0000    42179.0000  6243501    1.28%
  49079   611    42539.0000    64    42728.0000    42235.0000  6254334    1.15%
  49243   558        cutoff          42728.0000    42263.0000  6266642    1.09%
  49387   492    infeasible          42728.0000    42266.0000  6277853    1.08%
  49556   409        cutoff          42728.0000    42452.0000  6289397    0.65%
  49740   322        cutoff          42728.0000    42452.0000  6302077    0.65%
Elapsed time = 10276.92 sec. (10983244.73 ticks, tree = 5.88 MB, solutions = 11)
  49912   230        cutoff          42728.0000    42452.0000  6310352    0.65%
  50032   167        cutoff          42728.0000    42452.0000  6318641    0.65%

GUB cover cuts applied:  161
Clique cuts applied:  914
Cover cuts applied:  1427
Implied bound cuts applied:  275
Flow cuts applied:  363
Mixed integer rounding cuts applied:  855
Zero-half cuts applied:  7
Gomory fractional cuts applied:  4

Root node processing (before b&c):
  Real time             = 1014.83 sec. (1020312.21 ticks)
Sequential b&c:
  Real time             = 9304.70 sec. (10010601.84 ticks)
                          ------------
Total (root+branch&cut) = 10319.54 sec. (11030914.06 ticks)
Optimal

>> Printing some results...
    -> Solution value = 42727 - 11:52:07
    -> Total time = 10319.54
    -> Gap value = 0.00

=============
Train 0
=============
> Trip 0
   27(time 5450 - 01:30:50)(time 5777 - 01:36:17) ->    26(time 5858 - 01:37:38)(time 6166 - 01:42:46) ->    25(time 6247 - 01:44:07)(time 6561 - 01:49:21) ->    24(time 6642 - 01:50:42)(time 6965 - 01:56:05) ->    23(time 7046 - 01:57:26)(time 7336 - 02:02:16) ->    22(time 7600 - 02:06:40)(time 7889 - 02:11:29) ->    21(time 7924 - 02:12:04)(time 8225 - 02:17:05) ->    20(time 8306 - 02:18:26)(time 8640 - 02:24:00) ->    19(time 8675 - 02:24:35)(time 8987 - 02:29:47) ->    18(time 9068 - 02:31:08)(time 9375 - 02:36:15) ->    17(time 9651 - 02:40:51)(time 9958 - 02:45:58) ->    16(time 10039 - 02:47:19)(time 10341 - 02:52:21) ->    15(time 10422 - 02:53:42)(time 10710 - 02:58:30) ->    14(time 11171 - 03:06:11)(time 11171 - 03:06:11) ->    0(time 11171 - 03:06:11)(time 11459 - 03:10:59) ->    1(time 11540 - 03:12:20)(time 11842 - 03:17:22) ->    2(time 11923 - 03:18:43)(time 12230 - 03:23:50) ->    3(time 12402 - 03:26:42)(time 12709 - 03:31:49) ->    4(time 12790 - 03:33:10)(time 13102 - 03:38:22) ->    5(time 13137 - 03:38:57)(time 13471 - 03:44:31) ->    6(time 13552 - 03:45:52)(time 13853 - 03:50:53) ->    7(time 13888 - 03:51:28)(time 14177 - 03:56:17) ->    8(time 14258 - 03:57:38)(time 14548 - 04:02:28) ->    9(time 14629 - 04:03:49)(time 14952 - 04:09:12) ->    10(time 15033 - 04:10:33)(time 15347 - 04:15:47) ->    11(time 15428 - 04:17:08)(time 15736 - 04:22:16) ->    12(time 15817 - 04:23:37)(time 16144 - 04:29:04) ->    13(time 16420 - 04:33:40)(time 16420 - 04:33:40) -> 27
> Trip 1
   27(time 16423 - 04:33:43)(time 16750 - 04:39:10) ->    26(time 16831 - 04:40:31)(time 17139 - 04:45:39) ->    25(time 17220 - 04:47:00)(time 17534 - 04:52:14) ->    24(time 17615 - 04:53:35)(time 17938 - 04:58:58) ->    23(time 18019 - 05:00:19)(time 18309 - 05:05:09) ->    22(time 18390 - 05:06:30)(time 18679 - 05:11:19) ->    21(time 18714 - 05:11:54)(time 19015 - 05:16:55) ->    20(time 19096 - 05:18:16)(time 19430 - 05:23:50) ->    19(time 19465 - 05:24:25)(time 19777 - 05:29:37) ->    18(time 19858 - 05:30:58)(time 20165 - 05:36:05) ->    17(time 20246 - 05:37:26)(time 20553 - 05:42:33) ->    16(time 20634 - 05:43:54)(time 20936 - 05:48:56) ->    15(time 21017 - 05:50:17)(time 21305 - 05:55:05) ->    14(time 21581 - 05:59:41)(time 21581 - 05:59:41) ->    0(time 21581 - 05:59:41)(time 21869 - 06:04:29) ->    1(time 21950 - 06:05:50)(time 22252 - 06:10:52) ->    2(time 22333 - 06:12:13)(time 22640 - 06:17:20) ->    3(time 22721 - 06:18:41)(time 23028 - 06:23:48) ->    4(time 23109 - 06:25:09)(time 23421 - 06:30:21) ->    5(time 23456 - 06:30:56)(time 23790 - 06:36:30) ->    6(time 23871 - 06:37:51)(time 24172 - 06:42:52) ->    7(time 24207 - 06:43:27)(time 24496 - 06:48:16) ->    8(time 24577 - 06:49:37)(time 24867 - 06:54:27) ->    9(time 24948 - 06:55:48)(time 25271 - 07:01:11) ->    10(time 25352 - 07:02:32)(time 25666 - 07:07:46) ->    11(time 25747 - 07:09:07)(time 26055 - 07:14:15) ->    12(time 26270 - 07:17:50)(time 26597 - 07:23:17) ->    13(time 26873 - 07:27:53)(time 26873 - 07:27:53) -> 27
> Trip 2
   27(time 27775 - 07:42:55)(time 28102 - 07:48:22) ->    26(time 28183 - 07:49:43)(time 28491 - 07:54:51) ->    25(time 28572 - 07:56:12)(time 28886 - 08:01:26) ->    24(time 28967 - 08:02:47)(time 29290 - 08:08:10) ->    23(time 29751 - 08:15:51)(time 30041 - 08:20:41) ->    22(time 30122 - 08:22:02)(time 30411 - 08:26:51) ->    21(time 30872 - 08:34:32)(time 31173 - 08:39:33) ->    20(time 31634 - 08:47:14)(time 31968 - 08:52:48) ->    19(time 32429 - 09:00:29)(time 32741 - 09:05:41) ->    18(time 33202 - 09:13:22)(time 33509 - 09:18:29) ->    17(time 33590 - 09:19:50)(time 33897 - 09:24:57) ->    16(time 33978 - 09:26:18)(time 34280 - 09:31:20) ->    15(time 34361 - 09:32:41)(time 34649 - 09:37:29) ->    14(time 34925 - 09:42:05)(time 34925 - 09:42:05) ->    0(time 34925 - 09:42:05)(time 35213 - 09:46:53) ->    1(time 35294 - 09:48:14)(time 35596 - 09:53:16) ->    2(time 35677 - 09:54:37)(time 35984 - 09:59:44) ->    3(time 36069 - 10:01:09)(time 36376 - 10:06:16) ->    4(time 36837 - 10:13:57)(time 37149 - 10:19:09) ->    5(time 37610 - 10:26:50)(time 37944 - 10:32:24) ->    6(time 38025 - 10:33:45)(time 38326 - 10:38:46) ->    7(time 38361 - 10:39:21)(time 38650 - 10:44:10) ->    8(time 38731 - 10:45:31)(time 39021 - 10:50:21) ->    9(time 39102 - 10:51:42)(time 39425 - 10:57:05) ->    10(time 39506 - 10:58:26)(time 39820 - 11:03:40) ->    11(time 39901 - 11:05:01)(time 40209 - 11:10:09) ->    12(time 40290 - 11:11:30)(time 40617 - 11:16:57) ->    13(time 41078 - 11:24:38)(time 41078 - 11:24:38) -> 27
> Trip 3
   27(time 44778 - 12:26:18)(time 45105 - 12:31:45) ->    26(time 45186 - 12:33:06)(time 45494 - 12:38:14) ->    25(time 45575 - 12:39:35)(time 45889 - 12:44:49) ->    24(time 45970 - 12:46:10)(time 46293 - 12:51:33) ->    23(time 46374 - 12:52:54)(time 46664 - 12:57:44) ->    22(time 46745 - 12:59:05)(time 47034 - 13:03:54) ->    21(time 47069 - 13:04:29)(time 47370 - 13:09:30) ->    20(time 47451 - 13:10:51)(time 47785 - 13:16:25) ->    19(time 47820 - 13:17:00)(time 48132 - 13:22:12) ->    18(time 48324 - 13:25:24)(time 48631 - 13:30:31) ->    17(time 49092 - 13:38:12)(time 49399 - 13:43:19) ->    16(time 49860 - 13:51:00)(time 50162 - 13:56:02) ->    15(time 50243 - 13:57:23)(time 50531 - 14:02:11) ->    14(time 50992 - 14:09:52)(time 50992 - 14:09:52) ->    0(time 50992 - 14:09:52)(time 51280 - 14:14:40) ->    1(time 51361 - 14:16:01)(time 51663 - 14:21:03) ->    2(time 51756 - 14:22:36)(time 52063 - 14:27:43) ->    3(time 52144 - 14:29:04)(time 52451 - 14:34:11) ->    4(time 52532 - 14:35:32)(time 52844 - 14:40:44) ->    5(time 52879 - 14:41:19)(time 53213 - 14:46:53) ->    6(time 53294 - 14:48:14)(time 53595 - 14:53:15) ->    7(time 53630 - 14:53:50)(time 53919 - 14:58:39) ->    8(time 54000 - 15:00:00)(time 54290 - 15:04:50) ->    9(time 54371 - 15:06:11)(time 54694 - 15:11:34) ->    10(time 54775 - 15:12:55)(time 55089 - 15:18:09) ->    11(time 55170 - 15:19:30)(time 55478 - 15:24:38) ->    12(time 55559 - 15:25:59)(time 55886 - 15:31:26) ->    13(time 56162 - 15:36:02)(time 56162 - 15:36:02) -> 27
=============
Train 1
=============
> Trip 0
   27(time 7251 - 02:00:51)(time 7578 - 02:06:18) ->    26(time 7659 - 02:07:39)(time 7967 - 02:12:47) ->    25(time 8048 - 02:14:08)(time 8362 - 02:19:22) ->    24(time 8443 - 02:20:43)(time 8766 - 02:26:06) ->    23(time 8847 - 02:27:27)(time 9137 - 02:32:17) ->    22(time 9218 - 02:33:38)(time 9507 - 02:38:27) ->    21(time 9542 - 02:39:02)(time 9843 - 02:44:03) ->    20(time 9924 - 02:45:24)(time 10258 - 02:50:58) ->    19(time 10293 - 02:51:33)(time 10605 - 02:56:45) ->    18(time 10686 - 02:58:06)(time 10993 - 03:03:13) ->    17(time 11074 - 03:04:34)(time 11381 - 03:09:41) ->    16(time 11842 - 03:17:22)(time 12144 - 03:22:24) ->    15(time 12225 - 03:23:45)(time 12513 - 03:28:33) ->    14(time 12974 - 03:36:14)(time 12974 - 03:36:14) ->    0(time 12974 - 03:36:14)(time 13262 - 03:41:02) ->    1(time 13723 - 03:48:43)(time 14025 - 03:53:45) ->    2(time 14106 - 03:55:06)(time 14413 - 04:00:13) ->    3(time 14551 - 04:02:31)(time 14858 - 04:07:38) ->    4(time 14939 - 04:08:59)(time 15251 - 04:14:11) ->    5(time 15286 - 04:14:46)(time 15620 - 04:20:20) ->    6(time 15701 - 04:21:41)(time 16002 - 04:26:42) ->    7(time 16463 - 04:34:23)(time 16752 - 04:39:12) ->    8(time 17213 - 04:46:53)(time 17503 - 04:51:43) ->    9(time 17964 - 04:59:24)(time 18287 - 05:04:47) ->    10(time 18368 - 05:06:08)(time 18682 - 05:11:22) ->    11(time 18763 - 05:12:43)(time 19071 - 05:17:51) ->    12(time 19152 - 05:19:12)(time 19479 - 05:24:39) ->    13(time 19755 - 05:29:15)(time 19755 - 05:29:15) -> 27
> Trip 1
   27(time 21809 - 06:03:29)(time 22136 - 06:08:56) ->    26(time 22217 - 06:10:17)(time 22525 - 06:15:25) ->    25(time 22606 - 06:16:46)(time 22920 - 06:22:00) ->    24(time 23001 - 06:23:21)(time 23324 - 06:28:44) ->    23(time 23405 - 06:30:05)(time 23695 - 06:34:55) ->    22(time 23776 - 06:36:16)(time 24065 - 06:41:05) ->    21(time 24172 - 06:42:52)(time 24473 - 06:47:53) ->    20(time 24554 - 06:49:14)(time 24888 - 06:54:48) ->    19(time 24923 - 06:55:23)(time 25235 - 07:00:35) ->    18(time 25316 - 07:01:56)(time 25623 - 07:07:03) ->    17(time 26084 - 07:14:44)(time 26391 - 07:19:51) ->    16(time 26852 - 07:27:32)(time 27154 - 07:32:34) ->    15(time 27235 - 07:33:55)(time 27523 - 07:38:43) ->    14(time 27799 - 07:43:19)(time 27799 - 07:43:19) ->    0(time 27799 - 07:43:19)(time 28087 - 07:48:07) ->    1(time 28168 - 07:49:28)(time 28470 - 07:54:30) ->    2(time 28551 - 07:55:51)(time 28858 - 08:00:58) ->    3(time 28939 - 08:02:19)(time 29246 - 08:07:26) ->    4(time 29327 - 08:08:47)(time 29639 - 08:13:59) ->    5(time 29754 - 08:15:54)(time 30088 - 08:21:28) ->    6(time 30549 - 08:29:09)(time 30850 - 08:34:10) ->    7(time 30885 - 08:34:45)(time 31174 - 08:39:34) ->    8(time 31635 - 08:47:15)(time 31925 - 08:52:05) ->    9(time 32006 - 08:53:26)(time 32329 - 08:58:49) ->    10(time 32410 - 09:00:10)(time 32724 - 09:05:24) ->    11(time 32805 - 09:06:45)(time 33113 - 09:11:53) ->    12(time 33194 - 09:13:14)(time 33521 - 09:18:41) ->    13(time 33797 - 09:23:17)(time 33797 - 09:23:17) -> 27
> Trip 2
   27(time 33797 - 09:23:17)(time 34124 - 09:28:44) ->    26(time 34205 - 09:30:05)(time 34513 - 09:35:13) ->    25(time 34594 - 09:36:34)(time 34908 - 09:41:48) ->    24(time 34989 - 09:43:09)(time 35312 - 09:48:32) ->    23(time 35393 - 09:49:53)(time 35683 - 09:54:43) ->    22(time 36144 - 10:02:24)(time 36433 - 10:07:13) ->    21(time 36894 - 10:14:54)(time 37195 - 10:19:55) ->    20(time 37276 - 10:21:16)(time 37610 - 10:26:50) ->    19(time 37645 - 10:27:25)(time 37957 - 10:32:37) ->    18(time 38038 - 10:33:58)(time 38345 - 10:39:05) ->    17(time 38426 - 10:40:26)(time 38733 - 10:45:33) ->    16(time 38814 - 10:46:54)(time 39116 - 10:51:56) ->    15(time 39197 - 10:53:17)(time 39485 - 10:58:05) ->    14(time 39761 - 11:02:41)(time 39761 - 11:02:41) ->    0(time 39761 - 11:02:41)(time 40049 - 11:07:29) ->    1(time 40130 - 11:08:50)(time 40432 - 11:13:52) ->    2(time 40513 - 11:15:13)(time 40820 - 11:20:20) ->    3(time 40901 - 11:21:41)(time 41208 - 11:26:48) ->    4(time 41289 - 11:28:09)(time 41601 - 11:33:21) ->    5(time 41636 - 11:33:56)(time 41970 - 11:39:30) ->    6(time 42051 - 11:40:51)(time 42352 - 11:45:52) ->    7(time 42387 - 11:46:27)(time 42676 - 11:51:16) ->    8(time 42757 - 11:52:37)(time 43047 - 11:57:27) ->    9(time 43128 - 11:58:48)(time 43451 - 12:04:11) ->    10(time 43532 - 12:05:32)(time 43846 - 12:10:46) ->    11(time 43927 - 12:12:07)(time 44235 - 12:17:15) ->    12(time 44316 - 12:18:36)(time 44643 - 12:24:03) ->    13(time 44919 - 12:28:39)(time 44919 - 12:28:39) -> 27
> Trip 3
   27(time 47452 - 13:10:52)(time 47779 - 13:16:19) ->    26(time 47860 - 13:17:40)(time 48168 - 13:22:48) ->    25(time 48249 - 13:24:09)(time 48563 - 13:29:23) ->    24(time 48644 - 13:30:44)(time 48967 - 13:36:07) ->    23(time 49048 - 13:37:28)(time 49338 - 13:42:18) ->    22(time 49419 - 13:43:39)(time 49708 - 13:48:28) ->    21(time 49743 - 13:49:03)(time 50044 - 13:54:04) ->    20(time 50125 - 13:55:25)(time 50459 - 14:00:59) ->    19(time 50494 - 14:01:34)(time 50806 - 14:06:46) ->    18(time 50887 - 14:08:07)(time 51194 - 14:13:14) ->    17(time 51275 - 14:14:35)(time 51582 - 14:19:42) ->    16(time 51663 - 14:21:03)(time 51965 - 14:26:05) ->    15(time 52046 - 14:27:26)(time 52334 - 14:32:14) ->    14(time 52610 - 14:36:50)(time 52610 - 14:36:50) ->    0(time 52886 - 14:41:26)(time 53174 - 14:46:14) ->    1(time 53255 - 14:47:35)(time 53557 - 14:52:37) ->    2(time 53638 - 14:53:58)(time 53945 - 14:59:05) ->    3(time 54026 - 15:00:26)(time 54333 - 15:05:33) ->    4(time 54414 - 15:06:54)(time 54726 - 15:12:06) ->    5(time 54761 - 15:12:41)(time 55095 - 15:18:15) ->    6(time 55176 - 15:19:36)(time 55477 - 15:24:37) ->    7(time 55512 - 15:25:12)(time 55801 - 15:30:01) ->    8(time 55882 - 15:31:22)(time 56172 - 15:36:12) ->    9(time 56253 - 15:37:33)(time 56576 - 15:42:56) ->    10(time 56657 - 15:44:17)(time 56971 - 15:49:31) ->    11(time 57052 - 15:50:52)(time 57360 - 15:56:00) ->    12(time 57441 - 15:57:21)(time 57768 - 16:02:48) ->    13(time 58044 - 16:07:24)(time 58044 - 16:07:24) -> 27
=============
Train 2
=============
> Trip 0
   27(time 4985 - 01:23:05)(time 5312 - 01:28:32) ->    26(time 5393 - 01:29:53)(time 5701 - 01:35:01) ->    25(time 5782 - 01:36:22)(time 6096 - 01:41:36) ->    24(time 6555 - 01:49:15)(time 6878 - 01:54:38) ->    23(time 6959 - 01:55:59)(time 7249 - 02:00:49) ->    22(time 7330 - 02:02:10)(time 7619 - 02:06:59) ->    21(time 7654 - 02:07:34)(time 7955 - 02:12:35) ->    20(time 8036 - 02:13:56)(time 8370 - 02:19:30) ->    19(time 8405 - 02:20:05)(time 8717 - 02:25:17) ->    18(time 8798 - 02:26:38)(time 9105 - 02:31:45) ->    17(time 9375 - 02:36:15)(time 9682 - 02:41:22) ->    16(time 9763 - 02:42:43)(time 10065 - 02:47:45) ->    15(time 10146 - 02:49:06)(time 10434 - 02:53:54) ->    14(time 10710 - 02:58:30)(time 10710 - 02:58:30) ->    0(time 10797 - 02:59:57)(time 11085 - 03:04:45) ->    1(time 11166 - 03:06:06)(time 11468 - 03:11:08) ->    2(time 11549 - 03:12:29)(time 11856 - 03:17:36) ->    3(time 11937 - 03:18:57)(time 12244 - 03:24:04) ->    4(time 12325 - 03:25:25)(time 12637 - 03:30:37) ->    5(time 12672 - 03:31:12)(time 13006 - 03:36:46) ->    6(time 13087 - 03:38:07)(time 13388 - 03:43:08) ->    7(time 13423 - 03:43:43)(time 13712 - 03:48:32) ->    8(time 13793 - 03:49:53)(time 14083 - 03:54:43) ->    9(time 14164 - 03:56:04)(time 14487 - 04:01:27) ->    10(time 14757 - 04:05:57)(time 15071 - 04:11:11) ->    11(time 15152 - 04:12:32)(time 15460 - 04:17:40) ->    12(time 15541 - 04:19:01)(time 15868 - 04:24:28) ->    13(time 16144 - 04:29:04)(time 16144 - 04:29:04) -> 27
> Trip 1
   27(time 19479 - 05:24:39)(time 19806 - 05:30:06) ->    26(time 19887 - 05:31:27)(time 20195 - 05:36:35) ->    25(time 20276 - 05:37:56)(time 20590 - 05:43:10) ->    24(time 20671 - 05:44:31)(time 20994 - 05:49:54) ->    23(time 21075 - 05:51:15)(time 21365 - 05:56:05) ->    22(time 21446 - 05:57:26)(time 21735 - 06:02:15) ->    21(time 21770 - 06:02:50)(time 22071 - 06:07:51) ->    20(time 22152 - 06:09:12)(time 22486 - 06:14:46) ->    19(time 22521 - 06:15:21)(time 22833 - 06:20:33) ->    18(time 23294 - 06:28:14)(time 23601 - 06:33:21) ->    17(time 24062 - 06:41:02)(time 24369 - 06:46:09) ->    16(time 24830 - 06:53:50)(time 25132 - 06:58:52) ->    15(time 25213 - 07:00:13)(time 25501 - 07:05:01) ->    14(time 25962 - 07:12:42)(time 25962 - 07:12:42) ->    0(time 25962 - 07:12:42)(time 26250 - 07:17:30) ->    1(time 26550 - 07:22:30)(time 26852 - 07:27:32) ->    2(time 27313 - 07:35:13)(time 27620 - 07:40:20) ->    3(time 28081 - 07:48:01)(time 28388 - 07:53:08) ->    4(time 28849 - 08:00:49)(time 29161 - 08:06:01) ->    5(time 29604 - 08:13:24)(time 29938 - 08:18:58) ->    6(time 30075 - 08:21:15)(time 30376 - 08:26:16) ->    7(time 30411 - 08:26:51)(time 30700 - 08:31:40) ->    8(time 30781 - 08:33:01)(time 31071 - 08:37:51) ->    9(time 31152 - 08:39:12)(time 31475 - 08:44:35) ->    10(time 31936 - 08:52:16)(time 32250 - 08:57:30) ->    11(time 32331 - 08:58:51)(time 32639 - 09:03:59) ->    12(time 32720 - 09:05:20)(time 33047 - 09:10:47) ->    13(time 33323 - 09:15:23)(time 33323 - 09:15:23) -> 27
> Trip 2
   27(time 33681 - 09:21:21)(time 34008 - 09:26:48) ->    26(time 34089 - 09:28:09)(time 34397 - 09:33:17) ->    25(time 34478 - 09:34:38)(time 34792 - 09:39:52) ->    24(time 34873 - 09:41:13)(time 35196 - 09:46:36) ->    23(time 35277 - 09:47:57)(time 35567 - 09:52:47) ->    22(time 35648 - 09:54:08)(time 35937 - 09:58:57) ->    21(time 35972 - 09:59:32)(time 36273 - 10:04:33) ->    20(time 36354 - 10:05:54)(time 36688 - 10:11:28) ->    19(time 37149 - 10:19:09)(time 37461 - 10:24:21) ->    18(time 37542 - 10:25:42)(time 37849 - 10:30:49) ->    17(time 37930 - 10:32:10)(time 38237 - 10:37:17) ->    16(time 38318 - 10:38:38)(time 38620 - 10:43:40) ->    15(time 38921 - 10:48:41)(time 39209 - 10:53:29) ->    14(time 39485 - 10:58:05)(time 39485 - 10:58:05) ->    0(time 39485 - 10:58:05)(time 39773 - 11:02:53) ->    1(time 39854 - 11:04:14)(time 40156 - 11:09:16) ->    2(time 40237 - 11:10:37)(time 40544 - 11:15:44) ->    3(time 40625 - 11:17:05)(time 40932 - 11:22:12) ->    4(time 41013 - 11:23:33)(time 41325 - 11:28:45) ->    5(time 41360 - 11:29:20)(time 41694 - 11:34:54) ->    6(time 41775 - 11:36:15)(time 42076 - 11:41:16) ->    7(time 42111 - 11:41:51)(time 42400 - 11:46:40) ->    8(time 42481 - 11:48:01)(time 42771 - 11:52:51) ->    9(time 42852 - 11:54:12)(time 43175 - 11:59:35) ->    10(time 43256 - 12:00:56)(time 43570 - 12:06:10) ->    11(time 43651 - 12:07:31)(time 43959 - 12:12:39) ->    12(time 44040 - 12:14:00)(time 44367 - 12:19:27) ->    13(time 44643 - 12:24:03)(time 44643 - 12:24:03) -> 27
> Trip 3
   27(time 47626 - 13:13:46)(time 47953 - 13:19:13) ->    26(time 48034 - 13:20:34)(time 48342 - 13:25:42) ->    25(time 48423 - 13:27:03)(time 48737 - 13:32:17) ->    24(time 48818 - 13:33:38)(time 49141 - 13:39:01) ->    23(time 49222 - 13:40:22)(time 49512 - 13:45:12) ->    22(time 49593 - 13:46:33)(time 49882 - 13:51:22) ->    21(time 49917 - 13:51:57)(time 50218 - 13:56:58) ->    20(time 50299 - 13:58:19)(time 50633 - 14:03:53) ->    19(time 50668 - 14:04:28)(time 50980 - 14:09:40) ->    18(time 51061 - 14:11:01)(time 51368 - 14:16:08) ->    17(time 51449 - 14:17:29)(time 51756 - 14:22:36) ->    16(time 52215 - 14:30:15)(time 52517 - 14:35:17) ->    15(time 52598 - 14:36:38)(time 52886 - 14:41:26) ->    14(time 53162 - 14:46:02)(time 53162 - 14:46:02) ->    0(time 53162 - 14:46:02)(time 53450 - 14:50:50) ->    1(time 53807 - 14:56:47)(time 54109 - 15:01:49) ->    2(time 54190 - 15:03:10)(time 54497 - 15:08:17) ->    3(time 54578 - 15:09:38)(time 54885 - 15:14:45) ->    4(time 54966 - 15:16:06)(time 55278 - 15:21:18) ->    5(time 55313 - 15:21:53)(time 55647 - 15:27:27) ->    6(time 55728 - 15:28:48)(time 56029 - 15:33:49) ->    7(time 56064 - 15:34:24)(time 56353 - 15:39:13) ->    8(time 56434 - 15:40:34)(time 56724 - 15:45:24) ->    9(time 56805 - 15:46:45)(time 57128 - 15:52:08) ->    10(time 57209 - 15:53:29)(time 57523 - 15:58:43) ->    11(time 57604 - 16:00:04)(time 57912 - 16:05:12) ->    12(time 57993 - 16:06:33)(time 58320 - 16:12:00) ->    13(time 58596 - 16:16:36)(time 58596 - 16:16:36) -> 27
=============
Train 3
=============
> Trip 0
   27(time 4898 - 01:21:38)(time 5225 - 01:27:05) ->    26(time 5306 - 01:28:26)(time 5614 - 01:33:34) ->    25(time 5695 - 01:34:55)(time 6009 - 01:40:09) ->    24(time 6090 - 01:41:30)(time 6413 - 01:46:53) ->    23(time 6872 - 01:54:32)(time 7162 - 01:59:22) ->    22(time 7243 - 02:00:43)(time 7532 - 02:05:32) ->    21(time 7567 - 02:06:07)(time 7868 - 02:11:08) ->    20(time 7949 - 02:12:29)(time 8283 - 02:18:03) ->    19(time 8318 - 02:18:38)(time 8630 - 02:23:50) ->    18(time 8711 - 02:25:11)(time 9018 - 02:30:18) ->    17(time 9099 - 02:31:39)(time 9406 - 02:36:46) ->    16(time 9487 - 02:38:07)(time 9789 - 02:43:09) ->    15(time 9870 - 02:44:30)(time 10158 - 02:49:18) ->    14(time 10434 - 02:53:54)(time 10434 - 02:53:54) ->    0(time 10710 - 02:58:30)(time 10998 - 03:03:18) ->    1(time 11079 - 03:04:39)(time 11381 - 03:09:41) ->    2(time 11462 - 03:11:02)(time 11769 - 03:16:09) ->    3(time 11850 - 03:17:30)(time 12157 - 03:22:37) ->    4(time 12238 - 03:23:58)(time 12550 - 03:29:10) ->    5(time 12585 - 03:29:45)(time 12919 - 03:35:19) ->    6(time 13000 - 03:36:40)(time 13301 - 03:41:41) ->    7(time 13336 - 03:42:16)(time 13625 - 03:47:05) ->    8(time 13706 - 03:48:26)(time 13996 - 03:53:16) ->    9(time 14077 - 03:54:37)(time 14400 - 04:00:00) ->    10(time 14481 - 04:01:21)(time 14795 - 04:06:35) ->    11(time 14876 - 04:07:56)(time 15184 - 04:13:04) ->    12(time 15265 - 04:14:25)(time 15592 - 04:19:52) ->    13(time 15868 - 04:24:28)(time 15868 - 04:24:28) -> 27
> Trip 1
   27(time 16147 - 04:29:07)(time 16474 - 04:34:34) ->    26(time 16555 - 04:35:55)(time 16863 - 04:41:03) ->    25(time 16944 - 04:42:24)(time 17258 - 04:47:38) ->    24(time 17339 - 04:48:59)(time 17662 - 04:54:22) ->    23(time 17743 - 04:55:43)(time 18033 - 05:00:33) ->    22(time 18114 - 05:01:54)(time 18403 - 05:06:43) ->    21(time 18438 - 05:07:18)(time 18739 - 05:12:19) ->    20(time 18820 - 05:13:40)(time 19154 - 05:19:14) ->    19(time 19189 - 05:19:49)(time 19501 - 05:25:01) ->    18(time 19582 - 05:26:22)(time 19889 - 05:31:29) ->    17(time 19970 - 05:32:50)(time 20277 - 05:37:57) ->    16(time 20358 - 05:39:18)(time 20660 - 05:44:20) ->    15(time 20741 - 05:45:41)(time 21029 - 05:50:29) ->    14(time 21305 - 05:55:05)(time 21305 - 05:55:05) ->    0(time 21305 - 05:55:05)(time 21593 - 05:59:53) ->    1(time 21674 - 06:01:14)(time 21976 - 06:06:16) ->    2(time 22057 - 06:07:37)(time 22364 - 06:12:44) ->    3(time 22445 - 06:14:05)(time 22752 - 06:19:12) ->    4(time 22833 - 06:20:33)(time 23145 - 06:25:45) ->    5(time 23180 - 06:26:20)(time 23514 - 06:31:54) ->    6(time 23729 - 06:35:29)(time 24030 - 06:40:30) ->    7(time 24065 - 06:41:05)(time 24354 - 06:45:54) ->    8(time 24435 - 06:47:15)(time 24725 - 06:52:05) ->    9(time 24806 - 06:53:26)(time 25129 - 06:58:49) ->    10(time 25210 - 07:00:10)(time 25524 - 07:05:24) ->    11(time 25605 - 07:06:45)(time 25913 - 07:11:53) ->    12(time 25994 - 07:13:14)(time 26321 - 07:18:41) ->    13(time 26597 - 07:23:17)(time 26597 - 07:23:17) -> 27
> Trip 2
   27(time 26597 - 07:23:17)(time 26924 - 07:28:44) ->    26(time 27005 - 07:30:05)(time 27313 - 07:35:13) ->    25(time 27394 - 07:36:34)(time 27708 - 07:41:48) ->    24(time 27789 - 07:43:09)(time 28112 - 07:48:32) ->    23(time 28193 - 07:49:53)(time 28483 - 07:54:43) ->    22(time 28564 - 07:56:04)(time 28853 - 08:00:53) ->    21(time 28888 - 08:01:28)(time 29189 - 08:06:29) ->    20(time 29270 - 08:07:50)(time 29604 - 08:13:24) ->    19(time 29639 - 08:13:59)(time 29951 - 08:19:11) ->    18(time 30032 - 08:20:32)(time 30339 - 08:25:39) ->    17(time 30420 - 08:27:00)(time 30727 - 08:32:07) ->    16(time 30808 - 08:33:28)(time 31110 - 08:38:30) ->    15(time 31191 - 08:39:51)(time 31479 - 08:44:39) ->    14(time 31755 - 08:49:15)(time 31755 - 08:49:15) ->    0(time 31755 - 08:49:15)(time 32043 - 08:54:03) ->    1(time 32124 - 08:55:24)(time 32426 - 09:00:26) ->    2(time 32507 - 09:01:47)(time 32814 - 09:06:54) ->    3(time 32895 - 09:08:15)(time 33202 - 09:13:22) ->    4(time 33283 - 09:14:43)(time 33595 - 09:19:55) ->    5(time 33630 - 09:20:30)(time 33964 - 09:26:04) ->    6(time 34235 - 09:30:35)(time 34536 - 09:35:36) ->    7(time 34571 - 09:36:11)(time 34860 - 09:41:00) ->    8(time 34941 - 09:42:21)(time 35231 - 09:47:11) ->    9(time 35312 - 09:48:32)(time 35635 - 09:53:55) ->    10(time 35716 - 09:55:16)(time 36030 - 10:00:30) ->    11(time 36111 - 10:01:51)(time 36419 - 10:06:59) ->    12(time 36500 - 10:08:20)(time 36827 - 10:13:47) ->    13(time 37103 - 10:18:23)(time 37103 - 10:18:23) -> 27
> Trip 3
   27(time 47539 - 13:12:19)(time 47866 - 13:17:46) ->    26(time 47947 - 13:19:07)(time 48255 - 13:24:15) ->    25(time 48336 - 13:25:36)(time 48650 - 13:30:50) ->    24(time 48731 - 13:32:11)(time 49054 - 13:37:34) ->    23(time 49135 - 13:38:55)(time 49425 - 13:43:45) ->    22(time 49506 - 13:45:06)(time 49795 - 13:49:55) ->    21(time 49830 - 13:50:30)(time 50131 - 13:55:31) ->    20(time 50212 - 13:56:52)(time 50546 - 14:02:26) ->    19(time 50581 - 14:03:01)(time 50893 - 14:08:13) ->    18(time 50974 - 14:09:34)(time 51281 - 14:14:41) ->    17(time 51362 - 14:16:02)(time 51669 - 14:21:09) ->    16(time 51756 - 14:22:36)(time 52058 - 14:27:38) ->    15(time 52322 - 14:32:02)(time 52610 - 14:36:50) ->    14(time 52886 - 14:41:26)(time 52886 - 14:41:26) ->    0(time 52973 - 14:42:53)(time 53261 - 14:47:41) ->    1(time 53342 - 14:49:02)(time 53644 - 14:54:04) ->    2(time 53725 - 14:55:25)(time 54032 - 15:00:32) ->    3(time 54113 - 15:01:53)(time 54420 - 15:07:00) ->    4(time 54501 - 15:08:21)(time 54813 - 15:13:33) ->    5(time 54848 - 15:14:08)(time 55182 - 15:19:42) ->    6(time 55263 - 15:21:03)(time 55564 - 15:26:04) ->    7(time 55599 - 15:26:39)(time 55888 - 15:31:28) ->    8(time 55969 - 15:32:49)(time 56259 - 15:37:39) ->    9(time 56340 - 15:39:00)(time 56663 - 15:44:23) ->    10(time 56933 - 15:48:53)(time 57247 - 15:54:07) ->    11(time 57328 - 15:55:28)(time 57636 - 16:00:36) ->    12(time 57717 - 16:01:57)(time 58044 - 16:07:24) ->    13(time 58320 - 16:12:00)(time 58320 - 16:12:00) -> 27
