t4p18r2h4.txt:
   > Trying to open the instance file...
   > Reading number of trains...
   > Reading maximum number of trips per train...
   > Reading time intervals...
   > Reading number of points...
   > Reading stations...
   > Reading crossings...
   > Reading depots...
   > Reading initial point...
   > Reading routes...
   > Reading distance and distance and service...
   > Reading demands...
   > Reading maximum time...
   > Reading alpha...

--------------------------------
 Printing instance
--------------------------------
number of trains = 4
	max trips per trains: 4     4     4     4
number of intervals = 4
	(0,  13833)	(13834,  27666)	(27667,  41499)	(41500,  55333)
number of points = 18
	initial point: 0
	stations: 0     1     2     3     4     5     6     7     8     9    10    11    12    13    14    15    17
	crossings: 0    16    17
	depots: 0    17
number of vertices = 36
	total vertices: 0     1     2     3     4     5     6     7     8     9    10    11    12    13    14    15    16    17    18    19    20    21    22    23    24    25    26    27    28    29    30    31    32    33    34    35
	upper vertices: 0     1     2     3     4     5     6     7     8     9    10    11    12    13    14    15    16    17
	lower vertices: 18    19    20    21    22    23    24    25    26    27    28    29    30    31    32    33    34    35
	vertices of point #0: (0, 18)
	vertices of point #1: (1, 19)
	vertices of point #2: (2, 20)
	vertices of point #3: (3, 21)
	vertices of point #4: (4, 22)
	vertices of point #5: (5, 23)
	vertices of point #6: (6, 24)
	vertices of point #7: (7, 25)
	vertices of point #8: (8, 26)
	vertices of point #9: (9, 27)
	vertices of point #10: (10, 28)
	vertices of point #11: (11, 29)
	vertices of point #12: (12, 30)
	vertices of point #13: (13, 31)
	vertices of point #14: (14, 32)
	vertices of point #15: (15, 33)
	vertices of point #16: (16, 34)
	vertices of point #17: (17, 35)

arcs...
	total arcs: 
		arc #0: (0, 1)
		arc #1: (0, 18)
		arc #2: (18, 0)
		arc #3: (1, 2)
		arc #4: (19, 18)
		arc #5: (2, 3)
		arc #6: (20, 19)
		arc #7: (3, 4)
		arc #8: (21, 20)
		arc #9: (4, 5)
		arc #10: (22, 21)
		arc #11: (5, 6)
		arc #12: (23, 22)
		arc #13: (6, 7)
		arc #14: (24, 23)
		arc #15: (7, 8)
		arc #16: (25, 24)
		arc #17: (8, 9)
		arc #18: (26, 25)
		arc #19: (9, 10)
		arc #20: (27, 26)
		arc #21: (10, 11)
		arc #22: (28, 27)
		arc #23: (11, 12)
		arc #24: (29, 28)
		arc #25: (12, 13)
		arc #26: (30, 29)
		arc #27: (13, 14)
		arc #28: (31, 30)
		arc #29: (14, 15)
		arc #30: (32, 31)
		arc #31: (15, 16)
		arc #32: (33, 32)
		arc #33: (16, 17)
		arc #34: (34, 33)
		arc #35: (35, 34)
		arc #36: (17, 35)
		arc #37: (35, 17)

	reverse arcs: 
		arc #1: (0, 18)
		arc #2: (18, 0)
		arc #36: (17, 35)
		arc #37: (35, 17)


incompatible points...
	(0, 15, 34, (15, 16))	(34, 19, 0, (19, 18))	(16, 16, 35, (16, 17))	(35, 35, 16, (35, 34))

number of routes = 2
vertices of routes...
	route #0: 0     1     2     3     4     5     6     7     8     9    10    11    12    13    14    15    16    17    35    34    33    32    31    30    29    28    27    26    25    24    23    22    21    20    19    18     0
	route #1: 35    34    33    32    31    30    29    28    27    26    25    24    23    22    21    20    19    18     0     1     2     3     4     5     6     7     8     9    10    11    12    13    14    15    16    17    35
arcs of routes...
	route #0: 0     3     5     7     9    11    13    15    17    19    21    23    25    27    29    31    33    36    35    34    32    30    28    26    24    22    20    18    16    14    12    10     8     6     4     2
	route #1: 35    34    32    30    28    26    24    22    20    18    16    14    12    10     8     6     4     2     0     3     5     7     9    11    13    15    17    19    21    23    25    27    29    31    33    36

incompatible routes...
	(0, 1)    	(1, 0)

vertices that can be adjacent in consecutive trips...
	(0, 0)    	(35, 35)
non cyclical routes: 


routes of trip...
	routes that train #0 can complete at trip #0: 0
	routes that train #0 can complete at trip #1: 0       1
	routes that train #0 can complete at trip #2: 0       1
	routes that train #0 can complete at trip #3: 0       1

	routes that train #1 can complete at trip #0: 0
	routes that train #1 can complete at trip #1: 0       1
	routes that train #1 can complete at trip #2: 0       1
	routes that train #1 can complete at trip #3: 0       1

	routes that train #2 can complete at trip #0: 0
	routes that train #2 can complete at trip #1: 0       1
	routes that train #2 can complete at trip #2: 0       1
	routes that train #2 can complete at trip #3: 0       1

	routes that train #3 can complete at trip #0: 0
	routes that train #3 can complete at trip #1: 0       1
	routes that train #3 can complete at trip #2: 0       1
	routes that train #3 can complete at trip #3: 0       1

 cost...
	arc #0 [0][1]: 225
	arc #1 [0][18]: 0
	arc #2 [18][0]: 0
	arc #3 [1][2]: 227
	arc #4 [19][18]: 225
	arc #5 [2][3]: 198
	arc #6 [20][19]: 227
	arc #7 [3][4]: 237
	arc #8 [21][20]: 198
	arc #9 [4][5]: 221
	arc #10 [22][21]: 237
	arc #11 [5][6]: 214
	arc #12 [23][22]: 221
	arc #13 [6][7]: 212
	arc #14 [24][23]: 214
	arc #15 [7][8]: 218
	arc #16 [25][24]: 212
	arc #17 [8][9]: 234
	arc #18 [26][25]: 218
	arc #19 [9][10]: 235
	arc #20 [27][26]: 234
	arc #21 [10][11]: 227
	arc #22 [28][27]: 235
	arc #23 [11][12]: 236
	arc #24 [29][28]: 227
	arc #25 [12][13]: 209
	arc #26 [30][29]: 236
	arc #27 [13][14]: 221
	arc #28 [31][30]: 209
	arc #29 [14][15]: 209
	arc #30 [32][31]: 221
	arc #31 [15][16]: 200
	arc #32 [33][32]: 209
	arc #33 [16][17]: 217
	arc #34 [34][33]: 200
	arc #35 [35][34]: 217
	arc #36 [17][35]: 0
	arc #37 [35][17]: 0

cost with minimum service...
	arc #0 [0][1]: 340
	arc #1 [0][18]: 0
	arc #2 [18][0]: 0
	arc #3 [1][2]: 342
	arc #4 [19][18]: 379
	arc #5 [2][3]: 313
	arc #6 [20][19]: 342
	arc #7 [3][4]: 352
	arc #8 [21][20]: 313
	arc #9 [4][5]: 336
	arc #10 [22][21]: 352
	arc #11 [5][6]: 329
	arc #12 [23][22]: 336
	arc #13 [6][7]: 327
	arc #14 [24][23]: 329
	arc #15 [7][8]: 333
	arc #16 [25][24]: 327
	arc #17 [8][9]: 349
	arc #18 [26][25]: 333
	arc #19 [9][10]: 350
	arc #20 [27][26]: 349
	arc #21 [10][11]: 342
	arc #22 [28][27]: 350
	arc #23 [11][12]: 351
	arc #24 [29][28]: 342
	arc #25 [12][13]: 324
	arc #26 [30][29]: 351
	arc #27 [13][14]: 336
	arc #28 [31][30]: 324
	arc #29 [14][15]: 324
	arc #30 [32][31]: 336
	arc #31 [15][16]: 243
	arc #32 [33][32]: 324
	arc #33 [16][17]: 371
	arc #34 [34][33]: 315
	arc #35 [35][34]: 260
	arc #36 [17][35]: 0
	arc #37 [35][17]: 0

cost with maximum service...
	arc #0 [0][1]: 614
	arc #1 [0][18]: 389
	arc #2 [18][0]: 389
	arc #3 [1][2]: 616
	arc #4 [19][18]: 614
	arc #5 [2][3]: 587
	arc #6 [20][19]: 616
	arc #7 [3][4]: 626
	arc #8 [21][20]: 587
	arc #9 [4][5]: 610
	arc #10 [22][21]: 626
	arc #11 [5][6]: 603
	arc #12 [23][22]: 610
	arc #13 [6][7]: 601
	arc #14 [24][23]: 603
	arc #15 [7][8]: 607
	arc #16 [25][24]: 601
	arc #17 [8][9]: 623
	arc #18 [26][25]: 607
	arc #19 [9][10]: 624
	arc #20 [27][26]: 623
	arc #21 [10][11]: 616
	arc #22 [28][27]: 624
	arc #23 [11][12]: 625
	arc #24 [29][28]: 616
	arc #25 [12][13]: 598
	arc #26 [30][29]: 625
	arc #27 [13][14]: 610
	arc #28 [31][30]: 598
	arc #29 [14][15]: 598
	arc #30 [32][31]: 610
	arc #31 [15][16]: 589
	arc #32 [33][32]: 598
	arc #33 [16][17]: 606
	arc #34 [34][33]: 589
	arc #35 [35][34]: 606
	arc #36 [17][35]: 389
	arc #37 [35][17]: 389

demands...
	demands of vertex 0 at time interval: 3     3     3     3
	demands of vertex 1 at time interval: 3     3     3     3
	demands of vertex 2 at time interval: 3     3     3     3
	demands of vertex 3 at time interval: 3     3     3     3
	demands of vertex 4 at time interval: 3     3     3     3
	demands of vertex 5 at time interval: 3     3     3     3
	demands of vertex 6 at time interval: 3     3     3     3
	demands of vertex 7 at time interval: 3     3     3     3
	demands of vertex 8 at time interval: 3     3     3     3
	demands of vertex 9 at time interval: 3     3     3     3
	demands of vertex 10 at time interval: 3     3     3     3
	demands of vertex 11 at time interval: 3     3     3     3
	demands of vertex 12 at time interval: 3     3     3     3
	demands of vertex 13 at time interval: 3     3     3     3
	demands of vertex 14 at time interval: 3     3     3     3
	demands of vertex 15 at time interval: 3     3     3     3
	demands of vertex 16 at time interval: 0     0     0     0
	demands of vertex 17 at time interval: 0     0     0     0
	demands of vertex 18 at time interval: 0     0     0     0
	demands of vertex 19 at time interval: 3     3     3     3
	demands of vertex 20 at time interval: 3     3     3     3
	demands of vertex 21 at time interval: 3     3     3     3
	demands of vertex 22 at time interval: 3     3     3     3
	demands of vertex 23 at time interval: 3     3     3     3
	demands of vertex 24 at time interval: 3     3     3     3
	demands of vertex 25 at time interval: 3     3     3     3
	demands of vertex 26 at time interval: 3     3     3     3
	demands of vertex 27 at time interval: 3     3     3     3
	demands of vertex 28 at time interval: 3     3     3     3
	demands of vertex 29 at time interval: 3     3     3     3
	demands of vertex 30 at time interval: 3     3     3     3
	demands of vertex 31 at time interval: 3     3     3     3
	demands of vertex 32 at time interval: 3     3     3     3
	demands of vertex 33 at time interval: 3     3     3     3
	demands of vertex 34 at time interval: 0     0     0     0
	demands of vertex 35 at time interval: 3     3     3     3

maximum time = 55333
alpha = 74

>> Solving...
Version identifier: 20.1.0.0 | 2020-11-10 | 9bedb6d68
CPXPARAM_Threads                                 1
CPXPARAM_TimeLimit                               43200
Aggregator has done 432 substitutions...
Aggregator has done 821 substitutions...
Tried aggregator 6 times.
Aggregator has done 1152 substitutions...
MIP Presolve eliminated 195593 rows and 26668 columns.
MIP Presolve modified 409890 coefficients.
Aggregator did 1152 substitutions.
Reduced MIP has 584472 rows, 225233 columns, and 1419550 nonzeros.
Reduced MIP has 224656 binaries, 0 generals, 0 SOSs, and 0 indicators.
Presolve time = 83.66 sec. (31898.33 ticks)
Elapsed time = 89.49 sec. (10013.56 ticks) for 0% of probing (724 vars fixed)
Probing fixed 724 vars, tightened 336 bounds.
Probing time = 134.13 sec. (16174.02 ticks)
Cover probing fixed 0 vars, tightened 63 bounds.
Tried aggregator 1 time.
Detecting symmetries...
Elapsed time for symmetry detection = 51.71 sec. (10008.28 ticks)
Elapsed time for symmetry detection = 101.80 sec. (20016.61 ticks)
Elapsed time for symmetry detection = 152.32 sec. (30022.97 ticks)
Elapsed time for symmetry detection = 203.66 sec. (40030.07 ticks)
Elapsed time for symmetry detection = 254.29 sec. (50038.04 ticks)
Elapsed time for symmetry detection = 305.03 sec. (60043.91 ticks)
Elapsed time for symmetry detection = 355.73 sec. (70053.48 ticks)
Elapsed time for symmetry detection = 402.66 sec. (80058.12 ticks)
Elapsed time for symmetry detection = 428.67 sec. (90066.80 ticks)
Elapsed time for symmetry detection = 479.99 sec. (100072.71 ticks)
Elapsed time for symmetry detection = 531.00 sec. (110080.16 ticks)
Elapsed time for symmetry detection = 580.99 sec. (120087.66 ticks)
Elapsed time for symmetry detection = 630.92 sec. (130093.89 ticks)
Elapsed time for symmetry detection = 681.93 sec. (140103.00 ticks)
Elapsed time for symmetry detection = 731.66 sec. (150108.00 ticks)
Elapsed time for symmetry detection = 782.19 sec. (160117.03 ticks)
Elapsed time for symmetry detection = 833.93 sec. (170122.47 ticks)
Elapsed time for symmetry detection = 885.46 sec. (180130.27 ticks)
Elapsed time for symmetry detection = 936.56 sec. (190137.32 ticks)
Elapsed time for symmetry detection = 987.20 sec. (200143.90 ticks)
Elapsed time for symmetry detection = 1020.86 sec. (210152.55 ticks)
Found 6.195271e+313064 symmetric permutations.
MIP Presolve eliminated 1144 rows and 772 columns.
MIP Presolve modified 19512 coefficients.
Reduced MIP has 583328 rows, 224461 columns, and 1415898 nonzeros.
Reduced MIP has 223884 binaries, 0 generals, 0 SOSs, and 0 indicators.
Presolve time = 1053.54 sec. (221654.35 ticks)
Probing fixed 0 vars, tightened 31 bounds.
Probing time = 7.82 sec. (1205.08 ticks)
Clique table members: 975509.
MIP emphasis: balance optimality and feasibility.
MIP search method: dynamic search.
Parallel mode: none, using 1 thread.
Root relaxation solution time = 1310.45 sec. (236353.01 ticks)

        Nodes                                         Cuts/
   Node  Left     Objective  IInf  Best Integer    Best Bound    ItCnt     Gap

      0     0     1737.4369 105620                   1737.4369   223464         
      0     0     8153.4400 101877                  Cuts: 9886   239961         
      0     0     9115.2954 102172                  Cuts: 9930   242495         
      0     0     9586.2881 102359                  Cuts: 8663   247380         
      0     0     9680.1736 99028                  Cuts: 7193   255294         
      0     0     9868.9627 101373                  Cuts: 8318   262806         

Repeating presolve.
Tried aggregator 1 time.
MIP Presolve eliminated 536160 rows and 214464 columns.
MIP Presolve modified 2965 coefficients.
Reduced MIP has 47168 rows, 9997 columns, and 128696 nonzeros.
Reduced MIP has 9420 binaries, 0 generals, 0 SOSs, and 0 indicators.
Presolve time = 2.68 sec. (1628.65 ticks)
Probing fixed 0 vars, tightened 32 bounds.
Probing time = 0.37 sec. (267.57 ticks)
Tried aggregator 1 time.
Detecting symmetries...
MIP Presolve modified 1793 coefficients.
Reduced MIP has 47168 rows, 9997 columns, and 128696 nonzeros.
Reduced MIP has 9420 binaries, 0 generals, 0 SOSs, and 0 indicators.
Presolve time = 0.59 sec. (337.04 ticks)
Represolve time = 4.04 sec. (2333.14 ticks)
Probing fixed 0 vars, tightened 31 bounds.
Probing time = 0.31 sec. (250.94 ticks)
Clique table members: 74593.
MIP emphasis: balance optimality and feasibility.
MIP search method: dynamic search.
Parallel mode: none, using 1 thread.
Root relaxation solution time = 4.22 sec. (1816.70 ticks)

        Nodes                                         Cuts/
   Node  Left     Objective  IInf  Best Integer    Best Bound    ItCnt     Gap

      0     0    11324.0000  4880                  11324.0000   272722         
      0     0    12775.1419  4867                  Cuts: 9488   290142         
      0     0    13472.7839  4877                  Cuts: 5298   292018         
      0     0    13682.0253  4778                  Cuts: 2961   293013         
      0     0    13763.5941  5017                  Cuts: 2052   294168         
      0     0    13783.5044  5078                  Cuts: 1478   294887         
      0     0    13943.1546  4975                  Cuts: 1663   295691         
      0     0    13971.5367  4906                  Cuts: 1398   296238         
      0     0    14125.4215  5028                  Cuts: 1266   297319         
      0     0    14141.8761  5016                  Cuts: 1391   297753         
      0     0    14142.7878  5054                   Cuts: 995   298199         
      0     0    14142.9211  4892                   Cuts: 996   298508         
      0     0    14333.5267  4878                  Cuts: 3433   299781         
      0     0    14393.1643  4942                  Cuts: 2299   300475         
      0     0    14464.1468  4901                  Cuts: 1439   301171         
      0     0    14472.2581  4881                  Cuts: 1285   301549         
      0     0    14475.4703  4996                  Cuts: 1158   301890         
      0     0    14476.1850  5030                  Cuts: 1256   302216         
Heuristic still looking.
      0     2    14476.1850  4787                  14865.8141   302216         
Elapsed time = 6766.78 sec. (1567561.14 ticks, tree = 0.01 MB, solutions = 0)
      1     3    23300.8322  4103                  23935.0000   304891         
      2     4    33972.0000  3956                  24960.9915   321493         
      3     5    25862.7254  3798                  26112.6578   323193         
      4     6    45296.0000  2565                  26112.6578   334303         
      5     7    30306.1359  2739                  33943.0000   336542         
      6     8    45296.0000  1235                  33943.0000   340468         
      7     9    45296.0000  3517                  33943.0000   346245         
      9    11    47162.0000   861                  33943.0000   346574         
     11    13    50315.0000   452                  33943.0000   347075         
     38    23    33972.0000  4640                  33972.0000   358436         
Elapsed time = 6860.40 sec. (1590122.50 ticks, tree = 1.25 MB, solutions = 0)
     40    25    33972.0000  3668                  33972.0000   369825         
     64    41    52824.0000   384                  33972.0000   373546         
    121    62    33972.0000  3401                  33972.0000   380952         
    129    66    33972.0000  2994                  33972.0000   392005         
    130    67    33972.0000  2588                  33972.0000   397699         
    131    68    34353.6217  2695                  33972.0000   407892         
    137    70    47776.0000  2124                  33972.0000   417384         
    140    69    47828.7165  1189                  33972.0000   422991         
    150    73    47828.7165  1217                  33972.0000   428630         
    180   103    53093.0000   126                  33972.0000   431618         
Elapsed time = 6924.89 sec. (1606596.96 ticks, tree = 2.41 MB, solutions = 0)
    192   109    47776.0000  1964                  33972.0000   438870         
    196   109    37854.7469  2611                  33972.0000   445292         
    209   112    45296.0000  1867                  33972.0000   452421         
    211   114    52484.0000  1155                  33972.0000   457966         
    231   132    54546.0000   362                  33972.0000   461894         
    257   140    45296.0000  4154                  33972.0000   467204         
    260   143    45296.0000  2948                  33972.0000   468352         
    263   146    52484.0000  1564                  33972.0000   474662         
    280   161    52939.0000   535                  33972.0000   477223         
    315   181    52824.0000  2750                  33972.0000   485242         
Elapsed time = 6974.36 sec. (1619655.90 ticks, tree = 3.65 MB, solutions = 0)
    317   183    52824.0000  1752                  33972.0000   491250         
    320   184    52824.0000  1425                  33972.0000   499367         
    324   186    52824.0000   592                  33972.0000   503802         
    361   199    45296.0000  3506                  33972.0000   509049         
    363   201    52824.0000  1944                  33972.0000   514635         
    367   201    33972.0000  3771                  33972.0000   535854         
    371   205    45296.0000  3309                  33972.0000   543954         
    373   207    52484.0000  1503                  33972.0000   548751         
    397   231    53858.0000   426                  33972.0000   550096         
    415   245    33972.0000  2337                  33972.0000   558281         
Elapsed time = 7057.26 sec. (1638183.65 ticks, tree = 4.60 MB, solutions = 0)
    428   256    38612.0000  1122                  33972.0000   562183         
    461   287    38766.0000   604                  33972.0000   563936         
    508   303    35239.0000  1248                  33972.0000   566127         
    522   311    52824.0000  1371                  33972.0000   569310         
    560   341    52824.0000   456                  33972.0000   571851         
    600   377    53318.0000   126                  33972.0000   573199         
    625   396    52824.0000  1348                  33972.0000   576918         
    650   421    52824.0000   408                  33972.0000   578838         
    683   439    52824.0000  2432                  33972.0000   583987         
    711   461    53054.0000   291                  33972.0000   586321         
Elapsed time = 7095.61 sec. (1648613.29 ticks, tree = 8.30 MB, solutions = 0)
    750   496    53447.0000   180                  33972.0000   587039         
    766   501    33972.0000  3739                  33972.0000   594906         
    769   504    45296.0000  4119                  33972.0000   600580         
    779   512    52142.0000   725                  33972.0000   604572         
    787   512    33972.0000  3259                  33972.0000   611243         
    790   515    49351.2296  1000                  33972.0000   616802         
    825   543    53093.0000   132                  33972.0000   618442         
    833   541    33972.0000  3777                  33972.0000   629498         
    845   551    52939.0000   294                  33972.0000   632956         
    864   560    34087.0000  3150                  34087.0000   638283         
Elapsed time = 7127.46 sec. (1664364.10 ticks, tree = 10.11 MB, solutions = 0)
    890   581    52939.0000   208                  34087.0000   640748         

Performing restart 1

Repeating presolve.
Tried aggregator 1 time.
MIP Presolve modified 2365 coefficients.
Reduced MIP has 47168 rows, 9997 columns, and 128696 nonzeros.
Reduced MIP has 9420 binaries, 0 generals, 0 SOSs, and 0 indicators.
Presolve time = 0.53 sec. (313.46 ticks)
Tried aggregator 1 time.
MIP Presolve modified 1045 coefficients.
Reduced MIP has 47168 rows, 9997 columns, and 128696 nonzeros.
Reduced MIP has 9420 binaries, 0 generals, 0 SOSs, and 0 indicators.
Presolve time = 0.59 sec. (343.29 ticks)
Represolve time = 2.69 sec. (1819.39 ticks)
    926     0    14762.8937  4690                  Cuts: 8029   655131         
    926     0    15254.7666  4561                  Cuts: 4155   656642         
    926     0    15900.1794  4662                  Cuts: 3635   658195         
    926     0    16219.6352  4687                  Cuts: 2501   660011         
    926     0    16231.2627  4751                  Cuts: 2035   661003         
    926     0    16345.8132  4731                  Cuts: 2072   662124         
    926     0    16376.9479  4791                  Cuts: 4269   663129         
    926     2    16376.9479  4477                  35239.0000   663129         
    929     5    32682.8350  2743                  35239.0000   669184         
    932     8    33972.0000  3523                  35239.0000   681923         
    935    11    45296.0000  3890                  35239.0000   692454         
    942    16    45296.0000  3400                  35239.0000   699393         
    947    19    45296.0000  2090                  35239.0000   714490         
    956    24    47542.8136  1018                  35239.0000   718235         
    963    27    infeasible                        35239.0000   723272         
    966    28    52824.0000   647                  35239.0000   725043         
Elapsed time = 7420.36 sec. (1774019.46 ticks, tree = 1.01 MB, solutions = 0)
    973    31    52824.0000  2273                  35239.0000   733447         
    974    32    52824.0000  1716                  35239.0000   738240         
    977    35    52824.0000   967                  35239.0000   739106         
    981    38    52824.0000   474                  35239.0000   743936         
    998    49    52484.0000  1724                  35239.0000   750547         
   1000    51    52484.0000   903                  35239.0000   757832         
   1013    54    52824.0000  1080                  35239.0000   768871         
   1019    58    infeasible                        35239.0000   774613         
   1029    60    36272.7658  2533                  35239.0000   779304         
   1030    61    45296.0000  1806                  35239.0000   784625         
Elapsed time = 7479.13 sec. (1790387.30 ticks, tree = 1.82 MB, solutions = 0)
   1048    69    52939.0000   447                  35239.0000   788093         
   1078    98    52978.0000   188                  35239.0000   788875         
   1099   110    52142.0000   959                  35239.0000   797796         
   1104   109    infeasible                        35239.0000   804624         
   1105   110    45296.0000  1799                  35239.0000   810963         
   1107   112    45296.0000  2200                  35239.0000   818833         
   1110   115    52824.0000  1508                  35239.0000   824135         
   1112   115    infeasible                        35239.0000   830951         
   1120   119    33972.0000  3907                  35239.0000   841490         
   1123   122    45296.0000  2987                  35239.0000   848377         
Elapsed time = 7541.98 sec. (1806891.20 ticks, tree = 2.78 MB, solutions = 0)
   1125   124    53545.0000  2725                  35239.0000   855839         
   1131   126    infeasible                        35239.0000   858176         
   1132   127    33972.0000  3100                  35239.0000   868236         
   1136   131    35239.0000  1426                  35239.0000   874588         
   1170   157    39788.0000   804                  35239.0000   877145         
   1201   169    37605.0000  1224                  35239.0000   880187         
   1227   184    33972.0000  2498                  35239.0000   885642         
   1235   190    33972.0000  2795                  35239.0000   891225         
   1252   207    53318.0000   454                  35239.0000   894806         
   1333   263    52824.0000  1046                  35239.0000   906488         
Elapsed time = 7629.06 sec. (1828096.17 ticks, tree = 5.62 MB, solutions = 0)
   1334   264    50349.5725  1153                  35239.0000   906730         
   1336   266    53203.0000   534                  35239.0000   907947         
   1338   268    53318.0000   366                  35239.0000   907976         
   1340   270    53357.0000   336                  35239.0000   908139         
   1343   271    53357.0000   296                  35239.0000   908442         
   1347   271    infeasible                        35239.0000   909164         
   1350   272    53357.0000   272                  35239.0000   909208         
   1353   273    infeasible                        35239.0000   909310         
   1355   273    49574.8737  2166                  35239.0000   914350         
   1356   274    49574.8737  2160                  35239.0000   914562         
Elapsed time = 7814.59 sec. (1885727.48 ticks, tree = 5.81 MB, solutions = 0)
   1357   275    49574.8737  2127                  35239.0000   914677         
   1358   276    50152.0000  1161                  35239.0000   915109         
   1371   285    52978.0000   198                  35239.0000   915968         
   1393   298    52824.0000  2073                  35239.0000   921699         
   1394   299    52824.0000   937                  35239.0000   926045         
   1504   377    infeasible                        35239.0000   934161         
   1544   406    39331.0000  1363                  35239.0000   937359         
   1612   458    36310.0000  1218                  35239.0000   943113         
   1739   561    infeasible                        35239.0000   949701         
   1796   607    infeasible                        35239.0000   954262         
Elapsed time = 7948.71 sec. (1938544.71 ticks, tree = 11.04 MB, solutions = 0)

Performing restart 2

Repeating presolve.
Tried aggregator 1 time.
MIP Presolve modified 1045 coefficients.
Reduced MIP has 47168 rows, 9997 columns, and 128696 nonzeros.
Reduced MIP has 9420 binaries, 0 generals, 0 SOSs, and 0 indicators.
Presolve time = 0.55 sec. (312.70 ticks)
Tried aggregator 1 time.
MIP Presolve modified 1045 coefficients.
Reduced MIP has 47168 rows, 9997 columns, and 128696 nonzeros.
Reduced MIP has 9420 binaries, 0 generals, 0 SOSs, and 0 indicators.
Presolve time = 0.82 sec. (343.29 ticks)
Represolve time = 5.76 sec. (1792.67 ticks)
   1852     0    16466.4556  5184                  Cuts: 8750   971559         
   1852     0    16478.0547  4646                  Cuts: 1770   972371         
   1852     0    16478.0921  4826                  Cuts: 3858   973144         
   1852     0    16480.7526  4553                  Cuts: 1170   973881         
   1852     0    16491.6005  4702                  Cuts: 4862   974484         
   1852     0    16538.6977  4671                  Cuts: 1285   975446         
   1852     0    16541.9900  4810                  Cuts: 4632   976224         
   1852     0    16542.1831  4685                  Cuts: 1509   976720         
   1852     0    16550.4659  4822                  Cuts: 2862   977275         
   1852     0    16550.7280  4698                  Cuts: 1147   977729         
   1852     0    16550.7284  4829                  Cuts: 3332   978342         
   1852     2    16550.7284  4601                  36310.0000   978342         
   1853     3    16602.1668  4399                  36310.0000   979005         
   1854     4    24172.2877  4000                  36310.0000   983604         
   1855     5    33972.0000  3930                  36310.0000  1003275         
   1856     6    35239.0000  3827                  36310.0000  1010030         
   1857     7    33972.0000  3774                  36310.0000  1020644         
   1858     8    33972.0000  3851                  36310.0000  1022713         
   1859     9    35931.0000  3488                  36310.0000  1025535         
   1860    10    33972.0000  4281                  36310.0000  1028398         
   1861    11    47491.6726  1295                  36310.0000  1031371         
Elapsed time = 8480.35 sec. (2263232.50 ticks, tree = 1.54 MB, solutions = 0)
   1862    12    45296.0000  2108                  36310.0000  1035509         
   1863    13    47806.0000  1852                  36310.0000  1036019         
   1864    14    52824.0000  1154                  36310.0000  1037068         
   1865    15    52824.0000   645                  36310.0000  1038515         
   1869    19    52824.0000   691                  36310.0000  1039132         
   1872    22    52978.0000   563                  36310.0000  1040293         
   1881    27    infeasible                        36310.0000  1040765         
   1882    28    27820.6741  3054                  36310.0000  1043778         
   1883    29    48100.0000  2352                  36310.0000  1047921         
   1884    30    29391.7699  3251                  36310.0000  1048535         
Elapsed time = 8654.83 sec. (2348676.53 ticks, tree = 7.66 MB, solutions = 0)
   1885    31    48100.0000  1911                  36310.0000  1048871         
   1887    33    48436.0000  1909                  36310.0000  1048900         
   1889    35    49183.1350  1915                  36310.0000  1056084         
   1890    36    48436.0000  2291                  36310.0000  1056287         
   1891    37    48436.0000  1812                  36310.0000  1056558         
   1893    39    50315.0000   672                  36310.0000  1057206         
   1897    43    52824.0000   530                  36310.0000  1058246         
   1901    45    52824.0000   896                  36310.0000  1059691         
   1907    51    52978.0000   166                  36310.0000  1060209         
   1942    77    53286.0000    74                  36310.0000  1060827         
Elapsed time = 8754.44 sec. (2403176.87 ticks, tree = 20.36 MB, solutions = 0)
   1953    81    32006.3474  3188                  36310.0000  1062057         
   1954    82    35758.4142  2891                  36310.0000  1063844         
   1955    83    36194.2916  3036                  36310.0000  1064170         
   1956    84    43493.0391  1684                  36310.0000  1065708         
   1957    85    45927.0000  2253                  36310.0000  1066985         
   1959    87    45927.0000  1447                  36310.0000  1070408         
   1961    89    52824.0000   908                  36310.0000  1070729         
   1963    91    52978.0000   796                  36310.0000  1070936         
   1979   100    infeasible                        36310.0000  1075691         
   1980   101    52142.0000  1822                  36310.0000  1080960         
Elapsed time = 8846.78 sec. (2504862.26 ticks, tree = 28.73 MB, solutions = 0)
   1984   105    52824.0000   433                  36310.0000  1082032         
   1991   112    53132.0000   250                  36310.0000  1082707         
   2005   119    35931.0000  3307                  36310.0000  1086413         
   2006   120    52824.0000  3011                  36310.0000  1087521         
   2009   123    52824.0000  1955                  36310.0000  1088272         
   2011   125    52824.0000  1874                  36310.0000  1089450         
   2013   127    52824.0000   623                  36310.0000  1090199         
   2018   132    52824.0000   459                  36310.0000  1090565         
   2021   135    52824.0000   390                  36310.0000  1092541         
   2047   160    53247.0000    64                  36310.0000  1092993         
Elapsed time = 8916.37 sec. (2557738.39 ticks, tree = 43.55 MB, solutions = 0)
   2059   167    52824.0000  1377                  36310.0000  1098838         
   2061   169    52824.0000  1093                  36310.0000  1099114         
   2064   170    52824.0000  1089                  36310.0000  1100960         
   2068   172    52978.0000   970                  36310.0000  1101655         
   2075   177    52978.0000   136                  36310.0000  1102754         
   2103   199    35931.0000  2629                  36310.0000  1104855         
   2105   201    52824.0000  2194                  36310.0000  1106301         
   2125   220    52978.0000   650                  36310.0000  1106728         
   2128   219    35931.0000  1618                  36310.0000  1107612         
   2130   221    36482.0000  1327                  36310.0000  1108003         
Elapsed time = 8978.82 sec. (2610007.42 ticks, tree = 65.65 MB, solutions = 0)
   2132   223    36482.0000  1244                  36310.0000  1108151         
   2134   225    36613.0000  1148                  36310.0000  1108260         
   2137   228    37957.0000   980                  36310.0000  1108524         
   2139   230    38111.0000   846                  36310.0000  1108658         
   2143   234    38111.0000   676                  36310.0000  1108858         
   2154   245    40135.0000   288                  36310.0000  1109680         
   2180   260    35931.0000  1503                  36310.0000  1110363         
   2182   262    35931.0000  1284                  36310.0000  1110612         
   2185   265    38111.0000   996                  36310.0000  1110861         
   2189   269    38226.0000   874                  36310.0000  1111076         
Elapsed time = 9022.56 sec. (2657009.07 ticks, tree = 84.01 MB, solutions = 0)
   2197   277    39954.0000   442                  36310.0000  1111858         
   2211   286    39327.0000   976                  36310.0000  1112730         
   2214   289    39833.0000   766                  36310.0000  1113017         
   2219   294    40603.0000   618                  36310.0000  1113599         
   2230   305    40796.0000   352                  36310.0000  1114220         
   2239   312    40833.0000   281                  36310.0000  1114612         
   2248   314    41241.0000  1367                  36310.0000  1115348         
   2251   317    41395.0000   829                  36310.0000  1115588         
   2256   318    52824.0000   964                  36310.0000  1115916         
   2265   326    54507.0000   682                  36310.0000  1116328         
Elapsed time = 9058.85 sec. (2701221.88 ticks, tree = 105.81 MB, solutions = 0)
   2281   342    54546.0000   204                  36310.0000  1117196         
   2302   351    52824.0000   602                  36310.0000  1121699         
   2313   356    35931.1668  3021                  36310.0000  1124686         
   2322   362    35931.1668  2905                  36310.0000  1127244         
   2324   364    35931.1668  2905                  36310.0000  1128006         
   2325   365    52824.0000  2287                  36310.0000  1129127         
   2327   367    52978.0000   896                  36310.0000  1130666         
   2329   369    38991.0000   961                  36310.0000  1131091         
   2331   371    38991.0000   954                  36310.0000  1131250         
   2334   374    38991.0000   684                  36310.0000  1131380         
Elapsed time = 9137.05 sec. (2760031.10 ticks, tree = 124.19 MB, solutions = 0)
   2339   379    39145.0000   534                  36310.0000  1131795         
   2345   385    39145.0000   364                  36310.0000  1131990         
   2350   390    39299.0000   444                  36310.0000  1132448         
   2354   394    39453.0000   366                  36310.0000  1132589         
   2358   394    35931.1668  1056                  36310.0000  1132819         
   2362   398    38881.0000   688                  36482.0000  1133146         
   2370   406    38881.0000   386                  36482.0000  1133492         
   2376   408    38489.0000   924                  36482.0000  1133867         
   2380   412    40271.0000   708                  36482.0000  1134101         
   2388   416    36482.0000  1348                  36482.0000  1134769         
Elapsed time = 9166.41 sec. (2805116.38 ticks, tree = 140.30 MB, solutions = 0)
   2391   419    38612.0000  1062                  36482.0000  1134980         
   2395   423    38766.0000   846                  36482.0000  1135210         
   2404   430    38920.0000   484                  36482.0000  1136061         
   2414   434    36482.0000  1184                  36482.0000  1137063         
   2418   438    39887.0000   983                  36482.0000  1137467         
   2422   442    40334.0000   762                  36482.0000  1137680         
   2426   442    36482.0000  1110                  36482.0000  1137905         
   2429   445    38612.0000   695                  36482.0000  1137977         
   2435   451    38766.0000   530                  36482.0000  1138383         
   2443   457    38766.0000   255                  36482.0000  1138836         
Elapsed time = 9199.53 sec. (2848531.76 ticks, tree = 156.02 MB, solutions = 0)
   2455   467    39299.0000   253                  36482.0000  1139195         
   2469   472    38612.0000   762                  36482.0000  1139860         
   2484   485    39074.0000   234                  36482.0000  1140797         
   2495   490    39673.0000   973                  36482.0000  1141220         
   2501   492    infeasible                        36482.0000  1141439         
   2514   501    36613.0000  1002                  36613.0000  1142153         
   2516   503    38434.0000   806                  36613.0000  1142340         
   2521   508    38766.0000   663                  36613.0000  1142685         
   2525   508    38612.0000   929                  36613.0000  1142778         
   2529   512    38727.0000   862                  36613.0000  1142829         
Elapsed time = 9235.55 sec. (2890952.29 ticks, tree = 177.12 MB, solutions = 0)
   2534   517    38727.0000   675                  36613.0000  1143255         
   2541   524    38881.0000   562                  36613.0000  1143625         
   2553   533    38920.0000   450                  36613.0000  1144171         
   2565   538    38766.0000   712                  36613.0000  1144614         
   2573   546    38920.0000   429                  36613.0000  1145119         
   2583   556    39074.0000   344                  36613.0000  1145654         
   2592   562    38489.0000  1042                  36613.0000  1146192         
   2596   566    40146.0000   836                  36613.0000  1146424         
   2603   573    40642.0000   418                  36613.0000  1146779         
   2609   573    38270.0000  1014                  36613.0000  1147226         
Elapsed time = 9323.84 sec. (2931679.28 ticks, tree = 200.53 MB, solutions = 0)
   2612   576    38270.0000   834                  36613.0000  1147515         
   2617   581    38881.0000   668                  36613.0000  1147670         
   2624   584    38612.0000  1013                  36613.0000  1147914         
   2628   588    38727.0000   792                  36613.0000  1148096         
   2634   594    38881.0000   447                  36613.0000  1148373         
   2645   603    38920.0000   355                  36613.0000  1148743         
   2655   607    38612.0000   886                  36636.0000  1149183         
   2662   614    38920.0000   620                  36636.0000  1149790         
   2671   621    38920.0000   430                  36636.0000  1150153         
   2690   634    39228.0000   228                  36636.0000  1151135         
Elapsed time = 9402.84 sec. (2973827.82 ticks, tree = 223.92 MB, solutions = 0)
   2704   640    38204.0000  1018                  36636.0000  1151739         
   2708   644    40334.0000   744                  36636.0000  1151899         
   2714   650    40642.0000   382                  36636.0000  1152258         
   2731   660    36636.0000  1092                  36636.0000  1152576         
   2736   665    38766.0000   828                  36636.0000  1152855         
   2742   669    38766.0000   556                  36636.0000  1153109         
   2749   676    38881.0000   324                  36636.0000  1153374         
   2769   689    39074.0000   284                  36636.0000  1154051         
   2782   694    38920.0000   748                  37269.0000  1154587         
   2790   699    38920.0000   482                  37269.0000  1154924         
Elapsed time = 9475.54 sec. (3015684.60 ticks, tree = 248.85 MB, solutions = 0)
   2802   707    38612.0000   924                  37269.0000  1155415         
   2809   714    40564.0000   645                  37269.0000  1155957         
   2814   715    38612.0000   792                  37269.0000  1156356         
   2818   719    38727.0000   720                  37269.0000  1156720         
   2823   724    38842.0000   566                  37269.0000  1157009         
   2834   733    38996.0000   446                  37269.0000  1157681         
   2854   744    39111.0000   340                  37269.0000  1158166         
   2858   746    38991.0000  1002                  37269.0000  1158525         
   2864   748    37269.0000  1080                  37269.0000  1159111         
   2868   752    38727.0000   862                  37269.0000  1159397         
Elapsed time = 9548.88 sec. (3058969.24 ticks, tree = 269.17 MB, solutions = 0)
   2873   753    infeasible                        37269.0000  1159569         
   2883   759    infeasible                        37423.0000  1160102         
   2888   762    infeasible                        37423.0000  1160351         
   2895   763    38727.0000   828                  37957.0000  1161363         
   2902   770    39035.0000   546                  37957.0000  1162107         
   2911   775    38265.0000   842                  37957.0000  1162665         
   2916   780    38920.0000   592                  37957.0000  1162854         
   2925   789    38920.0000   440                  37957.0000  1163188         
   2933   793    38270.0000  1014                  37957.0000  1163885         
   2938   798    39942.0000   520                  37957.0000  1164137         
Elapsed time = 9619.38 sec. (3100405.65 ticks, tree = 286.82 MB, solutions = 0)
   2947   803    40289.0000   364                  37957.0000  1164629         
   2955   804    38612.0000   872                  37957.0000  1164862         
   2960   807    infeasible                        37957.0000  1165237         
   2967   812    39074.0000   454                  38111.0000  1165940         
   2979   821    39189.0000   324                  38111.0000  1166514         
   2988   825    38766.0000   472                  38111.0000  1166993         
   2999   832    infeasible                        38111.0000  1167265         
   3011   838    38578.0000   679                  38111.0000  1167881         
   3017   842    39200.0000   390                  38111.0000  1168366         
   3027   848    38766.0000   520                  38111.0000  1168997         
Elapsed time = 9685.06 sec. (3140980.65 ticks, tree = 306.01 MB, solutions = 0)
   3043   859    38920.0000   347                  38111.0000  1169495         
   3056   870    39035.0000   342                  38111.0000  1169875         
   3075   880    38111.0000   636                  38111.0000  1170636         
   3084   886    38920.0000   486                  38111.0000  1171164         
   3101   896    39189.0000   320                  38111.0000  1172041         
   3114   901    infeasible                        38111.0000  1172750         
   3124   906    38881.0000   516                  38111.0000  1173288         
   3132   908    infeasible                        38111.0000  1174005         
   3142   911    38424.0000   748                  38111.0000  1174739         
   3145   914    38693.0000   546                  38111.0000  1174856         
Elapsed time = 9769.14 sec. (3181281.14 ticks, tree = 331.34 MB, solutions = 0)
   3154   918    infeasible                        38111.0000  1175391         
   3163   925    38881.0000   472                  38111.0000  1175963         
   3176   934    38766.0000   607                  38111.0000  1176378         
   3186   941    40096.0000   472                  38111.0000  1177196         
   3192   943    38766.0000   604                  38111.0000  1177615         
   3199   949    38766.0000   477                  38111.0000  1177972         
   3207   954    infeasible                        38111.0000  1178127         
   3215   960    38766.0000   560                  38111.0000  1178316         
   3224   969    38766.0000   442                  38111.0000  1178546         
   3235   975    38920.0000   514                  38111.0000  1179099         
Elapsed time = 9845.41 sec. (3221668.57 ticks, tree = 354.73 MB, solutions = 0)
   3248   981    infeasible                        38111.0000  1179403         
   3255   988    40718.0000   701                  38111.0000  1179941         
   3260   989    38612.0000   702                  38111.0000  1180263         
   3266   993    38766.0000   740                  38111.0000  1180863         
   3271   995    infeasible                        38111.0000  1181390         
   3281  1002    38881.0000   502                  38111.0000  1181980         
   3293  1009    38265.0000   870                  38111.0000  1182954         
   3299  1011    39987.0000  1005                  38111.0000  1183563         
   3307  1015    infeasible                        38111.0000  1184031         
   3314  1020    40488.0000   630                  38111.0000  1184650         
Elapsed time = 9912.41 sec. (3262195.04 ticks, tree = 372.00 MB, solutions = 0)
   3319  1021    38727.0000   848                  38111.0000  1184834         
   3324  1026    38727.0000   640                  38111.0000  1184914         
   3333  1035    40030.0000   438                  38111.0000  1185480         
   3343  1043    infeasible                        38111.0000  1186276         
   3351  1045    40334.0000   798                  38226.0000  1186929         
   3357  1051    40488.0000   532                  38226.0000  1187143         
   3367  1057    38226.0000   822                  38226.0000  1187582         
   3373  1063    38881.0000   626                  38226.0000  1188019         
   3382  1068    39111.0000   570                  38226.0000  1188526         
   3391  1071    38881.0000   749                  38226.0000  1189092         
Elapsed time = 9936.54 sec. (3303493.08 ticks, tree = 391.99 MB, solutions = 0)
   3397  1076    38842.0000   648                  38226.0000  1189396         
   3404  1077    40113.0000   865                  38226.0000  1190102         
   3411  1084    40306.0000   574                  38226.0000  1190391         
   3419  1086    40642.0000   632                  38226.0000  1191152         
   3427  1094    40796.0000   474                  38226.0000  1191595         
   3435  1098    38881.0000   732                  38226.0000  1191883         
   3442  1101    39035.0000   576                  38226.0000  1192275         
   3453  1105    39189.0000   328                  38265.0000  1193171         
   3469  1115    38766.0000   342                  38265.0000  1193651         
   3486  1119    38265.0000   840                  38265.0000  1194285         
Elapsed time = 9956.21 sec. (3343999.19 ticks, tree = 410.03 MB, solutions = 0)
   3496  1128    38920.0000   437                  38265.0000  1194811         
   3512  1137    infeasible                        38265.0000  1195238         
   3522  1142    39074.0000   575                  38270.0000  1196122         
   3536  1152    39189.0000   410                  38270.0000  1196542         
   3547  1160    39111.0000   422                  38270.0000  1197230         
   3562  1172    38612.0000   918                  38270.0000  1197869         
   3570  1178    38996.0000   682                  38270.0000  1198014         
   3578  1182    38424.0000   856                  38270.0000  1198351         
   3583  1187    38920.0000   680                  38270.0000  1198515         
   3588  1190    infeasible                        38270.0000  1198894         
Elapsed time = 9978.10 sec. (3384202.49 ticks, tree = 437.66 MB, solutions = 0)
   3594  1191    38424.0000   726                  38319.0000  1199137         
   3600  1197    38920.0000   572                  38319.0000  1199326         
   3608  1202    38920.0000   508                  38319.0000  1199725         
   3617  1210    39200.0000   302                  38319.0000  1200037         
   3628  1214    38766.0000   918                  38319.0000  1200267         
   3633  1219    38766.0000   696                  38319.0000  1200359         
   3642  1226    39315.0000   476                  38319.0000  1200817         
   3654  1231    38920.0000   588                  38385.0000  1201340         
   3662  1238    39035.0000   480                  38385.0000  1201705         
   3670  1239    38842.0000   616                  38424.0000  1202077         
Elapsed time = 9998.52 sec. (3426883.83 ticks, tree = 456.08 MB, solutions = 0)
   3675  1242    39487.0000   632                  38424.0000  1202406         
   3681  1248    38881.0000   552                  38424.0000  1202752         
   3691  1256    39150.0000   336                  38424.0000  1203310         
   3702  1260    38766.0000   618                  38424.0000  1203805         
   3708  1261    38654.0000   656                  38424.0000  1204018         
   3713  1264    38766.0000   555                  38424.0000  1204137         
   3720  1263    infeasible                        38424.0000  1204307         
   3729  1268    38549.0000   744                  38489.0000  1204826         
   3736  1272    40488.0000   640                  38489.0000  1205230         
   3744  1280    40768.0000   362                  38489.0000  1205561         
Elapsed time = 10018.68 sec. (3468062.30 ticks, tree = 471.82 MB, solutions = 0)
   3770  1303    41037.0000    86                  38489.0000  1206205         
   3794  1317    40642.0000   486                  38489.0000  1207052         
   3809  1325    40833.0000   352                  38489.0000  1207715         
   3816  1329    40488.0000   829                  38489.0000  1207985         
   3823  1332    infeasible                        38489.0000  1208404         
   3835  1336    infeasible                        38539.0000  1208949         
   3845  1345    39072.0000   480                  38539.0000  1209407         
   3858  1350    38881.0000   586                  38549.0000  1209781         
   3870  1361    39189.0000   382                  38549.0000  1210363         
   3887  1371    38549.0000   754                  38549.0000  1210904         
Elapsed time = 10043.15 sec. (3508364.00 ticks, tree = 506.77 MB, solutions = 0)
   3892  1372    infeasible                        38549.0000  1211110         
   3898  1378    38881.0000   582                  38549.0000  1211375         
   3905  1379    38881.0000   610                  38578.0000  1211718         
   3916  1384    39035.0000   339                  38578.0000  1212271         
   3933  1393    38766.0000   474                  38578.0000  1212867         
   3942  1396    infeasible                        38578.0000  1213232         
   3961  1411    39228.0000   260                  38578.0000  1214036         
   3987  1425    38920.0000   371                  38578.0000  1215205         
   4017  1448    38920.0000   536                  38578.0000  1216334         
   4030  1460    39304.0000   282                  38578.0000  1217105         
Elapsed time = 10073.45 sec. (3549492.21 ticks, tree = 540.94 MB, solutions = 0)
   4047  1466    38578.0000   616                  38578.0000  1217751         
   4055  1469    38578.0000   588                  38578.0000  1218025         
   4064  1470    38766.0000   524                  38578.0000  1218158         
   4073  1475    39074.0000   400                  38578.0000  1218888         
   4084  1477    infeasible                        38578.0000  1219960         
   4097  1484    38732.0000   636                  38578.0000  1220850         
   4104  1485    39827.0000   513                  38578.0000  1221284         
   4115  1490    39228.0000   418                  38578.0000  1221980         
   4127  1498    40135.0000   368                  38578.0000  1222663         
   4148  1514    39074.0000   506                  38588.0000  1223363         
Elapsed time = 10144.75 sec. (3589618.64 ticks, tree = 561.68 MB, solutions = 0)
   4166  1527    39228.0000   413                  38612.0000  1224221         
   4177  1532    38842.0000   740                  38612.0000  1224620         
   4192  1544    39228.0000   300                  38612.0000  1225089         
   4209  1555    38920.0000   686                  38612.0000  1225776         
   4215  1561    39228.0000   414                  38612.0000  1226119         
   4223  1565    38766.0000   496                  38612.0000  1226518         
   4230  1571    39354.0000   450                  38612.0000  1227151         
   4240  1573    infeasible                        38612.0000  1227536         
   4247  1574    infeasible                        38612.0000  1228174         
   4254  1575    38727.1668   645                  38612.0000  1229042         
Elapsed time = 10248.85 sec. (3630315.58 ticks, tree = 585.11 MB, solutions = 0)
   4259  1575    38842.1668   616                  38612.0000  1229075         
   4266  1576    38727.0000   594                  38612.0000  1229206         
   4273  1579    infeasible                        38612.0000  1229623         
   4284  1583    38612.0000   646                  38612.0000  1230245         
   4290  1589    39035.0000   458                  38612.0000  1230581         
   4295  1594    39074.0000   502                  38612.0000  1230919         
   4302  1600    39354.0000   278                  38612.0000  1231212         
   4328  1622    infeasible                        38612.0000  1231757         
   4334  1628    38881.0000   478                  38612.0000  1231935         
   4340  1634    39035.0000   452                  38612.0000  1232377         
Elapsed time = 10341.72 sec. (3671877.81 ticks, tree = 607.76 MB, solutions = 0)
   4346  1636    38766.0000   542                  38612.0000  1232631         
   4354  1644    39074.0000   456                  38612.0000  1233192         
   4368  1658    39382.0000   268                  38612.0000  1233509         
   4380  1664    39074.0000   416                  38612.0000  1234391         
   4394  1675    39343.0000   204                  38612.0000  1235294         
   4407  1683    39228.0000   300                  38612.0000  1235716         
   4413  1683    infeasible                        38612.0000  1236048         
   4418  1687    38766.0000   446                  38612.0000  1236303         
   4423  1690    38920.0000   336                  38612.0000  1236448         
   4433  1699    39568.0000   215                  38612.0000  1237626         
Elapsed time = 10436.65 sec. (3712441.01 ticks, tree = 632.71 MB, solutions = 0)
   4441  1704    38766.0000   463                  38612.0000  1237971         
   4447  1708    38996.0000   298                  38612.0000  1238623         
   4467  1724    39382.0000    96                  38612.0000  1239346         
   4474  1727    39299.0000   562                  38612.0000  1240098         
   4481  1734    39568.0000   269                  38612.0000  1240715         
   4491  1737    infeasible                        38612.0000  1241660         
   4505  1751    39226.0000   384                  38612.0000  1242240         
   4515  1759    39358.0000   302                  38612.0000  1242786         
   4520  1758    infeasible                        38612.0000  1243123         
   4525  1763    39145.0000   525                  38612.0000  1243403         
Elapsed time = 10518.48 sec. (3753289.89 ticks, tree = 657.31 MB, solutions = 0)
   4530  1768    39260.0000   332                  38612.0000  1243911         
   4541  1779    39568.0000   304                  38612.0000  1244543         
   4558  1785    38612.0000   661                  38612.0000  1244993         
   4563  1790    39299.0000   600                  38612.0000  1245815         
   4567  1794    39375.0000   386                  38612.0000  1246010         
   4573  1800    39722.0000   200                  38612.0000  1246259         
   4582  1807    39837.0000   164                  38612.0000  1246450         
   4599  1815    39129.0000   710                  38612.0000  1247280         
   4608  1824    39607.0000   250                  38612.0000  1247702         
   4629  1840    38612.0000   750                  38612.0000  1248411         
Elapsed time = 10602.75 sec. (3795062.72 ticks, tree = 686.92 MB, solutions = 0)
   4633  1844    38727.0000   664                  38612.0000  1248685         
   4647  1858    39074.0000   341                  38612.0000  1249451         
   4673  1873    38612.0000   690                  38612.0000  1249990         
   4684  1884    39074.0000   425                  38612.0000  1250857         
   4700  1896    39189.0000   374                  38612.0000  1251734         
   4712  1904    39074.0000   268                  38612.0000  1252340         
   4724  1911    39035.0000   720                  38612.0000  1253408         
   4729  1912    38612.0000   668                  38612.0000  1253769         
   4736  1918    38766.0000   508                  38612.0000  1254165         
   4745  1927    39228.0000   480                  38612.0000  1254814         
Elapsed time = 10698.18 sec. (3836639.01 ticks, tree = 720.32 MB, solutions = 0)
   4755  1933    38766.0000   565                  38612.0000  1255490         
   4766  1940    38881.1668   544                  38612.0000  1256287         
   4774  1944    38766.0000   588                  38612.0000  1256895         
   4780  1949    38881.0000   540                  38612.0000  1257345         
   4786  1950    38766.0000   508                  38612.0000  1257731         
   4794  1957    39150.0000   480                  38612.0000  1258491         
   4807  1965    39035.0000   504                  38612.0000  1259086         
   4815  1968    38766.0000   646                  38612.0000  1259636         
   4824  1975    infeasible                        38612.0000  1260336         
   4850  1993    39228.0000   102                  38612.0000  1261046         
Elapsed time = 10792.93 sec. (3877844.50 ticks, tree = 745.27 MB, solutions = 0)
   4864  2000    38766.0000   618                  38612.0000  1261549         
   4877  2011    39375.0000   300                  38612.0000  1261969         
   4895  2024    38727.0000   634                  38612.0000  1262673         
   4906  2030    38727.0000   716                  38612.0000  1263076         
   4912  2030    infeasible                        38612.0000  1263173         
   4917  2035    38727.1668   590                  38612.0000  1263363         
   4923  2040    38881.0000   581                  38612.0000  1263638         
   4933  2047    39228.0000   304                  38612.0000  1263908         
   4951  2060    38996.0000   504                  38612.0000  1264706         
   4961  2066    infeasible                        38612.0000  1265059         
Elapsed time = 10874.21 sec. (3918520.37 ticks, tree = 774.17 MB, solutions = 0)
   4970  2071    39035.0000   573                  38612.0000  1265380         
   4979  2071    infeasible                        38612.0000  1265676         
   4984  2075    38996.0000   610                  38612.0000  1265879         
   4988  2079    39111.0000   526                  38612.0000  1266112         
   4994  2083    39111.0000   372                  38612.0000  1266478         
   5001  2083    39111.0000   308                  38612.0000  1267719         
   5007  2085    38766.0000   787                  38612.0000  1268288         
   5014  2090    39074.0000   467                  38612.0000  1268586         
   5035  2106    infeasible                        38612.0000  1269125         
   5042  2113    40096.0000   484                  38612.0000  1269627         
Elapsed time = 10952.81 sec. (3958960.33 ticks, tree = 791.84 MB, solutions = 0)
   5060  2125    40415.0000   160                  38612.0000  1270163         
   5089  2142    38842.0000   716                  38612.0000  1270915         
   5101  2150    39111.0000   336                  38612.0000  1271545         
   5114  2157    38766.0000   808                  38612.0000  1272145         
   5119  2162    38766.0000   642                  38612.0000  1272338         
   5124  2167    38766.0000   624                  38612.0000  1272659         
   5135  2176    infeasible                        38612.0000  1273067         
   5141  2177    38727.0000   632                  38612.0000  1273514         
   5146  2182    38881.0000   638                  38612.0000  1273908         
   5153  2186    39487.0000   568                  38612.0000  1274343         
Elapsed time = 11039.29 sec. (3998734.17 ticks, tree = 819.88 MB, solutions = 0)
   5159  2192    39602.0000   473                  38612.0000  1274534         
   5177  2206    39756.0000   238                  38612.0000  1275069         
   5195  2216    38766.0000   760                  38612.0000  1275477         
   5201  2222    38766.0000   598                  38612.0000  1275967         
   5208  2229    39200.0000   590                  38612.0000  1276604         
   5236  2253    39354.0000   114                  38612.0000  1277240         
   5245  2258    38881.0000   678                  38612.0000  1277820         
   5256  2268    39074.0000   344                  38612.0000  1278560         
   5268  2274    38727.0000   734                  38612.0000  1278925         
   5273  2277    38881.0000   553                  38612.0000  1279274         
Elapsed time = 11127.44 sec. (4039628.04 ticks, tree = 854.82 MB, solutions = 0)
   5279  2276    38727.0000   782                  38612.0000  1279413         
   5285  2278    38842.0000   830                  38612.0000  1279686         
   5289  2282    38957.0000   684                  38612.0000  1280079         
   5295  2286    39150.0000   444                  38612.0000  1280413         
   5301  2290    39189.0000   320                  38612.0000  1280777         
   5307  2296    39265.0000   242                  38612.0000  1280862         
   5314  2303    39265.0000   142                  38612.0000  1281082         
   5325  2310    38727.0000   730                  38612.0000  1281424         
   5332  2317    38881.0000   588                  38612.0000  1281668         
   5339  2319    38727.0000   786                  38612.0000  1282183         
Elapsed time = 11213.52 sec. (4083090.98 ticks, tree = 871.34 MB, solutions = 0)
   5344  2321    38727.1668   799                  38612.0000  1282412         
   5348  2325    38842.0000   582                  38612.0000  1282516         
   5354  2331    38842.0000   586                  38612.0000  1282888         
   5361  2332    38881.0000   526                  38612.0000  1283081         
   5368  2331    infeasible                        38612.0000  1283222         
   5375  2338    38842.0000   554                  38612.0000  1283544         
   5381  2340    38612.0000   730                  38612.0000  1283757         
   5386  2343    38766.0000   668                  38612.0000  1283994         
   5391  2348    39074.0000   474                  38612.0000  1284283         
   5399  2350    39150.0000   401                  38612.0000  1284596         
Elapsed time = 11296.67 sec. (4124843.82 ticks, tree = 883.24 MB, solutions = 0)
   5407  2350    infeasible                        38612.0000  1284686         
   5413  2353    38842.1668   746                  38612.0000  1285024         
   5418  2357    39072.0000   539                  38612.0000  1285274         
   5423  2358    38727.0000   696                  38612.0000  1285548         
   5427  2362    38920.0000   648                  38612.0000  1285851         
   5433  2362    infeasible                        38612.0000  1286124         
   5439  2365    38842.1668   724                  38612.0000  1286422         
   5444  2370    39226.0000   515                  38612.0000  1286586         
   5450  2374    39226.0000   362                  38612.0000  1286856         
   5459  2378    39304.0000   246                  38612.0000  1287201         
Elapsed time = 11359.51 sec. (4166213.84 ticks, tree = 893.60 MB, solutions = 0)
   5466  2380    39981.0000   733                  38612.0000  1287652         
   5475  2389    40135.0000   474                  38612.0000  1288291         
   5491  2397    infeasible                        38612.0000  1289200         
   5499  2402    39035.0000   618                  38612.0000  1289570         
   5512  2408    39074.0000   640                  38612.0000  1290218         
   5527  2416    38766.0000   810                  38612.0000  1290756         
   5539  2420    39673.0000  1038                  38612.0000  1291719         
   5544  2425    39981.0000   704                  38612.0000  1291973         
   5553  2432    40250.0000   422                  38612.0000  1292475         
   5562  2435    38766.0000   590                  38612.0000  1292883         
Elapsed time = 11383.74 sec. (4209070.15 ticks, tree = 915.49 MB, solutions = 0)
   5572  2444    38996.0000   566                  38612.0000  1293305         
   5581  2448    38766.0000   725                  38612.0000  1293642         
   5591  2457    38920.0000   508                  38612.0000  1293994         
   5601  2457    38612.0000   921                  38612.0000  1294806         
   5607  2461    39035.0000   722                  38612.0000  1295003         
   5611  2464    39035.0000   651                  38612.0000  1295144         
   5616  2467    infeasible                        38612.0000  1295333         
   5621  2466    infeasible                        38612.0000  1295544         
   5627  2469    38881.0000   747                  38612.0000  1295762         
   5631  2472    39150.0000   566                  38612.0000  1295968         
Elapsed time = 11407.96 sec. (4251814.23 ticks, tree = 929.70 MB, solutions = 0)
   5636  2477    39150.0000   488                  38612.0000  1296201         
   5640  2480    39189.0000   402                  38612.0000  1296489         
   5644  2480    38881.0000   866                  38612.0000  1296735         
   5654  2485    39228.0000   646                  38612.0000  1297067         
   5669  2495    38727.0000   940                  38612.0000  1297638         
   5678  2503    39228.0000   598                  38612.0000  1298012         
   5690  2510    38727.0000   894                  38612.0000  1298503         
   5697  2514    38996.0000   805                  38612.0000  1298752         
   5701  2517    39150.0000   611                  38612.0000  1298978         
   5707  2518    38920.0000   904                  38612.0000  1299385         
Elapsed time = 11430.00 sec. (4293305.75 ticks, tree = 947.36 MB, solutions = 0)
   5710  2521    39074.0000   668                  38612.0000  1299648         
   5714  2521    38612.0000  1220                  38612.0000  1299953         
   5718  2524    38881.0000  1016                  38612.0000  1300106         
   5723  2529    38920.0000   628                  38612.0000  1300484         
   5730  2534    39228.0000   451                  38612.0000  1300965         
   5734  2536    38766.0000   643                  38612.0000  1301294         
   5742  2540    38842.0000   826                  38612.1668  1301698         
   5747  2541    38881.0000   576                  38612.1668  1301885         
   5762  2548    38881.0000   570                  38612.1668  1302312         
   5773  2555    38881.0000   570                  38612.1668  1303013         
Elapsed time = 11451.43 sec. (4334932.86 ticks, tree = 961.57 MB, solutions = 0)
   5792  2570    infeasible                        38612.1668  1303567         
   5811  2576    38693.0000   593                  38693.0000  1304356         
   5828  2581    39189.0000   256                  38693.0000  1305062         
   5844  2589    infeasible                        38693.0000  1305501         
   5857  2590    39035.0000   408                  38727.0000  1305909         
   5875  2602    38881.0000   552                  38727.0000  1306677         
   5884  2609    39035.0000   299                  38727.0000  1307130         
   5894  2612    38881.0000   590                  38727.0000  1307504         
   5899  2615    infeasible                        38727.0000  1307701         
   5904  2618    38957.0000   550                  38727.0000  1307861         
Elapsed time = 11474.46 sec. (4375331.19 ticks, tree = 985.78 MB, solutions = 0)
   5910  2624    39111.0000   458                  38727.0000  1308039         
   5917  2625    38881.0000   618                  38727.0000  1308343         
   5924  2632    39035.0000   398                  38727.0000  1308584         
   5931  2633    39074.0000   390                  38727.0000  1308825         
   5937  2635    38766.0000   620                  38727.0000  1308930         
   5948  2643    39074.0000   382                  38727.0000  1309270         
   5956  2646    38881.0000   560                  38727.0000  1309415         
   5960  2648    infeasible                        38727.0000  1309668         
   5966  2652    38881.0000   541                  38727.0000  1309831         
   5971  2657    39035.0000   440                  38727.0000  1310027         
Elapsed time = 11495.29 sec. (4416014.50 ticks, tree = 1000.76 MB, solutions = 0)
   5977  2657    38957.0000   606                  38727.0000  1310392         
   5984  2657    38727.0000   578                  38727.0000  1310799         
   5993  2662    39354.0000   340                  38727.0000  1311425         
   6004  2667    38842.0000   552                  38727.0000  1311854         
   6011  2668    38727.0000   494                  38727.0000  1312119         
   6017  2672    38881.0000   272                  38727.0000  1312469         
   6029  2675    38727.0000   492                  38727.0000  1312954         
   6036  2676    38842.0000   396                  38727.0000  1313419         
   6045  2676    infeasible                        38727.0000  1313819         
   6055  2678    38920.0000   488                  38727.0000  1314335         
Elapsed time = 11516.66 sec. (4457639.75 ticks, tree = 1008.83 MB, solutions = 0)
   6064  2675    infeasible                        38727.0000  1315402         
   6072  2683    39150.0000   462                  38727.0000  1315645         
   6078  2685    38842.0000   564                  38727.0000  1315813         
   6084  2691    39228.0000   369                  38727.0000  1316220         
   6091  2692    38842.0000   586                  38727.0000  1316645         
   6101  2699    39189.0000   406                  38727.0000  1317159         
   6110  2705    39035.0000   319                  38727.0000  1317577         
   6120  2708    38842.0000   524                  38727.0000  1317980         
   6129  2709    38766.0000   702                  38727.0000  1318496         
   6139  2718    39150.0000   370                  38727.0000  1318876         
Elapsed time = 11539.71 sec. (4498764.05 ticks, tree = 1024.19 MB, solutions = 0)
   6146  2721    38727.0000   640                  38727.0000  1319155         
   6152  2727    38996.0000   402                  38727.0000  1319429         
   6164  2737    39189.0000   210                  38727.0000  1319975         
   6186  2754    38727.0000   618                  38727.0000  1320409         
   6194  2762    39035.0000   372                  38727.0000  1320796         
   6204  2768    39150.0000   284                  38727.0000  1321019         
   6229  2784    38996.0000   468                  38727.0000  1321476         
   6238  2789    38957.0000   594                  38727.0000  1322086         
   6248  2789    38842.0000   724                  38727.0000  1322565         
   6259  2794    39150.0000   456                  38727.0000  1322911         
Elapsed time = 11560.72 sec. (4538816.78 ticks, tree = 1053.40 MB, solutions = 0)
   6268  2798    39074.0000   576                  38727.0000  1323566         
   6277  2803    40113.0000   700                  38727.0000  1324017         
   6283  2809    40267.0000   484                  38727.0000  1324133         
   6290  2812    40267.0000   438                  38727.0000  1324334         
   6298  2818    38881.0000   508                  38727.0000  1324598         
   6306  2826    39035.0000   440                  38727.0000  1325228         
   6326  2840    40267.0000   642                  38727.0000  1325980         
   6335  2849    40267.0000   386                  38727.0000  1326232         
   6350  2859    38727.0000   710                  38727.0000  1326638         
   6358  2863    38996.0000   536                  38727.0000  1326862         
Elapsed time = 11583.51 sec. (4579361.21 ticks, tree = 1079.92 MB, solutions = 0)
   6366  2868    38881.0000   624                  38727.0000  1327157         
   6376  2869    infeasible                        38727.0000  1327715         
   6388  2872    38727.0000   656                  38727.0000  1328225         
   6395  2871    38727.0000   712                  38727.0000  1328755         
   6404  2878    39074.0000   564                  38727.0000  1328952         
   6415  2888    39228.0000   394                  38727.0000  1329574         
   6425  2893    38957.0000   588                  38727.0000  1330373         
   6437  2898    38727.0000   598                  38727.0000  1330839         
   6442  2903    39035.0000   450                  38727.0000  1331119         
   6448  2909    39265.0000   292                  38727.0000  1331522         
Elapsed time = 11607.16 sec. (4620618.18 ticks, tree = 1097.59 MB, solutions = 0)
   6457  2917    39497.0000   182                  38727.0000  1331780         
   6468  2924    39074.0000   433                  38727.0000  1332184         
   6475  2927    38727.0000   492                  38727.0000  1332420         
   6481  2933    39111.0000   362                  38727.0000  1332727         
   6489  2939    39419.0000   267                  38727.0000  1333250         
   6497  2944    39189.0000   346                  38727.0000  1333689         
   6505  2948    39150.0000   722                  38727.0000  1334186         
   6515  2957    39189.0000   412                  38727.0000  1334548         
   6523  2961    39487.0000   638                  38727.0000  1335111         
   6531  2967    39986.0000   388                  38727.0000  1335407         
Elapsed time = 11639.84 sec. (4661334.28 ticks, tree = 1119.87 MB, solutions = 0)
   6538  2974    40416.0000   160                  38727.0000  1335556         
   6548  2984    40103.0000   118                  38727.0000  1335641         
   6559  2990    38996.0000   762                  38727.0000  1335924         
   6563  2994    39228.0000   582                  38727.0000  1336155         
   6568  2995    39228.0000   484                  38727.0000  1336307         
   6575  2996    39074.0000   699                  38727.0000  1336769         
   6583  2999    38727.0000   830                  38727.0000  1336995         
   6590  3000    38881.0000   666                  38727.0000  1337195         
   6599  3004    38766.0000   816                  38727.0000  1337463         
   6607  3010    infeasible                        38727.0000  1337759         
Elapsed time = 11706.39 sec. (4702644.06 ticks, tree = 1136.78 MB, solutions = 0)
   6615  3014    38920.0000   730                  38727.0000  1338197         
   6623  3018    38881.0000   718                  38727.0000  1338517         
   6634  3023    38727.0000   762                  38727.0000  1339110         
   6642  3031    39035.0000   530                  38727.0000  1339363         
   6651  3040    39228.0000   277                  38727.0000  1339825         
   6670  3055    39228.0000   128                  38727.0000  1340205         
   6692  3069    38727.0000   596                  38727.0000  1340827         
   6700  3073    infeasible                        38727.0000  1341164         
   6707  3073    38727.0000   614                  38727.0000  1341382         
   6714  3080    39228.0000   502                  38727.0000  1341851         
Elapsed time = 11809.38 sec. (4744144.06 ticks, tree = 1163.29 MB, solutions = 0)
   6722  3084    39074.0000   418                  38727.0000  1342726         
   6729  3083    38727.0000   607                  38727.0000  1343159         
   6737  3089    39150.0000   456                  38727.0000  1343405         
   6747  3094    39226.0000   534                  38727.0000  1343809         
   6756  3103    39111.0000   424                  38727.0000  1344156         
   6765  3112    39111.0000   378                  38727.0000  1344375         
   6774  3115    38842.0000   628                  38727.0000  1344579         
   6782  3119    infeasible                        38727.0000  1345023         
   6791  3126    39035.0000   506                  38727.0000  1345323         
   6799  3130    38881.0000   508                  38727.0000  1345697         
Elapsed time = 11921.06 sec. (4785323.85 ticks, tree = 1182.50 MB, solutions = 0)
   6809  3135    38881.0000   440                  38727.0000  1346027         
   6819  3145    39111.0000   399                  38727.0000  1346696         
   6832  3150    38727.0000   672                  38727.0000  1347524         
   6840  3155    38881.0000   492                  38727.0000  1347868         
   6849  3158    38881.0000   528                  38727.0000  1348283         
   6857  3160    38727.0000   492                  38727.0000  1348548         
   6870  3167    39074.0000   341                  38727.0000  1349083         
   6882  3175    38996.0000   468                  38727.0000  1349756         
   6894  3178    38727.0000   582                  38727.0000  1350107         
   6904  3187    39226.0000   408                  38727.0000  1350580         
Elapsed time = 12043.39 sec. (4826105.31 ticks, tree = 1204.39 MB, solutions = 0)
   6912  3186    infeasible                        38727.0000  1351044         
   6922  3192    38881.0000   458                  38727.0000  1351442         
   6934  3198    38996.0000   400                  38727.0000  1351970         
   6943  3202    38920.0000   844                  38727.0000  1352323         
   6952  3206    39035.0000   704                  38727.0000  1352542         
   6957  3209    38881.0000   720                  38727.0000  1352708         
   6965  3213    39074.0000   772                  38727.0000  1353106         
   6976  3217    38881.0000   828                  38727.0000  1353456         
   6982  3219    39035.0000   644                  38727.0000  1353658         
   6993  3226    38881.0000   752                  38727.0000  1354247         
Elapsed time = 12132.19 sec. (4867307.37 ticks, tree = 1219.37 MB, solutions = 0)
   6999  3222    infeasible                        38727.0000  1354704         
   7007  3230    39228.0000   430                  38727.0000  1355171         
   7012  3230    39228.0000   384                  38727.0000  1355407         
   7022  3236    39074.0000   404                  38727.0000  1355864         
   7033  3239    infeasible                        38727.0000  1356209         
   7044  3246    infeasible                        38727.0000  1356808         
   7052  3249    38996.0000   692                  38727.0000  1357080         
   7060  3257    39228.0000   443                  38727.0000  1357469         
   7069  3256    infeasible                        38727.0000  1357944         
   7076  3260    38842.0000   566                  38727.0000  1358113         
Elapsed time = 12220.49 sec. (4908579.09 ticks, tree = 1232.44 MB, solutions = 0)
   7086  3266    38727.0000   624                  38727.0000  1358686         
   7097  3273    infeasible                        38727.0000  1359406         
   7107  3278    38727.0000   776                  38727.0000  1359787         
   7115  3282    38881.0000   685                  38727.0000  1360036         
   7125  3286    38881.0000   666                  38727.0000  1360609         
   7134  3286    38727.0000   604                  38727.0000  1360793         
   7146  3294    infeasible                        38727.0000  1361565         
   7156  3301    38996.0000   508                  38727.0000  1362036         
   7168  3305    38920.0000   746                  38727.0000  1362475         
   7180  3314    38727.0000   536                  38727.0000  1363055         
Elapsed time = 12325.50 sec. (4950895.81 ticks, tree = 1253.18 MB, solutions = 0)
   7190  3320    39189.0000   414                  38727.0000  1363578         
   7196  3326    39189.0000   290                  38727.0000  1364049         
   7206  3333    39228.0000   146                  38727.0000  1364523         
   7222  3342    39189.0000   504                  38727.0000  1364964         
   7229  3347    39189.0000   316                  38727.0000  1365207         
   7238  3351    38727.0000   488                  38727.0000  1366151         
   7246  3353    38766.0000   502                  38727.0000  1366530         
   7255  3353    39035.0000   490                  38727.0000  1367026         
   7267  3357    39035.0000   508                  38727.0000  1367638         
   7276  3362    39074.0000   584                  38727.0000  1368196         
Elapsed time = 12370.05 sec. (4991910.39 ticks, tree = 1271.24 MB, solutions = 0)
   7298  3382    39074.0000   250                  38727.0000  1369134         
   7328  3408    39189.0000   110                  38727.0000  1369687         
   7364  3434    38842.0000   506                  38727.0000  1370656         
   7381  3449    39428.0000   188                  38727.0000  1371201         
   7432  3484    38727.0000   582                  38727.0000  1372310         
   7437  3489    38881.0000   590                  38727.0000  1372623         
   7443  3491    38842.0000   568                  38727.0000  1372896         
   7447  3491    infeasible                        38727.0000  1373067         
   7456  3498    39074.0000   476                  38727.0000  1373369         
   7462  3497    infeasible                        38727.0000  1373652         
Elapsed time = 12394.15 sec. (5033377.55 ticks, tree = 1323.91 MB, solutions = 0)
   7467  3502    38996.0000   536                  38727.0000  1373752         
   7475  3503    infeasible                        38727.0000  1374011         
   7488  3507    38727.0000   661                  38727.0000  1374834         
   7493  3508    infeasible                        38727.0000  1375018         
   7498  3513    38842.0000   502                  38727.0000  1375152         
   7507  3515    38881.0000   461                  38727.0000  1375602         
   7516  3517    38727.0000   542                  38727.0000  1375785         
   7524  3523    38920.0000   416                  38727.0000  1376126         
   7533  3529    infeasible                        38727.0000  1376571         
   7540  3532    39074.0000   347                  38727.0000  1376870         
Elapsed time = 12421.49 sec. (5075452.34 ticks, tree = 1336.97 MB, solutions = 0)
   7548  3537    39074.0000   342                  38727.0000  1377161         
   7557  3539    39074.0000   448                  38727.0000  1377648         
   7565  3542    infeasible                        38727.0000  1377782         
   7571  3546    38766.0000   588                  38727.0000  1378076         
   7579  3554    39228.0000   504                  38727.0000  1378490         
   7593  3562    38881.0000   556                  38727.0000  1378953         
   7608  3577    39228.0000   310                  38727.0000  1379580         
   7641  3605    39584.0000    86                  38727.0000  1380247         
   7652  3610    39074.0000   548                  38727.0000  1380565         
   7658  3611    38957.0000   648                  38727.0000  1381123         
Elapsed time = 12513.81 sec. (5116212.85 ticks, tree = 1367.71 MB, solutions = 0)
   7666  3616    39074.0000   466                  38727.0000  1381327         
   7674  3616    infeasible                        38727.0000  1381618         
   7682  3620    38727.0000   628                  38727.0000  1381963         
   7691  3625    infeasible                        38727.0000  1382325         
   7702  3629    infeasible                        38727.0000  1382795         
   7709  3634    39111.0000   468                  38727.0000  1383345         
   7719  3636    39189.0000   482                  38727.0000  1383796         
   7728  3635    infeasible                        38727.0000  1384196         
   7737  3636    38727.0000   632                  38727.0000  1384729         
   7745  3642    39189.0000   530                  38727.0000  1385041         
Elapsed time = 12617.83 sec. (5157197.21 ticks, tree = 1379.23 MB, solutions = 0)
   7751  3642    infeasible                        38727.0000  1385295         
   7758  3649    39189.0000   552                  38727.0000  1385606         
   7763  3649    38727.0000   582                  38727.0000  1385839         
   7771  3653    38766.0000   590                  38727.0000  1386056         
   7780  3656    infeasible                        38727.0000  1386359         
   7786  3660    38957.0000   530                  38727.0000  1386912         
   7794  3662    38957.0000   546                  38727.0000  1387646         
   7801  3665    38881.0000   726                  38727.0000  1388019         
   7814  3672    38727.0000   664                  38727.0000  1388786         
   7821  3679    39111.0000   496                  38727.0000  1389135         
Elapsed time = 12705.82 sec. (5197523.37 ticks, tree = 1393.45 MB, solutions = 0)
   7829  3683    39226.0000   500                  38727.0000  1389435         
   7835  3683    infeasible                        38727.0000  1390030         
   7840  3682    infeasible                        38727.0000  1390318         
   7845  3687    38842.1668   676                  38727.0000  1390501         
   7850  3692    39189.0000   456                  38727.0000  1390793         
   7856  3690    infeasible                        38727.0000  1391023         
   7861  3693    infeasible                        38727.0000  1391298         
   7866  3696    39035.0000   628                  38727.0000  1391412         
   7873  3703    39343.0000   372                  38727.0000  1391780         
   7883  3710    infeasible                        38727.0000  1392281         
Elapsed time = 12816.07 sec. (5241524.57 ticks, tree = 1405.74 MB, solutions = 0)
   7889  3713    39074.0000   557                  38727.0000  1392786         
   7899  3719    38842.0000   713                  38727.0000  1393309         
   7906  3718    infeasible                        38727.0000  1393592         
   7912  3720    38766.0000   756                  38727.0000  1393948         
   7920  3728    39111.0000   582                  38727.0000  1394351         
   7931  3735    infeasible                        38727.0000  1394839         
   7936  3740    38996.0000   430                  38727.0000  1395079         
   7943  3745    39150.0000   356                  38727.0000  1395254         
   7949  3749    39304.0000   310                  38727.0000  1395582         
   7962  3759    39649.0000   216                  38727.0000  1395913         
Elapsed time = 12910.54 sec. (5284605.55 ticks, tree = 1424.57 MB, solutions = 0)
   7970  3765    39035.0000   488                  38727.0000  1396404         
   7977  3768    38881.0000   538                  38727.0000  1396644         
   7984  3775    39469.0000   302                  38727.0000  1397048         
   7991  3778    38766.0000   517                  38727.0000  1397536         
   7999  3782    infeasible                        38727.0000  1398059         
   8007  3788    39419.0000   276                  38727.0000  1398716         
   8015  3792    39035.0000   544                  38727.0000  1399079         
   8022  3795    38727.0000   642                  38727.0000  1399294         
   8029  3802    39189.0000   396                  38727.0000  1399688         
   8037  3804    39469.0000   272                  38727.0000  1399850         
Elapsed time = 13023.33 sec. (5326350.70 ticks, tree = 1441.86 MB, solutions = 0)
   8044  3806    38727.0000   612                  38727.0000  1400138         
   8051  3813    39189.0000   322                  38727.0000  1400546         
   8059  3815    38957.0000   416                  38727.0000  1401032         
   8068  3813    infeasible                        38727.0000  1401556         
   8073  3818    38920.0000   552                  38727.0000  1401832         
   8081  3821    38881.0000   630                  38727.0000  1402363         
   8087  3827    39150.0000   433                  38727.0000  1402537         
   8096  3832    39035.0000   560                  38727.0000  1402880         
   8107  3838    38727.0000   552                  38727.0000  1403257         
   8116  3843    38881.0000   812                  38727.0000  1403764         
Elapsed time = 13131.30 sec. (5368434.77 ticks, tree = 1456.46 MB, solutions = 0)
   8127  3851    39189.0000   474                  38727.0000  1404161         
   8140  3858    38881.0000   472                  38727.0000  1404620         
   8149  3867    39111.0000   312                  38727.0000  1404963         
   8161  3873    39035.0000   682                  38727.0000  1405479         
   8170  3882    39189.0000   465                  38727.0000  1405800         
   8181  3886    infeasible                        38727.0000  1406256         
   8190  3888    infeasible                        38727.0000  1406832         
   8198  3894    39150.0000   372                  38727.0000  1407159         
   8218  3906    39035.0000   296                  38727.0000  1407821         
   8247  3924    38727.0000   484                  38727.0000  1408523         
Elapsed time = 13220.27 sec. (5409004.66 ticks, tree = 1487.59 MB, solutions = 0)
   8257  3926    39074.0000   376                  38727.0000  1408889         
   8270  3931    infeasible                        38727.0000  1409416         
   8283  3937    38727.0000   560                  38727.0000  1409995         
   8290  3944    39035.0000   390                  38727.0000  1410322         
   8299  3949    38881.0000   387                  38727.0000  1410675         
   8311  3955    38881.0000   554                  38727.0000  1411210         
   8319  3959    38766.0000   521                  38727.0000  1411722         
   8328  3964    38920.0000   424                  38727.0000  1412164         
   8338  3969    38881.0000   386                  38727.0000  1412612         
   8346  3973    38881.0000   457                  38727.0000  1412925         
Elapsed time = 13311.05 sec. (5449137.80 ticks, tree = 1506.41 MB, solutions = 0)
   8355  3980    39074.0000   300                  38727.0000  1413158         
   8364  3985    38881.0000   470                  38727.0000  1413510         
   8373  3990    39265.0000   399                  38727.0000  1413870         
   8379  3990    38727.0000   524                  38727.0000  1414142         
   8384  3991    38766.0000   500                  38727.0000  1414317         
   8392  3999    39150.0000   406                  38727.0000  1414706         
   8401  4002    infeasible                        38727.0000  1415070         
   8418  4015    39382.0000   194                  38727.0000  1415924         
   8427  4020    38842.0000   397                  38727.0000  1416185         
   8435  4022    38920.0000   471                  38727.0000  1416445         
Elapsed time = 13339.25 sec. (5488742.99 ticks, tree = 1525.24 MB, solutions = 0)
   8445  4024    39074.0000   362                  38727.0000  1416625         
   8452  4025    38727.1668   550                  38727.0000  1416862         
   8456  4025    38881.0000   594                  38727.0000  1417130         
   8460  4025    infeasible                        38727.0000  1417367         
   8465  4028    38881.0000   564                  38727.0000  1417486         
   8472  4032    38881.0000   422                  38727.0000  1417725         
   8479  4035    40096.0000   520                  38727.0000  1418084         
   8491  4039    38881.0000   598                  38727.0000  1418563         
   8498  4042    38727.0000   589                  38727.0000  1418971         
   8505  4045    38842.0000   581                  38727.0000  1419435         
Elapsed time = 13360.11 sec. (5532038.85 ticks, tree = 1534.08 MB, solutions = 0)
   8511  4049    38996.0000   474                  38727.0000  1419712         
   8517  4055    39111.0000   296                  38727.0000  1420006         
   8529  4059    38727.0000   558                  38727.0000  1420414         
   8538  4064    38920.0000   595                  38727.0000  1421052         
   8548  4070    39074.0000   594                  38727.0000  1421482         
   8559  4081    39228.0000   218                  38727.0000  1421725         
   8570  4087    38920.0000   576                  38727.0000  1421999         
   8581  4093    38920.0000   572                  38727.0000  1422412         
   8596  4099    infeasible                        38727.0000  1423008         
   8605  4104    39150.0000   366                  38727.0000  1423536         
Elapsed time = 13392.29 sec. (5573295.99 ticks, tree = 1557.28 MB, solutions = 0)
   8620  4114    39228.0000   260                  38727.0000  1424012         
   8642  4132    38766.0000   548                  38727.0000  1424515         
   8655  4139    39382.0000   408                  38727.0000  1425309         
   8666  4144    38842.0000   540                  38727.0000  1425950         
   8676  4152    39150.0000   484                  38727.0000  1426440         
   8691  4161    38727.0000   570                  38727.0000  1426979         
   8698  4166    38920.0000   562                  38727.0000  1427334         
   8705  4172    39228.0000   386                  38727.0000  1427726         
   8713  4180    39536.0000   244                  38727.0000  1428028         
   8721  4186    infeasible                        38727.0000  1428193         
Elapsed time = 13449.09 sec. (5615511.23 ticks, tree = 1588.79 MB, solutions = 0)
   8730  4189    39074.0000   502                  38727.0000  1428611         
   8738  4193    39487.0000   593                  38727.0000  1429192         
   8746  4197    38766.0000   574                  38727.0000  1429564         
   8756  4203    39074.0000   487                  38727.0000  1429919         
   8766  4206    38920.0000   546                  38727.0000  1430522         
   8775  4211    38727.0000   708                  38727.0000  1430839         
   8783  4215    38727.0000   595                  38727.0000  1431238         
   8790  4218    38727.0000   596                  38727.0000  1431693         
   8797  4219    infeasible                        38727.0000  1432203         
   8806  4221    38727.0000   534                  38727.0000  1432846         
Elapsed time = 13546.65 sec. (5657749.56 ticks, tree = 1601.86 MB, solutions = 0)
   8811  4226    38842.0000   404                  38727.0000  1433005         
   8822  4233    39150.0000   280                  38727.0000  1433432         
   8828  4235    39150.0000   452                  38727.0000  1433769         
   8837  4238    38727.0000   650                  38727.0000  1434081         
   8844  4241    38727.0000   712                  38727.0000  1434396         
   8850  4243    infeasible                        38727.0000  1434635         
   8857  4246    infeasible                        38727.0000  1434974         
   8865  4249    38920.0000   716                  38727.0000  1435507         
   8872  4252    38727.0000   652                  38727.0000  1435807         
   8880  4254    infeasible                        38727.0000  1436304         
Elapsed time = 13624.16 sec. (5698725.03 ticks, tree = 1614.92 MB, solutions = 0)
   8890  4257    38727.0000   660                  38727.0000  1436953         
   8895  4258    38842.0000   674                  38727.0000  1437098         
   8899  4260    38842.0000   642                  38727.0000  1437336         
   8905  4262    38727.0000   588                  38727.0000  1437714         
   8911  4268    38842.0000   419                  38727.0000  1437908         
   8927  4282    39111.0000   168                  38727.0000  1438873         
   8961  4308    39228.0000    88                  38727.0000  1439654         
   8972  4311    infeasible                        38727.0000  1440252         
   8982  4316    38996.0000   646                  38727.0000  1440956         
   8993  4327    39265.0000   422                  38727.0000  1441672         
Elapsed time = 13721.71 sec. (5739992.57 ticks, tree = 1642.59 MB, solutions = 0)
   9006  4337    infeasible                        38727.0000  1441951         
   9014  4341    39150.0000   556                  38727.0000  1442355         
   9024  4351    39495.0000   456                  38727.0000  1442914         
   9029  4352    38766.0000   622                  38727.0000  1443118         
   9037  4358    39228.0000   514                  38727.0000  1443685         
   9047  4364    infeasible                        38727.0000  1444046         
   9056  4368    39382.0000   477                  38727.0000  1444746         
   9064  4370    infeasible                        38727.0000  1445153         
   9073  4374    38727.0000   682                  38727.0000  1445464         
   9085  4380    infeasible                        38727.0000  1445833         
Elapsed time = 13813.71 sec. (5780805.23 ticks, tree = 1663.34 MB, solutions = 0)
   9096  4384    39788.0000   531                  38727.0000  1446616         
   9105  4392    40096.0000   330                  38727.0000  1447057         
   9113  4393    38727.0000   738                  38727.0000  1447275         
   9122  4399    38727.0000   586                  38727.0000  1447812         
   9127  4404    39150.0000   492                  38727.0000  1447973         
   9134  4409    infeasible                        38727.0000  1448216         
   9139  4414    39265.0000   344                  38727.0000  1448655         
   9145  4416    39304.0000   266                  38727.0000  1448732         
   9152  4420    39228.0000   496                  38727.0000  1448947         
   9167  4430    39382.0000   198                  38727.0000  1449410         
Elapsed time = 13905.28 sec. (5823665.14 ticks, tree = 1682.17 MB, solutions = 0)
   9182  4438    39228.0000   502                  38727.0000  1450034         
   9191  4443    38842.0000   566                  38727.0000  1450397         
   9201  4451    38996.0000   486                  38727.0000  1450642         
   9208  4453    38766.0000   618                  38727.0000  1451183         
   9217  4457    39074.0000   590                  38727.0000  1451850         
   9228  4461    38727.0000   690                  38727.0000  1452500         
   9236  4463    infeasible                        38727.0000  1452921         
   9243  4466    infeasible                        38727.0000  1453260         
   9253  4471    39228.0000   361                  38727.0000  1453863         
   9262  4474    infeasible                        38727.0000  1454268         
Elapsed time = 14004.50 sec. (5863887.85 ticks, tree = 1699.45 MB, solutions = 0)
   9269  4477    38920.0000   600                  38727.0000  1454608         
   9278  4477    39228.0000   481                  38727.0000  1455136         
   9287  4482    38842.0000   690                  38727.0000  1455622         
   9299  4489    38996.0000   482                  38727.0000  1456035         
   9309  4491    38766.0000   734                  38727.0000  1456456         
   9315  4494    38766.0000   598                  38727.0000  1456786         
   9327  4506    39189.0000   302                  38727.0000  1457187         
   9339  4513    38766.0000   734                  38727.0000  1457420         
   9350  4520    39074.0000   521                  38727.0000  1457760         
   9361  4524    39228.0000   620                  38727.0000  1458292         
Elapsed time = 14102.38 sec. (5904366.63 ticks, tree = 1718.28 MB, solutions = 0)
   9371  4530    39074.0000   702                  38727.0000  1458719         
   9384  4536    39228.0000   468                  38727.0000  1459099         
   9392  4539    39035.0000   622                  38727.0000  1459647         
   9400  4539    infeasible                        38727.0000  1459981         
   9405  4540    infeasible                        38727.0000  1460356         
   9412  4547    39228.0000   656                  38727.0000  1460710         
   9419  4550    38881.0000   669                  38727.0000  1461231         
   9428  4559    39228.0000   482                  38727.0000  1461687         
   9439  4568    infeasible                        38727.0000  1462358         
   9447  4570    38727.0000   657                  38727.0000  1462625         
Elapsed time = 14197.65 sec. (5944846.52 ticks, tree = 1735.96 MB, solutions = 0)
   9454  4577    39074.0000   431                  38727.0000  1462921         
   9466  4586    infeasible                        38727.0000  1463333         
   9473  4591    38920.0000   534                  38727.0000  1463576         
   9483  4599    39228.0000   462                  38727.0000  1463912         
   9494  4601    38766.0000   616                  38727.0000  1464333         
   9500  4603    38920.0000   696                  38727.1668  1464699         
   9505  4608    38842.0000   536                  38727.1668  1464821         
   9514  4614    39074.0000   476                  38727.1668  1464994         
   9522  4616    38727.1668   580                  38727.1668  1465298         
   9532  4624    39150.0000   232                  38727.1668  1465722         
Elapsed time = 14293.56 sec. (5985273.14 ticks, tree = 1756.71 MB, solutions = 0)
   9547  4637    39189.0000   176                  38727.1668  1466126         
   9567  4650    39035.0000   416                  38727.1668  1466659         
   9577  4656    39035.0000   250                  38727.1668  1467179         
   9594  4668    39265.0000   134                  38727.1668  1467631         
   9604  4671    38727.1668   578                  38727.1668  1467920         
   9609  4676    38920.0000   502                  38727.1668  1468194         
   9617  4680    38881.0000   447                  38727.1668  1468412         
   9626  4683    38727.1668   462                  38727.1668  1468753         
   9633  4690    38920.0000   414                  38727.1668  1469078         
   9669  4709    38957.0000   492                  38727.1668  1470541         
Elapsed time = 14403.00 sec. (6037216.06 ticks, tree = 1789.37 MB, solutions = 0)
   9710  4739    38920.0000   543                  38727.1668  1472413         
   9751  4770    38842.0000   570                  38727.1668  1473969         
   9798  4809    38881.0000   652                  38727.1668  1475169         
   9832  4831    38766.1668   558                  38727.1668  1476607         
   9868  4862    39228.0000   294                  38727.1668  1478052         
   9902  4884    38920.1668   476                  38727.1668  1478890         
   9934  4900    38920.1668   560                  38727.1668  1480686         
   9979  4929    38957.1668   386                  38727.1668  1482702         
  10024  4952    40189.0000   458                  38727.1668  1484687         
  10087  4996    38996.0000   476                  38727.1668  1487092         
Elapsed time = 14585.86 sec. (6193140.92 ticks, tree = 1899.65 MB, solutions = 0)
  10129  5024    38727.1668   472                  38727.1668  1488821         
  10174  5064    39265.0000   140                  38727.1668  1490381         
  10221  5095    39189.0000   231                  38727.1668  1492060         
  10265  5127    39150.0000   306                  38727.1668  1494124         
  10334  5178    39228.0000   512                  38727.1668  1496551         
  10391  5217    38727.1668   700                  38727.1668  1498830         
  10411  5227    39610.0000   350                  38727.1668  1499948         
  10460  5248    38766.0000   434                  38766.0000  1502459         
  10578  5332    39035.0000   158                  38766.0000  1505461         
  10692  5410    38920.0000   176                  38766.0000  1508233         
Elapsed time = 14678.27 sec. (6347160.32 ticks, tree = 2058.80 MB, solutions = 0)
Nodefile size = 11.48 MB (9.10 MB after compression)
  10787  5458    infeasible                        38766.0000  1510678         
  10825  5473    38766.0000   364                  38766.0000  1512199         
  10923  5539    39228.0000   207                  38766.0000  1514971         
  10988  5569    39228.0000   220                  38766.0000  1516718         
  11052  5595    39189.0000   386                  38766.0000  1518637         
  11101  5622    38996.0000   416                  38766.0000  1520118         
  11166  5653    38996.0000   328                  38766.0000  1522414         
  11233  5690    38881.0000   385                  38766.0000  1525257         
  11297  5726    38920.0000   455                  38766.0000  1528226         
  11343  5763    39722.0000   250                  38766.0000  1531016         
Elapsed time = 14964.71 sec. (6501823.70 ticks, tree = 2194.49 MB, solutions = 0)
Nodefile size = 146.53 MB (115.99 MB after compression)
  11394  5804    40305.0000    84                  38766.0000  1533936         
  11448  5825    38881.0000   390                  38766.0000  1535794         
  11500  5845    38766.0000   410                  38766.0000  1538248         
  11556  5882    39343.0000   408                  38766.0000  1540052         
  11619  5929    infeasible                        38766.0000  1543126         
  11683  5965    39942.0000   132                  38766.0000  1545258         
  11765  6007    38881.0000   336                  38766.0000  1548918         
  11819  6040    infeasible                        38766.0000  1551396         
  11880  6066    infeasible                        38766.0000  1553218         
  11942  6093    39150.0000   366                  38766.0000  1555003         
Elapsed time = 15297.40 sec. (6655500.48 ticks, tree = 2321.39 MB, solutions = 0)
Nodefile size = 274.03 MB (218.48 MB after compression)
  11983  6103    38766.0000   472                  38766.0000  1557286         
  12023  6117    39573.0000   233                  38766.0000  1559062         
  12063  6131    38920.0000   356                  38766.0000  1560734         
  12104  6136    infeasible                        38766.0000  1563323         
  12151  6163    38766.0000   550                  38766.0000  1565387         
  12197  6190    39354.0000   426                  38766.0000  1567502         
  12249  6208    39072.0000   326                  38766.0000  1569015         
  12313  6240    39189.0000   384                  38766.0000  1571910         
  12362  6258    38881.0000   310                  38766.0000  1573340         
  12394  6260    38842.0000   646                  38766.0000  1575429         
Elapsed time = 15666.45 sec. (6810336.15 ticks, tree = 2385.58 MB, solutions = 0)
Nodefile size = 338.57 MB (270.49 MB after compression)
  12460  6306    infeasible                        38766.0000  1577906         
  12513  6337    38842.0000   346                  38766.0000  1579541         
  12562  6364    39382.0000   258                  38766.0000  1581436         
  12621  6397    38920.0000   422                  38766.0000  1583732         
  12688  6437    39074.0000   302                  38766.0000  1586256         
  12733  6459    38881.0000   331                  38766.0000  1588346         
  12784  6485    38881.0000   376                  38766.0000  1590174         
  12834  6516    infeasible                        38766.0000  1592620         
  12866  6529    39035.0000   372                  38766.0000  1594307         
  12902  6550    39035.0000   186                  38766.0000  1595645         
Elapsed time = 16011.47 sec. (6966296.64 ticks, tree = 2497.09 MB, solutions = 0)
Nodefile size = 449.26 MB (360.16 MB after compression)
  12963  6590    39150.0000   276                  38766.0000  1598623         
  13007  6604    38766.0000   372                  38766.0000  1600692         
  13051  6630    39035.0000   270                  38766.0000  1603873         
  13117  6670    39986.0000   302                  38766.0000  1607463         
  13161  6692    38766.0000   386                  38766.0000  1610542         
  13219  6720    39074.0000   395                  38766.0000  1612280         
  13277  6753    38881.0000   328                  38766.0000  1614545         
  13337  6783    40152.0000   374                  38766.0000  1616936         
  13385  6815    39343.0000   258                  38766.0000  1618770         
  13449  6854    38920.0000   214                  38766.0000  1620901         
Elapsed time = 16375.90 sec. (7119999.18 ticks, tree = 2613.99 MB, solutions = 0)
Nodefile size = 566.89 MB (455.39 MB after compression)
  13512  6885    infeasible                        38766.0000  1623227         
  13572  6919    39072.0000   326                  38766.0000  1626034         
  13627  6947    39228.0000   330                  38766.0000  1628186         
  13671  6970    39074.0000   410                  38766.0000  1629809         
  13719  7001    39458.0000   214                  38766.0000  1631689         
  13752  7014    39150.0000   484                  38766.0000  1633012         
  13830  7068    39343.0000    46                  38766.0000  1635700         
* 13882+ 5362                        39382.0000    38766.0000             1.56%
  13903  5361    38766.0000   286    39382.0000    38766.0000  1638644    1.56%
  13939  5373    38920.0000   256    39382.0000    38766.0000  1641327    1.56%
  13982  5378    38881.0000   340    39382.0000    38766.0000  1644361    1.56%
Elapsed time = 16749.24 sec. (7274949.18 ticks, tree = 2065.60 MB, solutions = 1)
Nodefile size = 19.21 MB (15.48 MB after compression)
  14020  5384    infeasible          39382.0000    38766.0000  1648007    1.56%
  14059  5387    infeasible          39382.0000    38766.0000  1653409    1.56%
  14083  5391    38996.0000   324    39382.0000    38766.0000  1655303    1.56%
  14093  5392    39074.0000   286    39382.0000    38766.0000  1655586    1.56%
  14135  5403    39074.0000   456    39382.0000    38766.0000  1659412    1.56%
  14166  5409    38766.0000   374    39382.0000    38766.0000  1661892    1.56%
  14210  5420    38920.0000   418    39382.0000    38766.0000  1664597    1.56%
  14244  5433    38996.0000   435    39382.0000    38766.0000  1667449    1.56%
  14273  5440    38920.1668   328    39382.0000    38766.0000  1669460    1.56%
  14313  5448    38920.0000   506    39382.0000    38766.0000  1672261    1.56%
Elapsed time = 17223.78 sec. (7431524.49 ticks, tree = 2092.55 MB, solutions = 1)
Nodefile size = 45.34 MB (36.51 MB after compression)
  14354  5461    38920.0000   480    39382.0000    38766.0000  1675706    1.56%
  14395  5468    39074.0000   310    39382.0000    38766.0000  1678415    1.56%
  14420  5468    38842.0000   552    39382.0000    38766.0000  1680946    1.56%
  14453  5478    infeasible          39382.0000    38766.0000  1684202    1.56%
  14478  5479    39074.0000   495    39382.0000    38766.0000  1686208    1.56%
  14513  5484    38766.0000   602    39382.0000    38766.0000  1688857    1.56%
  14545  5487        cutoff          39382.0000    38766.0000  1692448    1.56%
  14591  5495    38920.0000   474    39382.0000    38766.0000  1697328    1.56%
  14623  5506    38920.0000   382    39382.0000    38766.0000  1699714    1.56%
  14671  5512    38766.0000   416    39382.0000    38766.0000  1704497    1.56%
Elapsed time = 17692.81 sec. (7587016.41 ticks, tree = 2117.19 MB, solutions = 1)
Nodefile size = 70.71 MB (56.98 MB after compression)
  14720  5517    38766.0000   392    39382.0000    38766.0000  1708376    1.56%
  14773  5518    38766.0000   444    39382.0000    38766.0000  1712904    1.56%
  14818  5521    39150.0000   242    39382.0000    38766.0000  1716985    1.56%
  14866  5522    39074.0000   259    39382.0000    38766.0000  1720350    1.56%
  14908  5528    38766.0000   542    39382.0000    38766.0000  1723523    1.56%
  14950  5533    38920.0000   426    39382.0000    38766.0000  1727200    1.56%
  14991  5537    38766.0000   384    39382.0000    38766.0000  1730035    1.56%
  15030  5540    infeasible          39382.0000    38766.0000  1733856    1.56%
  15052  5541    38842.0000   578    39382.0000    38766.0000  1735552    1.56%
  15086  5550    38996.0000   440    39382.0000    38766.0000  1738912    1.56%
Elapsed time = 18181.37 sec. (7744494.78 ticks, tree = 2131.84 MB, solutions = 1)
Nodefile size = 84.55 MB (68.12 MB after compression)
  15140  5558    infeasible          39382.0000    38766.0000  1742785    1.56%
  15169  5568    39074.0000   239    39382.0000    38766.0000  1743914    1.56%
  15203  5575    38955.0000   361    39382.0000    38766.0000  1746250    1.56%
  15246  5575    38996.0000   420    39382.0000    38766.0000  1749440    1.56%
  15278  5578    38881.0000   764    39382.0000    38766.0000  1752399    1.56%
  15313  5585    38920.0000   564    39382.0000    38766.0000  1755389    1.56%
  15341  5594    38920.0000   418    39382.0000    38766.0000  1758688    1.56%
  15381  5607    38766.0000   498    39382.0000    38766.0000  1761648    1.56%
  15407  5621    39074.0000   266    39382.0000    38766.0000  1762867    1.56%
  15428  5631    39074.0000   356    39382.0000    38766.0000  1763985    1.56%
Elapsed time = 18450.68 sec. (7900891.19 ticks, tree = 2163.01 MB, solutions = 1)
Nodefile size = 115.28 MB (92.80 MB after compression)
  15460  5630    infeasible          39382.0000    38766.0000  1766840    1.56%
  15492  5641    39035.0000   546    39382.0000    38766.0000  1768523    1.56%
  15523  5648    38766.0000   401    39382.0000    38766.0000  1769705    1.56%
  15570  5657    38920.0000   311    39382.0000    38766.0000  1773077    1.56%
  15612  5658    38766.0000   402    39382.0000    38766.0000  1775983    1.56%
  15658  5667    38766.0000   499    39382.0000    38766.0000  1779750    1.56%
  15697  5675    39074.0000   364    39382.0000    38766.0000  1782447    1.56%
  15737  5678    38920.0000   486    39382.0000    38766.0000  1786079    1.56%
  15778  5684    39074.0000   478    39382.0000    38766.0000  1789377    1.56%
  15817  5691    infeasible          39382.0000    38766.0000  1792231    1.56%
Elapsed time = 18760.41 sec. (8056978.41 ticks, tree = 2186.50 MB, solutions = 1)
Nodefile size = 139.11 MB (111.99 MB after compression)
  15861  5696    39074.0000   508    39382.0000    38766.0000  1795137    1.56%
  15899  5705    38920.0000   576    39382.0000    38766.0000  1797036    1.56%
  15934  5707    infeasible          39382.0000    38766.0000  1799471    1.56%
  15976  5712    38920.0000   650    39382.0000    38766.0000  1802659    1.56%
  16008  5720    39074.0000   548    39382.0000    38766.0000  1804781    1.56%
  16040  5724        cutoff          39382.0000    38766.0000  1806741    1.56%
  16092  5732    39074.0000   440    39382.0000    38766.0000  1811890    1.56%
  16116  5731    infeasible          39382.0000    38766.0000  1815092    1.56%
  16158  5743    38920.0000   540    39382.0000    38766.0000  1818458    1.56%
  16211  5750    38766.0000   748    39382.0000    38766.0000  1822635    1.56%
Elapsed time = 19014.08 sec. (8212256.74 ticks, tree = 2208.84 MB, solutions = 1)
Nodefile size = 162.16 MB (130.65 MB after compression)
  16243  5759    infeasible          39382.0000    38766.0000  1824229    1.56%
  16285  5778    38881.0000   516    39382.0000    38766.0000  1827877    1.56%
  16335  5793    38842.0000   502    39382.0000    38766.0000  1830561    1.56%
  16382  5804    38766.0000   348    39382.0000    38766.0000  1833792    1.56%
  16430  5817    39343.0000   260    39382.0000    38766.0000  1837682    1.56%
  16471  5825    38766.0000   508    39382.0000    38766.0000  1842002    1.56%
  16505  5826    39150.0000   532    39382.0000    38766.0000  1845293    1.56%
  16537  5834    38881.0000   327    39382.0000    38766.0000  1847369    1.56%
  16573  5842    38881.0000   542    39382.0000    38766.0000  1849355    1.56%
  16616  5846    infeasible          39382.0000    38766.0000  1851911    1.56%
Elapsed time = 19291.22 sec. (8367645.98 ticks, tree = 2246.18 MB, solutions = 1)
Nodefile size = 199.06 MB (160.63 MB after compression)
  16656  5857    38920.0000   548    39382.0000    38766.0000  1854663    1.56%
  16681  5863    38766.0000   456    39382.0000    38766.0000  1856850    1.56%
  16712  5870    38996.0000   384    39382.0000    38766.0000  1858675    1.56%
  16740  5871    38881.0000   388    39382.0000    38766.0000  1861730    1.56%
  16765  5872    38766.0000   617    39382.0000    38766.0000  1863769    1.56%
  16791  5878    38920.0000   358    39382.0000    38766.0000  1865860    1.56%
  16815  5880    38766.0000   420    39382.0000    38766.0000  1867043    1.56%
  16848  5883    infeasible          39382.0000    38766.0000  1869313    1.56%
  16877  5887    38881.0000   435    39382.0000    38766.0000  1870931    1.56%
  16907  5888    38920.0000   426    39382.0000    38766.0000  1873387    1.56%
Elapsed time = 19518.98 sec. (8523483.48 ticks, tree = 2261.97 MB, solutions = 1)
Nodefile size = 214.44 MB (173.19 MB after compression)
  16938  5890    38920.0000   410    39382.0000    38766.0000  1875014    1.56%
  16978  5890    39035.0000   556    39382.0000    38766.0000  1879653    1.56%
  17010  5901    39035.0000   430    39382.0000    38766.0000  1882125    1.56%
  17050  5905    infeasible          39382.0000    38766.0000  1886695    1.56%
  17077  5912    38957.0000   392    39382.0000    38766.0000  1888832    1.56%
  17118  5917    38766.0000   600    39382.0000    38766.0000  1892199    1.56%
  17148  5925    infeasible          39382.0000    38766.0000  1895551    1.56%
  17177  5934    38766.0000   618    39382.0000    38766.0000  1897955    1.56%
  17207  5937    39074.0000   438    39382.0000    38766.0000  1899712    1.56%
  17243  5942    39148.0000   442    39382.0000    38766.0000  1902806    1.56%
Elapsed time = 19764.62 sec. (8680092.74 ticks, tree = 2282.76 MB, solutions = 1)
Nodefile size = 235.20 MB (189.95 MB after compression)
  17277  5944    39074.0000   466    39382.0000    38766.0000  1906002    1.56%
  17318  5952    38766.0000   354    39382.0000    38766.0000  1909336    1.56%
  17362  5958    38766.0000   388    39382.0000    38766.0000  1913268    1.56%
  17419  5968    38766.0000   400    39382.0000    38766.0000  1917401    1.56%
  17459  5964    38766.0000   762    39382.0000    38766.0000  1921078    1.56%
  17475  5972    38766.0000   633    39382.0000    38766.0000  1922273    1.56%
  17502  5972    39074.0000   378    39382.0000    38766.0000  1924265    1.56%
  17530  5972        cutoff          39382.0000    38766.0000  1926685    1.56%
  17569  5972    38766.0000   636    39382.0000    38766.0000  1930658    1.56%
  17613  5982    38766.0000   494    39382.0000    38766.0000  1934301    1.56%
Elapsed time = 20051.48 sec. (8836066.01 ticks, tree = 2298.18 MB, solutions = 1)
Nodefile size = 250.57 MB (202.38 MB after compression)
  17658  5992    38766.0000   700    39382.0000    38766.0000  1937771    1.56%
  17694  6003    38920.0000   574    39382.0000    38766.0000  1940102    1.56%
  17728  6009    infeasible          39382.0000    38766.0000  1941936    1.56%
  17772  6018    38920.0000   434    39382.0000    38766.0000  1945304    1.56%
  17817  6023    38766.0000   274    39382.0000    38766.0000  1948382    1.56%
  17872  6029    39150.0000   470    39382.0000    38766.0000  1951897    1.56%
  17902  6033    38766.0000   456    39382.0000    38766.0000  1954855    1.56%
  17960  6036    38766.0000   586    39382.0000    38766.0000  1958934    1.56%
  18012  6048    38996.0000   354    39382.0000    38766.0000  1962829    1.56%
  18061  6052    39074.0000   428    39382.0000    38766.0000  1965871    1.56%
Elapsed time = 20274.67 sec. (8991945.46 ticks, tree = 2325.14 MB, solutions = 1)
Nodefile size = 278.25 MB (224.80 MB after compression)
  18101  6056    38920.0000   542    39382.0000    38766.0000  1969963    1.56%
  18139  6059    38842.0000   428    39382.0000    38766.0000  1973489    1.56%
  18168  6063    39228.0000   322    39382.0000    38766.0000  1977112    1.56%
  18207  6080    39189.0000   460    39382.0000    38766.0000  1980757    1.56%
  18247  6080    38766.0000   418    39382.0000    38766.0000  1984615    1.56%
  18301  6091    38766.0000   294    39382.0000    38766.0000  1988411    1.56%
  18354  6094    39228.0000   183    39382.0000    38766.0000  1991981    1.56%
  18413  6093    38766.0000   566    39382.0000    38766.0000  1995786    1.56%
  18450  6096    38920.0000   574    39382.0000    38766.0000  1998908    1.56%
  18493  6107    38920.0000   426    39382.0000    38766.0000  2001840    1.56%
Elapsed time = 20602.76 sec. (9147566.16 ticks, tree = 2346.33 MB, solutions = 1)
Nodefile size = 299.02 MB (241.62 MB after compression)
  18527  6109    infeasible          39382.0000    38766.0000  2006171    1.56%
  18568  6109    38766.0000   616    39382.0000    38766.0000  2010045    1.56%
  18603  6117    38766.0000   478    39382.0000    38766.0000  2014416    1.56%
  18642  6129    38920.0000   510    39382.0000    38766.0000  2017246    1.56%
  18684  6133    38920.0000   524    39382.0000    38766.0000  2020334    1.56%
  18722  6132    38920.0000   456    39382.0000    38766.0000  2023782    1.56%
  18762  6136    38766.0000   764    39382.0000    38766.0000  2027312    1.56%
  18793  6145    38842.0000   536    39382.0000    38766.0000  2030970    1.56%
  18847  6154    39074.0000   367    39382.0000    38766.0000  2034890    1.56%
  18891  6159    infeasible          39382.0000    38766.0000  2038373    1.56%
Elapsed time = 20835.16 sec. (9303345.53 ticks, tree = 2366.75 MB, solutions = 1)
Nodefile size = 319.78 MB (258.51 MB after compression)
  18916  6168    38766.0000   692    39382.0000    38766.0000  2040529    1.56%
  18952  6172    38766.0000   708    39382.0000    38766.0000  2044395    1.56%
  18990  6169    38766.0000   768    39382.0000    38766.0000  2048780    1.56%
  19029  6174        cutoff          39382.0000    38766.0000  2053202    1.56%
  19063  6174    38920.0000   809    39382.0000    38766.0000  2057561    1.56%
  19089  6177        cutoff          39382.0000    38766.0000  2060372    1.56%
  19116  6186    infeasible          39382.0000    38766.0000  2062888    1.56%
  19145  6200    38920.0000   558    39382.0000    38766.0000  2064975    1.56%
  19174  6208    infeasible          39382.0000    38766.0000  2068253    1.56%
  19212  6216    38920.0000   634    39382.0000    38766.0000  2071722    1.56%
Elapsed time = 21139.13 sec. (9458279.30 ticks, tree = 2388.33 MB, solutions = 1)
Nodefile size = 340.55 MB (275.37 MB after compression)
  19244  6229    38881.0000   440    39382.0000    38766.0000  2073676    1.56%
  19284  6237    38766.0000   678    39382.0000    38766.0000  2076619    1.56%
  19322  6251    39074.0000   338    39382.0000    38766.0000  2080066    1.56%
  19351  6255    infeasible          39382.0000    38766.0000  2083187    1.56%
  19399  6258    38766.1668   474    39382.0000    38766.1668  2088000    1.56%
  19446  6268    38920.0000   448    39382.0000    38766.1668  2092881    1.56%
  19488  6272    38920.0000   510    39382.0000    38766.1668  2097082    1.56%
  19541  6264    38920.0000   444    39382.0000    38842.0000  2103685    1.37%
  19576  6259    39265.0000   447    39382.0000    38842.0000  2107260    1.37%
  19616  6267    39150.0000   472    39382.0000    38842.0000  2110510    1.37%
Elapsed time = 21364.97 sec. (9613825.80 ticks, tree = 2408.01 MB, solutions = 1)
Nodefile size = 362.84 MB (293.45 MB after compression)
  19666  6269    38996.0000   606    39382.0000    38842.0000  2114854    1.37%
  19705  6274    39074.0000   308    39382.0000    38842.0000  2117672    1.37%
  19747  6271    infeasible          39382.0000    38842.0000  2120473    1.37%
  19787  6279    39265.0000   420    39382.0000    38842.0000  2123757    1.37%
  19834  6277        cutoff          39382.0000    38842.0000  2127776    1.37%
  19875  6277    infeasible          39382.0000    38842.0000  2130025    1.37%
  19922  6281    38996.0000   390    39382.0000    38842.0000  2133231    1.37%
  19969  6290    38842.0000   538    39382.0000    38842.0000  2136249    1.37%
  20009  6291    39343.0000   370    39382.0000    38842.0000  2139274    1.37%
  20052  6296    38881.0000   298    39382.0000    38842.0000  2143057    1.37%
Elapsed time = 21624.44 sec. (9769215.02 ticks, tree = 2419.23 MB, solutions = 1)
Nodefile size = 371.30 MB (300.25 MB after compression)
  20099  6296    38881.0000   427    39382.0000    38842.0000  2147794    1.37%
  20147  6295    38996.0000   312    39382.0000    38842.0000  2152145    1.37%
  20172  6296    infeasible          39382.0000    38842.0000  2153475    1.37%
  20197  6295    infeasible          39382.0000    38842.0000  2156125    1.37%
  20250  6292    38996.0000   688    39382.0000    38842.0000  2161183    1.37%
  20281  6294    38996.0000   444    39382.0000    38842.0000  2164706    1.37%
  20316  6299    39074.0000   327    39382.0000    38842.0000  2168356    1.37%
  20367  6301    39074.0000   303    39382.0000    38842.0000  2173005    1.37%
  20408  6301    39150.0000   484    39382.0000    38842.0000  2176292    1.37%
  20451  6300    infeasible          39382.0000    38842.0000  2180014    1.37%
Elapsed time = 21907.97 sec. (9924246.47 ticks, tree = 2421.22 MB, solutions = 1)
Nodefile size = 374.37 MB (302.72 MB after compression)
  20487  6302    39150.0000   494    39382.0000    38842.0000  2183524    1.37%
  20542  6301    38957.0000   366    39382.0000    38842.0000  2188907    1.37%
  20599  6295        cutoff          39382.0000    38842.0000  2195571    1.37%
  20647  6287    infeasible          39382.0000    38842.0000  2200308    1.37%
  20685  6289    38881.0000   358    39382.0000    38842.0000  2204331    1.37%
  20732  6285    38996.0000   398    39382.0000    38842.0000  2210021    1.37%
  20780  6290    39074.0000   344    39382.0000    38842.0000  2214936    1.37%
  20831  6291    38920.0000   440    39382.0000    38842.0000  2220364    1.37%
  20852  6299    39074.0000   258    39382.0000    38842.0000  2221913    1.37%
  20889  6298    38842.0000   506    39382.0000    38842.0000  2226434    1.37%
Elapsed time = 22256.31 sec. (10080945.28 ticks, tree = 2420.15 MB, solutions = 1)
Nodefile size = 375.91 MB (303.96 MB after compression)
  20937  6301        cutoff          39382.0000    38842.0000  2232231    1.37%
  20986  6304    39228.0000   316    39382.0000    38842.0000  2238518    1.37%
  21030  6308    39074.0000   515    39382.0000    38842.0000  2242879    1.37%
  21068  6312    38920.0000   478    39382.0000    38842.1668  2247098    1.37%
  21106  6314    38957.1668   543    39382.0000    38842.1668  2251659    1.37%
  21144  6307    39304.0000   249    39382.0000    38881.0000  2255806    1.27%
  21202  6305    infeasible          39382.0000    38881.0000  2259568    1.27%
  21261  6296    39035.0000   380    39382.0000    38881.0000  2267089    1.27%
  21324  6283        cutoff          39382.0000    38881.0000  2274069    1.27%
  21383  6284        cutoff          39382.0000    38881.0000  2278409    1.27%
Elapsed time = 22837.63 sec. (10236472.76 ticks, tree = 2415.21 MB, solutions = 1)
Nodefile size = 379.76 MB (307.05 MB after compression)
  21456  6283    infeasible          39382.0000    38881.0000  2284204    1.27%
  21513  6278    38881.0000   282    39382.0000    38881.0000  2288699    1.27%
  21574  6270    38957.0000   382    39382.0000    38881.0000  2294192    1.27%
  21632  6259    38996.0000   386    39382.0000    38881.0000  2298280    1.27%
  21672  6260    39343.0000   322    39382.0000    38881.0000  2302143    1.27%
  21734  6247    38881.0000   306    39382.0000    38881.0000  2307710    1.27%
  21797  6238    infeasible          39382.0000    38881.0000  2313840    1.27%
  21859  6238    39343.0000   148    39382.0000    38881.0000  2318677    1.27%
  21905  6242    38920.0000   624    39382.0000    38881.0000  2323220    1.27%
  21965  6242    infeasible          39382.0000    38881.0000  2328227    1.27%
Elapsed time = 23309.40 sec. (10390657.68 ticks, tree = 2399.16 MB, solutions = 1)
Nodefile size = 379.76 MB (307.05 MB after compression)
  22031  6233    38920.0000   482    39382.0000    38881.0000  2334510    1.27%
  22086  6227    infeasible          39382.0000    38881.0000  2339091    1.27%
  22136  6220        cutoff          39382.0000    38881.0000  2344138    1.27%
  22196  6218    39074.0000   375    39382.0000    38881.0000  2350758    1.27%
  22240  6220    39074.0000   240    39382.0000    38881.0000  2354452    1.27%
  22293  6213    infeasible          39382.0000    38881.0000  2358758    1.27%
  22355  6217    infeasible          39382.0000    38881.0000  2364321    1.27%
  22415  6213    infeasible          39382.0000    38881.0000  2368183    1.27%
  22471  6216    39035.0000   375    39382.0000    38881.0000  2372936    1.27%
  22527  6210    38920.0000   440    39382.0000    38881.0000  2377655    1.27%
Elapsed time = 23837.03 sec. (10545049.03 ticks, tree = 2386.57 MB, solutions = 1)
Nodefile size = 379.76 MB (307.05 MB after compression)
  22588  6201    39380.0000   330    39382.0000    38881.0000  2383748    1.27%
  22643  6191    39111.0000   296    39382.0000    38881.0000  2388688    1.27%
  22709  6192    39228.0000   300    39382.0000    38881.0000  2394259    1.27%
  22779  6187    38920.0000   350    39382.0000    38881.0000  2400280    1.27%
  22854  6183    38881.0000   408    39382.0000    38881.0000  2407698    1.27%
  22907  6179        cutoff          39382.0000    38881.0000  2412324    1.27%
  22967  6184    39074.0000   328    39382.0000    38881.0000  2416429    1.27%
  23022  6174    infeasible          39382.0000    38881.0000  2420994    1.27%
  23088  6165    38996.0000   429    39382.0000    38881.0000  2428149    1.27%
  23141  6169    38920.0000   458    39382.0000    38881.0000  2433900    1.27%
Elapsed time = 24333.80 sec. (10699087.74 ticks, tree = 2370.91 MB, solutions = 1)
Nodefile size = 379.76 MB (307.05 MB after compression)
  23199  6163    39074.0000   367    39382.0000    38881.0000  2439695    1.27%
  23243  6173    38881.0000   380    39382.0000    38881.0000  2443306    1.27%
  23266  6174    infeasible          39382.0000    38881.0000  2444976    1.27%
  23325  6173    infeasible          39382.0000    38881.0000  2450136    1.27%
  23375  6174    38920.0000   298    39382.0000    38881.0000  2454657    1.27%
  23426  6167    39035.0000   386    39382.0000    38881.0000  2459384    1.27%
  23476  6167    38996.0000   484    39382.0000    38881.0000  2464461    1.27%
  23517  6166    infeasible          39382.0000    38881.0000  2467767    1.27%
  23575  6166    38881.0000   348    39382.0000    38881.0000  2474004    1.27%
  23641  6165    38920.0000   418    39382.0000    38881.0000  2481539    1.27%
Elapsed time = 24818.87 sec. (10854065.34 ticks, tree = 2369.46 MB, solutions = 1)
Nodefile size = 379.76 MB (307.05 MB after compression)
  23692  6168    38881.0000   448    39382.0000    38881.0000  2486617    1.27%
  23745  6168    39035.0000   424    39382.0000    38881.0000  2491956    1.27%
  23792  6168    38881.0000   386    39382.0000    38881.0000  2496158    1.27%
  23839  6163    39074.0000   458    39382.0000    38881.0000  2500340    1.27%
  23891  6159    infeasible          39382.0000    38881.0000  2505763    1.27%
  23927  6172    39304.0000   270    39382.0000    38881.0000  2508619    1.27%
  23970  6171    39074.0000   440    39382.0000    38881.0000  2512740    1.27%
  24027  6165    38996.0000   572    39382.0000    38881.0000  2518297    1.27%
  24082  6163    infeasible          39382.0000    38881.0000  2523265    1.27%
  24133  6168    39074.0000   254    39382.0000    38881.0000  2527440    1.27%
Elapsed time = 25298.65 sec. (11008891.34 ticks, tree = 2370.72 MB, solutions = 1)
Nodefile size = 379.76 MB (307.05 MB after compression)
  24192  6153    38996.0000   384    39382.0000    38881.0000  2534054    1.27%
  24244  6140    39035.0000   444    39382.0000    38881.0000  2540773    1.27%
  24288  6147        cutoff          39382.0000    38881.0000  2543983    1.27%
  24339  6157        cutoff          39382.0000    38881.0000  2548982    1.27%
  24372  6158    38996.0000   480    39382.0000    38881.0000  2553014    1.27%
  24420  6160    infeasible          39382.0000    38881.0000  2556697    1.27%
  24492  6143    38996.0000   268    39382.0000    38881.0000  2562994    1.27%
  24555  6139    38881.0000   610    39382.0000    38881.0000  2569141    1.27%
  24609  6137    38881.0000   544    39382.0000    38881.0000  2574769    1.27%
  24665  6139    39189.0000   244    39382.0000    38881.0000  2578910    1.27%
Elapsed time = 25745.22 sec. (11163526.50 ticks, tree = 2359.65 MB, solutions = 1)
Nodefile size = 379.76 MB (307.05 MB after compression)
  24729  6128    39343.0000   284    39382.0000    38881.0000  2584972    1.27%
  24780  6121    39074.0000   285    39382.0000    38881.0000  2589449    1.27%
  24830  6123    39263.0000   346    39382.0000    38881.0000  2593491    1.27%
  24877  6117        cutoff          39382.0000    38881.0000  2598384    1.27%
  24927  6117    38920.0000   542    39382.0000    38881.0000  2603946    1.27%
  24982  6116        cutoff          39382.0000    38881.0000  2608741    1.27%
  25031  6107    infeasible          39382.0000    38881.0000  2613791    1.27%
  25083  6111    infeasible          39382.0000    38881.0000  2618875    1.27%
  25132  6114    38920.0000   578    39382.0000    38881.0000  2623669    1.27%
  25174  6120    38920.0000   582    39382.0000    38881.0000  2627983    1.27%
Elapsed time = 26378.55 sec. (11318705.23 ticks, tree = 2352.46 MB, solutions = 1)
Nodefile size = 379.76 MB (307.05 MB after compression)
  25230  6110    infeasible          39382.0000    38881.0000  2632987    1.27%
  25266  6116    38920.0000   608    39382.0000    38881.0000  2637007    1.27%
  25314  6112    39189.0000   402    39382.0000    38881.1668  2642768    1.27%
  25352  6112    39378.0000   320    39382.0000    38881.1668  2646891    1.27%
  25447  6085    39263.0000   254    39382.0000    38920.0000  2655970    1.17%
  25538  6072    39228.0000   208    39382.0000    38920.0000  2663762    1.17%
  25619  6058    38920.0000   212    39382.0000    38920.0000  2670965    1.17%
  25698  6051    38920.0000   430    39382.0000    38920.0000  2677365    1.17%
  25772  6047    39343.0000   104    39382.0000    38920.0000  2684630    1.17%
  25843  6026    38996.0000   348    39382.0000    38920.0000  2691838    1.17%
Elapsed time = 26744.47 sec. (11473449.11 ticks, tree = 2316.39 MB, solutions = 1)
Nodefile size = 379.76 MB (307.05 MB after compression)
  25910  6023    39228.0000   202    39382.0000    38920.0000  2698183    1.17%
  25969  6022    39074.0000   288    39382.0000    38920.0000  2702854    1.17%
  26021  6013    39074.0000   302    39382.0000    38920.0000  2707148    1.17%
  26098  6010    38920.0000   342    39382.0000    38920.0000  2713454    1.17%
  26170  6002        cutoff          39382.0000    38920.0000  2718601    1.17%
  26227  5998    infeasible          39382.0000    38920.0000  2722010    1.17%
  26299  5988    38920.0000   338    39382.0000    38920.0000  2727585    1.17%
  26356  5986    38920.0000   358    39382.0000    38920.0000  2732776    1.17%
  26415  5990    39189.0000   299    39382.0000    38920.0000  2737567    1.17%
  26478  5985    39228.0000   214    39382.0000    38920.0000  2743197    1.17%
Elapsed time = 27189.95 sec. (11628594.34 ticks, tree = 2300.69 MB, solutions = 1)
Nodefile size = 379.76 MB (307.05 MB after compression)
  26546  5974    39263.0000   413    39382.0000    38920.0000  2749467    1.17%
  26616  5963    infeasible          39382.0000    38920.0000  2755841    1.17%
  26681  5953    39074.0000   377    39382.0000    38920.0000  2762730    1.17%
  26758  5949        cutoff          39382.0000    38920.0000  2768020    1.17%
  26829  5940    38955.0000   401    39382.0000    38920.0000  2773500    1.17%
  26905  5924    infeasible          39382.0000    38920.0000  2780895    1.17%
  26959  5916    infeasible          39382.0000    38920.0000  2785903    1.17%
  27024  5924    39304.0000   274    39382.0000    38920.0000  2790235    1.17%
  27090  5912    38920.0000   380    39382.0000    38920.0000  2796135    1.17%
  27151  5896    39228.0000   316    39382.0000    38920.0000  2802842    1.17%
Elapsed time = 27641.11 sec. (11783087.36 ticks, tree = 2266.53 MB, solutions = 1)
Nodefile size = 379.76 MB (307.05 MB after compression)
  27213  5888    39074.0000   352    39382.0000    38920.0000  2807950    1.17%
  27280  5882    38920.0000   452    39382.0000    38920.0000  2813587    1.17%
  27345  5880    39347.0000   326    39382.0000    38920.0000  2818760    1.17%
  27410  5879    38920.0000   400    39382.0000    38920.0000  2823967    1.17%
  27490  5864    39302.0000   306    39382.0000    38920.0000  2832349    1.17%
  27558  5858    38920.0000   440    39382.0000    38920.0000  2837574    1.17%
  27618  5844    39228.0000   340    39382.0000    38920.0000  2844313    1.17%
  27673  5838    39304.0000   424    39382.0000    38920.0000  2848934    1.17%
  27739  5831    39074.0000   370    39382.0000    38920.0000  2855161    1.17%
  27797  5818    38920.0000   539    39382.0000    38920.0000  2862089    1.17%
Elapsed time = 27975.42 sec. (11936775.24 ticks, tree = 2236.61 MB, solutions = 1)
Nodefile size = 379.76 MB (307.05 MB after compression)
  27855  5818    38920.0000   406    39382.0000    38920.0000  2867732    1.17%
  27928  5806    infeasible          39382.0000    38920.0000  2874568    1.17%
  27992  5795    39343.0000   194    39382.0000    38920.0000  2880352    1.17%
  28052  5779    39074.0000   472    39382.0000    38920.0000  2886723    1.17%
  28125  5764    38920.0000   396    39382.0000    38920.0000  2893068    1.17%
  28196  5762    39074.0000   394    39382.0000    38920.0000  2898329    1.17%
  28251  5745        cutoff          39382.0000    38920.0000  2905057    1.17%
  28321  5728    39074.0000   489    39382.0000    38920.0000  2912354    1.17%
  28367  5725    39074.0000   374    39382.0000    38920.0000  2916305    1.17%
  28434  5724    38920.0000   454    39382.0000    38920.0000  2922763    1.17%
Elapsed time = 28287.07 sec. (12091402.37 ticks, tree = 2200.91 MB, solutions = 1)
Nodefile size = 379.76 MB (307.05 MB after compression)
  28487  5719    39074.0000   322    39382.0000    38920.0000  2927722    1.17%
  28544  5713    38920.0000   482    39382.0000    38920.0000  2932954    1.17%
  28593  5721    38920.0000   341    39382.0000    38920.0000  2936646    1.17%
  28648  5717    infeasible          39382.0000    38920.0000  2942326    1.17%
  28701  5706    39074.0000   443    39382.0000    38920.0000  2948251    1.17%
  28742  5700    38920.0000   370    39382.0000    38920.0000  2952307    1.17%
  28791  5691    infeasible          39382.0000    38920.0000  2958072    1.17%
  28855  5679    38920.0000   432    39382.0000    38920.0000  2965630    1.17%
  28907  5669    infeasible          39382.0000    38920.0000  2970281    1.17%
  28968  5661    38920.0000   492    39382.0000    38920.0000  2976608    1.17%
Elapsed time = 28622.81 sec. (12246629.69 ticks, tree = 2176.33 MB, solutions = 1)
Nodefile size = 379.76 MB (307.05 MB after compression)
  29031  5648        cutoff          39382.0000    38920.0000  2983552    1.17%
  29091  5639    infeasible          39382.0000    38920.0000  2989489    1.17%
  29137  5639    38920.0000   667    39382.0000    38920.0000  2993770    1.17%
  29186  5634    infeasible          39382.0000    38920.0000  2998551    1.17%
  29234  5634    39074.0000   314    39382.0000    38920.0000  3002501    1.17%
  29285  5632    38957.0000   526    39382.0000    38920.0000  3007052    1.17%
  29339  5635    39074.0000   412    39382.0000    38920.0000  3011606    1.17%
  29403  5626    38996.0000   608    39382.0000    38920.0000  3017250    1.17%
  29454  5618    39074.0000   493    39382.0000    38920.0000  3022378    1.17%
  29511  5600    38920.0000   596    39382.0000    38920.0000  3029476    1.17%
Elapsed time = 28942.27 sec. (12401812.05 ticks, tree = 2152.92 MB, solutions = 1)
Nodefile size = 379.76 MB (307.05 MB after compression)
  29572  5582    38920.0000   632    39382.0000    38920.0000  3036922    1.17%
  29618  5581        cutoff          39382.0000    38920.0000  3041860    1.17%
  29683  5568        cutoff          39382.0000    38920.0000  3049273    1.17%
  29744  5549    38920.0000   578    39382.0000    38920.0000  3057025    1.17%
  29786  5546    38920.0000   630    39382.0000    38920.0000  3060602    1.17%
  29825  5547    39074.0000   304    39382.0000    38920.0000  3064214    1.17%
  29887  5531        cutoff          39382.0000    38920.0000  3071616    1.17%
  29964  5511        cutoff          39382.0000    38920.0000  3080447    1.17%
  30021  5501    38920.0000   364    39382.0000    38920.0000  3085419    1.17%
  30080  5487    38920.0000   786    39382.0000    38920.0000  3090865    1.17%
Elapsed time = 29266.82 sec. (12557264.54 ticks, tree = 2109.49 MB, solutions = 1)
Nodefile size = 379.76 MB (307.05 MB after compression)
  30122  5488    39074.0000   516    39382.0000    38920.0000  3094838    1.17%
  30181  5469    38920.0000   378    39382.0000    38920.0000  3103302    1.17%
  30242  5462    38920.0000   512    39382.0000    38920.0000  3110343    1.17%
  30282  5465    38920.0000   494    39382.0000    38920.0000  3114158    1.17%
  30338  5449    infeasible          39382.0000    38920.0000  3121089    1.17%
  30385  5454    39304.0000   418    39382.0000    38920.0000  3124944    1.17%
  30444  5442    38996.0000   391    39382.0000    38920.0000  3132137    1.17%
  30504  5444    39150.0000   194    39382.0000    38920.0000  3137757    1.17%
  30546  5443    38957.0000   575    39382.0000    38920.0000  3142388    1.17%
  30586  5447    39228.0000   244    39382.0000    38920.0000  3146213    1.17%
Elapsed time = 29541.47 sec. (12711703.17 ticks, tree = 2094.15 MB, solutions = 1)
Nodefile size = 379.76 MB (307.05 MB after compression)
  30653  5427        cutoff          39382.0000    38920.0000  3152814    1.17%
  30706  5416    39074.0000   420    39382.0000    38920.0000  3159718    1.17%
  30781  5411    38920.0000   462    39382.0000    38920.0000  3166378    1.17%
  30833  5410        cutoff          39382.0000    38920.0000  3171140    1.17%
  30874  5416    38957.0000   597    39382.0000    38920.0000  3174711    1.17%
  30922  5427    38920.0000   546    39382.0000    38920.0000  3178750    1.17%
  30965  5429    infeasible          39382.0000    38920.0000  3182124    1.17%
  31028  5440    38920.0000   292    39382.0000    38920.0000  3187711    1.17%
  31081  5429    38920.0000   773    39382.0000    38920.0000  3193185    1.17%
  31120  5436    38996.0000   484    39382.0000    38920.0000  3196284    1.17%
Elapsed time = 29850.28 sec. (12865645.18 ticks, tree = 2089.98 MB, solutions = 1)
Nodefile size = 379.76 MB (307.05 MB after compression)
  31171  5426        cutoff          39382.0000    38920.0000  3201921    1.17%
  31218  5426        cutoff          39382.0000    38920.0000  3206578    1.17%
  31272  5424    39228.0000   434    39382.0000    38920.0000  3210974    1.17%
  31328  5418    infeasible          39382.0000    38920.0000  3216480    1.17%
  31384  5415    38920.0000   284    39382.0000    38920.0000  3221450    1.17%
  31435  5414    38920.0000   337    39382.0000    38920.0000  3225625    1.17%
  31492  5412    39074.0000   530    39382.0000    38920.0000  3232096    1.17%
  31556  5398    39380.0000   362    39382.0000    38920.0000  3238351    1.17%
  31611  5385    39074.0000   438    39382.0000    38920.0000  3244170    1.17%
  31664  5382    38920.0000   456    39382.0000    38920.0000  3249514    1.17%
Elapsed time = 30175.03 sec. (13019875.91 ticks, tree = 2069.25 MB, solutions = 1)
Nodefile size = 379.76 MB (307.05 MB after compression)
  31716  5381    39074.0000   378    39382.0000    38920.0000  3254361    1.17%
  31790  5377    infeasible          39382.0000    38920.1668  3261056    1.17%
  31872  5358    39228.0000   286    39382.0000    38920.1668  3270627    1.17%
  31970  5313    39074.0000   432    39382.0000    38957.0000  3279700    1.08%
  32061  5283    39380.0000   160    39382.0000    38957.0000  3286772    1.08%
  32148  5247    39343.0000   332    39382.0000    38957.0000  3295638    1.08%
  32225  5217    infeasible          39382.0000    38957.0000  3302921    1.08%
  32312  5158        cutoff          39382.0000    38991.0000  3314135    0.99%
  32355  5145    39074.0000   270    39382.0000    38994.0000  3319100    0.99%
  32441  5116    infeasible          39382.0000    38996.0000  3328046    0.98%
Elapsed time = 30516.55 sec. (13174964.04 ticks, tree = 1967.35 MB, solutions = 1)
Nodefile size = 379.76 MB (307.05 MB after compression)
  32528  5085    39304.0000   183    39382.0000    38996.0000  3335722    0.98%
  32636  5030    infeasible          39382.0000    38996.0000  3345023    0.98%
  32706  5010    38996.0000   240    39382.0000    38996.0000  3351441    0.98%
  32798  4978    infeasible          39382.0000    38996.0000  3357642    0.98%
  32852  4962    38996.0000   584    39382.0000    38996.0000  3363902    0.98%
  32943  4948    39074.0000   385    39382.0000    38996.0000  3369452    0.98%
  33012  4931    38996.0000   646    39382.0000    38996.0000  3377790    0.98%
  33076  4909        cutoff          39382.0000    38996.0000  3385181    0.98%
  33143  4888    38996.0000   568    39382.0000    38996.0000  3392183    0.98%
  33209  4870    38996.0000   451    39382.0000    38996.0000  3398328    0.98%
Elapsed time = 30948.66 sec. (13331406.20 ticks, tree = 1872.33 MB, solutions = 1)
Nodefile size = 379.76 MB (307.05 MB after compression)
  33273  4850    infeasible          39382.0000    38996.0000  3405246    0.98%
  33333  4839    38996.0000   409    39382.0000    38996.0000  3410977    0.98%
  33406  4812    39380.0000   344    39382.0000    38996.0000  3417301    0.98%
  33488  4762    infeasible          39382.0000    38996.0000  3426480    0.98%
  33569  4715        cutoff          39382.0000    38996.0000  3436473    0.98%
  33663  4661    infeasible          39382.0000    38996.0000  3447309    0.98%
  33735  4640    38996.0000   482    39382.0000    38996.0000  3455882    0.98%
  33796  4631        cutoff          39382.0000    38996.0000  3464207    0.98%
  33889  4579    infeasible          39382.0000    39035.0000  3473758    0.88%
  33999  4510    39035.0000   468    39382.0000    39035.0000  3486192    0.88%
Elapsed time = 31600.00 sec. (13485954.07 ticks, tree = 1733.92 MB, solutions = 1)
Nodefile size = 379.76 MB (307.05 MB after compression)
  34096  4480    39035.0000   190    39382.0000    39035.0000  3494077    0.88%
  34187  4443    39074.0000   468    39382.0000    39035.0000  3503870    0.88%
  34287  4409        cutoff          39382.0000    39035.0000  3513119    0.88%
  34399  4344    39074.0000   639    39382.0000    39035.0000  3523652    0.88%
  34495  4295    39226.0000   409    39382.0000    39035.0000  3532926    0.88%
  34601  4233    39228.0000   256    39382.0000    39035.0000  3543631    0.88%
  34689  4191    infeasible          39382.0000    39035.0000  3551422    0.88%
  34817  4113    39380.0000   418    39382.0000    39035.0000  3563391    0.88%
  34913  4060    infeasible          39382.0000    39035.0000  3576039    0.88%
  35015  3987        cutoff          39382.0000    39035.1668  3588696    0.88%
Elapsed time = 32249.28 sec. (13640689.19 ticks, tree = 1533.35 MB, solutions = 1)
Nodefile size = 379.76 MB (307.05 MB after compression)
  35149  3909    39074.0000   280    39382.0000    39074.0000  3597154    0.78%
  35237  3865    infeasible          39382.0000    39074.0000  3602328    0.78%
  35343  3810    39074.0000   282    39382.0000    39074.0000  3609083    0.78%
  35445  3757    39074.0000   365    39382.0000    39074.0000  3616757    0.78%
  35562  3688    39228.0000   152    39382.0000    39074.0000  3627184    0.78%
  35648  3651        cutoff          39382.0000    39074.0000  3632097    0.78%
  35736  3606    infeasible          39382.0000    39074.0000  3638453    0.78%
  35820  3561    39228.0000   256    39382.0000    39074.0000  3646962    0.78%
  35905  3510    39378.0000   206    39382.0000    39074.0000  3654318    0.78%
  36006  3481        cutoff          39382.0000    39074.0000  3662243    0.78%
Elapsed time = 32912.28 sec. (13795155.12 ticks, tree = 1338.64 MB, solutions = 1)
Nodefile size = 379.76 MB (307.05 MB after compression)
  36099  3435    39074.0000   429    39382.0000    39074.0000  3669355    0.78%
  36177  3404    39343.0000   415    39382.0000    39074.0000  3677246    0.78%
  36284  3337    39228.0000   297    39382.0000    39074.0000  3686097    0.78%
  36364  3296    39074.0000   351    39382.0000    39074.0000  3692423    0.78%
  36473  3235        cutoff          39382.0000    39074.0000  3701862    0.78%
  36556  3211    39074.0000   400    39382.0000    39074.0000  3709763    0.78%
  36641  3183    39074.0000   442    39382.0000    39074.0000  3717064    0.78%
  36735  3126    infeasible          39382.0000    39074.0000  3726673    0.78%
  36840  3054        cutoff          39382.0000    39074.0000  3735979    0.78%
  36937  3015    infeasible          39382.0000    39074.0000  3743495    0.78%
Elapsed time = 33348.04 sec. (13949787.36 ticks, tree = 1159.39 MB, solutions = 1)
Nodefile size = 379.76 MB (307.05 MB after compression)
  37051  2974    39074.0000   146    39382.0000    39074.0000  3753371    0.78%
  37145  2937        cutoff          39382.0000    39074.0000  3762745    0.78%
  37247  2894        cutoff          39382.0000    39074.0000  3774715    0.78%
  37346  2857    infeasible          39382.0000    39074.0000  3784237    0.78%
  37479  2791    39228.0000   295    39382.0000    39111.0000  3795539    0.69%
  37650  2644    infeasible          39382.0000    39148.0000  3812725    0.59%
  37844  2495    infeasible          39382.0000    39150.0000  3824757    0.59%
  38132  2217        cutoff          39382.0000    39189.0000  3839562    0.49%
  38461  1907        cutoff          39382.0000    39189.0000  3855537    0.49%
  39259  1121    infeasible          39382.0000    39228.0000  3869188    0.39%
Elapsed time = 33904.72 sec. (14103036.20 ticks, tree = 392.79 MB, solutions = 1)
Nodefile size = 266.75 MB (215.52 MB after compression)
  39465   965    infeasible          39382.0000    39228.0000  3880764    0.39%
  39602   888        cutoff          39382.0000    39228.0000  3890718    0.39%
  39762   795    39228.0000   196    39382.0000    39228.0000  3901920    0.39%

GUB cover cuts applied:  73
Clique cuts applied:  195
Cover cuts applied:  322
Implied bound cuts applied:  62
Flow cuts applied:  102
Mixed integer rounding cuts applied:  248
Zero-half cuts applied:  14
Gomory fractional cuts applied:  2

Root node processing (before b&c):
  Real time             = 6763.35 sec. (1566379.30 ticks)
Sequential b&c:
  Real time             = 27412.50 sec. (12599093.61 ticks)
                          ------------
Total (root+branch&cut) = 34175.85 sec. (14165472.90 ticks)
Optimal

>> Printing some results...
    -> Solution value = 39381 - 10:56:21
    -> Total time = 34175.85
    -> Gap value = 0.00

=============
Train 0
=============
> Trip 0
   0(time 2463 - 00:41:03)(time 2688 - 00:44:48) ->    1(time 2803 - 00:46:43)(time 3030 - 00:50:30) ->    2(time 3145 - 00:52:25)(time 3343 - 00:55:43) ->    3(time 3458 - 00:57:38)(time 3695 - 01:01:35) ->    4(time 3810 - 01:03:30)(time 4031 - 01:07:11) ->    5(time 4146 - 01:09:06)(time 4360 - 01:12:40) ->    6(time 4475 - 01:14:35)(time 4687 - 01:18:07) ->    7(time 4802 - 01:20:02)(time 5020 - 01:23:40) ->    8(time 5213 - 01:26:53)(time 5447 - 01:30:47) ->    9(time 5562 - 01:32:42)(time 5797 - 01:36:37) ->    10(time 5912 - 01:38:32)(time 6139 - 01:42:19) ->    11(time 6254 - 01:44:14)(time 6490 - 01:48:10) ->    12(time 6605 - 01:50:05)(time 6814 - 01:53:34) ->    13(time 6929 - 01:55:29)(time 7150 - 01:59:10) ->    14(time 7265 - 02:01:05)(time 7474 - 02:04:34) ->    15(time 7589 - 02:06:29)(time 7789 - 02:09:49) ->    16(time 7871 - 02:11:11)(time 8088 - 02:14:48) ->    17(time 8242 - 02:17:22)(time 8242 - 02:17:22) ->    35(time 8316 - 02:18:36)(time 8533 - 02:22:13) ->    34(time 8617 - 02:23:37)(time 8817 - 02:26:57) ->    33(time 8932 - 02:28:52)(time 9141 - 02:32:21) ->    32(time 9256 - 02:34:16)(time 9477 - 02:37:57) ->    31(time 9592 - 02:39:52)(time 9801 - 02:43:21) ->    30(time 9916 - 02:45:16)(time 10152 - 02:49:12) ->    29(time 10267 - 02:51:07)(time 10494 - 02:54:54) ->    28(time 10609 - 02:56:49)(time 10844 - 03:00:44) ->    27(time 10959 - 03:02:39)(time 11193 - 03:06:33) ->    26(time 11308 - 03:08:28)(time 11526 - 03:12:06) ->    25(time 11641 - 03:14:01)(time 11853 - 03:17:33) ->    24(time 11968 - 03:19:28)(time 12182 - 03:23:02) ->    23(time 12297 - 03:24:57)(time 12518 - 03:28:38) ->    22(time 12633 - 03:30:33)(time 12870 - 03:34:30) ->    21(time 12985 - 03:36:25)(time 13183 - 03:39:43) ->    20(time 13337 - 03:42:17)(time 13564 - 03:46:04) ->    19(time 13679 - 03:47:59)(time 13904 - 03:51:44) ->    18(time 14058 - 03:54:18)(time 14058 - 03:54:18) -> 0
> Trip 1
   0(time 16699 - 04:38:19)(time 16924 - 04:42:04) ->    1(time 17039 - 04:43:59)(time 17266 - 04:47:46) ->    2(time 17381 - 04:49:41)(time 17579 - 04:52:59) ->    3(time 17694 - 04:54:54)(time 17931 - 04:58:51) ->    4(time 18046 - 05:00:46)(time 18267 - 05:04:27) ->    5(time 18382 - 05:06:22)(time 18596 - 05:09:56) ->    6(time 18711 - 05:11:51)(time 18923 - 05:15:23) ->    7(time 19038 - 05:17:18)(time 19256 - 05:20:56) ->    8(time 19371 - 05:22:51)(time 19605 - 05:26:45) ->    9(time 19720 - 05:28:40)(time 19955 - 05:32:35) ->    10(time 20070 - 05:34:30)(time 20297 - 05:38:17) ->    11(time 20412 - 05:40:12)(time 20648 - 05:44:08) ->    12(time 20763 - 05:46:03)(time 20972 - 05:49:32) ->    13(time 21087 - 05:51:27)(time 21308 - 05:55:08) ->    14(time 21423 - 05:57:03)(time 21632 - 06:00:32) ->    15(time 21747 - 06:02:27)(time 21947 - 06:05:47) ->    16(time 21990 - 06:06:30)(time 22207 - 06:10:07) ->    17(time 22515 - 06:15:15)(time 22515 - 06:15:15) ->    35(time 22515 - 06:15:15)(time 22732 - 06:18:52) ->    34(time 22775 - 06:19:35)(time 22975 - 06:22:55) ->    33(time 23090 - 06:24:50)(time 23299 - 06:28:19) ->    32(time 23414 - 06:30:14)(time 23635 - 06:33:55) ->    31(time 23750 - 06:35:50)(time 23959 - 06:39:19) ->    30(time 24074 - 06:41:14)(time 24310 - 06:45:10) ->    29(time 24425 - 06:47:05)(time 24652 - 06:50:52) ->    28(time 24767 - 06:52:47)(time 25002 - 06:56:42) ->    27(time 25117 - 06:58:37)(time 25351 - 07:02:31) ->    26(time 25466 - 07:04:26)(time 25684 - 07:08:04) ->    25(time 25799 - 07:09:59)(time 26011 - 07:13:31) ->    24(time 26126 - 07:15:26)(time 26340 - 07:19:00) ->    23(time 26455 - 07:20:55)(time 26676 - 07:24:36) ->    22(time 26791 - 07:26:31)(time 27028 - 07:30:28) ->    21(time 27143 - 07:32:23)(time 27341 - 07:35:41) ->    20(time 27456 - 07:37:36)(time 27683 - 07:41:23) ->    19(time 27798 - 07:43:18)(time 28023 - 07:47:03) ->    18(time 28177 - 07:49:37)(time 28177 - 07:49:37) -> 0
> Trip 2
   0(time 29742 - 08:15:42)(time 29967 - 08:19:27) ->    1(time 30082 - 08:21:22)(time 30309 - 08:25:09) ->    2(time 30424 - 08:27:04)(time 30622 - 08:30:22) ->    3(time 30737 - 08:32:17)(time 30974 - 08:36:14) ->    4(time 31089 - 08:38:09)(time 31310 - 08:41:50) ->    5(time 31425 - 08:43:45)(time 31639 - 08:47:19) ->    6(time 31754 - 08:49:14)(time 31966 - 08:52:46) ->    7(time 32081 - 08:54:41)(time 32299 - 08:58:19) ->    8(time 32414 - 09:00:14)(time 32648 - 09:04:08) ->    9(time 32763 - 09:06:03)(time 32998 - 09:09:58) ->    10(time 33113 - 09:11:53)(time 33340 - 09:15:40) ->    11(time 33455 - 09:17:35)(time 33691 - 09:21:31) ->    12(time 33806 - 09:23:26)(time 34015 - 09:26:55) ->    13(time 34130 - 09:28:50)(time 34351 - 09:32:31) ->    14(time 34466 - 09:34:26)(time 34675 - 09:37:55) ->    15(time 34790 - 09:39:50)(time 34990 - 09:43:10) ->    16(time 35033 - 09:43:53)(time 35250 - 09:47:30) ->    17(time 35404 - 09:50:04)(time 35404 - 09:50:04) ->    35(time 35404 - 09:50:04)(time 35621 - 09:53:41) ->    34(time 35664 - 09:54:24)(time 35864 - 09:57:44) ->    33(time 35979 - 09:59:39)(time 36188 - 10:03:08) ->    32(time 36303 - 10:05:03)(time 36524 - 10:08:44) ->    31(time 36639 - 10:10:39)(time 36848 - 10:14:08) ->    30(time 36963 - 10:16:03)(time 37199 - 10:19:59) ->    29(time 37314 - 10:21:54)(time 37541 - 10:25:41) ->    28(time 37656 - 10:27:36)(time 37891 - 10:31:31) ->    27(time 38006 - 10:33:26)(time 38240 - 10:37:20) ->    26(time 38355 - 10:39:15)(time 38573 - 10:42:53) ->    25(time 38688 - 10:44:48)(time 38900 - 10:48:20) ->    24(time 39015 - 10:50:15)(time 39229 - 10:53:49) ->    23(time 39344 - 10:55:44)(time 39565 - 10:59:25) ->    22(time 39680 - 11:01:20)(time 39917 - 11:05:17) ->    21(time 40032 - 11:07:12)(time 40230 - 11:10:30) ->    20(time 40345 - 11:12:25)(time 40572 - 11:16:12) ->    19(time 40687 - 11:18:07)(time 40912 - 11:21:52) ->    18(time 41066 - 11:24:26)(time 41066 - 11:24:26) -> 0
> Trip 3
   0(time 41730 - 11:35:30)(time 41955 - 11:39:15) ->    1(time 42070 - 11:41:10)(time 42297 - 11:44:57) ->    2(time 42412 - 11:46:52)(time 42610 - 11:50:10) ->    3(time 42725 - 11:52:05)(time 42962 - 11:56:02) ->    4(time 43077 - 11:57:57)(time 43298 - 12:01:38) ->    5(time 43413 - 12:03:33)(time 43627 - 12:07:07) ->    6(time 43742 - 12:09:02)(time 43954 - 12:12:34) ->    7(time 44069 - 12:14:29)(time 44287 - 12:18:07) ->    8(time 44402 - 12:20:02)(time 44636 - 12:23:56) ->    9(time 44751 - 12:25:51)(time 44986 - 12:29:46) ->    10(time 45179 - 12:32:59)(time 45406 - 12:36:46) ->    11(time 45521 - 12:38:41)(time 45757 - 12:42:37) ->    12(time 45872 - 12:44:32)(time 46081 - 12:48:01) ->    13(time 46196 - 12:49:56)(time 46417 - 12:53:37) ->    14(time 46532 - 12:55:32)(time 46741 - 12:59:01) ->    15(time 46856 - 13:00:56)(time 47056 - 13:04:16) ->    16(time 47099 - 13:04:59)(time 47316 - 13:08:36) ->    17(time 47470 - 13:11:10)(time 47470 - 13:11:10) ->    35(time 47624 - 13:13:44)(time 47841 - 13:17:21) ->    34(time 47884 - 13:18:04)(time 48084 - 13:21:24) ->    33(time 48199 - 13:23:19)(time 48408 - 13:26:48) ->    32(time 48523 - 13:28:43)(time 48744 - 13:32:24) ->    31(time 48859 - 13:34:19)(time 49068 - 13:37:48) ->    30(time 49183 - 13:39:43)(time 49419 - 13:43:39) ->    29(time 49534 - 13:45:34)(time 49761 - 13:49:21) ->    28(time 49876 - 13:51:16)(time 50111 - 13:55:11) ->    27(time 50226 - 13:57:06)(time 50460 - 14:01:00) ->    26(time 50575 - 14:02:55)(time 50793 - 14:06:33) ->    25(time 50908 - 14:08:28)(time 51120 - 14:12:00) ->    24(time 51235 - 14:13:55)(time 51449 - 14:17:29) ->    23(time 51564 - 14:19:24)(time 51785 - 14:23:05) ->    22(time 51900 - 14:25:00)(time 52137 - 14:28:57) ->    21(time 52252 - 14:30:52)(time 52450 - 14:34:10) ->    20(time 52565 - 14:36:05)(time 52792 - 14:39:52) ->    19(time 52907 - 14:41:47)(time 53132 - 14:45:32) ->    18(time 53286 - 14:48:06)(time 53286 - 14:48:06) -> 0
=============
Train 1
=============
> Trip 0
   0(time 2348 - 00:39:08)(time 2573 - 00:42:53) ->    1(time 2688 - 00:44:48)(time 2915 - 00:48:35) ->    2(time 3030 - 00:50:30)(time 3228 - 00:53:48) ->    3(time 3343 - 00:55:43)(time 3580 - 00:59:40) ->    4(time 3695 - 01:01:35)(time 3916 - 01:05:16) ->    5(time 4031 - 01:07:11)(time 4245 - 01:10:45) ->    6(time 4360 - 01:12:40)(time 4572 - 01:16:12) ->    7(time 4687 - 01:18:07)(time 4905 - 01:21:45) ->    8(time 5020 - 01:23:40)(time 5254 - 01:27:34) ->    9(time 5369 - 01:29:29)(time 5604 - 01:33:24) ->    10(time 5797 - 01:36:37)(time 6024 - 01:40:24) ->    11(time 6139 - 01:42:19)(time 6375 - 01:46:15) ->    12(time 6490 - 01:48:10)(time 6699 - 01:51:39) ->    13(time 6814 - 01:53:34)(time 7035 - 01:57:15) ->    14(time 7150 - 01:59:10)(time 7359 - 02:02:39) ->    15(time 7474 - 02:04:34)(time 7674 - 02:07:54) ->    16(time 7717 - 02:08:37)(time 7934 - 02:12:14) ->    17(time 8088 - 02:14:48)(time 8088 - 02:14:48) ->    35(time 8242 - 02:17:22)(time 8459 - 02:20:59) ->    34(time 8502 - 02:21:42)(time 8702 - 02:25:02) ->    33(time 8817 - 02:26:57)(time 9026 - 02:30:26) ->    32(time 9141 - 02:32:21)(time 9362 - 02:36:02) ->    31(time 9477 - 02:37:57)(time 9686 - 02:41:26) ->    30(time 9801 - 02:43:21)(time 10037 - 02:47:17) ->    29(time 10152 - 02:49:12)(time 10379 - 02:52:59) ->    28(time 10494 - 02:54:54)(time 10729 - 02:58:49) ->    27(time 10844 - 03:00:44)(time 11078 - 03:04:38) ->    26(time 11193 - 03:06:33)(time 11411 - 03:10:11) ->    25(time 11526 - 03:12:06)(time 11738 - 03:15:38) ->    24(time 11853 - 03:17:33)(time 12067 - 03:21:07) ->    23(time 12182 - 03:23:02)(time 12403 - 03:26:43) ->    22(time 12518 - 03:28:38)(time 12755 - 03:32:35) ->    21(time 12870 - 03:34:30)(time 13068 - 03:37:48) ->    20(time 13183 - 03:39:43)(time 13410 - 03:43:30) ->    19(time 13525 - 03:45:25)(time 13750 - 03:49:10) ->    18(time 13904 - 03:51:44)(time 13904 - 03:51:44) -> 0
> Trip 1
   0(time 16391 - 04:33:11)(time 16616 - 04:36:56) ->    1(time 16731 - 04:38:51)(time 16958 - 04:42:38) ->    2(time 17073 - 04:44:33)(time 17271 - 04:47:51) ->    3(time 17386 - 04:49:46)(time 17623 - 04:53:43) ->    4(time 17738 - 04:55:38)(time 17959 - 04:59:19) ->    5(time 18074 - 05:01:14)(time 18288 - 05:04:48) ->    6(time 18403 - 05:06:43)(time 18615 - 05:10:15) ->    7(time 18730 - 05:12:10)(time 18948 - 05:15:48) ->    8(time 19063 - 05:17:43)(time 19297 - 05:21:37) ->    9(time 19412 - 05:23:32)(time 19647 - 05:27:27) ->    10(time 19762 - 05:29:22)(time 19989 - 05:33:09) ->    11(time 20104 - 05:35:04)(time 20340 - 05:39:00) ->    12(time 20455 - 05:40:55)(time 20664 - 05:44:24) ->    13(time 20779 - 05:46:19)(time 21000 - 05:50:00) ->    14(time 21115 - 05:51:55)(time 21324 - 05:55:24) ->    15(time 21439 - 05:57:19)(time 21639 - 06:00:39) ->    16(time 21682 - 06:01:22)(time 21899 - 06:04:59) ->    17(time 22053 - 06:07:33)(time 22053 - 06:07:33) ->    35(time 22207 - 06:10:07)(time 22424 - 06:13:44) ->    34(time 22467 - 06:14:27)(time 22667 - 06:17:47) ->    33(time 22782 - 06:19:42)(time 22991 - 06:23:11) ->    32(time 23106 - 06:25:06)(time 23327 - 06:28:47) ->    31(time 23442 - 06:30:42)(time 23651 - 06:34:11) ->    30(time 23766 - 06:36:06)(time 24002 - 06:40:02) ->    29(time 24117 - 06:41:57)(time 24344 - 06:45:44) ->    28(time 24459 - 06:47:39)(time 24694 - 06:51:34) ->    27(time 24809 - 06:53:29)(time 25043 - 06:57:23) ->    26(time 25158 - 06:59:18)(time 25376 - 07:02:56) ->    25(time 25491 - 07:04:51)(time 25703 - 07:08:23) ->    24(time 25818 - 07:10:18)(time 26032 - 07:13:52) ->    23(time 26147 - 07:15:47)(time 26368 - 07:19:28) ->    22(time 26483 - 07:21:23)(time 26720 - 07:25:20) ->    21(time 26835 - 07:27:15)(time 27033 - 07:30:33) ->    20(time 27148 - 07:32:28)(time 27375 - 07:36:15) ->    19(time 27490 - 07:38:10)(time 27715 - 07:41:55) ->    18(time 27869 - 07:44:29)(time 27869 - 07:44:29) -> 0
> Trip 2
   0(time 29234 - 08:07:14)(time 29459 - 08:10:59) ->    1(time 29574 - 08:12:54)(time 29801 - 08:16:41) ->    2(time 29916 - 08:18:36)(time 30114 - 08:21:54) ->    3(time 30229 - 08:23:49)(time 30466 - 08:27:46) ->    4(time 30581 - 08:29:41)(time 30802 - 08:33:22) ->    5(time 30917 - 08:35:17)(time 31131 - 08:38:51) ->    6(time 31246 - 08:40:46)(time 31458 - 08:44:18) ->    7(time 31573 - 08:46:13)(time 31791 - 08:49:51) ->    8(time 31906 - 08:51:46)(time 32140 - 08:55:40) ->    9(time 32255 - 08:57:35)(time 32490 - 09:01:30) ->    10(time 32605 - 09:03:25)(time 32832 - 09:07:12) ->    11(time 32947 - 09:09:07)(time 33183 - 09:13:03) ->    12(time 33298 - 09:14:58)(time 33507 - 09:18:27) ->    13(time 33622 - 09:20:22)(time 33843 - 09:24:03) ->    14(time 33958 - 09:25:58)(time 34167 - 09:29:27) ->    15(time 34282 - 09:31:22)(time 34482 - 09:34:42) ->    16(time 34525 - 09:35:25)(time 34742 - 09:39:02) ->    17(time 35131 - 09:45:31)(time 35131 - 09:45:31) ->    35(time 35250 - 09:47:30)(time 35467 - 09:51:07) ->    34(time 35510 - 09:51:50)(time 35710 - 09:55:10) ->    33(time 35825 - 09:57:05)(time 36034 - 10:00:34) ->    32(time 36149 - 10:02:29)(time 36370 - 10:06:10) ->    31(time 36485 - 10:08:05)(time 36694 - 10:11:34) ->    30(time 36809 - 10:13:29)(time 37045 - 10:17:25) ->    29(time 37160 - 10:19:20)(time 37387 - 10:23:07) ->    28(time 37502 - 10:25:02)(time 37737 - 10:28:57) ->    27(time 37852 - 10:30:52)(time 38086 - 10:34:46) ->    26(time 38201 - 10:36:41)(time 38419 - 10:40:19) ->    25(time 38534 - 10:42:14)(time 38746 - 10:45:46) ->    24(time 38861 - 10:47:41)(time 39075 - 10:51:15) ->    23(time 39190 - 10:53:10)(time 39411 - 10:56:51) ->    22(time 39526 - 10:58:46)(time 39763 - 11:02:43) ->    21(time 39878 - 11:04:38)(time 40076 - 11:07:56) ->    20(time 40191 - 11:09:51)(time 40418 - 11:13:38) ->    19(time 40533 - 11:15:33)(time 40758 - 11:19:18) ->    18(time 40912 - 11:21:52)(time 40912 - 11:21:52) -> 0
> Trip 3
   0(time 41615 - 11:33:35)(time 41840 - 11:37:20) ->    1(time 41955 - 11:39:15)(time 42182 - 11:43:02) ->    2(time 42297 - 11:44:57)(time 42495 - 11:48:15) ->    3(time 42610 - 11:50:10)(time 42847 - 11:54:07) ->    4(time 42962 - 11:56:02)(time 43183 - 11:59:43) ->    5(time 43298 - 12:01:38)(time 43512 - 12:05:12) ->    6(time 43627 - 12:07:07)(time 43839 - 12:10:39) ->    7(time 43954 - 12:12:34)(time 44172 - 12:16:12) ->    8(time 44287 - 12:18:07)(time 44521 - 12:22:01) ->    9(time 44636 - 12:23:56)(time 44871 - 12:27:51) ->    10(time 44986 - 12:29:46)(time 45213 - 12:33:33) ->    11(time 45328 - 12:35:28)(time 45564 - 12:39:24) ->    12(time 45679 - 12:41:19)(time 45888 - 12:44:48) ->    13(time 46003 - 12:46:43)(time 46224 - 12:50:24) ->    14(time 46339 - 12:52:19)(time 46548 - 12:55:48) ->    15(time 46702 - 12:58:22)(time 46902 - 13:01:42) ->    16(time 46945 - 13:02:25)(time 47162 - 13:06:02) ->    17(time 47316 - 13:08:36)(time 47316 - 13:08:36) ->    35(time 47390 - 13:09:50)(time 47607 - 13:13:27) ->    34(time 47730 - 13:15:30)(time 47930 - 13:18:50) ->    33(time 48045 - 13:20:45)(time 48254 - 13:24:14) ->    32(time 48369 - 13:26:09)(time 48590 - 13:29:50) ->    31(time 48705 - 13:31:45)(time 48914 - 13:35:14) ->    30(time 49029 - 13:37:09)(time 49265 - 13:41:05) ->    29(time 49380 - 13:43:00)(time 49607 - 13:46:47) ->    28(time 49722 - 13:48:42)(time 49957 - 13:52:37) ->    27(time 50072 - 13:54:32)(time 50306 - 13:58:26) ->    26(time 50421 - 14:00:21)(time 50639 - 14:03:59) ->    25(time 50754 - 14:05:54)(time 50966 - 14:09:26) ->    24(time 51081 - 14:11:21)(time 51295 - 14:14:55) ->    23(time 51410 - 14:16:50)(time 51631 - 14:20:31) ->    22(time 51746 - 14:22:26)(time 51983 - 14:26:23) ->    21(time 52098 - 14:28:18)(time 52296 - 14:31:36) ->    20(time 52411 - 14:33:31)(time 52638 - 14:37:18) ->    19(time 52753 - 14:39:13)(time 52978 - 14:42:58) ->    18(time 53132 - 14:45:32)(time 53132 - 14:45:32) -> 0
=============
Train 2
=============
> Trip 0
   0(time 2693 - 00:44:53)(time 2918 - 00:48:38) ->    1(time 3033 - 00:50:33)(time 3260 - 00:54:20) ->    2(time 3649 - 01:00:49)(time 3847 - 01:04:07) ->    3(time 3962 - 01:06:02)(time 4199 - 01:09:59) ->    4(time 4314 - 01:11:54)(time 4535 - 01:15:35) ->    5(time 4924 - 01:22:04)(time 5138 - 01:25:38) ->    6(time 5253 - 01:27:33)(time 5465 - 01:31:05) ->    7(time 5580 - 01:33:00)(time 5798 - 01:36:38) ->    8(time 5913 - 01:38:33)(time 6147 - 01:42:27) ->    9(time 6262 - 01:44:22)(time 6497 - 01:48:17) ->    10(time 6612 - 01:50:12)(time 6839 - 01:53:59) ->    11(time 6954 - 01:55:54)(time 7190 - 01:59:50) ->    12(time 7305 - 02:01:45)(time 7514 - 02:05:14) ->    13(time 7629 - 02:07:09)(time 7850 - 02:10:50) ->    14(time 7965 - 02:12:45)(time 8174 - 02:16:14) ->    15(time 8289 - 02:18:09)(time 8489 - 02:21:29) ->    16(time 8878 - 02:27:58)(time 9095 - 02:31:35) ->    17(time 9484 - 02:38:04)(time 9484 - 02:38:04) ->    35(time 9484 - 02:38:04)(time 9701 - 02:41:41) ->    34(time 10090 - 02:48:10)(time 10290 - 02:51:30) ->    33(time 10405 - 02:53:25)(time 10614 - 02:56:54) ->    32(time 10729 - 02:58:49)(time 10950 - 03:02:30) ->    31(time 11339 - 03:08:59)(time 11548 - 03:12:28) ->    30(time 11663 - 03:14:23)(time 11899 - 03:18:19) ->    29(time 12014 - 03:20:14)(time 12241 - 03:24:01) ->    28(time 12587 - 03:29:47)(time 12822 - 03:33:42) ->    27(time 13211 - 03:40:11)(time 13445 - 03:44:05) ->    26(time 13834 - 03:50:34)(time 14052 - 03:54:12) ->    25(time 14167 - 03:56:07)(time 14379 - 03:59:39) ->    24(time 14494 - 04:01:34)(time 14708 - 04:05:08) ->    23(time 14823 - 04:07:03)(time 15044 - 04:10:44) ->    22(time 15159 - 04:12:39)(time 15396 - 04:16:36) ->    21(time 15511 - 04:18:31)(time 15709 - 04:21:49) ->    20(time 15824 - 04:23:44)(time 16051 - 04:27:31) ->    19(time 16166 - 04:29:26)(time 16391 - 04:33:11) ->    18(time 16545 - 04:35:45)(time 16545 - 04:35:45) -> 0
> Trip 1
   0(time 17219 - 04:46:59)(time 17444 - 04:50:44) ->    1(time 17559 - 04:52:39)(time 17786 - 04:56:26) ->    2(time 17901 - 04:58:21)(time 18099 - 05:01:39) ->    3(time 18214 - 05:03:34)(time 18451 - 05:07:31) ->    4(time 18566 - 05:09:26)(time 18787 - 05:13:07) ->    5(time 18902 - 05:15:02)(time 19116 - 05:18:36) ->    6(time 19231 - 05:20:31)(time 19443 - 05:24:03) ->    7(time 19558 - 05:25:58)(time 19776 - 05:29:36) ->    8(time 19891 - 05:31:31)(time 20125 - 05:35:25) ->    9(time 20240 - 05:37:20)(time 20475 - 05:41:15) ->    10(time 20590 - 05:43:10)(time 20817 - 05:46:57) ->    11(time 20932 - 05:48:52)(time 21168 - 05:52:48) ->    12(time 21283 - 05:54:43)(time 21492 - 05:58:12) ->    13(time 21607 - 06:00:07)(time 21828 - 06:03:48) ->    14(time 21943 - 06:05:43)(time 22152 - 06:09:12) ->    15(time 22267 - 06:11:07)(time 22467 - 06:14:27) ->    16(time 22732 - 06:18:52)(time 22949 - 06:22:29) ->    17(time 23103 - 06:25:03)(time 23103 - 06:25:03) ->    35(time 23103 - 06:25:03)(time 23320 - 06:28:40) ->    34(time 23363 - 06:29:23)(time 23563 - 06:32:43) ->    33(time 23678 - 06:34:38)(time 23887 - 06:38:07) ->    32(time 24002 - 06:40:02)(time 24223 - 06:43:43) ->    31(time 24338 - 06:45:38)(time 24547 - 06:49:07) ->    30(time 24662 - 06:51:02)(time 24898 - 06:54:58) ->    29(time 25013 - 06:56:53)(time 25240 - 07:00:40) ->    28(time 25355 - 07:02:35)(time 25590 - 07:06:30) ->    27(time 25705 - 07:08:25)(time 25939 - 07:12:19) ->    26(time 26054 - 07:14:14)(time 26272 - 07:17:52) ->    25(time 26387 - 07:19:47)(time 26599 - 07:23:19) ->    24(time 26714 - 07:25:14)(time 26928 - 07:28:48) ->    23(time 27043 - 07:30:43)(time 27264 - 07:34:24) ->    22(time 27379 - 07:36:19)(time 27616 - 07:40:16) ->    21(time 27731 - 07:42:11)(time 27929 - 07:45:29) ->    20(time 28044 - 07:47:24)(time 28271 - 07:51:11) ->    19(time 28660 - 07:57:40)(time 28885 - 08:01:25) ->    18(time 29080 - 08:04:40)(time 29080 - 08:04:40) -> 0
> Trip 2
   0(time 29080 - 08:04:40)(time 29305 - 08:08:25) ->    1(time 29420 - 08:10:20)(time 29647 - 08:14:07) ->    2(time 29762 - 08:16:02)(time 29960 - 08:19:20) ->    3(time 30075 - 08:21:15)(time 30312 - 08:25:12) ->    4(time 30427 - 08:27:07)(time 30648 - 08:30:48) ->    5(time 30763 - 08:32:43)(time 30977 - 08:36:17) ->    6(time 31092 - 08:38:12)(time 31304 - 08:41:44) ->    7(time 31419 - 08:43:39)(time 31637 - 08:47:17) ->    8(time 31752 - 08:49:12)(time 31986 - 08:53:06) ->    9(time 32101 - 08:55:01)(time 32336 - 08:58:56) ->    10(time 32451 - 09:00:51)(time 32678 - 09:04:38) ->    11(time 32793 - 09:06:33)(time 33029 - 09:10:29) ->    12(time 33144 - 09:12:24)(time 33353 - 09:15:53) ->    13(time 33468 - 09:17:48)(time 33689 - 09:21:29) ->    14(time 33804 - 09:23:24)(time 34013 - 09:26:53) ->    15(time 34128 - 09:28:48)(time 34328 - 09:32:08) ->    16(time 34371 - 09:32:51)(time 34588 - 09:36:28) ->    17(time 34742 - 09:39:02)(time 34742 - 09:39:02) ->    35(time 34816 - 09:40:16)(time 35033 - 09:43:53) ->    34(time 35117 - 09:45:17)(time 35317 - 09:48:37) ->    33(time 35432 - 09:50:32)(time 35641 - 09:54:01) ->    32(time 35756 - 09:55:56)(time 35977 - 09:59:37) ->    31(time 36092 - 10:01:32)(time 36301 - 10:05:01) ->    30(time 36416 - 10:06:56)(time 36652 - 10:10:52) ->    29(time 36767 - 10:12:47)(time 36994 - 10:16:34) ->    28(time 37109 - 10:18:29)(time 37344 - 10:22:24) ->    27(time 37498 - 10:24:58)(time 37732 - 10:28:52) ->    26(time 37847 - 10:30:47)(time 38065 - 10:34:25) ->    25(time 38180 - 10:36:20)(time 38392 - 10:39:52) ->    24(time 38507 - 10:41:47)(time 38721 - 10:45:21) ->    23(time 38836 - 10:47:16)(time 39057 - 10:50:57) ->    22(time 39172 - 10:52:52)(time 39409 - 10:56:49) ->    21(time 39524 - 10:58:44)(time 39722 - 11:02:02) ->    20(time 39837 - 11:03:57)(time 40064 - 11:07:44) ->    19(time 40179 - 11:09:39)(time 40404 - 11:13:24) ->    18(time 40558 - 11:15:58)(time 40558 - 11:15:58) -> 0
> Trip 3
   0(time 40912 - 11:21:52)(time 41137 - 11:25:37) ->    1(time 41252 - 11:27:32)(time 41479 - 11:31:19) ->    2(time 41594 - 11:33:14)(time 41792 - 11:36:32) ->    3(time 41907 - 11:38:27)(time 42144 - 11:42:24) ->    4(time 42259 - 11:44:19)(time 42480 - 11:48:00) ->    5(time 42595 - 11:49:55)(time 42809 - 11:53:29) ->    6(time 42924 - 11:55:24)(time 43136 - 11:58:56) ->    7(time 43251 - 12:00:51)(time 43469 - 12:04:29) ->    8(time 43584 - 12:06:24)(time 43818 - 12:10:18) ->    9(time 43933 - 12:12:13)(time 44168 - 12:16:08) ->    10(time 44283 - 12:18:03)(time 44510 - 12:21:50) ->    11(time 44625 - 12:23:45)(time 44861 - 12:27:41) ->    12(time 44976 - 12:29:36)(time 45185 - 12:33:05) ->    13(time 45300 - 12:35:00)(time 45521 - 12:38:41) ->    14(time 45636 - 12:40:36)(time 45845 - 12:44:05) ->    15(time 45960 - 12:46:00)(time 46160 - 12:49:20) ->    16(time 46203 - 12:50:03)(time 46420 - 12:53:40) ->    17(time 46574 - 12:56:14)(time 46574 - 12:56:14) ->    35(time 46574 - 12:56:14)(time 46791 - 12:59:51) ->    34(time 47056 - 13:04:16)(time 47256 - 13:07:36) ->    33(time 47371 - 13:09:31)(time 47580 - 13:13:00) ->    32(time 47695 - 13:14:55)(time 47916 - 13:18:36) ->    31(time 48031 - 13:20:31)(time 48240 - 13:24:00) ->    30(time 48355 - 13:25:55)(time 48591 - 13:29:51) ->    29(time 48706 - 13:31:46)(time 48933 - 13:35:33) ->    28(time 49048 - 13:37:28)(time 49283 - 13:41:23) ->    27(time 49398 - 13:43:18)(time 49632 - 13:47:12) ->    26(time 49747 - 13:49:07)(time 49965 - 13:52:45) ->    25(time 50080 - 13:54:40)(time 50292 - 13:58:12) ->    24(time 50407 - 14:00:07)(time 50621 - 14:03:41) ->    23(time 50736 - 14:05:36)(time 50957 - 14:09:17) ->    22(time 51072 - 14:11:12)(time 51309 - 14:15:09) ->    21(time 51424 - 14:17:04)(time 51622 - 14:20:22) ->    20(time 51737 - 14:22:17)(time 51964 - 14:26:04) ->    19(time 52079 - 14:27:59)(time 52304 - 14:31:44) ->    18(time 52693 - 14:38:13)(time 52693 - 14:38:13) -> 0
=============
Train 3
=============
> Trip 0
   0(time 2578 - 00:42:58)(time 2803 - 00:46:43) ->    1(time 2918 - 00:48:38)(time 3145 - 00:52:25) ->    2(time 3260 - 00:54:20)(time 3458 - 00:57:38) ->    3(time 3573 - 00:59:33)(time 3810 - 01:03:30) ->    4(time 3925 - 01:05:25)(time 4146 - 01:09:06) ->    5(time 4339 - 01:12:19)(time 4553 - 01:15:53) ->    6(time 4668 - 01:17:48)(time 4880 - 01:21:20) ->    7(time 4995 - 01:23:15)(time 5213 - 01:26:53) ->    8(time 5328 - 01:28:48)(time 5562 - 01:32:42) ->    9(time 5677 - 01:34:37)(time 5912 - 01:38:32) ->    10(time 6027 - 01:40:27)(time 6254 - 01:44:14) ->    11(time 6369 - 01:46:09)(time 6605 - 01:50:05) ->    12(time 6720 - 01:52:00)(time 6929 - 01:55:29) ->    13(time 7044 - 01:57:24)(time 7265 - 02:01:05) ->    14(time 7380 - 02:03:00)(time 7589 - 02:06:29) ->    15(time 7704 - 02:08:24)(time 7904 - 02:11:44) ->    16(time 8025 - 02:13:45)(time 8242 - 02:17:22) ->    17(time 8550 - 02:22:30)(time 8550 - 02:22:30) ->    35(time 8550 - 02:22:30)(time 8767 - 02:26:07) ->    34(time 8810 - 02:26:50)(time 9010 - 02:30:10) ->    33(time 9125 - 02:32:05)(time 9334 - 02:35:34) ->    32(time 9449 - 02:37:29)(time 9670 - 02:41:10) ->    31(time 9785 - 02:43:05)(time 9994 - 02:46:34) ->    30(time 10109 - 02:48:29)(time 10345 - 02:52:25) ->    29(time 10460 - 02:54:20)(time 10687 - 02:58:07) ->    28(time 10802 - 03:00:02)(time 11037 - 03:03:57) ->    27(time 11152 - 03:05:52)(time 11386 - 03:09:46) ->    26(time 11501 - 03:11:41)(time 11719 - 03:15:19) ->    25(time 11834 - 03:17:14)(time 12046 - 03:20:46) ->    24(time 12161 - 03:22:41)(time 12375 - 03:26:15) ->    23(time 12490 - 03:28:10)(time 12711 - 03:31:51) ->    22(time 12826 - 03:33:46)(time 13063 - 03:37:43) ->    21(time 13178 - 03:39:38)(time 13376 - 03:42:56) ->    20(time 13491 - 03:44:51)(time 13718 - 03:48:38) ->    19(time 13833 - 03:50:33)(time 14058 - 03:54:18) ->    18(time 14212 - 03:56:52)(time 14212 - 03:56:52) -> 0
> Trip 1
   0(time 16545 - 04:35:45)(time 16770 - 04:39:30) ->    1(time 16885 - 04:41:25)(time 17112 - 04:45:12) ->    2(time 17227 - 04:47:07)(time 17425 - 04:50:25) ->    3(time 17540 - 04:52:20)(time 17777 - 04:56:17) ->    4(time 17892 - 04:58:12)(time 18113 - 05:01:53) ->    5(time 18228 - 05:03:48)(time 18442 - 05:07:22) ->    6(time 18557 - 05:09:17)(time 18769 - 05:12:49) ->    7(time 18884 - 05:14:44)(time 19102 - 05:18:22) ->    8(time 19217 - 05:20:17)(time 19451 - 05:24:11) ->    9(time 19566 - 05:26:06)(time 19801 - 05:30:01) ->    10(time 19916 - 05:31:56)(time 20143 - 05:35:43) ->    11(time 20258 - 05:37:38)(time 20494 - 05:41:34) ->    12(time 20609 - 05:43:29)(time 20818 - 05:46:58) ->    13(time 20933 - 05:48:53)(time 21154 - 05:52:34) ->    14(time 21269 - 05:54:29)(time 21478 - 05:57:58) ->    15(time 21593 - 05:59:53)(time 21793 - 06:03:13) ->    16(time 21836 - 06:03:56)(time 22053 - 06:07:33) ->    17(time 22207 - 06:10:07)(time 22207 - 06:10:07) ->    35(time 22281 - 06:11:21)(time 22498 - 06:14:58) ->    34(time 22621 - 06:17:01)(time 22821 - 06:20:21) ->    33(time 22936 - 06:22:16)(time 23145 - 06:25:45) ->    32(time 23260 - 06:27:40)(time 23481 - 06:31:21) ->    31(time 23596 - 06:33:16)(time 23805 - 06:36:45) ->    30(time 23920 - 06:38:40)(time 24156 - 06:42:36) ->    29(time 24271 - 06:44:31)(time 24498 - 06:48:18) ->    28(time 24613 - 06:50:13)(time 24848 - 06:54:08) ->    27(time 24963 - 06:56:03)(time 25197 - 06:59:57) ->    26(time 25312 - 07:01:52)(time 25530 - 07:05:30) ->    25(time 25645 - 07:07:25)(time 25857 - 07:10:57) ->    24(time 25972 - 07:12:52)(time 26186 - 07:16:26) ->    23(time 26301 - 07:18:21)(time 26522 - 07:22:02) ->    22(time 26637 - 07:23:57)(time 26874 - 07:27:54) ->    21(time 26989 - 07:29:49)(time 27187 - 07:33:07) ->    20(time 27302 - 07:35:02)(time 27529 - 07:38:49) ->    19(time 27644 - 07:40:44)(time 27869 - 07:44:29) ->    18(time 28023 - 07:47:03)(time 28023 - 07:47:03) -> 0
> Trip 2
   0(time 28926 - 08:02:06)(time 29151 - 08:05:51) ->    1(time 29266 - 08:07:46)(time 29493 - 08:11:33) ->    2(time 29608 - 08:13:28)(time 29806 - 08:16:46) ->    3(time 29921 - 08:18:41)(time 30158 - 08:22:38) ->    4(time 30273 - 08:24:33)(time 30494 - 08:28:14) ->    5(time 30609 - 08:30:09)(time 30823 - 08:33:43) ->    6(time 30938 - 08:35:38)(time 31150 - 08:39:10) ->    7(time 31265 - 08:41:05)(time 31483 - 08:44:43) ->    8(time 31598 - 08:46:38)(time 31832 - 08:50:32) ->    9(time 31947 - 08:52:27)(time 32182 - 08:56:22) ->    10(time 32297 - 08:58:17)(time 32524 - 09:02:04) ->    11(time 32639 - 09:03:59)(time 32875 - 09:07:55) ->    12(time 32990 - 09:09:50)(time 33199 - 09:13:19) ->    13(time 33314 - 09:15:14)(time 33535 - 09:18:55) ->    14(time 33650 - 09:20:50)(time 33859 - 09:24:19) ->    15(time 33974 - 09:26:14)(time 34174 - 09:29:34) ->    16(time 34217 - 09:30:17)(time 34434 - 09:33:54) ->    17(time 34588 - 09:36:28)(time 34588 - 09:36:28) ->    35(time 34742 - 09:39:02)(time 34959 - 09:42:39) ->    34(time 35002 - 09:43:22)(time 35202 - 09:46:42) ->    33(time 35317 - 09:48:37)(time 35526 - 09:52:06) ->    32(time 35641 - 09:54:01)(time 35862 - 09:57:42) ->    31(time 35977 - 09:59:37)(time 36186 - 10:03:06) ->    30(time 36301 - 10:05:01)(time 36537 - 10:08:57) ->    29(time 36652 - 10:10:52)(time 36879 - 10:14:39) ->    28(time 36994 - 10:16:34)(time 37229 - 10:20:29) ->    27(time 37344 - 10:22:24)(time 37578 - 10:26:18) ->    26(time 37693 - 10:28:13)(time 37911 - 10:31:51) ->    25(time 38026 - 10:33:46)(time 38238 - 10:37:18) ->    24(time 38353 - 10:39:13)(time 38567 - 10:42:47) ->    23(time 38682 - 10:44:42)(time 38903 - 10:48:23) ->    22(time 39018 - 10:50:18)(time 39255 - 10:54:15) ->    21(time 39370 - 10:56:10)(time 39568 - 10:59:28) ->    20(time 39683 - 11:01:23)(time 39910 - 11:05:10) ->    19(time 40025 - 11:07:05)(time 40250 - 11:10:50) ->    18(time 40404 - 11:13:24)(time 40404 - 11:13:24) -> 0
> Trip 3
   0(time 41500 - 11:31:40)(time 41725 - 11:35:25) ->    1(time 41840 - 11:37:20)(time 42067 - 11:41:07) ->    2(time 42182 - 11:43:02)(time 42380 - 11:46:20) ->    3(time 42495 - 11:48:15)(time 42732 - 11:52:12) ->    4(time 42847 - 11:54:07)(time 43068 - 11:57:48) ->    5(time 43183 - 11:59:43)(time 43397 - 12:03:17) ->    6(time 43512 - 12:05:12)(time 43724 - 12:08:44) ->    7(time 43839 - 12:10:39)(time 44057 - 12:14:17) ->    8(time 44172 - 12:16:12)(time 44406 - 12:20:06) ->    9(time 44521 - 12:22:01)(time 44756 - 12:25:56) ->    10(time 44871 - 12:27:51)(time 45098 - 12:31:38) ->    11(time 45213 - 12:33:33)(time 45449 - 12:37:29) ->    12(time 45564 - 12:39:24)(time 45773 - 12:42:53) ->    13(time 45888 - 12:44:48)(time 46109 - 12:48:29) ->    14(time 46224 - 12:50:24)(time 46433 - 12:53:53) ->    15(time 46548 - 12:55:48)(time 46748 - 12:59:08) ->    16(time 46791 - 12:59:51)(time 47008 - 13:03:28) ->    17(time 47162 - 13:06:02)(time 47162 - 13:06:02) ->    35(time 47316 - 13:08:36)(time 47533 - 13:12:13) ->    34(time 47576 - 13:12:56)(time 47776 - 13:16:16) ->    33(time 47891 - 13:18:11)(time 48100 - 13:21:40) ->    32(time 48215 - 13:23:35)(time 48436 - 13:27:16) ->    31(time 48551 - 13:29:11)(time 48760 - 13:32:40) ->    30(time 48875 - 13:34:35)(time 49111 - 13:38:31) ->    29(time 49226 - 13:40:26)(time 49453 - 13:44:13) ->    28(time 49568 - 13:46:08)(time 49803 - 13:50:03) ->    27(time 49918 - 13:51:58)(time 50152 - 13:55:52) ->    26(time 50267 - 13:57:47)(time 50485 - 14:01:25) ->    25(time 50600 - 14:03:20)(time 50812 - 14:06:52) ->    24(time 50927 - 14:08:47)(time 51141 - 14:12:21) ->    23(time 51256 - 14:14:16)(time 51477 - 14:17:57) ->    22(time 51592 - 14:19:52)(time 51829 - 14:23:49) ->    21(time 51944 - 14:25:44)(time 52142 - 14:29:02) ->    20(time 52257 - 14:30:57)(time 52484 - 14:34:44) ->    19(time 52599 - 14:36:39)(time 52824 - 14:40:24) ->    18(time 52978 - 14:42:58)(time 52978 - 14:42:58) -> 0
