t4p7r7h4.txt:
   > Trying to open the instance file...
   > Reading number of trains...
   > Reading maximum number of trips per train...
   > Reading time intervals...
   > Reading number of points...
   > Reading stations...
   > Reading crossings...
   > Reading depots...
   > Reading initial point...
   > Reading routes...
   > Reading distance and distance and service...
   > Reading demands...
   > Reading maximum time...
   > Reading alpha...

--------------------------------
 Printing instance
--------------------------------
number of trains = 4
	max trips per trains: 4     4     4     4
number of intervals = 4
	(0,   9231)	(9232,  18462)	(18463,  27693)	(27694,  36927)
number of points = 7
	initial point: 1
	stations: 0     1     2     3     4     5     6
	crossings: 0     1     4     5     6
	depots: 0     1     6
number of vertices = 14
	total vertices: 0     1     2     3     4     5     6     7     8     9    10    11    12    13
	upper vertices: 0     1     2     3     4     5     6
	lower vertices: 7     8     9    10    11    12    13
	vertices of point #0: (0, 7)
	vertices of point #1: (1, 8)
	vertices of point #2: (2, 9)
	vertices of point #3: (3, 10)
	vertices of point #4: (4, 11)
	vertices of point #5: (5, 12)
	vertices of point #6: (6, 13)

arcs...
	total arcs: 
		arc #0: (0, 1)
		arc #1: (0, 7)
		arc #2: (7, 0)
		arc #3: (1, 2)
		arc #4: (8, 7)
		arc #5: (1, 8)
		arc #6: (8, 1)
		arc #7: (2, 3)
		arc #8: (9, 8)
		arc #9: (3, 4)
		arc #10: (10, 9)
		arc #11: (4, 5)
		arc #12: (11, 10)
		arc #13: (5, 6)
		arc #14: (12, 11)
		arc #15: (13, 12)
		arc #16: (6, 13)
		arc #17: (13, 6)

	reverse arcs: 
		arc #1: (0, 7)
		arc #2: (7, 0)
		arc #5: (1, 8)
		arc #6: (8, 1)
		arc #16: (6, 13)
		arc #17: (13, 6)


incompatible points...
	(0, 0, 8, (0, 1))	(8, 8, 0, (8, 7))	(1, 3, 11, (3, 4))	(11, 9, 1, (9, 8))	(4, 4, 12, (4, 5))	(12, 12, 4, (12, 11))	(5, 5, 13, (5, 6))	(13, 13, 5, (13, 12))

number of routes = 7
vertices of routes...
	route #0: 0     1     2     3     4     5     6    13    12    11    10     9     8     7     0
	route #1: 13    12    11    10     9     8     7     0     1     2     3     4     5     6    13
	route #2: 1     2     3     4     5     6
	route #3: 8     7
	route #4: 0     1
	route #5: 13    12    11    10     9     8
	route #6: 8     7     0     1     8
arcs of routes...
	route #0: 0     3     7     9    11    13    16    15    14    12    10     8     4     2
	route #1: 15    14    12    10     8     4     2     0     3     7     9    11    13    16
	route #2: 3     7     9    11    13
	route #3: 4
	route #4: 0
	route #5: 15    14    12    10     8
	route #6: 4     2     0     5

incompatible routes...
	(0, 1)    	(0, 2)    	(0, 3)    	(0, 5)    	(0, 6)    	(1, 0)    	(1, 2)    	(1, 3)    	(1, 4)    	(1, 6)    	(2, 0)    	(2, 2)    	(2, 3)    	(2, 4)    	(2, 6)    	(3, 1)    	(3, 2)    	(3, 3)    	(3, 5)    	(3, 6)    	(4, 0)    	(4, 1)    	(4, 4)    	(4, 5)    	(5, 0)    	(5, 1)    	(5, 4)    	(5, 5)    	(6, 0)    	(6, 1)    	(6, 4)    	(6, 5)

vertices that can be adjacent in consecutive trips...
	(0, 0)    	(1, 1)    	(1, 8)    	(6, 13)    	(7, 0)    	(8, 1)    	(8, 8)    	(13, 13)
non cyclical routes: 
       2       3       4       5

routes of trip...
	routes that train #0 can complete at trip #0: 2       3       6
	routes that train #0 can complete at trip #1: 0       1       2       3       4       5       6
	routes that train #0 can complete at trip #2: 0       1       2       3       4       5       6
	routes that train #0 can complete at trip #3: 0       1       2       3       4       5       6

	routes that train #1 can complete at trip #0: 2       3       6
	routes that train #1 can complete at trip #1: 0       1       2       3       4       5       6
	routes that train #1 can complete at trip #2: 0       1       2       3       4       5       6
	routes that train #1 can complete at trip #3: 0       1       2       3       4       5       6

	routes that train #2 can complete at trip #0: 2       3       6
	routes that train #2 can complete at trip #1: 0       1       2       3       4       5       6
	routes that train #2 can complete at trip #2: 0       1       2       3       4       5       6
	routes that train #2 can complete at trip #3: 0       1       2       3       4       5       6

	routes that train #3 can complete at trip #0: 2       3       6
	routes that train #3 can complete at trip #1: 0       1       2       3       4       5       6
	routes that train #3 can complete at trip #2: 0       1       2       3       4       5       6
	routes that train #3 can complete at trip #3: 0       1       2       3       4       5       6

 cost...
	arc #0 [0][1]: 420
	arc #1 [0][7]: 0
	arc #2 [7][0]: 0
	arc #3 [1][2]: 384
	arc #4 [8][7]: 420
	arc #5 [1][8]: 0
	arc #6 [8][1]: 0
	arc #7 [2][3]: 462
	arc #8 [9][8]: 384
	arc #9 [3][4]: 457
	arc #10 [10][9]: 462
	arc #11 [4][5]: 392
	arc #12 [11][10]: 457
	arc #13 [5][6]: 433
	arc #14 [12][11]: 392
	arc #15 [13][12]: 433
	arc #16 [6][13]: 0
	arc #17 [13][6]: 0

cost with minimum service...
	arc #0 [0][1]: 700
	arc #1 [0][7]: 0
	arc #2 [7][0]: 0
	arc #3 [1][2]: 446
	arc #4 [8][7]: 700
	arc #5 [1][8]: 0
	arc #6 [8][1]: 0
	arc #7 [2][3]: 524
	arc #8 [9][8]: 664
	arc #9 [3][4]: 519
	arc #10 [10][9]: 524
	arc #11 [4][5]: 454
	arc #12 [11][10]: 519
	arc #13 [5][6]: 713
	arc #14 [12][11]: 454
	arc #15 [13][12]: 495
	arc #16 [6][13]: 0
	arc #17 [13][6]: 0

cost with maximum service...
	arc #0 [0][1]: 894
	arc #1 [0][7]: 474
	arc #2 [7][0]: 474
	arc #3 [1][2]: 858
	arc #4 [8][7]: 894
	arc #5 [1][8]: 474
	arc #6 [8][1]: 474
	arc #7 [2][3]: 936
	arc #8 [9][8]: 858
	arc #9 [3][4]: 931
	arc #10 [10][9]: 936
	arc #11 [4][5]: 866
	arc #12 [11][10]: 931
	arc #13 [5][6]: 907
	arc #14 [12][11]: 866
	arc #15 [13][12]: 907
	arc #16 [6][13]: 474
	arc #17 [13][6]: 474

demands...
	demands of vertex 0 at time interval: 3     3     3     3
	demands of vertex 1 at time interval: 3     3     3     3
	demands of vertex 2 at time interval: 3     3     3     3
	demands of vertex 3 at time interval: 3     3     3     3
	demands of vertex 4 at time interval: 3     3     3     3
	demands of vertex 5 at time interval: 3     3     3     3
	demands of vertex 6 at time interval: 0     0     0     0
	demands of vertex 7 at time interval: 0     0     0     0
	demands of vertex 8 at time interval: 3     3     3     3
	demands of vertex 9 at time interval: 3     3     3     3
	demands of vertex 10 at time interval: 3     3     3     3
	demands of vertex 11 at time interval: 3     3     3     3
	demands of vertex 12 at time interval: 3     3     3     3
	demands of vertex 13 at time interval: 3     3     3     3

maximum time = 36927
alpha = 50

>> Solving...
Version identifier: 20.1.0.0 | 2020-11-10 | 9bedb6d68
CPXPARAM_Threads                                 1
CPXPARAM_TimeLimit                               43200
Tried aggregator 3 times.
MIP Presolve eliminated 60293 rows and 15548 columns.
MIP Presolve modified 23420 coefficients.
Aggregator did 68 substitutions.
Reduced MIP has 68932 rows, 24001 columns, and 173584 nonzeros.
Reduced MIP has 23620 binaries, 0 generals, 0 SOSs, and 0 indicators.
Presolve time = 1.99 sec. (1022.88 ticks)
Probing fixed 0 vars, tightened 35 bounds.
Probing time = 0.73 sec. (269.92 ticks)
Tried aggregator 1 time.
Detecting symmetries...
MIP Presolve eliminated 120 rows and 96 columns.
MIP Presolve modified 1712 coefficients.
Reduced MIP has 68812 rows, 23905 columns, and 173152 nonzeros.
Reduced MIP has 23524 binaries, 0 generals, 0 SOSs, and 0 indicators.
Presolve time = 1.90 sec. (2787.26 ticks)
Probing fixed 0 vars, tightened 7 bounds.
Probing time = 0.21 sec. (72.26 ticks)
Clique table members: 114893.
MIP emphasis: balance optimality and feasibility.
MIP search method: dynamic search.
Parallel mode: none, using 1 thread.
Root relaxation solution time = 7.52 sec. (3895.73 ticks)

        Nodes                                         Cuts/
   Node  Left     Objective  IInf  Best Integer    Best Bound    ItCnt     Gap

      0     0     6923.5000  4702                   6923.5000    30933         
      0     0    12588.1818  4494                  Cuts: 1597    42617         
      0     0    12588.1818  4463                  Cuts: 2427    50581         
      0     0    12588.1818  4382                  Cuts: 2761    55431         
      0     0    16364.5816  4268                  Cuts: 3479    61017         
      0     0    16364.5816  4365                  Cuts: 2455    69946         

Repeating presolve.
Tried aggregator 1 time.
MIP Presolve eliminated 42810 rows and 17124 columns.
MIP Presolve modified 381 coefficients.
Reduced MIP has 26002 rows, 6781 columns, and 70408 nonzeros.
Reduced MIP has 6400 binaries, 0 generals, 0 SOSs, and 0 indicators.
Presolve time = 0.25 sec. (207.47 ticks)
Probing fixed 0 vars, tightened 2 bounds.
Probing time = 0.05 sec. (19.22 ticks)
Cover probing fixed 0 vars, tightened 4 bounds.
Tried aggregator 1 time.
Detecting symmetries...
MIP Presolve modified 342 coefficients.
Reduced MIP has 26002 rows, 6781 columns, and 70408 nonzeros.
Reduced MIP has 6400 binaries, 0 generals, 0 SOSs, and 0 indicators.
Presolve time = 0.17 sec. (178.05 ticks)
Represolve time = 0.53 sec. (434.55 ticks)
Probing time = 0.02 sec. (6.41 ticks)
Clique table members: 41525.
MIP emphasis: balance optimality and feasibility.
MIP search method: dynamic search.
Parallel mode: none, using 1 thread.
Root relaxation solution time = 0.78 sec. (572.09 ticks)

        Nodes                                         Cuts/
   Node  Left     Objective  IInf  Best Integer    Best Bound    ItCnt     Gap

      0     0    16364.5816  1947                  16364.5816    76648         
      0     0    16364.5816  2242                  Cuts: 3386    85888         
      0     0    16364.5816  2143                   Cuts: 507    93475         
      0     0    16364.5816  2136                  Cuts: 3191   101651         
      0     0    16364.5816  2002                  Cuts: 3118   105418         
      0     0    16667.1770  2147                  Cuts: 2747   112257         
      0     0    17141.6360  2183                  Cuts: 3153   125325         
      0     0    17368.2767  2023                  Cuts: 3049   128397         
      0     0    17610.4905  1996                  Cuts: 2608   134518         
      0     0    17610.4905  2041                  Cuts: 2684   138447         
Heuristic still looking.
      0     2    17610.4905  1608                  17610.4905   138447         
Elapsed time = 143.76 sec. (130538.47 ticks, tree = 0.01 MB, solutions = 0)
      1     1    infeasible                        17610.4905   155987         
      2     2    18252.8180  2809                  19062.0622   161157         
      3     3    27694.0000  2782                  19062.0622   168020         
      4     4    23917.5272  1761                  27694.0000   169334         
      5     5    27694.0000  1690                  27694.0000   170108         
      6     6    27694.0000  1451                  27694.0000   175350         
      7     6    31050.0000   843                  27694.0000   176798         
      9     8    31050.0000   846                  27694.0000   177107         
     13    12    31050.0000   832                  27694.0000   177429         
     18    15    infeasible                        27694.0000   180645         
Elapsed time = 163.69 sec. (147091.68 ticks, tree = 0.72 MB, solutions = 0)
     19    14    infeasible                        27694.0000   183447         
     20    15    34406.0000  1110                  27694.0000   189626         
     21    16    34406.0000   628                  27694.0000   194998         
     24    17    34406.0000   564                  27694.0000   196112         
     30    19    34406.0000   502                  27694.0000   197950         
     41    24    infeasible                        27694.0000   203457         
     51    28    infeasible                        27694.0000   205543         
     80    33    infeasible                        27694.0000   209168         
     88    33    27694.0000   993                  27694.0000   233463         
     89    34    34406.0000   577                  27694.0000   239605         
Elapsed time = 208.87 sec. (167178.76 ticks, tree = 1.08 MB, solutions = 0)
     90    34    34406.0000   495                  27694.0000   241297         
     92    35    34406.0000   468                  27694.0000   243037         
    106    46    infeasible                        27694.0000   246216         
    108    46    31050.0000   528                  27694.0000   249491         
    118    48    infeasible                        27694.0000   252638         
    130    53    infeasible                        27694.0000   257649         
    142    63    31887.0000   379                  27694.0000   261568         
    180    87    31050.0000   366                  27694.0000   264055         
    219   106    35526.0000   101                  27694.0000   266853         
    270   149    35806.0000    28                  27694.0000   268397         
Elapsed time = 233.00 sec. (179581.87 ticks, tree = 1.94 MB, solutions = 0)
    293   149    infeasible                        27694.0000   271433         
    295   147    infeasible                        31050.0000   274949         
    304   140    infeasible                        31050.0000   278162         
    316   128    infeasible                        31050.0000   283321         
    331   129    infeasible                        31050.0000   288169         
    339   123    infeasible                        31050.0000   291945         
    344   120    31050.0000   688                  31050.0000   297240         
    345   121    31050.0000   600                  31050.0000   299737         
    346   122    31050.0000   690                  31050.0000   301812         
    350   122    31050.0000   617                  31050.0000   305773         
Elapsed time = 269.18 sec. (197260.36 ticks, tree = 1.79 MB, solutions = 0)
    351   123    31050.0000   650                  31050.0000   308495         
    380   140    32217.0000   364                  31050.0000   311936         
    394   142    31050.0000   601                  31050.0000   320944         
    413   156    34294.0000   542                  31050.0000   324705         
    445   180    infeasible                        31050.0000   327459         
    477   193    31050.0000   438                  31050.0000   330099         
    486   186    infeasible                        31050.0000   333880         
    487   187    31957.8418   529                  31050.0000   338959         
    495   189    31050.0000   578                  31050.0000   344519         
    518   202    31482.8559   556                  31050.0000   351796         
Elapsed time = 280.19 sec. (210618.47 ticks, tree = 2.29 MB, solutions = 0)
    525   195    infeasible                        31050.0000   355160         
    531   189    infeasible                        31050.0000   359575         
    538   182    infeasible                        31050.0000   365000         
    543   177    infeasible                        31050.0000   368325         
    548   172    infeasible                        31050.0000   372290         
    556   164    infeasible                        31050.0000   376756         
    560   162    36813.0000   448                  31050.0000   382655         
    563   161    31050.0000   638                  31050.0000   387093         
    566   160    32098.2500   424                  31050.0000   388914         
    569   159    31050.0000   624                  31050.0000   394646         
Elapsed time = 292.31 sec. (224852.53 ticks, tree = 2.04 MB, solutions = 0)
    573   157    31050.0000   608                  31050.0000   398668         
    574   158    31050.0000   595                  31050.0000   401133         
    585   167    33775.0000   350                  31050.0000   407841         
    598   166    infeasible                        31050.0000   411746         
    611   171    infeasible                        31050.0000   414268         
    631   177    31050.0000   453                  31050.0000   417267         
    644   179    infeasible                        31050.0000   421193         
    648   177    31050.0000   651                  31050.0000   429732         
    658   179    infeasible                        31050.0000   434116         
    664   179    34406.0000   375                  31050.0000   436745         
Elapsed time = 303.96 sec. (238486.60 ticks, tree = 2.18 MB, solutions = 0)
    672   183    31050.0000   615                  31050.0000   442490         
    688   189    infeasible                        31050.0000   444705         
    697   190    31050.0000  1101                  31050.0000   458190         
    701   192    31050.0000   772                  31050.0000   461856         
    713   202    35770.0000   708                  31050.0000   463705         
    730   213    31050.0000   640                  31050.0000   466720         
    731   214    31050.0000   696                  31050.0000   472023         
    736   217    31050.0000   437                  31050.0000   476981         
    747   221    31887.0000   751                  31050.0000   481423         
    756   228    31887.0000   446                  31050.0000   483816         
Elapsed time = 315.45 sec. (252172.89 ticks, tree = 2.36 MB, solutions = 0)
    767   227    infeasible                        31050.0000   489649         
    771   223    infeasible                        31050.0000   494892         
    774   222    31050.0000   497                  31050.0000   507106         
    781   223    infeasible                        31050.0000   509961         
    785   219    infeasible                        31050.0000   516576         
    786   220    31050.0000   793                  31050.0000   527562         
    789   223    31050.0000   460                  31050.0000   530270         
    813   241    infeasible                        31050.0000   533858         
    814   242    32938.0000   776                  31050.0000   537284         
    815   243    32938.0000   472                  31050.0000   539842         
Elapsed time = 329.06 sec. (267800.71 ticks, tree = 2.45 MB, solutions = 0)
    820   242    31050.0000   525                  31050.0000   545553         
    844   258    infeasible                        31050.0000   548807         
    853   255    infeasible                        31050.0000   552349         
    854   256    31050.0000   503                  31050.0000   559857         
    875   273    31050.0000   559                  31050.0000   564525         
    891   277    infeasible                        31050.0000   569805         
    897   271    infeasible                        31050.0000   573876         
    901   267    infeasible                        31050.0000   578643         
    905   263    infeasible                        31050.0000   582765         
    936   282    infeasible                        31050.0000   598611         
Elapsed time = 342.50 sec. (283996.84 ticks, tree = 2.70 MB, solutions = 0)
    948   276    infeasible                        31050.0000   614010         
    955   281    31050.0000   469                  31050.0000   631456         
   1009   309    31050.0000   517                  31050.0000   644256         
   1045   305    infeasible                        31050.0000   662487         
   1055   297    35770.0000   587                  31050.0000   677639         
   1069   299    31050.0000  1062                  31050.0000   691741         
   1095   313    infeasible                        31050.0000   704063         
   1141   327    infeasible                        31050.0000   718352         
   1156   314    infeasible                        31050.0000   729081         
   1170   316    infeasible                        31050.0000   744438         
Elapsed time = 376.98 sec. (324840.08 ticks, tree = 2.66 MB, solutions = 0)
   1174   318    31050.0000   482                  31050.0000   759177         
   1197   327    31050.0000  1242                  31050.0000   773201         
   1200   326    31050.0000  1138                  31050.0000   789410         
   1217   343    31050.0000   473                  31050.0000   796056         
   1247   365    32938.0000   498                  31050.0000   808362         
   1282   376    infeasible                        31050.0000   820087         
   1293   367    31050.0000   632                  31050.0000   836029         
   1313   375    infeasible                        31050.0000   854825         
   1336   372    infeasible                        31050.0000   869647         
   1347   369    31050.0000  1151                  31050.0000   885455         
Elapsed time = 425.01 sec. (369832.01 ticks, tree = 2.84 MB, solutions = 0)
   1355   373    infeasible                        31050.0000   897590         
   1379   377    infeasible                        31050.0000   912250         
   1393   381    infeasible                        31050.0000   919791         
   1396   384    31050.0000   523                  31050.0000   933655         
   1429   388    35243.0000   526                  31050.0000   949713         
   1452   403    31050.0000   517                  31050.0000   962068         
   1471   412    infeasible                        31050.0000   975245         
   1473   412    31050.0000   679                  31050.0000   994840         

Performing restart 1

Repeating presolve.
Tried aggregator 1 time.
MIP Presolve modified 100 coefficients.
Reduced MIP has 26002 rows, 6781 columns, and 70348 nonzeros.
Reduced MIP has 6400 binaries, 0 generals, 0 SOSs, and 0 indicators.
Presolve time = 0.25 sec. (112.57 ticks)
Tried aggregator 1 time.
MIP Presolve modified 11580 coefficients.
Reduced MIP has 26002 rows, 6781 columns, and 70348 nonzeros.
Reduced MIP has 6400 binaries, 0 generals, 0 SOSs, and 0 indicators.
Presolve time = 0.69 sec. (180.23 ticks)
Represolve time = 2.55 sec. (452.40 ticks)
   1488     0    27694.0000  2050                  Cuts: 3540  1017366         
   1488     0    27694.0000  1685                   Cuts: 357  1021923         
   1488     0    27694.0000  1839                  Cuts: 3481  1031027         
   1488     0    27694.0000  1991                  Cuts: 3073  1044307         
   1488     0    27694.0000  1881                   Cuts: 883  1050541         
   1488     0    27694.0000  1979                  Cuts: 3409  1063292         
   1488     2    27694.0000  1557                  31050.0000  1063292         
   1489     3    27694.0000   580                  31050.0000  1074359         
Elapsed time = 625.37 sec. (529666.23 ticks, tree = 0.01 MB, solutions = 0)
   1490     3    34294.0000   469                  31050.0000  1086128         
   1491     4    27694.0000   617                  31050.0000  1097428         
   1494     6    27694.0000   498                  31050.0000  1101574         
   1504     9    infeasible                        31050.0000  1110463         
   1521    21    infeasible                        31050.0000  1120465         
   1526    17    infeasible                        31050.0000  1126999         
   1528    17    28099.8528   713                  31050.0000  1133139         
   1536    11    27694.0000   505                  31050.0000  1143256         
   1541    12    infeasible                        31050.0000  1147632         
   1547    14    infeasible                        31050.0000  1149931         
Elapsed time = 698.38 sec. (592790.37 ticks, tree = 1.22 MB, solutions = 0)
   1552    13    infeasible                        31050.0000  1156067         
   1555    12    27694.0000  1013                  31050.0000  1165233         
   1558    15    27694.0000  1003                  31050.0000  1167998         
   1563    20    27694.0000  1055                  31050.0000  1169328         
   1568    25    27694.0000  1019                  31050.0000  1171561         
   1573    30    27694.0000  1040                  31050.0000  1173607         
   1575    31    28860.3705   402                  31050.0000  1179604         
   1579    35    31187.0000   733                  31050.0000  1180565         
   1582    38    31187.0000   725                  31050.0000  1181203         
   1584    38    34406.0000   452                  31050.0000  1182861         
Elapsed time = 739.91 sec. (641473.60 ticks, tree = 5.58 MB, solutions = 0)
   1599    46    27694.0000  1013                  31050.0000  1187483         
   1602    49    27694.0000  1063                  31050.0000  1191147         
   1650    97    29442.0000   958                  31050.0000  1193966         
   1700   143    29895.0000   915                  31050.0000  1196331         
   1705   142    27694.0000   959                  31050.0000  1199222         
   1710   147    27694.0000   706                  31050.0000  1202543         
   1717   154    27694.0000   673                  31050.0000  1204032         
   1726   159    infeasible                        31050.0000  1206105         
   1734   165    31050.0000   608                  31050.0000  1207140         
   1744   167    31050.0000   628                  31050.0000  1208937         
Elapsed time = 778.48 sec. (686035.63 ticks, tree = 13.18 MB, solutions = 0)
   1751   166    infeasible                        31050.0000  1210190         
   1759   170    31050.0000   608                  31050.0000  1212216         
   1765   172    27694.0000   659                  31050.0000  1215192         
   1775   180    31050.0000   622                  31050.0000  1216435         
   1783   182    31050.0000   619                  31050.0000  1219019         
   1791   182    31050.0000   637                  31050.0000  1221491         
   1803   190    31050.0000   629                  31050.0000  1222048         
   1811   188    infeasible                        31050.0000  1225518         
   1820   195    infeasible                        31050.0000  1227682         
   1831   198    31050.0000   615                  31050.0000  1230565         
Elapsed time = 820.35 sec. (726709.08 ticks, tree = 18.63 MB, solutions = 0)
   1839   200    31050.0000   606                  31050.0000  1231989         
   1849   202    31050.0000   633                  31050.0000  1234356         
   1857   206    27694.0000   653                  31050.0000  1236098         
   1868   213    infeasible                        31050.0000  1237838         
   1879   214    infeasible                        31050.0000  1240178         
   1886   217    infeasible                        31050.0000  1242123         
   1892   214    27694.0000   696                  31050.0000  1245221         
   1899   217    27694.0000   617                  31050.0000  1248147         
   1907   217    31050.0000   638                  31050.0000  1251940         
   1916   220    27694.0000   713                  31050.0000  1254725         
Elapsed time = 906.50 sec. (767044.43 ticks, tree = 22.80 MB, solutions = 0)
   1924   226    27694.0000   718                  31050.0000  1255931         
   1932   230    infeasible                        31050.0000  1257209         
   1941   235    27694.0000   571                  31050.0000  1261066         
   1947   235    infeasible                        31050.0000  1263582         
   1954   236    29442.0000   631                  31050.0000  1265435         
   1959   238    30620.0000   624                  31050.0000  1267457         
   1966   241    30620.0000   600                  31050.0000  1268171         
   1972   243    27694.0000   648                  31050.0000  1270017         
   1982   251    27694.0000   615                  31050.0000  1271224         
   1992   254    infeasible                        31050.0000  1274331         
Elapsed time = 959.00 sec. (809134.99 ticks, tree = 27.25 MB, solutions = 0)
   1999   247    infeasible                        31050.0000  1278501         
   2008   246    27694.0000   686                  31050.0000  1281360         
   2014   246    infeasible                        31050.0000  1284048         
   2019   249    infeasible                        31050.0000  1286059         
   2028   242    27694.0000   445                  31050.0000  1291112         
   2037   243    31050.0000   608                  31050.0000  1293581         
   2047   253    31050.0000   633                  31050.0000  1293856         
   2054   260    31050.0000   400                  31050.0000  1295535         
   2060   256    infeasible                        31050.0000  1299059         
   2067   251    27694.0000   687                  31050.0000  1303885         
Elapsed time = 998.50 sec. (852541.16 ticks, tree = 27.63 MB, solutions = 0)
   2074   254    27694.0000   667                  31050.0000  1305725         
   2084   264    27694.0000   646                  31050.0000  1306526         
   2094   264    infeasible                        31050.0000  1309883         
   2104   266    27694.0000   673                  31050.0000  1313081         
   2138   286    infeasible                        31050.0000  1317526         
   2166   294    infeasible                        31050.0000  1321679         
   2200   312    infeasible                        31050.0000  1325387         
   2234   328    infeasible                        31050.0000  1328712         
   2252   330    30620.0000   634                  31050.0000  1332617         
   2275   323    infeasible                        31050.0000  1337027         
Elapsed time = 1035.51 sec. (892229.64 ticks, tree = 32.47 MB, solutions = 0)
   2305   335    infeasible                        31050.0000  1340160         
   2337   347    27744.0000   599                  31050.0000  1343232         
   2363   349    31050.0000   430                  31050.0000  1349713         
   2398   346    infeasible                        31050.0000  1354300         
   2424   354    27694.0000   642                  31050.0000  1359302         
   2458   362    infeasible                        31050.0000  1363039         

Performing restart 2

Repeating presolve.
Tried aggregator 1 time.
MIP Presolve eliminated 112 rows and 0 columns.
Reduced MIP has 25890 rows, 6781 columns, and 111096 nonzeros.
Reduced MIP has 6400 binaries, 0 generals, 0 SOSs, and 0 indicators.
Presolve time = 0.13 sec. (150.63 ticks)
Tried aggregator 1 time.
Reduced MIP has 25890 rows, 6781 columns, and 111096 nonzeros.
Reduced MIP has 6400 binaries, 0 generals, 0 SOSs, and 0 indicators.
Presolve time = 0.17 sec. (214.89 ticks)
Represolve time = 0.55 sec. (558.97 ticks)
   2480     0    27694.0000  1752                  Cuts: 1730  1390417         
   2480     0    27694.0000  1963                  Cuts: 3176  1408732         
   2480     0    27694.0000  2022                   Cuts: 919  1415900         
   2480     0    27694.0000  2275                  Cuts: 1598  1425190         
   2480     0    27694.0000  2315                  Cuts: 1559  1434043         
   2480     0    27694.0000  1963                  Cuts: 1316  1440906         
   2480     0    27694.0000  2211                  Cuts: 2730  1456534         
   2480     0    27694.0000  2202                  Cuts: 1369  1464710         
   2480     0    27694.0000  2201                  Cuts: 2950  1474139         
   2480     2    27694.0000  1028                  31050.0000  1474139         
   2481     3    27694.0000  1441                  31050.0000  1491034         
   2482     4    27694.0000  1336                  31050.0000  1535807         
   2483     5    27694.0000   800                  31050.0000  1554842         
Elapsed time = 1536.97 sec. (1280627.42 ticks, tree = 0.02 MB, solutions = 0)
   2486     6    27694.0000   383                  31050.0000  1564422         
   2490     8    27694.0000   368                  31050.0000  1566595         
   2501    14    infeasible                        31050.0000  1575400         
   2504    15    27694.0000   383                  31050.0000  1585102         
   2506    15    27694.0000   399                  31050.0000  1600457         
   2519    20    31050.0000   294                  31050.0000  1613700         
   2522    21    27694.0000   457                  31050.0000  1625478         
   2537    26    infeasible                        31050.0000  1634010         
   2541    24    27694.0000   415                  31050.0000  1645148         
   2544    26    32938.0000   308                  31050.0000  1647758         
Elapsed time = 1583.61 sec. (1338282.22 ticks, tree = 0.40 MB, solutions = 0)
   2552    28    27694.0000   440                  31050.0000  1657731         
   2554    30    27694.0000   488                  31050.0000  1670143         
   2558    33    27694.0000   444                  31050.0000  1671062         
   2560    35    27694.0000   424                  31050.0000  1671295         
   2565    38    27694.0000   421                  31050.0000  1672359         
   2567    40    28531.0000   350                  31050.0000  1674001         
   2572    41    28531.0000   352                  31050.0000  1674330         
   2577    44    infeasible                        31050.0000  1675848         
   2581    46    29380.0000   397                  31050.0000  1685296         
   2583    48    29380.0000   300                  31050.0000  1694976         
Elapsed time = 1634.94 sec. (1400643.98 ticks, tree = 0.28 MB, solutions = 0)
   2586    47    27694.0000   416                  31050.0000  1701817         
   2588    49    31750.0000   279                  31050.0000  1702480         
   2590    51    31750.0000   268                  31050.0000  1704858         
   2592    53    31750.0000   269                  31050.0000  1705523         
   2595    54    32938.0000   236                  31050.0000  1707327         
   2598    55    32938.0000   217                  31050.0000  1709060         
   2600    57    32938.0000   215                  31050.0000  1709195         
   2602    59    32938.0000   224                  31050.0000  1709272         
   2604    61    32938.0000   218                  31050.0000  1710046         
   2612    59    27694.0000   393                  31050.0000  1714654         
Elapsed time = 1686.03 sec. (1458354.32 ticks, tree = 0.35 MB, solutions = 0)
   2615    62    29380.0000   269                  31050.0000  1715437         
   2618    65    28818.4344   333                  31050.0000  1716206         
   2623    64    infeasible                        31050.0000  1719342         
   2627    64    29380.0000   284                  31050.0000  1722586         
   2629    66    29380.0000   315                  31050.0000  1724454         
   2633    66    27694.0000   413                  31050.0000  1728886         
   2637    68    27694.0000   411                  31050.0000  1729692         
   2639    70    27694.0000   421                  31050.0000  1733231         
   2646    76    32736.0000   265                  31050.0000  1735970         
   2670    86    infeasible                        31050.0000  1744107         
Elapsed time = 1787.62 sec. (1511622.11 ticks, tree = 0.51 MB, solutions = 0)
   2681    85    29380.0000   335                  31050.0000  1754176         
   2702   103    32736.0000   223                  31050.0000  1759593         
   2709   100    27694.0000   371                  31050.0000  1763025         
   2710   101    27694.0000   445                  31050.0000  1773179         
   2727   118    28861.0000   334                  31050.0000  1781771         
   2742   125    32736.0000   294                  31050.0000  1788485         
   2774   154    32736.0000   215                  31050.0000  1790710         
   2787   163    27694.0000   438                  31050.0000  1791318         
   2795   168    27694.0000   387                  31050.0000  1801140         
   2803   174    28861.0000   314                  31050.0000  1807236         
Elapsed time = 1841.68 sec. (1573077.09 ticks, tree = 4.31 MB, solutions = 0)
   2824   186    infeasible                        31050.0000  1812722         
   2837   194    30555.0000   273                  31050.0000  1816153         
   2842   193    27694.0000   442                  31050.0000  1818558         
   2844   195    27694.0000   380                  31050.0000  1824954         
   2850   199    27694.0000   396                  31050.0000  1832732         
   2851   200    27694.0000   365                  31050.0000  1839841         
   2868   211    35573.0000   245                  31050.0000  1846441         
   2880   213    27694.0000   362                  31050.0000  1850135         
   2883   215    28887.7309   325                  31050.0000  1858139         
   2890   210    36607.0000   253                  31050.0000  1863208         
Elapsed time = 1890.96 sec. (1632563.54 ticks, tree = 6.42 MB, solutions = 0)
   2894   212    36607.0000   269                  31050.0000  1863788         
   2900   210    infeasible                        31050.0000  1864558         
   2901   211    28005.6250   370                  31050.0000  1872384         
   2905   213    30462.5000   276                  31050.0000  1873262         
   2918   220    28531.0000   547                  31050.0000  1879577         
   2931   233    28861.0000   526                  31050.0000  1885793         
   2938   238    28861.0000   547                  31050.0000  1888741         
   2942   238    34406.0000   523                  31050.0000  1897595         
   2952   247    34406.0000   465                  31050.0000  1904404         
   2968   259    27694.0000   527                  31050.0000  1918124         
Elapsed time = 1937.50 sec. (1681903.00 ticks, tree = 9.12 MB, solutions = 0)
   2969   260    27694.0000   559                  31050.0000  1930135         
   2987   276    28861.0000   516                  31050.0000  1935843         
   3002   290    28861.0000   482                  31050.0000  1941595         
   3019   296    31750.0000   513                  31050.0000  1952003         
   3028   301    31750.0000   432                  31050.0000  1958235         
   3033   302    infeasible                        31050.0000  1964917         
   3034   303    29380.0000   552                  31050.0000  1974532         
   3037   306    29380.0000   619                  31050.0000  1983193         
   3038   307    29380.0000   541                  31050.0000  1989857         
   3040   309    32613.3333   270                  31050.0000  1995692         
Elapsed time = 1992.32 sec. (1734363.92 ticks, tree = 12.06 MB, solutions = 0)
   3061   320    infeasible                        31050.0000  2006224         
   3063   322    27694.0000   750                  31050.0000  2025032         
   3073   332    28861.0000   589                  31050.0000  2034335         
   3078   337    28861.0000   535                  31050.0000  2041987         
   3085   344    28861.0000   652                  31050.0000  2052069         
   3090   349    28861.0000   534                  31050.0000  2059273         
   3107   362    30400.8889   316                  31050.0000  2063754         
   3128   373    32736.0000   500                  31050.0000  2067559         
   3146   384    27694.0000   584                  31050.0000  2087208         
   3147   385    27694.0000   622                  31050.0000  2097908         
Elapsed time = 2130.10 sec. (1811966.49 ticks, tree = 16.16 MB, solutions = 0)
   3149   387    27694.0000   547                  31050.0000  2113294         
   3158   396    28861.0000   487                  31050.0000  2119529         
   3176   409    29627.0000   478                  31050.0000  2123776         
   3186   411    27694.0000   681                  31050.0000  2137172         
   3189   414    27694.0000   460                  31050.0000  2143719         
   3203   420    27694.0000   458                  31050.0000  2159792         
   3204   421    27694.0000   470                  31050.0000  2172974         
   3224   431    29341.3333   314                  31050.0000  2178982         
   3249   446    32258.8661   332                  31050.0000  2184430         
   3259   448    27694.0000   537                  31050.0000  2187454         
Elapsed time = 2182.70 sec. (1876596.46 ticks, tree = 16.92 MB, solutions = 0)
   3260   449    27694.0000   538                  31050.0000  2187456         
   3269   456    27694.0000   547                  31050.0000  2195076         
   3270   456    32736.0000   320                  31050.0000  2203788         
   3273   454    35573.0000   467                  31050.0000  2217611         
   3286   460    27694.0000   547                  31050.0000  2236976         
   3287   461    27694.0000   595                  31050.0000  2246503         
   3292   466    27694.0000   518                  31050.0000  2256887         
   3295   469    27694.0000   551                  31050.0000  2265902         
   3302   476    27694.0000   575                  31050.0000  2271737         
   3305   475    infeasible                        31050.0000  2281139         
Elapsed time = 2235.23 sec. (1939669.63 ticks, tree = 18.21 MB, solutions = 0)
   3320   486    30555.0000   493                  31050.0000  2288246         
   3323   487    infeasible                        31050.0000  2296326         
   3334   486    27694.0000   601                  31050.0000  2308452         
   3338   490    27694.0000   549                  31050.0000  2317470         
   3342   494    27694.0000   560                  31050.0000  2324358         
   3344   496    27694.0000   552                  31050.0000  2331670         
   3349   500    32736.0000   284                  31050.0000  2338492         
   3354   497    27694.0000   531                  31050.0000  2349093         
   3357   496    27694.0000   554                  31050.0000  2361795         
   3364   503    27694.0000   591                  31050.0000  2369669         
Elapsed time = 2286.06 sec. (2000652.41 ticks, tree = 17.74 MB, solutions = 0)
   3371   510    28394.0000   532                  31050.0000  2378061         
   3388   523    28394.0000   510                  31050.0000  2384707         
   3414   530    infeasible                        31050.0000  2390884         
   3415   529    infeasible                        31050.0000  2402138         
   3422   524    32824.7143   295                  31050.0000  2414439         
   3429   531    33706.0000   218                  31050.0000  2416017         
   3454   539    29380.0000   304                  31050.0000  2426156         
   3462   539    27694.0000   509                  31050.0000  2435448         
   3464   537    infeasible                        31050.0000  2445996         
   3469   542    28970.0000   503                  31050.0000  2452878         
Elapsed time = 2337.23 sec. (2060672.09 ticks, tree = 18.01 MB, solutions = 0)
   3472   541    27694.0000   544                  31050.0000  2453693         
   3474   543    27694.0000   512                  31050.0000  2462048         
   3484   553    27694.0000   561                  31050.0000  2467303         
   3495   556    infeasible                        31050.0000  2474097         
   3501   560    33706.0000   431                  31050.0000  2480764         
   3514   559    infeasible                        31050.0000  2486658         
   3515   560    27694.0000   556                  31050.0000  2491705         
   3518   563    27694.0000   551                  31050.0000  2494105         
   3521   564    32217.0000   349                  31050.0000  2497762         
   3526   561    infeasible                        31050.0000  2503566         
Elapsed time = 2385.27 sec. (2114878.46 ticks, tree = 18.13 MB, solutions = 0)
   3529   560    27694.0000   558                  31050.0000  2512952         
   3532   563    29582.0000   451                  31050.0000  2514094         
   3539   558    27694.0000   546                  31050.0000  2518513         
   3541   558    27694.0000   552                  31050.0000  2523772         
   3543   558    infeasible                        31050.0000  2524713         
   3545   558    27694.0000   536                  31050.0000  2530234         
   3547   560    27694.0000   492                  31050.0000  2531220         
   3549   562    27694.0000   495                  31050.0000  2533015         
   3551   564    27694.0000   488                  31050.0000  2533415         
   3556   567    27694.0000   482                  31050.0000  2539923         
Elapsed time = 2435.81 sec. (2172540.30 ticks, tree = 18.16 MB, solutions = 0)
   3568   577    infeasible                        31050.0000  2546070         
   3580   581    27694.0000   500                  31050.0000  2553729         
   3595   592    infeasible                        31050.0000  2555303         
   3603   588    infeasible                        31050.0000  2558767         
   3607   586    27694.0000   538                  31050.0000  2567615         
   3612   589    30350.0000   243                  31050.0000  2574915         
   3620   585    27694.0000   477                  31050.0000  2582386         
   3623   586    27694.0000   515                  31050.0000  2590301         
   3630   591    27694.0000   476                  31050.0000  2595849         
   3640   585    27694.0000   556                  31050.0000  2602408         
Elapsed time = 2492.21 sec. (2236740.93 ticks, tree = 18.27 MB, solutions = 0)
   3644   589    27694.0000   505                  31050.0000  2605814         
   3653   594    infeasible                        31050.0000  2614353         
   3661   590    infeasible                        31050.0000  2620880         
   3664   589    infeasible                        31050.0000  2623027         
   3674   583    infeasible                        31050.0000  2628389         
   3679   584    27694.0000   488                  31050.0000  2631343         
   3681   586    27694.0000   541                  31050.0000  2636812         
   3685   584    27694.0000   478                  31050.0000  2639932         
   3688   583    27694.0000   661                  31050.0000  2645554         
   3689   584    27694.0000   626                  31050.0000  2652355         
Elapsed time = 2534.52 sec. (2284314.80 ticks, tree = 18.26 MB, solutions = 0)
   3691   584    27694.0000   550                  31050.0000  2657928         
   3694   583    infeasible                        31050.0000  2659906         
   3702   575    infeasible                        31050.0000  2663938         
   3705   574    27694.0000   581                  31050.0000  2669716         
   3713   567    32736.0000   473                  31050.0000  2675263         
   3715   568    32736.0000   461                  31050.0000  2677498         
   3718   571    32736.0000   605                  31050.0000  2681709         
   3720   573    32736.0000   486                  31050.0000  2687722         
   3722   575    32736.0000   466                  31050.0000  2689171         
   3731   584    32736.0000   518                  31050.0000  2691792         
Elapsed time = 2585.42 sec. (2343644.26 ticks, tree = 18.27 MB, solutions = 0)
   3738   589    32736.0000   510                  31050.0000  2697260         
   3745   592    27694.0000   540                  31050.0000  2705623         
   3754   599    27694.0000   509                  31050.0000  2714169         
   3758   603    27694.0000   514                  31050.0000  2720482         
   3773   616    30101.0000   469                  31050.0000  2724800         
   3784   617    27694.0000   572                  31050.0000  2731441         
   3804   631    infeasible                        31050.0000  2734546         
   3814   625    infeasible                        31050.0000  2749475         
   3821   632    27694.0000   557                  31050.0000  2759486         
   3832   631    29058.0000   504                  31050.0000  2770607         
Elapsed time = 2633.06 sec. (2400251.51 ticks, tree = 18.55 MB, solutions = 0)
   3843   620    infeasible                        31050.0000  2776436         
   3852   617    27694.0000   550                  31050.0000  2780182         
   3858   623    27694.0000   548                  31050.0000  2780205         
   3865   630    27694.0000   546                  31050.0000  2780766         
   3871   636    27694.0000   527                  31050.0000  2787464         
   3875   638    infeasible                        31050.0000  2799024         
   3876   639    27694.0000   656                  31050.0000  2812008         
   3877   640    27694.0000   569                  31050.0000  2825545         
   3880   639    27694.0000   494                  31050.0000  2837936         
   3883   638    27694.0000   480                  31050.0000  2847118         
Elapsed time = 2685.55 sec. (2465234.90 ticks, tree = 20.35 MB, solutions = 0)
   3889   634    infeasible                        31050.0000  2859403         
   3890   635    27829.3418   578                  31050.0000  2869475         
   3897   628    infeasible                        31050.0000  2875891         
   3899   628    27694.0000   552                  31050.0000  2878165         
   3902   627    27694.0000   536                  31050.0000  2886830         
   3909   634    27694.0000   400                  31050.0000  2901705         
   3927   648    35133.0000   236                  31050.0000  2907743         
   3934   643    33251.0000   464                  31050.0000  2915030         
   3940   639    33706.0000   531                  31050.0000  2927252         
   3956   650    29582.0000   712                  31050.0000  2941668         
Elapsed time = 2751.53 sec. (2545866.38 ticks, tree = 20.43 MB, solutions = 0)
   3969   647    infeasible                        31050.0000  2948734         
   3976   642    27709.4828   458                  31050.0000  2956052         
   3978   644    27709.4828   443                  31050.0000  2956183         
   3982   642    27709.4828   542                  31050.0000  2961888         
   3984   644    28394.0000   452                  31050.0000  2964024         
   3989   647    28444.0000   419                  31050.0000  2965957         
   3995   643    infeasible                        31050.0000  2974101         
   4003   647    30555.0000   495                  31050.0000  2977499         
   4025   667    30555.0000   303                  31050.0000  2982388         
   4037   673    27709.4828   559                  31050.0000  2987965         
Elapsed time = 2793.37 sec. (2590957.05 ticks, tree = 21.83 MB, solutions = 0)
   4050   680    27694.0000   643                  31050.0000  3007490         
   4053   679    27709.4828   524                  31050.0000  3014358         
   4064   685    31187.0000   570                  31050.0000  3021395         
   4075   695    31187.0000   368                  31050.0000  3033694         
   4082   700    31187.0000   287                  31050.0000  3041100         
   4092   708    31187.0000   309                  31050.0000  3052429         
   4112   720    33706.0000   215                  31050.0000  3063211         
   4124   716    infeasible                        31050.0000  3070407         
   4127   713    infeasible                        31050.0000  3075285         
   4129   715    30555.0000   526                  31050.0000  3081526         
Elapsed time = 2904.56 sec. (2661344.23 ticks, tree = 22.09 MB, solutions = 0)
   4130   716    30555.0000   541                  31050.0000  3085048         
   4138   724    30555.0000   547                  31050.0000  3085968         
   4153   736    33706.0000   237                  31050.0000  3093219         
   4167   740    27709.4828   668                  31050.0000  3112428         
   4193   766    29380.0000   312                  31050.0000  3121427         
   4194   767    29380.0000   362                  31050.0000  3129444         
   4206   777    30335.5000   345                  31050.0000  3140499         
   4219   776    30555.0000   705                  31050.0000  3160454         
   4241   798    30555.0000   302                  31050.0000  3167234         
   4251   805    30555.0000   394                  31050.0000  3174954         
Elapsed time = 2973.27 sec. (2717812.47 ticks, tree = 22.51 MB, solutions = 0)
   4257   811    30555.0000   372                  31050.0000  3182531         
   4275   821    infeasible                        31050.0000  3191491         
   4278   820    27694.0000   700                  31050.0000  3194422         
   4286   828    27694.0000   733                  31050.0000  3210225         
   4293   835    27694.0000   595                  31050.0000  3225053         
   4299   841    27694.0000   535                  31050.0000  3239754         
   4300   842    27694.0000   511                  31050.0000  3256461         
   4301   843    27694.0000   494                  31050.0000  3267897         
   4322   856    infeasible                        31050.0000  3276733         
   4333   851    27694.0000   630                  31050.0000  3299119         
Elapsed time = 3057.12 sec. (2804237.15 ticks, tree = 22.66 MB, solutions = 0)
   4334   852    28394.0000   569                  31050.0000  3311395         
   4343   861    28394.0000   401                  31050.0000  3319562         
   4352   862    27694.0000   580                  31050.0000  3328106         
   4356   862    27694.0000   462                  31050.0000  3351793         
   4361   859    infeasible                        31050.0000  3359754         
   4364   856    infeasible                        31050.0000  3368078         
   4367   855    27694.0000   609                  31050.0000  3387556         
   4368   856    27694.0000   571                  31050.0000  3396250         
   4371   859    27694.0000   663                  31050.0000  3409200         
   4386   867    infeasible                        31050.0000  3422046         
Elapsed time = 3202.99 sec. (2895030.30 ticks, tree = 22.77 MB, solutions = 0)
   4388   867    28394.0000   639                  31050.0000  3438711         
   4392   871    29058.0000   574                  31050.0000  3445521         
   4397   868    infeasible                        31050.0000  3453918         
   4402   865    27694.0000   717                  31050.0000  3472122         
   4407   869    28912.8889   398                  31050.0000  3473465         
   4413   875    28912.8889   421                  31050.0000  3474388         
   4424   880    27694.0000   723                  31050.0000  3489451         
   4433   889    27694.0000   727                  31050.0000  3508471         
   4434   890    27694.0000   687                  31050.0000  3515997         
   4435   891    27694.0000   655                  31050.0000  3526117         
Elapsed time = 3285.26 sec. (2993570.39 ticks, tree = 23.41 MB, solutions = 0)
   4442   898    28341.2000   566                  31050.0000  3542245         
   4462   910    29492.0000   442                  31050.0000  3548236         
   4471   907    infeasible                        31050.0000  3558288         
   4477   901    infeasible                        31050.0000  3566815         
   4484   896    27694.0000   686                  31050.0000  3578217         
   4490   890    infeasible                        31050.0000  3583361         
   4491   891    27694.0000   805                  31050.0000  3603720         
   4498   898    27694.0000   678                  31050.0000  3613661         
   4503   901    infeasible                        31050.0000  3616877         
   4508   896    infeasible                        31050.0000  3639515         
Elapsed time = 3391.96 sec. (3120109.63 ticks, tree = 23.71 MB, solutions = 0)
   4513   893    27694.0000   762                  31050.0000  3661253         
   4519   899    27694.0000   680                  31050.0000  3661672         
   4520   900    27694.0000   705                  31050.0000  3678458         
   4523   903    27694.0000   694                  31050.0000  3689422         
   4532   912    27694.0000   740                  31050.0000  3700756         
   4535   915    27694.0000   733                  31050.0000  3721599         
   4538   916    27960.8012   450                  31050.0000  3729506         
   4545   912    30217.0000   627                  31050.0000  3734817         
   4553   919    30217.0000   432                  31050.0000  3741607         
   4568   924    27694.0000   643                  31050.0000  3761208         
Elapsed time = 3478.88 sec. (3225344.96 ticks, tree = 24.37 MB, solutions = 0)
   4570   926    27694.0000   671                  31050.0000  3780469         
   4591   940    33251.0000   477                  31050.0000  3787913         
   4595   940    28394.0000   643                  31050.0000  3801459         
   4599   938    infeasible                        31050.0000  3807778         
   4600   939    27694.0000   669                  31050.0000  3820175         
   4606   945    32299.7360   412                  31050.0000  3835489         
   4613   946    27694.0000   648                  31050.0000  3847614         
   4621   950    infeasible                        31050.0000  3858775         
   4625   948    28394.0000   631                  31050.0000  3873310         
   4628   949    28394.0000   689                  31050.0000  3876577         
Elapsed time = 3580.72 sec. (3348112.73 ticks, tree = 25.66 MB, solutions = 0)
   4634   945    27694.0000   691                  31050.0000  3893353         
   4635   946    27694.0000   762                  31050.0000  3903562         
   4640   951    27694.0000   748                  31050.0000  3903669         
   4644   949    infeasible                        31050.0000  3908585         
   4649   946    28394.0000   670                  31050.0000  3925209         
   4651   946    28394.0000   665                  31050.0000  3930519         
   4654   949    28394.0000   641                  31050.0000  3935097         
   4660   949    28394.0000   675                  31050.0000  3955618         
   4669   950    infeasible                        31050.0000  3969086         
   4673   946    infeasible                        31050.0000  3973819         
Elapsed time = 3647.49 sec. (3425813.29 ticks, tree = 25.27 MB, solutions = 0)
   4675   945    infeasible                        31050.0000  3980125         
   4677   945    27694.0000   712                  31050.0000  3997919         
   4678   946    27694.0000   656                  31050.0000  4008016         
   4680   948    27694.0000   635                  31050.0000  4014661         
   4681   949    27694.0000   655                  31050.0000  4023190         
   4682   950    27694.0000   618                  31050.0000  4030766         
   4691   957    27694.0000   701                  31050.0000  4045327         
   4692   958    27694.0000   619                  31050.0000  4056720         
   4694   958    27694.0000   615                  31050.0000  4067319         
   4712   960    27694.0000   649                  31050.0000  4084307         
Elapsed time = 3705.68 sec. (3494871.04 ticks, tree = 25.73 MB, solutions = 0)
   4713   961    27694.0000   631                  31050.0000  4092590         
   4725   964    infeasible                        31050.0000  4099789         
   4729   962    27694.0000   578                  31050.0000  4112368         
   4732   961    infeasible                        31050.0000  4121858         
   4735   960    27694.0000   609                  31050.0000  4132524         
   4736   961    27694.0000   612                  31050.0000  4138092         
   4739   964    27694.0000   573                  31050.0000  4142324         
   4742   963    infeasible                        31050.0000  4144955         
   4749   956    infeasible                        31050.0000  4152814         
   4755   952    27694.0000   662                  31050.0000  4182392         
Elapsed time = 3786.14 sec. (3588451.84 ticks, tree = 25.06 MB, solutions = 0)
   4759   956    27694.0000   665                  31050.0000  4185564         
   4765   962    27694.0000   642                  31050.0000  4186117         
   4766   963    27694.0000   644                  31050.0000  4198879         
   4770   967    27694.0000   620                  31050.0000  4202316         
   4772   969    27694.0000   603                  31050.0000  4211965         
   4783   980    28265.3750   375                  31050.0000  4218519         
   4795   980    27694.0000   613                  31050.0000  4223549         
   4813   982    infeasible                        31050.0000  4230558         
   4817   978    infeasible                        31050.0000  4236660         
   4818   979    27694.0000   629                  31050.0000  4236669         
Elapsed time = 3833.78 sec. (3647596.86 ticks, tree = 25.22 MB, solutions = 0)
   4822   981    infeasible                        31050.0000  4242739         
   4829   983    30217.0000   554                  31050.0000  4246808         
   4834   984    infeasible                        31050.0000  4250156         
   4839   979    infeasible                        31050.0000  4256817         
   4842   978    27694.0000   648                  31050.0000  4263340         
   4843   979    27694.0000   635                  31050.0000  4272819         
   4847   983    27694.0000   618                  31050.0000  4274659         
   4849   985    27694.0000   620                  31050.0000  4280798         
   4850   986    27694.0000   649                  31050.0000  4286166         
   4854   990    27695.5435   715                  31050.0000  4287426         
Elapsed time = 3877.86 sec. (3700777.25 ticks, tree = 25.29 MB, solutions = 0)
   4864   993    infeasible                        31050.0000  4296150         
   4869   988    infeasible                        31050.0000  4303623         
   4873   984    infeasible                        31050.0000  4307746         
   4876   983    27694.0000   602                  31050.0000  4317810         
   4877   984    27694.0000   587                  31050.0000  4325889         
   4880   987    27694.0000   611                  31050.0000  4326069         
   4885   989    infeasible                        31050.0000  4330711         
   4889   987    27694.0000   637                  31050.0000  4340542         
   4895   990    32524.0000   327                  31050.0000  4345399         
   4901   988    infeasible                        31050.0000  4351338         
Elapsed time = 3928.00 sec. (3758985.52 ticks, tree = 25.41 MB, solutions = 0)
   4904   987    infeasible                        31050.0000  4357839         
   4906   989    27694.0000   621                  31050.0000  4365935         
   4909   990    infeasible                        31050.0000  4368704         
   4915   984    infeasible                        31050.0000  4378092         
   4920   982    30217.0000   519                  31050.0000  4383252         
   4926   979    infeasible                        31050.0000  4385440         
   4929   978    27694.0000   647                  31050.0000  4400011         
   4930   979    27694.0000   551                  31050.0000  4409593         
   4934   977    27694.0000   656                  31050.0000  4423380         
   4939   982    27694.0000   647                  31050.0000  4423662         
Elapsed time = 3985.92 sec. (3826906.42 ticks, tree = 25.24 MB, solutions = 0)
   4944   987    27694.0000   648                  31050.0000  4424854         
   4949   992    29148.9540   415                  31050.0000  4428765         
   4953   990    27694.0000   614                  31050.0000  4430175         
   4958   985    infeasible                        31050.0000  4437141         
   4961   984    27694.0000   666                  31050.0000  4446384         
   4964   985    27694.0000   678                  31050.0000  4454311         
   4969   980    infeasible                        31050.0000  4459342         
   4975   976    30101.0000   597                  31050.0000  4469629         
   4978   975    27694.0000   659                  31050.0000  4471850         
   4979   976    27694.0000   715                  31050.0000  4484612         
Elapsed time = 4035.18 sec. (3885060.86 ticks, tree = 25.20 MB, solutions = 0)
   4986   969    infeasible                        31050.0000  4493954         
   4991   965    29368.0000   612                  31050.0000  4505154         
   4996   965    infeasible                        31050.0000  4508531         
   5001   960    infeasible                        31050.0000  4515361         
   5002   960    32736.0000   614                  31050.0000  4525714         
   5007   964    32736.0000   530                  31050.0000  4526467         
   5012   968    32736.0000   528                  31050.0000  4528172         
   5017   972    32736.0000   274                  31050.0000  4529885         
   5022   977    32736.0000   277                  31050.0000  4530681         
   5028   977    infeasible                        31050.0000  4533385         
Elapsed time = 4071.30 sec. (3932113.58 ticks, tree = 24.97 MB, solutions = 0)
   5030   977    27694.0000   680                  31050.0000  4546276         
   5031   978    27694.0000   603                  31050.0000  4554534         
   5036   983    27694.0000   607                  31050.0000  4555562         
   5040   985    28293.4000   481                  31050.0000  4558791         
   5048   981    infeasible                        31050.0000  4563991         
   5052   977    infeasible                        31050.0000  4569383         
   5053   978    27694.0000   638                  31050.0000  4578795         
   5057   978    infeasible                        31050.0000  4585363         
   5060   977    27694.0000   861                  31050.0000  4601628         
   5065   982    27694.0000   831                  31050.0000  4602984         
Elapsed time = 4129.07 sec. (4002250.50 ticks, tree = 25.12 MB, solutions = 0)
   5070   987    27694.0000   831                  31050.0000  4605040         
   5088  1003    27694.0000   592                  31050.0000  4617367         
   5089  1004    27694.0000   625                  31050.0000  4629112         
   5090  1005    27694.0000   544                  31050.0000  4640570         
   5092  1007    27694.0000   531                  31050.0000  4654228         
   5093  1008    27694.0000   526                  31050.0000  4661207         
   5094  1009    27694.0000   539                  31050.0000  4671967         
   5097  1008    27694.0000   957                  31050.0000  4698232         
   5098  1009    27694.0000  1000                  31050.0000  4715886         
   5109  1020    27694.0000   849                  31050.0000  4733882         
Elapsed time = 4202.51 sec. (4090402.89 ticks, tree = 27.74 MB, solutions = 0)
   5110  1021    27694.0000   840                  31050.0000  4746991         
   5118  1029    27945.1702   577                  31050.0000  4753577         
   5146  1053    27694.0000   896                  31050.0000  4774540         
   5147  1054    27694.0000   869                  31050.0000  4786001         
   5160  1067    27694.0000   715                  31050.0000  4808428         
   5161  1068    27694.0000   666                  31050.0000  4818722         
   5168  1075    27967.7378   603                  31050.0000  4828410         
   5189  1093    31330.0000   548                  31050.0000  4835168         
   5198  1100    31330.0000   587                  31050.0000  4841967         
   5203  1103    31330.0000   555                  31050.0000  4851156         
Elapsed time = 4262.70 sec. (4161410.33 ticks, tree = 28.27 MB, solutions = 0)
   5212  1103    27949.1794   687                  31050.0000  4875191         
   5236  1119    31280.7766   546                  31050.0000  4882434         
   5259  1126    infeasible                        31050.0000  4892523         
   5269  1128    30101.0000   690                  31050.0000  4910858         
   5275  1132    30101.0000   481                  31050.0000  4919964         
   5285  1138    30101.0000   448                  31050.0000  4927780         
   5293  1143    35133.0000   251                  31050.0000  4936556         
   5299  1141    27694.0000   506                  31050.0000  4943520         
   5300  1142    27694.0000   620                  31050.0000  4957914         
   5301  1143    27694.0000   697                  31050.0000  4969595         
Elapsed time = 4327.60 sec. (4236414.39 ticks, tree = 28.51 MB, solutions = 0)
   5302  1144    27694.0000   687                  31050.0000  4976755         
   5318  1159    33065.0000   508                  31050.0000  4984891         
   5342  1170    35573.0000   516                  31050.0000  4998308         
   5363  1188    35573.0000   543                  31050.0000  5005271         
   5368  1191    35573.0000   474                  31050.0000  5012296         
   5374  1193    35573.0000   453                  31050.0000  5019398         
   5377  1190    infeasible                        31050.0000  5038348         
   5378  1191    27694.0000   805                  31050.0000  5049512         
   5379  1192    27694.0000   830                  31050.0000  5062547         
   5385  1198    29368.0000   569                  31050.0000  5070807         
Elapsed time = 4388.36 sec. (4306991.90 ticks, tree = 28.84 MB, solutions = 0)
   5400  1211    33706.0000   452                  31050.0000  5078230         
   5403  1210    35573.0000   534                  31050.0000  5090900         
   5426  1223    27694.0000   638                  31050.0000  5111289         
   5427  1224    27694.0000   669                  31050.0000  5119901         
   5428  1225    27694.0000   615                  31050.0000  5130978         
   5430  1227    27694.0000   569                  31050.0000  5145680         
   5431  1228    27694.0000   516                  31050.0000  5155913         
   5445  1242    29058.0000   543                  31050.0000  5164564         
   5474  1261    infeasible                        31050.0000  5171159         
   5488  1258    27694.0000   841                  31050.0000  5186699         
Elapsed time = 4442.77 sec. (4369848.85 ticks, tree = 29.19 MB, solutions = 0)
   5489  1259    27694.0000   778                  31050.0000  5197380         
   5490  1258    infeasible                        31050.0000  5212015         
   5491  1257    infeasible                        31050.0000  5220475         
   5492  1256    infeasible                        31050.0000  5228334         
   5494  1256    27694.0000   816                  31050.0000  5252952         
   5497  1259    27694.0000   767                  31050.0000  5268078         
   5509  1271    33706.0000   506                  31050.0000  5275308         
   5518  1274    33706.0000   472                  31050.0000  5285667         
   5528  1276    35573.0000   747                  31050.0000  5302171         
   5559  1297    35573.0000   705                  31050.0000  5321143         
Elapsed time = 4526.02 sec. (4465436.69 ticks, tree = 29.43 MB, solutions = 0)
   5577  1311    35573.0000   300                  31050.0000  5331248         
   5585  1311    27694.0000   558                  31050.0000  5342836         
   5586  1312    27694.0000   589                  31050.0000  5350857         
   5603  1323    32217.0000   512                  31050.0000  5358178         
   5618  1335    27694.0000   585                  31050.0000  5367838         
   5619  1336    27694.0000   599                  31050.0000  5375341         
   5620  1337    27694.0000   595                  31050.0000  5384605         
   5643  1346    27694.0000   593                  31050.0000  5399972         
   5646  1349    27694.0000   534                  31050.0000  5408778         
   5668  1366    33065.0000   463                  31050.0000  5415961         
Elapsed time = 4584.94 sec. (4534063.15 ticks, tree = 29.83 MB, solutions = 0)
   5685  1366    27694.0000   572                  31050.0000  5426758         
   5686  1367    27694.0000   572                  31050.0000  5433683         
   5690  1371    28394.0000   565                  31050.0000  5444355         
   5696  1375    infeasible                        31050.0000  5451758         
   5705  1376    infeasible                        31050.0000  5460441         
   5707  1376    27694.0000   588                  31050.0000  5471984         
   5708  1377    27694.0000   589                  31050.0000  5478823         
   5719  1380    27694.0000   567                  31050.0000  5491930         
   5727  1382    infeasible                        31050.0000  5500234         
   5744  1389    32938.0000   439                  31050.0000  5509342         
Elapsed time = 4632.95 sec. (4589180.48 ticks, tree = 29.97 MB, solutions = 0)
   5755  1388    27694.0000   818                  31050.0000  5521972         
   5759  1392    27694.0000   726                  31050.0000  5546679         
   5760  1393    27694.0000   756                  31050.0000  5555464         
   5761  1394    27694.0000   656                  31050.0000  5571443         
   5774  1406    28674.0000   557                  31050.0000  5577849         
   5795  1410    infeasible                        31050.0000  5589310         
   5798  1409    29338.0000   666                  31050.0000  5605166         
   5813  1420    33349.3532   479                  31050.0000  5612608         
   5817  1420    27694.0000   589                  31050.0000  5627018         
   5818  1421    27705.0000   577                  31050.0000  5637126         
Elapsed time = 4697.12 sec. (4662853.56 ticks, tree = 30.16 MB, solutions = 0)
   5829  1430    31887.0000   469                  31050.0000  5646530         
   5836  1433    35573.0000   553                  31050.0000  5661011         
   5851  1447    35573.0000   321                  31050.0000  5669379         
   5866  1454    27694.0000   729                  31050.0000  5689139         
   5867  1455    27694.0000   609                  31050.0000  5702765         
   5872  1460    27694.0000   668                  31050.0000  5714343         
   5882  1470    31887.0000   599                  31050.0000  5721647         
   5887  1472    29582.0000   539                  31050.0000  5730292         
   5904  1485    27694.0000   620                  31050.0000  5733698         
   5906  1487    27694.0000   603                  31050.0000  5748776         
Elapsed time = 4761.52 sec. (4734911.14 ticks, tree = 30.55 MB, solutions = 0)
   5916  1497    28394.0000   635                  31050.0000  5758104         
   5927  1502    27837.8821   669                  31050.0000  5772906         
   5936  1507    27705.0000   617                  31050.0000  5784716         
   5952  1507    infeasible                        31050.0000  5795035         
   5954  1507    29058.0000   600                  31050.0000  5805574         
   5957  1506    29368.0000   623                  31050.0000  5817800         
   5962  1503    29058.0000   567                  31050.0000  5833019         
   5965  1506    29058.0000   554                  31050.0000  5836246         
   5968  1509    29058.0000   507                  31050.0000  5839279         
   5970  1511    30734.0000   480                  31050.0000  5844258         
Elapsed time = 4816.77 sec. (4797454.12 ticks, tree = 30.69 MB, solutions = 0)
   5972  1513    30734.0000   459                  31050.0000  5844834         
   5979  1514    29058.0000   714                  31050.0000  5861663         
   5989  1524    29058.0000   544                  31050.0000  5865199         
   6005  1530    infeasible                        31050.0000  5874033         
   6006  1531    27694.0000   833                  31050.0000  5888829         
   6013  1538    27694.0000   854                  31050.0000  5899496         
   6023  1548    29582.0000   473                  31050.0000  5907162         
   6038  1561    31887.0000   494                  31050.0000  5917200         
   6040  1563    31887.0000   502                  31050.0000  5926444         
   6050  1567    27694.0000   826                  31050.0000  5944101         
Elapsed time = 4874.00 sec. (4861426.20 ticks, tree = 31.02 MB, solutions = 0)
   6051  1568    34406.0000   784                  31050.0000  5957889         
   6063  1578    34406.0000   482                  31050.0000  5964941         
   6066  1581    34406.0000   461                  31050.0000  5974473         
   6082  1593    34406.0000   438                  31050.0000  5981280         
   6117  1603    infeasible                        31050.0000  5996452         
   6118  1604    27694.0000   832                  31050.0000  6009155         
   6126  1610    32938.0000   582                  31050.0000  6019943         
   6140  1616    infeasible                        31050.0000  6040313         
   6143  1615    27694.0000   835                  31050.0000  6055479         
   6144  1616    27694.0000   794                  31050.0000  6068258         
Elapsed time = 4938.86 sec. (4935217.94 ticks, tree = 31.31 MB, solutions = 0)
   6145  1617    27694.0000   762                  31050.0000  6077512         
   6155  1625    29582.0000   493                  31050.0000  6087791         
   6170  1633    29582.0000   560                  31050.0000  6100048         
   6183  1641    infeasible                        31050.0000  6109223         
   6196  1652    infeasible                        31050.0000  6117192         
   6206  1658    32938.0000   494                  31050.0000  6127097         
   6211  1654    35573.0000   596                  31050.0000  6147076         
   6230  1668    35573.0000   264                  31050.0000  6157571         
   6237  1667    infeasible                        31050.0000  6170236         
   6240  1668    32938.0000   500                  31050.0000  6184239         
Elapsed time = 4989.75 sec. (4991569.61 ticks, tree = 31.63 MB, solutions = 0)
   6259  1679    infeasible                        31050.0000  6208279         
   6268  1683    32938.0000   520                  31050.0000  6223307         
   6286  1695    infeasible                        31050.0000  6230012         
   6288  1695    27694.0000   739                  31050.0000  6230655         
   6290  1695    32938.0000   541                  31050.0000  6243539         
   6309  1714    35119.0000   193                  31050.0000  6250210         
   6316  1713    35573.0000   645                  31050.0000  6265385         
   6322  1717    35573.0000   234                  31050.0000  6271316         
   6333  1720    27694.0000   779                  31050.0000  6282089         
   6334  1721    27694.0000   854                  31050.0000  6288697         
Elapsed time = 5050.69 sec. (5060097.57 ticks, tree = 31.94 MB, solutions = 0)
   6335  1722    27694.0000   892                  31050.0000  6300439         
   6336  1723    27694.0000   836                  31050.0000  6309373         
   6337  1724    27694.0000   859                  31050.0000  6316921         
   6340  1725    32938.0000   554                  31050.0000  6326253         
   6348  1724    34406.0000   777                  31050.0000  6341913         
   6357  1732    34406.0000   520                  31050.0000  6351377         
   6361  1734    34406.0000   475                  31050.0000  6360183         
   6374  1745    34406.0000   441                  31050.0000  6367196         
   6392  1755    32938.0000   485                  31050.0000  6379446         
   6421  1774    infeasible                        31050.0000  6384773         
Elapsed time = 5098.05 sec. (5113138.54 ticks, tree = 32.27 MB, solutions = 0)
   6424  1771    infeasible                        31050.0000  6404051         
   6425  1772    28394.0000   904                  31050.0000  6419470         
   6426  1773    29058.0000   819                  31050.0000  6426582         
   6427  1774    29058.0000   844                  31050.0000  6435867         
   6430  1777    29058.0000   789                  31050.0000  6449717         
   6441  1786    29058.0000   537                  31050.0000  6461441         
   6452  1790    33573.0000   730                  31050.0000  6475078         
   6473  1801    27694.0000   973                  31050.0000  6505178         
   6474  1801    33251.0000   766                  31050.0000  6522670         
   6494  1819    33251.0000   326                  31050.0000  6531239         
Elapsed time = 5174.07 sec. (5200671.34 ticks, tree = 32.54 MB, solutions = 0)
   6510  1829    30217.0000   766                  31050.0000  6543547         
   6511  1830    31395.0000   729                  31050.0000  6550989         
   6535  1852    31395.0000   509                  31050.0000  6557827         
   6539  1851    infeasible                        31050.0000  6567161         
   6542  1849    27870.6548   555                  31050.0000  6577781         
   6565  1872    31050.0000   555                  31050.0000  6586403         
   6574  1875    32736.0000   775                  31050.0000  6598720         
   6583  1883    32736.0000   781                  31050.0000  6604528         
   6590  1890    32736.0000   526                  31050.0000  6614540         
   6592  1892    32736.0000   557                  31050.0000  6623130         
Elapsed time = 5220.09 sec. (5252161.76 ticks, tree = 32.96 MB, solutions = 0)
   6601  1899    32736.0000   498                  31050.0000  6634559         
   6604  1902    32736.0000   509                  31050.0000  6642071         
   6617  1907    27694.0000   892                  31050.0000  6665607         
   6618  1908    27694.0000   904                  31050.0000  6679608         
   6619  1909    27694.0000   884                  31050.0000  6691269         
   6623  1913    27694.0000   932                  31050.0000  6701329         
   6637  1927    27967.7378   555                  31050.0000  6716534         
   6653  1943    28674.0000   582                  31050.0000  6723785         
   6678  1957    34406.0000   724                  31050.0000  6731037         
   6680  1959    34406.0000   744                  31050.0000  6741320         
Elapsed time = 5291.27 sec. (5334253.69 ticks, tree = 33.36 MB, solutions = 0)
   6694  1973    34406.0000   492                  31050.0000  6752497         
   6702  1973    35573.0000   601                  31050.0000  6777071         
   6718  1983    35573.0000   480                  31050.0000  6783667         
   6740  1991    35573.0000   463                  31050.0000  6797035         
   6744  1991    27694.0000  1030                  31050.0000  6813943         
   6752  1998    29338.0000   592                  31050.0000  6824213         
   6764  2006    32736.0000   502                  31050.0000  6834240         
   6789  2020    32736.0000   498                  31050.0000  6839715         
   6796  2023    infeasible                        31050.0000  6847611         
   6799  2026    32736.0000   483                  31050.0000  6854795         
Elapsed time = 5345.88 sec. (5395904.66 ticks, tree = 33.76 MB, solutions = 0)
   6818  2035    32736.0000   442                  31050.0000  6861975         
   6823  2035    33573.0000   866                  31050.0000  6878568         
   6841  2049    27694.0000   883                  31050.0000  6884286         
   6842  2050    27694.0000   890                  31050.0000  6899019         
   6843  2051    27694.0000   979                  31050.0000  6916024         
   6848  2056    27694.0000   620                  31050.0000  6934602         
   6849  2057    27694.0000   584                  31050.0000  6951374         
   6861  2063    infeasible                        31050.0000  6959513         
   6866  2066    29058.0000   518                  31050.0000  6968363         
   6869  2065    27694.0000   681                  31050.0000  6981095         
Elapsed time = 5421.65 sec. (5481792.66 ticks, tree = 34.08 MB, solutions = 0)
   6870  2066    27694.0000   598                  31050.0000  6989863         
   6894  2084    31777.0000   297                  31050.0000  6998570         
   6898  2082    27694.0000   612                  31050.0000  7015499         
   6899  2083    27694.0000   601                  31050.0000  7022828         
   6901  2085    27694.0000   543                  31050.0000  7036760         
   6925  2103    31050.0000   456                  31050.0000  7042240         
   6933  2105    27694.0000   586                  31050.0000  7052210         
   6943  2113    infeasible                        31050.0000  7058573         
   6947  2115    28555.7390   534                  31050.0000  7067454         
   6964  2124    31887.0000   483                  31050.0000  7075024         
Elapsed time = 5474.34 sec. (5542064.48 ticks, tree = 34.43 MB, solutions = 0)
   6974  2120    27694.0000   630                  31050.0000  7093146         
   6976  2122    28458.4507   593                  31050.0000  7102530         
   6984  2124    27694.0000   586                  31050.0000  7114524         
   6985  2123    infeasible                        31050.0000  7122767         
   6987  2123    27694.0000   536                  31050.0000  7133186         
   7007  2134    34406.0000   490                  31050.0000  7142662         
   7033  2148    34406.0000   552                  31050.0000  7156599         
   7043  2152    infeasible                        31050.0000  7164519         
   7045  2152    27694.0000   605                  31050.0000  7178168         
   7059  2162    28458.4507   603                  31050.0000  7199955         
Elapsed time = 5555.82 sec. (5635694.59 ticks, tree = 34.66 MB, solutions = 0)
   7070  2164    infeasible                        31050.0000  7211113         
   7081  2175    32250.5770   478                  31050.0000  7220363         
   7106  2178    infeasible                        31050.0000  7233816         
   7109  2175    infeasible                        31050.0000  7253473         
   7111  2174    29418.0000   772                  31050.0000  7264708         
   7127  2190    29648.0000   554                  31050.0000  7271458         
   7141  2194    29368.0000   728                  31050.0000  7279543         
   7166  2216    30101.0000   502                  31050.0000  7284853         
   7184  2224    34406.0000   776                  31050.0000  7299436         
   7189  2228    34406.0000   772                  31050.0000  7305491         
Elapsed time = 5606.19 sec. (5692148.02 ticks, tree = 35.05 MB, solutions = 0)
   7210  2245    34406.0000   576                  31050.0000  7314155         
   7224  2247    27694.0000   594                  31050.0000  7337966         
   7226  2249    27694.0000   586                  31050.0000  7351371         
   7231  2247    infeasible                        31050.0000  7361224         
   7232  2248    27694.0000   546                  31050.0000  7372815         
   7233  2249    27694.0000   516                  31050.0000  7383449         
   7236  2252    27694.0000   525                  31050.0000  7400336         
   7237  2253    27694.0000   526                  31050.0000  7410695         
   7238  2254    27694.0000   557                  31050.0000  7420304         
   7241  2251    infeasible                        31050.0000  7427495         
Elapsed time = 5681.77 sec. (5780809.10 ticks, tree = 34.94 MB, solutions = 0)
   7243  2251    27694.0000   586                  31050.0000  7442725         
   7244  2252    27694.0000   585                  31050.0000  7458040         
   7245  2253    27694.0000   573                  31050.0000  7475435         
   7256  2252    infeasible                        31050.0000  7484808         
   7261  2247    infeasible                        31050.0000  7499278         
   7270  2256    31050.0000   528                  31050.0000  7513863         
   7287  2264    32726.0000   270                  31050.0000  7521922         
   7296  2263    29058.0000   509                  31050.0000  7532967         
   7310  2271    27694.0000   571                  31050.0000  7553105         
   7311  2272    27694.0000   577                  31050.0000  7567508         
Elapsed time = 5775.70 sec. (5888445.90 ticks, tree = 34.94 MB, solutions = 0)
   7320  2275    27694.0000   559                  31050.0000  7591654         
   7328  2273    27694.0000   557                  31050.0000  7611675         
   7329  2273    36607.0000   329                  31050.0000  7622348         
   7335  2272    35573.0000   404                  31050.0000  7633565         
   7353  2286    35573.0000   505                  31050.0000  7651957         
   7384  2306    infeasible                        31050.0000  7660782         
   7387  2305    27694.0000   571                  31050.0000  7671609         
   7391  2309    27694.0000   668                  31050.0000  7686502         
   7407  2321    infeasible                        31050.0000  7693763         
   7409  2321    29058.0000   572                  31050.0000  7707094         
Elapsed time = 5872.03 sec. (6000040.37 ticks, tree = 35.23 MB, solutions = 0)
   7419  2327    infeasible                        31050.0000  7721712         
   7425  2327    29058.0000   514                  31050.0000  7728952         
   7428  2330    29058.0000   506                  31050.0000  7738469         
   7432  2330    27694.0000   646                  31050.0000  7747657         
   7453  2342    infeasible                        31050.0000  7758381         
   7458  2339    30101.0000   732                  31050.0000  7774402         
   7472  2353    30101.0000   531                  31050.0000  7786711         
   7493  2364    32726.0000   404                  31050.0000  7793099         
   7502  2359    infeasible                        31050.0000  7802267         
   7505  2358    29582.0000   716                  31050.0000  7827170         
Elapsed time = 5932.34 sec. (6069670.70 ticks, tree = 35.46 MB, solutions = 0)
   7508  2361    29582.0000   576                  31050.0000  7830237         
   7527  2374    31050.0000   804                  31050.0000  7836097         
   7544  2388    31750.0000   555                  31050.0000  7844957         
   7549  2391    31750.0000   465                  31050.0000  7852370         
   7550  2392    31750.0000   489                  31050.0000  7860421         
   7554  2388    infeasible                        31050.0000  7869272         
   7556  2388    27694.0000   775                  31050.0000  7891294         
   7561  2393    27694.0000   804                  31050.0000  7903013         
   7564  2394    27694.0000   508                  31050.0000  7920341         
   7565  2395    27694.0000   448                  31050.0000  7931140         
Elapsed time = 5997.22 sec. (6146419.13 ticks, tree = 35.29 MB, solutions = 0)
   7580  2398    infeasible                        31050.0000  7942395         
   7582  2396    infeasible                        31050.0000  7963360         
   7583  2397    27694.0000   824                  31050.0000  7979155         
   7584  2398    27694.0000   815                  31050.0000  7996288         
   7585  2399    27694.0000   855                  31050.0000  8009513         
   7592  2400    infeasible                        31050.0000  8022028         
   7594  2398    infeasible                        31050.0000  8042699         
   7596  2398    27694.0000   818                  31050.0000  8055212         
   7597  2399    27694.0000   803                  31050.0000  8066135         
   7599  2401    27694.0000   772                  31050.0000  8078738         
Elapsed time = 6084.59 sec. (6248644.82 ticks, tree = 35.33 MB, solutions = 0)
   7606  2400    infeasible                        31050.0000  8089628         
   7607  2401    27694.0000   792                  31050.0000  8089641         
   7613  2401    infeasible                        31050.0000  8098926         
   7617  2397    infeasible                        31050.0000  8116243         
   7619  2395    infeasible                        31050.0000  8128458         
   7621  2393    infeasible                        31050.0000  8143747         
   7623  2392    36130.0000   870                  31050.0000  8156480         
   7625  2390    infeasible                        31050.0000  8163859         
   7629  2388    27694.0000   828                  31050.0000  8179097         
   7630  2387    infeasible                        31050.0000  8190149         
Elapsed time = 6166.12 sec. (6344236.94 ticks, tree = 33.99 MB, solutions = 0)
   7631  2386    infeasible                        31050.0000  8199552         
   7633  2386    27694.0000   894                  31050.0000  8211433         
   7635  2388    27694.0000   813                  31050.0000  8218398         
   7656  2399    infeasible                        31050.0000  8229432         
   7657  2400    27694.0000   825                  31050.0000  8238401         
   7665  2398    infeasible                        31050.0000  8259035         
   7668  2397    28566.0000   462                  31050.0000  8265338         
   7672  2397    infeasible                        31050.0000  8266494         
   7675  2394    infeasible                        31050.0000  8270270         
   7676  2395    27694.0000   782                  31050.0000  8281610         
Elapsed time = 6238.54 sec. (6429193.63 ticks, tree = 33.78 MB, solutions = 0)
   7677  2396    27694.0000   974                  31050.0000  8295789         
   7679  2398    27694.0000   818                  31050.0000  8305229         
   7681  2398    27694.0000   741                  31050.0000  8313183         
   7683  2400    27694.0000   693                  31050.0000  8319052         
   7692  2409    27694.0000   558                  31050.0000  8325222         
   7693  2410    27694.0000   584                  31050.0000  8334478         
   7694  2411    27694.0000   593                  31050.0000  8342818         
   7695  2412    27694.0000   547                  31050.0000  8351339         
   7702  2418    35119.0000   282                  31050.0000  8361353         
   7709  2417    infeasible                        31050.0000  8370872         
Elapsed time = 6287.05 sec. (6486704.98 ticks, tree = 33.92 MB, solutions = 0)
   7721  2419    34406.0000   332                  31050.0000  8383456         
   7730  2420    27694.0000   505                  31050.0000  8394352         
   7740  2425    31447.0000   330                  31050.0000  8403068         
   7766  2428    27694.0000   553                  31050.0000  8418144         
   7769  2431    27694.0000   544                  31050.0000  8424596         
   7775  2429    27725.0000   588                  31050.0000  8434732         
   7779  2427    27694.0000   722                  31050.0000  8442143         
   7780  2428    27694.0000   732                  31050.0000  8449840         
   7786  2434    27694.0000   754                  31050.0000  8449973         
   7791  2439    27694.0000   605                  31050.0000  8462923         
Elapsed time = 6340.79 sec. (6549126.07 ticks, tree = 34.05 MB, solutions = 0)
   7794  2440    infeasible                        31050.0000  8470592         
   7806  2432    infeasible                        31050.0000  8480713         
   7809  2429    infeasible                        31050.0000  8489993         
   7814  2424    infeasible                        31050.0000  8498890         
   7816  2424    33251.0000   455                  31050.0000  8505787         
   7818  2426    33251.0000   461                  31050.0000  8506919         
   7822  2422    infeasible                        31050.0000  8510298         
   7823  2421    infeasible                        31050.0000  8518081         
   7824  2422    27694.0000   787                  31050.0000  8525602         
   7829  2427    27694.0000   773                  31050.0000  8525762         
Elapsed time = 6381.67 sec. (6594860.61 ticks, tree = 33.98 MB, solutions = 0)
   7833  2427    infeasible                        31050.0000  8534866         
   7836  2425    33573.0000   260                  31050.0000  8549748         
   7840  2423    infeasible                        31050.0000  8553120         
   7846  2417    infeasible                        31050.0000  8558305         
   7848  2417    27694.0000   894                  31050.0000  8576145         
   7854  2423    27694.0000   865                  31050.0000  8589305         
   7855  2424    33251.0000   661                  31050.0000  8603088         
   7860  2429    33251.0000   634                  31050.0000  8604783         
   7865  2434    33251.0000   311                  31050.0000  8607250         
   7870  2433    infeasible                        31050.0000  8608500         
Elapsed time = 6436.17 sec. (6659065.51 ticks, tree = 34.02 MB, solutions = 0)
   7872  2433    27694.0000   853                  31050.0000  8623586         
   7875  2436    27694.0000   811                  31050.0000  8635862         
   7892  2451    29582.0000   580                  31050.0000  8646294         
   7900  2455    infeasible                        31050.0000  8653756         
   7901  2456    27694.0000   873                  31050.0000  8673212         
   7914  2469    29582.0000   547                  31050.0000  8685698         
   7915  2470    29582.0000   530                  31050.0000  8693430         
   7916  2471    29582.0000   533                  31050.0000  8703105         
   7925  2472    27694.0000   792                  31050.0000  8717207         
   7926  2473    27694.0000   811                  31050.0000  8726509         
Elapsed time = 6519.38 sec. (6753454.67 ticks, tree = 34.12 MB, solutions = 0)
   7936  2483    29582.0000   455                  31050.0000  8736522         
   7951  2496    infeasible                        31050.0000  8744932         
   7953  2496    27694.0000   792                  31050.0000  8755991         
   7955  2496    infeasible                        31050.0000  8766002         
   7958  2495    27694.0000   862                  31050.0000  8787687         
   7966  2501    32938.0000   322                  31050.0000  8797945         
   7975  2504    infeasible                        31050.0000  8803331         
   7978  2502    35573.0000   369                  31050.0000  8817746         
   7991  2512    infeasible                        31050.0000  8823668         
   8007  2520    27694.0000   829                  31050.0000  8851502         
Elapsed time = 6590.91 sec. (6836365.85 ticks, tree = 34.41 MB, solutions = 0)
   8034  2535    27694.0000   865                  31050.0000  8895188         
   8043  2542    29582.0000   544                  31050.0000  8922328         
   8057  2536    infeasible                        31050.0000  8956175         
   8062  2531    infeasible                        31050.0000  8980805         
   8067  2534    35573.0000   284                  31050.0000  9000120         
   8099  2547    27694.0000   733                  31050.0000  9032730         
   8138  2561    infeasible                        31050.0000  9071753         
   8157  2572    34406.0000   691                  31050.0000  9101958         
   8197  2592    27694.0000   726                  31050.0000  9131875         
   8210  2603    35446.9809   383                  31050.0000  9161209         
Elapsed time = 6749.06 sec. (7019100.69 ticks, tree = 34.92 MB, solutions = 0)
   8220  2607    infeasible                        31050.0000  9188945         
   8230  2599    27694.0000   415                  31050.0000  9216585         
   8237  2606    27694.0000   458                  31050.0000  9237686         
   8246  2609    27694.0000   463                  31050.0000  9267507         
   8257  2616    27768.7516   453                  31050.0000  9301410         
   8283  2601    27741.0573   509                  31050.0000  9348215         
   8296  2609    29582.0000   584                  31050.0000  9372158         
   8301  2608    29058.0000   797                  31050.0000  9398692         
   8315  2612    infeasible                        31050.0000  9428929         
   8317  2612    27694.0000   944                  31050.0000  9460900         
Elapsed time = 6945.14 sec. (7252070.55 ticks, tree = 34.85 MB, solutions = 0)
   8326  2620    28394.0000   834                  31050.0000  9485817         
   8358  2645    27694.0000   786                  31050.0000  9517648         
   8363  2646    infeasible                        31050.0000  9546750         
   8366  2646    33251.0000   672                  31050.0000  9564601         
   8386  2660    36607.0000   235                  31050.0000  9594328         
   8404  2671    27694.0000   652                  31050.0000  9610900         
   8435  2696    36607.0000   272                  31050.0000  9641651         
   8444  2699    33706.0000   494                  31050.0000  9661247         
   8472  2717    35573.0000   271                  31050.0000  9690059         
   8498  2728    27694.0000   838                  31050.0000  9715694         
Elapsed time = 7104.99 sec. (7433843.56 ticks, tree = 35.57 MB, solutions = 0)
   8520  2743    35573.0000   297                  31050.0000  9743787         
   8535  2744    27694.0000   821                  31050.0000  9783317         
   8536  2745    27694.0000   906                  31050.0000  9805980         
   8538  2747    27694.0000   851                  31050.0000  9843397         
   8561  2768    27694.0000   598                  31050.0000  9872861         
   8581  2774    31887.0000   544                  31050.0000  9903634         
   8589  2778    27694.0000   716                  31050.0000  9922112         
   8600  2785    27694.0000   638                  31050.0000  9954455         
   8602  2787    27694.0000   638                  31050.0000  9978984         
   8625  2798    33251.0000   361                  31050.0000 10007452         
Elapsed time = 7280.66 sec. (7639377.11 ticks, tree = 35.99 MB, solutions = 0)
   8631  2800    27694.0000   690                  31050.0000 10021045         
   8643  2800    27694.0000   722                  31050.0000 10053428         
   8654  2795    27694.0000   717                  31050.0000 10082089         
   8657  2794    infeasible                        31050.0000 10106608         
   8667  2790    27694.0000   695                  31050.0000 10128185         
   8676  2791    27694.0000   687                  31050.0000 10151208         
   8685  2794    27694.0000   813                  31050.0000 10170493         
   8720  2822    27694.0000   828                  31050.0000 10196176         
   8732  2834    27694.0000   845                  31050.0000 10227754         
   8765  2855    34456.0000   260                  31050.0000 10256379         
Elapsed time = 7464.94 sec. (7855993.36 ticks, tree = 36.32 MB, solutions = 0)
   8773  2851    27694.0000   911                  31050.0000 10288887         
   8809  2877    infeasible                        31050.0000 10331796         
   8810  2878    27694.0000   812                  31050.0000 10341040         
   8820  2880    27694.0000   856                  31050.0000 10369771         
   8833  2893    27694.0000   857                  31050.0000 10392320         
   8851  2901    infeasible                        31050.0000 10421020         
   8854  2902    29582.0000   539                  31050.0000 10446182         
   8856  2904    29582.0000   646                  31050.0000 10470507         
   8860  2908    29582.0000   570                  31050.0000 10509916         
   8869  2915    29582.0000   513                  31050.0000 10534828         
Elapsed time = 7622.52 sec. (8038824.13 ticks, tree = 36.67 MB, solutions = 0)
   8908  2925    27694.0000   823                  31050.0000 10566338         
   8925  2938    infeasible                        31050.0000 10588875         
   8950  2945    33251.0000   337                  31050.0000 10618214         
   8986  2962    27694.0000   933                  31050.0000 10662357         
   8999  2973    27694.0000   624                  31050.0000 10696271         
   9003  2971    27694.0000   598                  31050.0000 10712556         
   9013  2972    31381.0203   514                  31050.0000 10739165         
   9016  2971    27694.0000   657                  31050.0000 10755927         
   9032  2975    infeasible                        31050.0000 10785019         
   9035  2976    27694.0000   617                  31050.0000 10808712         
Elapsed time = 7795.52 sec. (8241756.46 ticks, tree = 37.03 MB, solutions = 0)
   9041  2982    27694.0000   754                  31050.0000 10841495         
   9065  2980    infeasible                        31050.0000 10869247         
   9079  2978    27791.3374   440                  31050.0000 10885787         
   9091  2980    infeasible                        31050.0000 10910923         
   9098  2975    35573.0000   505                  31050.0000 10940992         
   9114  2985    27694.0000   851                  31050.0000 10968537         
   9133  2994    27694.0000   752                  31050.0000 11007787         
   9159  3008    27694.0000   642                  31050.0000 11042040         
   9169  3014    33698.5000   517                  31050.0000 11072776         
   9184  3009    31754.5149   275                  31050.0000 11101872         
Elapsed time = 7953.93 sec. (8423671.07 ticks, tree = 37.24 MB, solutions = 0)
   9207  3010    35573.0000   368                  31050.0000 11131645         
   9226  3014    33251.0000   686                  31050.0000 11162600         
   9244  3028    29582.0000   515                  31050.0000 11194792         
   9251  3029    infeasible                        31050.0000 11221262         
   9281  3043    27709.8499   890                  31050.0000 11255433         
   9303  3055    31044.0000   609                  31050.0000 11284421         
   9327  3066    35573.0000   338                  31050.0000 11311863         
   9358  3069    32938.0000   381                  31050.0000 11349620         
   9374  3075    infeasible                        31050.0000 11381282         
   9396  3093    33573.0000   400                  31050.0000 11408070         
Elapsed time = 8123.19 sec. (8616684.16 ticks, tree = 37.76 MB, solutions = 0)
   9427  3102    34406.0000   511                  31050.0000 11438641         
   9449  3110    27709.8499   924                  31050.0000 11481598         
   9473  3115    30696.0000   543                  31050.0000 11517389         
   9481  3108    35573.0000   646                  31050.0000 11551485         
   9523  3147    35573.0000   246                  31050.0000 11573807         
   9550  3153    27709.8499  1004                  31050.0000 11630637         
   9571  3172    31607.0000   619                  31050.0000 11660556         
   9624  3202    infeasible                        31050.0000 11698013         
   9626  3202    27694.0000   866                  31050.0000 11710782         
   9646  3220    28394.0000   734                  31050.0000 11739067         
Elapsed time = 8306.77 sec. (8822733.91 ticks, tree = 38.51 MB, solutions = 0)
   9667  3237    28394.0000   964                  31050.0000 11763339         
   9685  3255    28394.0000   793                  31050.0000 11794257         
   9727  3277    27694.0000   927                  31050.0000 11829915         
   9735  3285    27694.0000   927                  31050.0000 11855784         
   9737  3287    27694.0000  1100                  31050.0000 11884961         
   9765  3305    35573.0000   688                  31050.0000 11917789         
   9800  3333    34406.0000   807                  31050.0000 11953005         
   9816  3344    32736.0000   928                  31050.0000 11988000         
   9834  3355    infeasible                        31050.0000 12018075         
   9837  3354    27694.0000  1029                  31050.0000 12035944         
Elapsed time = 8476.13 sec. (9012786.41 ticks, tree = 39.32 MB, solutions = 0)
   9853  3352    29058.0000   614                  31050.0000 12076345         
   9888  3368    27694.0000   937                  31050.0000 12104298         
   9893  3373    28531.0000   818                  31050.0000 12133818         
   9914  3388    29058.0000   911                  31050.0000 12161315         
   9924  3392    30217.0000   811                  31050.0000 12195067         
   9949  3407    29058.0000   856                  31050.0000 12227918         
   9960  3412    30217.0000   852                  31050.0000 12266379         
   9982  3426    29058.0000   852                  31050.0000 12298831         
   9991  3431    27694.0000  1034                  31050.0000 12326246         
  10000  3440    28394.0000   836                  31050.0000 12348749         
Elapsed time = 8652.69 sec. (9213642.53 ticks, tree = 39.84 MB, solutions = 0)
  10018  3456    29876.0000   274                  31050.0000 12377580         
  10028  3460    28394.0000   802                  31050.0000 12402153         
  10036  3468    28394.0000   849                  31050.0000 12428219         
  10047  3475    29099.5864   584                  31050.0000 12455389         
  10065  3489    31607.0000   584                  31050.0000 12480486         
  10081  3495    27709.8499   909                  31050.0000 12515754         
  10094  3502    27709.8499   889                  31050.0000 12546248         
  10106  3506    infeasible                        31050.0000 12575845         
  10108  3505    35573.0000   764                  31050.0000 12602956         
  10124  3516    27694.0000   643                  31050.0000 12639635         
Elapsed time = 8824.29 sec. (9397800.50 ticks, tree = 40.29 MB, solutions = 0)
  10155  3541    27694.0000   681                  31050.0000 12666867         
  10171  3551    29058.0000   671                  31050.0000 12699741         
  10190  3564    27694.0000   678                  31050.0000 12727525         
  10222  3580    infeasible                        31050.0000 12759314         
  10236  3594    31050.0000   531                  31050.0000 12787802         
  10250  3604    31050.0000   584                  31050.0000 12820523         
  10256  3604    27694.0000   710                  31050.0000 12848281         
  10278  3613    32938.0000   568                  31050.0000 12875827         
  10301  3627    27694.0000   681                  31050.0000 12910769         
  10313  3631    27694.0000   739                  31050.0000 12944544         
Elapsed time = 9001.26 sec. (9595800.95 ticks, tree = 41.00 MB, solutions = 0)
  10318  3636    28394.0000   646                  31050.0000 12971738         
  10333  3641    27694.0000   711                  31050.0000 12993425         
  10343  3643    27694.0000   643                  31050.0000 13024933         
  10349  3649    27694.0000   603                  31050.0000 13052926         
  10398  3688    30101.0000   522                  31050.0000 13082920         
  10414  3700    28531.0000   599                  31050.0000 13114643         
  10438  3716    29058.0000   610                  31050.0000 13148495         
  10468  3736    32938.0000   529                  31050.0000 13177767         
  10517  3771    35119.0000   180                  31050.0000 13207556         
  10534  3780    30101.0000   572                  31050.0000 13240692         
Elapsed time = 9154.52 sec. (9767820.24 ticks, tree = 41.90 MB, solutions = 0)
  10553  3787    29058.0000   570                  31050.0000 13270534         
  10591  3813    27694.0000   649                  31050.0000 13306884         
  10616  3831    27694.0000   621                  31050.0000 13335554         
  10641  3846    30350.0000   489                  31050.0000 13363232         
  10667  3864    31198.3519   418                  31050.0000 13398816         
  10705  3880    29058.0000   551                  31050.0000 13432951         
  10710  3885    29058.0000   558                  31050.0000 13460659         
  10730  3899    31050.0000   284                  31050.0000 13491440         
  10736  3899    35573.0000   667                  31050.0000 13518872         
  10800  3955    27694.0000   875                  31050.0000 13554342         
Elapsed time = 9308.71 sec. (9942418.44 ticks, tree = 42.97 MB, solutions = 0)
  10803  3958    27694.0000   836                  31050.0000 13587779         
  10813  3968    27694.0000   823                  31050.0000 13613957         
  10830  3983    27694.0000   769                  31050.0000 13649240         
  10832  3985    27694.0000   734                  31050.0000 13678868         
  10835  3986    27694.0000   628                  31050.0000 13706359         
  10839  3988    27694.0000   614                  31050.0000 13732263         
  10852  3989    infeasible                        31050.0000 13750031         
  10854  3989    27694.0000   651                  31050.0000 13765857         
  10856  3991    27694.0000   585                  31050.0000 13793943         
  10861  3994    27694.0000   617                  31050.0000 13820702         
Elapsed time = 9467.81 sec. (10126052.11 ticks, tree = 43.19 MB, solutions = 0)
  10885  4004    27694.0000   640                  31050.0000 13850078         
  10902  4013    34406.0000   521                  31050.0000 13877893         
  10926  4011    infeasible                        31050.0000 13909763         
  10948  4020    infeasible                        31050.0000 13938385         
  10966  4034    31050.0000   553                  31050.0000 13963522         
  10981  4037    27694.0000   841                  31050.0000 13982088         
  10989  4045    27694.0000   752                  31050.0000 14006393         
  10995  4051    27824.0000   561                  31050.0000 14037097         
  11025  4059    27694.0000   805                  31050.0000 14074058         
  11028  4062    31605.1773   577                  31050.0000 14101048         
Elapsed time = 9612.01 sec. (10290822.13 ticks, tree = 43.60 MB, solutions = 0)
  11049  4069    27694.0000   771                  31050.0000 14127150         
  11062  4078    27694.0000   801                  31050.0000 14158487         
  11070  4086    29582.0000   547                  31050.0000 14188824         
  11087  4088    35573.0000   645                  31050.0000 14229316         
  11122  4101    infeasible                        31050.0000 14265421         
  11133  4106    28537.0000   387                  31050.0000 14287370         
  11148  4109    27709.8499   941                  31050.0000 14319743         
  11157  4107    infeasible                        31050.0000 14353795         
  11164  4104    34751.0000   604                  31050.0000 14377910         
  11173  4109    27694.0000   804                  31050.0000 14393514         
Elapsed time = 9780.94 sec. (10480058.00 ticks, tree = 44.03 MB, solutions = 0)
  11183  4117    29368.0000   603                  31050.0000 14426692         
  11221  4135    28546.0000   412                  31050.0000 14457321         
  11251  4148    27694.0000   766                  31050.0000 14488835         
  11272  4159    34406.0000   898                  31050.0000 14520610         
  11288  4169    27694.0000   802                  31050.0000 14551717         
  11290  4171    27694.0000   815                  31050.0000 14576238         
  11300  4179    27694.0000   657                  31050.0000 14605848         
  11333  4194    27694.0000   715                  31050.0000 14638689         
  11363  4207    27694.0000   603                  31050.0000 14666422         
  11383  4206    27956.0000   655                  31050.0000 14696111         
Elapsed time = 9948.44 sec. (10671595.45 ticks, tree = 44.62 MB, solutions = 0)
  11392  4201    infeasible                        31050.0000 14720256         
  11393  4202    27694.0000   828                  31050.0000 14731232         
  11418  4209    31280.9454   792                  31050.0000 14768417         
  11446  4218    35573.0000   655                  31050.0000 14803415         
  11472  4218    infeasible                        31050.0000 14834833         
  11473  4219    27694.0000   871                  31050.0000 14848390         
  11478  4224    27694.0000   839                  31050.0000 14869248         
  11488  4234    27694.0000   787                  31050.0000 14897870         
  11530  4251    27694.0000   555                  31050.0000 14926916         
  11548  4254    27694.0000   765                  31050.0000 14950541         
Elapsed time = 10107.09 sec. (10854676.20 ticks, tree = 44.91 MB, solutions = 0)
  11565  4271    27694.0000   670                  31050.0000 14979744         
  11574  4276    infeasible                        31050.0000 15008685         
  11587  4273    29582.0000   664                  31050.0000 15035251         
  11606  4283    27694.0000   720                  31050.0000 15064274         
  11611  4288    27694.0000   710                  31050.0000 15096990         
  11627  4288    27694.0000   684                  31050.0000 15110834         
  11636  4289    28670.2903   624                  31050.0000 15149336         
  11644  4287    27694.0000   682                  31050.0000 15165449         
  11662  4287    27694.0000   791                  31050.0000 15194398         
  11666  4291    27694.0000   872                  31050.0000 15227219         
Elapsed time = 10269.84 sec. (11043296.05 ticks, tree = 45.13 MB, solutions = 0)
  11682  4295    infeasible                        31050.0000 15255831         
  11683  4296    27694.0000   838                  31050.0000 15267504         
  11696  4309    33706.0000   553                  31050.0000 15295823         
  11737  4335    31050.0000   542                  31050.0000 15328527         
  11764  4354    30350.0000   388                  31050.0000 15364529         
  11790  4370    29380.0000   736                  31050.0000 15396048         
  11801  4381    29380.0000   662                  31050.0000 15424569         
  11810  4388    29380.0000   519                  31050.0000 15455647         
  11817  4387    27694.0000   788                  31050.0000 15472852         
  11833  4399    27694.0000   560                  31050.0000 15500876         
Elapsed time = 10418.67 sec. (11215867.94 ticks, tree = 45.80 MB, solutions = 0)
  11863  4401    29582.0000   497                  31050.0000 15523815         
  11876  4409    27694.0000   817                  31050.0000 15539115         
  11881  4413    27694.0000   667                  31050.0000 15570657         
  11896  4418    27694.0000   752                  31050.0000 15601893         
  11921  4421    27793.3184   573                  31050.0000 15637839         
  11934  4429    27694.0000   834                  31050.0000 15649852         
  11949  4440    29582.0000   584                  31050.0000 15677681         
  11971  4450    infeasible                        31050.0000 15695445         
  11989  4442    infeasible                        31050.0000 15732128         
  12001  4446    27694.0000   807                  31050.0000 15771931         
Elapsed time = 10575.96 sec. (11400482.34 ticks, tree = 46.09 MB, solutions = 0)
  12032  4469    31050.0000   494                  31050.0000 15803386         
  12051  4473    27694.0000   905                  31050.0000 15840235         
  12066  4480    27694.0000   936                  31050.0000 15865159         
  12096  4488    infeasible                        31050.0000 15898755         
  12108  4484    29380.0000   421                  31050.0000 15928216         
  12122  4492    27694.0000   855                  31050.0000 15951182         
  12151  4496    29649.7399   470                  31050.0000 15986985         
  12166  4505    27694.0000   771                  31050.0000 16004121         
  12170  4509    27694.0000   718                  31050.0000 16040236         
  12184  4518    27694.0000   682                  31050.0000 16059270         
Elapsed time = 10759.12 sec. (11611063.88 ticks, tree = 46.55 MB, solutions = 0)
  12204  4520    infeasible                        31050.0000 16094419         
  12216  4522    35573.0000   429                  31050.0000 16130637         
  12231  4529    29380.0000   895                  31050.0000 16153733         
  12237  4535    29380.0000   795                  31050.0000 16176990         
  12258  4551    33251.0000   643                  31050.0000 16212036         
  12285  4570    27694.0000  1032                  31050.0000 16248859         
  12293  4578    27694.0000   866                  31050.0000 16275320         
  12320  4596    29380.0000   796                  31050.0000 16299130         
  12325  4600    29380.0000   764                  31050.0000 16335038         
  12340  4606    33573.0000   549                  31050.0000 16369207         
Elapsed time = 10937.59 sec. (11813649.92 ticks, tree = 47.08 MB, solutions = 0)
  12373  4629    27694.0000   931                  31050.0000 16397475         
  12403  4645    infeasible                        31050.0000 16429411         
  12435  4657    27694.0000   794                  31050.0000 16469142         
  12468  4671    29010.4484   513                  31050.0000 16503120         
  12487  4679    33706.0000   639                  31050.0000 16523566         
  12520  4693    infeasible                        31050.0000 16549430         
  12528  4697    27694.0000   818                  31050.0000 16565938         
  12559  4702    28691.0000   507                  31050.0000 16597789         
  12576  4703    30546.0000   340                  31050.0000 16625311         
* 12600+ 4659                        36716.0000    31050.0000            15.43%
* 12603  4590      integral     0    36406.0000    31050.0000 16627726   14.71%
  12606  4590    27694.0000   862    36406.0000    31050.0000 16640091   14.71%
Elapsed time = 11091.75 sec. (11988191.69 ticks, tree = 46.91 MB, solutions = 2)
  12622  4594    infeasible          36406.0000    31050.0000 16669072   14.71%
  12624  4594    27694.0000   895    36406.0000    31050.0000 16690581   14.71%
  12627  4597    27694.0000   933    36406.0000    31050.0000 16715798   14.71%
* 12656  4595      integral     0    36362.0000    31050.0000 16740568   14.61%
  12657  4594        cutoff          36362.0000    31050.0000 16743283   14.61%
  12687  4610    35947.0000    93    36362.0000    31050.0000 16765444   14.61%
  12703  4608    33706.0000   591    36362.0000    31050.0000 16792000   14.61%
  12713  4607    27694.0000   670    36362.0000    31050.0000 16814995   14.61%
  12729  4615        cutoff          36362.0000    31050.0000 16844565   14.61%
  12743  4605    27694.0000   820    36362.0000    31050.0000 16864496   14.61%
  12757  4603    27694.0000   856    36362.0000    31050.0000 16889352   14.61%
Elapsed time = 11252.39 sec. (12168079.64 ticks, tree = 46.99 MB, solutions = 3)
  12770  4609    31750.0000   363    36362.0000    31050.0000 16916900   14.61%
  12787  4607        cutoff          36362.0000    31050.0000 16935480   14.61%
  12791  4611    27694.0000   629    36362.0000    31050.0000 16943654   14.61%
  12798  4610    27694.0000   603    36362.0000    31050.0000 16953036   14.61%
  12806  4608    35573.0000   500    36362.0000    31050.0000 16977402   14.61%
  12816  4606    27694.0000   819    36362.0000    31050.0000 17005520   14.61%
  12832  4609    29380.0000   778    36362.0000    31050.0000 17028869   14.61%
  12840  4611    34406.0000   185    36362.0000    31050.0000 17053041   14.61%
  12848  4615    27694.0000   999    36362.0000    31050.0000 17065166   14.61%
  12859  4613    27860.1384   449    36362.0000    31050.0000 17095532   14.61%
Elapsed time = 11408.80 sec. (12340868.32 ticks, tree = 47.07 MB, solutions = 3)
  12881  4618    35573.0000   515    36362.0000    31050.0000 17124937   14.61%
  12895  4617    28548.5000   476    36362.0000    31050.0000 17154403   14.61%
  12902  4619    34406.0000   780    36362.0000    31050.0000 17173812   14.61%
  12916  4629    27694.0000   853    36362.0000    31050.0000 17193922   14.61%
  12937  4629    infeasible          36362.0000    31050.0000 17220462   14.61%
  12952  4628        cutoff          36362.0000    31050.0000 17247641   14.61%
  12956  4627    27694.0000   832    36362.0000    31050.0000 17267340   14.61%
  12961  4631    34814.0000   484    36362.0000    31050.0000 17292758   14.61%
  12971  4629        cutoff          36362.0000    31050.0000 17329551   14.61%
  12981  4627    28083.7778   499    36362.0000    31050.0000 17361341   14.61%
Elapsed time = 11573.13 sec. (12525159.21 ticks, tree = 47.18 MB, solutions = 3)
  12986  4626    27694.0000   948    36362.0000    31050.0000 17394107   14.61%
  12995  4627        cutoff          36362.0000    31050.0000 17419961   14.61%
  13000  4624    33573.0000   443    36362.0000    31050.0000 17449090   14.61%
  13004  4622    27694.0000  1003    36362.0000    31050.0000 17471055   14.61%
  13009  4627    27694.0000   701    36362.0000    31050.0000 17494083   14.61%
  13017  4629        cutoff          36362.0000    31050.0000 17517276   14.61%
  13026  4624    infeasible          36362.0000    31050.0000 17548852   14.61%
  13031  4621    27694.0000   895    36362.0000    31050.0000 17581875   14.61%
  13038  4628    27694.0000   832    36362.0000    31050.0000 17605847   14.61%
  13047  4625    27694.0000   940    36362.0000    31050.0000 17652379   14.61%
Elapsed time = 11778.51 sec. (12756686.49 ticks, tree = 47.17 MB, solutions = 3)
  13052  4626    27694.0000   849    36362.0000    31050.0000 17674099   14.61%
  13060  4624    27694.0000   953    36362.0000    31050.0000 17706680   14.61%
  13067  4631    27694.0000   932    36362.0000    31050.0000 17726581   14.61%
  13078  4639    27694.0000   879    36362.0000    31050.0000 17747191   14.61%
  13090  4633    infeasible          36362.0000    31050.0000 17778987   14.61%
  13092  4635    27694.0000   901    36362.0000    31050.0000 17792524   14.61%
  13101  4634    27694.0000   917    36362.0000    31050.0000 17815031   14.61%
  13106  4637    27694.0000   921    36362.0000    31050.0000 17833904   14.61%
  13120  4624    infeasible          36362.0000    31050.0000 17882772   14.61%
  13125  4621    27694.0000  1047    36362.0000    31050.0000 17908651   14.61%
Elapsed time = 11960.71 sec. (12963468.42 ticks, tree = 47.15 MB, solutions = 3)
  13136  4621    29380.0000   908    36362.0000    31050.0000 17934205   14.61%
  13139  4624    29380.0000   766    36362.0000    31050.0000 17954426   14.61%
  13146  4631    29380.0000   770    36362.0000    31050.0000 17955452   14.61%
  13152  4631    34406.0000  1068    36362.0000    31050.0000 17980933   14.61%
  13159  4630    27694.0000   996    36362.0000    31050.0000 18006383   14.61%
  13174  4625    30554.3863   477    36362.0000    31050.0000 18033153   14.61%
  13180  4625    27694.0000   773    36362.0000    31050.0000 18051612   14.61%
  13196  4621    32217.0000   532    36362.0000    31050.0000 18073888   14.61%
  13201  4622    27694.0000   660    36362.0000    31050.0000 18083312   14.61%
  13206  4619    infeasible          36362.0000    31050.0000 18100132   14.61%
Elapsed time = 12123.56 sec. (13150464.52 ticks, tree = 47.14 MB, solutions = 3)
  13211  4622    27694.0000   725    36362.0000    31050.0000 18112538   14.61%
  13221  4620    27694.0000   649    36362.0000    31050.0000 18128978   14.61%
  13235  4616    27694.0000   711    36362.0000    31050.0000 18150313   14.61%
  13251  4616    27694.0000   780    36362.0000    31050.0000 18170910   14.61%
  13269  4612        cutoff          36362.0000    31050.0000 18194522   14.61%
  13277  4611    27694.0000   965    36362.0000    31050.0000 18217152   14.61%
  13285  4619    27694.0000   861    36362.0000    31050.0000 18241732   14.61%
  13293  4621    33251.0000   548    36362.0000    31050.0000 18271776   14.61%
  13310  4623    33706.0000   607    36362.0000    31050.0000 18297590   14.61%
  13325  4624    27694.0000   903    36362.0000    31050.0000 18314012   14.61%
Elapsed time = 12286.29 sec. (13332750.92 ticks, tree = 47.18 MB, solutions = 3)
  13339  4625    27694.0000   867    36362.0000    31050.0000 18334648   14.61%
  13343  4629    27694.0000   896    36362.0000    31050.0000 18364883   14.61%
  13348  4634    27694.0000   774    36362.0000    31050.0000 18386463   14.61%
  13357  4633    27694.0000   715    36362.0000    31050.0000 18397934   14.61%
  13360  4632    27694.0000   878    36362.0000    31050.0000 18414958   14.61%
  13364  4636    27694.0000   726    36362.0000    31050.0000 18441135   14.61%
  13377  4637    27710.1443   856    36362.0000    31050.0000 18472779   14.61%
  13393  4643    33251.0000   747    36362.0000    31050.0000 18505129   14.61%
  13403  4636        cutoff          36362.0000    31050.0000 18528322   14.61%
  13409  4633    infeasible          36362.0000    31050.0000 18548374   14.61%
Elapsed time = 12450.64 sec. (13516912.39 ticks, tree = 47.26 MB, solutions = 3)
  13415  4627        cutoff          36362.0000    31050.0000 18572876   14.61%
  13421  4624    27694.0000  1070    36362.0000    31050.0000 18610932   14.61%
  13423  4626    27694.0000   941    36362.0000    31050.0000 18634937   14.61%
  13436  4629    34406.0000   790    36362.0000    31050.0000 18663811   14.61%
  13442  4623    infeasible          36362.0000    31050.0000 18686088   14.61%
  13446  4623    27694.0000  1001    36362.0000    31050.0000 18710775   14.61%
  13452  4629    27694.0000   997    36362.0000    31050.0000 18744704   14.61%
  13460  4637    27694.0000   896    36362.0000    31050.0000 18774460   14.61%
  13474  4648    33913.0000   628    36362.0000    31050.0000 18806573   14.61%
  13478  4648    27694.0000   958    36362.0000    31050.0000 18826608   14.61%
Elapsed time = 12636.38 sec. (13729195.47 ticks, tree = 47.34 MB, solutions = 3)
  13494  4651        cutoff          36362.0000    31050.0000 18859297   14.61%
  13495  4652    27694.0000   931    36362.0000    31050.0000 18869874   14.61%
  13506  4657    27694.0000  1024    36362.0000    31050.0000 18907272   14.61%
  13515  4658    infeasible          36362.0000    31050.0000 18933528   14.61%
  13522  4656        cutoff          36362.0000    31050.0000 18965814   14.61%
  13526  4656    27709.8499   877    36362.0000    31050.0000 18988200   14.61%
  13537  4650    33573.0000   635    36362.0000    31050.0000 19022536   14.61%
  13545  4652    27694.0000   938    36362.0000    31050.0000 19038232   14.61%
  13550  4657    29582.0000   498    36362.0000    31050.0000 19063205   14.61%
  13556  4654    31116.0000   363    36362.0000    31050.0000 19089630   14.61%
Elapsed time = 12802.57 sec. (13918086.04 ticks, tree = 47.38 MB, solutions = 3)
  13559  4653    27694.0000   925    36362.0000    31050.0000 19104256   14.61%
  13568  4662    27694.0000   743    36362.0000    31050.0000 19119634   14.61%
  13571  4665    27694.0000   739    36362.0000    31050.0000 19148925   14.61%
  13576  4666    27694.0000   688    36362.0000    31050.0000 19176892   14.61%
  13590  4664    27694.0000   813    36362.0000    31050.0000 19236058   14.61%
  13598  4668    27694.0000   690    36362.0000    31050.0000 19262238   14.61%
  13604  4670        cutoff          36362.0000    31050.0000 19287606   14.61%
  13617  4661    27694.0000   695    36362.0000    31050.0000 19308891   14.61%
  13624  4666    27694.0000   740    36362.0000    31050.0000 19339896   14.61%
  13634  4659    27694.0000   886    36362.0000    31050.0000 19363431   14.61%
Elapsed time = 13006.24 sec. (14152704.29 ticks, tree = 47.40 MB, solutions = 3)
  13655  4669    27694.0000   593    36362.0000    31050.0000 19387509   14.61%
  13659  4669    27694.0000   716    36362.0000    31050.0000 19407567   14.61%
  13672  4662    infeasible          36362.0000    31050.0000 19429372   14.61%
  13675  4660    27748.7456   578    36362.0000    31050.0000 19456114   14.61%
  13683  4658    32938.0000   380    36362.0000    31050.0000 19486468   14.61%
  13690  4658    33251.0000   618    36362.0000    31050.0000 19508510   14.61%
  13701  4653    infeasible          36362.0000    31050.0000 19539118   14.61%
  13707  4649    infeasible          36362.0000    31050.0000 19564974   14.61%
  13713  4646        cutoff          36362.0000    31050.0000 19590055   14.61%
  13714  4647    27694.0000   965    36362.0000    31050.0000 19603077   14.61%
Elapsed time = 13165.56 sec. (14333808.31 ticks, tree = 47.34 MB, solutions = 3)
  13729  4656    32938.0000   405    36362.0000    31050.0000 19636155   14.61%
  13739  4660    30350.0000   823    36362.0000    31050.0000 19657313   14.61%
  13750  4655    27694.0000   991    36362.0000    31050.0000 19676526   14.61%
  13761  4659    27694.0000   984    36362.0000    31050.0000 19712608   14.61%
  13770  4668    27709.8499   748    36362.0000    31050.0000 19738855   14.61%
  13778  4664    infeasible          36362.0000    31050.0000 19773916   14.61%
  13779  4665    27694.0000  1088    36362.0000    31050.0000 19803862   14.61%
  13794  4668    29380.0000   876    36362.0000    31050.0000 19838786   14.61%
  13801  4671    27831.0000   973    36362.0000    31050.0000 19852421   14.61%
  13814  4672    32938.0000   400    36362.0000    31050.0000 19889525   14.61%
Elapsed time = 13364.85 sec. (14550300.43 ticks, tree = 47.51 MB, solutions = 3)
  13831  4675    27694.0000  1013    36362.0000    31050.0000 19928748   14.61%
  13835  4679    27694.0000  1006    36362.0000    31050.0000 19961560   14.61%
  13846  4681    33251.0000   801    36362.0000    31050.0000 20002333   14.61%
  13848  4681    27694.0000  1003    36362.0000    31050.0000 20029404   14.61%
  13850  4683    27694.0000   998    36362.0000    31050.0000 20063397   14.61%
  13854  4687    27694.0000   915    36362.0000    31050.0000 20096436   14.61%
  13872  4696    27694.0000   906    36362.0000    31050.0000 20124588   14.61%
  13880  4704    27694.0000   883    36362.0000    31050.0000 20137742   14.61%
  13886  4710    27694.0000   721    36362.0000    31050.0000 20175060   14.61%
  13892  4710    27694.0000   775    36362.0000    31050.0000 20194090   14.61%
Elapsed time = 13586.26 sec. (14797231.49 ticks, tree = 47.74 MB, solutions = 3)
  13905  4708    27694.0000   761    36362.0000    31050.0000 20218956   14.61%
  13910  4709    27694.0000   787    36362.0000    31050.0000 20254500   14.61%
  13922  4701    infeasible          36362.0000    31050.0000 20289826   14.61%
  13924  4701    27694.0000   882    36362.0000    31050.0000 20304770   14.61%
  13938  4700    infeasible          36362.0000    31050.0000 20333252   14.61%
  13942  4698    27694.0000   994    36362.0000    31050.0000 20366911   14.61%
  13951  4700    29582.0000   768    36362.0000    31050.0000 20390391   14.61%
  13958  4699    27694.0000   910    36362.0000    31050.0000 20410629   14.61%
  13961  4702    27694.0000   922    36362.0000    31050.0000 20432853   14.61%
  13966  4703    27694.0000   933    36362.0000    31050.0000 20457301   14.61%
Elapsed time = 13783.50 sec. (15019252.07 ticks, tree = 47.70 MB, solutions = 3)
  13976  4711    27694.0000   924    36362.0000    31050.0000 20485959   14.61%
  13985  4708    27694.0000   899    36362.0000    31050.0000 20505213   14.61%
  13989  4706    27694.0000   939    36362.0000    31050.0000 20535103   14.61%
  14002  4695    27694.0000   805    36362.0000    31050.0000 20565100   14.61%
  14005  4694    27694.0000   950    36362.0000    31050.0000 20588895   14.61%
  14010  4699    27694.0000   986    36362.0000    31050.0000 20612092   14.61%
  14024  4701    27694.0000   888    36362.0000    31050.0000 20637318   14.61%
  14032  4699    27694.0000   853    36362.0000    31050.0000 20658241   14.61%
  14041  4693    29582.0000   861    36362.0000    31050.0000 20696165   14.61%
  14047  4695    27694.0000   937    36362.0000    31050.0000 20716721   14.61%
Elapsed time = 13975.96 sec. (15234460.83 ticks, tree = 47.65 MB, solutions = 3)
  14054  4692    27831.0000  1006    36362.0000    31050.0000 20743653   14.61%
  14061  4695    27694.0000   948    36362.0000    31050.0000 20761119   14.61%
  14074  4698    27694.0000   983    36362.0000    31050.0000 20791532   14.61%
  14078  4702    27694.0000   972    36362.0000    31050.0000 20822584   14.61%
  14087  4706        cutoff          36362.0000    31050.0000 20841393   14.61%
  14095  4704    27694.0000   932    36362.0000    31050.0000 20864369   14.61%
  14103  4702    27694.0000   858    36362.0000    31050.0000 20887084   14.61%
  14111  4704    infeasible          36362.0000    31050.0000 20913509   14.61%
  14119  4700    27694.0000   930    36362.0000    31050.0000 20945992   14.61%
  14123  4702    infeasible          36362.0000    31050.0000 20969326   14.61%
Elapsed time = 14147.75 sec. (15431481.78 ticks, tree = 47.70 MB, solutions = 3)
  14128  4701    27694.0000  1002    36362.0000    31050.0000 20981090   14.61%
  14137  4700        cutoff          36362.0000    31050.0000 21002127   14.61%
  14143  4700    27694.0000   925    36362.0000    31050.0000 21023258   14.61%
  14153  4698    27694.0000   932    36362.0000    31050.0000 21043811   14.61%
  14162  4692    27694.0000  1005    36362.0000    31050.0000 21068843   14.61%
  14164  4694    27694.0000   960    36362.0000    31050.0000 21092953   14.61%
  14168  4698    27694.0000   989    36362.0000    31050.0000 21108607   14.61%
  14176  4706    27694.0000   704    36362.0000    31050.0000 21133045   14.61%
  14187  4713    infeasible          36362.0000    31050.0000 21157341   14.61%
  14198  4715    28670.8760   692    36362.0000    31050.0000 21186951   14.61%
Elapsed time = 14311.24 sec. (15618387.61 ticks, tree = 47.77 MB, solutions = 3)
  14205  4718    27694.0000   770    36362.0000    31050.0000 21219142   14.61%
  14216  4721    infeasible          36362.0000    31050.0000 21255282   14.61%
  14228  4715    29380.0000   678    36362.0000    31050.0000 21283671   14.61%
  14233  4718    30350.0000   668    36362.0000    31050.0000 21319672   14.61%
  14237  4714    infeasible          36362.0000    31050.0000 21349483   14.61%
  14250  4723    27694.0000   757    36362.0000    31050.0000 21384290   14.61%
  14257  4726    27694.0000   731    36362.0000    31050.0000 21419312   14.61%
  14260  4727    27694.0000   786    36362.0000    31050.0000 21446398   14.61%
  14269  4730    27694.0000   727    36362.0000    31050.0000 21469133   14.61%
  14279  4730    29380.0000   842    36362.0000    31050.0000 21503553   14.61%
Elapsed time = 14497.01 sec. (15823600.23 ticks, tree = 47.87 MB, solutions = 3)
  14286  4735    29380.0000   613    36362.0000    31050.0000 21533046   14.61%
  14301  4739    27694.0000   768    36362.0000    31050.0000 21556507   14.61%
  14309  4737        cutoff          36362.0000    31050.0000 21584469   14.61%
  14320  4740    infeasible          36362.0000    31050.0000 21614941   14.61%
  14325  4743    29380.0000   665    36362.0000    31050.0000 21644209   14.61%
  14338  4736    27694.0000   747    36362.0000    31050.0000 21678856   14.61%
  14351  4743    29380.0000   665    36362.0000    31050.0000 21712160   14.61%
  14360  4748    27694.0000   792    36362.0000    31050.0000 21743129   14.61%
  14380  4750    32831.4413   419    36362.0000    31050.0000 21772222   14.61%
  14389  4745    27694.0000   791    36362.0000    31050.0000 21792297   14.61%
Elapsed time = 14658.70 sec. (15999811.01 ticks, tree = 47.96 MB, solutions = 3)
  14414  4735    32365.0000   747    36362.0000    31050.0000 21827848   14.61%
  14423  4728    infeasible          36362.0000    31050.0000 21854055   14.61%
  14426  4727    27831.0000   998    36362.0000    31050.0000 21868030   14.61%
  14438  4739    27831.0000   786    36362.0000    31050.0000 21896011   14.61%
  14444  4745    28531.0000   674    36362.0000    31050.0000 21925169   14.61%
  14448  4745    27694.0000   932    36362.0000    31050.0000 21945660   14.61%
  14452  4749    27694.0000   944    36362.0000    31050.0000 21974596   14.61%
  14469  4761    27694.0000   937    36362.0000    31050.0000 22003113   14.61%
  14480  4763    34406.0000   287    36362.0000    31050.0000 22039288   14.61%
  14495  4762    27694.0000  1062    36362.0000    31050.0000 22073661   14.61%
Elapsed time = 14838.04 sec. (16198651.55 ticks, tree = 48.09 MB, solutions = 3)
  14506  4768    27694.0000  1056    36362.0000    31050.0000 22112838   14.61%
  14516  4774    33573.0000   638    36362.0000    31050.0000 22147246   14.61%
  14524  4771    27786.5668   665    36362.0000    31050.0000 22178528   14.61%
  14542  4775    infeasible          36362.0000    31050.0000 22212430   14.61%
  14543  4776    27694.0000   956    36362.0000    31050.0000 22224550   14.61%
  14555  4788    27710.1443   891    36362.0000    31050.0000 22247736   14.61%
  14568  4793    33573.0000   625    36362.0000    31050.0000 22287498   14.61%
  14584  4802    27709.8499   939    36362.0000    31050.0000 22313146   14.61%
  14593  4803    27694.0000   982    36362.0000    31050.0000 22344105   14.61%
  14600  4810    27694.0000   908    36362.0000    31050.0000 22374523   14.61%
Elapsed time = 15030.18 sec. (16408660.75 ticks, tree = 48.37 MB, solutions = 3)
  14612  4810    27694.0000   916    36362.0000    31050.0000 22398139   14.61%
  14619  4813    27694.0000   795    36362.0000    31050.0000 22425856   14.61%
  14624  4814    27694.0000   714    36362.0000    31050.0000 22457706   14.61%
  14634  4808    33573.0000   563    36362.0000    31050.0000 22495190   14.61%
  14637  4809    27694.0000  1031    36362.0000    31050.0000 22508973   14.61%
  14640  4812    27694.0000   995    36362.0000    31050.0000 22528615   14.61%
  14653  4815    27694.0000   749    36362.0000    31050.0000 22557543   14.61%
  14658  4812    27694.0000   909    36362.0000    31050.0000 22578966   14.61%
  14664  4818    27694.0000   947    36362.0000    31050.0000 22605348   14.61%
  14670  4820    27831.0000   908    36362.0000    31050.0000 22620935   14.61%
Elapsed time = 15198.00 sec. (16598649.90 ticks, tree = 48.43 MB, solutions = 3)
  14677  4823    27694.0000   928    36362.0000    31050.0000 22636762   14.61%
  14692  4816    infeasible          36362.0000    31050.0000 22671716   14.61%
  14702  4808    27694.0000  1011    36362.0000    31050.0000 22697275   14.61%
  14712  4812        cutoff          36362.0000    31050.0000 22721763   14.61%
  14720  4812    35584.0000   158    36362.0000    31050.0000 22742157   14.61%
  14729  4817    27694.0000  1001    36362.0000    31050.0000 22766618   14.61%
  14740  4818        cutoff          36362.0000    31050.0000 22791551   14.61%
  14752  4814    36168.0000   108    36362.0000    31050.0000 22817723   14.61%
  14765  4813    infeasible          36362.0000    31050.0000 22839307   14.61%
  14771  4813    27694.0000  1111    36362.0000    31050.0000 22872265   14.61%
Elapsed time = 15364.32 sec. (16782072.28 ticks, tree = 48.41 MB, solutions = 3)
  14785  4821    infeasible          36362.0000    31050.0000 22898547   14.61%
  14791  4821    infeasible          36362.0000    31050.0000 22923865   14.61%
  14801  4815    27694.0000   973    36362.0000    31050.0000 22954056   14.61%
  14819  4814    27694.0000  1070    36362.0000    31050.0000 22984400   14.61%
  14822  4817    27694.0000   954    36362.0000    31050.0000 23007851   14.61%
  14830  4825    27694.0000   704    36362.0000    31050.0000 23024777   14.61%
  14841  4818    infeasible          36362.0000    31050.0000 23053859   14.61%
  14843  4818    27694.0000   956    36362.0000    31050.0000 23072190   14.61%
  14856  4817    27694.0000  1075    36362.0000    31050.0000 23106802   14.61%
  14868  4829    27694.0000   818    36362.0000    31050.0000 23131441   14.61%
Elapsed time = 15523.82 sec. (16962682.72 ticks, tree = 48.51 MB, solutions = 3)
  14874  4835    27694.0000   736    36362.0000    31050.0000 23155483   14.61%
  14881  4834    27694.0000   752    36362.0000    31050.0000 23186047   14.61%
  14890  4836    27694.0000   840    36362.0000    31050.0000 23197106   14.61%
  14902  4835    27694.0000   812    36362.0000    31050.0000 23227137   14.61%
  14921  4821        cutoff          36362.0000    31050.0000 23256494   14.61%
  14923  4821    27694.0000  1008    36362.0000    31050.0000 23270140   14.61%
  14931  4829    27694.0000   745    36362.0000    31050.0000 23295444   14.61%
  14942  4822    27694.0000  1001    36362.0000    31050.0000 23318050   14.61%
  14948  4820    27694.0000  1032    36362.0000    31050.0000 23344940   14.61%
  14955  4827    27694.0000   637    36362.0000    31050.0000 23364380   14.61%
Elapsed time = 15689.08 sec. (17148342.73 ticks, tree = 48.50 MB, solutions = 3)
  14975  4817    infeasible          36362.0000    31050.0000 23394790   14.61%
  14976  4818    27694.0000   967    36362.0000    31050.0000 23405871   14.61%
  14996  4833    27694.0000   757    36362.0000    31050.0000 23427213   14.61%
  15015  4828    32616.8863   749    36362.0000    31050.0000 23463732   14.61%
  15029  4820    27880.7282   642    36362.0000    31050.0000 23502385   14.61%
  15036  4816    27831.0000   978    36362.0000    31050.0000 23519209   14.61%
  15040  4819    27831.0000  1028    36362.0000    31050.0000 23534779   14.61%
  15054  4828    27709.8499   853    36362.0000    31050.0000 23558580   14.61%
  15071  4838    infeasible          36362.0000    31050.0000 23585619   14.61%
  15072  4839    27694.0000  1011    36362.0000    31050.0000 23603083   14.61%
Elapsed time = 15867.47 sec. (17343824.25 ticks, tree = 48.58 MB, solutions = 3)
  15080  4836    35573.0000   495    36362.0000    31050.0000 23637353   14.61%
  15094  4838    27694.0000  1083    36362.0000    31050.0000 23679013   14.61%
  15106  4850    27694.0000   987    36362.0000    31050.0000 23717426   14.61%
  15114  4858    27694.0000   879    36362.0000    31050.0000 23737682   14.61%
  15121  4865    27694.0000   745    36362.0000    31050.0000 23760847   14.61%
  15133  4859    33251.0000   764    36362.0000    31050.0000 23798644   14.61%
  15138  4857    27694.0000   945    36362.0000    31050.0000 23817439   14.61%
  15147  4852    infeasible          36362.0000    31050.0000 23850737   14.61%
  15148  4853    27694.0000  1066    36362.0000    31050.0000 23850809   14.61%
  15162  4865    29338.0000   764    36362.0000    31050.0000 23881829   14.61%
Elapsed time = 16084.56 sec. (17586174.96 ticks, tree = 48.74 MB, solutions = 3)
  15169  4860    28394.0000  1030    36362.0000    31050.0000 23907150   14.61%
  15178  4858    27694.0000   843    36362.0000    31050.0000 23918661   14.61%
  15194  4854    27694.0000   989    36362.0000    31050.0000 23952481   14.61%
  15204  4862    29338.0000   752    36362.0000    31050.0000 23967034   14.61%
  15209  4859    27694.0000   898    36362.0000    31050.0000 23986452   14.61%
  15229  4857    27694.0000   829    36362.0000    31050.0000 24003403   14.61%
  15245  4854    28394.0000   923    36362.0000    31050.0000 24029465   14.61%
  15250  4853    27694.0000   901    36362.0000    31050.0000 24047883   14.61%
  15256  4853    27694.0000   778    36362.0000    31050.0000 24075172   14.61%
  15263  4852    27694.0000  1102    36362.0000    31050.0000 24100563   14.61%
Elapsed time = 16306.26 sec. (17812347.21 ticks, tree = 48.66 MB, solutions = 3)
  15277  4866    27694.0000   971    36362.0000    31050.0000 24117310   14.61%
  15288  4861    29058.0000  1028    36362.0000    31050.0000 24155285   14.61%
  15296  4856    33251.0000   816    36362.0000    31050.0000 24179289   14.61%
  15302  4854    28394.0000  1091    36362.0000    31050.0000 24210585   14.61%
  15305  4857    28394.0000   802    36362.0000    31050.0000 24228648   14.61%
  15312  4853    33573.0000   907    36362.0000    31050.0000 24262930   14.61%
  15322  4855    27694.0000  1235    36362.0000    31050.0000 24303054   14.61%
  15328  4857    27694.0000  1045    36362.0000    31050.0000 24324309   14.61%
  15341  4870    27694.0000  1029    36362.0000    31050.0000 24360940   14.61%
  15352  4869    infeasible          36362.0000    31050.0000 24385611   14.61%
Elapsed time = 16513.43 sec. (18023176.97 ticks, tree = 48.77 MB, solutions = 3)
  15357  4866    27694.0000  1222    36362.0000    31050.0000 24419158   14.61%
  15363  4872    27694.0000  1122    36362.0000    31050.0000 24435713   14.61%
  15376  4876    35573.0000   890    36362.0000    31050.0000 24459776   14.61%
  15385  4878    27694.0000   848    36362.0000    31050.0000 24499307   14.61%
  15388  4877    infeasible          36362.0000    31050.0000 24520507   14.61%
  15395  4872    28394.0000  1071    36362.0000    31050.0000 24548080   14.61%
  15400  4867    infeasible          36362.0000    31050.0000 24571807   14.61%
  15407  4862    infeasible          36362.0000    31050.0000 24594240   14.61%
  15409  4862    27694.0000  1154    36362.0000    31050.0000 24626777   14.61%
  15419  4872    27694.0000  1117    36362.0000    31050.0000 24642267   14.61%
Elapsed time = 16747.76 sec. (18268901.19 ticks, tree = 48.78 MB, solutions = 3)
  15432  4875    27694.0000  1088    36362.0000    31050.0000 24669023   14.61%
  15444  4883    27694.0000   935    36362.0000    31050.0000 24677120   14.61%
  15452  4879    27730.4364  1009    36362.0000    31050.0000 24705274   14.61%
  15464  4869    infeasible          36362.0000    31050.0000 24732157   14.61%
  15472  4865    27694.0000  1125    36362.0000    31050.0000 24766527   14.61%
  15476  4863    28674.0000   885    36362.0000    31050.0000 24794597   14.61%
  15483  4858    infeasible          36362.0000    31050.0000 24814910   14.61%
  15484  4859    27694.0000  1115    36362.0000    31050.0000 24830819   14.61%
  15486  4861    27694.0000  1133    36362.0000    31050.0000 24858306   14.61%
  15494  4864    28531.0000   898    36362.0000    31050.0000 24877843   14.61%
Elapsed time = 16970.31 sec. (18486137.78 ticks, tree = 48.73 MB, solutions = 3)
  15497  4863    27694.0000  1090    36362.0000    31050.0000 24889968   14.61%
  15499  4865    27694.0000  1112    36362.0000    31050.0000 24918155   14.61%
  15506  4862    27694.0000  1136    36362.0000    31050.0000 24947000   14.61%
  15514  4863    27694.0000  1059    36362.0000    31050.0000 24985658   14.61%
  15523  4862    27694.0000  1036    36362.0000    31050.0000 25016367   14.61%
  15526  4861    27694.0000  1095    36362.0000    31050.0000 25031428   14.61%
  15541  4866    infeasible          36362.0000    31050.0000 25055572   14.61%
  15544  4866    28394.0000  1122    36362.0000    31050.0000 25078079   14.61%
  15555  4871    31989.5000   635    36362.0000    31050.0000 25093361   14.61%
  15570  4864    27694.0000  1105    36362.0000    31050.0000 25103469   14.61%
Elapsed time = 17200.64 sec. (18712148.96 ticks, tree = 48.86 MB, solutions = 3)
  15583  4863    29338.0000   906    36362.0000    31050.0000 25136099   14.61%
  15587  4861    27694.0000  1023    36362.0000    31050.0000 25167473   14.61%
  15594  4856        cutoff          36362.0000    31050.0000 25196930   14.61%
  15596  4856    27694.0000  1259    36362.0000    31050.0000 25224305   14.61%
  15600  4858    27694.0000  1122    36362.0000    31050.0000 25251734   14.61%
  15605  4863    27694.0000  1166    36362.0000    31050.0000 25276289   14.61%
  15611  4869    27694.0000  1331    36362.0000    31050.0000 25297063   14.61%
  15612  4870    27694.0000  1352    36362.0000    31050.0000 25321510   14.61%
  15616  4872    27694.0000  1278    36362.0000    31050.0000 25341546   14.61%
  15625  4879    27694.0000   860    36362.0000    31050.0000 25376345   14.61%
Elapsed time = 17533.88 sec. (18968238.54 ticks, tree = 50.26 MB, solutions = 3)
  15637  4880    33573.0000   916    36362.0000    31050.0000 25410747   14.61%
  15657  4885    34406.0000  1157    36362.0000    31050.0000 25449896   14.61%
  15664  4883    35573.0000   889    36362.0000    31050.0000 25495892   14.61%
  15670  4887    35573.0000   591    36362.0000    31050.0000 25521636   14.61%
  15683  4896    27694.0000  1082    36362.0000    31050.0000 25538803   14.61%
  15685  4898    27694.0000  1138    36362.0000    31050.0000 25572149   14.61%
  15700  4913    27694.0000   961    36362.0000    31050.0000 25611265   14.61%
  15708  4921    27694.0000   803    36362.0000    31050.0000 25633145   14.61%
  15714  4918    29582.0000   714    36362.0000    31050.0000 25657861   14.61%
  15722  4926    33706.0000   428    36362.0000    31050.0000 25691761   14.61%
Elapsed time = 17778.09 sec. (19209898.22 ticks, tree = 49.78 MB, solutions = 3)
  15732  4924    27694.0000   927    36362.0000    31050.0000 25717639   14.61%
  15737  4927    27694.0000   930    36362.0000    31050.0000 25752752   14.61%
  15745  4933    27694.0000   785    36362.0000    31050.0000 25784193   14.61%
  15750  4932        cutoff          36362.0000    31050.0000 25808453   14.61%
  15771  4949    27694.0000   965    36362.0000    31050.0000 25846687   14.61%
  15773  4950    27694.0000   856    36362.0000    31050.0000 25873368   14.61%
  15777  4950    27694.0000   877    36362.0000    31050.0000 25899914   14.61%
  15787  4947    27694.0000   801    36362.0000    31050.0000 25926540   14.61%
  15802  4954    27694.0000   924    36362.0000    31050.0000 25958637   14.61%
  15817  4950    27694.0000   872    36362.0000    31050.0000 25995286   14.61%
Elapsed time = 17979.76 sec. (19429305.14 ticks, tree = 49.93 MB, solutions = 3)
  15824  4948    27775.0000   849    36362.0000    31050.0000 26017281   14.61%
  15829  4947    27694.0000   943    36362.0000    31050.0000 26066302   14.61%
  15831  4949    27694.0000   912    36362.0000    31050.0000 26096991   14.61%
  15834  4950    27694.0000   804    36362.0000    31050.0000 26131273   14.61%
  15852  4960    infeasible          36362.0000    31050.0000 26159568   14.61%
  15857  4959    27694.0000   765    36362.0000    31050.0000 26173508   14.61%
  15876  4951        cutoff          36362.0000    31050.0000 26196394   14.61%
  15879  4952    27694.0000  1006    36362.0000    31050.0000 26218631   14.61%
  15882  4955    27694.0000   860    36362.0000    31050.0000 26250067   14.61%
  15893  4956    27694.0000   851    36362.0000    31050.0000 26272274   14.61%
Elapsed time = 18214.71 sec. (19680930.82 ticks, tree = 49.96 MB, solutions = 3)
  15896  4957    27694.0000  1038    36362.0000    31050.0000 26304260   14.61%
  15899  4958    27694.0000   911    36362.0000    31050.0000 26333344   14.61%
  15911  4953    27694.0000   923    36362.0000    31050.0000 26357670   14.61%
  15915  4955    27694.0000   930    36362.0000    31050.0000 26388479   14.61%
  15925  4957    27694.0000   936    36362.0000    31050.0000 26428382   14.61%
  15928  4958    28458.4507   707    36362.0000    31050.0000 26460572   14.61%
  15931  4957    27694.0000   849    36362.0000    31050.0000 26483572   14.61%
  15934  4958    27694.0000   896    36362.0000    31050.0000 26520825   14.61%
  15936  4960    27694.0000   861    36362.0000    31050.0000 26548440   14.61%
  15950  4966    infeasible          36362.0000    31050.0000 26554369   14.61%
Elapsed time = 18443.59 sec. (19931965.61 ticks, tree = 50.03 MB, solutions = 3)
  15952  4966    27694.0000   826    36362.0000    31050.0000 26575699   14.61%
  15961  4963    27694.0000   963    36362.0000    31050.0000 26610828   14.61%
  15963  4965    27694.0000  1010    36362.0000    31050.0000 26638926   14.61%
  15969  4963    27694.0000   909    36362.0000    31050.0000 26666944   14.61%
  15973  4967    27694.0000   735    36362.0000    31050.0000 26694989   14.61%
  15989  4965    27694.0000   922    36362.0000    31050.0000 26718803   14.61%
  15995  4969    27694.0000   993    36362.0000    31050.0000 26750859   14.61%
  15997  4971    27694.0000   964    36362.0000    31050.0000 26784195   14.61%
  16001  4975    27694.0000   944    36362.0000    31050.0000 26818164   14.61%
  16014  4979    29368.0000   736    36362.0000    31050.0000 26845828   14.61%
Elapsed time = 18657.84 sec. (20164169.21 ticks, tree = 50.11 MB, solutions = 3)
  16019  4980    27694.0000   801    36362.0000    31050.0000 26861816   14.61%
  16027  4980        cutoff          36362.0000    31050.0000 26885527   14.61%
  16032  4977    27694.0000   855    36362.0000    31050.0000 26912814   14.61%
  16039  4982    27694.0000   923    36362.0000    31050.0000 26937450   14.61%
  16046  4987    27694.0000   749    36362.0000    31050.0000 26969674   14.61%
  16050  4989    27694.0000   800    36362.0000    31050.0000 26996375   14.61%
  16061  4990    27694.0000   791    36362.0000    31050.0000 27019395   14.61%
  16064  4993    27694.0000   849    36362.0000    31050.0000 27049206   14.61%
  16073  4993    infeasible          36362.0000    31050.0000 27064955   14.61%
  16085  4987    27694.0000   942    36362.0000    31050.0000 27097197   14.61%
Elapsed time = 18831.78 sec. (20351098.18 ticks, tree = 50.15 MB, solutions = 3)
  16099  4999    27694.0000   760    36362.0000    31050.0000 27118794   14.61%
  16113  4993    28670.2903   758    36362.0000    31050.0000 27155796   14.61%
  16117  4993    27694.0000   956    36362.0000    31050.0000 27180689   14.61%
  16121  4993    27694.0000   931    36362.0000    31050.0000 27199775   14.61%
  16127  4996    27694.0000   910    36362.0000    31050.0000 27231874   14.61%
  16130  4999    27694.0000   946    36362.0000    31050.0000 27268005   14.61%
  16135  5000    27694.0000   807    36362.0000    31050.0000 27311009   14.61%
  16138  5000    27694.0000   840    36362.0000    31050.0000 27327132   14.61%
  16157  4999    30487.0000   767    36362.0000    31050.0000 27356535   14.61%
  16160  4998    27694.0000   825    36362.0000    31050.0000 27370840   14.61%
Elapsed time = 19056.24 sec. (20594470.11 ticks, tree = 50.22 MB, solutions = 3)
  16167  5000    28833.2119   836    36362.0000    31050.0000 27409279   14.61%
  16176  4998    27694.0000   920    36362.0000    31050.0000 27435789   14.61%
  16188  4996    27694.0000  1009    36362.0000    31050.0000 27472971   14.61%
  16199  4995    27694.0000  1060    36362.0000    31050.0000 27528517   14.61%
  16201  4997    27694.0000   963    36362.0000    31050.0000 27558249   14.61%
  16205  4999    27694.0000  1004    36362.0000    31050.0000 27589387   14.61%
  16207  5000    27694.0000   965    36362.0000    31050.0000 27612587   14.61%
  16216  5008    27694.0000   901    36362.0000    31050.0000 27648749   14.61%
  16221  5013    27694.0000   895    36362.0000    31050.0000 27669549   14.61%
  16224  5016    27694.0000  1040    36362.0000    31050.0000 27705758   14.61%
Elapsed time = 19306.86 sec. (20860346.57 ticks, tree = 50.33 MB, solutions = 3)
  16233  5021    27694.0000   933    36362.0000    31050.0000 27736995   14.61%
  16240  5024    infeasible          36362.0000    31050.0000 27762307   14.61%
  16242  5024    27694.0000   885    36362.0000    31050.0000 27774203   14.61%
  16252  5026    32217.0000   796    36362.0000    31050.0000 27803099   14.61%
  16262  5030    27694.0000   867    36362.0000    31050.0000 27834113   14.61%
  16268  5036    27694.0000   861    36362.0000    31050.0000 27863710   14.61%
  16278  5038    31665.0000   644    36362.0000    31050.0000 27889014   14.61%
  16282  5038    27694.0000  1008    36362.0000    31050.0000 27909465   14.61%
  16285  5041    27694.0000   885    36362.0000    31050.0000 27945340   14.61%
  16298  5044    infeasible          36362.0000    31050.0000 27971837   14.61%
Elapsed time = 19487.32 sec. (21053320.95 ticks, tree = 50.51 MB, solutions = 3)
  16327  5016    27694.0000   952    36362.0000    31050.0000 28004186   14.61%
  16342  5022    27694.0000   772    36362.0000    31050.0000 28025399   14.61%
  16348  5023    27694.0000   923    36362.0000    31050.0000 28057291   14.61%
  16370  5027    32217.0000   687    36362.0000    31050.0000 28079565   14.61%
  16375  5024    27694.0000   910    36362.0000    31050.0000 28102592   14.61%
  16378  5027    27694.0000   925    36362.0000    31050.0000 28132967   14.61%
  16395  5021    27694.0000   906    36362.0000    31050.0000 28165889   14.61%
  16403  5020    27694.0000  1290    36362.0000    31050.0000 28201263   14.61%
  16411  5028    27694.0000  1040    36362.0000    31050.0000 28225602   14.61%
  16417  5032    27694.0000  1010    36362.0000    31050.0000 28260244   14.61%
Elapsed time = 19723.70 sec. (21312092.91 ticks, tree = 50.43 MB, solutions = 3)
  16424  5037    27694.0000   953    36362.0000    31050.0000 28292328   14.61%
  16429  5042    27694.0000   800    36362.0000    31050.0000 28316196   14.61%
  16438  5038    31843.5000   703    36362.0000    31050.0000 28340744   14.61%
  16442  5036    27694.0000   940    36362.0000    31050.0000 28354019   14.61%
  16446  5034    27694.0000   906    36362.0000    31050.0000 28381261   14.61%
  16449  5037    27694.0000   833    36362.0000    31050.0000 28413447   14.61%
  16459  5033    27694.0000  1021    36362.0000    31050.0000 28455699   14.61%
  16463  5037    27694.0000  1025    36362.0000    31050.0000 28484162   14.61%
  16467  5039    27694.0000   962    36362.0000    31050.0000 28514817   14.61%
  16471  5043    27694.0000   980    36362.0000    31050.0000 28546320   14.61%
Elapsed time = 19946.10 sec. (21552862.13 ticks, tree = 50.50 MB, solutions = 3)
  16490  5048    infeasible          36362.0000    31050.0000 28570781   14.61%
  16495  5047    27694.0000   974    36362.0000    31050.0000 28598145   14.61%
  16501  5053    27694.0000   952    36362.0000    31050.0000 28622998   14.61%
  16503  5055    27694.0000   893    36362.0000    31050.0000 28647731   14.61%
  16511  5057    27694.0000   955    36362.0000    31050.0000 28681543   14.61%
  16524  5062    27703.0283   963    36362.0000    31050.0000 28708996   14.61%
  16535  5057    27694.0000  1015    36362.0000    31050.0000 28755855   14.61%
  16544  5060    27694.0000   873    36362.0000    31050.0000 28768383   14.61%
  16555  5059    27831.3618   837    36362.0000    31050.0000 28795692   14.61%
  16558  5058    27694.0000   987    36362.0000    31050.0000 28810419   14.61%
Elapsed time = 20168.31 sec. (21790860.18 ticks, tree = 50.59 MB, solutions = 3)
  16569  5059    27694.0000   943    36362.0000    31050.0000 28826917   14.61%
  16575  5055    27694.0000   997    36362.0000    31050.0000 28847818   14.61%
  16582  5060    27694.0000   915    36362.0000    31050.0000 28874839   14.61%
  16590  5064    27694.0000   815    36362.0000    31050.0000 28905918   14.61%
  16592  5066    27694.0000   917    36362.0000    31050.0000 28929644   14.61%
  16594  5068    27694.0000   777    36362.0000    31050.0000 28954756   14.61%
  16602  5065    30935.1429   584    36362.0000    31050.0000 28994104   14.61%
  16615  5057    27694.0000  1310    36362.0000    31050.0000 29027335   14.61%
  16616  5058    27694.0000  1315    36362.0000    31050.0000 29053572   14.61%
  16629  5071    27694.0000  1262    36362.0000    31050.0000 29077967   14.61%
Elapsed time = 20388.94 sec. (22032407.62 ticks, tree = 50.54 MB, solutions = 3)
  16630  5072    27694.0000  1217    36362.0000    31050.0000 29098171   14.61%
  16650  5083    29582.0000   532    36362.0000    31050.0000 29129675   14.61%
  16661  5075    27824.0000   749    36362.0000    31050.0000 29158638   14.61%
  16666  5072    infeasible          36362.0000    31050.0000 29179317   14.61%
  16669  5070    33251.0000   942    36362.0000    31050.0000 29208476   14.61%
  16675  5068    27694.0000  1275    36362.0000    31050.0000 29233075   14.61%
  16676  5069    27694.0000  1231    36362.0000    31050.0000 29256541   14.61%
  16679  5072    27694.0000  1169    36362.0000    31050.0000 29274453   14.61%
  16682  5073    27694.0000  1108    36362.0000    31050.0000 29291928   14.61%
  16690  5081    27694.0000  1027    36362.0000    31050.0000 29318350   14.61%
Elapsed time = 20567.88 sec. (22227454.75 ticks, tree = 50.60 MB, solutions = 3)
  16694  5083    27694.0000   852    36362.0000    31050.0000 29353163   14.61%
  16697  5086    27694.0000   893    36362.0000    31050.0000 29377810   14.61%
  16715  5092    27694.0000   817    36362.0000    31050.0000 29408226   14.61%
  16719  5094    27694.0000   984    36362.0000    31050.0000 29431434   14.61%
  16724  5093    27694.0000   938    36362.0000    31050.0000 29457474   14.61%
  16732  5091    infeasible          36362.0000    31050.0000 29479332   14.61%
  16737  5086    infeasible          36362.0000    31050.0000 29501323   14.61%
  16741  5086    27694.0000  1009    36362.0000    31050.0000 29520698   14.61%
  16749  5086    27694.0000   916    36362.0000    31050.0000 29551133   14.61%
  16752  5087    27694.0000   964    36362.0000    31050.0000 29572860   14.61%
Elapsed time = 20759.26 sec. (22431039.80 ticks, tree = 50.63 MB, solutions = 3)
  16755  5090    27694.0000  1004    36362.0000    31050.0000 29602437   14.61%
  16763  5096    27694.0000   958    36362.0000    31050.0000 29631626   14.61%
  16775  5099    27694.0000   944    36362.0000    31050.0000 29666093   14.61%
  16789  5089    27694.0000   925    36362.0000    31050.0000 29691425   14.61%
  16794  5086    27694.0000   972    36362.0000    31050.0000 29709837   14.61%
  16799  5085    27694.0000   891    36362.0000    31050.0000 29729434   14.61%
  16804  5082    27694.0000  1094    36362.0000    31050.0000 29751133   14.61%
  16810  5086    infeasible          36362.0000    31050.0000 29771767   14.61%
  16815  5085    27709.8499  1066    36362.0000    31050.0000 29801891   14.61%
  16832  5086    infeasible          36362.0000    31050.0000 29837534   14.61%
Elapsed time = 21074.70 sec. (22669281.13 ticks, tree = 50.63 MB, solutions = 3)
  16833  5087    27694.0000  1216    36362.0000    31050.0000 29855262   14.61%
  16841  5093    27694.0000   930    36362.0000    31050.0000 29887864   14.61%
  16849  5099    27694.0000   971    36362.0000    31050.0000 29911756   14.61%
  16852  5102    27694.0000  1005    36362.0000    31050.0000 29936089   14.61%
  16855  5103    27694.0000   885    36362.0000    31050.0000 29960666   14.61%
  16861  5107    27694.0000   919    36362.0000    31050.0000 29990013   14.61%
  16871  5112    27694.0000   882    36362.0000    31050.0000 30022928   14.61%
  16879  5116    27694.0000  1032    36362.0000    31050.0000 30048831   14.61%
  16881  5118    27694.0000   865    36362.0000    31050.0000 30077380   14.61%
  16883  5120    27737.1862   790    36362.0000    31050.0000 30103317   14.61%
Elapsed time = 21260.97 sec. (22870835.76 ticks, tree = 50.84 MB, solutions = 3)
  16895  5115    27694.0000   934    36362.0000    31050.0000 30144417   14.61%
  16911  5101    27694.0000   879    36362.0000    31050.0000 30166178   14.61%
  16920  5097    27694.0000   963    36362.0000    31050.0000 30198400   14.61%
  16932  5097    27694.0000   834    36362.0000    31050.0000 30229301   14.61%
  16938  5101    27694.0000   858    36362.0000    31050.0000 30258557   14.61%
  16943  5100    27694.0000   876    36362.0000    31050.0000 30280968   14.61%
  16947  5102    27694.0000   901    36362.0000    31050.0000 30307220   14.61%
  16961  5110    27694.0000   776    36362.0000    31050.0000 30335888   14.61%
  16971  5108    30069.0000   818    36362.0000    31050.0000 30371595   14.61%
  16979  5106    27694.0000   926    36362.0000    31050.0000 30392575   14.61%
Elapsed time = 21574.43 sec. (23113026.73 ticks, tree = 50.75 MB, solutions = 3)
  16995  5110    27726.5551   785    36362.0000    31050.0000 30423783   14.61%
  17005  5106    27694.0000   922    36362.0000    31050.0000 30444263   14.61%
  17030  5094    33251.0000   755    36362.0000    31050.0000 30468421   14.61%
  17034  5092    27694.0000  1196    36362.0000    31050.0000 30475145   14.61%
  17037  5095    27694.0000  1029    36362.0000    31050.0000 30497736   14.61%
  17049  5097    27694.0000   925    36362.0000    31050.0000 30507382   14.61%
  17059  5095    27694.0000  1046    36362.0000    31050.0000 30559453   14.61%
  17061  5097    27694.0000   944    36362.0000    31050.0000 30587694   14.61%
  17069  5097    27694.0000  1150    36362.0000    31050.0000 30634806   14.61%
  17072  5096    infeasible          36362.0000    31050.0000 30656203   14.61%
Elapsed time = 21864.11 sec. (23425255.94 ticks, tree = 50.70 MB, solutions = 3)
  17073  5097    27694.0000  1032    36362.0000    31050.0000 30672578   14.61%
  17078  5100    27694.0000  1039    36362.0000    31050.0000 30697798   14.61%
  17084  5106    27694.0000  1038    36362.0000    31050.0000 30728805   14.61%
  17092  5112    27694.0000   954    36362.0000    31050.0000 30759514   14.61%
  17102  5112    27694.0000   942    36362.0000    31050.0000 30781074   14.61%
  17105  5111    27694.0000   994    36362.0000    31050.0000 30804953   14.61%
  17117  5121    infeasible          36362.0000    31050.0000 30829177   14.61%
  17125  5125    27694.0000   983    36362.0000    31050.0000 30843975   14.61%
  17135  5126    infeasible          36362.0000    31050.0000 30855860   14.61%
  17141  5124    27694.0000   993    36362.0000    31050.0000 30877691   14.61%
Elapsed time = 22064.23 sec. (23635662.28 ticks, tree = 50.86 MB, solutions = 3)
  17148  5119    27694.0000   935    36362.0000    31050.0000 30912689   14.61%
  17155  5117    27694.0000  1022    36362.0000    31050.0000 30944933   14.61%
  17162  5118    27694.0000   978    36362.0000    31050.0000 30976055   14.61%
  17172  5128    27694.0000   958    36362.0000    31050.0000 31007485   14.61%
  17183  5129    32938.0000   751    36362.0000    31050.0000 31035200   14.61%
  17191  5126    27694.0000   958    36362.0000    31050.0000 31054872   14.61%
  17207  5136    27694.0000   982    36362.0000    31050.0000 31077151   14.61%
  17223  5127    27694.0000  1039    36362.0000    31050.0000 31108002   14.61%
  17231  5135    27694.0000  1010    36362.0000    31050.0000 31132234   14.61%
  17236  5136    27694.0000   974    36362.0000    31050.0000 31149790   14.61%
Elapsed time = 22285.97 sec. (23870576.13 ticks, tree = 50.94 MB, solutions = 3)
  17256  5125    27694.0000   960    36362.0000    31050.0000 31192141   14.61%
  17264  5119    27694.0000   955    36362.0000    31050.0000 31198525   14.61%
  17279  5126    27694.0000   966    36362.0000    31050.0000 31238440   14.61%
  17286  5131    27694.0000   989    36362.0000    31050.0000 31262818   14.61%
  17299  5124    infeasible          36362.0000    31050.0000 31287436   14.61%
  17309  5116    infeasible          36362.0000    31050.0000 31317888   14.61%
  17310  5117    27694.0000  1093    36362.0000    31050.0000 31328122   14.61%
  17325  5108    infeasible          36362.0000    31050.0000 31353107   14.61%
  17329  5108    27694.0000   924    36362.0000    31050.0000 31376555   14.61%
  17341  5108    infeasible          36362.0000    31050.0000 31397053   14.61%
Elapsed time = 22486.56 sec. (24079692.83 ticks, tree = 50.78 MB, solutions = 3)
  17344  5109    32938.0000   701    36362.0000    31050.0000 31411578   14.61%
  17354  5112    27694.0000  1014    36362.0000    31050.0000 31423213   14.61%
  17362  5111    27749.0136   853    36362.0000    31050.0000 31453949   14.61%
  17369  5106    27694.0000  1079    36362.0000    31050.0000 31466094   14.61%
  17376  5113    27694.0000  1033    36362.0000    31050.0000 31492044   14.61%
  17386  5110    infeasible          36362.0000    31050.0000 31523324   14.61%
  17388  5110    27694.0000  1044    36362.0000    31050.0000 31546461   14.61%
  17389  5111    27694.0000  1105    36362.0000    31050.0000 31566931   14.61%
  17397  5109    27694.0000  1021    36362.0000    31050.0000 31602025   14.61%
  17402  5114    27694.0000   954    36362.0000    31050.0000 31618486   14.61%
Elapsed time = 22718.70 sec. (24328047.15 ticks, tree = 50.82 MB, solutions = 3)
  17405  5115    27694.0000  1057    36362.0000    31050.0000 31646894   14.61%
  17407  5117    27694.0000  1101    36362.0000    31050.0000 31677636   14.61%
  17416  5110    27694.0000  1028    36362.0000    31050.0000 31707903   14.61%
  17420  5114    27694.0000   929    36362.0000    31050.0000 31729639   14.61%
  17435  5109    27694.0000  1071    36362.0000    31050.0000 31762868   14.61%
  17442  5116    27694.0000   980    36362.0000    31050.0000 31785309   14.61%
  17447  5119    27694.0000  1068    36362.0000    31050.0000 31815983   14.61%
  17455  5121    27694.0000   902    36362.0000    31050.0000 31832258   14.61%
  17467  5113    27694.0000  1056    36362.0000    31050.0000 31855523   14.61%
  17478  5115    infeasible          36362.0000    31050.0000 31881333   14.61%
Elapsed time = 22917.95 sec. (24537190.52 ticks, tree = 50.83 MB, solutions = 3)
  17488  5113    27694.0000  1022    36362.0000    31050.0000 31913365   14.61%
  17497  5108    27694.0000  1174    36362.0000    31050.0000 31943615   14.61%
  17502  5111    27694.0000  1131    36362.0000    31050.0000 31972563   14.61%
  17504  5113    27694.0000  1185    36362.0000    31050.0000 31998032   14.61%
  17524  5109    infeasible          36362.0000    31050.0000 32033692   14.61%
  17525  5110    27709.8499  1035    36362.0000    31050.0000 32053281   14.61%
  17535  5114    27694.0000   898    36362.0000    31050.0000 32063553   14.61%
  17542  5111    infeasible          36362.0000    31050.0000 32090277   14.61%
  17545  5110    27694.0000  1046    36362.0000    31050.0000 32118669   14.61%
  17552  5112    27694.0000  1091    36362.0000    31050.0000 32136162   14.61%
Elapsed time = 23138.38 sec. (24767760.76 ticks, tree = 50.81 MB, solutions = 3)
  17564  5120    27694.0000  1137    36362.0000    31050.0000 32175846   14.61%
  17578  5116    30138.5000   958    36362.0000    31050.0000 32194903   14.61%
  17584  5114    30350.0000   796    36362.0000    31050.0000 32212779   14.61%
  17593  5118    29648.0000   930    36362.0000    31050.0000 32233579   14.61%
  17606  5111    27694.0000  1179    36362.0000    31050.0000 32258544   14.61%
  17609  5114    27694.0000  1309    36362.0000    31050.0000 32276894   14.61%
  17617  5122    27694.0000  1111    36362.0000    31050.0000 32311516   14.61%
  17619  5124    27694.0000  1121    36362.0000    31050.0000 32338588   14.61%
  17621  5126    27694.0000  1044    36362.0000    31050.0000 32362970   14.61%
  17630  5135    33911.0000   552    36362.0000    31050.0000 32390764   14.61%
Elapsed time = 23347.99 sec. (24989715.16 ticks, tree = 50.95 MB, solutions = 3)
  17639  5138    27694.0000   929    36362.0000    31050.0000 32415394   14.61%
  17647  5141    27694.0000   968    36362.0000    31050.0000 32435307   14.61%
  17655  5138    32217.0000   606    36362.0000    31050.0000 32457698   14.61%
  17694  5146    27694.0000  1093    36362.0000    31050.0000 32500313   14.61%
  17699  5149    27694.0000  1020    36362.0000    31050.0000 32529110   14.61%
  17704  5148    27694.0000  1043    36362.0000    31050.0000 32546209   14.61%
  17718  5147    27694.0000   912    36362.0000    31050.0000 32583050   14.61%
  17723  5144    27694.0000  1281    36362.0000    31050.0000 32604944   14.61%
  17728  5147    27694.0000   977    36362.0000    31050.0000 32633940   14.61%
  17733  5148    27694.0000  1098    36362.0000    31050.0000 32659149   14.61%
Elapsed time = 23548.32 sec. (25200655.69 ticks, tree = 51.07 MB, solutions = 3)
  17739  5154    27694.0000  1015    36362.0000    31050.0000 32690600   14.61%
  17759  5148    27694.0000  1057    36362.0000    31050.0000 32719345   14.61%
  17771  5160    27694.0000   939    36362.0000    31050.0000 32749607   14.61%
  17786  5151    27694.0000   954    36362.0000    31050.0000 32779703   14.61%
  17796  5145    27694.0000  1042    36362.0000    31050.0000 32812361   14.61%
  17808  5145    30350.0000   817    36362.0000    31050.0000 32841015   14.61%
  17813  5146    27694.0000  1037    36362.0000    31050.0000 32855737   14.61%
  17819  5144    33251.0000   957    36362.0000    31050.0000 32885792   14.61%
  17822  5143    27694.0000  1148    36362.0000    31050.0000 32886831   14.61%
  17827  5148    27694.0000  1131    36362.0000    31050.0000 32910637   14.61%
Elapsed time = 23741.50 sec. (25403462.10 ticks, tree = 51.07 MB, solutions = 3)
  17829  5148    27694.0000  1038    36362.0000    31050.0000 32936908   14.61%
  17834  5153    27694.0000  1043    36362.0000    31050.0000 32956487   14.61%
  17840  5157    27694.0000  1024    36362.0000    31050.0000 32992788   14.61%
  17843  5160    27694.0000  1194    36362.0000    31050.0000 33013749   14.61%
  17845  5162    27694.0000   991    36362.0000    31050.0000 33045393   14.61%
  17848  5163    27694.0000  1023    36362.0000    31050.0000 33077904   14.61%
  17854  5169    27694.0000  1150    36362.0000    31050.0000 33119207   14.61%
  17859  5169    31187.0000   785    36362.0000    31050.0000 33145936   14.61%
  17870  5161    27694.0000   920    36362.0000    31050.0000 33184687   14.61%
  17872  5163    27694.0000  1000    36362.0000    31050.0000 33208555   14.61%
Elapsed time = 23961.29 sec. (25629793.60 ticks, tree = 51.16 MB, solutions = 3)
  17875  5166    27694.0000   992    36362.0000    31050.0000 33230877   14.61%
  17881  5164        cutoff          36362.0000    31050.0000 33256232   14.61%
  17884  5167    27694.0000   908    36362.0000    31050.0000 33268066   14.61%
  17888  5165    27694.0000   951    36362.0000    31050.0000 33299053   14.61%
  17892  5163    27694.0000   982    36362.0000    31050.0000 33316330   14.61%
  17904  5155    27694.0000  1014    36362.0000    31050.0000 33351826   14.61%
  17906  5157    27694.0000   993    36362.0000    31050.0000 33378842   14.61%
  17910  5161    27694.0000   985    36362.0000    31050.0000 33402835   14.61%
  17917  5162    27694.0000   949    36362.0000    31050.0000 33424842   14.61%
  17920  5161    27694.0000  1043    36362.0000    31050.0000 33442582   14.61%
Elapsed time = 24169.30 sec. (25844288.15 ticks, tree = 51.15 MB, solutions = 3)
  17929  5160    infeasible          36362.0000    31050.0000 33467678   14.61%
  17931  5160    27694.0000   997    36362.0000    31050.0000 33479106   14.61%
  17934  5163    27694.0000   927    36362.0000    31050.0000 33514781   14.61%
  17953  5151    32217.0000   788    36362.0000    31050.0000 33541158   14.61%
  17957  5151    27694.0000  1124    36362.0000    31050.0000 33545764   14.61%
  17961  5153    27694.0000  1034    36362.0000    31050.0000 33568042   14.61%
  17964  5154    27694.0000  1124    36362.0000    31050.0000 33600974   14.61%
  17965  5155    27694.0000  1318    36362.0000    31050.0000 33617949   14.61%
  17967  5157    27694.0000  1123    36362.0000    31050.0000 33649018   14.61%
  17971  5159    27716.0533  1226    36362.0000    31050.0000 33678493   14.61%
Elapsed time = 24362.66 sec. (26040776.99 ticks, tree = 51.14 MB, solutions = 3)
  17980  5156    27694.0000  1077    36362.0000    31050.0000 33715503   14.61%
  17986  5160    27694.0000   933    36362.0000    31050.0000 33742598   14.61%
  17992  5164    27694.0000   929    36362.0000    31050.0000 33769568   14.61%
  18000  5171    27694.0000   936    36362.0000    31050.0000 33795868   14.61%
  18008  5165    27694.0000   890    36362.0000    31050.0000 33815726   14.61%
  18028  5162    27694.0000   907    36362.0000    31050.0000 33867802   14.61%
  18032  5164    27694.0000   915    36362.0000    31050.0000 33894526   14.61%
  18037  5167    27694.0000   942    36362.0000    31050.0000 33925556   14.61%
  18040  5170    27694.0000   995    36362.0000    31050.0000 33956572   14.61%
  18057  5165    30350.0000   744    36362.0000    31050.0000 33987409   14.61%
Elapsed time = 24584.45 sec. (26274457.28 ticks, tree = 51.19 MB, solutions = 3)
  18082  5166    infeasible          36362.0000    31050.0000 34022545   14.61%
  18084  5166    27694.0000  1154    36362.0000    31050.0000 34053413   14.61%
  18087  5167    30350.0000   879    36362.0000    31050.0000 34081653   14.61%
  18093  5165    27747.8937   975    36362.0000    31050.0000 34105478   14.61%
  18097  5163    27694.0000  1106    36362.0000    31050.0000 34130443   14.61%
  18103  5167    27694.0000  1127    36362.0000    31050.0000 34149836   14.61%
  18109  5173    27694.0000   991    36362.0000    31050.0000 34175522   14.61%
  18112  5176    27694.0000   974    36362.0000    31050.0000 34200881   14.61%
  18118  5182    27694.0000  1102    36362.0000    31050.0000 34230681   14.61%
  18123  5181    27694.0000   986    36362.0000    31050.0000 34259769   14.61%
Elapsed time = 24790.99 sec. (26482495.51 ticks, tree = 51.30 MB, solutions = 3)
  18128  5178    27694.0000  1081    36362.0000    31050.0000 34283895   14.61%
  18132  5176    27694.0000  1008    36362.0000    31050.0000 34313035   14.61%
  18142  5172    29582.0000   862    36362.0000    31050.0000 34337759   14.61%
  18145  5171    27694.0000   966    36362.0000    31050.0000 34355874   14.61%
  18153  5170    33706.0000   713    36362.0000    31050.0000 34383517   14.61%
  18157  5168    27694.0000  1022    36362.0000    31050.0000 34415736   14.61%
  18163  5166    27694.0000  1089    36362.0000    31050.0000 34462735   14.61%
  18167  5170    27694.0000   990    36362.0000    31050.0000 34484923   14.61%
  18174  5177    27694.0000   938    36362.0000    31050.0000 34512107   14.61%
  18185  5178    27694.0000   889    36362.0000    31050.0000 34530205   14.61%
Elapsed time = 25026.92 sec. (26728781.11 ticks, tree = 51.28 MB, solutions = 3)
  18190  5181    29469.8412   754    36362.0000    31050.0000 34557362   14.61%
  18202  5173    27694.0000  1086    36362.0000    31050.0000 34588471   14.61%
  18204  5175    27694.0000   978    36362.0000    31050.0000 34621845   14.61%
  18208  5179    27694.0000  1036    36362.0000    31050.0000 34651131   14.61%
  18212  5183    27694.0000   953    36362.0000    31050.0000 34677311   14.61%
  18229  5178    32217.0000   818    36362.0000    31050.0000 34709251   14.61%
  18234  5175    infeasible          36362.0000    31050.0000 34724180   14.61%
  18240  5173    27694.0000   906    36362.0000    31050.0000 34745473   14.61%
  18245  5171    27694.0000   995    36362.0000    31050.0000 34777624   14.61%
  18254  5169    30207.0000   727    36362.0000    31050.0000 34807447   14.61%
Elapsed time = 25236.13 sec. (26944312.60 ticks, tree = 51.23 MB, solutions = 3)
  18259  5168    27694.0000  1121    36362.0000    31050.0000 34838440   14.61%
  18263  5172    27694.0000  1175    36362.0000    31050.0000 34872472   14.61%
  18266  5175    27694.0000  1113    36362.0000    31050.0000 34902003   14.61%
  18268  5177    27694.0000  1080    36362.0000    31050.0000 34928635   14.61%
  18280  5175    27694.0000   981    36362.0000    31050.0000 34961150   14.61%
  18287  5171    infeasible          36362.0000    31050.0000 34990792   14.61%
  18288  5172    27694.0000  1045    36362.0000    31050.0000 35011584   14.61%
  18296  5180    27694.0000   956    36362.0000    31050.0000 35038344   14.61%
  18308  5182    27694.0000   960    36362.0000    31050.0000 35070369   14.61%
  18321  5175    27694.0000  1003    36362.0000    31050.0000 35109126   14.61%
Elapsed time = 25548.89 sec. (27175801.76 ticks, tree = 51.26 MB, solutions = 3)
  18327  5173    27694.0000  1123    36362.0000    31050.0000 35112771   14.61%
  18335  5169    27694.0000  1312    36362.0000    31050.0000 35155454   14.61%
  18337  5169    27694.0000  1309    36362.0000    31050.0000 35181945   14.61%
  18348  5178    27694.0000  1227    36362.0000    31050.0000 35203855   14.61%
  18363  5193    29368.0000   891    36362.0000    31050.0000 35228426   14.61%
  18369  5189    35573.0000   863    36362.0000    31050.0000 35256333   14.61%
  18376  5194    35573.0000   842    36362.0000    31050.0000 35284790   14.61%
  18387  5197    infeasible          36362.0000    31050.0000 35316891   14.61%
  18388  5198    27694.0000  1156    36362.0000    31050.0000 35316892   14.61%
  18395  5198    infeasible          36362.0000    31050.0000 35345949   14.61%
Elapsed time = 25802.16 sec. (27445688.29 ticks, tree = 51.41 MB, solutions = 3)
  18396  5199    27694.0000  1029    36362.0000    31050.0000 35369121   14.61%
  18398  5201    27694.0000  1015    36362.0000    31050.0000 35404344   14.61%
  18403  5204    27694.0000   994    36362.0000    31050.0000 35428508   14.61%
  18406  5207    27694.0000  1001    36362.0000    31050.0000 35460087   14.61%
  18417  5206    27694.0000  1026    36362.0000    31050.0000 35480743   14.61%
  18421  5210    27694.0000   946    36362.0000    31050.0000 35505064   14.61%
  18430  5211    30350.0000   812    36362.0000    31050.0000 35534332   14.61%
  18439  5209    27694.0000  1161    36362.0000    31050.0000 35582249   14.61%
  18442  5212    27694.0000   998    36362.0000    31050.0000 35617533   14.61%
  18450  5210    30350.0000   827    36362.0000    31050.0000 35643334   14.61%
Elapsed time = 26020.29 sec. (27674924.86 ticks, tree = 51.62 MB, solutions = 3)
  18464  5212        cutoff          36362.0000    31050.0000 35673275   14.61%
  18466  5212    27694.0000  1291    36362.0000    31050.0000 35697571   14.61%
  18468  5214    27694.0000  1269    36362.0000    31050.0000 35734684   14.61%
  18484  5220    infeasible          36362.0000    31050.0000 35764615   14.61%
  18486  5220    27694.0000   978    36362.0000    31050.0000 35783191   14.61%
  18489  5223    29648.0000   790    36362.0000    31050.0000 35804677   14.61%
  18497  5217    27694.0000  1205    36362.0000    31050.0000 35833490   14.61%
  18499  5217    27694.0000  1257    36362.0000    31050.0000 35855267   14.61%
  18501  5219    27694.0000  1278    36362.0000    31050.0000 35888365   14.61%
  18514  5228    27694.0000  1193    36362.0000    31050.0000 35911517   14.61%
Elapsed time = 26346.56 sec. (27956109.19 ticks, tree = 51.74 MB, solutions = 3)
  18523  5236    29368.0000   749    36362.0000    31050.0000 35934739   14.61%
  18530  5233    33237.3333   973    36362.0000    31050.0000 35963439   14.61%
  18533  5232    27694.0000  1282    36362.0000    31050.0000 35991498   14.61%
  18539  5234    infeasible          36362.0000    31050.0000 36012279   14.61%
  18542  5233    27694.0000  1222    36362.0000    31050.0000 36024356   14.61%
  18553  5240    27694.0000  1173    36362.0000    31050.0000 36040700   14.61%
  18568  5242    35573.0000   794    36362.0000    31050.0000 36070497   14.61%
  18582  5236    35573.0000   799    36362.0000    31050.0000 36105198   14.61%
  18589  5235    30350.0000   823    36362.0000    31050.0000 36131852   14.61%
  18595  5234    35573.0000   798    36362.0000    31050.0000 36154124   14.61%
Elapsed time = 26633.24 sec. (28170868.49 ticks, tree = 51.79 MB, solutions = 3)
  18607  5238    infeasible          36362.0000    31050.0000 36182374   14.61%
  18609  5236    infeasible          36362.0000    31050.0000 36203315   14.61%
  18611  5236    27694.0000  1466    36362.0000    31050.0000 36235319   14.61%
  18612  5237    27694.0000  1443    36362.0000    31050.0000 36255413   14.61%
  18618  5238    33573.0000   988    36362.0000    31050.0000 36285612   14.61%
  18631  5239    35573.0000   880    36362.0000    31050.0000 36316410   14.61%
  18639  5242    27694.0000  1232    36362.0000    31050.0000 36339840   14.61%
  18642  5243    27694.0000  1423    36362.0000    31050.0000 36374541   14.61%
  18644  5244    27694.0000  1369    36362.0000    31050.0000 36408154   14.61%
  18647  5247    27694.0000  1262    36362.0000    31050.0000 36438556   14.61%
Elapsed time = 27002.85 sec. (28452360.06 ticks, tree = 51.89 MB, solutions = 3)
  18657  5255    31607.0000   845    36362.0000    31050.0000 36460862   14.61%
  18669  5250    infeasible          36362.0000    31050.0000 36492102   14.61%
  18674  5250    27694.0000  1219    36362.0000    31050.0000 36505681   14.61%
  18677  5253    27694.0000  1226    36362.0000    31050.0000 36530068   14.61%
  18679  5255    27694.0000  1338    36362.0000    31050.0000 36557468   14.61%
  18681  5257    27694.0000  1444    36362.0000    31050.0000 36584761   14.61%
  18686  5260    27694.0000  1276    36362.0000    31050.0000 36616857   14.61%
  18692  5258    27694.0000  1199    36362.0000    31050.0000 36632822   14.61%
  18696  5262    27694.0000  1044    36362.0000    31050.0000 36657211   14.61%
  18702  5263    27694.0000  1069    36362.0000    31050.0000 36682261   14.61%
Elapsed time = 27286.79 sec. (28669845.52 ticks, tree = 52.13 MB, solutions = 3)
  18705  5264    27694.0000   971    36362.0000    31050.0000 36707115   14.61%
  18709  5262    27694.0000  1144    36362.0000    31050.0000 36728006   14.61%
  18713  5266    27694.0000  1075    36362.0000    31050.0000 36758987   14.61%
  18717  5266    27694.0000   987    36362.0000    31050.0000 36761026   14.61%
  18726  5263    infeasible          36362.0000    31050.0000 36789411   14.61%
  18729  5262    27694.0000  1044    36362.0000    31050.0000 36790417   14.61%
  18731  5264    27694.0000  1134    36362.0000    31050.0000 36820863   14.61%
  18735  5264    27694.0000   977    36362.0000    31050.0000 36834416   14.61%
  18747  5259    infeasible          36362.0000    31050.0000 36871638   14.61%
  18748  5260    27694.0000  1264    36362.0000    31050.0000 36893286   14.61%
Elapsed time = 27502.61 sec. (28895214.28 ticks, tree = 51.97 MB, solutions = 3)
  18751  5263    27694.0000  1275    36362.0000    31050.0000 36918835   14.61%
  18759  5267    27732.6814   962    36362.0000    31050.0000 36945358   14.61%
  18766  5263    35573.0000   798    36362.0000    31050.0000 36974017   14.61%
  18771  5263    27694.0000  1154    36362.0000    31050.0000 36989577   14.61%
  18776  5268    27694.0000   980    36362.0000    31050.0000 37018547   14.61%
  18784  5264    27694.0000  1180    36362.0000    31050.0000 37047527   14.61%
  18792  5264    27694.0000   982    36362.0000    31050.0000 37074139   14.61%
  18804  5266    27694.0000  1186    36362.0000    31050.0000 37103333   14.61%
  18808  5270    27694.0000   921    36362.0000    31050.0000 37134633   14.61%
  18814  5272    infeasible          36362.0000    31050.0000 37166095   14.61%
Elapsed time = 27694.49 sec. (29101260.86 ticks, tree = 52.06 MB, solutions = 3)
  18830  5262    27694.0000  1077    36362.0000    31050.0000 37224053   14.61%
  18832  5264    27694.0000  1143    36362.0000    31050.0000 37250996   14.61%
  18846  5278    27694.0000  1163    36362.0000    31050.0000 37276011   14.61%
  18853  5279    27694.0000  1032    36362.0000    31050.0000 37300601   14.61%
  18861  5276    30350.0000  1069    36362.0000    31050.0000 37331297   14.61%
  18867  5274    27766.0565  1089    36362.0000    31050.0000 37356731   14.61%
  18882  5260    35573.0000  1067    36362.0000    31050.0000 37393409   14.61%
  18886  5260    27694.0000  1412    36362.0000    31050.0000 37436859   14.61%
  18903  5265    27694.0000  1247    36362.0000    31050.0000 37494458   14.61%
  18908  5263    27694.0000  1165    36362.0000    31050.0000 37527973   14.61%
Elapsed time = 28047.33 sec. (29477254.22 ticks, tree = 51.99 MB, solutions = 3)
  18910  5265    28163.9332   873    36362.0000    31050.0000 37563587   14.61%
  18915  5262    infeasible          36362.0000    31050.0000 37565766   14.61%
  18917  5262    27694.0000  1216    36362.0000    31050.0000 37576518   14.61%
  18920  5261    27694.0000  1412    36362.0000    31050.0000 37606403   14.61%
  18926  5262    27694.0000  1313    36362.0000    31050.0000 37641783   14.61%
  18936  5262        cutoff          36362.0000    31050.0000 37659496   14.61%
  18942  5258    27694.0000  1471    36362.0000    31050.0000 37690093   14.61%
  18956  5272    27694.0000  1376    36362.0000    31050.0000 37715041   14.61%
  18957  5273    27694.0000  1396    36362.0000    31050.0000 37736055   14.61%
  18959  5273    27694.0000  1385    36362.0000    31050.0000 37763037   14.61%
Elapsed time = 28298.05 sec. (29754336.37 ticks, tree = 52.05 MB, solutions = 3)
  18972  5271    infeasible          36362.0000    31050.0000 37797054   14.61%
  18975  5270    27694.0000  1338    36362.0000    31050.0000 37821819   14.61%
  18978  5271    27694.0000  1225    36362.0000    31050.0000 37852491   14.61%
  18981  5274    27694.0000  1266    36362.0000    31050.0000 37869755   14.61%
  18984  5277    27694.0000  1276    36362.0000    31050.0000 37901672   14.61%
  18992  5279    27694.0000  1259    36362.0000    31050.0000 37926822   14.61%
  19001  5288    27694.0000  1158    36362.0000    31050.0000 37940385   14.61%
  19010  5281    infeasible          36362.0000    31050.0000 37967788   14.61%
  19015  5279    29582.0000  1110    36362.0000    31050.0000 37998828   14.61%
  19019  5278    29582.0000   967    36362.0000    31050.0000 38021253   14.61%
Elapsed time = 28511.87 sec. (29981521.72 ticks, tree = 52.09 MB, solutions = 3)
  19023  5278    27694.0000  1197    36362.0000    31050.0000 38039933   14.61%
  19033  5280    infeasible          36362.0000    31050.0000 38071775   14.61%
  19036  5279    27694.0000  1260    36362.0000    31050.0000 38086901   14.61%
  19042  5283    infeasible          36362.0000    31050.0000 38102708   14.61%
  19054  5273    27694.0000  1300    36362.0000    31050.0000 38120051   14.61%
  19059  5278    27694.0000  1127    36362.0000    31050.0000 38138898   14.61%
  19067  5279        cutoff          36362.0000    31050.0000 38157758   14.61%
  19073  5278    31999.5000   948    36362.0000    31050.0000 38174399   14.61%
  19079  5277    28163.9332   902    36362.0000    31050.0000 38199985   14.61%
  19084  5274    33573.0000  1066    36362.0000    31050.0000 38223405   14.61%
Elapsed time = 28691.99 sec. (30170660.44 ticks, tree = 52.06 MB, solutions = 3)
  19096  5262    infeasible          36362.0000    31050.0000 38247244   14.61%
  19097  5263    27694.0000  1009    36362.0000    31050.0000 38268550   14.61%
  19106  5258    27694.0000  1326    36362.0000    31050.0000 38311284   14.61%
  19110  5260    30350.0000   941    36362.0000    31050.0000 38337780   14.61%
  19120  5256    27694.0000  1267    36362.0000    31050.0000 38383649   14.61%
  19129  5253    27694.0000  1416    36362.0000    31050.0000 38417664   14.61%
  19131  5253    27694.0000  1482    36362.0000    31050.0000 38441039   14.61%
  19138  5260    27694.0000  1336    36362.0000    31050.0000 38459404   14.61%
  19141  5263    27694.0000  1477    36362.0000    31050.0000 38498817   14.61%
  19145  5267    27694.0000  1366    36362.0000    31050.0000 38518720   14.61%
Elapsed time = 29024.37 sec. (30525435.72 ticks, tree = 52.02 MB, solutions = 3)
  19154  5273    27694.0000  1167    36362.0000    31050.0000 38550857   14.61%
  19157  5272        cutoff          36362.0000    31050.0000 38571948   14.61%
  19159  5272    27694.0000  1270    36362.0000    31050.0000 38574098   14.61%
  19166  5279    27694.0000  1287    36362.0000    31050.0000 38599411   14.61%
  19172  5279    32723.5000  1006    36362.0000    31050.0000 38635905   14.61%
  19177  5278        cutoff          36362.0000    31050.0000 38658751   14.61%
  19183  5272    infeasible          36362.0000    31050.0000 38683769   14.61%
  19187  5270    33251.0000  1020    36362.0000    31050.0000 38710828   14.61%
  19195  5264    29201.3501  1021    36362.0000    31050.0000 38746129   14.61%
  19206  5256        cutoff          36362.0000    31050.0000 38769370   14.61%
Elapsed time = 29214.00 sec. (30721384.81 ticks, tree = 51.96 MB, solutions = 3)
  19208  5256    27694.0000  1328    36362.0000    31050.0000 38798624   14.61%
  19210  5258    27694.0000  1215    36362.0000    31050.0000 38816739   14.61%
  19218  5258    27694.0000  1244    36362.0000    31050.0000 38841914   14.61%
  19221  5261    27694.0000  1177    36362.0000    31050.0000 38863561   14.61%
  19228  5264        cutoff          36362.0000    31050.0000 38887650   14.61%
  19234  5260    27694.0000  1169    36362.0000    31050.0000 38924774   14.61%
  19240  5262        cutoff          36362.0000    31050.0000 38947150   14.61%
  19246  5262    33573.0000  1056    36362.0000    31050.0000 38974811   14.61%
  19253  5258    27694.0000  1316    36362.0000    31050.0000 39006437   14.61%
  19257  5262    27694.0000  1306    36362.0000    31050.0000 39029393   14.61%
Elapsed time = 29452.72 sec. (30982039.69 ticks, tree = 51.99 MB, solutions = 3)
  19265  5268    27694.0000  1259    36362.0000    31050.0000 39050171   14.61%
  19269  5268        cutoff          36362.0000    31050.0000 39072552   14.61%
  19274  5265    27694.0000  1247    36362.0000    31050.0000 39087540   14.61%
  19280  5269    27694.0000  1263    36362.0000    31050.0000 39114077   14.61%
  19287  5266    27694.0000  1294    36362.0000    31050.0000 39146470   14.61%
  19297  5260    27694.0000  1302    36362.0000    31050.0000 39172571   14.61%
  19300  5263    27694.0000   895    36362.0000    31050.0000 39198973   14.61%
  19309  5260    27694.0000  1265    36362.0000    31050.0000 39227419   14.61%
  19320  5257    infeasible          36362.0000    31050.0000 39250467   14.61%
  19321  5258    27694.0000  1242    36362.0000    31050.0000 39267970   14.61%
Elapsed time = 29654.47 sec. (31199709.32 ticks, tree = 51.96 MB, solutions = 3)
  19324  5261    27694.0000   859    36362.0000    31050.0000 39297015   14.61%
  19330  5256        cutoff          36362.0000    31050.0000 39321192   14.61%
  19331  5257    27694.0000  1432    36362.0000    31050.0000 39337187   14.61%
  19333  5259    27694.0000  1483    36362.0000    31050.0000 39353217   14.61%
  19340  5265    33688.0000   823    36362.0000    31050.0000 39373677   14.61%
  19350  5257    infeasible          36362.0000    31050.0000 39398837   14.61%
  19355  5257    27694.0000  1345    36362.0000    31050.0000 39429797   14.61%
  19358  5258    27694.0000  1241    36362.0000    31050.0000 39457730   14.61%
  19361  5259    27694.0000  1335    36362.0000    31050.0000 39480823   14.61%
  19371  5263    27694.0000  1222    36362.0000    31050.0000 39510621   14.61%
Elapsed time = 29856.18 sec. (31416883.34 ticks, tree = 52.00 MB, solutions = 3)
  19378  5258    27694.0000  1401    36362.0000    31050.0000 39551082   14.61%
  19381  5259    27694.0000  1279    36362.0000    31050.0000 39575118   14.61%
  19390  5264    27694.0000  1264    36362.0000    31050.0000 39599832   14.61%
  19401  5255    29582.0000   973    36362.0000    31050.0000 39630113   14.61%
  19408  5250    27694.0000  1098    36362.0000    31050.0000 39652250   14.61%
  19414  5250    27694.0000  1163    36362.0000    31050.0000 39709321   14.61%
  19418  5254    27694.0000  1246    36362.0000    31050.0000 39740821   14.61%
  19424  5254    27694.0000  1137    36362.0000    31050.0000 39766460   14.61%
  19427  5254    27694.0000  1068    36362.0000    31050.0000 39785500   14.61%
  19431  5258    27694.0000  1071    36362.0000    31050.0000 39812255   14.61%
Elapsed time = 30107.99 sec. (31677397.33 ticks, tree = 51.96 MB, solutions = 3)
  19440  5261    27694.0000  1086    36362.0000    31050.0000 39827864   14.61%
  19443  5264    27694.0000  1282    36362.0000    31050.0000 39865263   14.61%
  19448  5269    27694.0000  1256    36362.0000    31050.0000 39888653   14.61%
  19461  5264    27862.0000   978    36362.0000    31050.0000 39915437   14.61%
  19467  5262    27694.0000  1094    36362.0000    31050.0000 39940442   14.61%
  19478  5265    27694.0000  1123    36362.0000    31050.0000 39962188   14.61%
  19487  5260    27694.0000  1152    36362.0000    31050.0000 40002101   14.61%
  19495  5254    27694.0000  1151    36362.0000    31050.0000 40017262   14.61%
  19501  5260    27694.0000  1156    36362.0000    31050.0000 40040435   14.61%
  19512  5249    infeasible          36362.0000    31050.0000 40069912   14.61%
Elapsed time = 30406.23 sec. (31887247.39 ticks, tree = 51.91 MB, solutions = 3)
  19521  5242    30497.0000   923    36362.0000    31050.0000 40099010   14.61%
  19529  5236    27694.0000   908    36362.0000    31050.0000 40118268   14.61%
  19535  5238    27917.0224   765    36362.0000    31050.0000 40140779   14.61%
  19541  5237    27694.0000   960    36362.0000    31050.0000 40162915   14.61%
  19544  5240    27694.0000  1126    36362.0000    31050.0000 40197576   14.61%
  19546  5241    27694.0000  1143    36362.0000    31050.0000 40227033   14.61%
  19552  5243    27694.0000  1185    36362.0000    31050.0000 40253432   14.61%
  19555  5243    27694.0000  1047    36362.0000    31050.0000 40278485   14.61%
  19561  5245    30853.3333   944    36362.0000    31050.0000 40305170   14.61%
  19578  5234    27694.0000   966    36362.0000    31050.0000 40331478   14.61%
Elapsed time = 30611.14 sec. (32099279.50 ticks, tree = 51.82 MB, solutions = 3)
  19586  5232    32938.0000   768    36362.0000    31050.0000 40356393   14.61%
  19589  5232    27694.0000   897    36362.0000    31050.0000 40377379   14.61%
  19594  5233    27694.0000   978    36362.0000    31050.0000 40405149   14.61%
  19602  5233    27694.0000   816    36362.0000    31050.0000 40411583   14.61%
  19611  5230    27694.0000  1003    36362.0000    31050.0000 40441070   14.61%
  19614  5231    27694.0000  1056    36362.0000    31050.0000 40463794   14.61%
  19622  5233    27694.0000  1034    36362.0000    31050.0000 40481739   14.61%
  19631  5226    32217.0000   731    36362.0000    31050.0000 40512298   14.61%
  19634  5225    27831.3618  1117    36362.0000    31050.0000 40533321   14.61%
  19645  5216    infeasible          36362.0000    31050.0000 40556348   14.61%
Elapsed time = 30805.02 sec. (32297861.67 ticks, tree = 51.71 MB, solutions = 3)
  19648  5215    27694.0000  1009    36362.0000    31050.0000 40576473   14.61%
  19652  5215    27694.0000  1043    36362.0000    31050.0000 40593217   14.61%
  19656  5213    27694.0000  1001    36362.0000    31050.0000 40612933   14.61%
  19659  5216    27694.0000  1022    36362.0000    31050.0000 40642767   14.61%
  19667  5224    27694.0000   869    36362.0000    31050.0000 40668783   14.61%
  19679  5221    27694.0000   960    36362.0000    31050.0000 40700243   14.61%
  19682  5224    27731.3646   940    36362.0000    31050.0000 40724540   14.61%
  19705  5211    27694.0000  1049    36362.0000    31050.0000 40755084   14.61%
  19716  5206    27694.0000   964    36362.0000    31050.0000 40780780   14.61%
  19737  5199    infeasible          36362.0000    31050.0000 40806982   14.61%
Elapsed time = 31223.96 sec. (32523840.36 ticks, tree = 51.61 MB, solutions = 3)
  19743  5195    27694.0000   999    36362.0000    31050.0000 40829348   14.61%
  19745  5197    27694.0000  1049    36362.0000    31050.0000 40852910   14.61%
  19750  5201    27694.0000  1005    36362.0000    31050.0000 40881119   14.61%
  19767  5190    27694.0000   940    36362.0000    31050.0000 40908032   14.61%
  19777  5184    27836.7360  1090    36362.0000    31050.0000 40947334   14.61%
  19780  5183    27694.0000  1088    36362.0000    31050.0000 40963581   14.61%
  19788  5189    27694.0000  1081    36362.0000    31050.0000 40990285   14.61%
  19807  5183        cutoff          36362.0000    31050.0000 41018314   14.61%
  19808  5184    27694.0000   991    36362.0000    31050.0000 41032088   14.61%
  19818  5192    infeasible          36362.0000    31050.0000 41049893   14.61%
Elapsed time = 31430.99 sec. (32724857.50 ticks, tree = 51.57 MB, solutions = 3)
  19821  5191    27694.0000  1067    36362.0000    31050.0000 41064898   14.61%
  19829  5187    27694.0000  1023    36362.0000    31050.0000 41071718   14.61%
  19834  5190    27694.0000  1082    36362.0000    31050.0000 41099819   14.61%
  19844  5188    27694.0000   997    36362.0000    31050.0000 41119597   14.61%
  19847  5189    infeasible          36362.0000    31050.0000 41149033   14.61%
  19849  5191    27694.0000  1098    36362.0000    31050.0000 41176388   14.61%
  19858  5194    infeasible          36362.0000    31050.0000 41194537   14.61%
  19871  5185        cutoff          36362.0000    31050.0000 41224611   14.61%
  19879  5178    33251.0000   685    36362.0000    31050.0000 41261191   14.61%
  19882  5177    27694.0000  1109    36362.0000    31050.0000 41274089   14.61%
Elapsed time = 31620.75 sec. (32921644.48 ticks, tree = 51.47 MB, solutions = 3)
  19891  5184    27747.8943   952    36362.0000    31050.0000 41298871   14.61%
  19896  5181    27694.0000  1151    36362.0000    31050.0000 41326386   14.61%
  19905  5190    27694.0000  1168    36362.0000    31050.0000 41361470   14.61%
  19920  5197    32502.0000   781    36362.0000    31050.0000 41383321   14.61%
  19926  5193    27694.0000   959    36362.0000    31050.0000 41397602   14.61%
  19928  5195    27694.0000  1084    36362.0000    31050.0000 41422787   14.61%
  19932  5197    27694.0000  1039    36362.0000    31050.0000 41459731   14.61%
  19935  5196    27694.0000   937    36362.0000    31050.0000 41484955   14.61%
  19940  5197    27694.0000  1007    36362.0000    31050.0000 41511277   14.61%
  19949  5194    27694.0000   942    36362.0000    31050.0000 41540880   14.61%
Elapsed time = 31842.76 sec. (33151080.43 ticks, tree = 51.58 MB, solutions = 3)
  19959  5189    27694.0000  1048    36362.0000    31050.0000 41578584   14.61%
  19964  5190    30350.0000  1006    36362.0000    31050.0000 41610237   14.61%
  19977  5183    27694.0000  1080    36362.0000    31050.0000 41652993   14.61%
  19982  5180    35573.0000   477    36362.0000    31050.0000 41674618   14.61%
  19992  5175    27694.0000  1072    36362.0000    31050.0000 41704596   14.61%
  19996  5174    27694.0000   966    36362.0000    31050.0000 41743416   14.61%
  20006  5174    27694.0000  1043    36362.0000    31050.0000 41774005   14.61%
  20018  5174    27694.0000   965    36362.0000    31050.0000 41808734   14.61%
  20023  5171    infeasible          36362.0000    31050.0000 41830437   14.61%
  20029  5169        cutoff          36362.0000    31050.0000 41861912   14.61%
Elapsed time = 32089.79 sec. (33407420.61 ticks, tree = 51.30 MB, solutions = 3)
  20035  5165    27694.0000  1268    36362.0000    31050.0000 41886588   14.61%
  20041  5169    27694.0000  1038    36362.0000    31050.0000 41918997   14.61%
  20057  5169        cutoff          36362.0000    31050.0000 41941888   14.61%
  20059  5170    33251.0000   956    36362.0000    31050.0000 41963325   14.61%
  20084  5176    27694.0000  1118    36362.0000    31050.0000 42003208   14.61%
  20090  5174    27694.0000   963    36362.0000    31050.0000 42016162   14.61%
  20094  5174    27694.0000  1176    36362.0000    31050.0000 42037361   14.61%
  20099  5177    27694.0000  1186    36362.0000    31050.0000 42066774   14.61%
  20110  5180    30138.5000  1058    36362.0000    31050.0000 42095708   14.61%
  20116  5178    27694.0000  1160    36362.0000    31050.0000 42119043   14.61%
Elapsed time = 32330.45 sec. (33642038.69 ticks, tree = 51.37 MB, solutions = 3)
  20122  5176    27694.0000  1006    36362.0000    31050.0000 42148594   14.61%
  20128  5178    27694.0000  1130    36362.0000    31050.0000 42166213   14.61%
  20130  5180    27694.0000  1182    36362.0000    31050.0000 42201019   14.61%
  20150  5196    infeasible          36362.0000    31050.0000 42227032   14.61%
  20154  5198    27694.0000  1140    36362.0000    31050.0000 42259689   14.61%
  20157  5197    27694.0000   956    36362.0000    31050.0000 42272964   14.61%
  20159  5198    28332.6000  1115    36362.0000    31050.0000 42300708   14.61%
  20161  5198    27694.0000  1065    36362.0000    31050.0000 42312358   14.61%
  20166  5198    27694.0000  1139    36362.0000    31050.0000 42340646   14.61%
  20171  5203    27694.0000  1068    36362.0000    31050.0000 42363378   14.61%
Elapsed time = 32763.73 sec. (33862799.56 ticks, tree = 51.53 MB, solutions = 3)
  20183  5200    27694.0000  1045    36362.0000    31050.0000 42393883   14.61%
  20196  5202    30677.3333   856    36362.0000    31050.0000 42429930   14.61%
  20209  5201    27694.0000  1056    36362.0000    31050.0000 42452501   14.61%
  20211  5203    27694.0000  1083    36362.0000    31050.0000 42478572   14.61%
  20219  5201    27694.0000  1044    36362.0000    31050.0000 42493227   14.61%
  20230  5198    27694.0000  1279    36362.0000    31050.0000 42534726   14.61%
  20233  5201    27694.0000  1174    36362.0000    31050.0000 42570916   14.61%
  20238  5202    27694.0000   996    36362.0000    31050.0000 42592371   14.61%
  20259  5210    28333.4000  1010    36362.0000    31050.0000 42623825   14.61%
  20266  5209    27694.0000  1011    36362.0000    31050.0000 42644337   14.61%
Elapsed time = 33041.45 sec. (34080813.02 ticks, tree = 51.59 MB, solutions = 3)
  20274  5211    27694.0000  1273    36362.0000    31050.0000 42692330   14.61%
  20279  5216    27694.0000  1276    36362.0000    31050.0000 42723375   14.61%
  20285  5220    27694.0000  1191    36362.0000    31050.0000 42751109   14.61%
  20297  5222    28251.0000   892    36362.0000    31050.0000 42774590   14.61%
  20303  5218    27694.0000  1071    36362.0000    31050.0000 42791445   14.61%
  20306  5217    27694.0000  1310    36362.0000    31050.0000 42803059   14.61%
  20318  5208    32938.0000   959    36362.0000    31050.0000 42831491   14.61%
  20326  5202    infeasible          36362.0000    31050.0000 42854470   14.61%
  20334  5197    27694.0000   853    36362.0000    31050.0000 42873400   14.61%
  20341  5193    32217.0000   837    36362.0000    31050.0000 42898153   14.61%
Elapsed time = 33459.13 sec. (34295452.39 ticks, tree = 51.49 MB, solutions = 3)
  20346  5192    27831.3618  1097    36362.0000    31050.0000 42921610   14.61%
  20352  5188    27694.0000  1227    36362.0000    31050.0000 42941524   14.61%
  20354  5190    27694.0000  1469    36362.0000    31050.0000 42973186   14.61%
  20370  5192    infeasible          36362.0000    31050.0000 42998667   14.61%
  20372  5193    34406.0000  1151    36362.0000    31050.0000 43023432   14.61%
  20378  5189    27694.0000  1187    36362.0000    31050.0000 43039798   14.61%
  20391  5202    27694.0000  1029    36362.0000    31050.0000 43060932   14.61%
  20401  5196    27694.0000  1067    36362.0000    31050.0000 43080072   14.61%
  20404  5195    27694.0000  1105    36362.0000    31050.0000 43102110   14.61%
  20412  5201    27694.0000  1110    36362.0000    31050.0000 43134914   14.61%
Elapsed time = 33830.76 sec. (34491131.62 ticks, tree = 51.53 MB, solutions = 3)
  20417  5204    27694.0000  1106    36362.0000    31050.0000 43160404   14.61%
  20426  5204    27694.0000  1091    36362.0000    31050.0000 43182833   14.61%
  20440  5202    infeasible          36362.0000    31050.0000 43210630   14.61%
  20449  5195    27694.0000  1019    36362.0000    31050.0000 43235759   14.61%
  20467  5187    29832.4514   812    36362.0000    31050.0000 43267670   14.61%
  20471  5187    27694.0000  1126    36362.0000    31050.0000 43292244   14.61%
  20476  5188    27694.0000  1070    36362.0000    31050.0000 43314806   14.61%
  20481  5187    27694.0000  1140    36362.0000    31050.0000 43332458   14.61%
  20487  5191    27694.0000  1046    36362.0000    31050.0000 43362391   14.61%
  20499  5181    infeasible          36362.0000    31050.0000 43379803   14.61%
Elapsed time = 34018.91 sec. (34682979.00 ticks, tree = 51.42 MB, solutions = 3)
  20500  5182    27694.0000  1173    36362.0000    31050.0000 43398081   14.61%
  20511  5187    27694.0000   989    36362.0000    31050.0000 43419284   14.61%
  20515  5187    27694.0000  1076    36362.0000    31050.0000 43445608   14.61%
  20527  5185    35573.0000   662    36362.0000    31050.0000 43477414   14.61%
  20531  5185    27694.0000  1055    36362.0000    31050.0000 43495059   14.61%
  20537  5189    27694.0000   956    36362.0000    31050.0000 43518579   14.61%
  20550  5188    27694.0000  1084    36362.0000    31050.0000 43549878   14.61%
  20563  5183    infeasible          36362.0000    31050.0000 43580634   14.61%
  20566  5183    27694.0000  1196    36362.0000    31050.0000 43597978   14.61%
  20572  5189    27694.0000  1062    36362.0000    31050.0000 43622808   14.61%
Elapsed time = 34207.47 sec. (34880722.20 ticks, tree = 51.33 MB, solutions = 3)
  20577  5186    27694.0000  1277    36362.0000    31050.0000 43646621   14.61%
  20583  5190    27694.0000  1191    36362.0000    31050.0000 43664258   14.61%
  20589  5192    27694.0000  1124    36362.0000    31050.0000 43684599   14.61%
  20610  5191    27694.0000  1125    36362.0000    31050.0000 43724502   14.61%
  20619  5189    27714.8426  1106    36362.0000    31050.0000 43747788   14.61%
  20630  5192    27714.8426  1031    36362.0000    31050.0000 43773291   14.61%
  20634  5192    27694.0000  1047    36362.0000    31050.0000 43796547   14.61%
  20640  5192    27694.0000   962    36362.0000    31050.0000 43825050   14.61%
  20649  5191    27694.0000  1077    36362.0000    31050.0000 43841735   14.61%
  20655  5195    27694.0000  1109    36362.0000    31050.0000 43868833   14.61%
Elapsed time = 34415.44 sec. (35104309.12 ticks, tree = 51.38 MB, solutions = 3)
  20661  5197    27694.0000  1022    36362.0000    31050.0000 43889636   14.61%
  20669  5205    27694.0000  1113    36362.0000    31050.0000 43918063   14.61%
  20671  5207    27694.0000  1131    36362.0000    31050.0000 43941530   14.61%
  20683  5203    27694.0000  1131    36362.0000    31050.0000 43982682   14.61%
  20693  5207    32502.0000   884    36362.0000    31050.0000 44008549   14.61%
  20703  5201    27694.0000  1196    36362.0000    31050.0000 44039842   14.61%
  20709  5197    27694.0000  1066    36362.0000    31050.0000 44055290   14.61%
  20714  5194    27694.0000  1141    36362.0000    31050.0000 44070706   14.61%
  20720  5194        cutoff          36362.0000    31050.0000 44092866   14.61%
  20723  5195    27694.0000  1141    36362.0000    31050.0000 44116338   14.61%
Elapsed time = 34718.80 sec. (35318579.67 ticks, tree = 51.38 MB, solutions = 3)
  20729  5193    27694.0000  1059    36362.0000    31050.0000 44150985   14.61%
  20743  5187    27694.0000  1196    36362.0000    31050.0000 44192269   14.61%
  20751  5187    infeasible          36362.0000    31050.0000 44219613   14.61%
  20754  5186    27694.0000  1125    36362.0000    31050.0000 44252408   14.61%
  20762  5188    27694.0000  1118    36362.0000    31050.0000 44267342   14.61%
  20765  5189    27694.0000  1094    36362.0000    31050.0000 44293021   14.61%
  20771  5188    27694.0000  1082    36362.0000    31050.0000 44317832   14.61%
  20779  5182    infeasible          36362.0000    31050.0000 44342834   14.61%
  20781  5182    27694.0000  1371    36362.0000    31050.0000 44375767   14.61%
  20785  5182    27694.0000  1182    36362.0000    31050.0000 44403370   14.61%
Elapsed time = 35144.49 sec. (35611569.13 ticks, tree = 51.30 MB, solutions = 3)
  20788  5181    27694.0000  1188    36362.0000    31050.0000 44404178   14.61%
  20797  5184    27694.0000  1285    36362.0000    31050.0000 44427373   14.61%
  20808  5181    34406.0000   300    36362.0000    31050.0000 44460897   14.61%
  20816  5177    infeasible          36362.0000    31050.0000 44494247   14.61%
  20824  5180    27694.0000  1470    36362.0000    31050.0000 44528646   14.61%
  20831  5185    27694.0000  1471    36362.0000    31050.0000 44551063   14.61%
  20832  5186    27694.0000  1567    36362.0000    31050.0000 44572396   14.61%
  20846  5184    27694.0000  1546    36362.0000    31050.0000 44633713   14.61%
  20849  5187    27694.0000  1428    36362.0000    31050.0000 44662582   14.61%
  20853  5187    27694.0000  1245    36362.0000    31050.0000 44685530   14.61%
Elapsed time = 35448.01 sec. (35931187.02 ticks, tree = 51.34 MB, solutions = 3)
  20857  5185    27694.0000  1356    36362.0000    31050.0000 44705964   14.61%
  20864  5192    27694.0000  1488    36362.0000    31050.0000 44731534   14.61%
  20866  5194    27694.0000  1464    36362.0000    31050.0000 44757885   14.61%
  20869  5195    27694.0000  1352    36362.0000    31050.0000 44785116   14.61%
  20873  5193    27694.0000  1397    36362.0000    31050.0000 44813357   14.61%
  20875  5195    30350.0000  1090    36362.0000    31050.0000 44837314   14.61%
  20883  5191    27694.0000  1281    36362.0000    31050.0000 44860028   14.61%
  20888  5192    27694.0000  1297    36362.0000    31050.0000 44892333   14.61%
  20897  5195    27694.0000  1420    36362.0000    31050.0000 44924592   14.61%
  20901  5199    27694.0000  1502    36362.0000    31050.0000 44953746   14.61%
Elapsed time = 35727.08 sec. (36229626.00 ticks, tree = 51.42 MB, solutions = 3)
  20908  5197    27714.8426  1285    36362.0000    31050.0000 44979480   14.61%
  20913  5198    33706.0000  1010    36362.0000    31050.0000 45006310   14.61%
  20917  5196    27694.0000  1393    36362.0000    31050.0000 45025143   14.61%
  20924  5191    infeasible          36362.0000    31050.0000 45061408   14.61%
  20927  5188    infeasible          36362.0000    31050.0000 45082793   14.61%
  20928  5189    27694.0000  1576    36362.0000    31050.0000 45105130   14.61%
  20929  5190    27694.0000  1637    36362.0000    31050.0000 45125569   14.61%
  20939  5190    infeasible          36362.0000    31050.0000 45156042   14.61%
  20941  5190    27709.8499  1580    36362.0000    31050.0000 45178253   14.61%
  20947  5192    32938.0000   949    36362.0000    31050.0000 45202839   14.61%
Elapsed time = 35953.98 sec. (36467203.34 ticks, tree = 51.38 MB, solutions = 3)
  20953  5190    27694.0000  1129    36362.0000    31050.0000 45219341   14.61%
  20955  5192    31044.0000  1271    36362.0000    31050.0000 45251763   14.61%
  20959  5192    27694.0000  1267    36362.0000    31050.0000 45276301   14.61%
  20963  5193    infeasible          36362.0000    31050.0000 45301847   14.61%
  20969  5192    27694.0000  1230    36362.0000    31050.0000 45333760   14.61%
  20971  5194    27694.0000  1075    36362.0000    31050.0000 45358008   14.61%
* 20980+ 5175                        36082.0000    31050.0000            13.95%
  20984  5177    27694.0000  1120    36082.0000    31050.0000 45382002   13.95%
  20989  5179    27878.0000  1061    36082.0000    31050.0000 45418117   13.95%
  20998  5172    27694.0000  1125    36082.0000    31050.0000 45448029   13.95%
  21001  5171    27694.0000  1060    36082.0000    31050.0000 45469490   13.95%
Elapsed time = 36222.90 sec. (36691901.48 ticks, tree = 50.94 MB, solutions = 4)
  21008  5170    27694.8966  1067    36082.0000    31050.0000 45507153   13.95%
  21019  5175    27694.0000  1162    36082.0000    31050.0000 45531547   13.95%
  21021  5177    27694.0000  1131    36082.0000    31050.0000 45560213   13.95%
  21029  5185    27694.0000  1153    36082.0000    31050.0000 45584929   13.95%
  21044  5176    infeasible          36082.0000    31050.0000 45610102   13.95%
  21054  5180    27694.0000  1123    36082.0000    31050.0000 45620538   13.95%
  21066  5170    34406.0000  1203    36082.0000    31050.0000 45648123   13.95%
  21076  5163    infeasible          36082.0000    31050.0000 45664234   13.95%
  21078  5163    27694.0000  1104    36082.0000    31050.0000 45668903   13.95%
  21088  5173    27694.0000  1274    36082.0000    31050.0000 45688951   13.95%
Elapsed time = 36405.85 sec. (36877606.68 ticks, tree = 50.96 MB, solutions = 4)
  21096  5181    27694.0000  1353    36082.0000    31050.0000 45708194   13.95%
  21098  5183    27694.0000  1398    36082.0000    31050.0000 45727084   13.95%
  21102  5183    infeasible          36082.0000    31050.0000 45747283   13.95%
  21103  5184    27694.0000  1598    36082.0000    31050.0000 45765633   13.95%
  21106  5185    27694.0000  1612    36082.0000    31050.0000 45788214   13.95%
  21111  5189    27694.0000  1265    36082.0000    31050.0000 45825929   13.95%
  21113  5191    27694.0000  1343    36082.0000    31050.0000 45856134   13.95%
  21116  5192    27694.0000  1315    36082.0000    31050.0000 45893375   13.95%
  21122  5192    27694.0000  1080    36082.0000    31050.0000 45914716   13.95%
  21128  5197    27694.0000  1447    36082.0000    31050.0000 45942292   13.95%
Elapsed time = 36618.19 sec. (37095680.14 ticks, tree = 51.11 MB, solutions = 4)
  21130  5199    27694.0000  1480    36082.0000    31050.0000 45971210   13.95%
  21132  5201    27694.0000  1373    36082.0000    31050.0000 45993981   13.95%
  21137  5202    infeasible          36082.0000    31050.0000 46019267   13.95%
  21141  5200    27694.0000  1328    36082.0000    31050.0000 46033345   13.95%
  21145  5202    infeasible          36082.0000    31050.0000 46058993   13.95%
  21148  5201    27694.0000  1222    36082.0000    31050.0000 46082995   13.95%
  21156  5209    27694.0000  1239    36082.0000    31050.0000 46104692   13.95%
  21162  5203    infeasible          36082.0000    31050.0000 46124808   13.95%
  21164  5203    27694.0000  1235    36082.0000    31050.0000 46149091   13.95%
  21167  5204    27694.0000  1216    36082.0000    31050.0000 46184136   13.95%
Elapsed time = 36864.42 sec. (37320504.48 ticks, tree = 51.15 MB, solutions = 4)
  21172  5207    infeasible          36082.0000    31050.0000 46211014   13.95%
  21179  5202    27694.0000  1279    36082.0000    31050.0000 46255894   13.95%
  21182  5203    27694.0000  1296    36082.0000    31050.0000 46279443   13.95%
  21191  5202    infeasible          36082.0000    31050.0000 46302514   13.95%
  21195  5200    27694.0000  1263    36082.0000    31050.0000 46315572   13.95%
  21201  5202    27694.0000  1501    36082.0000    31050.0000 46357242   13.95%
  21205  5202    27694.0000  1263    36082.0000    31050.0000 46385467   13.95%
  21208  5204    27694.0000  1288    36082.0000    31050.0000 46413087   13.95%
  21211  5207    27694.0000  1113    36082.0000    31050.0000 46441555   13.95%
  21226  5212    32149.5000   915    36082.0000    31050.0000 46466886   13.95%
Elapsed time = 37114.09 sec. (37575427.45 ticks, tree = 51.20 MB, solutions = 4)
  21236  5208    27694.0000  1373    36082.0000    31050.0000 46503989   13.95%
  21241  5213    27694.0000  1544    36082.0000    31050.0000 46539316   13.95%
  21245  5213    27694.0000  1130    36082.0000    31050.0000 46556072   13.95%
  21253  5207    27694.0000  1206    36082.0000    31050.0000 46562114   13.95%
  21260  5214    27694.0000  1260    36082.0000    31050.0000 46593076   13.95%
  21262  5216    27694.0000  1127    36082.0000    31050.0000 46614157   13.95%
  21271  5219    27694.0000  1276    36082.0000    31050.0000 46646599   13.95%
  21283  5221    infeasible          36082.0000    31050.0000 46671253   13.95%
  21292  5215    infeasible          36082.0000    31050.0000 46699525   13.95%
  21294  5215    27694.0000  1170    36082.0000    31050.0000 46720393   13.95%
Elapsed time = 37363.26 sec. (37799811.31 ticks, tree = 51.22 MB, solutions = 4)
  21299  5218    27694.0000  1113    36082.0000    31050.0000 46751748   13.95%
  21304  5219    27694.0000  1106    36082.0000    31050.0000 46779941   13.95%
  21311  5214    27694.0000  1136    36082.0000    31050.0000 46803761   13.95%
  21318  5214    30350.0000  1067    36082.0000    31050.0000 46833443   13.95%
  21328  5212    infeasible          36082.0000    31050.0000 46859375   13.95%
  21338  5208    27694.0000  1591    36082.0000    31050.0000 46899252   13.95%
  21345  5213    27694.0000  1502    36082.0000    31050.0000 46920623   13.95%
  21352  5216    27694.0000  1413    36082.0000    31050.0000 46943943   13.95%
  21358  5222    27694.0000  1472    36082.0000    31050.0000 46977214   13.95%
  21364  5228    32938.0000   927    36082.0000    31050.0000 47006993   13.95%
Elapsed time = 37742.76 sec. (38008319.94 ticks, tree = 51.30 MB, solutions = 4)
  21374  5233    33251.0000   817    36082.0000    31050.0000 47036374   13.95%
  21378  5233    27694.0000  1349    36082.0000    31050.0000 47068826   13.95%
  21385  5234    infeasible          36082.0000    31050.0000 47096980   13.95%
  21394  5237    infeasible          36082.0000    31050.0000 47120521   13.95%
  21401  5234        cutoff          36082.0000    31050.0000 47141562   13.95%
  21403  5236    27694.0000  1256    36082.0000    31050.0000 47141919   13.95%
  21409  5235    30350.0000   878    36082.0000    31050.0000 47181708   13.95%
  21419  5229    infeasible          36082.0000    31050.0000 47206152   13.95%
  21428  5226    27694.0000  1298    36082.0000    31050.0000 47252350   13.95%
  21437  5223    27694.0000  1211    36082.0000    31050.0000 47293652   13.95%
Elapsed time = 38170.45 sec. (38242169.52 ticks, tree = 51.27 MB, solutions = 4)
  21439  5223    27694.0000  1541    36082.0000    31050.0000 47320098   13.95%
  21445  5225    27694.0000  1395    36082.0000    31050.0000 47357444   13.95%
  21448  5224    27694.0000  1423    36082.0000    31050.0000 47378187   13.95%
  21451  5227    27710.1443  1243    36082.0000    31050.0000 47403931   13.95%
  21462  5229    27694.0000  1285    36082.0000    31050.0000 47424267   13.95%
  21467  5226    27694.0000  1312    36082.0000    31050.0000 47445473   13.95%
  21476  5231    infeasible          36082.0000    31050.0000 47465151   13.95%
  21478  5233    27694.0000  1306    36082.0000    31050.0000 47490552   13.95%
  21483  5232    infeasible          36082.0000    31050.0000 47515187   13.95%
  21489  5228    27694.0000  1317    36082.0000    31050.0000 47529969   13.95%
Elapsed time = 38419.58 sec. (38503271.32 ticks, tree = 51.30 MB, solutions = 4)
  21501  5220    infeasible          36082.0000    31050.0000 47566577   13.95%
  21503  5220    27694.0000  1396    36082.0000    31050.0000 47609557   13.95%
  21512  5223    infeasible          36082.0000    31050.0000 47636335   13.95%
  21519  5220    27694.0000  1394    36082.0000    31050.0000 47655476   13.95%
  21525  5223    27694.0000  1173    36082.0000    31050.0000 47682462   13.95%
  21530  5221    33251.0000  1218    36082.0000    31050.0000 47710068   13.95%
  21534  5219    27694.0000  1443    36082.0000    31050.0000 47766337   13.95%
  21535  5220    27694.0000  1353    36082.0000    31050.0000 47786158   13.95%
  21536  5221    27694.0000  1475    36082.0000    31050.0000 47809776   13.95%
  21539  5224    34406.0000   947    36082.0000    31050.0000 47828510   13.95%
Elapsed time = 38700.97 sec. (38800898.76 ticks, tree = 51.28 MB, solutions = 4)
  21542  5223    27694.0000  1298    36082.0000    31050.0000 47829662   13.95%
  21546  5227    27694.0000  1497    36082.0000    31050.0000 47847724   13.95%
  21553  5234    27694.0000  1512    36082.0000    31050.0000 47861696   13.95%
  21556  5235        cutoff          36082.0000    31050.0000 47882185   13.95%
  21563  5233    27694.0000  1364    36082.0000    31050.0000 47912860   13.95%
  21573  5229    infeasible          36082.0000    31050.0000 47935487   13.95%
  21575  5229    27694.0000  1351    36082.0000    31050.0000 47936376   13.95%
  21579  5233    27694.0000  1145    36082.0000    31050.0000 47960821   13.95%
  21581  5235    27694.0000  1266    36082.0000    31050.0000 47989942   13.95%
  21594  5232    27694.0000  1399    36082.0000    31050.0000 48013149   13.95%
Elapsed time = 38919.59 sec. (39028491.83 ticks, tree = 51.88 MB, solutions = 4)
  21599  5229    27694.0000  1454    36082.0000    31050.0000 48044562   13.95%
  21607  5233    infeasible          36082.0000    31050.0000 48067165   13.95%
  21617  5225    infeasible          36082.0000    31050.0000 48090348   13.95%
  21624  5220    28163.9332  1131    36082.0000    31050.0000 48120744   13.95%
  21628  5218    27694.0000  1397    36082.0000    31050.0000 48138707   13.95%
  21630  5220    27694.0000  1508    36082.0000    31050.0000 48170485   13.95%
  21634  5220    27694.0000  1402    36082.0000    31050.0000 48182365   13.95%
  21639  5219    27694.0000  1432    36082.0000    31050.0000 48210595   13.95%
  21642  5218    27694.0000  1493    36082.0000    31050.0000 48248170   13.95%
  21645  5221    27694.0000  1425    36082.0000    31050.0000 48276909   13.95%
Elapsed time = 39171.63 sec. (39290907.74 ticks, tree = 51.81 MB, solutions = 4)
  21647  5223    27694.0000  1416    36082.0000    31050.0000 48300638   13.95%
  21654  5220    infeasible          36082.0000    31050.0000 48313275   13.95%
  21658  5218    27694.0000  1320    36082.0000    31050.0000 48333185   13.95%
  21665  5219    30350.0000   994    36082.0000    31050.0000 48358832   13.95%
  21670  5218    27694.0000  1271    36082.0000    31050.0000 48373812   13.95%
  21677  5219    33251.0000   849    36082.0000    31050.0000 48399502   13.95%
Starting limited solution polishing.
  21680  5218    27694.0000  1405    36082.0000    31050.0000 48401699   13.95%
  21687  5217    35573.0000   935    36082.0000    31050.0000 48433391   13.95%
  21697  5211    27694.0000  1426    36082.0000    31050.0000 48472033   13.95%
  21702  5208    infeasible          36082.0000    31050.0000 48496114   13.95%
Elapsed time = 39400.90 sec. (39531990.90 ticks, tree = 51.32 MB, solutions = 4)
  21704  5208    27694.0000  1424    36082.0000    31050.0000 48509961   13.95%
  21709  5207    27694.0000  1255    36082.0000    31050.0000 48550360   13.95%
  21711  5208    29364.0000   942    36082.0000    31050.0000 48565076   13.95%
  21717  5206    33573.0000  1188    36082.0000    31050.0000 48587122   13.95%
  21722  5205    27694.0000  1403    36082.0000    31050.0000 48618615   13.95%
  21726  5209    27694.0000  1438    36082.0000    31050.0000 48636149   13.95%
  21727  5210    27694.0000  1426    36082.0000    31050.0000 48656856   13.95%
  21729  5212    27694.0000  1375    36082.0000    31050.0000 48686297   13.95%
  21736  5219    27694.0000  1461    36082.0000    31050.0000 48705787   13.95%
  21738  5221    27694.0000  1337    36082.0000    31050.0000 48729215   13.95%
Elapsed time = 39632.82 sec. (39772653.03 ticks, tree = 51.26 MB, solutions = 4)
  21750  5214    27694.0000  1395    36082.0000    31050.0000 48769144   13.95%
  21752  5216    31603.7535   861    36082.0000    31050.0000 48792209   13.95%
  21757  5211        cutoff          36082.0000    31050.0000 48813644   13.95%
  21761  5211    27694.0000  1375    36082.0000    31050.0000 48829349   13.95%
  21778  5212    34406.0000  1213    36082.0000    31050.0000 48864651   13.95%
  21782  5212    27694.0000  1413    36082.0000    31050.0000 48882064   13.95%
  21786  5212        cutoff          36082.0000    31050.0000 48906033   13.95%
  21792  5212    27694.0000  1172    36082.0000    31050.0000 48931212   13.95%
  21798  5212    infeasible          36082.0000    31050.0000 48954555   13.95%
  21801  5211    27694.0000  1192    36082.0000    31050.0000 48975853   13.95%
Elapsed time = 39852.39 sec. (40004885.38 ticks, tree = 51.20 MB, solutions = 4)
  21807  5207    27694.0000  1509    36082.0000    31050.0000 48992601   13.95%
  21810  5206    27694.0000  1266    36082.0000    31050.0000 49007137   13.95%
  21813  5209    27694.0000  1332    36082.0000    31050.0000 49032890   13.95%
  21816  5210        cutoff          36082.0000    31050.0000 49055497   13.95%
  21820  5208    27694.0000  1425    36082.0000    31050.0000 49070002   13.95%
  21825  5209    27694.0000  1237    36082.0000    31050.0000 49102090   13.95%
  21833  5205    27694.0000  1736    36082.0000    31050.0000 49132875   13.95%
  21835  5205    28866.0000  1013    36082.0000    31050.0000 49158859   13.95%
  21840  5202    27694.0000  1429    36082.0000    31050.0000 49177786   13.95%
  21845  5203        cutoff          36082.0000    31050.0000 49202919   13.95%
Elapsed time = 40112.58 sec. (40281793.38 ticks, tree = 51.16 MB, solutions = 4)
  21847  5203    27694.0000  1407    36082.0000    31050.0000 49225934   13.95%
  21852  5200    27694.0000  1453    36082.0000    31050.0000 49239216   13.95%
  21855  5203    27694.0000  1612    36082.0000    31050.0000 49261482   13.95%
  21867  5214    29368.0000   972    36082.0000    31050.0000 49274797   13.95%
  21873  5209    35573.0000   991    36082.0000    31050.0000 49297847   13.95%
  21880  5205    infeasible          36082.0000    31050.0000 49312365   13.95%
  21882  5205    27694.0000  1178    36082.0000    31050.0000 49348599   13.95%
  21884  5207    29005.2000   895    36082.0000    31050.0000 49372768   13.95%
  21890  5205    27694.0000  1115    36082.0000    31050.0000 49395810   13.95%
  21893  5206    32390.0000   519    36082.0000    31050.0000 49423905   13.95%
Elapsed time = 40332.64 sec. (40509149.43 ticks, tree = 51.17 MB, solutions = 4)
  21896  5205    27694.0000  1276    36082.0000    31050.0000 49450314   13.95%
  21899  5206    27694.0000  1220    36082.0000    31050.0000 49472449   13.95%
  21904  5211    27694.0000  1083    36082.0000    31050.0000 49505926   13.95%
  21908  5211    27694.0000  1111    36082.0000    31050.0000 49527837   13.95%
  21919  5206    28726.4352  1299    36082.0000    31050.0000 49559954   13.95%
  21924  5204    27694.0000  1460    36082.0000    31050.0000 49567731   13.95%
  21935  5211    35573.0000  1016    36082.0000    31050.0000 49592851   13.95%
  21942  5208    27694.0000  1508    36082.0000    31050.0000 49614293   13.95%
  21948  5210    27694.0000  1402    36082.0000    31050.0000 49638178   13.95%
  21960  5206    27694.0000  1481    36082.0000    31050.0000 49679162   13.95%
Elapsed time = 40580.65 sec. (40765981.77 ticks, tree = 51.17 MB, solutions = 4)
  21962  5208    27694.0000  1488    36082.0000    31050.0000 49710387   13.95%
  21967  5211    27694.0000  1362    36082.0000    31050.0000 49739408   13.95%
  21973  5210    27694.0000  1350    36082.0000    31050.0000 49769679   13.95%
  21981  5211    27694.0000  1294    36082.0000    31050.0000 49796269   13.95%
  21988  5207    33251.0000   918    36082.0000    31050.0000 49822725   13.95%
  21990  5207    27694.0000  1504    36082.0000    31050.0000 49842031   13.95%
  21994  5207    33573.0000   982    36082.0000    31050.0000 49863501   13.95%
  21998  5205    27694.0000  1508    36082.0000    31050.0000 49866340   13.95%
  22004  5207    27694.0000  1206    36082.0000    31050.0000 49896200   13.95%
  22013  5206    35573.0000   992    36082.0000    31050.0000 49923396   13.95%
Elapsed time = 40798.75 sec. (40994543.77 ticks, tree = 51.17 MB, solutions = 4)
  22021  5202    27694.0000  1597    36082.0000    31050.0000 49967226   13.95%
  22022  5203    27694.0000  1563    36082.0000    31050.0000 49986071   13.95%
  22031  5204    28163.9332  1150    36082.0000    31050.0000 50031423   13.95%
  22035  5204    27694.0000  1412    36082.0000    31050.0000 50031952   13.95%
  22041  5204    28163.9332  1018    36082.0000    31050.0000 50065787   13.95%
  22047  5200    27694.0000  1473    36082.0000    31050.0000 50091167   13.95%
  22052  5205    33706.0000   896    36082.0000    31050.0000 50119644   13.95%
  22055  5204    27694.0000  1516    36082.0000    31050.0000 50145422   13.95%
  22058  5205    27714.8426  1253    36082.0000    31050.0000 50165018   13.95%
  22069  5210    30350.0000  1116    36082.0000    31050.0000 50191409   13.95%
Elapsed time = 41066.99 sec. (41276919.66 ticks, tree = 51.20 MB, solutions = 4)
  22078  5207        cutoff          36082.0000    31050.0000 50213457   13.95%
  22082  5209    27694.0000  1380    36082.0000    31050.0000 50229055   13.95%
  22084  5211    27694.0000  1520    36082.0000    31050.0000 50253666   13.95%
  22090  5211    27694.0000  1390    36082.0000    31050.0000 50284301   13.95%
  22092  5213    27694.0000  1437    36082.0000    31050.0000 50304780   13.95%
  22096  5215        cutoff          36082.0000    31050.0000 50323163   13.95%
  22105  5211    27694.0000  1412    36082.0000    31050.0000 50346803   13.95%
  22111  5209    29582.0000  1137    36082.0000    31050.0000 50376104   13.95%
  22116  5210    27694.0000  1474    36082.0000    31050.0000 50388122   13.95%
  22129  5207    infeasible          36082.0000    31050.0000 50409550   13.95%
Elapsed time = 41271.69 sec. (41490350.97 ticks, tree = 51.18 MB, solutions = 4)
  22142  5200    30279.0000   482    36082.0000    31050.0000 50442152   13.95%
  22147  5199    27694.0000   607    36082.0000    31050.0000 50461074   13.95%
  22149  5201    27694.0000   745    36082.0000    31050.0000 50488404   13.95%
  22167  5201    infeasible          36082.0000    31050.0000 50527031   13.95%
  22179  5193    33161.4579   785    36082.0000    31050.0000 50555689   13.95%
  22184  5190    27694.0000  1304    36082.0000    31050.0000 50596258   13.95%
  22189  5190    27694.0000  1247    36082.0000    31050.0000 50605671   13.95%
  22192  5193    27694.0000  1305    36082.0000    31050.0000 50627151   13.95%
  22197  5192    35573.0000   993    36082.0000    31050.0000 50650642   13.95%
  22207  5189    35573.0000   652    36082.0000    31050.0000 50684599   13.95%
Elapsed time = 41475.56 sec. (41702626.40 ticks, tree = 51.07 MB, solutions = 4)
  22219  5181        cutoff          36082.0000    31050.0000 50713069   13.95%
  22220  5182    29338.0000  1171    36082.0000    31050.0000 50740430   13.95%
  22232  5174    32217.0000   825    36082.0000    31050.0000 50774733   13.95%
  22236  5174    29058.0000   976    36082.0000    31050.0000 50806207   13.95%
  22244  5169    27694.0000  1037    36082.0000    31050.0000 50835084   13.95%
  22251  5168        cutoff          36082.0000    31050.0000 50859359   13.95%
  22256  5167    27694.0000  1124    36082.0000    31050.0000 50888599   13.95%
  22273  5170    28721.1533   861    36082.0000    31050.0000 50916360   13.95%
  22287  5163    infeasible          36082.0000    31050.0000 50950721   13.95%
  22291  5163    32217.0000   844    36082.0000    31050.0000 50973433   13.95%
Elapsed time = 41652.74 sec. (41883318.65 ticks, tree = 50.91 MB, solutions = 4)
  22305  5154    27694.0000  1013    36082.0000    31050.0000 51001889   13.95%
  22312  5150    35238.5000   731    36082.0000    31050.0000 51035277   13.95%
  22320  5146    27694.0000  1119    36082.0000    31050.0000 51063356   13.95%
  22323  5145    27694.0000  1261    36082.0000    31050.0000 51084437   13.95%
  22326  5146    27694.0000  1249    36082.0000    31050.0000 51109196   13.95%
  22329  5147    27694.0000  1223    36082.0000    31050.0000 51141261   13.95%
  22336  5152    27694.0000  1157    36082.0000    31050.0000 51175463   13.95%
  22349  5145    infeasible          36082.0000    31050.0000 51207735   13.95%
  22352  5145    27694.0000  1163    36082.0000    31050.0000 51253590   13.95%
  22356  5147    27694.0000  1232    36082.0000    31050.0000 51285646   13.95%
Elapsed time = 41902.43 sec. (42138159.55 ticks, tree = 50.82 MB, solutions = 4)
  22359  5148    27694.0000  1093    36082.0000    31050.0000 51312777   13.95%
  22364  5149    infeasible          36082.0000    31050.0000 51340331   13.95%
  22374  5142    33251.0000   721    36082.0000    31050.0000 51375726   13.95%
  22380  5140    27694.0000  1083    36082.0000    31050.0000 51410984   13.95%
  22386  5142    infeasible          36082.0000    31050.0000 51431317   13.95%
  22393  5137    32217.0000   673    36082.0000    31050.0000 51458175   13.95%
  22400  5134    27694.0000  1191    36082.0000    31050.0000 51488396   13.95%
  22402  5136    27694.0000  1319    36082.0000    31050.0000 51510439   13.95%
  22405  5137    27694.0000  1275    36082.0000    31050.0000 51535481   13.95%
  22408  5138    27694.0000  1174    36082.0000    31050.0000 51555728   13.95%
Elapsed time = 42113.08 sec. (42353739.12 ticks, tree = 50.50 MB, solutions = 4)
  22419  5141    27694.0000  1337    36082.0000    31050.0000 51593231   13.95%
  22428  5140        cutoff          36082.0000    31050.0000 51618460   13.95%
  22437  5137    27694.0000   870    36082.0000    31050.0000 51635947   13.95%
  22452  5127    infeasible          36082.0000    31050.0000 51663620   13.95%
  22453  5128    27694.0000  1129    36082.0000    31050.0000 51677398   13.95%
  22457  5130    27747.8937   962    36082.0000    31050.0000 51705759   13.95%
  22471  5128    infeasible          36082.0000    31050.0000 51711237   13.95%
  22477  5126    27694.0000  1271    36082.0000    31050.0000 51730444   13.95%
  22481  5126    27694.0000  1399    36082.0000    31050.0000 51759835   13.95%
  22486  5126    31999.5000  1109    36082.0000    31050.0000 51782225   13.95%
Elapsed time = 42314.68 sec. (42557766.44 ticks, tree = 50.44 MB, solutions = 4)
  22490  5126    27694.0000  1298    36082.0000    31050.0000 51802944   13.95%
  22496  5120        cutoff          36082.0000    31050.0000 51845546   13.95%
  22499  5119    27694.0000  1124    36082.0000    31050.0000 51880498   13.95%
  22503  5123    27694.0000  1195    36082.0000    31050.0000 51902877   13.95%
  22506  5122    27694.0000  1183    36082.0000    31050.0000 51916896   13.95%
  22517  5121    infeasible          36082.0000    31050.0000 51939837   13.95%
  22523  5119    27694.0000  1100    36082.0000    31050.0000 51960706   13.95%
  22528  5122    27694.0000  1266    36082.0000    31050.0000 51990341   13.95%
  22533  5123    infeasible          36082.0000    31050.0000 52009448   13.95%
  22535  5123    27694.0000  1232    36082.0000    31050.0000 52027536   13.95%
Elapsed time = 42539.00 sec. (42786039.96 ticks, tree = 50.42 MB, solutions = 4)
  22542  5120    27694.0000  1153    36082.0000    31050.0000 52051273   13.95%
  22546  5120    27694.0000  1170    36082.0000    31050.0000 52070498   13.95%
  22554  5120    27694.0000  1233    36082.0000    31050.0000 52089613   13.95%
  22558  5120    27694.0000  1226    36082.0000    31050.0000 52115182   13.95%
  22563  5119    27694.0000  1048    36082.0000    31050.0000 52134121   13.95%
  22568  5117    31187.0000   915    36082.0000    31050.0000 52156021   13.95%
  22576  5112    35573.0000   818    36082.0000    31050.0000 52194276   13.95%
  22590  5102    infeasible          36082.0000    31050.0000 52220537   13.95%
  22599  5099    27694.0000  1246    36082.0000    31050.0000 52275972   13.95%
  22600  5100    27694.0000  1257    36082.0000    31050.0000 52298003   13.95%
Elapsed time = 42798.76 sec. (43047499.57 ticks, tree = 50.27 MB, solutions = 4)
  22610  5100    27694.0000  1103    36082.0000    31050.0000 52324861   13.95%
  22619  5100    31894.8000   709    36082.0000    31050.0000 52352372   13.95%
  22623  5098    27694.0000  1413    36082.0000    31050.0000 52397996   13.95%
  22624  5099    27694.0000  1408    36082.0000    31050.0000 52420838   13.95%
  22625  5100    27694.0000  1222    36082.0000    31050.0000 52441174   13.95%
  22627  5102    27694.0000  1210    36082.0000    31050.0000 52476533   13.95%
  22630  5103        cutoff          36082.0000    31050.0000 52497263   13.95%
  22632  5103    27694.0000  1112    36082.0000    31050.0000 52516228   13.95%
  22634  5105    29181.9043   723    36082.0000    31050.0000 52544003   13.95%
  22642  5099    27694.0000  1151    36082.0000    31050.0000 52583080   13.95%
Elapsed time = 43068.28 sec. (43320306.25 ticks, tree = 50.27 MB, solutions = 4)
  22652  5093    27694.0000  1216    36082.0000    31050.0000 52619033   13.95%
  22661  5094    27694.0000  1262    36082.0000    31050.0000 52673393   13.95%
  22667  5097    27694.0000  1127    36082.0000    31050.0000 52700817   13.95%

GUB cover cuts applied:  548
Clique cuts applied:  70
Cover cuts applied:  1002
Implied bound cuts applied:  130
Flow cuts applied:  744
Mixed integer rounding cuts applied:  1067
Zero-half cuts applied:  22
Lift and project cuts applied:  1
Gomory fractional cuts applied:  2

Root node processing (before b&c):
  Real time             =  143.58 sec. (130364.33 ticks)
Sequential b&c:
  Real time             = 43056.44 sec. (43323469.46 ticks)
                          ------------
Total (root+branch&cut) = 43200.02 sec. (43453833.80 ticks)
Feasible

>> Printing some results...
    -> Solution value = 36082 - 10:01:22
    -> Total time = 43200.02
    -> Gap value = 0.14

=============
Train 0
=============
> Trip 0
   8(time 840 - 00:14:00)(time 1260 - 00:21:00) -> 7
> Trip 1
   0(time 11770 - 03:16:10)(time 12190 - 03:23:10) ->    1(time 12470 - 03:27:50)(time 12854 - 03:34:14) ->    2(time 13328 - 03:42:08)(time 13790 - 03:49:50) ->    3(time 13852 - 03:50:52)(time 14309 - 03:58:29) ->    4(time 14371 - 03:59:31)(time 14763 - 04:06:03) ->    5(time 14825 - 04:07:05)(time 15258 - 04:14:18) ->    6(time 15538 - 04:18:58)(time 15538 - 04:18:58) ->    13(time 15538 - 04:18:58)(time 15971 - 04:26:11) ->    12(time 16033 - 04:27:13)(time 16425 - 04:33:45) ->    11(time 16487 - 04:34:47)(time 16944 - 04:42:24) ->    10(time 17006 - 04:43:26)(time 17468 - 04:51:08) ->    9(time 17798 - 04:56:38)(time 18182 - 05:03:02) ->    8(time 18462 - 05:07:42)(time 18882 - 05:14:42) ->    7(time 19162 - 05:19:22)(time 19162 - 05:19:22) -> 0
> Trip 2
   0(time 20478 - 05:41:18)(time 20898 - 05:48:18) ->    1(time 21178 - 05:52:58)(time 21562 - 05:59:22) ->    2(time 21624 - 06:00:24)(time 22086 - 06:08:06) ->    3(time 22148 - 06:09:08)(time 22605 - 06:16:45) ->    4(time 22667 - 06:17:47)(time 23059 - 06:24:19) ->    5(time 23121 - 06:25:21)(time 23554 - 06:32:34) ->    6(time 23834 - 06:37:14)(time 23834 - 06:37:14) ->    13(time 23834 - 06:37:14)(time 24267 - 06:44:27) ->    12(time 24329 - 06:45:29)(time 24721 - 06:52:01) ->    11(time 25195 - 06:59:55)(time 25652 - 07:07:32) ->    10(time 25714 - 07:08:34)(time 26176 - 07:16:16) ->    9(time 26238 - 07:17:18)(time 26622 - 07:23:42) ->    8(time 26902 - 07:28:22)(time 27322 - 07:35:22) ->    7(time 27694 - 07:41:34)(time 27694 - 07:41:34) -> 0
> Trip 3
   0(time 27694 - 07:41:34)(time 28114 - 07:48:34) ->    1(time 28394 - 07:53:14)(time 28778 - 07:59:38) ->    2(time 28840 - 08:00:40)(time 29302 - 08:08:22) ->    3(time 29364 - 08:09:24)(time 29821 - 08:17:01) ->    4(time 29883 - 08:18:03)(time 30275 - 08:24:35) ->    5(time 30337 - 08:25:37)(time 30770 - 08:32:50) ->    6(time 31050 - 08:37:30)(time 31050 - 08:37:30) ->    13(time 31050 - 08:37:30)(time 31483 - 08:44:43) ->    12(time 31545 - 08:45:45)(time 31937 - 08:52:17) ->    11(time 31999 - 08:53:19)(time 32456 - 09:00:56) ->    10(time 32518 - 09:01:58)(time 32980 - 09:09:40) ->    9(time 33042 - 09:10:42)(time 33426 - 09:17:06) ->    8(time 33900 - 09:25:00)(time 34320 - 09:32:00) ->    7(time 34600 - 09:36:40)(time 34600 - 09:36:40) -> 0
=============
Train 1
=============
> Trip 0
   8(time 0 - 00:00:00)(time 420 - 00:07:00) -> 7
> Trip 1
   0(time 420 - 00:07:00)(time 840 - 00:14:00) ->    1(time 1120 - 00:18:40)(time 1504 - 00:25:04) ->    2(time 1677 - 00:27:57)(time 2139 - 00:35:39) ->    3(time 2613 - 00:43:33)(time 3070 - 00:51:10) ->    4(time 3544 - 00:59:04)(time 3936 - 01:05:36) ->    5(time 3998 - 01:06:38)(time 4431 - 01:13:51) ->    6(time 4711 - 01:18:31)(time 4711 - 01:18:31) ->    13(time 4711 - 01:18:31)(time 5144 - 01:25:44) ->    12(time 5206 - 01:26:46)(time 5598 - 01:33:18) ->    11(time 5806 - 01:36:46)(time 6263 - 01:44:23) ->    10(time 6737 - 01:52:17)(time 7199 - 01:59:59) ->    9(time 7673 - 02:07:53)(time 8057 - 02:14:17) ->    8(time 8531 - 02:22:11)(time 8951 - 02:29:11) ->    7(time 9231 - 02:33:51)(time 9231 - 02:33:51) -> 0
> Trip 2
   0(time 9232 - 02:33:52)(time 9652 - 02:40:52) ->    1(time 9932 - 02:45:32)(time 10316 - 02:51:56) ->    2(time 10378 - 02:52:58)(time 10840 - 03:00:40) ->    3(time 11273 - 03:07:53)(time 11730 - 03:15:30) ->    4(time 12083 - 03:21:23)(time 12475 - 03:27:55) ->    5(time 12949 - 03:35:49)(time 13382 - 03:43:02) ->    6(time 13856 - 03:50:56)(time 13856 - 03:50:56) ->    13(time 14330 - 03:58:50)(time 14763 - 04:06:03) ->    12(time 14825 - 04:07:05)(time 15217 - 04:13:37) ->    11(time 15279 - 04:14:39)(time 15736 - 04:22:16) ->    10(time 16016 - 04:26:56)(time 16478 - 04:34:38) ->    9(time 16540 - 04:35:40)(time 16924 - 04:42:04) ->    8(time 17204 - 04:46:44)(time 17624 - 04:53:44) ->    7(time 18098 - 05:01:38)(time 18098 - 05:01:38) -> 0
> Trip 3
   0(time 26100 - 07:15:00)(time 26520 - 07:22:00) ->    1(time 26994 - 07:29:54)(time 27378 - 07:36:18) ->    2(time 27694 - 07:41:34)(time 28156 - 07:49:16) ->    3(time 28218 - 07:50:18)(time 28675 - 07:57:55) ->    4(time 28737 - 07:58:57)(time 29129 - 08:05:29) ->    5(time 29191 - 08:06:31)(time 29624 - 08:13:44) ->    6(time 29904 - 08:18:24)(time 29904 - 08:18:24) ->    13(time 29904 - 08:18:24)(time 30337 - 08:25:37) ->    12(time 30399 - 08:26:39)(time 30791 - 08:33:11) ->    11(time 31113 - 08:38:33)(time 31570 - 08:46:10) ->    10(time 31632 - 08:47:12)(time 32094 - 08:54:54) ->    9(time 32568 - 09:02:48)(time 32952 - 09:09:12) ->    8(time 33426 - 09:17:06)(time 33846 - 09:24:06) ->    7(time 34320 - 09:32:00)(time 34320 - 09:32:00) -> 0
=============
Train 2
=============
> Trip 0
   1(time 0 - 00:00:00)(time 384 - 00:06:24) ->    2(time 446 - 00:07:26)(time 908 - 00:15:08) ->    3(time 970 - 00:16:10)(time 1427 - 00:23:47) ->    4(time 1489 - 00:24:49)(time 1881 - 00:31:21) ->    5(time 1943 - 00:32:23)(time 2376 - 00:39:36) -> 6
> Trip 1
   13(time 2657 - 00:44:17)(time 3090 - 00:51:30) ->    12(time 3152 - 00:52:32)(time 3544 - 00:59:04) ->    11(time 4018 - 01:06:58)(time 4475 - 01:14:35) ->    10(time 4949 - 01:22:29)(time 5411 - 01:30:11) ->    9(time 5885 - 01:38:05)(time 6269 - 01:44:29) ->    8(time 6743 - 01:52:23)(time 7163 - 01:59:23) ->    7(time 7637 - 02:07:17)(time 7637 - 02:07:17) ->    0(time 8111 - 02:15:11)(time 8531 - 02:22:11) ->    1(time 9005 - 02:30:05)(time 9389 - 02:36:29) ->    2(time 9863 - 02:44:23)(time 10325 - 02:52:05) ->    3(time 10799 - 02:59:59)(time 11256 - 03:07:36) ->    4(time 11730 - 03:15:30)(time 12122 - 03:22:02) ->    5(time 12184 - 03:23:04)(time 12617 - 03:30:17) ->    6(time 13091 - 03:38:11)(time 13091 - 03:38:11) -> 13
> Trip 2
   13(time 18802 - 05:13:22)(time 19235 - 05:20:35) ->    12(time 19297 - 05:21:37)(time 19689 - 05:28:09) ->    11(time 19751 - 05:29:11)(time 20208 - 05:36:48) ->    10(time 20270 - 05:37:50)(time 20732 - 05:45:32) ->    9(time 20794 - 05:46:34)(time 21178 - 05:52:58) ->    8(time 21458 - 05:57:38)(time 21878 - 06:04:38) ->    7(time 22158 - 06:09:18)(time 22158 - 06:09:18) ->    0(time 22338 - 06:12:18)(time 22758 - 06:19:18) ->    1(time 23232 - 06:27:12)(time 23616 - 06:33:36) ->    2(time 23678 - 06:34:38)(time 24140 - 06:42:20) ->    3(time 24202 - 06:43:22)(time 24659 - 06:50:59) ->    4(time 24721 - 06:52:01)(time 25113 - 06:58:33) ->    5(time 25587 - 07:06:27)(time 26020 - 07:13:40) ->    6(time 26494 - 07:21:34)(time 26494 - 07:21:34) -> 13
> Trip 3
   13(time 28544 - 07:55:44)(time 28977 - 08:02:57) ->    12(time 29451 - 08:10:51)(time 29843 - 08:17:23) ->    11(time 30317 - 08:25:17)(time 30774 - 08:32:54) ->    10(time 30836 - 08:33:56)(time 31298 - 08:41:38) ->    9(time 31360 - 08:42:40)(time 31744 - 08:49:04) ->    8(time 32024 - 08:53:44)(time 32444 - 09:00:44) ->    7(time 32724 - 09:05:24)(time 32724 - 09:05:24) ->    0(time 32724 - 09:05:24)(time 33144 - 09:12:24) ->    1(time 33426 - 09:17:06)(time 33810 - 09:23:30) ->    2(time 33872 - 09:24:32)(time 34334 - 09:32:14) ->    3(time 34396 - 09:33:16)(time 34853 - 09:40:53) ->    4(time 34915 - 09:41:55)(time 35307 - 09:48:27) ->    5(time 35369 - 09:49:29)(time 35802 - 09:56:42) ->    6(time 36082 - 10:01:22)(time 36082 - 10:01:22) -> 13
=============
Train 3
=============
> Trip 0
   1(time 62 - 00:01:02)(time 446 - 00:07:26) ->    2(time 508 - 00:08:28)(time 970 - 00:16:10) ->    3(time 1032 - 00:17:12)(time 1489 - 00:24:49) ->    4(time 1551 - 00:25:51)(time 1943 - 00:32:23) ->    5(time 2005 - 00:33:25)(time 2438 - 00:40:38) -> 6
> Trip 1
   13(time 2595 - 00:43:15)(time 3028 - 00:50:28) ->    12(time 3090 - 00:51:30)(time 3482 - 00:58:02) ->    11(time 3544 - 00:59:04)(time 4001 - 01:06:41) ->    10(time 4475 - 01:14:35)(time 4937 - 01:22:17) ->    9(time 5411 - 01:30:11)(time 5795 - 01:36:35) ->    8(time 6269 - 01:44:29)(time 6689 - 01:51:29) ->    7(time 7163 - 01:59:23)(time 7163 - 01:59:23) ->    0(time 7163 - 01:59:23)(time 7583 - 02:06:23) ->    1(time 8057 - 02:14:17)(time 8441 - 02:20:41) ->    2(time 8503 - 02:21:43)(time 8965 - 02:29:25) ->    3(time 9027 - 02:30:27)(time 9484 - 02:38:04) ->    4(time 9546 - 02:39:06)(time 9938 - 02:45:38) ->    5(time 10412 - 02:53:32)(time 10845 - 03:00:45) ->    6(time 11125 - 03:05:25)(time 11125 - 03:05:25) -> 13
> Trip 2
   13(time 13856 - 03:50:56)(time 14289 - 03:58:09) ->    12(time 14763 - 04:06:03)(time 15155 - 04:12:35) ->    11(time 15217 - 04:13:37)(time 15674 - 04:21:14) ->    10(time 15736 - 04:22:16)(time 16198 - 04:29:58) ->    9(time 16260 - 04:31:00)(time 16644 - 04:37:24) ->    8(time 16924 - 04:42:04)(time 17344 - 04:49:04) ->    7(time 17624 - 04:53:44)(time 17624 - 04:53:44) ->    0(time 17624 - 04:53:44)(time 18044 - 05:00:44) ->    1(time 18324 - 05:05:24)(time 18708 - 05:11:48) ->    2(time 18770 - 05:12:50)(time 19232 - 05:20:32) ->    3(time 19294 - 05:21:34)(time 19751 - 05:29:11) ->    4(time 19813 - 05:30:13)(time 20205 - 05:36:45) ->    5(time 20267 - 05:37:47)(time 20700 - 05:45:00) ->    6(time 20980 - 05:49:40)(time 20980 - 05:49:40) -> 13
> Trip 3
   13(time 24618 - 06:50:18)(time 25051 - 06:57:31) ->    12(time 25113 - 06:58:33)(time 25505 - 07:05:05) ->    11(time 25567 - 07:06:07)(time 26024 - 07:13:44) ->    10(time 26086 - 07:14:46)(time 26548 - 07:22:28) ->    9(time 26610 - 07:23:30)(time 26994 - 07:29:54) ->    8(time 27274 - 07:34:34)(time 27694 - 07:41:34) ->    7(time 27974 - 07:46:14)(time 27974 - 07:46:14) ->    0(time 27974 - 07:46:14)(time 28394 - 07:53:14) ->    1(time 28868 - 08:01:08)(time 29252 - 08:07:32) ->    2(time 29336 - 08:08:56)(time 29798 - 08:16:38) ->    3(time 29860 - 08:17:40)(time 30317 - 08:25:17) ->    4(time 30791 - 08:33:11)(time 31183 - 08:39:43) ->    5(time 31657 - 08:47:37)(time 32090 - 08:54:50) ->    6(time 32564 - 09:02:44)(time 32564 - 09:02:44) -> 13
