t5p17r6h1.txt:
   > Trying to open the instance file...
   > Reading number of trains...
   > Reading maximum number of trips per train...
   > Reading time intervals...
   > Reading number of points...
   > Reading stations...
   > Reading crossings...
   > Reading depots...
   > Reading initial point...
   > Reading routes...
   > Reading distance and distance and service...
   > Reading demands...
   > Reading maximum time...
   > Reading alpha...

--------------------------------
 Printing instance
--------------------------------
number of trains = 5
	max trips per trains: 2     2     2     2     2
number of intervals = 1
	(0,  50935)
number of points = 17
	initial point: 0
	stations: 0     1     2     4     6     7     9    10    11    12    13    14    15    16
	crossings: 0     3     5     8    11    12    15    16
	depots: 0    15    16
number of vertices = 34
	total vertices: 0     1     2     3     4     5     6     7     8     9    10    11    12    13    14    15    16    17    18    19    20    21    22    23    24    25    26    27    28    29    30    31    32    33
	upper vertices: 0     1     2     3     4     5     6     7     8     9    10    11    12    13    14    15    16
	lower vertices: 17    18    19    20    21    22    23    24    25    26    27    28    29    30    31    32    33
	vertices of point #0: (0, 17)
	vertices of point #1: (1, 18)
	vertices of point #2: (2, 19)
	vertices of point #3: (3, 20)
	vertices of point #4: (4, 21)
	vertices of point #5: (5, 22)
	vertices of point #6: (6, 23)
	vertices of point #7: (7, 24)
	vertices of point #8: (8, 25)
	vertices of point #9: (9, 26)
	vertices of point #10: (10, 27)
	vertices of point #11: (11, 28)
	vertices of point #12: (12, 29)
	vertices of point #13: (13, 30)
	vertices of point #14: (14, 31)
	vertices of point #15: (15, 32)
	vertices of point #16: (16, 33)

arcs...
	total arcs: 
		arc #0: (0, 1)
		arc #1: (0, 17)
		arc #2: (17, 0)
		arc #3: (1, 2)
		arc #4: (18, 17)
		arc #5: (2, 3)
		arc #6: (19, 18)
		arc #7: (3, 4)
		arc #8: (20, 19)
		arc #9: (4, 5)
		arc #10: (21, 20)
		arc #11: (5, 6)
		arc #12: (22, 21)
		arc #13: (6, 7)
		arc #14: (23, 22)
		arc #15: (7, 8)
		arc #16: (24, 23)
		arc #17: (8, 9)
		arc #18: (25, 24)
		arc #19: (9, 10)
		arc #20: (26, 25)
		arc #21: (10, 11)
		arc #22: (27, 26)
		arc #23: (11, 12)
		arc #24: (28, 27)
		arc #25: (12, 13)
		arc #26: (29, 28)
		arc #27: (13, 14)
		arc #28: (30, 29)
		arc #29: (14, 15)
		arc #30: (31, 30)
		arc #31: (15, 16)
		arc #32: (32, 31)
		arc #33: (15, 32)
		arc #34: (32, 15)
		arc #35: (33, 32)
		arc #36: (16, 33)
		arc #37: (33, 16)

	reverse arcs: 
		arc #1: (0, 17)
		arc #2: (17, 0)
		arc #33: (15, 32)
		arc #34: (32, 15)
		arc #36: (16, 33)
		arc #37: (33, 16)


incompatible points...
	(0, 2, 20, (2, 3))	(20, 18, 0, (18, 17))	(3, 4, 22, (4, 5))	(22, 21, 3, (21, 20))	(5, 7, 25, (7, 8))	(25, 23, 5, (23, 22))	(8, 10, 28, (10, 11))	(28, 26, 8, (26, 25))	(11, 11, 29, (11, 12))	(29, 29, 11, (29, 28))	(12, 14, 32, (14, 15))	(32, 30, 12, (30, 29))	(15, 15, 33, (15, 16))	(33, 33, 15, (33, 32))

number of routes = 6
vertices of routes...
	route #0: 0     1     2     3     4     5     6     7     8     9    10    11    12    13    14    15    16    33    32    31    30    29    28    27    26    25    24    23    22    21    20    19    18    17     0
	route #1: 33    32    31    30    29    28    27    26    25    24    23    22    21    20    19    18    17     0     1     2     3     4     5     6     7     8     9    10    11    12    13    14    15    16    33
	route #2: 15    16
	route #3: 32    31    30    29    28    27    26    25    24    23    22    21    20    19    18    17
	route #4: 0     1     2     3     4     5     6     7     8     9    10    11    12    13    14    15
	route #5: 33    32
arcs of routes...
	route #0: 0     3     5     7     9    11    13    15    17    19    21    23    25    27    29    31    36    35    32    30    28    26    24    22    20    18    16    14    12    10     8     6     4     2
	route #1: 35    32    30    28    26    24    22    20    18    16    14    12    10     8     6     4     2     0     3     5     7     9    11    13    15    17    19    21    23    25    27    29    31    36
	route #2: 31
	route #3: 32    30    28    26    24    22    20    18    16    14    12    10     8     6     4
	route #4: 0     3     5     7     9    11    13    15    17    19    21    23    25    27    29
	route #5: 35

incompatible routes...
	(0, 1)    	(0, 2)    	(0, 3)    	(0, 5)    	(1, 0)    	(1, 2)    	(1, 3)    	(1, 4)    	(2, 0)    	(2, 2)    	(2, 3)    	(2, 4)    	(3, 1)    	(3, 2)    	(3, 3)    	(3, 5)    	(4, 0)    	(4, 1)    	(4, 4)    	(4, 5)    	(5, 0)    	(5, 1)    	(5, 4)    	(5, 5)

vertices that can be adjacent in consecutive trips...
	(0, 0)    	(15, 15)    	(15, 32)    	(16, 33)    	(17, 0)    	(32, 15)    	(32, 32)    	(33, 33)
non cyclical routes: 
       2       3       4       5

routes of trip...
	routes that train #0 can complete at trip #0: 0       4
	routes that train #0 can complete at trip #1: 0       1       2       3       4       5

	routes that train #1 can complete at trip #0: 0       4
	routes that train #1 can complete at trip #1: 0       1       2       3       4       5

	routes that train #2 can complete at trip #0: 0       4
	routes that train #2 can complete at trip #1: 0       1       2       3       4       5

	routes that train #3 can complete at trip #0: 0       4
	routes that train #3 can complete at trip #1: 0       1       2       3       4       5

	routes that train #4 can complete at trip #0: 0       4
	routes that train #4 can complete at trip #1: 0       1       2       3       4       5

 cost...
	arc #0 [0][1]: 418
	arc #1 [0][17]: 0
	arc #2 [17][0]: 0
	arc #3 [1][2]: 453
	arc #4 [18][17]: 418
	arc #5 [2][3]: 421
	arc #6 [19][18]: 453
	arc #7 [3][4]: 418
	arc #8 [20][19]: 421
	arc #9 [4][5]: 392
	arc #10 [21][20]: 418
	arc #11 [5][6]: 464
	arc #12 [22][21]: 392
	arc #13 [6][7]: 415
	arc #14 [23][22]: 464
	arc #15 [7][8]: 444
	arc #16 [24][23]: 415
	arc #17 [8][9]: 389
	arc #18 [25][24]: 444
	arc #19 [9][10]: 452
	arc #20 [26][25]: 389
	arc #21 [10][11]: 453
	arc #22 [27][26]: 452
	arc #23 [11][12]: 393
	arc #24 [28][27]: 453
	arc #25 [12][13]: 443
	arc #26 [29][28]: 393
	arc #27 [13][14]: 394
	arc #28 [30][29]: 443
	arc #29 [14][15]: 401
	arc #30 [31][30]: 394
	arc #31 [15][16]: 429
	arc #32 [32][31]: 401
	arc #33 [15][32]: 0
	arc #34 [32][15]: 0
	arc #35 [33][32]: 429
	arc #36 [16][33]: 0
	arc #37 [33][16]: 0

cost with minimum service...
	arc #0 [0][1]: 501
	arc #1 [0][17]: 0
	arc #2 [17][0]: 0
	arc #3 [1][2]: 536
	arc #4 [18][17]: 600
	arc #5 [2][3]: 498
	arc #6 [19][18]: 536
	arc #7 [3][4]: 501
	arc #8 [20][19]: 504
	arc #9 [4][5]: 469
	arc #10 [21][20]: 495
	arc #11 [5][6]: 547
	arc #12 [22][21]: 475
	arc #13 [6][7]: 498
	arc #14 [23][22]: 541
	arc #15 [7][8]: 521
	arc #16 [24][23]: 498
	arc #17 [8][9]: 472
	arc #18 [25][24]: 527
	arc #19 [9][10]: 535
	arc #20 [26][25]: 466
	arc #21 [10][11]: 536
	arc #22 [27][26]: 535
	arc #23 [11][12]: 476
	arc #24 [28][27]: 536
	arc #25 [12][13]: 526
	arc #26 [29][28]: 476
	arc #27 [13][14]: 477
	arc #28 [30][29]: 526
	arc #29 [14][15]: 583
	arc #30 [31][30]: 477
	arc #31 [15][16]: 611
	arc #32 [32][31]: 484
	arc #33 [15][32]: 0
	arc #34 [32][15]: 0
	arc #35 [33][32]: 611
	arc #36 [16][33]: 0
	arc #37 [33][16]: 0

cost with maximum service...
	arc #0 [0][1]: 749
	arc #1 [0][17]: 331
	arc #2 [17][0]: 331
	arc #3 [1][2]: 784
	arc #4 [18][17]: 749
	arc #5 [2][3]: 752
	arc #6 [19][18]: 784
	arc #7 [3][4]: 749
	arc #8 [20][19]: 752
	arc #9 [4][5]: 723
	arc #10 [21][20]: 749
	arc #11 [5][6]: 795
	arc #12 [22][21]: 723
	arc #13 [6][7]: 746
	arc #14 [23][22]: 795
	arc #15 [7][8]: 775
	arc #16 [24][23]: 746
	arc #17 [8][9]: 720
	arc #18 [25][24]: 775
	arc #19 [9][10]: 783
	arc #20 [26][25]: 720
	arc #21 [10][11]: 784
	arc #22 [27][26]: 783
	arc #23 [11][12]: 724
	arc #24 [28][27]: 784
	arc #25 [12][13]: 774
	arc #26 [29][28]: 724
	arc #27 [13][14]: 725
	arc #28 [30][29]: 774
	arc #29 [14][15]: 732
	arc #30 [31][30]: 725
	arc #31 [15][16]: 760
	arc #32 [32][31]: 732
	arc #33 [15][32]: 331
	arc #34 [32][15]: 331
	arc #35 [33][32]: 760
	arc #36 [16][33]: 331
	arc #37 [33][16]: 331

demands...
	demands of vertex 0 at time interval: 6
	demands of vertex 1 at time interval: 6
	demands of vertex 2 at time interval: 6
	demands of vertex 3 at time interval: 0
	demands of vertex 4 at time interval: 6
	demands of vertex 5 at time interval: 0
	demands of vertex 6 at time interval: 6
	demands of vertex 7 at time interval: 6
	demands of vertex 8 at time interval: 0
	demands of vertex 9 at time interval: 6
	demands of vertex 10 at time interval: 6
	demands of vertex 11 at time interval: 6
	demands of vertex 12 at time interval: 6
	demands of vertex 13 at time interval: 6
	demands of vertex 14 at time interval: 6
	demands of vertex 15 at time interval: 6
	demands of vertex 16 at time interval: 0
	demands of vertex 17 at time interval: 0
	demands of vertex 18 at time interval: 6
	demands of vertex 19 at time interval: 6
	demands of vertex 20 at time interval: 0
	demands of vertex 21 at time interval: 6
	demands of vertex 22 at time interval: 0
	demands of vertex 23 at time interval: 6
	demands of vertex 24 at time interval: 6
	demands of vertex 25 at time interval: 0
	demands of vertex 26 at time interval: 6
	demands of vertex 27 at time interval: 6
	demands of vertex 28 at time interval: 6
	demands of vertex 29 at time interval: 6
	demands of vertex 30 at time interval: 6
	demands of vertex 31 at time interval: 6
	demands of vertex 32 at time interval: 6
	demands of vertex 33 at time interval: 6

maximum time = 50935
alpha = 50

>> Solving...
Version identifier: 20.1.0.0 | 2020-11-10 | 9bedb6d68
CPXPARAM_Threads                                 1
CPXPARAM_TimeLimit                               43200
Tried aggregator 3 times.
MIP Presolve eliminated 74329 rows and 10490 columns.
MIP Presolve modified 48057 coefficients.
Aggregator did 560 substitutions.
Reduced MIP has 217141 rows, 82911 columns, and 528325 nonzeros.
Reduced MIP has 82340 binaries, 0 generals, 0 SOSs, and 0 indicators.
Presolve time = 13.52 sec. (4052.42 ticks)
Probing fixed 0 vars, tightened 73 bounds.
Probing time = 11.08 sec. (1050.94 ticks)
Tried aggregator 1 time.
Detecting symmetries...
Elapsed time for symmetry detection = 22.51 sec. (10002.93 ticks)
Elapsed time for symmetry detection = 36.87 sec. (20005.29 ticks)
Found 1.415590e+68930 symmetric permutations.
MIP Presolve eliminated 154 rows and 154 columns.
MIP Presolve modified 3273 coefficients.
Reduced MIP has 216987 rows, 82757 columns, and 527863 nonzeros.
Reduced MIP has 82186 binaries, 0 generals, 0 SOSs, and 0 indicators.
Presolve time = 48.40 sec. (30295.38 ticks)
Probing fixed 0 vars, tightened 28 bounds.
Probing time = 2.04 sec. (630.21 ticks)
Clique table members: 369289.
MIP emphasis: balance optimality and feasibility.
MIP search method: dynamic search.
Parallel mode: none, using 1 thread.
Root relaxation solution time = 121.36 sec. (30923.72 ticks)

        Nodes                                         Cuts/
   Node  Left     Objective  IInf  Best Integer    Best Bound    ItCnt     Gap

      0     0        0.0000 41131                      0.0000    41375         
      0     0        0.0000 41140                  Cuts: 2466    43273         
      0     0        4.8371 42154                  Cuts: 2141    49784         
      0     0       15.0002 42198                  Cuts: 3200    55084         
      0     0       18.2218 42146                  Cuts: 1222    58802         
      0     0       24.7778 42100                  Cuts: 2227    62558         

Repeating presolve.
Tried aggregator 1 time.
MIP Presolve eliminated 181768 rows and 72728 columns.
MIP Presolve modified 1707 coefficients.
Reduced MIP has 35219 rows, 10029 columns, and 91511 nonzeros.
Reduced MIP has 9458 binaries, 0 generals, 0 SOSs, and 0 indicators.
Presolve time = 2.32 sec. (801.88 ticks)
Probing fixed 0 vars, tightened 28 bounds.
Probing time = 0.40 sec. (110.54 ticks)
Cover probing fixed 0 vars, tightened 305 bounds.
Tried aggregator 1 time.
Detecting symmetries...
MIP Presolve eliminated 25 rows and 14 columns.
MIP Presolve modified 10269 coefficients.
Reduced MIP has 35194 rows, 10015 columns, and 91359 nonzeros.
Reduced MIP has 9444 binaries, 0 generals, 0 SOSs, and 0 indicators.
Presolve time = 0.97 sec. (630.76 ticks)
Represolve time = 4.88 sec. (1597.35 ticks)
Probing fixed 0 vars, tightened 23 bounds.
Probing time = 0.29 sec. (74.40 ticks)
Clique table members: 56370.
MIP emphasis: balance optimality and feasibility.
MIP search method: dynamic search.
Parallel mode: none, using 1 thread.
Root relaxation solution time = 7.09 sec. (3144.98 ticks)

        Nodes                                         Cuts/
   Node  Left     Objective  IInf  Best Integer    Best Bound    ItCnt     Gap

      0     0       24.7778  5133                     24.7778    79175         
      0     0       41.8115  4777                  Cuts: 1148    83184         
      0     0       51.8419  4557                  Cuts: 1294    86132         
      0     0       55.3732  4759                   Cuts: 683    88885         
      0     0       75.9123  3891                   Cuts: 846    92900         
      0     0       89.1248  3617                  Cuts: 1116    95011         

Repeating presolve.
Tried aggregator 1 time.
MIP Presolve eliminated 12285 rows and 4914 columns.
MIP Presolve modified 1475 coefficients.
Reduced MIP has 22909 rows, 5101 columns, and 61875 nonzeros.
Reduced MIP has 4530 binaries, 0 generals, 0 SOSs, and 0 indicators.
Presolve time = 0.48 sec. (205.27 ticks)
Probing fixed 0 vars, tightened 11 bounds.
Probing time = 0.16 sec. (49.61 ticks)
Tried aggregator 1 time.
Detecting symmetries...
MIP Presolve modified 489 coefficients.
Reduced MIP has 22909 rows, 5101 columns, and 61875 nonzeros.
Reduced MIP has 4530 binaries, 0 generals, 0 SOSs, and 0 indicators.
Presolve time = 0.66 sec. (180.02 ticks)
Represolve time = 1.79 sec. (470.63 ticks)
Probing fixed 0 vars, tightened 3 bounds.
Probing time = 0.13 sec. (28.65 ticks)
Clique table members: 36069.
MIP emphasis: balance optimality and feasibility.
MIP search method: dynamic search.
Parallel mode: none, using 1 thread.
Root relaxation solution time = 2.40 sec. (1271.29 ticks)

        Nodes                                         Cuts/
   Node  Left     Objective  IInf  Best Integer    Best Bound    ItCnt     Gap

      0     0       89.1248  1721                     89.1248   104744         
      0     0       91.8672  1737                   Cuts: 619   105194         
      0     0      130.1144  1838                  Cuts: 1058   105881         
      0     0      137.2164  1822                   Cuts: 457   106846         
      0     0      137.2164  1837                   Cuts: 715   107147         
      0     0      144.8714  1746                   Cuts: 299   107298         
      0     0      144.8714  1858                   Cuts: 587   107654         
      0     2      954.6109  2169                    954.6109   118422         
Elapsed time = 2891.52 sec. (431936.50 ticks, tree = 0.01 MB, solutions = 0)
      1     3    33148.0000  1167                    954.6109   121811         
      2     4    33148.0000   777                    954.6109   123642         
      7     8    33595.0000   260                    954.6109   126148         
     18    14    34042.0000   172                    954.6109   126429         
     30    20    34141.0000   158                    954.6109   126558         
     47    26     8287.0000  2274                   8287.0000   133857         
     49    28    16574.0000  1920                   8287.0000   139121         
     50    29     8287.0000  1804                   8287.0000   145186         
     52    31     8287.0000  1816                   8287.0000   149931         
     58    37    16574.0000  1679                   8287.0000   155105         
Elapsed time = 2918.42 sec. (442071.41 ticks, tree = 0.92 MB, solutions = 0)
     60    39    33413.0000  1249                   8287.0000   159108         
     80    57    33413.0000   628                   8287.0000   162637         
    120    82    34301.0000   166                   8287.0000   163957         
    124    80    33148.0000  2031                   8287.0000   167458         
    200   156    34370.0000   504                   8287.0000   170332         
    241   167     8287.0000  1800                   8287.0000   173740         
    274   182     8287.0000  1716                   8287.0000   180505         
    321   215    34188.0000   120                   8287.0000   187609         
    366   248    33148.0000   692                   8287.0000   194787         
    436   285    33413.0000  1317                   8287.0000   201630         
Elapsed time = 2950.31 sec. (452354.90 ticks, tree = 3.80 MB, solutions = 0)
    500   326    16574.0000  2217                   8287.0000   208708         
    513   337    49882.0000   182                   8287.0000   218515         
    546   354    33413.0000  1321                   8287.0000   226363         
    616   405    16756.0000  1940                   8287.0000   230868         
    656   422    33330.0000  1450                   8287.0000   239496         
    708   467    16756.0000  2019                  16574.0000   246836         
    746   502    33860.0000   278                  16574.0000   253164         
    779   514    33330.0000   421                  16574.0000   261025         
    805   528    16574.0000  1692                  16574.0000   265247         
    824   541    16756.0000  1524                  16574.0000   271852         
Elapsed time = 2982.12 sec. (462714.34 ticks, tree = 5.29 MB, solutions = 0)
    894   577    33380.0000   453                  16574.0000   277051         
    956   599    23932.0000  1293                  16574.0000   282497         
    976   605    33330.0000  1805                  16574.0000   292529         
   1000   623    18261.1845  1485                  16574.0000   302970         
   1064   650    16651.0000  2326                  16651.0000   311604         
   1091   665    16651.0000  2280                  16651.0000   318923         
   1113   678    49981.0000   729                  16651.0000   327598         
   1126   686    33407.0000  1648                  16651.0000   333233         
   1153   704    33275.0000  1817                  16651.0000   343602         
   1236   757    49799.0000  1643                  16651.0000   351236         
Elapsed time = 3025.98 sec. (474263.62 ticks, tree = 6.31 MB, solutions = 0)
   1286   783    33358.0000  1672                  16756.0000   357353         
   1320   808    36064.0000    86                  16756.0000   364545         
   1370   837    16756.0000  1615                  16756.0000   370543         
   1410   869    19555.3430  1364                  16756.0000   378352         
   1412   871    33512.0000   239                  16756.0000   380515         
   1413   872    33512.0000   118                  16756.0000   380577         
   1414   873    33512.0000   102                  16756.0000   380974         
   1415   874    33512.0000    94                  16756.0000   381425         
   1416   875    33512.0000    82                  16756.0000   381449         
   1446   884    infeasible                        16756.0000   385829         
Elapsed time = 3057.73 sec. (487737.33 ticks, tree = 7.23 MB, solutions = 0)
   1453   889    33694.0000   492                  16756.0000   390151         
   1494   911    33463.0000   588                  16756.0000   398335         
   1580   961    33198.0000  1074                  16756.0000   402870         
   1609   978    33463.0000   959                  16756.0000   411224         
   1666  1003    33148.0000  1521                  16756.0000   417233         
   1692  1023    19454.5913  1210                  16756.0000   425768         
   1746  1041    16756.0000  1484                  16756.0000   431169         
   1770  1058    33330.0000   524                  16756.0000   438942         
   1820  1093    33330.0000   376                  16756.0000   445733         
   1860  1125    33496.0000   114                  16756.0000   453038         
Elapsed time = 3094.27 sec. (499197.85 ticks, tree = 8.81 MB, solutions = 0)
   1916  1144    16756.0000  1505                  16756.0000   460359         
   1944  1163    33744.0000   128                  16756.0000   469179         
   1997  1179    33381.0000   520                  16756.0000   476510         
   2033  1189    infeasible                        16756.0000   479849         
   2105  1213    18269.7429  1046                  16756.0000   484588         
   2150  1245    33744.0000   407                  16756.0000   491697         
   2229  1304    33761.0000   258                  16756.0000   498011         
   2263  1311    16756.0000  1422                  16756.0000   507585         
   2294  1324    16756.0000  1480                  16756.0000   518152         
   2355  1361    36502.0000    44                  16756.0000   524087         
Elapsed time = 3132.10 sec. (511519.18 ticks, tree = 10.35 MB, solutions = 0)
   2390  1370    33512.0000   727                  16756.0000   531804         
   2457  1393    33148.0000   594                  16756.0000   536314         
   2482  1413    33330.0000   888                  16756.0000   544767         
   2577  1449    20786.0000  1366                  16756.0000   550322         
   2611  1469    16756.0000  1555                  16756.0000   557017         
   2624  1476    infeasible                        16756.0000   564874         
   2630  1474    16756.0000  1924                  16756.0000   571811         
   2633  1477    33330.0000   655                  16756.0000   574751         
   2658  1490    16839.0000  1536                  16756.0000   582280         
   2687  1515    16756.0000  1934                  16756.0000   588535         
Elapsed time = 3165.42 sec. (522759.35 ticks, tree = 11.31 MB, solutions = 0)
   2698  1526    33595.0000   435                  16756.0000   598205         
   2720  1540    16756.0000  1456                  16756.0000   605795         
   2767  1577    17978.0000   432                  16756.0000   611612         
   2819  1612    16756.0000  1572                  16756.0000   617977         
   2840  1630    17203.0000   519                  16756.0000   625258         
   2913  1681    17021.0000   980                  16756.0000   629036         
   2958  1712    17120.0000   711                  16756.0000   635852         
   3014  1749    33330.0000  1269                  16756.0000   642078         
   3060  1767    16806.0000  1244                  16756.0000   648499         

Performing restart 1

Repeating presolve.
Tried aggregator 3 times.
MIP Presolve eliminated 1132 rows and 5 columns.
MIP Presolve modified 2796 coefficients.
Aggregator did 129 substitutions.
Reduced MIP has 21648 rows, 4967 columns, and 58510 nonzeros.
Reduced MIP has 4427 binaries, 0 generals, 0 SOSs, and 0 indicators.
Presolve time = 0.56 sec. (268.22 ticks)
Tried aggregator 1 time.
MIP Presolve eliminated 1 rows and 0 columns.
MIP Presolve modified 1186 coefficients.
Reduced MIP has 21647 rows, 4967 columns, and 58508 nonzeros.
Reduced MIP has 4427 binaries, 0 generals, 0 SOSs, and 0 indicators.
Presolve time = 0.41 sec. (162.08 ticks)
Represolve time = 1.84 sec. (762.40 ticks)
   3078     0     6246.4160  2505                   Cuts: 997   658344         
   3078     0     6273.2097  2593                  Cuts: 1211   660393         
   3078     0     6291.7395  2563                  Cuts: 1147   668720         
   3078     0     6307.0006  2645                  Cuts: 2345   676102         
   3078     0     6307.6176  2593                   Cuts: 560   677357         
   3078     0     6307.6176  2627                  Cuts: 1494   678897         
   3078     2     6307.6176  2415                  16756.0000   678897         
Elapsed time = 3348.89 sec. (581995.86 ticks, tree = 0.01 MB, solutions = 0)
   3080     4     9897.2600  2330                  16756.0000   688568         
   3081     5    16574.0000  1856                  16756.0000   695782         
   3084     8    33148.0000  1485                  16756.0000   701361         
   3093    17    33330.0000   168                  16756.0000   704255         
   3127    38    16574.0490  1322                  16756.0000   707849         
   3130    41    16657.0490  1127                  16756.0000   711267         
   3131    42    16756.0000   974                  16756.0000   711439         
   3135    46    33231.0000   323                  16756.0000   715829         
   3161    65    33231.0000    91                  16756.0000   716236         
   3184    75    33330.0000   281                  16756.0000   728252         
Elapsed time = 3396.83 sec. (603722.98 ticks, tree = 5.61 MB, solutions = 0)
   3186    77    33330.0000   354                  16756.0000   730299         
   3278   123    16574.0000  2270                  16756.0000   750590         
   3323   159    16657.0000  1914                  16756.0000   777950         
   3349   173    16574.0000  2344                  16756.0000   802394         
   3388   201    33910.0000   441                  16756.0000   823699         
   3465   252    16574.0000  2077                  16756.0000   844071         
   3473   260    33330.0000   483                  16756.0000   859674         
   3475   262    33330.0000   479                  16756.0000   859954         
   3541   279    16657.0000  2086                  16756.0000   863649         
   3608   322    17422.9171   878                  16756.0000   886933         
Elapsed time = 3519.02 sec. (648002.42 ticks, tree = 7.06 MB, solutions = 0)
   3613   326    49987.0000    33                  16756.0000   891746         
   3619   327    16574.0490  1684                  16756.0000   897787         
   3624   332    33148.0000  1465                  16756.0000   926919         
   3687   374    23667.0000   935                  16756.0000   951291         
   3690   377    33231.0000   782                  16756.0000   954328         
   3693   380    33330.0000   350                  16756.0000   956751         
   3742   408    37360.0000   185                  16756.0000   964347         
   3744   410    37542.0000    94                  16756.0000   964524         
   3797   428    16651.0000  1237                  16756.0000   968114         
   3842   460    33148.0000   870                  16756.0000   982629         
Elapsed time = 3647.42 sec. (694955.24 ticks, tree = 7.96 MB, solutions = 0)
   3955   534    16839.0000   667                  16756.0000   999546         

Performing restart 2

Repeating presolve.
Tried aggregator 1 time.
MIP Presolve eliminated 160 rows and 64 columns.
MIP Presolve modified 2215 coefficients.
Reduced MIP has 21487 rows, 4903 columns, and 64642 nonzeros.
Reduced MIP has 4363 binaries, 0 generals, 0 SOSs, and 0 indicators.
Presolve time = 0.36 sec. (203.10 ticks)
Tried aggregator 1 time.
MIP Presolve modified 64 coefficients.
Reduced MIP has 21487 rows, 4903 columns, and 64642 nonzeros.
Reduced MIP has 4363 binaries, 0 generals, 0 SOSs, and 0 indicators.
Presolve time = 0.43 sec. (184.97 ticks)
Represolve time = 1.65 sec. (665.90 ticks)
   4104     0     6338.4714  2735                  Cuts: 4441  1022205         
   4104     0     6338.5034  2661                   Cuts: 836  1024438         
   4104     0     6456.0524  2724                  Cuts: 1868  1026054         
   4104     0     6493.0065  2469                   Cuts: 989  1028339         
   4104     0     6889.9095  2515                  Cuts: 1430  1035781         
   4104     0     6890.8171  2472                  Cuts: 1143  1037431         
   4104     0     7000.2172  2564                   Cuts: 887  1039632         
   4104     0     7000.2172  2451                   Cuts: 610  1040909         
   4104     0     7000.2172  2574                  Cuts: 1096  1042112         
   4104     0     7000.2172  2385                   Cuts: 399  1043331         
   4104     0     7000.2172  2494                   Cuts: 742  1044644         
   4104     2     7000.2172  2233                  16756.0000  1044644         
   4109     7    16756.0000  1090                  16756.0000  1054714         
   4114    12    16756.0000  1158                  16756.0000  1062022         
   4121    19    33148.0000   514                  16756.0000  1064823         
*  4160    36      integral     0    33484.0000    16756.0000  1065701   49.96%
   4161    36    16574.0000  2154    33484.0000    16756.0000  1068251   49.96%
   4163    38    33148.0000   946    33484.0000    16756.0000  1076047   49.96%
   4164    39    16574.0000  1160    33484.0000    16756.0000  1081656   49.96%
   4165    40    16657.0000   921    33484.0000    16756.0000  1083366   49.96%
   4166    41    16574.0000  1233    33484.0000    16756.0000  1090731   49.96%
Elapsed time = 3858.98 sec. (839953.03 ticks, tree = 5.76 MB, solutions = 1)
   4167    42    16890.6457  1101    33484.0000    16756.0000  1093024   49.96%
   4170    45    33148.0000   198    33484.0000    16756.0000  1101261   49.96%
*  4175    47      integral     0    33438.0000    16756.0000  1102164   49.89%
   4177    47    16574.0000  1789    33438.0000    16756.0000  1113989   49.89%
   4178    48    16574.0000  1334    33438.0000    16756.0000  1118012   49.89%
   4181    49    33148.0000  1257    33438.0000    16756.0000  1129295   49.89%
*  4188    44      integral     0    33330.0000    16756.0000  1135315   49.73%
   4189    42    infeasible          33330.0000    16756.0000  1138511   49.73%
   4190    43    16574.0000  1996    33330.0000    16756.0000  1149597   49.73%
   4192    45    16574.0364  1711    33330.0000    16756.0000  1159681   49.73%
   4205    56    17021.0000   366    33330.0000    16756.0000  1162182   49.73%
   4208    57    infeasible          33330.0000    16756.0000  1162494   49.73%
Elapsed time = 3924.15 sec. (896025.64 ticks, tree = 4.85 MB, solutions = 3)
   4216    59    16938.0000   459    33330.0000    16756.0000  1164407   49.73%
   4223    65    17104.0000   335    33330.0000    16756.0000  1165368   49.73%
   4239    70    infeasible          33330.0000    16756.0000  1169728   49.73%
   4248    79    16938.0000   378    33330.0000    16756.0000  1171362   49.73%
   4252    81    17120.0000   334    33330.0000    16756.0000  1173396   49.73%
   4262    87    infeasible          33330.0000    16756.0000  1174320   49.73%
   4277    94    33148.0000    36    33330.0000    16756.0000  1186962   49.73%
*  4284+   98                        33302.0000    16756.0000            49.68%
   4300   110    17203.0000   396    33302.0000    16756.0000  1189444   49.68%
   4305   110    16938.0000   928    33302.0000    16756.0000  1191231   49.68%
   4310   112    17203.0000   607    33302.0000    16756.0000  1191636   49.68%
Elapsed time = 3978.02 sec. (936391.55 ticks, tree = 4.70 MB, solutions = 4)
   4318   118    17021.6875   543    33302.0000    16756.0000  1193123   49.68%
   4324   118    17614.0000   268    33302.0000    16756.0000  1194956   49.68%
   4336   126    17978.0000   276    33302.0000    16756.0000  1196953   49.68%
   4345   131    16756.0000  1000    33302.0000    16756.0000  1197705   49.68%
   4354   140    17120.0000   273    33302.0000    16756.0000  1199069   49.68%
   4362   148    18160.0000   165    33302.0000    16756.0000  1199639   49.68%
   4372   150    16839.0000   876    33302.0000    16756.0000  1200288   49.68%
   4381   159    17302.0000   235    33302.0000    16756.0000  1200882   49.68%
*  4384+  104                        33148.0000    16756.0000            49.45%
   4386   107    17666.0000   154    33148.0000    16756.0000  1201226   49.45%
   4394   109    17120.5727   727    33148.0000    16839.0000  1201982   49.20%
Elapsed time = 4032.14 sec. (979195.69 ticks, tree = 1.43 MB, solutions = 5)
   4400   115    17614.0000   393    33148.0000    16839.0000  1202472   49.20%
   4405   120    17796.0000   141    33148.0000    16839.0000  1202794   49.20%
   4410   122    18836.0000   107    33148.0000    16839.0000  1203361   49.20%
   4415   122    infeasible          33148.0000    16839.0000  1203541   49.20%
   4421   128    17120.0000   313    33148.0000    16839.0000  1204191   49.20%
   4429   130    17021.0000   686    33148.0000    16839.0000  1205081   49.20%
   4433   132    infeasible          33148.0000    16839.0000  1206042   49.20%
   4437   134    17120.0000   549    33148.0000    16839.0000  1206485   49.20%
   4441   138    17614.0000   273    33148.0000    16839.0000  1207029   49.20%
   4448   141    17120.0000   435    33148.0000    16839.0000  1207550   49.20%
Elapsed time = 4085.94 sec. (1021850.38 ticks, tree = 1.45 MB, solutions = 5)
   4455   148    17567.0000   163    33148.0000    16839.0000  1208217   49.20%
   4460   149    17021.0000   618    33148.0000    16839.0000  1208598   49.20%
   4464   153    17614.0000   325    33148.0000    16839.0000  1209037   49.20%
   4472   157    infeasible          33148.0000    16839.0000  1209524   49.20%
   4476   159    17203.5179   682    33148.0000    16938.0000  1209921   48.90%
   4484   161    infeasible          33148.0000    16938.0000  1211056   48.90%
   4492   169    17796.0000   152    33148.0000    16938.0000  1211893   48.90%
   4500   172    17978.0000   110    33148.0000    16938.0000  1212319   48.90%
   4509   173    infeasible          33148.0000    16938.0000  1213277   48.90%
   4528   185    18654.0000    41    33148.0000    16938.0000  1214295   48.90%
Elapsed time = 4144.71 sec. (1065655.21 ticks, tree = 1.73 MB, solutions = 5)
   4544   193    17978.0000    84    33148.0000    16938.0000  1215458   48.90%
   4554   194    17120.0000   486    33148.0000    16938.0000  1216622   48.90%
   4560   198    17666.0000   219    33148.0000    16938.0000  1217299   48.90%
   4563   198    17021.0000   302    33148.0000    16938.0000  1217973   48.90%
   4574   205    infeasible          33148.0000    16938.0000  1218762   48.90%
   4581   204    17614.0000   255    33148.0000    16938.0000  1220130   48.90%
   4589   211    17978.0000    82    33148.0000    16938.0000  1220603   48.90%
   4603   219    infeasible          33148.0000    16938.0000  1221474   48.90%
   4609   221    17614.0000   376    33148.0000    16938.0000  1221894   48.90%
   4622   228    infeasible          33148.0000    16938.0000  1223085   48.90%
Elapsed time = 4200.50 sec. (1107651.51 ticks, tree = 2.00 MB, solutions = 5)
   4627   230    17796.0000   331    33148.0000    16938.0000  1223557   48.90%
   4632   235    17978.0000    74    33148.0000    16938.0000  1224061   48.90%
   4645   244    18737.0000    54    33148.0000    16938.0000  1224736   48.90%
   4657   248    17614.0000   312    33148.0000    16938.0000  1225408   48.90%
   4664   249    infeasible          33148.0000    16938.0000  1225770   48.90%
   4672   253    infeasible          33148.0000    16938.0000  1226949   48.90%
   4680   257    17203.0000   454    33148.0000    16938.0000  1228292   48.90%
   4684   257    16938.0000   388    33148.0000    16938.0000  1229459   48.90%
   4688   261    17302.0000   398    33148.0000    16938.0000  1230366   48.90%
   4691   264    17978.0000   237    33148.0000    16938.0000  1231636   48.90%
Elapsed time = 4257.17 sec. (1149535.72 ticks, tree = 2.23 MB, solutions = 5)
   4699   268    17021.0000   392    33148.0000    16938.0000  1232938   48.90%
   4702   271    17302.0000   290    33148.0000    16938.0000  1233703   48.90%
   4707   273    17796.0000   154    33148.0000    16938.0000  1234103   48.90%
   4716   280    17614.1394   219    33148.0000    16938.0000  1234745   48.90%
   4720   282    infeasible          33148.0000    16938.0000  1235130   48.90%
   4725   285    17021.0000   331    33148.0000    16938.0000  1235840   48.90%
   4735   292    17697.0000   130    33148.0000    16938.0000  1236313   48.90%
   4741   294    17023.5054   334    33148.0000    16938.0000  1236989   48.90%
   4750   298    16938.0000   480    33148.0000    16938.0000  1238653   48.90%
   4757   303    17614.0000   122    33148.0000    16938.0000  1239495   48.90%
Elapsed time = 4311.89 sec. (1190017.13 ticks, tree = 2.46 MB, solutions = 5)
   4766   310    infeasible          33148.0000    16938.0000  1240148   48.90%
   4777   313    infeasible          33148.0000    16938.0000  1240765   48.90%
   4788   324    18061.0000    98    33148.0000    16938.0000  1241263   48.90%
   4794   324    17120.0000   407    33148.0000    16938.0000  1242623   48.90%
   4802   330    17978.0000   166    33148.0000    16938.0000  1243208   48.90%
   4807   335    18524.0000    86    33148.0000    16938.0000  1243442   48.90%
   4817   332    17023.8561   302    33148.0000    16938.0000  1244192   48.90%
   4827   336    17978.0000   158    33148.0000    16938.0000  1244602   48.90%
   4835   338    17088.0000   496    33148.0000    16938.0000  1244923   48.90%
   4839   342    18061.0000   354    33148.0000    16938.0000  1246029   48.90%
Elapsed time = 4368.86 sec. (1232068.11 ticks, tree = 2.71 MB, solutions = 5)
   4844   346    18243.0000   209    33148.0000    16938.0000  1246547   48.90%
   4848   346    infeasible          33148.0000    16938.0000  1246931   48.90%
   4855   351    17879.0000   324    33148.0000    16938.0000  1248221   48.90%
   4861   349    infeasible          33148.0000    16938.0000  1248837   48.90%
   4872   358    17796.0000   149    33148.0000    16938.0000  1249694   48.90%
   4883   368    19283.0000    84    33148.0000    16938.0000  1250409   48.90%
   4893   372    17796.0000   168    33148.0000    16938.0000  1251163   48.90%
   4900   375    17978.0000   257    33148.0000    16938.0000  1251993   48.90%
   4920   394    19200.0000    40    33148.0000    16938.0000  1252830   48.90%
   4930   398    17484.0000   326    33148.0000    16938.0000  1253664   48.90%
Elapsed time = 4428.10 sec. (1274579.17 ticks, tree = 3.06 MB, solutions = 5)
   4937   399    infeasible          33148.0000    16938.0000  1254038   48.90%
   4942   402    17302.0000   446    33148.0000    16938.0000  1254440   48.90%
   4944   404    17567.0000   252    33148.0000    16938.0000  1254698   48.90%
   4949   404    infeasible          33148.0000    16938.0000  1255190   48.90%
   4955   408    infeasible          33148.0000    16938.0000  1255732   48.90%
   4961   413    18706.0000   148    33148.0000    16938.0000  1256493   48.90%
   4965   413    17120.0000   326    33148.0000    16938.0000  1257439   48.90%
   4976   423    17879.7689   183    33148.0000    16938.0000  1258632   48.90%
   4984   426    17120.0000   336    33148.0000    16938.0000  1259850   48.90%
   4989   431    17286.0000   235    33148.0000    16938.0000  1260269   48.90%
Elapsed time = 4488.98 sec. (1319074.61 ticks, tree = 3.25 MB, solutions = 5)
   4995   435    18061.0000   167    33148.0000    16938.0000  1261054   48.90%
   5004   438    17120.0000   542    33148.0000    16938.0000  1261375   48.90%
   5009   442    17302.0000   352    33148.0000    16938.0000  1261880   48.90%
   5013   445    17567.0000   234    33148.0000    16938.0000  1262447   48.90%
   5018   446    17614.1394   389    33148.0000    16938.0000  1262775   48.90%
   5022   447    infeasible          33148.0000    16938.0000  1263156   48.90%
   5028   453    17614.0000   320    33148.0000    16938.0000  1265013   48.90%
   5038   460    18524.0000   184    33148.0000    16938.0000  1265925   48.90%
   5048   461    17120.0000   460    33148.0000    16938.0000  1266458   48.90%
   5055   467    17978.0000   124    33148.0000    16938.0000  1267252   48.90%
Elapsed time = 4545.37 sec. (1362533.46 ticks, tree = 3.47 MB, solutions = 5)
   5069   469    16938.0000   564    33148.0000    16938.0000  1268304   48.90%
   5075   475    18342.0000   223    33148.0000    16938.0000  1269259   48.90%
   5084   481    18160.0000   144    33148.0000    16938.0000  1270457   48.90%
   5090   482    17120.0000   452    33148.0000    16938.0000  1271604   48.90%
   5102   492    18342.0000   156    33148.0000    16938.0000  1273566   48.90%
   5108   495    17614.0000   400    33148.0000    16938.0000  1274234   48.90%
   5116   502    22372.0000    92    33148.0000    16938.0000  1275552   48.90%
   5121   501    infeasible          33148.0000    16938.0000  1276158   48.90%
   5125   503    17978.0000   205    33148.0000    16938.0000  1276789   48.90%
   5134   508    17796.0000   239    33148.0000    16938.0000  1277669   48.90%
Elapsed time = 4603.83 sec. (1405107.23 ticks, tree = 3.74 MB, solutions = 5)
   5143   517    17796.0000   178    33148.0000    16938.0000  1278937   48.90%
   5151   521    17302.0000   158    33148.0000    16938.0000  1280018   48.90%
   5159   525    17978.0000    90    33148.0000    16938.0000  1280317   48.90%
   5170   529    17120.0000   228    33148.0000    16938.0000  1280649   48.90%
   5179   532    16938.0000   567    33148.0000    16938.0000  1281333   48.90%
   5189   539    17796.0000   428    33148.0000    16938.0000  1281784   48.90%
   5196   543    17120.0000   482    33148.0000    16938.0000  1282497   48.90%
   5200   547    17302.6689   359    33148.0000    16938.0000  1283008   48.90%
   5209   552    17286.0000   243    33148.0000    16938.0000  1283505   48.90%
   5217   560    18524.0000   118    33148.0000    16938.0000  1283951   48.90%
Elapsed time = 4659.26 sec. (1447835.94 ticks, tree = 4.06 MB, solutions = 5)
   5224   559    16938.0000   879    33148.0000    16938.0000  1284553   48.90%
   5230   565    17203.0000   571    33148.0000    16938.0000  1285034   48.90%
   5233   566    17203.0000   450    33148.0000    16938.0000  1285453   48.90%
   5237   568    infeasible          33148.0000    16938.0000  1286109   48.90%
   5247   575    18210.0000   172    33148.0000    16938.0000  1286806   48.90%
   5261   586    23594.0000    44    33148.0000    16938.0000  1287158   48.90%
   5275   592    17846.0000   220    33148.0000    16938.0000  1287655   48.90%
   5282   598    19018.0000   104    33148.0000    16938.0000  1287816   48.90%
   5292   604    19564.0000    68    33148.0000    16938.0000  1287998   48.90%
   5312   616    31488.0000    38    33148.0000    16938.0000  1288496   48.90%
Elapsed time = 4713.12 sec. (1488667.36 ticks, tree = 4.43 MB, solutions = 5)
   5324   622    17796.0000   196    33148.0000    16938.0000  1289353   48.90%
   5332   628    21514.0000   159    33148.0000    16938.0000  1290171   48.90%
   5336   630    infeasible          33148.0000    16938.0000  1290441   48.90%
   5344   631    16938.0000   619    33148.0000    16938.0000  1291686   48.90%
   5353   635    17203.0000   423    33148.0000    16938.0000  1291957   48.90%
   5358   640    21051.0000   138    33148.0000    16938.0000  1292288   48.90%
   5362   644    21233.0000    63    33148.0000    16938.0000  1292464   48.90%
   5371   646    17120.0000   263    33148.0000    16938.0000  1293019   48.90%
   5378   652    20786.0000   120    33148.0000    16938.0000  1293804   48.90%
   5385   657    infeasible          33148.0000    16938.0000  1294177   48.90%
Elapsed time = 4772.52 sec. (1531963.92 ticks, tree = 4.70 MB, solutions = 5)
   5390   660    17203.0000   459    33148.0000    16938.0000  1294730   48.90%
   5394   662    17666.0000   264    33148.0000    16938.0000  1294933   48.90%
   5399   667    17666.0000   157    33148.0000    16938.0000  1295410   48.90%
   5404   668    16938.0000   551    33148.0000    16938.0000  1295882   48.90%
   5412   673    17796.0000   210    33148.0000    16938.0000  1296664   48.90%
   5420   680    22372.0000   155    33148.0000    16938.0000  1297203   48.90%
   5431   686    17796.0000   396    33148.0000    16938.0000  1298052   48.90%
   5439   694    17879.0000    72    33148.0000    16938.0000  1299501   48.90%
   5448   699    18342.0000    70    33148.0000    16938.0000  1299646   48.90%
   5453   697    infeasible          33148.0000    16938.0000  1300124   48.90%
Elapsed time = 4827.48 sec. (1573249.29 ticks, tree = 4.96 MB, solutions = 5)
   5459   700    16938.0000   611    33148.0000    16938.0000  1300715   48.90%
   5466   705    infeasible          33148.0000    16938.0000  1301073   48.90%
   5471   709    17484.0000   216    33148.0000    16938.0000  1301392   48.90%
   5475   711    18836.0000   116    33148.0000    16938.0000  1301656   48.90%
   5480   711    17302.0000   494    33148.0000    16938.0000  1302131   48.90%
   5488   717    17203.0000   295    33148.0000    16938.0000  1302845   48.90%
   5494   721    17978.1429   225    33148.0000    16938.0000  1303362   48.90%
   5500   723    22554.0000   125    33148.0000    16938.0000  1304406   48.90%
   5507   723    17122.8561   564    33148.0000    16938.0000  1304740   48.90%
   5514   728    17796.7689   336    33148.0000    16938.0000  1304992   48.90%
Elapsed time = 4883.67 sec. (1616023.56 ticks, tree = 5.13 MB, solutions = 5)
   5520   727    16938.0000   668    33148.0000    16938.0000  1305575   48.90%
   5524   731    17203.0000   405    33148.0000    16938.0000  1306035   48.90%
   5532   733    infeasible          33148.0000    16938.0000  1306744   48.90%
   5538   739    17978.0000   244    33148.0000    16938.0000  1307418   48.90%
   5543   744    18836.0000   105    33148.0000    16938.0000  1307799   48.90%
   5549   747    17614.7689   226    33148.0000    16938.0000  1308661   48.90%
   5556   747    17780.0000   476    33148.0000    16938.0000  1309263   48.90%
   5561   750    17780.0000   474    33148.0000    16938.0000  1309607   48.90%
   5567   754    18326.0000   238    33148.0000    16938.0000  1309997   48.90%
   5570   755    infeasible          33148.0000    16938.0000  1310347   48.90%
Elapsed time = 4940.52 sec. (1659996.51 ticks, tree = 5.31 MB, solutions = 5)
   5578   761    17484.0000   368    33148.0000    16938.0000  1311064   48.90%
   5581   762    infeasible          33148.0000    16938.0000  1311306   48.90%
   5586   765    infeasible          33148.0000    16938.0000  1311745   48.90%
   5592   767    17120.0000   680    33148.0000    16938.0000  1312127   48.90%
   5597   771    18737.0000   273    33148.0000    16938.0000  1312672   48.90%
   5605   777    19366.0000    93    33148.0000    16938.0000  1313164   48.90%
   5613   781    18342.0000   302    33148.0000    16938.0000  1313688   48.90%
   5617   783    18342.0000   158    33148.0000    16938.0000  1313974   48.90%
   5622   785    infeasible          33148.0000    16938.0000  1314451   48.90%
   5632   791    18160.0000   232    33148.0000    16938.0000  1315247   48.90%
Elapsed time = 4999.77 sec. (1702804.87 ticks, tree = 5.53 MB, solutions = 5)
   5645   799    infeasible          33148.0000    16938.0000  1316002   48.90%
   5649   801    17697.0000   352    33148.0000    16938.0000  1317210   48.90%
   5654   802    16938.0000   691    33148.0000    16938.0000  1317704   48.90%
   5660   808    18342.0000   395    33148.0000    16938.0000  1318718   48.90%
   5668   812    18160.0000   378    33148.0000    16938.0000  1319142   48.90%
   5676   816    17120.0000   546    33148.0000    16938.0000  1319593   48.90%
   5684   819    infeasible          33148.0000    16938.0000  1320374   48.90%
   5690   823    17614.0000   394    33148.0000    16938.0000  1320839   48.90%
   5698   822    17614.0000   659    33148.0000    16938.5179  1321885   48.90%
   5705   829    18160.0000   315    33148.0000    16938.5179  1322411   48.90%
Elapsed time = 5056.63 sec. (1746101.70 ticks, tree = 5.76 MB, solutions = 5)
   5710   832    18508.0000   254    33148.0000    16938.5179  1322948   48.90%
   5717   834    17796.0000   261    33148.0000    16938.5179  1323783   48.90%
   5725   842    18654.0000   112    33148.0000    16938.5179  1324327   48.90%
   5734   848    18654.0000    97    33148.0000    16938.5179  1324606   48.90%
   5739   848    16938.5179   582    33148.0000    16938.5179  1325731   48.90%
   5748   857    17962.0000   249    33148.0000    16938.5179  1326703   48.90%
   5754   858    17697.0000   294    33148.0000    16938.7837  1327494   48.90%
   5761   862    16938.7837   582    33148.0000    16938.7837  1328542   48.90%
   5772   868    infeasible          33148.0000    16938.7837  1329630   48.90%
   5786   880    18342.0000   127    33148.0000    16938.7837  1330411   48.90%
Elapsed time = 5110.31 sec. (1788914.78 ticks, tree = 6.07 MB, solutions = 5)
   5794   884    infeasible          33148.0000    16938.7837  1331411   48.90%
   5809   895    17203.6875   244    33148.0000    16938.7837  1332341   48.90%
   5817   897    16938.7837   521    33148.0000    16938.7837  1333167   48.90%
   5835   903    17614.0000   365    33148.0000    16938.7837  1333825   48.90%
   5842   909    17697.0000   245    33148.0000    16938.7837  1334574   48.90%
   5855   919    17978.0000   166    33148.0000    16938.7837  1335400   48.90%
   5871   926    17120.5727   390    33148.0000    16938.7837  1336351   48.90%
   5880   933    18160.0000   235    33148.0000    16938.7837  1337271   48.90%
   5885   938    21134.0000   100    33148.0000    16938.7837  1337650   48.90%
   5896   945    17796.0000   138    33148.0000    16938.7837  1338338   48.90%
Elapsed time = 5169.83 sec. (1830199.25 ticks, tree = 6.48 MB, solutions = 5)
   5926   965    16938.7837   486    33148.0000    16938.7837  1339378   48.90%
   5937   976    18061.0000   166    33148.0000    16938.7837  1340663   48.90%
   5943   982    18243.0000   176    33148.0000    16938.7837  1341349   48.90%
   5949   984    17302.0000   380    33148.0000    16938.7837  1341769   48.90%
   5960   992    18342.0000   249    33148.0000    16938.7837  1342157   48.90%
   5971   999    17978.0000   227    33148.0000    16938.7837  1342787   48.90%
   5983  1008    17978.0000   248    33148.0000    16938.7837  1343927   48.90%
   5988  1013    18326.0000   145    33148.0000    16938.7837  1344409   48.90%
   5994  1017    18508.0000   108    33148.0000    16938.7837  1344562   48.90%
   6002  1020    17614.0000   428    33148.0000    16938.7837  1344940   48.90%
Elapsed time = 5231.77 sec. (1870491.76 ticks, tree = 6.98 MB, solutions = 5)
   6010  1026    18654.0000   208    33148.0000    16938.7837  1345337   48.90%
   6017  1029    17120.7837   481    33148.0000    16938.7837  1347389   48.90%
   6029  1035    infeasible          33148.0000    16938.7837  1348259   48.90%
   6034  1038    infeasible          33148.0000    16938.7837  1350221   48.90%
   6041  1045    17978.0000   137    33148.0000    16938.7837  1350842   48.90%
   6052  1048    17614.0000   491    33148.0000    16938.7837  1351533   48.90%
   6056  1052    17978.0000   267    33148.0000    16938.7837  1352703   48.90%
   6063  1057    20878.0000   145    33148.0000    16938.7837  1353672   48.90%
   6072  1062    17302.3617   227    33148.0000    16938.7837  1354629   48.90%
   6084  1072    22455.0000   262    33148.0000    16938.7837  1355832   48.90%
Elapsed time = 5288.04 sec. (1913215.81 ticks, tree = 7.35 MB, solutions = 5)
   6089  1072    infeasible          33148.0000    16938.7837  1356357   48.90%
   6098  1080    18160.0000   205    33148.0000    16938.7837  1357269   48.90%
   6110  1088    22455.0000   105    33148.0000    16938.7837  1357864   48.90%
   6117  1089    17120.5727   366    33148.0000    16938.7837  1359087   48.90%
   6125  1097    18144.0000   197    33148.0000    16938.7837  1360504   48.90%
   6136  1105    17796.0000   382    33148.0000    16938.7837  1361654   48.90%
   6146  1114    17978.5727   153    33148.0000    16938.7837  1362652   48.90%
   6156  1119    17614.0000   179    33148.0000    16938.7837  1363524   48.90%
   6162  1123    18524.0000   113    33148.0000    16938.7837  1363882   48.90%
   6165  1122    17120.7837   574    33148.0000    16938.7837  1365122   48.90%
Elapsed time = 5348.69 sec. (1956242.76 ticks, tree = 7.68 MB, solutions = 5)
   6171  1128    18160.0000   270    33148.0000    16938.7837  1366128   48.90%
   6183  1133    infeasible          33148.0000    16938.7837  1366704   48.90%
   6191  1139    17879.0000   583    33148.0000    16938.7837  1368049   48.90%
   6200  1147    18160.0000    99    33148.0000    16938.7837  1369040   48.90%
   6208  1152    17021.6875   476    33148.0000    16938.7837  1369762   48.90%
   6213  1151    infeasible          33148.0000    16938.7837  1373243   48.90%
   6221  1155    17978.0000   507    33148.0000    16938.7837  1373894   48.90%
   6228  1158    17614.0000   613    33148.0000    16940.8561  1374764   48.89%
   6235  1164    17796.0000   266    33148.0000    16940.8561  1375568   48.89%
   6243  1165    17122.0871   253    33148.0000    16990.3537  1376212   48.74%
Elapsed time = 5404.44 sec. (2000002.22 ticks, tree = 7.95 MB, solutions = 5)
   6250  1171    19382.0000    91    33148.0000    16990.3537  1376757   48.74%
   6258  1178    22736.0000    66    33148.0000    16990.3537  1377195   48.74%
   6270  1185    17302.0000   485    33148.0000    16990.3537  1377857   48.74%
   6275  1184    infeasible          33148.0000    16990.3537  1378221   48.74%
   6280  1187    17978.0000   388    33148.0000    17005.0000  1378562   48.70%
   6283  1186    infeasible          33148.0000    17005.0000  1378781   48.70%
   6288  1189    17614.0000   336    33148.0000    17005.0000  1379223   48.70%
   6292  1191    17978.0000   229    33148.0000    17005.0000  1379494   48.70%
   6301  1198    infeasible          33148.0000    17005.0000  1379858   48.70%
   6310  1201    17978.0000   275    33148.0000    17021.0000  1380332   48.65%
Elapsed time = 5459.15 sec. (2041401.60 ticks, tree = 8.19 MB, solutions = 5)
   6317  1204    18706.0000   140    33148.0000    17021.0000  1380655   48.65%
   6329  1211    infeasible          33148.0000    17021.0000  1381056   48.65%
   6333  1213    17614.0000   348    33148.0000    17021.0000  1381616   48.65%
   6340  1216    17614.0000   528    33148.0000    17021.0000  1381955   48.65%
   6347  1223    17614.0000   337    33148.0000    17021.0000  1382509   48.65%
   6354  1226    17302.0000   652    33148.0000    17021.0000  1383274   48.65%
   6360  1232    17978.0000   347    33148.0000    17021.0000  1383586   48.65%
   6365  1237    18160.0000   124    33148.0000    17021.0000  1383900   48.65%
   6373  1240    17796.1394   175    33148.0000    17021.0000  1384541   48.65%
   6385  1252    21150.0000   156    33148.0000    17021.0000  1385238   48.65%
Elapsed time = 5510.91 sec. (2082995.08 ticks, tree = 8.54 MB, solutions = 5)
   6396  1259    17796.1394   196    33148.0000    17021.0000  1385786   48.65%
   6404  1267    19018.0000   132    33148.0000    17021.0000  1386568   48.65%
   6409  1268    17122.0871   454    33148.0000    17021.0000  1387942   48.65%
   6419  1274    17104.0000   310    33148.0000    17021.0000  1389091   48.65%
   6427  1277    infeasible          33148.0000    17021.0000  1389448   48.65%
   6435  1283    17978.0000    79    33148.0000    17021.0000  1390072   48.65%
   6441  1285    17796.0000   150    33148.0000    17021.0000  1391354   48.65%
   6450  1293    19200.0000    81    33148.0000    17021.0000  1392199   48.65%
   6463  1301    17120.0000   561    33148.0000    17021.0000  1393342   48.65%
   6468  1306    18160.0000   218    33148.0000    17021.0000  1393891   48.65%
Elapsed time = 5568.21 sec. (2125702.21 ticks, tree = 8.90 MB, solutions = 5)
   6473  1309    infeasible          33148.0000    17021.0000  1394332   48.65%
   6484  1315    22554.0000    75    33148.0000    17021.0000  1394926   48.65%
   6492  1315    17614.0000   627    33148.0000    17021.0000  1396237   48.65%
   6500  1323    17614.0000   300    33148.0000    17021.0000  1396952   48.65%
   6510  1331    18342.0000   117    33148.0000    17021.0000  1398142   48.65%
   6520  1335    17614.0000   124    33148.0000    17021.0000  1399484   48.65%
   6527  1339    infeasible          33148.0000    17021.0000  1400065   48.65%
   6535  1343    17978.0000   293    33148.0000    17021.0000  1400804   48.65%
   6539  1345    18342.0000   185    33148.0000    17021.0000  1401119   48.65%
   6545  1346    infeasible          33148.0000    17021.0000  1401453   48.65%
Elapsed time = 5623.00 sec. (2167406.77 ticks, tree = 9.17 MB, solutions = 5)
   6553  1347    17697.0000   317    33148.0000    17021.0000  1402946   48.65%
   6560  1349    17879.0000   230    33148.0000    17021.0000  1403336   48.65%
   6566  1351    17796.0000   259    33148.0000    17021.0000  1403979   48.65%
   6573  1358    18654.0000   151    33148.0000    17021.0000  1404649   48.65%
   6576  1356    infeasible          33148.0000    17021.0000  1405423   48.65%
   6580  1356    infeasible          33148.0000    17021.0000  1406766   48.65%
   6587  1361    17796.0000   262    33148.0000    17021.0000  1407277   48.65%
   6594  1365    17796.0000   530    33148.0000    17021.0000  1408017   48.65%
   6598  1366    infeasible          33148.0000    17021.0000  1408236   48.65%
   6605  1367    17796.0000   538    33148.0000    17021.0000  1408823   48.65%
Elapsed time = 5677.94 sec. (2210183.15 ticks, tree = 9.31 MB, solutions = 5)
   6611  1369    infeasible          33148.0000    17021.0000  1409229   48.65%
   6620  1375    18160.0000   138    33148.0000    17021.0000  1409832   48.65%
   6634  1383    19283.0000    35    33148.0000    17021.0000  1410251   48.65%
   6640  1387    17978.0000   187    33148.0000    17021.0000  1411506   48.65%
   6646  1385    infeasible          33148.0000    17021.0000  1412038   48.65%
   6650  1387    17615.5379   296    33148.0000    17021.0000  1412736   48.65%
   6655  1392    17797.5379   171    33148.0000    17021.0000  1413139   48.65%
   6664  1397    17978.0000   261    33148.0000    17021.0000  1413982   48.65%
   6669  1402    17978.7657   151    33148.0000    17021.0000  1414307   48.65%
   6675  1404    17796.0000   232    33148.0000    17021.0000  1414877   48.65%
Elapsed time = 5733.66 sec. (2252001.62 ticks, tree = 9.55 MB, solutions = 5)
   6683  1412    18061.0000   131    33148.0000    17021.0000  1415283   48.65%
   6690  1417    19018.0000    58    33148.0000    17021.0000  1415528   48.65%
   6712  1422    infeasible          33148.0000    17021.0000  1416623   48.65%
   6717  1425    17697.0000   350    33148.0000    17021.0000  1417208   48.65%
   6724  1432    17978.0000   102    33148.0000    17021.0000  1417731   48.65%
   6731  1434    17796.0000   468    33148.0000    17021.0000  1418437   48.65%
   6738  1439    18045.0000   263    33148.0000    17021.0000  1418798   48.65%
   6745  1443    17796.0000   218    33148.0000    17021.0000  1419253   48.65%
   6754  1446    17288.0784   632    33148.0000    17021.0000  1420396   48.65%
   6755  1445    infeasible          33148.0000    17021.0000  1420610   48.65%
Elapsed time = 5793.57 sec. (2297520.76 ticks, tree = 9.84 MB, solutions = 5)
   6761  1451    17796.0000   474    33148.0000    17021.0000  1421256   48.65%
   6765  1453    infeasible          33148.0000    17021.0000  1421683   48.65%
   6770  1454    17203.0000   388    33148.0000    17021.0000  1421988   48.65%
   6775  1457    18160.0000   172    33148.0000    17021.0000  1422335   48.65%
   6782  1458    infeasible          33148.0000    17021.0000  1422982   48.65%
   6787  1463    17879.0000   332    33148.0000    17021.0000  1423196   48.65%
   6795  1468    20968.0000   204    33148.0000    17021.0000  1424678   48.65%
   6802  1470    17104.0000   614    33148.0000    17021.0000  1425431   48.65%
   6806  1474    17879.0000   356    33148.0000    17021.0000  1425730   48.65%
   6811  1476    17978.0000   297    33148.0000    17021.0000  1426200   48.65%
Elapsed time = 5855.78 sec. (2340469.51 ticks, tree = 10.03 MB, solutions = 5)
   6816  1481    18160.0000   258    33148.0000    17021.0000  1426743   48.65%
   6820  1485    18342.0000   224    33148.0000    17021.0000  1427163   48.65%
   6823  1484    infeasible          33148.0000    17021.0000  1427605   48.65%
   6829  1488    17879.0000   492    33148.0000    17021.0000  1428240   48.65%
   6832  1490    18061.0000   348    33148.0000    17021.0000  1428530   48.65%
   6837  1493    17304.8441   297    33148.0000    17021.0000  1429487   48.65%
   6844  1500    18342.0000   131    33148.0000    17021.0000  1429884   48.65%
   6849  1500    infeasible          33148.0000    17021.0000  1430472   48.65%
   6854  1505    17978.0000   233    33148.0000    17021.0000  1431280   48.65%
   6871  1514    17302.0000   410    33148.0000    17021.0000  1432228   48.65%
Elapsed time = 5978.02 sec. (2385333.10 ticks, tree = 10.32 MB, solutions = 5)
   6876  1515    17203.0000   499    33148.0000    17021.0000  1432620   48.65%
   6881  1518    infeasible          33148.0000    17021.0000  1433118   48.65%
   6888  1519    17796.0000   390    33148.0000    17021.0000  1433547   48.65%
   6892  1521    17796.0000   196    33148.0000    17021.0000  1434021   48.65%
   6897  1524    18820.0000   127    33148.0000    17021.0000  1434642   48.65%
   6904  1523    17697.0000   658    33148.0000    17021.0000  1435221   48.65%
   6908  1527    17879.0000   603    33148.0000    17021.0000  1435619   48.65%
   6911  1530    18243.0000   338    33148.0000    17021.0000  1436084   48.65%
   6917  1529    17021.0000   650    33148.0000    17021.0000  1436462   48.65%
   6923  1534    17879.0000   365    33148.0000    17021.0000  1436784   48.65%
Elapsed time = 6095.52 sec. (2430815.18 ticks, tree = 10.45 MB, solutions = 5)
   6928  1539    18061.0000   162    33148.0000    17021.0000  1437118   48.65%
   6933  1540    infeasible          33148.0000    17021.0000  1437406   48.65%
   6938  1545    17879.0000   235    33148.0000    17021.0000  1437996   48.65%
   6940  1547    18919.0000   124    33148.0000    17021.0000  1438440   48.65%
   6949  1547    17104.0000   361    33148.0000    17021.0000  1439230   48.65%
   6957  1549    17796.0000   317    33148.0000    17021.5179  1440284   48.65%
   6963  1553    17978.0000   220    33148.0000    17021.5179  1440899   48.65%
   6971  1555    17796.1394   221    33148.0000    17021.5179  1441682   48.65%
   6981  1559    17697.0000   329    33148.0000    17021.5179  1442379   48.65%
   6989  1559    17021.5179   373    33148.0000    17021.5179  1443376   48.65%
Elapsed time = 6209.05 sec. (2472253.90 ticks, tree = 10.61 MB, solutions = 5)
   6997  1567    17796.1394    88    33148.0000    17021.5179  1443855   48.65%
   6999  1569    17978.1394   219    33148.0000    17021.5179  1444478   48.65%
   7003  1570    infeasible          33148.0000    17021.5179  1444967   48.65%
   7011  1578    18160.0000   127    33148.0000    17021.5179  1446189   48.65%
   7023  1584    17697.0000   348    33148.0000    17021.5179  1447051   48.65%
   7033  1593    18160.0000   233    33148.0000    17021.5179  1448124   48.65%
   7041  1597    17796.1394   271    33148.0000    17021.6875  1448641   48.65%
   7047  1602    18654.0000   133    33148.0000    17021.6875  1449319   48.65%
   7060  1602    17879.0000   294    33148.0000    17023.5054  1450912   48.64%
   7068  1607    18061.0000   169    33148.0000    17023.5054  1451912   48.64%
Elapsed time = 6320.65 sec. (2514339.39 ticks, tree = 10.95 MB, solutions = 5)
   7073  1607    17614.7689   288    33148.0000    17023.5054  1452978   48.64%
   7082  1616    20968.0000   127    33148.0000    17023.5054  1453569   48.64%
   7097  1625    22918.0000    17    33148.0000    17023.5054  1453930   48.64%
   7107  1629    17978.0000   533    33148.0000    17023.5054  1454383   48.64%
   7114  1636    18690.0000   253    33148.0000    17023.5054  1454751   48.64%
   7117  1635    17122.0871   658    33148.0000    17023.8561  1455226   48.64%
   7124  1640    17879.0000   417    33148.0000    17023.8561  1455627   48.64%
   7138  1651    21332.0000   121    33148.0000    17023.8561  1456303   48.64%
   7154  1665    22637.0000    36    33148.0000    17023.8561  1457033   48.64%
   7167  1668    20786.0000    71    33148.0000    17104.0000  1457760   48.40%
Elapsed time = 6431.64 sec. (2555836.52 ticks, tree = 11.37 MB, solutions = 5)
   7173  1672    infeasible          33148.0000    17104.0000  1458408   48.40%
   7180  1671    17879.1394   183    33148.0000    17104.0000  1458883   48.40%
   7187  1674    infeasible          33148.0000    17104.0000  1459514   48.40%
   7193  1677    18342.0000   172    33148.0000    17104.0000  1460968   48.40%
   7200  1679    17796.0000   242    33148.0000    17104.0000  1462499   48.40%
   7215  1690    21514.0000    56    33148.0000    17104.0000  1463083   48.40%
   7228  1695    17203.5179   245    33148.0000    17104.0000  1464235   48.40%
   7235  1700    19101.0000    98    33148.0000    17104.0000  1464877   48.40%
   7242  1702    22008.0000    56    33148.0000    17104.0000  1465491   48.40%
*  7262  1710      integral     0    32518.0000    17104.0000  1466063   47.40%
   7267  1706    infeasible          32518.0000    17104.0000  1468140   47.40%
Elapsed time = 6520.90 sec. (2600006.75 ticks, tree = 11.01 MB, solutions = 6)
   7271  1707    17879.0000   475    32518.0000    17104.0000  1468507   47.40%
   7274  1710    17879.0000   340    32518.0000    17104.0000  1468674   47.40%
   7277  1712    17879.0000   238    32518.0000    17104.0000  1468952   47.40%
   7282  1714    infeasible          32518.0000    17104.0000  1469194   47.40%
   7289  1717    17879.0000   229    32518.0000    17104.0000  1469609   47.40%
   7295  1720    18243.0000   132    32518.0000    17104.0000  1470069   47.40%
   7301  1723    17666.0000   159    32518.0000    17104.0000  1470835   47.40%
   7311  1729    19647.0000   112    32518.0000    17104.0000  1471284   47.40%
   7316  1729    17780.0000   441    32518.0000    17120.0000  1472259   47.35%
   7318  1731    17780.0000   463    32518.0000    17120.0000  1472350   47.35%
Elapsed time = 6574.34 sec. (2641670.20 ticks, tree = 11.17 MB, solutions = 6)
   7322  1735    17879.0000   371    32518.0000    17120.0000  1472526   47.35%
   7325  1738    17962.0000   421    32518.0000    17120.0000  1474240   47.35%
   7333  1746    18243.0000   202    32518.0000    17120.0000  1475228   47.35%
   7341  1750    17796.0000   329    32518.0000    17120.0000  1475720   47.35%
   7345  1752    infeasible          32518.0000    17120.0000  1476080   47.35%
   7348  1753    18160.0000   424    32518.0000    17120.0000  1476566   47.35%
   7350  1755    18160.0000   284    32518.0000    17120.0000  1476795   47.35%
   7353  1758    19101.0000   173    32518.0000    17120.0000  1477469   47.35%
   7358  1759    17614.0000   394    32518.0000    17120.0000  1477977   47.35%
*  7362+ 1749                        28394.0000    17120.0000            39.71%
*  7362+ 1749                        28306.0000    17120.0000            39.52%
   7362  1751    18836.0000   145    28306.0000    17120.0000  1478599   39.52%
Elapsed time = 6633.27 sec. (2686998.74 ticks, tree = 11.29 MB, solutions = 8)
   7367  1752    17302.0000   363    28306.0000    17120.0000  1479200   39.52%
   7372  1755    18160.0000   207    28306.0000    17120.0000  1479708   39.52%
   7376  1757    18342.0000   159    28306.0000    17120.0000  1479931   39.52%
   7382  1762    18706.0000   115    28306.0000    17120.0000  1480265   39.52%
   7388  1765    17302.0000   330    28306.0000    17120.0000  1480763   39.52%
   7392  1769    18160.0000   242    28306.0000    17120.0000  1481110   39.52%
   7397  1771    18607.0000   206    28306.0000    17120.0000  1481500   39.52%
   7401  1771    18160.0000   353    28306.0000    17120.0000  1482034   39.52%
   7405  1775    18836.0000   197    28306.0000    17120.0000  1482549   39.52%
   7410  1773    infeasible          28306.0000    17120.0000  1483271   39.52%
Elapsed time = 6691.77 sec. (2730414.91 ticks, tree = 11.45 MB, solutions = 8)
   7418  1779    17796.0000   340    28306.0000    17120.0000  1483582   39.52%
   7424  1783    20786.0000   160    28306.0000    17120.0000  1484191   39.52%
   7433  1788    17796.0000   379    28306.0000    17120.0000  1484714   39.52%
   7437  1791    18160.0000   225    28306.0000    17120.0000  1485421   39.52%
   7444  1793    17796.0000   401    28306.0000    17120.0000  1485998   39.52%
   7451  1796    17780.0000   663    28306.0000    17120.0000  1486544   39.52%
   7454  1795    17120.0000   379    28306.0000    17120.0000  1486919   39.52%
   7466  1805    20786.0000   101    28306.0000    17120.0000  1488343   39.52%
   7478  1813    17302.0000   177    28306.0000    17120.0000  1489762   39.52%
   7483  1816    17484.0000   104    28306.0000    17120.0000  1490629   39.52%
Elapsed time = 6746.01 sec. (2773344.53 ticks, tree = 11.73 MB, solutions = 8)
   7491  1819    17978.0000   170    28306.0000    17120.0000  1491296   39.52%
   7498  1826    19382.0000    88    28306.0000    17120.0000  1491684   39.52%
   7517  1839    17796.0000   180    28306.0000    17120.0000  1492420   39.52%
   7530  1851    21514.0000    56    28306.0000    17120.0000  1493487   39.52%
   7540  1855    17484.0000   263    28306.0000    17120.0000  1495055   39.52%
   7543  1858    17650.0000   200    28306.0000    17120.0000  1495782   39.52%
   7546  1857    17302.0000   297    28306.0000    17120.0000  1496200   39.52%
   7560  1869    19382.0000   106    28306.0000    17120.0000  1496497   39.52%
   7569  1871    17614.0000   228    28306.0000    17120.0000  1497876   39.52%
   7578  1880    19382.0000   108    28306.0000    17120.0000  1498168   39.52%
Elapsed time = 6800.72 sec. (2814972.23 ticks, tree = 12.21 MB, solutions = 8)
   7595  1888    17484.0000   237    28306.0000    17120.0000  1498945   39.52%
   7601  1893    18342.0000   168    28306.0000    17120.0000  1499904   39.52%
   7607  1897    19018.0000   136    28306.0000    17120.0000  1500999   39.52%
   7617  1899    17614.0000   184    28306.0000    17120.0000  1501758   39.52%
   7626  1905    17796.0000   181    28306.0000    17120.0000  1502618   39.52%
   7633  1906    17780.0000   488    28306.0000    17120.0000  1503307   39.52%
   7637  1908    17780.0000   334    28306.0000    17120.0000  1503524   39.52%
   7644  1914    17978.0000   128    28306.0000    17120.0000  1503945   39.52%
   7654  1917    infeasible          28306.0000    17120.0000  1504812   39.52%
   7663  1918    17120.0000   439    28306.0000    17120.0000  1505979   39.52%
Elapsed time = 6856.56 sec. (2858595.82 ticks, tree = 12.48 MB, solutions = 8)
   7669  1922    17614.0000   185    28306.0000    17120.0000  1506824   39.52%
   7682  1932    20036.0000   103    28306.0000    17120.0000  1507679   39.52%
   7689  1935    18160.0000   319    28306.0000    17120.0000  1508231   39.52%
   7696  1942    18160.0000   158    28306.0000    17120.0000  1508453   39.52%
   7706  1948    infeasible          28306.0000    17120.0000  1508797   39.52%
   7714  1954    18160.0000   313    28306.0000    17120.0000  1510670   39.52%
   7720  1960    18160.0000   138    28306.0000    17120.0000  1511004   39.52%
   7736  1966    infeasible          28306.0000    17120.0000  1511874   39.52%
   7748  1969    17796.0000   280    28306.0000    17120.0000  1513268   39.52%
   7766  1982    22273.0000   106    28306.0000    17120.0000  1514311   39.52%
Elapsed time = 6909.63 sec. (2900119.60 ticks, tree = 12.89 MB, solutions = 8)
   7774  1986    17978.0000   298    28306.0000    17120.0000  1515003   39.52%
   7780  1991    17978.0000   212    28306.0000    17120.0000  1515576   39.52%
   7786  1997    21826.0000    94    28306.0000    17120.0000  1516194   39.52%
   7801  2008    17978.0000   224    28306.0000    17120.0000  1517197   39.52%
   7805  2008    infeasible          28306.0000    17120.0000  1517651   39.52%
   7812  2015    17796.0000   276    28306.0000    17120.0000  1519031   39.52%
   7817  2016    17666.5179   460    28306.0000    17120.0000  1519621   39.52%
   7821  2020    18160.1394   272    28306.0000    17120.0000  1519789   39.52%
   7825  2024    18160.1394   156    28306.0000    17120.0000  1520081   39.52%
   7830  2024    infeasible          28306.0000    17120.0000  1520475   39.52%
Elapsed time = 6967.60 sec. (2943003.43 ticks, tree = 13.18 MB, solutions = 8)
   7840  2032    18160.0000   132    28306.0000    17120.0000  1521310   39.52%
   7852  2040    19018.0000    32    28306.0000    17120.0000  1521675   39.52%
*  7890  2053      integral     0    27442.0000    17120.0000  1522833   37.61%
   7892  2055    17302.0000   339    27442.0000    17120.0000  1523135   37.61%
   7898  2057    infeasible          27442.0000    17120.0000  1523656   37.61%
   7905  2060    18160.0000   237    27442.0000    17120.0000  1524465   37.61%
   7911  2065    18160.0000    78    27442.0000    17120.0000  1524994   37.61%
   7930  2077    24430.0000    56    27442.0000    17120.0000  1526464   37.61%
   7953  2086    18160.0000   473    27442.0000    17120.0000  1528085   37.61%
   7959  2092    18342.0000   240    27442.0000    17120.0000  1528534   37.61%
   7968  2098    17161.5000   363    27442.0000    17120.0000  1529235   37.61%
Elapsed time = 7024.29 sec. (2985138.95 ticks, tree = 13.79 MB, solutions = 9)
   7978  2106    18243.0000   175    27442.0000    17120.0000  1530200   37.61%
   7987  2112    21878.0000   158    27442.0000    17120.0000  1530748   37.61%
   7991  2114    infeasible          27442.0000    17120.0000  1530922   37.61%
   7999  2114    17302.5179   234    27442.0000    17120.0000  1531723   37.61%
   8006  2121    18836.0000    98    27442.0000    17120.0000  1532056   37.61%
   8020  2127    17978.0000   229    27442.0000    17120.0000  1532802   37.61%
   8027  2133    18342.0000   139    27442.0000    17120.0000  1533368   37.61%
   8034  2137    18524.0000   195    27442.0000    17120.0000  1534501   37.61%
   8044  2142    infeasible          27442.0000    17120.0000  1535094   37.61%
   8055  2147    18160.0000   210    27442.0000    17120.0000  1536045   37.61%
Elapsed time = 7077.73 sec. (3025003.99 ticks, tree = 14.12 MB, solutions = 9)
   8067  2156    22736.0000    63    27442.0000    17120.0000  1536567   37.61%
   8074  2159    18061.0000   140    27442.0000    17120.0000  1537194   37.61%
   8081  2163    18160.0000    98    27442.0000    17120.0000  1537640   37.61%
   8087  2163    17978.0000   276    27442.0000    17120.0000  1538413   37.61%
   8092  2168    18342.0000   234    27442.0000    17120.0000  1538841   37.61%
   8098  2172    22008.0000    89    27442.0000    17120.0000  1539379   37.61%
   8108  2176    17978.0000   233    27442.0000    17120.0000  1540612   37.61%
   8117  2183    18342.0000   154    27442.0000    17120.0000  1541057   37.61%
   8125  2187    17484.0000   175    27442.0000    17120.0000  1541650   37.61%
   8132  2192    21514.0000   124    27442.0000    17120.0000  1542456   37.61%
Elapsed time = 7131.33 sec. (3065548.59 ticks, tree = 14.42 MB, solutions = 9)
   8138  2194    17978.1394   152    27442.0000    17120.0000  1542808   37.61%
   8144  2197    17796.0000    84    27442.0000    17120.0000  1543357   37.61%
   8166  2209    17302.5179   250    27442.0000    17120.0000  1544036   37.61%
   8180  2217    18160.0000   196    27442.0000    17120.0000  1545573   37.61%
   8193  2228    infeasible          27442.0000    17120.0000  1546005   37.61%
   8199  2231    17484.3784   228    27442.0000    17120.0000  1546646   37.61%
   8212  2244    21826.0000   112    27442.0000    17120.0000  1547394   37.61%
   8225  2249    17978.0000   122    27442.0000    17120.0000  1548376   37.61%
   8235  2251    17614.0000   261    27442.0000    17120.0000  1548775   37.61%
   8242  2253    17614.0000   198    27442.0000    17120.0000  1549315   37.61%
Elapsed time = 7173.74 sec. (3106845.38 ticks, tree = 14.84 MB, solutions = 9)
   8250  2256    17796.0000   235    27442.0000    17120.0000  1550004   37.61%
   8259  2261    18160.0000   124    27442.0000    17120.0000  1551072   37.61%
   8266  2260    17614.0000   277    27442.0000    17120.0000  1553057   37.61%
   8273  2261    17978.0000   196    27442.0000    17120.0000  1553834   37.61%
   8279  2267    18654.0000   154    27442.0000    17120.0000  1554854   37.61%
   8285  2267    infeasible          27442.0000    17120.0000  1555204   37.61%
   8292  2271    17796.0000   295    27442.0000    17120.0000  1555666   37.61%
   8298  2274    18160.0000   285    27442.0000    17120.0000  1556026   37.61%
   8302  2278    18524.0000   126    27442.0000    17120.0000  1556297   37.61%
   8308  2280    17978.0000   264    27442.0000    17120.0000  1556660   37.61%
Elapsed time = 7226.67 sec. (3148757.32 ticks, tree = 15.02 MB, solutions = 9)
   8314  2283    17978.0000   209    27442.0000    17120.0000  1557586   37.61%
   8329  2289    infeasible          27442.0000    17120.0000  1559265   37.61%
   8338  2296    infeasible          27442.0000    17120.0000  1559767   37.61%
   8349  2303    17796.0000   287    27442.0000    17120.0000  1560844   37.61%
   8356  2310    18342.0000   144    27442.0000    17120.0000  1561314   37.61%
   8361  2314    19382.0000    72    27442.0000    17120.0000  1561636   37.61%
   8368  2315    17796.0000   184    27442.0000    17120.0000  1562719   37.61%
   8373  2316    17614.0000   325    27442.0000    17120.0000  1563380   37.61%
   8383  2324    18160.0000   140    27442.0000    17120.0000  1564089   37.61%
   8395  2332    22554.0000    91    27442.0000    17120.0000  1564828   37.61%
Elapsed time = 7291.98 sec. (3197329.84 ticks, tree = 15.38 MB, solutions = 9)
   8403  2333    17615.5379   346    27442.0000    17120.0000  1565408   37.61%
   8410  2338    17978.0000   318    27442.0000    17120.0000  1565766   37.61%
   8416  2344    18773.0000   152    27442.0000    17120.0000  1566105   37.61%
   8422  2342    17486.0808   391    27442.0000    17120.0000  1566569   37.61%
   8427  2343    18160.0000   289    27442.0000    17120.0000  1567167   37.61%
   8434  2343    17614.0000   337    27442.0000    17120.0000  1568095   37.61%
   8438  2346    17796.0000   226    27442.0000    17120.0000  1568505   37.61%
   8443  2348    17978.0000   239    27442.0000    17120.0000  1569332   37.61%
   8445  2346    infeasible          27442.0000    17120.0000  1569413   37.61%
   8450  2351    17302.5179   343    27442.0000    17120.0000  1569779   37.61%
Elapsed time = 7350.65 sec. (3243111.27 ticks, tree = 15.51 MB, solutions = 9)
   8454  2352    infeasible          27442.0000    17120.0000  1570237   37.61%
   8459  2357    18144.0000   193    27442.0000    17120.0000  1570841   37.61%
   8469  2358    17978.0000   192    27442.0000    17120.0000  1571645   37.61%
   8479  2365    21878.0000   137    27442.0000    17120.0000  1572151   37.61%
   8490  2369    17666.1507   328    27442.0000    17120.0000  1572993   37.61%
   8498  2373    17978.0000   227    27442.0000    17120.0000  1573451   37.61%
   8502  2377    18888.0000   197    27442.0000    17120.0000  1573832   37.61%
   8505  2379    22679.0000    89    27442.0000    17120.0000  1574371   37.61%
   8510  2382    17796.0000   385    27442.0000    17120.0000  1574767   37.61%
   8514  2383    18061.0000   522    27442.0000    17120.0000  1575523   37.61%
Elapsed time = 7408.18 sec. (3287239.26 ticks, tree = 15.72 MB, solutions = 9)
   8518  2381    infeasible          27442.0000    17120.0000  1575718   37.61%
   8525  2384    18160.0000   108    27442.0000    17120.0000  1576377   37.61%
   8529  2386    17666.0000   164    27442.0000    17120.0000  1577273   37.61%
   8533  2389    20786.0000    94    27442.0000    17120.0000  1577912   37.61%
   8539  2391    17614.7689   134    27442.0000    17120.0000  1578420   37.61%
   8548  2394    17697.0000   298    27442.0000    17120.0000  1579305   37.61%
   8558  2399    17978.0000   128    27442.0000    17120.0000  1580264   37.61%
   8566  2395    17302.0000   486    27442.0000    17120.0000  1581755   37.61%
   8577  2396    17978.0000   190    27442.0000    17120.0000  1582296   37.61%
   8585  2397    17484.5179   214    27442.0000    17120.0000  1582709   37.61%
Elapsed time = 7462.53 sec. (3329430.43 ticks, tree = 15.82 MB, solutions = 9)
   8598  2410    19018.0000    80    27442.0000    17120.0000  1583244   37.61%
   8606  2413    17302.0000   268    27442.0000    17120.0000  1584404   37.61%
   8609  2415    17484.0000   247    27442.0000    17120.0000  1584992   37.61%
   8614  2414    17120.0000   353    27442.0000    17120.0000  1585771   37.61%
   8618  2417    17978.0000   208    27442.0000    17120.0000  1586383   37.61%
   8626  2419    17978.7657   166    27442.0000    17120.0000  1586919   37.61%
   8630  2421    18654.0000    86    27442.0000    17120.0000  1587104   37.61%
   8649  2430    17796.0000   249    27442.0000    17120.0000  1587763   37.61%
   8655  2434    17978.0000   226    27442.0000    17120.0000  1588445   37.61%
   8659  2434    17614.0000   212    27442.0000    17120.0000  1588834   37.61%
Elapsed time = 7520.98 sec. (3373001.00 ticks, tree = 16.07 MB, solutions = 9)
   8667  2432    infeasible          27442.0000    17120.0000  1589464   37.61%
   8672  2435    infeasible          27442.0000    17120.0000  1590015   37.61%
   8687  2444    23412.0000    72    27442.0000    17120.0000  1590503   37.61%
   8710  2449    17120.0000   385    27442.0000    17120.0000  1591326   37.61%
   8715  2449    17120.0000   336    27442.0000    17120.0000  1591770   37.61%
   8720  2452    17796.0000   238    27442.0000    17120.0000  1592201   37.61%
   8725  2455    infeasible          27442.0000    17120.0000  1592427   37.61%
   8735  2463    24430.0000    47    27442.0000    17120.0000  1593049   37.61%
   8760  2462    17796.0000   338    27442.0000    17120.0000  1593920   37.61%
   8768  2464    17879.0000   299    27442.0000    17120.0000  1594587   37.61%
Elapsed time = 7574.89 sec. (3414561.51 ticks, tree = 16.30 MB, solutions = 9)
   8773  2467    17879.0000   260    27442.0000    17120.0000  1595287   37.61%
   8780  2467    17614.0000   461    27442.0000    17120.0000  1595960   37.61%
   8787  2474    18836.0000   299    27442.0000    17120.0000  1596526   37.61%
   8794  2475    17978.0000   362    27442.0000    17120.0000  1597169   37.61%
   8799  2478    17978.0000   293    27442.0000    17120.0000  1597525   37.61%
   8804  2480    17978.7657   180    27442.0000    17120.0000  1597782   37.61%
   8818  2489    23198.0000    66    27442.0000    17120.0000  1598383   37.61%
   8827  2492    17796.7689   525    27442.0000    17120.0000  1598717   37.61%
   8830  2495    18144.7689   293    27442.0000    17120.0000  1599260   37.61%
   8835  2495    17796.7689   398    27442.0000    17120.0000  1599581   37.61%
Elapsed time = 7630.00 sec. (3458365.07 ticks, tree = 16.51 MB, solutions = 9)
   8843  2498    18160.7689   293    27442.0000    17120.0000  1599889   37.61%
   8847  2498    infeasible          27442.0000    17120.0000  1600596   37.61%
   8854  2499    18160.0000   178    27442.0000    17120.0000  1601167   37.61%
   8861  2502    17796.0000   221    27442.0000    17120.0000  1601563   37.61%
   8868  2503    17879.0000   463    27442.0000    17120.0000  1602100   37.61%
   8873  2504    17614.0000   543    27442.0000    17120.0000  1602499   37.61%
   8878  2508    18160.0000   213    27442.0000    17120.0000  1602982   37.61%
   8883  2512    18243.0000   138    27442.0000    17120.0000  1603245   37.61%
   8893  2513    17796.0000   398    27442.0000    17120.0000  1603748   37.61%
   8898  2517    18342.0000   254    27442.0000    17120.0000  1604227   37.61%
Elapsed time = 7680.73 sec. (3500764.71 ticks, tree = 16.65 MB, solutions = 9)
   8906  2521    infeasible          27442.0000    17120.0000  1604699   37.61%
   8914  2523    18061.0000   181    27442.0000    17120.5179  1605522   37.61%
   8920  2523    17796.0000   400    27442.0000    17120.5179  1605856   37.61%
   8925  2525    17978.0000   310    27442.0000    17120.5179  1606114   37.61%
   8932  2527    18061.0000   189    27442.0000    17120.5179  1606876   37.61%
   8938  2529    17978.1394   177    27442.0000    17120.5727  1607532   37.61%
   8947  2538    18836.0000   134    27442.0000    17120.5727  1607875   37.61%
   8956  2545    21332.0000    94    27442.0000    17120.5727  1608364   37.61%
   8967  2549    17302.5730   260    27442.0000    17120.5727  1608729   37.61%
   8976  2555    18227.0000   146    27442.0000    17120.5727  1609244   37.61%
Elapsed time = 7736.94 sec. (3545019.13 ticks, tree = 16.92 MB, solutions = 9)
   8989  2565    18061.0000   168    27442.0000    17120.5727  1610205   37.61%
   8998  2574    20218.0000   102    27442.0000    17120.5727  1611124   37.61%
   9009  2583    infeasible          27442.0000    17120.5727  1611773   37.61%
   9015  2585    infeasible          27442.0000    17120.5727  1612889   37.61%
   9022  2590    17978.0000   286    27442.0000    17120.5727  1614680   37.61%
   9026  2593    18524.0000   172    27442.0000    17120.5727  1615269   37.61%
   9029  2593    17120.5727   470    27442.0000    17120.5727  1615700   37.61%
   9034  2598    18160.0000   312    27442.0000    17120.5727  1616340   37.61%
   9037  2599    18342.0000   264    27442.0000    17120.5727  1616858   37.61%
   9041  2603    18342.0000   178    27442.0000    17120.5727  1617159   37.61%
Elapsed time = 7794.37 sec. (3589591.53 ticks, tree = 17.25 MB, solutions = 9)
   9051  2609    19200.0000    62    27442.0000    17120.5727  1617625   37.61%
   9068  2618    17978.0000   195    27442.0000    17120.5727  1619094   37.61%
   9080  2625    17978.0000    87    27442.0000    17120.5727  1620075   37.61%
   9104  2640    infeasible          27442.0000    17120.5727  1621163   37.61%
   9112  2646    18061.0000   208    27442.0000    17120.5727  1621918   37.61%
   9117  2647    20786.0000   320    27442.0000    17120.5727  1622404   37.61%
   9123  2651    22372.0000   230    27442.0000    17120.5727  1623133   37.61%
   9129  2655    22372.0000    76    27442.0000    17120.5727  1623910   37.61%
   9144  2661    23958.0000    18    27442.0000    17120.5727  1625072   37.61%
*  9155  2586      integral     0    23958.0000    17120.5727  1625237   28.54%
   9164  2589    17978.0000   301    23958.0000    17120.5727  1626144   28.54%
Elapsed time = 7837.01 sec. (3630569.44 ticks, tree = 17.10 MB, solutions = 10)
   9173  2598    21644.0000   172    23958.0000    17120.5727  1626565   28.54%
   9183  2604    17614.0000   320    23958.0000    17120.5727  1627158   28.54%
   9192  2611    17978.0000   268    23958.0000    17120.5727  1627602   28.54%
   9200  2617    infeasible          23958.0000    17120.5727  1628193   28.54%
   9204  2617    18160.0000   328    23958.0000    17120.5727  1628763   28.54%
   9210  2621    20968.0000   120    23958.0000    17120.5727  1629180   28.54%
   9217  2625    17796.0000   424    23958.0000    17120.5727  1631116   28.54%
   9223  2631    17978.0000   240    23958.0000    17120.5727  1632569   28.54%
   9228  2633    18160.0000   494    23958.0000    17120.5727  1633296   28.54%
   9232  2637    19200.0000   156    23958.0000    17120.5727  1633730   28.54%
Elapsed time = 7895.86 sec. (3673910.41 ticks, tree = 17.43 MB, solutions = 10)
   9240  2641    20869.0000   109    23958.0000    17120.5727  1634611   28.54%
   9250  2647    17978.0000   340    23958.0000    17120.5727  1635290   28.54%
   9255  2652    18326.0000   112    23958.0000    17120.5727  1635738   28.54%
   9260  2652    18326.0000   181    23958.0000    17120.5727  1636141   28.54%
   9266  2652    infeasible          23958.0000    17120.5727  1636525   28.54%
   9274  2655    17978.0000   220    23958.0000    17120.5727  1636893   28.54%
   9283  2660    18160.0000   173    23958.0000    17120.5727  1637049   28.54%
   9291  2662    17978.0000   325    23958.0000    17120.5727  1637604   28.54%
   9297  2664    18836.0000   251    23958.0000    17120.5727  1638207   28.54%
   9304  2664    infeasible          23958.0000    17120.5727  1638517   28.54%
Elapsed time = 7955.20 sec. (3719746.78 ticks, tree = 17.62 MB, solutions = 10)
   9312  2666    17122.0871   544    23958.0000    17120.5727  1639353   28.54%
   9316  2670    18061.0000   282    23958.0000    17120.5727  1640064   28.54%
   9322  2674    18160.0000   210    23958.0000    17120.5727  1640253   28.54%
   9328  2677    infeasible          23958.0000    17120.5727  1641106   28.54%
   9333  2680    17697.0000   223    23958.0000    17120.5727  1642292   28.54%
   9340  2687    18342.0000   159    23958.0000    17120.5727  1642710   28.54%
   9344  2690    19101.0000   100    23958.0000    17120.5727  1642945   28.54%
   9351  2691    17614.0000   474    23958.0000    17120.5727  1643524   28.54%
   9354  2692    infeasible          23958.0000    17120.5727  1643773   28.54%
   9359  2694    17796.0000   238    23958.0000    17120.5727  1644193   28.54%
Elapsed time = 8012.29 sec. (3763857.01 ticks, tree = 17.81 MB, solutions = 10)
   9365  2695    17302.3663   348    23958.0000    17120.5727  1644859   28.54%
   9373  2703    20786.0000   150    23958.0000    17120.5727  1645473   28.54%
   9386  2714    23048.0000   118    23958.0000    17120.5727  1646427   28.54%
   9394  2715    20786.0000   204    23958.0000    17120.5727  1647063   28.54%
   9401  2716    17796.0000   208    23958.0000    17120.5727  1647708   28.54%
   9411  2724    19018.0000   127    23958.0000    17120.5727  1648285   28.54%
   9419  2730    19564.0000    72    23958.0000    17120.5727  1648675   28.54%
   9427  2734    17385.2655   229    23958.0000    17120.5727  1649327   28.54%
   9440  2743    18342.0000   152    23958.0000    17120.5727  1650000   28.54%
   9447  2746    17203.5727   281    23958.0000    17120.5727  1650779   28.54%
Elapsed time = 8086.52 sec. (3805002.85 ticks, tree = 18.17 MB, solutions = 10)
   9457  2756    18342.0000   188    23958.0000    17120.5727  1652220   28.54%
   9463  2756    17796.0000   322    23958.0000    17120.5727  1653164   28.54%
   9468  2759    infeasible          23958.0000    17120.5727  1653508   28.54%
   9470  2759    17486.0871   513    23958.0000    17120.7837  1654258   28.54%
   9478  2763    18342.0000   222    23958.0000    17120.7837  1654958   28.54%
   9484  2767    18706.0000   130    23958.0000    17120.7837  1655702   28.54%
   9487  2766    infeasible          23958.0000    17120.7837  1656064   28.54%
   9501  2777    18342.0000    96    23958.0000    17120.7837  1656917   28.54%
   9507  2780    19382.0000    66    23958.0000    17120.7837  1657436   28.54%
   9513  2782    19564.0000    62    23958.0000    17120.7837  1657891   28.54%
Elapsed time = 8199.00 sec. (3849907.17 ticks, tree = 18.41 MB, solutions = 10)
   9523  2788    18061.0000   255    23958.0000    17120.7837  1658820   28.54%
   9530  2792    18342.0000   108    23958.0000    17120.7837  1659410   28.54%
   9539  2798    19200.0000    40    23958.0000    17120.7837  1659722   28.54%
   9549  2801    18160.0000   190    23958.0000    17120.7837  1660604   28.54%
   9558  2803    infeasible          23958.0000    17120.7837  1661502   28.54%
   9567  2812    18160.0000    69    23958.0000    17120.7837  1662569   28.54%
   9576  2818    infeasible          23958.0000    17120.7837  1663139   28.54%
   9588  2825    20968.0000    97    23958.0000    17120.7837  1664337   28.54%
   9596  2832    21514.0000    92    23958.0000    17120.7837  1664912   28.54%
   9604  2835    17484.5727   214    23958.0000    17120.7837  1665576   28.54%
Elapsed time = 8305.89 sec. (3891760.63 ticks, tree = 18.77 MB, solutions = 10)
   9610  2841    18524.0000   117    23958.0000    17120.7837  1666108   28.54%
   9614  2842    17796.2110   392    23958.0000    17120.7837  1668146   28.54%
   9619  2847    17978.2110   220    23958.0000    17120.7837  1668651   28.54%
   9631  2858    22778.0000    99    23958.0000    17120.7837  1669818   28.54%
   9639  2858    17796.0000   291    23958.0000    17120.7837  1670883   28.54%
   9645  2860    17879.0000   174    23958.0000    17120.7837  1671428   28.54%
   9655  2864    infeasible          23958.0000    17120.7837  1671975   28.54%
   9662  2870    17879.0000   236    23958.0000    17120.7837  1672853   28.54%
   9670  2872    17978.0000   260    23958.0000    17120.7837  1673725   28.54%
   9678  2878    18524.0000   140    23958.0000    17120.7837  1674413   28.54%
Elapsed time = 8369.33 sec. (3932880.21 ticks, tree = 19.06 MB, solutions = 10)
   9686  2880    18524.0000   108    23958.0000    17120.7837  1674806   28.54%
   9693  2885    22372.0000    54    23958.0000    17120.7837  1675451   28.54%
   9703  2891    17978.0000   155    23958.0000    17120.7837  1676759   28.54%
   9717  2901    22190.0000    60    23958.0000    17120.7837  1677834   28.54%
   9728  2909    17978.0000   156    23958.0000    17120.7837  1679078   28.54%
   9739  2914    17796.0000   328    23958.0000    17120.7837  1680905   28.54%
   9747  2920    17978.0000   201    23958.0000    17120.7837  1682311   28.54%
   9754  2925    infeasible          23958.0000    17120.7837  1683470   28.54%
   9763  2930    infeasible          23958.0000    17120.7837  1684045   28.54%
   9770  2933    17302.7837   390    23958.0000    17120.7837  1685040   28.54%
Elapsed time = 8412.32 sec. (3975505.00 ticks, tree = 19.43 MB, solutions = 10)
   9774  2937    17484.0000   437    23958.0000    17120.7837  1686315   28.54%
   9777  2938    18524.0000   272    23958.0000    17120.7837  1687081   28.54%
   9783  2942    18706.0000   208    23958.0000    17120.7837  1688041   28.54%
   9789  2944    17796.0000   291    23958.0000    17120.7837  1688473   28.54%
   9801  2949    19200.0000   210    23958.0000    17120.7837  1688866   28.54%
   9806  2950    infeasible          23958.0000    17120.7837  1689206   28.54%
   9812  2954    18061.0000   159    23958.0000    17120.7837  1691433   28.54%
   9820  2962    18243.0000   190    23958.0000    17120.7837  1693077   28.54%
   9828  2967    22190.0000   110    23958.0000    17120.7837  1693501   28.54%
   9836  2969    17780.0000   369    23958.0000    17120.7837  1694008   28.54%
Elapsed time = 8465.21 sec. (4017559.48 ticks, tree = 19.68 MB, solutions = 10)
   9843  2971    17978.0000   267    23958.0000    17120.7837  1694444   28.54%
   9849  2974    17614.0000   328    23958.0000    17120.9947  1696283   28.54%
   9855  2978    17614.0000   243    23958.0000    17120.9947  1696759   28.54%
   9863  2982    infeasible          23958.0000    17120.9947  1697354   28.54%
   9868  2986    18342.0000   231    23958.0000    17120.9947  1698167   28.54%
   9877  2991    18342.0000   134    23958.0000    17122.0871  1698775   28.53%
   9888  2996    17122.0871   379    23958.0000    17122.0871  1699810   28.53%
   9894  2999    infeasible          23958.0000    17122.0871  1700626   28.53%
   9901  3002    17796.0000   294    23958.0000    17122.0871  1701707   28.53%
   9913  3012    18342.0000   161    23958.0000    17122.0871  1703277   28.53%
Elapsed time = 8518.77 sec. (4060488.75 ticks, tree = 19.96 MB, solutions = 10)
   9919  3014    19382.0000   129    23958.0000    17122.0871  1704010   28.53%
   9923  3014    17122.8561   381    23958.0000    17122.0871  1704410   28.53%
   9928  3019    17796.7689   209    23958.0000    17122.0871  1704834   28.53%
   9932  3021    infeasible          23958.0000    17122.0871  1705526   28.53%
   9937  3024    18836.0000   134    23958.0000    17122.0871  1706286   28.53%
   9946  3026    17697.0000   351    23958.0000    17122.0871  1706981   28.53%
   9950  3030    17697.0000   233    23958.0000    17122.0871  1707521   28.53%
   9954  3031    infeasible          23958.0000    17122.0871  1707925   28.53%
   9959  3032    17796.0000   404    23958.0000    17122.0871  1708537   28.53%
   9965  3038    19694.0000   161    23958.0000    17122.0871  1709403   28.53%
Elapsed time = 8579.64 sec. (4104451.59 ticks, tree = 20.14 MB, solutions = 10)
   9975  3041    22008.0000    67    23958.0000    17122.0871  1710178   28.53%
   9985  3040    17205.8440   449    23958.0000    17122.8561  1711036   28.53%
   9988  3043    17569.8440   260    23958.0000    17122.8561  1711577   28.53%
   9997  3046    18160.0000   173    23958.0000    17122.8561  1711991   28.53%
  10006  3052    20968.0000   121    23958.0000    17122.8561  1712586   28.53%
  10019  3057    22736.0000    36    23958.0000    17122.8561  1713572   28.53%
  10034  3065    18706.0000    70    23958.0000    17122.8561  1714350   28.53%
  10046  3074    18160.0000   442    23958.0000    17122.8561  1716387   28.53%
  10057  3084    18524.0000   145    23958.0000    17122.8561  1717454   28.53%
  10067  3089    18160.0000    95    23958.0000    17122.8561  1718174   28.53%
Elapsed time = 8637.70 sec. (4146875.49 ticks, tree = 20.48 MB, solutions = 10)
  10077  3095    17614.7689   399    23958.0000    17122.8561  1720119   28.53%
  10083  3095    17796.0000   112    23958.0000    17122.8561  1721513   28.53%
  10091  3097    infeasible          23958.0000    17122.8561  1722011   28.53%
  10096  3101    17978.7689   291    23958.0000    17122.8561  1722643   28.53%
  10103  3103    17796.7689   349    23958.0000    17161.5000  1723123   28.37%
  10107  3107    18160.1394   179    23958.0000    17161.5000  1723465   28.37%
  10115  3110    19200.0000   137    23958.0000    17161.5000  1724084   28.37%
  10119  3112    22190.0000   116    23958.0000    17161.5000  1725218   28.37%
  10124  3113    17796.1394   294    23958.0000    17161.5000  1725573   28.37%
  10129  3114    17978.5179   137    23958.0000    17161.5000  1725898   28.37%
Elapsed time = 8699.55 sec. (4191768.62 ticks, tree = 20.65 MB, solutions = 10)
  10141  3122    infeasible          23958.0000    17161.5000  1726362   28.37%
  10149  3122    infeasible          23958.0000    17187.0000  1727199   28.26%
  10156  3121    17978.0000   368    23958.0000    17203.0000  1727716   28.20%
  10161  3122    infeasible          23958.0000    17203.0000  1728434   28.20%
  10167  3122    18160.0000   403    23958.0000    17203.0000  1729181   28.20%
  10173  3124    18160.0000   302    23958.0000    17203.0000  1729567   28.20%
  10180  3126    18836.0000   220    23958.0000    17203.0000  1730178   28.20%
  10185  3126    17978.0000   211    23958.0000    17203.0000  1730826   28.20%
  10191  3127    18160.0000   168    23958.0000    17203.0000  1731217   28.20%
  10196  3132    18342.0000   124    23958.0000    17203.0000  1731389   28.20%
Elapsed time = 8756.98 sec. (4234188.10 ticks, tree = 20.79 MB, solutions = 10)
  10200  3130    infeasible          23958.0000    17203.0000  1731614   28.20%
  10208  3134    infeasible          23958.0000    17203.0000  1732478   28.20%
  10214  3136    18160.0000   291    23958.0000    17203.0000  1733007   28.20%
  10218  3136    17796.0000   485    23958.0000    17203.0000  1733589   28.20%
  10222  3138    17978.0000   286    23958.0000    17203.0000  1734156   28.20%
  10228  3141    20786.0000   182    23958.0000    17203.0000  1734662   28.20%
  10233  3144    infeasible          23958.0000    17203.0000  1734886   28.20%
  10239  3146    17879.0000   188    23958.0000    17203.0000  1735203   28.20%
  10245  3146    18061.0000   227    23958.0000    17203.0000  1735762   28.20%
  10249  3150    21826.0000   102    23958.0000    17203.0000  1736259   28.20%
Elapsed time = 8815.70 sec. (4275072.41 ticks, tree = 20.92 MB, solutions = 10)
  10252  3150    17486.0784   412    23958.0000    17203.0000  1737705   28.20%
  10257  3152    infeasible          23958.0000    17203.0000  1738173   28.20%
  10269  3152    17203.0000   540    23958.0000    17203.0000  1738927   28.20%
  10273  3151    infeasible          23958.0000    17203.0000  1739311   28.20%
  10281  3151    infeasible          23958.0000    17203.0000  1740225   28.20%
  10290  3155    infeasible          23958.0000    17203.0000  1740925   28.20%
  10314  3177    23688.0000    28    23958.0000    17203.0000  1741476   28.20%
  10326  3178    17796.0000   328    23958.0000    17203.0000  1742711   28.20%
  10330  3178    17203.0000   262    23958.0000    17203.0000  1743224   28.20%
  10335  3176    infeasible          23958.0000    17203.0000  1743484   28.20%
Elapsed time = 8871.08 sec. (4316467.29 ticks, tree = 21.14 MB, solutions = 10)
  10344  3184    21233.0000    76    23958.0000    17203.0000  1744500   28.20%
* 10369  3185      integral     0    23776.0000    17203.0000  1745238   27.65%
  10373  3189    17387.8441   230    23776.0000    17203.0000  1745565   27.65%
  10380  3194    18888.0000    97    23776.0000    17203.0000  1746042   27.65%
  10391  3195    17468.0000   343    23776.0000    17203.0000  1746964   27.65%
  10394  3196    17567.0000   232    23776.0000    17203.0000  1747158   27.65%
  10404  3199    infeasible          23776.0000    17203.0000  1747508   27.65%
  10417  3208    23562.0000    58    23776.0000    17203.0000  1748178   27.65%
  10426  3209    17203.0000   279    23776.0000    17203.0000  1748600   27.65%
  10431  3209    17879.7689   349    23776.0000    17203.0000  1749004   27.65%
Elapsed time = 8928.48 sec. (4358795.10 ticks, tree = 21.35 MB, solutions = 11)
  10434  3211    17879.7689   218    23776.0000    17203.0000  1749206   27.65%
  10441  3216    19200.7689   114    23776.0000    17203.0000  1749571   27.65%
  10447  3217    17879.0000   277    23776.0000    17203.0000  1749943   27.65%
  10452  3220    17879.0000   230    23776.0000    17203.0000  1750271   27.65%
  10462  3221    17302.0000   380    23776.0000    17203.0000  1750847   27.65%
  10467  3224    infeasible          23776.0000    17203.0000  1751317   27.65%
  10469  3226    17978.0000   202    23776.0000    17203.0000  1751567   27.65%
  10478  3229    22372.0000    59    23776.0000    17203.0000  1752258   27.65%
  10485  3232    17796.0000   287    23776.0000    17203.0000  1752769   27.65%
  10488  3231    infeasible          23776.0000    17203.0000  1752955   27.65%
Elapsed time = 8983.44 sec. (4402749.13 ticks, tree = 21.51 MB, solutions = 11)
  10491  3232    infeasible          23776.0000    17203.0000  1753161   27.65%
  10502  3241    20786.0000   104    23776.0000    17203.0000  1753544   27.65%
  10508  3244    18160.0000   248    23776.0000    17203.0000  1753981   27.65%
  10520  3252    22554.0000   121    23776.0000    17203.0000  1754776   27.65%
  10531  3255    17796.0000   410    23776.0000    17203.0000  1755314   27.65%
  10535  3259    17978.0000   239    23776.0000    17203.0000  1755746   27.65%
  10541  3262    17879.0000   315    23776.0000    17203.0000  1756715   27.65%
  10544  3265    18919.7657   138    23776.0000    17203.0000  1757223   27.65%
  10551  3266    18243.7657   197    23776.0000    17203.0000  1757699   27.65%
  10557  3268    18524.0000   296    23776.0000    17203.0000  1758271   27.65%
Elapsed time = 9040.94 sec. (4446515.41 ticks, tree = 21.77 MB, solutions = 11)
  10564  3267    18160.0000   231    23776.0000    17203.0000  1758951   27.65%
  10568  3269    17697.0000   432    23776.0000    17203.0000  1759479   27.65%
  10572  3273    17879.0000   240    23776.0000    17203.0000  1760129   27.65%
  10578  3274    infeasible          23776.0000    17203.0000  1760723   27.65%
  10581  3275    17484.5179   229    23776.0000    17203.0000  1761246   27.65%
  10588  3276    17205.0871   299    23776.0000    17203.4765  1761709   27.64%
  10594  3282    18524.0000   141    23776.0000    17203.4765  1762049   27.64%
  10601  3280    17697.0000   322    23776.0000    17203.4765  1762631   27.64%
  10606  3283    infeasible          23776.0000    17203.4765  1762988   27.64%
  10612  3287    20869.0000   126    23776.0000    17203.5179  1763564   27.64%
Elapsed time = 9096.77 sec. (4490674.97 ticks, tree = 21.91 MB, solutions = 11)
  10624  3297    infeasible          23776.0000    17203.5179  1764027   27.64%
  10631  3298    infeasible          23776.0000    17203.5727  1764759   27.64%
  10640  3298    infeasible          23776.0000    17203.5727  1765558   27.64%
  10650  3305    18243.0000   126    23776.0000    17203.5727  1766616   27.64%
  10656  3306    18061.0000   198    23776.0000    17203.6875  1767326   27.64%
  10666  3304    infeasible          23776.0000    17205.0808  1768144   27.64%
  10671  3309    18227.0000   211    23776.0000    17205.0871  1768567   27.64%
  10679  3313    18425.0000   156    23776.0000    17205.0871  1768990   27.64%
  10692  3319    20036.0000   109    23776.0000    17205.0871  1769496   27.64%
  10699  3322    18160.0000   199    23776.0000    17205.4949  1769915   27.64%
Elapsed time = 9153.65 sec. (4532194.78 ticks, tree = 22.17 MB, solutions = 11)
  10703  3321    17978.0000   323    23776.0000    17205.8440  1770317   27.63%
  10706  3322    18160.0000   191    23776.0000    17205.8440  1770656   27.63%
  10713  3329    18607.0000   162    23776.0000    17205.8440  1770916   27.63%
  10716  3329    19465.0000   118    23776.0000    17205.8440  1771202   27.63%
  10719  3330    17205.8440   303    23776.0000    17205.8440  1771665   27.63%
  10722  3330    17304.8441   236    23776.0000    17205.8440  1771832   27.63%
  10726  3328    infeasible          23776.0000    17205.8440  1772075   27.63%
  10732  3333    19018.0000   146    23776.0000    17205.8440  1773214   27.63%
  10746  3340    infeasible          23776.0000    17205.8440  1774221   27.63%
  10767  3335    17978.1394   149    23776.0000    17286.0000  1778799   27.30%
Elapsed time = 9226.02 sec. (4586333.05 ticks, tree = 22.29 MB, solutions = 11)
  10782  3342    17294.0000   286    23776.0000    17286.0000  1780469   27.30%
  10803  3358    18144.0000   354    23776.0000    17286.0000  1782116   27.30%
  10828  3370    18342.0000   136    23776.0000    17302.0000  1784668   27.23%
  10861  3386    17978.0000   304    23776.0000    17302.0000  1786999   27.23%
  10881  3397    18524.0000   221    23776.0000    17302.0000  1789009   27.23%
  10896  3400    17978.0000   188    23776.0000    17302.0000  1790779   27.23%
  10919  3411    infeasible          23776.0000    17302.0000  1793390   27.23%
  10947  3418    18061.0000   225    23776.0000    17302.0000  1795215   27.23%
  10978  3432    17484.0000   289    23776.0000    17302.0000  1797027   27.23%
  11005  3440    17978.0000   154    23776.0000    17302.0000  1798940   27.23%
Elapsed time = 9442.87 sec. (4743126.49 ticks, tree = 23.03 MB, solutions = 11)
  11020  3445    17796.0000   404    23776.0000    17302.0000  1800423   27.23%
  11053  3463    18342.0000   173    23776.0000    17302.0000  1801759   27.23%
  11084  3477    17796.0000   136    23776.0000    17302.0000  1804047   27.23%
  11116  3492    18243.0000   287    23776.0000    17302.0000  1806712   27.23%
  11154  3507    21332.0000   136    23776.0000    17302.0000  1809278   27.23%
  11181  3521    21514.0000    80    23776.0000    17302.0000  1812461   27.23%
  11201  3528    17978.0000   124    23776.0000    17302.0000  1814690   27.23%
  11236  3546    19382.0000   123    23776.0000    17302.0000  1816208   27.23%
  11254  3551    19200.0000   214    23776.0000    17302.0000  1818563   27.23%
  11285  3568    19018.0000   104    23776.0000    17302.0000  1820493   27.23%
Elapsed time = 9644.71 sec. (4900209.46 ticks, tree = 23.93 MB, solutions = 11)
  11324  3574    infeasible          23776.0000    17302.0000  1823220   27.23%
  11342  3584    17978.7689   398    23776.0000    17302.0000  1824612   27.23%
  11378  3599    17484.0000   179    23776.0000    17302.0000  1827322   27.23%
  11405  3610    infeasible          23776.0000    17302.0000  1830388   27.23%
  11436  3616    17302.0000   166    23776.0000    17302.0000  1832776   27.23%
  11465  3623    18524.0000   130    23776.0000    17302.0000  1835497   27.23%
  11493  3633    17614.0000   199    23776.0000    17302.0000  1838408   27.23%
  11516  3636    19382.0000    95    23776.0000    17302.0000  1840701   27.23%
  11547  3640    18836.0000   171    23776.0000    17302.0000  1843651   27.23%
  11573  3652    18706.0000    84    23776.0000    17302.0000  1846344   27.23%
Elapsed time = 9858.73 sec. (5056302.62 ticks, tree = 24.56 MB, solutions = 11)
  11608  3672    18243.0000   126    23776.0000    17302.0000  1848986   27.23%
  11634  3682    17484.0000   191    23776.0000    17302.0000  1851595   27.23%
  11664  3693    infeasible          23776.0000    17302.0000  1853442   27.23%
  11696  3712    19018.1394    93    23776.0000    17302.0000  1855924   27.23%
  11718  3716    17978.0000   196    23776.0000    17302.0000  1857873   27.23%
  11754  3735    infeasible          23776.0000    17302.0000  1861425   27.23%
  11771  3741    19564.0000    92    23776.0000    17302.0000  1863357   27.23%
  11802  3755    infeasible          23776.0000    17302.0000  1865617   27.23%
  11827  3762    infeasible          23776.0000    17302.0000  1869044   27.23%
  11864  3765    17978.0000   316    23776.0000    17302.0000  1871288   27.23%
Elapsed time = 10046.23 sec. (5212974.01 ticks, tree = 25.41 MB, solutions = 11)
  11882  3773    17978.0000   312    23776.0000    17302.0000  1872922   27.23%
  11909  3777    18524.0000   145    23776.0000    17302.0000  1875656   27.23%
  11923  3781    17796.0000   207    23776.0000    17302.0000  1877478   27.23%
  11940  3790    18160.0000   273    23776.0000    17302.0000  1879561   27.23%
  11967  3802    17796.7689   110    23776.0000    17302.0000  1881552   27.23%
  11987  3805    17962.0000   347    23776.0000    17302.3663  1883924   27.23%
  12018  3824    22431.0000    56    23776.0000    17302.5179  1886736   27.23%
  12047  3833    17796.1394   161    23776.0000    17302.5179  1888883   27.23%
  12073  3833    18160.1394   178    23776.0000    17302.5179  1891808   27.23%
  12089  3832    17978.0000   374    23776.0000    17302.5179  1893966   27.23%
Elapsed time = 10434.92 sec. (5373944.63 ticks, tree = 25.90 MB, solutions = 11)
  12114  3849    18344.8561   238    23776.0000    17302.5179  1896218   27.23%
  12144  3861    22008.0000    98    23776.0000    17302.5727  1899298   27.23%
  12180  3884    17978.0000   171    23776.0000    17302.5727  1901355   27.23%
  12213  3898    21101.0000   149    23776.0000    17302.6689  1904573   27.23%
  12249  3911    17796.2110   324    23776.0000    17302.7837  1907710   27.23%
  12273  3922    infeasible          23776.0000    17302.7837  1910434   27.23%
  12288  3925    17484.7841   300    23776.0000    17302.7837  1915399   27.23%
  12304  3933    17484.7837   267    23776.0000    17302.7837  1918551   27.23%
  12319  3942    18524.0000   174    23776.0000    17302.7837  1921576   27.23%
  12341  3944    18160.0000   201    23776.0000    17304.0871  1923896   27.22%
Elapsed time = 10856.40 sec. (5532719.65 ticks, tree = 26.69 MB, solutions = 11)
  12363  3950    18162.8561   128    23776.0000    17304.8441  1925594   27.22%
  12394  3968    18160.0000   165    23776.0000    17304.8441  1927420   27.22%
  12423  3983    infeasible          23776.0000    17304.8441  1929751   27.22%
  12441  3990        cutoff          23776.0000    17304.8441  1932018   27.22%
  12478  4016    18160.0000   110    23776.0000    17335.0000  1934399   27.09%
  12515  4027    23594.0000    64    23776.0000    17385.0000  1936646   26.88%
  12535  4031    18706.0000   135    23776.0000    17385.0000  1938168   26.88%
  12556  4029    18706.0000   106    23776.0000    17385.0000  1940509   26.88%
  12577  4033    infeasible          23776.0000    17385.0000  1941934   26.88%
  12608  4041    18061.0000   253    23776.0000    17385.0000  1944443   26.88%
Elapsed time = 11289.25 sec. (5688899.96 ticks, tree = 27.42 MB, solutions = 11)
  12645  4060    infeasible          23776.0000    17385.0000  1946515   26.88%
  12670  4068    22091.7657    74    23776.0000    17385.0000  1948653   26.88%
  12698  4074    infeasible          23776.0000    17385.2655  1950605   26.88%
  12723  4085    17879.0000   236    23776.0000    17385.2655  1953188   26.88%
  12751  4104    20968.0000    99    23776.0000    17387.8441  1956067   26.87%
  12783  4127    19200.0000   113    23776.0000    17387.8441  1958532   26.87%
  12818  4135    23412.0000    32    23776.0000    17484.0000  1961153   26.46%
  12864  4144        cutoff          23776.0000    17484.0000  1964367   26.46%
  12903  4162    23562.0000    49    23776.0000    17484.0000  1967139   26.46%
  12943  4174    17796.0000   318    23776.0000    17484.0000  1969868   26.46%
Elapsed time = 11502.34 sec. (5846509.96 ticks, tree = 28.59 MB, solutions = 11)
* 12974  4180      integral     0    23661.0000    17484.0000  1971878   26.11%
  12977  4180    17484.0000   200    23661.0000    17484.0000  1972091   26.11%
  12995  4186    17484.0000   348    23661.0000    17484.0000  1974603   26.11%
  13021  4198    18836.0000   125    23661.0000    17484.0000  1977461   26.11%
  13050  4212    23100.0000    56    23661.0000    17484.0000  1979491   26.11%
  13081  4220    23594.0000    43    23661.0000    17484.0000  1981440   26.11%
  13107  4234    18524.0000   124    23661.0000    17484.0000  1983518   26.11%
  13134  4245    22554.0000    84    23661.0000    17484.0000  1986903   26.11%
  13165  4259    infeasible          23661.0000    17484.0000  1988667   26.11%
  13182  4257    infeasible          23661.0000    17484.0000  1992439   26.11%
  13218  4271    17484.0000   360    23661.0000    17484.0000  1994339   26.11%
Elapsed time = 11726.05 sec. (6003273.32 ticks, tree = 29.33 MB, solutions = 12)
  13242  4280    18524.0000   190    23661.0000    17484.0000  1997044   26.11%
* 13267  4257      integral     0    23506.0000    17484.0000  1997774   25.62%
  13277  4265    20968.0000    73    23506.0000    17484.0000  1999229   25.62%
  13299  4273    17666.0000   247    23506.0000    17484.0000  2001348   25.62%
  13333  4292    19548.0000    82    23506.0000    17484.0000  2003773   25.62%
  13352  4301    21332.0000    63    23506.0000    17484.0000  2005604   25.62%
  13391  4316    18342.0000   161    23506.0000    17484.1507  2008529   25.62%
  13409  4319    19564.0000   196    23506.0000    17484.3784  2010858   25.62%
  13436  4326    18342.0000   192    23506.0000    17486.0784  2012961   25.61%
  13467  4341        cutoff          23506.0000    17486.0871  2014991   25.61%
  13488  4344    18160.7657   197    23506.0000    17486.8561  2016967   25.61%
Elapsed time = 12155.32 sec. (6159927.48 ticks, tree = 29.84 MB, solutions = 13)
  13527  4357    18342.0000   227    23506.0000    17567.0000  2019627   25.27%
  13551  4364    22554.0000   108    23506.0000    17569.8440  2021320   25.25%
  13585  4375    22372.0000    38    23506.0000    17614.0000  2023520   25.07%
  13628  4394    22554.0000    46    23506.0000    17614.0000  2027643   25.07%
  13670  4403    19200.0000   212    23506.0000    17614.0000  2032669   25.07%
  13701  4411    18836.0000    99    23506.0000    17614.0000  2035287   25.07%
  13725  4420    18160.0000   146    23506.0000    17614.0000  2039982   25.07%
  13751  4428    19200.0000   108    23506.0000    17614.0000  2042865   25.07%
  13778  4443    19564.0000    94    23506.0000    17614.0000  2045070   25.07%
  13821  4469    19018.0000   130    23506.0000    17614.0000  2049178   25.07%
Elapsed time = 12482.30 sec. (6318800.10 ticks, tree = 30.77 MB, solutions = 13)
  13843  4473        cutoff          23506.0000    17614.0000  2052150   25.07%
  13863  4481    17978.0000   224    23506.0000    17614.0000  2056874   25.07%
  13889  4496    20968.0000    99    23506.0000    17614.0000  2059390   25.07%
  13908  4505    20110.0000    42    23506.0000    17614.0000  2061497   25.07%
  13944  4523    21514.0000    64    23506.0000    17614.0000  2063798   25.07%
  13966  4533    infeasible          23506.0000    17614.0000  2066402   25.07%
  14000  4546    18342.0000   123    23506.0000    17614.0000  2069468   25.07%
  14026  4560    22554.0000    61    23506.0000    17614.0000  2072083   25.07%
  14052  4567    17978.0000   183    23506.0000    17614.0000  2074129   25.07%
  14079  4582    18160.0000   183    23506.0000    17614.0000  2077068   25.07%
Elapsed time = 12723.45 sec. (6475508.63 ticks, tree = 31.60 MB, solutions = 13)
  14113  4601    17796.0000   356    23506.0000    17614.0000  2081968   25.07%
  14141  4617    21150.0000    54    23506.0000    17614.0000  2085341   25.07%
  14175  4624    19564.0000    99    23506.0000    17614.0000  2088722   25.07%
  14226  4653    23384.0000    18    23506.0000    17614.0000  2092406   25.07%
  14256  4658    18342.0000   220    23506.0000    17614.0000  2096456   25.07%
  14297  4673        cutoff          23506.0000    17614.0000  2100042   25.07%
  14322  4682    18162.0784   196    23506.0000    17614.0000  2103139   25.07%
  14348  4696    17978.0000   144    23506.0000    17614.0000  2106404   25.07%
  14373  4702    infeasible          23506.0000    17614.0000  2109367   25.07%
  14394  4708    17614.0000   306    23506.0000    17614.0000  2113494   25.07%
Elapsed time = 12947.72 sec. (6630888.62 ticks, tree = 32.50 MB, solutions = 13)
  14426  4720    18342.0000   127    23506.0000    17614.0000  2118856   25.07%
  14465  4736    17978.0000   159    23506.0000    17614.0000  2122610   25.07%
  14504  4749    17978.0000   141    23506.0000    17614.0000  2124709   25.07%
  14524  4758    17978.0000   167    23506.0000    17614.0000  2127804   25.07%
  14541  4768    21826.0000    98    23506.0000    17614.0000  2131407   25.07%
  14567  4779    19200.0000    74    23506.0000    17614.0000  2133724   25.07%
  14588  4783    infeasible          23506.0000    17614.0000  2137209   25.07%
  14624  4792    20483.0000   205    23506.0000    17614.0000  2141614   25.07%
  14642  4801    19203.6250    85    23506.0000    17614.0000  2144410   25.07%
  14666  4809    19746.0000    87    23506.0000    17614.0000  2147336   25.07%
Elapsed time = 13322.80 sec. (6788280.51 ticks, tree = 33.24 MB, solutions = 13)
  14716  4841    21696.0000   177    23506.0000    17614.0000  2149926   25.07%
  14754  4859    infeasible          23506.0000    17614.0000  2153186   25.07%
  14775  4862    18160.0000   127    23506.0000    17614.0000  2156866   25.07%
  14807  4879    17978.0000   206    23506.0000    17614.0000  2162254   25.07%
  14833  4889    infeasible          23506.0000    17614.0000  2165293   25.07%
  14861  4903    19746.0000   126    23506.0000    17614.0000  2168587   25.07%
  14886  4916    17978.0000   150    23506.0000    17614.0000  2173131   25.07%
  14919  4924    17978.0000   278    23506.0000    17614.0000  2178715   25.07%
  14961  4944    19854.0000    78    23506.0000    17614.0000  2184701   25.07%
  14994  4959    17614.0000   162    23506.0000    17614.0000  2190193   25.07%
Elapsed time = 13622.29 sec. (6944886.80 ticks, tree = 34.32 MB, solutions = 13)
  15018  4962    infeasible          23506.0000    17614.0000  2193350   25.07%
  15037  4965    17978.0000   210    23506.0000    17614.0000  2199210   25.07%
  15055  4973    18654.0000   119    23506.0000    17614.0000  2201645   25.07%
  15083  4987    18160.1423   154    23506.0000    17614.0000  2206235   25.07%
  15127  5001    17796.0000   281    23506.0000    17614.0000  2212200   25.07%
  15148  5011    18524.0000   157    23506.0000    17614.0000  2215807   25.07%
  15191  5033        cutoff          23506.0000    17614.0000  2218569   25.07%
  15224  5055        cutoff          23506.0000    17614.0000  2221198   25.07%
  15249  5062    infeasible          23506.0000    17614.0000  2223446   25.07%
  15271  5068    18654.0000   122    23506.0000    17614.0000  2225427   25.07%
Elapsed time = 14040.81 sec. (7102783.70 ticks, tree = 35.08 MB, solutions = 13)
  15305  5085    21826.0000    52    23506.0000    17614.0000  2228329   25.07%
  15329  5090    18160.0000   195    23506.0000    17614.0000  2230294   25.07%
  15354  5098    22060.0000    62    23506.0000    17614.0000  2232540   25.07%
  15386  5108    17978.0000   229    23506.0000    17614.0000  2238262   25.07%
  15423  5125    infeasible          23506.0000    17614.0000  2240750   25.07%
  15438  5132    17614.0000   208    23506.0000    17614.0000  2243449   25.07%
  15467  5144    23281.0000    90    23506.0000    17614.0000  2245058   25.07%
  15509  5157    22008.0000   121    23506.0000    17614.0000  2246920   25.07%
  15541  5164    18654.0000   112    23506.0000    17614.0000  2248583   25.07%
  15574  5188    23412.0000    12    23506.0000    17614.0000  2250802   25.07%
Elapsed time = 14468.95 sec. (7259197.85 ticks, tree = 35.93 MB, solutions = 13)
  15616  5207    20968.0000    52    23506.0000    17614.0000  2254429   25.07%
  15639  5218    18160.0000   155    23506.0000    17614.0000  2257333   25.07%
  15669  5233    infeasible          23506.0000    17614.0000  2260171   25.07%
  15689  5241    19564.0000    48    23506.0000    17614.0000  2263026   25.07%
  15723  5254    18160.0000   117    23506.0000    17614.0000  2267331   25.07%
  15756  5274    20786.0000   111    23506.0000    17614.0000  2272588   25.07%
  15791  5288    17978.0000   151    23506.0000    17614.0000  2276982   25.07%
  15827  5291    17796.0000   142    23506.0000    17614.0000  2280373   25.07%
  15881  5319    22918.0000    22    23506.0000    17614.0000  2282970   25.07%
  15933  5341    17614.0000   150    23506.0000    17614.0000  2285641   25.07%
Elapsed time = 14679.13 sec. (7415236.86 ticks, tree = 37.00 MB, solutions = 13)
  15969  5349    18160.0000   110    23506.0000    17614.0000  2287677   25.07%
  16001  5356    19018.0000   135    23506.0000    17614.0000  2289984   25.07%
  16031  5364    17614.0000   382    23506.0000    17614.0000  2293654   25.07%
  16064  5386    20968.0000    82    23506.0000    17614.0000  2297683   25.07%
  16097  5406    17978.0000   210    23506.0000    17614.0000  2301380   25.07%
  16123  5416    22918.0000    33    23506.0000    17614.0000  2304170   25.07%
  16154  5431    18706.0000   160    23506.0000    17614.0000  2307188   25.07%
  16191  5454    23485.0000    46    23506.0000    17614.0000  2309779   25.07%
  16226  5474    23412.0000   125    23506.0000    17614.0000  2312118   25.07%
  16246  5484    18160.0000   156    23506.0000    17614.0000  2314315   25.07%
Elapsed time = 15058.10 sec. (7573335.84 ticks, tree = 38.00 MB, solutions = 13)
  16276  5495    19382.0000    88    23506.0000    17614.0000  2316514   25.07%
  16307  5511    18342.0000   195    23506.0000    17614.0000  2318772   25.07%
  16339  5518    17614.0000   168    23506.0000    17614.0000  2320929   25.07%
  16384  5541    20786.0000    88    23506.0000    17614.0000  2323535   25.07%
  16414  5550    infeasible          23506.0000    17614.0000  2325495   25.07%
  16462  5578    17614.0000   348    23506.0000    17614.0000  2329393   25.07%
  16496  5598    20786.0000   305    23506.0000    17614.0000  2331406   25.07%
  16524  5609    17796.0000   193    23506.0000    17614.0000  2333528   25.07%
  16562  5623    17796.0000   327    23506.0000    17614.0000  2338355   25.07%
  16583  5633    21150.0000    91    23506.0000    17614.0000  2341722   25.07%
Elapsed time = 15468.40 sec. (7731054.85 ticks, tree = 39.06 MB, solutions = 13)
  16620  5645    17796.0000   354    23506.0000    17614.0000  2345926   25.07%
  16648  5664    18342.0000   119    23506.0000    17614.0000  2348771   25.07%
  16687  5684    22372.0000    36    23506.0000    17614.0000  2351330   25.07%
  16730  5704    20786.0000   103    23506.0000    17614.0000  2353980   25.07%
  16777  5733        cutoff          23506.0000    17614.0000  2356493   25.07%
  16807  5750    21150.0000    69    23506.0000    17614.0000  2360744   25.07%
  16851  5773    18160.0000   121    23506.0000    17614.0000  2364006   25.07%
  16883  5783    19018.0000    98    23506.0000    17614.0000  2366045   25.07%
  16912  5795    23001.0000    78    23506.0000    17614.0000  2368274   25.07%
  16935  5801    22554.0000    30    23506.0000    17614.0000  2370331   25.07%
Elapsed time = 15880.48 sec. (7887598.47 ticks, tree = 40.26 MB, solutions = 13)
  16965  5809    19200.0000    88    23506.0000    17614.0000  2373091   25.07%
  16997  5820    22554.0000    22    23506.0000    17614.0000  2375514   25.07%
  17017  5828    17978.0000   312    23506.0000    17614.0000  2379541   25.07%
  17038  5835    17614.0000   370    23506.0000    17614.0000  2383653   25.07%
  17063  5852    21514.0000   133    23506.0000    17614.0000  2387343   25.07%
  17096  5867    20786.0000   113    23506.0000    17614.0000  2391278   25.07%
  17150  5898    infeasible          23506.0000    17614.0000  2396273   25.07%
  17181  5913    17978.0000   434    23506.0000    17614.0000  2399949   25.07%
  17200  5923    17614.0000   158    23506.0000    17614.0000  2402089   25.07%
  17222  5920    17614.0000   152    23506.0000    17614.0000  2403538   25.07%
Elapsed time = 16285.08 sec. (8044516.86 ticks, tree = 41.08 MB, solutions = 13)
  17246  5929    19018.0000    67    23506.0000    17614.0000  2405623   25.07%
  17288  5948    17796.0000   122    23506.0000    17614.0000  2408844   25.07%
  17311  5953    18342.0000   160    23506.0000    17614.0000  2411539   25.07%
* 17354  5791      integral     0    23193.0000    17614.0000  2413964   24.05%
  17377  5799    20968.0000   188    23193.0000    17614.0000  2416799   24.05%
  17394  5806    22372.0000    78    23193.0000    17614.0000  2419407   24.05%
  17419  5822    21878.0000    26    23193.0000    17614.0000  2422920   24.05%
  17447  5830    infeasible          23193.0000    17614.0000  2425866   24.05%
  17476  5846    20968.0000    52    23193.0000    17614.0000  2429515   24.05%
  17500  5856    17796.0000   147    23193.0000    17614.0000  2432305   24.05%
Elapsed time = 16674.46 sec. (8197479.32 ticks, tree = 40.55 MB, solutions = 14)
  17523  5869        cutoff          23193.0000    17614.0000  2435270   24.05%
  17545  5875    18836.0000   275    23193.0000    17614.0000  2440250   24.05%
  17565  5878    17978.0000   157    23193.0000    17614.0000  2444424   24.05%
  17583  5880    18524.0000   125    23193.0000    17614.0000  2448158   24.05%
  17607  5890    17796.0000   400    23193.0000    17614.0000  2451740   24.05%
  17634  5905    17796.0000   138    23193.0000    17614.0000  2453593   24.05%
  17661  5915    18342.0000    99    23193.0000    17614.0000  2455380   24.05%
  17697  5928    17978.0000   108    23193.0000    17614.0000  2457639   24.05%
  17737  5942    17614.0000   110    23193.0000    17614.0000  2460330   24.05%
  17772  5954    17614.0000   182    23193.0000    17614.0000  2461992   24.05%
Elapsed time = 17083.65 sec. (8354782.04 ticks, tree = 41.24 MB, solutions = 14)
  17790  5958    17848.0000   156    23193.0000    17614.0000  2464347   24.05%
  17818  5966    18160.0000   116    23193.0000    17614.0000  2466185   24.05%
  17842  5977    17614.0000   218    23193.0000    17614.0000  2469593   24.05%
  17883  5997    22372.0000    44    23193.0000    17614.0000  2471972   24.05%
  17925  6010    18160.0000   142    23193.0000    17614.0000  2474216   24.05%
  17950  6010    17614.0000   207    23193.0000    17614.0000  2476710   24.05%
  17976  6021    20119.0000   129    23193.0000    17614.0000  2478851   24.05%
  18008  6035    19876.0000   119    23193.0000    17614.0000  2480933   24.05%
  18032  6042    infeasible          23193.0000    17614.0000  2482885   24.05%
  18063  6049    17978.0000    94    23193.0000    17614.0000  2484670   24.05%
Elapsed time = 17513.89 sec. (8512773.18 ticks, tree = 41.94 MB, solutions = 14)
  18110  6066    17796.0000   135    23193.0000    17614.0000  2487442   24.05%
  18142  6072    17978.0000   363    23193.0000    17614.0000  2490636   24.05%
  18177  6088    19200.0000    90    23193.0000    17614.0000  2494346   24.05%
  18204  6096    18160.0000   176    23193.0000    17614.0000  2496757   24.05%
  18226  6107    17796.0000   168    23193.0000    17614.0000  2501060   24.05%
  18246  6116    18162.8441   273    23193.0000    17614.0000  2503695   24.05%
  18264  6123    17978.0000   348    23193.0000    17614.0000  2505434   24.05%
  18289  6137    17978.0000   147    23193.0000    17614.0000  2508316   24.05%
  18317  6153    17978.0000   213    23193.0000    17614.0000  2510725   24.05%
  18340  6163    20968.0000   146    23193.0000    17614.0000  2513803   24.05%
Elapsed time = 17893.44 sec. (8669041.26 ticks, tree = 42.74 MB, solutions = 14)
  18378  6179    22736.0000    34    23193.0000    17614.0000  2516178   24.05%
  18408  6191    17978.0000   253    23193.0000    17614.0000  2520317   24.05%
  18436  6198    infeasible          23193.0000    17614.0000  2522324   24.05%
  18459  6211    infeasible          23193.0000    17614.0000  2523839   24.05%
  18481  6217    17978.0000   160    23193.0000    17614.0000  2525897   24.05%
  18501  6225    17978.0000   290    23193.0000    17614.0000  2527959   24.05%
  18532  6238    20968.0000   143    23193.0000    17614.0000  2530474   24.05%
  18564  6246        cutoff          23193.0000    17614.0000  2533534   24.05%
  18587  6255    18342.0000   175    23193.0000    17614.0000  2535856   24.05%
  18618  6266    21150.0000   160    23193.0000    17614.0000  2540792   24.05%
Elapsed time = 18293.92 sec. (8825192.77 ticks, tree = 43.47 MB, solutions = 14)
  18651  6284    22372.0000    78    23193.0000    17614.0000  2545160   24.05%
  18687  6301    18160.0000   119    23193.0000    17614.0000  2548397   24.05%
  18719  6316    17796.0000   383    23193.0000    17614.0000  2554607   24.05%
  18732  6325    19200.0000    68    23193.0000    17614.0000  2557129   24.05%
  18770  6343    18342.0000   270    23193.0000    17614.0000  2561056   24.05%
  18789  6350    17978.0000   279    23193.0000    17614.0000  2564439   24.05%
  18840  6376    infeasible          23193.0000    17614.0000  2569464   24.05%
  18888  6400    17796.0000   129    23193.0000    17614.0000  2574696   24.05%
  18931  6418    18160.0000   123    23193.0000    17614.0000  2579908   24.05%
  18971  6442    18524.0000   256    23193.0000    17614.0000  2584499   24.05%
Elapsed time = 18670.50 sec. (8984915.85 ticks, tree = 44.71 MB, solutions = 14)
  19014  6463    17796.0000   306    23193.0000    17614.0000  2588802   24.05%
  19041  6477    infeasible          23193.0000    17614.0000  2591827   24.05%
  19066  6490    17614.0000   401    23193.0000    17614.0000  2595342   24.05%
  19096  6501    infeasible          23193.0000    17614.0000  2598543   24.05%
  19131  6521    17614.0000   208    23193.0000    17614.0000  2601348   24.05%
  19151  6522    infeasible          23193.0000    17614.0000  2602564   24.05%
  19177  6537    17796.0000   165    23193.0000    17614.0000  2606260   24.05%
  19219  6560        cutoff          23193.0000    17614.0000  2608712   24.05%
  19254  6577    17978.0000   118    23193.0000    17614.0000  2612478   24.05%
  19289  6591    17796.0000   348    23193.0000    17614.0000  2615546   24.05%
Elapsed time = 19113.04 sec. (9140971.51 ticks, tree = 45.78 MB, solutions = 14)
  19314  6601    19202.0871   228    23193.0000    17614.0000  2618405   24.05%
  19343  6611        cutoff          23193.0000    17614.0000  2622169   24.05%
  19378  6629    17796.0000   180    23193.0000    17614.0000  2626340   24.05%
  19434  6660    17614.0000   225    23193.0000    17614.0000  2629964   24.05%
  19463  6672    infeasible          23193.0000    17614.0000  2631477   24.05%
  19480  6678    17978.0000   149    23193.0000    17614.0000  2633608   24.05%
  19513  6690    infeasible          23193.0000    17614.0000  2635344   24.05%
  19549  6709    21150.0000   117    23193.0000    17614.0000  2639337   24.05%
  19581  6711    18160.7689   294    23193.0000    17614.1394  2643624   24.05%
  19606  6724    17978.0000   129    23193.0000    17614.1394  2646516   24.05%
Elapsed time = 19538.64 sec. (9298832.43 ticks, tree = 46.73 MB, solutions = 14)
  19641  6746    17978.7689   188    23193.0000    17614.7689  2649872   24.05%
  19684  6769    infeasible          23193.0000    17614.7689  2652949   24.05%
  19713  6785    20968.0000    70    23193.0000    17614.7689  2655813   24.05%
  19742  6799        cutoff          23193.0000    17614.7689  2658643   24.05%
  19772  6808    17796.7689   137    23193.0000    17614.7689  2661276   24.05%
  19819  6831    17978.0000   152    23193.0000    17614.7689  2665437   24.05%
  19858  6847    infeasible          23193.0000    17614.7689  2668059   24.05%
  19901  6868    20786.0000   154    23193.0000    17614.7689  2672989   24.05%
  19932  6872    17978.0000   207    23193.0000    17614.7689  2675410   24.05%
  19968  6890    20786.0000   118    23193.0000    17614.7689  2678060   24.05%
Elapsed time = 19969.65 sec. (9453433.72 ticks, tree = 47.89 MB, solutions = 14)
  20005  6911    22008.0000    52    23193.0000    17614.7689  2681379   24.05%
  20042  6933    infeasible          23193.0000    17614.7689  2683889   24.05%
  20086  6948    17978.7689   260    23193.0000    17614.7689  2688934   24.05%
  20113  6963    infeasible          23193.0000    17614.7689  2690797   24.05%
  20145  6976    18524.0000   143    23193.0000    17614.7689  2693590   24.05%
  20185  6995    21150.0000    73    23193.0000    17614.7689  2697032   24.05%
  20206  7003    17978.0000   123    23193.0000    17614.7689  2699611   24.05%
  20228  7011    17978.1394    93    23193.0000    17614.7689  2701719   24.05%
  20251  7022    17796.7689   268    23193.0000    17614.7689  2704511   24.05%
  20279  7042    22372.0000    61    23193.0000    17614.7689  2707151   24.05%
Elapsed time = 20355.54 sec. (9611735.04 ticks, tree = 48.97 MB, solutions = 14)
  20318  7062    18243.0000   140    23193.0000    17614.7689  2710842   24.05%
  20355  7081        cutoff          23193.0000    17615.5379  2713761   24.05%
  20399  7097    infeasible          23193.0000    17615.5379  2716420   24.05%
  20437  7104    22372.0000    31    23193.0000    17615.5379  2719871   24.05%
  20465  7119    21150.0000    59    23193.0000    17615.8810  2722680   24.05%
  20501  7138    22372.0000    87    23193.0000    17615.8810  2727090   24.05%
  20540  7156    18654.0000    98    23193.0000    17615.8810  2731467   24.05%
  20563  7166    infeasible          23193.0000    17615.8810  2734393   24.05%
  20594  7175    18342.0000   121    23193.0000    17616.8215  2736300   24.04%
  20626  7188    21514.0000    88    23193.0000    17656.4405  2740775   23.87%
Elapsed time = 20770.52 sec. (9767710.95 ticks, tree = 50.02 MB, solutions = 14)
  20652  7194    infeasible          23193.0000    17666.0000  2743288   23.83%
  20699  7208    17978.0000   152    23193.0000    17666.0000  2746229   23.83%
  20740  7213    18524.0000   144    23193.0000    17666.0000  2749564   23.83%
  20773  7226    18524.0000    50    23193.0000    17666.0000  2752443   23.83%
  20814  7233    18888.0000   182    23193.0000    17666.0000  2755023   23.83%
  20841  7239    21696.0000   125    23193.0000    17666.0000  2759215   23.83%
  20866  7245    19928.0000    80    23193.0000    17666.0000  2762725   23.83%
  20888  7244    20786.0000   187    23193.0000    17666.0000  2767252   23.83%
  20915  7254    18888.0000    84    23193.0000    17666.0000  2770220   23.83%
  20953  7266    infeasible          23193.0000    17666.0000  2773242   23.83%
Elapsed time = 21200.09 sec. (9922669.55 ticks, tree = 50.63 MB, solutions = 14)
  20989  7272    17848.0000   228    23193.0000    17666.0000  2775797   23.83%
  21023  7294    23016.0000    25    23193.0000    17666.0000  2779036   23.83%
  21055  7298    18836.1394   146    23193.0000    17666.5179  2781954   23.83%
  21082  7305    20968.0000    71    23193.0000    17697.0000  2784662   23.70%
  21108  7316    17796.0000   359    23193.0000    17697.0000  2787054   23.70%
  21135  7332    18836.4880   320    23193.0000    17697.0000  2790553   23.70%
  21189  7345    18342.0000   178    23193.0000    17697.0000  2794714   23.70%
  21217  7349    18342.0000   135    23193.0000    17697.0000  2797441   23.70%
  21263  7368    17697.0000    87    23193.0000    17697.0000  2800643   23.70%
  21301  7382    17796.0000   105    23193.0000    17697.0000  2802792   23.70%
Elapsed time = 21574.13 sec. (10079418.95 ticks, tree = 51.50 MB, solutions = 14)
  21336  7398    19382.0000    75    23193.0000    17697.0000  2805510   23.70%
  21378  7416    22952.0000    49    23193.0000    17697.0000  2808195   23.70%
* 21381  7398      integral     0    23134.0000    17697.0000  2808326   23.50%
* 21382  7361      integral     0    23035.0000    17697.0000  2808333   23.17%
  21421  7378    18160.0000   140    23035.0000    17697.0000  2812235   23.17%
  21459  7389    18061.0000   162    23035.0000    17697.0000  2816211   23.17%
  21511  7418    17697.0000   175    23035.0000    17697.0000  2822187   23.17%
  21559  7440    18342.0000   139    23035.0000    17697.0000  2826813   23.17%
  21595  7452    17978.0000   139    23035.0000    17697.0000  2830609   23.17%
  21620  7456    18160.0000   144    23035.0000    17697.0000  2833399   23.17%
  21658  7456    18160.0000   268    23035.0000    17697.0000  2838050   23.17%
  21689  7470    21332.0000    94    23035.0000    17697.0000  2841201   23.17%
Elapsed time = 22018.58 sec. (10239254.41 ticks, tree = 52.13 MB, solutions = 16)
  21718  7480    21150.0000   121    23035.0000    17697.0000  2844190   23.17%
  21748  7491    17796.0000   134    23035.0000    17697.0000  2848158   23.17%
  21780  7506    20786.0000   164    23035.0000    17697.0000  2852889   23.17%
  21803  7518    21150.0000   129    23035.0000    17697.0000  2856837   23.17%
  21842  7536    17796.0000   296    23035.0000    17697.0000  2861089   23.17%
  21875  7553    17978.0000   251    23035.0000    17697.0000  2863739   23.17%
  21904  7571    22736.0000    84    23035.0000    17697.0000  2866497   23.17%
  21939  7578    18342.0000   156    23035.0000    17697.0000  2868284   23.17%
  21972  7592    17978.0000   130    23035.0000    17697.0000  2870469   23.17%
  21994  7600    17796.0000   521    23035.0000    17697.0000  2874280   23.17%
Elapsed time = 22404.71 sec. (10399306.81 ticks, tree = 53.09 MB, solutions = 16)
  22019  7609    18160.0000   322    23035.0000    17697.0000  2877179   23.17%
  22042  7619    18160.0000   231    23035.0000    17697.0000  2880615   23.17%
  22069  7635    19564.0000    74    23035.0000    17697.0000  2885725   23.17%
  22104  7645    17796.0000   176    23035.0000    17697.0000  2887973   23.17%
  22137  7660    infeasible          23035.0000    17697.0000  2893106   23.17%
  22166  7667    17796.9405   138    23035.0000    17697.0000  2896749   23.17%
  22187  7668    18342.0000   139    23035.0000    17697.0000  2901535   23.17%
  22243  7689    22554.0000    77    23035.0000    17780.0000  2906097   22.81%
  22275  7692    18160.0000   373    23035.0000    17780.0000  2909768   22.81%
  22297  7706    18654.0000   281    23035.0000    17780.0000  2911843   22.81%
Elapsed time = 22825.13 sec. (10556955.56 ticks, tree = 53.84 MB, solutions = 16)
  22317  7714    18654.0000   182    23035.0000    17780.0000  2913716   22.81%
  22337  7720    17978.2110   347    23035.0000    17780.0000  2918937   22.81%
  22357  7732    19200.0000   153    23035.0000    17780.0000  2922986   22.81%
  22377  7742        cutoff          23035.0000    17780.0000  2929114   22.81%
  22401  7755    19200.0000    77    23035.0000    17780.0000  2932280   22.81%
  22430  7768    17978.0000   300    23035.0000    17796.0000  2935074   22.74%
  22448  7773    infeasible          23035.0000    17796.0000  2937517   22.74%
  22485  7787    21696.0000    46    23035.0000    17796.0000  2940737   22.74%
  22536  7803    17796.0000   166    23035.0000    17796.0000  2945067   22.74%
  22573  7828    20786.0000   139    23035.0000    17796.0000  2948381   22.74%
Elapsed time = 23228.14 sec. (10713611.29 ticks, tree = 54.74 MB, solutions = 16)
  22599  7834    18524.0000    98    23035.0000    17796.0000  2951241   22.74%
* 22633  7770      integral     0    22796.0000    17796.0000  2952384   21.93%
  22673  7782    17978.0000   132    22796.0000    17796.0000  2955728   21.93%
  22712  7796    18160.0000   249    22796.0000    17796.0000  2959238   21.93%
  22740  7808    20968.0000   124    22796.0000    17796.0000  2961755   21.93%
  22763  7821    19200.0000   104    22796.0000    17796.0000  2964110   21.93%
  22791  7829    19382.0000   129    22796.0000    17796.0000  2966047   21.93%
  22815  7837    18524.0000   214    22796.0000    17796.0000  2967640   21.93%
  22848  7852    22652.0000    56    22796.0000    17796.0000  2973619   21.93%
  22873  7861    17796.0000   199    22796.0000    17796.0000  2975616   21.93%
Elapsed time = 23615.43 sec. (10862125.54 ticks, tree = 55.00 MB, solutions = 17)
  22913  7873    17796.0000   161    22796.0000    17796.0000  2978393   21.93%
  22956  7891    22378.0000    37    22796.0000    17796.0000  2980820   21.93%
  22986  7899    infeasible          22796.0000    17796.0000  2983498   21.93%
  23009  7908    20483.0000    94    22796.0000    17796.0000  2986598   21.93%
  23042  7923    22372.0000    56    22796.0000    17796.0000  2989783   21.93%
  23070  7924    19018.0000   319    22796.0000    17796.0000  2994305   21.93%
  23093  7924    infeasible          22796.0000    17796.0000  2998295   21.93%
  23123  7940    17978.0000   135    22796.0000    17796.0000  3002059   21.93%
  23154  7952    18654.0000   184    22796.0000    17796.0000  3007163   21.93%
  23184  7964    19564.0000    96    22796.0000    17796.0000  3009309   21.93%
Elapsed time = 24020.67 sec. (11020846.76 ticks, tree = 55.75 MB, solutions = 17)
  23217  7977    18654.0000   116    22796.0000    17796.0000  3013940   21.93%
  23243  7988    18654.0000   431    22796.0000    17796.0000  3024386   21.93%
  23270  7998    18524.0000   127    22796.0000    17796.0000  3029431   21.93%
  23305  8015    17978.0000   278    22796.0000    17796.0000  3032588   21.93%
  23329  8025    18654.0000   247    22796.0000    17796.0000  3035091   21.93%
  23357  8038    infeasible          22796.0000    17796.0000  3039605   21.93%
  23375  8046    18654.0000   152    22796.0000    17796.0000  3043869   21.93%
  23405  8060    18160.0000   127    22796.0000    17796.0000  3048117   21.93%
  23435  8072    18836.0000   144    22796.0000    17796.0000  3051204   21.93%
  23462  8080    17978.0000   129    22796.0000    17796.0000  3055689   21.93%
Elapsed time = 24420.62 sec. (11178128.07 ticks, tree = 56.58 MB, solutions = 17)
  23502  8103    21150.0000    75    22796.0000    17796.0000  3059014   21.93%
  23532  8118    20786.0000    71    22796.0000    17796.0000  3062377   21.93%
  23567  8128    22736.0000    37    22796.0000    17796.0000  3064521   21.93%
  23600  8146    18342.0000   126    22796.0000    17796.0000  3067342   21.93%
  23629  8154    infeasible          22796.0000    17796.0000  3070222   21.93%
  23684  8177    17978.0000   261    22796.0000    17796.0000  3074215   21.93%
  23714  8194    22190.0000    78    22796.0000    17796.0000  3077482   21.93%
  23764  8208    22461.0000    18    22796.0000    17796.0000  3080857   21.93%
  23801  8221    infeasible          22796.0000    17796.0000  3086046   21.93%
  23837  8235    18342.0000   158    22796.0000    17796.0000  3089205   21.93%
Elapsed time = 24845.21 sec. (11336601.38 ticks, tree = 58.02 MB, solutions = 17)
  23866  8250    21514.0000    61    22796.0000    17796.0000  3091883   21.93%
  23908  8268    infeasible          22796.0000    17796.0000  3094611   21.93%
  23944  8281    22158.0000    46    22796.0000    17796.0000  3097946   21.93%
  23993  8289    18524.0000   122    22796.0000    17796.0000  3102162   21.93%
  24027  8304    18524.0000    82    22796.0000    17796.0000  3104676   21.93%
  24058  8310    18160.0000   176    22796.0000    17796.0000  3107570   21.93%
  24117  8338    17978.0000   198    22796.0000    17796.0000  3111144   21.93%
  24152  8357    18836.0000   103    22796.0000    17796.0000  3117331   21.93%
  24189  8373    17879.0000   175    22796.0000    17796.0000  3120526   21.93%
  24233  8400        cutoff          22796.0000    17796.0000  3124596   21.93%
Elapsed time = 25246.44 sec. (11491892.97 ticks, tree = 59.22 MB, solutions = 17)
  24271  8413    22008.0000   101    22796.0000    17796.0000  3126803   21.93%
  24304  8430    17978.0000   183    22796.0000    17796.0000  3128934   21.93%
  24335  8451    18342.0000   197    22796.0000    17796.0000  3131877   21.93%
  24368  8469    18654.0000    71    22796.0000    17796.0000  3134170   21.93%
  24400  8481    18654.0000   164    22796.0000    17796.0000  3136759   21.93%
  24431  8489    17978.0000   139    22796.0000    17796.0000  3139157   21.93%
  24464  8507    22008.0000    57    22796.0000    17796.0000  3143172   21.93%
  24485  8513    19018.0000   136    22796.0000    17796.0000  3145657   21.93%
  24523  8521    17978.0000   133    22796.0000    17796.0000  3148085   21.93%
  24576  8552    infeasible          22796.0000    17796.0000  3150787   21.93%
Elapsed time = 25660.20 sec. (11647143.97 ticks, tree = 60.32 MB, solutions = 17)
  24612  8563    19672.0000   140    22796.0000    17796.0000  3152836   21.93%
  24646  8570    20786.0000   167    22796.0000    17796.0000  3155720   21.93%
  24689  8587    22736.0000    40    22796.0000    17796.0000  3158976   21.93%
  24717  8595    18160.0000   150    22796.0000    17796.0000  3161469   21.93%
  24750  8609    17796.0000   222    22796.0000    17796.0000  3163980   21.93%
  24786  8628    21415.0000   174    22796.0000    17796.0000  3166306   21.93%
  24813  8639    22372.0000    55    22796.0000    17796.0000  3169124   21.93%
  24846  8654    21514.0000   161    22796.0000    17796.0000  3172554   21.93%
  24893  8672    18836.0000   113    22796.0000    17796.0000  3174924   21.93%
  24927  8685    18160.0000   187    22796.0000    17796.0000  3178071   21.93%
Elapsed time = 26058.21 sec. (11805469.40 ticks, tree = 61.27 MB, solutions = 17)
  24953  8696    18654.0000   202    22796.0000    17796.0000  3180211   21.93%
  24982  8712    21150.0000    80    22796.0000    17796.0000  3182814   21.93%
  25019  8723    17978.7657   251    22796.0000    17796.0000  3185689   21.93%
  25051  8742    infeasible          22796.0000    17796.0000  3188301   21.93%
  25074  8751    18836.0000   153    22796.0000    17796.0000  3191441   21.93%
  25106  8763    17796.7689   210    22796.0000    17796.0000  3194777   21.93%
  25146  8779    17796.0000   324    22796.0000    17796.0000  3198890   21.93%
  25177  8798    infeasible          22796.0000    17796.0000  3200975   21.93%
  25218  8817    infeasible          22796.0000    17796.0000  3203949   21.93%
  25251  8828    17796.0000   286    22796.0000    17796.0000  3206835   21.93%
Elapsed time = 26487.03 sec. (11961943.88 ticks, tree = 62.30 MB, solutions = 17)
  25287  8842    22340.0000    58    22796.0000    17796.0000  3211004   21.93%
  25317  8847    18524.0000   137    22796.0000    17796.0000  3214035   21.93%
  25352  8863    18836.0000   186    22796.0000    17796.0000  3217064   21.93%
  25396  8886    17978.0000   165    22796.0000    17796.0000  3221789   21.93%
  25434  8906    19200.0000   161    22796.0000    17796.0000  3225600   21.93%
  25467  8920    18160.0000   165    22796.0000    17796.0000  3229320   21.93%
  25495  8934    17796.0000   397    22796.0000    17796.0000  3232974   21.93%
  25518  8944    21696.0000   130    22796.0000    17796.0000  3235588   21.93%
  25551  8949    17978.0000   194    22796.0000    17796.0000  3239503   21.93%
  25593  8959    infeasible          22796.0000    17796.0000  3244338   21.93%
Elapsed time = 26929.03 sec. (12121578.42 ticks, tree = 63.27 MB, solutions = 17)
  25636  8974        cutoff          22796.0000    17796.0000  3247402   21.93%
  25667  8990    18342.0000    67    22796.0000    17796.0000  3251760   21.93%
  25698  9003    20786.0000   101    22796.0000    17796.0000  3254948   21.93%
  25735  9012    22190.0000    74    22796.0000    17796.0000  3258502   21.93%
  25776  9030    22372.0000    77    22796.0000    17796.0000  3261075   21.93%
  25819  9050    17796.0000   171    22796.0000    17796.0000  3264667   21.93%
  25853  9065    18160.0000   144    22796.0000    17796.0000  3267823   21.93%
  25886  9078    17978.0000   177    22796.0000    17796.0000  3271023   21.93%
  25946  9104    18342.0000    61    22796.0000    17796.0000  3275077   21.93%
* 25992  8990      integral     0    22708.0000    17796.0000  3278230   21.63%
  25999  8997    22372.0000    80    22708.0000    17796.0000  3278457   21.63%
Elapsed time = 27358.86 sec. (12276337.07 ticks, tree = 63.49 MB, solutions = 18)
  26037  9011    18836.0000    78    22708.0000    17796.0000  3282181   21.63%
  26083  9031    17978.0000   204    22708.0000    17796.0000  3284673   21.63%
  26115  9045    18160.0000   322    22708.0000    17796.0000  3287864   21.63%
  26135  9054    17796.0000   207    22708.0000    17796.0000  3289719   21.63%
  26168  9076    18342.0000   140    22708.0000    17796.0000  3294921   21.63%
  26211  9088    22372.0000    51    22708.0000    17796.0000  3298553   21.63%
  26233  9094    infeasible          22708.0000    17796.0000  3301653   21.63%
  26263  9108    infeasible          22708.0000    17796.0000  3304253   21.63%
  26308  9130    19018.0000    76    22708.0000    17796.0000  3308720   21.63%
  26333  9134    21150.0000    74    22708.0000    17796.0000  3311257   21.63%
Elapsed time = 27703.42 sec. (12431959.32 ticks, tree = 64.49 MB, solutions = 18)
  26357  9140    17978.0000   181    22708.0000    17796.0000  3314921   21.63%
  26407  9161    22554.0000    68    22708.0000    17796.0000  3317806   21.63%
  26447  9170    18836.0000   120    22708.0000    17796.0000  3321135   21.63%
  26494  9190    22372.0000    72    22708.0000    17796.0000  3325221   21.63%
  26535  9204    20968.0000   102    22708.0000    17796.0000  3329025   21.63%
  26564  9212    18160.0000   138    22708.0000    17796.0000  3333135   21.63%
  26600  9222    20968.0000   105    22708.0000    17796.0000  3336284   21.63%
  26634  9239    21878.0000    54    22708.0000    17796.0000  3339012   21.63%
  26683  9264    20786.0000   125    22708.0000    17796.0000  3345490   21.63%
  26718  9280    17978.0000   148    22708.0000    17796.0000  3349900   21.63%
Elapsed time = 27935.82 sec. (12585495.15 ticks, tree = 65.58 MB, solutions = 18)
  26754  9290    17796.0000   138    22708.0000    17796.0000  3353248   21.63%
  26800  9298    17978.0000   154    22708.0000    17796.0000  3355808   21.63%
  26839  9317    18160.0000    96    22708.0000    17796.0000  3359305   21.63%
  26880  9334    infeasible          22708.0000    17796.0000  3362184   21.63%
  26929  9362    infeasible          22708.0000    17796.0000  3364804   21.63%
  26963  9373    17796.0000   109    22708.0000    17796.0000  3367516   21.63%
  26999  9378    18654.0000   152    22708.0000    17796.0000  3371435   21.63%
  27028  9388    21150.0000   114    22708.0000    17796.0000  3375232   21.63%
  27061  9397    infeasible          22708.0000    17796.0000  3380343   21.63%
  27086  9407    infeasible          22708.0000    17796.0000  3382196   21.63%
Elapsed time = 28325.53 sec. (12743586.98 ticks, tree = 66.55 MB, solutions = 18)
  27116  9416    20968.0000    76    22708.0000    17796.0000  3385404   21.63%
  27165  9433    17978.0000   123    22708.0000    17796.0000  3389684   21.63%
  27205  9451    17978.0000   216    22708.0000    17796.0000  3393705   21.63%
  27240  9465    19564.0000    69    22708.0000    17796.0000  3396522   21.63%
  27272  9479    17796.0000   189    22708.0000    17796.0000  3401034   21.63%
  27313  9498    17796.0000   231    22708.0000    17796.0000  3404609   21.63%
  27340  9502    20058.0000   105    22708.0000    17796.0000  3408974   21.63%
  27374  9516    17978.0000   120    22708.0000    17796.0000  3411716   21.63%
  27411  9530    18160.0000   141    22708.0000    17796.0000  3415168   21.63%
  27461  9551    19018.0000    57    22708.0000    17796.0000  3419396   21.63%
Elapsed time = 28837.21 sec. (12899289.71 ticks, tree = 67.60 MB, solutions = 18)
  27492  9556    19018.0000    70    22708.0000    17796.0000  3423988   21.63%
  27529  9568    22241.0000    48    22708.0000    17796.0000  3426801   21.63%
  27553  9577    17978.0000   157    22708.0000    17796.0000  3431097   21.63%
  27575  9590    21150.0000   131    22708.0000    17796.0000  3433539   21.63%
  27609  9605    18472.0000   212    22708.0000    17796.0000  3437657   21.63%
  27635  9623    21150.0000    78    22708.0000    17796.0000  3440530   21.63%
  27676  9638    17978.0000    93    22708.0000    17796.0000  3445754   21.63%
  27711  9648    19018.0000    99    22708.0000    17796.0000  3448858   21.63%
  27756  9667    18654.0000   117    22708.0000    17796.0000  3451359   21.63%
  27806  9688    20786.0000   110    22708.0000    17796.0000  3454143   21.63%
Elapsed time = 29065.67 sec. (13054370.71 ticks, tree = 68.60 MB, solutions = 18)
  27840  9692    18160.0000   160    22708.0000    17796.0000  3456956   21.63%
  27873  9705    21696.0000    94    22708.0000    17796.0000  3461552   21.63%
  27907  9712    20141.0000   118    22708.0000    17796.0000  3464626   21.63%
  27934  9722    18160.0000   137    22708.0000    17796.0000  3466953   21.63%
  27970  9737    20786.0000   105    22708.0000    17796.0000  3469513   21.63%
  28018  9750    17978.0000   151    22708.0000    17796.0000  3473863   21.63%
  28066  9774        cutoff          22708.0000    17796.0000  3476925   21.63%
  28103  9784    17978.0000    95    22708.0000    17796.0000  3479672   21.63%
  28135  9798    20786.0000    62    22708.0000    17796.0000  3482312   21.63%
  28174  9814    18836.0000   115    22708.0000    17796.0000  3485375   21.63%
Elapsed time = 29296.42 sec. (13209978.60 ticks, tree = 69.55 MB, solutions = 18)
  28223  9839    22190.0000    78    22708.0000    17796.0000  3488653   21.63%
  28255  9852    17796.0000   203    22708.0000    17796.0000  3492864   21.63%
  28287  9865    18654.0000    68    22708.0000    17796.0000  3495873   21.63%
  28318  9876    infeasible          22708.0000    17796.0000  3499280   21.63%
  28349  9884    infeasible          22708.0000    17796.0000  3501789   21.63%
  28382  9900    18159.9999   247    22708.0000    17796.0000  3506828   21.63%
  28416  9917    19200.0000   144    22708.0000    17796.0000  3510268   21.63%
  28451  9930    20240.0000    85    22708.0000    17796.0000  3513501   21.63%
  28490  9942    17978.0000   159    22708.0000    17796.0000  3517635   21.63%
  28532  9961    18524.0000    98    22708.0000    17796.0000  3521138   21.63%
Elapsed time = 29551.69 sec. (13366985.93 ticks, tree = 70.62 MB, solutions = 18)
  28568  9973    17978.0000   200    22708.0000    17796.0000  3525225   21.63%
  28601  9988    18654.0000   136    22708.0000    17796.0000  3529973   21.63%
  28635 10002    22190.0000    78    22708.0000    17796.0000  3535123   21.63%
  28681 10024    infeasible          22708.0000    17796.0000  3539606   21.63%
  28725 10044    19200.0000   152    22708.0000    17796.0000  3542009   21.63%
  28761 10065        cutoff          22708.0000    17796.0000  3546190   21.63%
  28793 10080    17978.0000   175    22708.0000    17796.0000  3549912   21.63%
  28836 10099    infeasible          22708.0000    17796.0000  3553460   21.63%
  28865 10108    infeasible          22708.0000    17796.0000  3557163   21.63%
  28898 10129    18342.0000   100    22708.0000    17796.0000  3561870   21.63%
Elapsed time = 29993.66 sec. (13525434.81 ticks, tree = 71.84 MB, solutions = 18)
  28931 10144    17978.0000   324    22708.0000    17796.0000  3566570   21.63%
  28955 10159    18160.0000   146    22708.0000    17796.0000  3570644   21.63%
  28996 10174    19018.0000    97    22708.0000    17796.0000  3573999   21.63%
  29045 10194    20968.0000   114    22708.0000    17796.0000  3578542   21.63%
  29081 10204    17978.0000   167    22708.0000    17796.0000  3582288   21.63%
  29115 10220    20786.0000   145    22708.0000    17796.0000  3586803   21.63%
  29143 10226    18836.0000   126    22708.0000    17796.0000  3588755   21.63%
  29183 10238    22554.0000    56    22708.0000    17796.0000  3592854   21.63%
  29247 10263    17879.0000   141    22708.0000    17796.0000  3595676   21.63%
  29295 10282    infeasible          22708.0000    17796.0000  3599334   21.63%
Elapsed time = 30420.86 sec. (13682478.53 ticks, tree = 72.97 MB, solutions = 18)
  29339 10300    infeasible          22708.0000    17796.0000  3602293   21.63%
  29378 10315    17796.0000   219    22708.0000    17796.0000  3605309   21.63%
  29410 10331    18342.0000   172    22708.0000    17796.0000  3609948   21.63%
  29443 10341    22554.0000    93    22708.0000    17796.0000  3611519   21.63%
  29475 10347    17978.0000   200    22708.0000    17796.0000  3618826   21.63%
  29518 10374    18160.0000   187    22708.0000    17796.0000  3624342   21.63%
  29549 10385    18524.0000   141    22708.0000    17796.0000  3626711   21.63%
  29583 10400    infeasible          22708.0000    17796.0000  3629790   21.63%
  29626 10416    infeasible          22708.0000    17796.0000  3634051   21.63%
  29654 10425    infeasible          22708.0000    17796.0000  3639470   21.63%
Elapsed time = 30852.02 sec. (13840027.17 ticks, tree = 74.01 MB, solutions = 18)
  29688 10438    19018.0000   129    22708.0000    17796.0000  3642574   21.63%
  29727 10450    21076.0000   142    22708.0000    17796.0000  3646373   21.63%
  29760 10462    18342.0000   194    22708.0000    17796.0000  3648914   21.63%
  29795 10478    19018.0000   180    22708.0000    17796.0000  3651498   21.63%
  29821 10491    17978.0000   234    22708.0000    17796.0000  3654617   21.63%
  29853 10507    21332.0000    99    22708.0000    17796.0000  3658440   21.63%
  29884 10521    18654.0000   145    22708.0000    17796.0000  3665052   21.63%
  29918 10529        cutoff          22708.0000    17796.0000  3668111   21.63%
  29949 10544    19200.0000    61    22708.0000    17796.0000  3670384   21.63%
  29989 10561    20036.0000   118    22708.0000    17796.0000  3674658   21.63%
Elapsed time = 31280.98 sec. (13994535.98 ticks, tree = 75.01 MB, solutions = 18)
  30039 10582    19018.0000   205    22708.0000    17796.0000  3677886   21.63%
  30074 10588    21150.0000    78    22708.0000    17796.0000  3681633   21.63%
  30103 10589    18342.0000   204    22708.0000    17796.0000  3685959   21.63%
  30133 10607    22554.0000    71    22708.0000    17796.0000  3689930   21.63%
  30169 10623    18524.0000   180    22708.0000    17796.0000  3693945   21.63%
  30210 10636    17796.0000   220    22708.0000    17796.0000  3696782   21.63%
  30244 10652        cutoff          22708.0000    17796.0000  3700094   21.63%
  30279 10667    infeasible          22708.0000    17796.0000  3702613   21.63%
  30318 10679    18342.0000   103    22708.0000    17796.0000  3706374   21.63%
  30354 10693    17978.0000   137    22708.0000    17796.0000  3709404   21.63%
Elapsed time = 31716.37 sec. (14152687.02 ticks, tree = 75.97 MB, solutions = 18)
  30374 10697    17978.9405   210    22708.0000    17796.0000  3715266   21.63%
  30415 10712    17978.0000   222    22708.0000    17796.0000  3719089   21.63%
  30463 10738    17978.0000   151    22708.0000    17796.0000  3721782   21.63%
  30520 10767    22372.0000    71    22708.0000    17796.0000  3726135   21.63%
  30547 10782    19200.0000   143    22708.0000    17796.0000  3730057   21.63%
  30587 10796    20058.0000    79    22708.0000    17796.0000  3732332   21.63%
  30637 10812    19382.0000   131    22708.0000    17796.0000  3736695   21.63%
  30684 10829    18160.0000   145    22708.0000    17796.0000  3740126   21.63%
  30726 10844    infeasible          22708.0000    17796.0000  3745337   21.63%
  30756 10853    infeasible          22708.0000    17796.0000  3748911   21.63%
Elapsed time = 32057.30 sec. (14306706.35 ticks, tree = 77.14 MB, solutions = 18)
  30793 10866    18654.0000   203    22708.0000    17796.0000  3753665   21.63%
  30843 10896    18160.0000   381    22708.0000    17796.0000  3758672   21.63%
  30886 10919    infeasible          22708.0000    17796.0000  3762042   21.63%
  30920 10938    19200.0000    59    22708.0000    17796.0000  3764476   21.63%
  30959 10953    18162.8441   143    22708.0000    17796.0000  3767289   21.63%
  30998 10961    20240.0000   104    22708.0000    17796.0000  3770054   21.63%
  31043 10973    18654.0000   134    22708.0000    17796.0000  3773779   21.63%
  31081 10982    infeasible          22708.0000    17796.0000  3776783   21.63%
  31117 10997    22190.0000    65    22708.0000    17796.0000  3781119   21.63%
  31163 11019    20968.0000    83    22708.0000    17796.0000  3785292   21.63%
Elapsed time = 32291.37 sec. (14461610.47 ticks, tree = 78.36 MB, solutions = 18)
  31215 11039    infeasible          22708.0000    17796.0000  3788044   21.63%
  31250 11046    18524.0000   127    22708.0000    17796.0000  3791942   21.63%
  31276 11053    infeasible          22708.0000    17796.0000  3795307   21.63%
  31308 11075    18706.0000    98    22708.0000    17796.0000  3798634   21.63%
  31346 11091    21826.0000    53    22708.0000    17796.0000  3801296   21.63%
  31375 11102        cutoff          22708.0000    17796.0000  3805613   21.63%
  31413 11116    17978.0000   255    22708.0000    17796.0000  3810588   21.63%
  31447 11134    18524.0000   157    22708.0000    17796.0000  3813280   21.63%
  31475 11148    18342.0000   167    22708.0000    17796.0000  3815132   21.63%
  31503 11164    19382.0000   116    22708.0000    17796.0000  3818461   21.63%
Elapsed time = 32536.14 sec. (14617593.02 ticks, tree = 79.41 MB, solutions = 18)
  31532 11172    18706.0000    46    22708.0000    17796.0000  3820609   21.63%
  31565 11187    infeasible          22708.0000    17796.0000  3823109   21.63%
  31607 11204    20968.0000    95    22708.0000    17796.0000  3825534   21.63%
  31643 11216    17978.0000   187    22708.0000    17796.0000  3827974   21.63%
* 31682 11203      integral     0    22620.0000    17796.0000  3829708   21.33%
  31690 11208    18706.0000    94    22620.0000    17796.0000  3830296   21.33%
  31738 11225    18524.0000   150    22620.0000    17796.0000  3833659   21.33%
  31773 11240    18524.0000   232    22620.0000    17796.0000  3836231   21.33%
  31812 11257    18654.0000   162    22620.0000    17796.0000  3839818   21.33%
  31853 11276    infeasible          22620.0000    17796.0000  3844214   21.33%
  31890 11292    21826.0000   115    22620.0000    17796.0000  3847249   21.33%
Elapsed time = 32783.91 sec. (14775979.25 ticks, tree = 80.34 MB, solutions = 19)
  31922 11302    18654.0000   172    22620.0000    17796.0000  3852070   21.33%
  31963 11319    17796.0000   142    22620.0000    17796.0000  3855099   21.33%
  31997 11331    17978.0000   181    22620.0000    17796.0000  3857683   21.33%
  32037 11353    17796.0000   145    22620.0000    17796.0000  3860420   21.33%
  32084 11372    22554.0000    79    22620.0000    17796.0000  3863451   21.33%
  32109 11376    18654.0000   135    22620.0000    17796.0000  3866659   21.33%
  32161 11407    17978.0000   301    22620.0000    17796.0000  3869952   21.33%
  32195 11420    18160.0000   431    22620.0000    17796.0000  3876128   21.33%
  32232 11443    infeasible          22620.0000    17796.0000  3879226   21.33%
  32266 11461    21332.0000   101    22620.0000    17796.0000  3882141   21.33%
Elapsed time = 33032.35 sec. (14933255.18 ticks, tree = 81.58 MB, solutions = 19)
  32301 11473    18654.0000   128    22620.0000    17796.0000  3886900   21.33%
  32342 11497    18162.8441   181    22620.0000    17796.0000  3889843   21.33%
  32397 11519    17796.0000   237    22620.0000    17796.0000  3894738   21.33%
  32424 11534    18160.0000   207    22620.0000    17796.0000  3897976   21.33%
  32453 11545    17796.0000   244    22620.0000    17796.0000  3902095   21.33%
  32496 11572    18160.0000   196    22620.0000    17796.0000  3906916   21.33%
  32537 11593    18160.0000   129    22620.0000    17796.0000  3909607   21.33%
  32572 11610    18342.0000    92    22620.0000    17796.0000  3911866   21.33%
  32618 11630    17978.0000    97    22620.0000    17796.0000  3914112   21.33%
  32671 11652    20968.0000    74    22620.0000    17796.0000  3918381   21.33%
Elapsed time = 33298.33 sec. (15090605.62 ticks, tree = 82.98 MB, solutions = 19)
  32717 11666    18524.0000   144    22620.0000    17796.0000  3922139   21.33%
  32762 11681    infeasible          22620.0000    17796.0000  3926788   21.33%
  32799 11695    17978.0000   243    22620.0000    17796.0000  3930584   21.33%
  32823 11709    18654.0000   123    22620.0000    17796.0000  3932713   21.33%
  32858 11721    17978.0000   166    22620.0000    17796.0000  3935261   21.33%
  32902 11743    17978.0000   157    22620.0000    17796.0000  3937806   21.33%
  32945 11753    17796.0000   201    22620.0000    17796.0000  3939687   21.33%
  32989 11768    17978.0000   257    22620.0000    17796.0000  3942949   21.33%
  33029 11783    21332.0000   108    22620.0000    17796.0000  3945817   21.33%
  33062 11801    19200.0000    66    22620.0000    17796.0000  3947492   21.33%
Elapsed time = 33765.03 sec. (15251028.84 ticks, tree = 84.07 MB, solutions = 19)
  33102 11821    21696.0000    72    22620.0000    17796.0000  3950450   21.33%
  33128 11834    20786.0000    70    22620.0000    17796.0000  3954962   21.33%
  33172 11862    18160.0000   195    22620.0000    17796.0000  3960102   21.33%
  33217 11879    21514.0000    79    22620.0000    17796.0000  3963493   21.33%
  33266 11902    17879.0000   286    22620.0000    17796.0000  3967442   21.33%
  33307 11916    17796.0000   255    22620.0000    17796.0000  3969801   21.33%
  33344 11931    21514.0000   111    22620.0000    17796.0000  3972229   21.33%
  33381 11943    21644.0000    92    22620.0000    17796.0000  3974346   21.33%
  33426 11952    17796.0000   179    22620.0000    17796.0000  3978093   21.33%
  33478 11981    infeasible          22620.0000    17796.0000  3982547   21.33%
Elapsed time = 34242.51 sec. (15407078.92 ticks, tree = 85.40 MB, solutions = 19)
  33505 11990    18160.0000   151    22620.0000    17796.0000  3986249   21.33%
  33535 11999    18706.0000    77    22620.0000    17796.0000  3987945   21.33%
  33574 12007    17796.0000   255    22620.0000    17796.0000  3990337   21.33%
  33610 12020    22372.0000    67    22620.0000    17796.0000  3993189   21.33%
  33638 12030    infeasible          22620.0000    17796.0000  3995202   21.33%
  33664 12042    17978.0000   228    22620.0000    17796.0000  3998030   21.33%
  33708 12060    22372.0000    61    22620.0000    17796.0000  4002563   21.33%
  33754 12078    infeasible          22620.0000    17796.0000  4006942   21.33%
  33792 12098    17796.0000   328    22620.0000    17796.0000  4010978   21.33%
  33821 12112    18342.0000   251    22620.0000    17796.0000  4012922   21.33%
Elapsed time = 34728.01 sec. (15562866.34 ticks, tree = 86.39 MB, solutions = 19)
  33864 12128    18160.0000   251    22620.0000    17796.0000  4015854   21.33%
  33900 12142    17796.0000   334    22620.0000    17796.0000  4018984   21.33%
  33937 12158    17978.0000   251    22620.0000    17796.0000  4021300   21.33%
  33971 12172    17796.7689   617    22620.0000    17796.0000  4025920   21.33%
  34005 12187    18342.0000   149    22620.0000    17796.0000  4030160   21.33%
  34042 12206    18836.0000   205    22620.0000    17796.0000  4034355   21.33%
  34070 12221    22372.0000    85    22620.0000    17796.0000  4036918   21.33%
  34103 12234    19018.0000   148    22620.0000    17796.0000  4040461   21.33%
  34139 12247    infeasible          22620.0000    17796.0000  4042916   21.33%
  34186 12273    21150.0000    76    22620.0000    17796.0000  4045751   21.33%
Elapsed time = 35211.45 sec. (15720966.00 ticks, tree = 87.65 MB, solutions = 19)
  34224 12285    17796.0000   205    22620.0000    17796.0000  4048283   21.33%
  34267 12301    22471.0000    54    22620.0000    17796.0000  4051008   21.33%
  34315 12316    infeasible          22620.0000    17796.0000  4053758   21.33%
  34364 12337    infeasible          22620.0000    17796.0000  4058695   21.33%
  34404 12351    infeasible          22620.0000    17796.0000  4064237   21.33%
  34449 12368    infeasible          22620.0000    17796.0000  4068503   21.33%
  34484 12378        cutoff          22620.0000    17796.0000  4072510   21.33%
  34525 12396    21696.0000   197    22620.0000    17796.0000  4076931   21.33%
  34560 12407    infeasible          22620.0000    17796.0000  4080080   21.33%
  34602 12422    20786.0000    85    22620.0000    17796.0000  4083818   21.33%
Elapsed time = 35692.36 sec. (15876706.18 ticks, tree = 88.78 MB, solutions = 19)
  34640 12442    17978.0000   172    22620.0000    17796.0000  4086528   21.33%
  34678 12449    infeasible          22620.0000    17796.0000  4089719   21.33%
  34716 12472    22605.0000    16    22620.0000    17796.0000  4094666   21.33%
  34769 12495    18160.0000   315    22620.0000    17796.0000  4101688   21.33%
  34796 12503    infeasible          22620.0000    17796.0000  4107142   21.33%
  34834 12515    infeasible          22620.0000    17796.0000  4110224   21.33%
  34868 12534    21514.0000    59    22620.0000    17796.0000  4113001   21.33%
  34915 12556    22372.0000    55    22620.0000    17796.0000  4116189   21.33%
  34966 12570    17978.0000   373    22620.0000    17796.0000  4120833   21.33%
  35003 12593    18243.0000    89    22620.0000    17796.0000  4123799   21.33%
Elapsed time = 36198.25 sec. (16035393.91 ticks, tree = 90.03 MB, solutions = 19)
  35051 12626    infeasible          22620.0000    17796.0000  4128420   21.33%
  35086 12640    18342.0000   299    22620.0000    17796.0000  4131210   21.33%
  35107 12649    18524.0000    89    22620.0000    17796.0000  4133903   21.33%
  35137 12668    21332.0000   142    22620.0000    17796.0000  4138534   21.33%
  35167 12683    22008.0000   100    22620.0000    17796.0000  4141609   21.33%
  35213 12704    19746.0000    51    22620.0000    17796.0000  4145958   21.33%
  35251 12717    infeasible          22620.0000    17796.0000  4149681   21.33%
  35300 12737    22158.0000    60    22620.0000    17796.0000  4153882   21.33%
  35360 12765    18706.0000    55    22620.0000    17796.0000  4156207   21.33%
  35400 12779    17978.0000   157    22620.0000    17796.0000  4158854   21.33%
Elapsed time = 36686.07 sec. (16191984.30 ticks, tree = 91.41 MB, solutions = 19)
  35443 12788    18342.0000    62    22620.0000    17796.0000  4162354   21.33%
  35500 12808    infeasible          22620.0000    17796.0000  4166865   21.33%
  35541 12824    18836.0000   141    22620.0000    17796.0000  4169990   21.33%
  35578 12832    17978.0000   111    22620.0000    17796.0000  4173369   21.33%
  35624 12859    22554.0000    51    22620.0000    17796.0000  4177375   21.33%
  35662 12869    22372.0000    62    22620.0000    17796.0000  4182314   21.33%
  35697 12886    17978.0000   140    22620.0000    17796.0000  4186401   21.33%
  35723 12897        cutoff          22620.0000    17796.0000  4190763   21.33%
  35762 12915    17978.0000   286    22620.0000    17796.0000  4196547   21.33%
  35816 12940    22190.0000    48    22620.0000    17796.0000  4200893   21.33%
Elapsed time = 37113.83 sec. (16350431.44 ticks, tree = 92.62 MB, solutions = 19)
  35848 12954    17796.0000   130    22620.0000    17796.0000  4203827   21.33%
  35894 12972    18836.0000   238    22620.0000    17796.0000  4210403   21.33%
  35924 12983    19382.0000   128    22620.0000    17796.0000  4214657   21.33%
  35963 13000        cutoff          22620.0000    17796.0000  4219020   21.33%
  35991 13011    18160.0000    94    22620.0000    17796.0000  4223486   21.33%
  36033 13022    17978.0000   220    22620.0000    17796.0000  4228055   21.33%
  36069 13039    20240.0000    86    22620.0000    17796.0000  4232553   21.33%
  36106 13048    infeasible          22620.0000    17796.0000  4235196   21.33%
  36147 13069    20786.0000   206    22620.0000    17796.0000  4240626   21.33%
  36175 13085    20786.0000   119    22620.0000    17796.0000  4245385   21.33%
Elapsed time = 37540.92 sec. (16505863.32 ticks, tree = 93.70 MB, solutions = 19)
  36214 13101    18836.0000    90    22620.0000    17796.0000  4248179   21.33%
  36244 13112    18472.0000    88    22620.0000    17796.0000  4251384   21.33%
  36285 13129    17796.0000   138    22620.0000    17796.0000  4256273   21.33%
  36335 13147    19200.0000    76    22620.0000    17796.0000  4263480   21.33%
  36372 13166    18706.0000    72    22620.0000    17796.0000  4265631   21.33%
  36417 13183    18160.0000   170    22620.0000    17796.0000  4268638   21.33%
  36460 13202    21150.0000   141    22620.0000    17796.0000  4274248   21.33%
  36512 13225    21150.0000   123    22620.0000    17796.0000  4277829   21.33%
  36555 13248    17978.0000   148    22620.0000    17796.0000  4281666   21.33%
  36603 13277    18171.3960   128    22620.0000    17796.0000  4285545   21.33%
Elapsed time = 37988.18 sec. (16662651.69 ticks, tree = 95.14 MB, solutions = 19)
  36634 13292    18160.0000   221    22620.0000    17796.0000  4290191   21.33%
  36683 13313    17796.0000   162    22620.0000    17796.0000  4293373   21.33%
  36727 13328    19382.0000    64    22620.0000    17796.0000  4297940   21.33%
  36772 13346    22190.0000   102    22620.0000    17796.0000  4302653   21.33%
  36808 13352    18160.0000    96    22620.0000    17796.0000  4306846   21.33%
  36853 13370    18342.0000   170    22620.0000    17796.0000  4310565   21.33%
  36873 13374    17796.0000   177    22620.0000    17796.0000  4313246   21.33%
  36899 13379    18836.0000   137    22620.0000    17796.0000  4316769   21.33%
  36937 13401    20968.0000    91    22620.0000    17796.0000  4322124   21.33%
  36974 13418    18160.5727   165    22620.0000    17796.0000  4327682   21.33%
Elapsed time = 38437.24 sec. (16819352.89 ticks, tree = 96.18 MB, solutions = 19)
  37011 13431    17978.0000   100    22620.0000    17796.0000  4331602   21.33%
  37052 13448    18160.0000   215    22620.0000    17796.0000  4336555   21.33%
  37080 13458    19211.3960   149    22620.0000    17796.0000  4342555   21.33%
  37105 13465    18654.0000   125    22620.0000    17796.0000  4345313   21.33%
  37150 13483    17796.0000   165    22620.0000    17796.0000  4349448   21.33%
  37191 13499    18654.0000   241    22620.0000    17796.0000  4352878   21.33%
  37228 13521    20786.0000   268    22620.0000    17796.0000  4358567   21.33%
  37260 13537    infeasible          22620.0000    17796.0000  4365778   21.33%
  37295 13559    18160.0000   134    22620.0000    17796.0000  4368987   21.33%
  37329 13576    17796.0000   304    22620.0000    17796.0000  4372117   21.33%
Elapsed time = 38884.33 sec. (16976986.07 ticks, tree = 97.35 MB, solutions = 19)
  37359 13590        cutoff          22620.0000    17796.0000  4374968   21.33%
  37400 13608    22372.0000    66    22620.0000    17796.0000  4379959   21.33%
Starting limited solution polishing.
  37419 13615    infeasible          22620.0000    17796.0000  4382885   21.33%
  37450 13632    18836.0000    93    22620.0000    17796.0000  4385455   21.33%
  37477 13642    17978.0000   351    22620.0000    17796.0000  4390792   21.33%
  37509 13660    18654.0000   289    22620.0000    17796.0000  4394969   21.33%
  37544 13673    18160.0000    75    22620.0000    17796.0000  4398360   21.33%
  37581 13693    19200.0000    88    22620.0000    17796.0000  4401961   21.33%
  37614 13704    18160.0000   336    22620.0000    17796.0000  4404960   21.33%
  37641 13717    17796.0000   185    22620.0000    17796.0000  4408167   21.33%
Elapsed time = 39310.21 sec. (17134197.72 ticks, tree = 98.41 MB, solutions = 19)
  37682 13742    21332.0000    69    22620.0000    17796.0000  4411094   21.33%
  37719 13749    infeasible          22620.0000    17796.0000  4412736   21.33%
  37768 13775        cutoff          22620.0000    17796.0000  4418227   21.33%
  37796 13788    19200.0000   129    22620.0000    17796.0000  4425237   21.33%
  37819 13797        cutoff          22620.0000    17796.0000  4429339   21.33%
  37860 13814    21332.0000    89    22620.0000    17796.0000  4432707   21.33%
  37903 13831    17978.0000   275    22620.0000    17796.0000  4438927   21.33%
  37920 13841    infeasible          22620.0000    17796.0000  4440808   21.33%
  37948 13857    20968.0000    89    22620.0000    17796.0000  4446805   21.33%
  37988 13870    17796.0000   246    22620.0000    17796.0000  4450218   21.33%
Elapsed time = 39606.51 sec. (17291525.72 ticks, tree = 99.54 MB, solutions = 19)
  38019 13882    17978.0000   150    22620.0000    17796.0000  4455553   21.33%
  38053 13896    17796.0000   153    22620.0000    17796.0000  4459164   21.33%
  38095 13910    21826.0000    74    22620.0000    17796.0000  4463317   21.33%
  38121 13917    22372.0000    70    22620.0000    17796.0000  4468271   21.33%
  38158 13931    17978.0000   277    22620.0000    17796.0000  4473983   21.33%
  38178 13935    17978.0000   121    22620.0000    17796.0000  4477977   21.33%
  38206 13942    17978.0000   368    22620.0000    17796.0000  4482529   21.33%
  38246 13961    infeasible          22620.0000    17796.0000  4487045   21.33%
  38281 13980    18160.0000   135    22620.0000    17796.0000  4489296   21.33%
  38315 13990        cutoff          22620.0000    17796.0000  4491550   21.33%
Elapsed time = 39837.30 sec. (17447702.91 ticks, tree = 100.45 MB, solutions = 19)
  38351 14001    17978.0000   108    22620.0000    17796.0000  4493703   21.33%
  38396 14018    19200.0000    99    22620.0000    17796.0000  4496031   21.33%
  38432 14034    18836.0000    79    22620.0000    17796.0000  4498459   21.33%
  38472 14051    17978.0000   235    22620.0000    17796.0000  4502361   21.33%
  38507 14069    20968.0000   149    22620.0000    17796.0000  4508172   21.33%
  38541 14084    21514.0000   229    22620.0000    17796.0000  4515251   21.33%
  38565 14091    20786.0000   255    22620.0000    17796.0000  4520131   21.33%
  38595 14102    17978.0000   310    22620.0000    17796.0000  4524976   21.33%
  38622 14116        cutoff          22620.0000    17796.0000  4529105   21.33%
  38665 14139    21150.0000   160    22620.0000    17796.0000  4535786   21.33%
Elapsed time = 40067.28 sec. (17606363.52 ticks, tree = 101.54 MB, solutions = 19)
  38704 14158    20786.0000   171    22620.0000    17796.0000  4545831   21.33%
  38743 14169    18160.0000   312    22620.0000    17796.0000  4554428   21.33%
  38786 14192    22158.0000    30    22620.0000    17796.0000  4558738   21.33%
  38841 14217    17796.0000    85    22620.0000    17796.0000  4562835   21.33%
  38890 14234    18160.0000   313    22620.0000    17796.0000  4567086   21.33%
  38927 14248    18654.0000   124    22620.0000    17796.0000  4571923   21.33%
  38967 14274    20968.0000    56    22620.0000    17796.0000  4577357   21.33%
  39006 14287    22372.0000    55    22620.0000    17796.0000  4581018   21.33%
  39036 14301    18654.0000   230    22620.0000    17796.0000  4586824   21.33%
  39070 14320    18836.0000   144    22620.0000    17796.0000  4593734   21.33%
Elapsed time = 40310.01 sec. (17766076.27 ticks, tree = 102.88 MB, solutions = 19)
  39099 14340    19018.0000   109    22620.0000    17796.0000  4600345   21.33%
  39127 14358    20786.0000   130    22620.0000    17796.0000  4605084   21.33%
  39167 14381    22372.0000    77    22620.0000    17796.0000  4611205   21.33%
  39198 14391    17796.0000   319    22620.0000    17796.0000  4617422   21.33%
  39228 14401    17978.0000   160    22620.0000    17796.0000  4622976   21.33%
  39270 14425    17978.0000   134    22620.0000    17796.0000  4629568   21.33%
  39304 14446    19200.0000    69    22620.0000    17796.0000  4633177   21.33%
  39351 14463    infeasible          22620.0000    17796.0000  4639059   21.33%
  39382 14478    17978.0000    89    22620.0000    17796.0000  4645202   21.33%
  39425 14501    22554.0000    53    22620.0000    17796.0000  4648848   21.33%
Elapsed time = 40540.56 sec. (17923300.19 ticks, tree = 104.24 MB, solutions = 19)
  39461 14515    19200.0000    94    22620.0000    17796.0000  4652230   21.33%
  39506 14528    17796.0000   233    22620.0000    17796.0000  4655588   21.33%
  39545 14545    21415.0000    79    22620.0000    17796.0000  4658044   21.33%
  39579 14564    21424.0000    56    22620.0000    17796.0000  4660921   21.33%
  39621 14584    19200.0000    96    22620.0000    17796.0000  4664780   21.33%
  39685 14599        cutoff          22620.0000    17796.0000  4669412   21.33%
  39717 14622    19200.0000    66    22620.0000    17796.0000  4673142   21.33%
  39753 14642    20786.0000   139    22620.0000    17796.0000  4678119   21.33%
  39786 14650    20786.0000   162    22620.0000    17796.0000  4681165   21.33%
  39840 14670        cutoff          22620.0000    17796.1394  4686168   21.33%
Elapsed time = 40773.49 sec. (18078422.63 ticks, tree = 105.51 MB, solutions = 19)
  39878 14689    22060.0000    52    22620.0000    17796.1394  4689533   21.33%
  39909 14698    17978.1394   194    22620.0000    17796.1394  4692985   21.33%
  39951 14712    17796.1394    83    22620.0000    17796.1394  4697558   21.33%
  39996 14724    infeasible          22620.0000    17796.1394  4701700   21.33%
  40027 14728    infeasible          22620.0000    17796.1394  4705296   21.33%
  40059 14733    17978.1394   198    22620.0000    17796.1394  4709438   21.33%
  40078 14735    infeasible          22620.0000    17796.1394  4711963   21.33%
  40107 14751    21332.0000    89    22620.0000    17796.1394  4714999   21.33%
  40174 14775    infeasible          22620.0000    17796.1394  4720451   21.33%
  40220 14798    17978.1394    91    22620.0000    17796.1394  4725035   21.33%
Elapsed time = 41033.75 sec. (18247961.05 ticks, tree = 106.47 MB, solutions = 19)
  40249 14808    22190.0000   109    22620.0000    17796.1394  4727706   21.33%
  40299 14833    22190.0000    43    22620.0000    17796.1394  4732319   21.33%
  40331 14840        cutoff          22620.0000    17796.1394  4736508   21.33%
  40381 14861    22008.0000   146    22620.0000    17796.2110  4742038   21.33%
  40409 14869    infeasible          22620.0000    17796.2110  4745492   21.33%
  40440 14880    17978.2110   252    22620.0000    17796.2110  4748704   21.33%
  40466 14896    21332.0000    96    22620.0000    17796.2110  4751985   21.33%
  40498 14904    17978.0000   154    22620.0000    17796.2110  4755313   21.33%
  40533 14919    17978.2110   137    22620.0000    17796.2110  4758483   21.33%
  40561 14928    19018.2110   160    22620.0000    17796.2110  4761905   21.33%
Elapsed time = 41277.34 sec. (18402706.53 ticks, tree = 107.45 MB, solutions = 19)
  40581 14938    18039.0000    70    22620.0000    17796.2110  4765047   21.33%
  40619 14956    21332.0000   138    22620.0000    17796.2110  4768356   21.33%
  40648 14965    18524.0000   100    22620.0000    17796.2110  4771465   21.33%
  40698 14987    20400.0000   117    22620.0000    17796.2110  4776862   21.33%
  40725 14992        cutoff          22620.0000    17796.2110  4781816   21.33%
  40768 15008    19018.0000   108    22620.0000    17796.7689  4786522   21.32%
  40827 15034    17978.7689   207    22620.0000    17796.7689  4791358   21.32%
  40874 15053    17978.0000   114    22620.0000    17796.7689  4795159   21.32%
  40909 15066    17978.7689   179    22620.0000    17796.7689  4798700   21.32%
  40946 15081    18160.0000   104    22620.0000    17796.7689  4802831   21.32%
Elapsed time = 41670.53 sec. (18559799.40 ticks, tree = 108.59 MB, solutions = 19)
  40997 15100    22190.0000    87    22620.0000    17796.7689  4805584   21.32%
  41031 15112    17796.7689   157    22620.0000    17796.7689  4809122   21.32%
  41087 15140    20400.0000   130    22620.0000    17796.7689  4813057   21.32%
  41138 15165    18353.3960   174    22620.0000    17796.7689  4817752   21.32%
  41181 15187    19018.0000   148    22620.0000    17796.7689  4822378   21.32%
  41231 15205    infeasible          22620.0000    17796.7689  4827387   21.32%
  41261 15210    17800.4338   214    22620.0000    17796.7689  4832639   21.32%
  41305 15229    22554.0000   109    22620.0000    17796.7689  4837232   21.32%
  41340 15239    22190.0000   137    22620.0000    17796.7689  4840402   21.32%
  41378 15255    18160.0000   132    22620.0000    17796.7689  4845904   21.32%
Elapsed time = 42126.15 sec. (18716227.74 ticks, tree = 109.89 MB, solutions = 19)
  41402 15264    infeasible          22620.0000    17796.7689  4851502   21.32%
  41440 15281    20786.0000   155    22620.0000    17796.7689  4855826   21.32%
  41468 15295    21826.0000   132    22620.0000    17796.7689  4860955   21.32%
  41501 15306        cutoff          22620.0000    17796.7689  4866304   21.32%
  41546 15331    22190.0000    98    22620.0000    17796.7689  4870514   21.32%
  41583 15346    20968.0000   381    22620.0000    17796.7689  4874335   21.32%
  41611 15355    20582.0000    72    22620.0000    17796.7689  4878568   21.32%
  41648 15366    18326.0000   111    22620.0000    17796.7689  4883575   21.32%
  41689 15387    18836.0000   170    22620.0000    17796.7689  4888685   21.32%
  41739 15413    17981.6250   107    22620.0000    17796.7689  4894460   21.32%
Elapsed time = 42585.42 sec. (18873524.95 ticks, tree = 111.08 MB, solutions = 19)
  41786 15431    22372.0000    84    22620.0000    17796.7689  4899722   21.32%
  41819 15452    18342.0000    91    22620.0000    17796.7689  4902883   21.32%
  41849 15467    18160.0000   173    22620.0000    17796.7689  4907101   21.32%
  41888 15488    17796.7689   414    22620.0000    17796.7689  4911100   21.32%
  41919 15503    18836.0000   145    22620.0000    17796.7689  4913718   21.32%
  41966 15529    17978.7689   161    22620.0000    17796.7689  4917180   21.32%
  42018 15551    21150.0000   106    22620.0000    17796.9405  4920879   21.32%
  42055 15563        cutoff          22620.0000    17796.9405  4925545   21.32%
  42092 15578    20786.0000   170    22620.0000    17796.9405  4931035   21.32%
  42138 15606    18160.9405    99    22620.0000    17796.9405  4935026   21.32%
Elapsed time = 43033.31 sec. (19029494.23 ticks, tree = 112.49 MB, solutions = 19)
  42176 15620    infeasible          22620.0000    17796.9405  4940081   21.32%
  42206 15632    22372.0000   153    22620.0000    17796.9405  4945712   21.32%
  42268 15650    17797.8810   254    22620.0000    17797.8810  4951424   21.32%

GUB cover cuts applied:  7
Clique cuts applied:  28
Cover cuts applied:  1322
Implied bound cuts applied:  191
Flow cuts applied:  124
Mixed integer rounding cuts applied:  199
Zero-half cuts applied:  32
Gomory fractional cuts applied:  2

Root node processing (before b&c):
  Real time             = 2891.26 sec. (431688.70 ticks)
Sequential b&c:
  Real time             = 40308.79 sec. (18657974.58 ticks)
                          ------------
Total (root+branch&cut) = 43200.04 sec. (19089663.28 ticks)
Feasible

>> Printing some results...
    -> Solution value = 22619 - 06:16:59
    -> Total time = 43200.04
    -> Gap value = 0.21

=============
Train 0
=============
> Trip 0
   0(time 16260 - 04:31:00)(time 16678 - 04:37:58) ->    1(time 16761 - 04:39:21)(time 17214 - 04:46:54) ->    2(time 17297 - 04:48:17)(time 17718 - 04:55:18) ->    3(time 17795 - 04:56:35)(time 18213 - 05:03:33) ->    4(time 18296 - 05:04:56)(time 18688 - 05:11:28) ->    5(time 18765 - 05:12:45)(time 19229 - 05:20:29) ->    6(time 19312 - 05:21:52)(time 19727 - 05:28:47) ->    7(time 19810 - 05:30:10)(time 20254 - 05:37:34) ->    8(time 20331 - 05:38:51)(time 20720 - 05:45:20) ->    9(time 20803 - 05:46:43)(time 21255 - 05:54:15) ->    10(time 21338 - 05:55:38)(time 21791 - 06:03:11) ->    11(time 21874 - 06:04:34)(time 22267 - 06:11:07) ->    12(time 22598 - 06:16:38)(time 23041 - 06:24:01) ->    13(time 23372 - 06:29:32)(time 23766 - 06:36:06) ->    14(time 23849 - 06:37:29)(time 24250 - 06:44:10) ->    15(time 24432 - 06:47:12)(time 24861 - 06:54:21) ->    16(time 25043 - 06:57:23)(time 25043 - 06:57:23) ->    33(time 25374 - 07:02:54)(time 25803 - 07:10:03) ->    32(time 25985 - 07:13:05)(time 26386 - 07:19:46) ->    31(time 26568 - 07:22:48)(time 26962 - 07:29:22) ->    30(time 27045 - 07:30:45)(time 27488 - 07:38:08) ->    29(time 27571 - 07:39:31)(time 27964 - 07:46:04) ->    28(time 28047 - 07:47:27)(time 28500 - 07:55:00) ->    27(time 28583 - 07:56:23)(time 29035 - 08:03:55) ->    26(time 29118 - 08:05:18)(time 29507 - 08:11:47) ->    25(time 29584 - 08:13:04)(time 30028 - 08:20:28) ->    24(time 30111 - 08:21:51)(time 30526 - 08:28:46) ->    23(time 30609 - 08:30:09)(time 31073 - 08:37:53) ->    22(time 31156 - 08:39:16)(time 31548 - 08:45:48) ->    21(time 31631 - 08:47:11)(time 32049 - 08:54:09) ->    20(time 32126 - 08:55:26)(time 32547 - 09:02:27) ->    19(time 32630 - 09:03:50)(time 33083 - 09:11:23) ->    18(time 33166 - 09:12:46)(time 33584 - 09:19:44) ->    17(time 33766 - 09:22:46)(time 33766 - 09:22:46) -> 0
> Trip 1
   0(time 33815 - 09:23:35)(time 34233 - 09:30:33) ->    1(time 34316 - 09:31:56)(time 34769 - 09:39:29) ->    2(time 34852 - 09:40:52)(time 35273 - 09:47:53) ->    3(time 35350 - 09:49:10)(time 35768 - 09:56:08) ->    4(time 35851 - 09:57:31)(time 36243 - 10:04:03) ->    5(time 36320 - 10:05:20)(time 36784 - 10:13:04) ->    6(time 36867 - 10:14:27)(time 37282 - 10:21:22) ->    7(time 37365 - 10:22:45)(time 37809 - 10:30:09) ->    8(time 37886 - 10:31:26)(time 38275 - 10:37:55) ->    9(time 38358 - 10:39:18)(time 38810 - 10:46:50) ->    10(time 38893 - 10:48:13)(time 39346 - 10:55:46) ->    11(time 39429 - 10:57:09)(time 39822 - 11:03:42) ->    12(time 39905 - 11:05:05)(time 40348 - 11:12:28) ->    13(time 40431 - 11:13:51)(time 40825 - 11:20:25) ->    14(time 40908 - 11:21:48)(time 41309 - 11:28:29) ->    15(time 41491 - 11:31:31)(time 41920 - 11:38:40) ->    16(time 42102 - 11:41:42)(time 42102 - 11:41:42) ->    33(time 42284 - 11:44:44)(time 42713 - 11:51:53) ->    32(time 42895 - 11:54:55)(time 43296 - 12:01:36) ->    31(time 43379 - 12:02:59)(time 43773 - 12:09:33) ->    30(time 43856 - 12:10:56)(time 44299 - 12:18:19) ->    29(time 44382 - 12:19:42)(time 44775 - 12:26:15) ->    28(time 44858 - 12:27:38)(time 45311 - 12:35:11) ->    27(time 45394 - 12:36:34)(time 45846 - 12:44:06) ->    26(time 45929 - 12:45:29)(time 46318 - 12:51:58) ->    25(time 46395 - 12:53:15)(time 46839 - 13:00:39) ->    24(time 46922 - 13:02:02)(time 47337 - 13:08:57) ->    23(time 47420 - 13:10:20)(time 47884 - 13:18:04) ->    22(time 47961 - 13:19:21)(time 48353 - 13:25:53) ->    21(time 48436 - 13:27:16)(time 48854 - 13:34:14) ->    20(time 48931 - 13:35:31)(time 49352 - 13:42:32) ->    19(time 49435 - 13:43:55)(time 49888 - 13:51:28) ->    18(time 49971 - 13:52:51)(time 50389 - 13:59:49) ->    17(time 50571 - 14:02:51)(time 50571 - 14:02:51) -> 0
=============
Train 1
=============
> Trip 0
   0(time 11411 - 03:10:11)(time 11829 - 03:17:09) ->    1(time 11912 - 03:18:32)(time 12365 - 03:26:05) ->    2(time 12448 - 03:27:28)(time 12869 - 03:34:29) ->    3(time 12946 - 03:35:46)(time 13364 - 03:42:44) ->    4(time 13447 - 03:44:07)(time 13839 - 03:50:39) ->    5(time 13916 - 03:51:56)(time 14380 - 03:59:40) ->    6(time 14463 - 04:01:03)(time 14878 - 04:07:58) ->    7(time 14961 - 04:09:21)(time 15405 - 04:16:45) ->    8(time 15482 - 04:18:02)(time 15871 - 04:24:31) ->    9(time 15954 - 04:25:54)(time 16406 - 04:33:26) ->    10(time 16489 - 04:34:49)(time 16942 - 04:42:22) ->    11(time 17025 - 04:43:45)(time 17418 - 04:50:18) ->    12(time 17501 - 04:51:41)(time 17944 - 04:59:04) ->    13(time 18076 - 05:01:16)(time 18470 - 05:07:50) ->    14(time 18652 - 05:10:52)(time 19053 - 05:17:33) ->    15(time 19235 - 05:20:35)(time 19664 - 05:27:44) ->    16(time 19846 - 05:30:46)(time 19846 - 05:30:46) ->    33(time 20028 - 05:33:48)(time 20457 - 05:40:57) ->    32(time 20639 - 05:43:59)(time 21040 - 05:50:40) ->    31(time 21123 - 05:52:03)(time 21517 - 05:58:37) ->    30(time 21600 - 06:00:00)(time 22043 - 06:07:23) ->    29(time 22267 - 06:11:07)(time 22660 - 06:17:40) ->    28(time 22743 - 06:19:03)(time 23196 - 06:26:36) ->    27(time 23279 - 06:27:59)(time 23731 - 06:35:31) ->    26(time 23814 - 06:36:54)(time 24203 - 06:43:23) ->    25(time 24280 - 06:44:40)(time 24724 - 06:52:04) ->    24(time 24807 - 06:53:27)(time 25222 - 07:00:22) ->    23(time 25305 - 07:01:45)(time 25769 - 07:09:29) ->    22(time 25846 - 07:10:46)(time 26238 - 07:17:18) ->    21(time 26321 - 07:18:41)(time 26739 - 07:25:39) ->    20(time 26816 - 07:26:56)(time 27237 - 07:33:57) ->    19(time 27320 - 07:35:20)(time 27773 - 07:42:53) ->    18(time 27856 - 07:44:16)(time 28274 - 07:51:14) ->    17(time 28456 - 07:54:16)(time 28456 - 07:54:16) -> 0
> Trip 1
   0(time 28645 - 07:57:25)(time 29063 - 08:04:23) ->    1(time 29146 - 08:05:46)(time 29599 - 08:13:19) ->    2(time 29682 - 08:14:42)(time 30103 - 08:21:43) ->    3(time 30180 - 08:23:00)(time 30598 - 08:29:58) ->    4(time 30681 - 08:31:21)(time 31073 - 08:37:53) ->    5(time 31156 - 08:39:16)(time 31620 - 08:47:00) ->    6(time 31703 - 08:48:23)(time 32118 - 08:55:18) ->    7(time 32201 - 08:56:41)(time 32645 - 09:04:05) ->    8(time 32722 - 09:05:22)(time 33111 - 09:11:51) ->    9(time 33194 - 09:13:14)(time 33646 - 09:20:46) ->    10(time 33729 - 09:22:09)(time 34182 - 09:29:42) ->    11(time 34265 - 09:31:05)(time 34658 - 09:37:38) ->    12(time 34741 - 09:39:01)(time 35184 - 09:46:24) ->    13(time 35267 - 09:47:47)(time 35661 - 09:54:21) ->    14(time 35744 - 09:55:44)(time 36145 - 10:02:25) ->    15(time 36327 - 10:05:27)(time 36756 - 10:12:36) ->    16(time 36938 - 10:15:38)(time 36938 - 10:15:38) ->    33(time 36938 - 10:15:38)(time 37367 - 10:22:47) ->    32(time 37549 - 10:25:49)(time 37950 - 10:32:30) ->    31(time 38033 - 10:33:53)(time 38427 - 10:40:27) ->    30(time 38510 - 10:41:50)(time 38953 - 10:49:13) ->    29(time 39036 - 10:50:36)(time 39429 - 10:57:09) ->    28(time 39562 - 10:59:22)(time 40015 - 11:06:55) ->    27(time 40098 - 11:08:18)(time 40550 - 11:15:50) ->    26(time 40633 - 11:17:13)(time 41022 - 11:23:42) ->    25(time 41099 - 11:24:59)(time 41543 - 11:32:23) ->    24(time 41626 - 11:33:46)(time 42041 - 11:40:41) ->    23(time 42124 - 11:42:04)(time 42588 - 11:49:48) ->    22(time 42665 - 11:51:05)(time 43057 - 11:57:37) ->    21(time 43140 - 11:59:00)(time 43558 - 12:05:58) ->    20(time 43889 - 12:11:29)(time 44310 - 12:18:30) ->    19(time 44393 - 12:19:53)(time 44846 - 12:27:26) ->    18(time 45177 - 12:32:57)(time 45595 - 12:39:55) ->    17(time 45926 - 12:45:26)(time 45926 - 12:45:26) -> 0
=============
Train 2
=============
> Trip 0
   0(time 11577 - 03:12:57)(time 11995 - 03:19:55) ->    1(time 12078 - 03:21:18)(time 12531 - 03:28:51) ->    2(time 12614 - 03:30:14)(time 13035 - 03:37:15) ->    3(time 13366 - 03:42:46)(time 13784 - 03:49:44) ->    4(time 13867 - 03:51:07)(time 14259 - 03:57:39) ->    5(time 14336 - 03:58:56)(time 14800 - 04:06:40) ->    6(time 14883 - 04:08:03)(time 15298 - 04:14:58) ->    7(time 15381 - 04:16:21)(time 15825 - 04:23:45) ->    8(time 15902 - 04:25:02)(time 16291 - 04:31:31) ->    9(time 16374 - 04:32:54)(time 16826 - 04:40:26) ->    10(time 16909 - 04:41:49)(time 17362 - 04:49:22) ->    11(time 17445 - 04:50:45)(time 17838 - 04:57:18) ->    12(time 17921 - 04:58:41)(time 18364 - 05:06:04) ->    13(time 18447 - 05:07:27)(time 18841 - 05:14:01) ->    14(time 19016 - 05:16:56)(time 19417 - 05:23:37) ->    15(time 19599 - 05:26:39)(time 20028 - 05:33:48) ->    16(time 20210 - 05:36:50)(time 20210 - 05:36:50) ->    33(time 20392 - 05:39:52)(time 20821 - 05:47:01) ->    32(time 21003 - 05:50:03)(time 21404 - 05:56:44) ->    31(time 21487 - 05:58:07)(time 21881 - 06:04:41) ->    30(time 21964 - 06:06:04)(time 22407 - 06:13:27) ->    29(time 22490 - 06:14:50)(time 22883 - 06:21:23) ->    28(time 22966 - 06:22:46)(time 23419 - 06:30:19) ->    27(time 23502 - 06:31:42)(time 23954 - 06:39:14) ->    26(time 24037 - 06:40:37)(time 24426 - 06:47:06) ->    25(time 24503 - 06:48:23)(time 24947 - 06:55:47) ->    24(time 25030 - 06:57:10)(time 25445 - 07:04:05) ->    23(time 25528 - 07:05:28)(time 25992 - 07:13:12) ->    22(time 26069 - 07:14:29)(time 26461 - 07:21:01) ->    21(time 26544 - 07:22:24)(time 26962 - 07:29:22) ->    20(time 27180 - 07:33:00)(time 27601 - 07:40:01) ->    19(time 27684 - 07:41:24)(time 28137 - 07:48:57) ->    18(time 28220 - 07:50:20)(time 28638 - 07:57:18) ->    17(time 28820 - 08:00:20)(time 28820 - 08:00:20) -> 0
> Trip 1
   0(time 34031 - 09:27:11)(time 34449 - 09:34:09) ->    1(time 34532 - 09:35:32)(time 34985 - 09:43:05) ->    2(time 35068 - 09:44:28)(time 35489 - 09:51:29) ->    3(time 35566 - 09:52:46)(time 35984 - 09:59:44) ->    4(time 36067 - 10:01:07)(time 36459 - 10:07:39) ->    5(time 36536 - 10:08:56)(time 37000 - 10:16:40) ->    6(time 37083 - 10:18:03)(time 37498 - 10:24:58) ->    7(time 37581 - 10:26:21)(time 38025 - 10:33:45) ->    8(time 38102 - 10:35:02)(time 38491 - 10:41:31) ->    9(time 38574 - 10:42:54)(time 39026 - 10:50:26) ->    10(time 39109 - 10:51:49)(time 39562 - 10:59:22) ->    11(time 39645 - 11:00:45)(time 40038 - 11:07:18) ->    12(time 40121 - 11:08:41)(time 40564 - 11:16:04) ->    13(time 40696 - 11:18:16)(time 41090 - 11:24:50) ->    14(time 41272 - 11:27:52)(time 41673 - 11:34:33) ->    15(time 41855 - 11:37:35)(time 42284 - 11:44:44) ->    16(time 42466 - 11:47:46)(time 42466 - 11:47:46) ->    33(time 42648 - 11:50:48)(time 43077 - 11:57:57) ->    32(time 43259 - 12:00:59)(time 43660 - 12:07:40) ->    31(time 43743 - 12:09:03)(time 44137 - 12:15:37) ->    30(time 44220 - 12:17:00)(time 44663 - 12:24:23) ->    29(time 44746 - 12:25:46)(time 45139 - 12:32:19) ->    28(time 45222 - 12:33:42)(time 45675 - 12:41:15) ->    27(time 45758 - 12:42:38)(time 46210 - 12:50:10) ->    26(time 46293 - 12:51:33)(time 46682 - 12:58:02) ->    25(time 46759 - 12:59:19)(time 47203 - 13:06:43) ->    24(time 47286 - 13:08:06)(time 47701 - 13:15:01) ->    23(time 47784 - 13:16:24)(time 48248 - 13:24:08) ->    22(time 48325 - 13:25:25)(time 48717 - 13:31:57) ->    21(time 48800 - 13:33:20)(time 49218 - 13:40:18) ->    20(time 49295 - 13:41:35)(time 49716 - 13:48:36) ->    19(time 49799 - 13:49:59)(time 50252 - 13:57:32) ->    18(time 50335 - 13:58:55)(time 50753 - 14:05:53) ->    17(time 50935 - 14:08:55)(time 50935 - 14:08:55) -> 0
=============
Train 3
=============
> Trip 0
   0(time 11494 - 03:11:34)(time 11912 - 03:18:32) ->    1(time 11995 - 03:19:55)(time 12448 - 03:27:28) ->    2(time 12531 - 03:28:51)(time 12952 - 03:35:52) ->    3(time 13029 - 03:37:09)(time 13447 - 03:44:07) ->    4(time 13530 - 03:45:30)(time 13922 - 03:52:02) ->    5(time 13999 - 03:53:19)(time 14463 - 04:01:03) ->    6(time 14546 - 04:02:26)(time 14961 - 04:09:21) ->    7(time 15044 - 04:10:44)(time 15488 - 04:18:08) ->    8(time 15565 - 04:19:25)(time 15954 - 04:25:54) ->    9(time 16037 - 04:27:17)(time 16489 - 04:34:49) ->    10(time 16572 - 04:36:12)(time 17025 - 04:43:45) ->    11(time 17108 - 04:45:08)(time 17501 - 04:51:41) ->    12(time 17633 - 04:53:53)(time 18076 - 05:01:16) ->    13(time 18258 - 05:04:18)(time 18652 - 05:10:52) ->    14(time 18834 - 05:13:54)(time 19235 - 05:20:35) ->    15(time 19417 - 05:23:37)(time 19846 - 05:30:46) ->    16(time 20028 - 05:33:48)(time 20028 - 05:33:48) ->    33(time 20210 - 05:36:50)(time 20639 - 05:43:59) ->    32(time 20821 - 05:47:01)(time 21222 - 05:53:42) ->    31(time 21305 - 05:55:05)(time 21699 - 06:01:39) ->    30(time 21881 - 06:04:41)(time 22324 - 06:12:04) ->    29(time 22407 - 06:13:27)(time 22800 - 06:20:00) ->    28(time 22883 - 06:21:23)(time 23336 - 06:28:56) ->    27(time 23419 - 06:30:19)(time 23871 - 06:37:51) ->    26(time 23954 - 06:39:14)(time 24343 - 06:45:43) ->    25(time 24420 - 06:47:00)(time 24864 - 06:54:24) ->    24(time 24947 - 06:55:47)(time 25362 - 07:02:42) ->    23(time 25445 - 07:04:05)(time 25909 - 07:11:49) ->    22(time 25986 - 07:13:06)(time 26378 - 07:19:38) ->    21(time 26461 - 07:21:01)(time 26879 - 07:27:59) ->    20(time 26956 - 07:29:16)(time 27377 - 07:36:17) ->    19(time 27460 - 07:37:40)(time 27913 - 07:45:13) ->    18(time 28038 - 07:47:18)(time 28456 - 07:54:16) ->    17(time 28638 - 07:57:18)(time 28638 - 07:57:18) -> 0
> Trip 1
   0(time 28728 - 07:58:48)(time 29146 - 08:05:46) ->    1(time 29229 - 08:07:09)(time 29682 - 08:14:42) ->    2(time 29765 - 08:16:05)(time 30186 - 08:23:06) ->    3(time 30263 - 08:24:23)(time 30681 - 08:31:21) ->    4(time 30764 - 08:32:44)(time 31156 - 08:39:16) ->    5(time 31239 - 08:40:39)(time 31703 - 08:48:23) ->    6(time 31786 - 08:49:46)(time 32201 - 08:56:41) ->    7(time 32284 - 08:58:04)(time 32728 - 09:05:28) ->    8(time 32805 - 09:06:45)(time 33194 - 09:13:14) ->    9(time 33277 - 09:14:37)(time 33729 - 09:22:09) ->    10(time 33812 - 09:23:32)(time 34265 - 09:31:05) ->    11(time 34348 - 09:32:28)(time 34741 - 09:39:01) ->    12(time 34923 - 09:42:03)(time 35366 - 09:49:26) ->    13(time 35449 - 09:50:49)(time 35843 - 09:57:23) ->    14(time 35926 - 09:58:46)(time 36327 - 10:05:27) ->    15(time 36509 - 10:08:29)(time 36938 - 10:15:38) ->    16(time 37269 - 10:21:09)(time 37269 - 10:21:09) ->    33(time 37269 - 10:21:09)(time 37698 - 10:28:18) ->    32(time 37880 - 10:31:20)(time 38281 - 10:38:01) ->    31(time 38612 - 10:43:32)(time 39006 - 10:50:06) ->    30(time 39337 - 10:55:37)(time 39780 - 11:03:00) ->    29(time 40111 - 11:08:31)(time 40504 - 11:15:04) ->    28(time 40835 - 11:20:35)(time 41288 - 11:28:08) ->    27(time 41619 - 11:33:39)(time 42071 - 11:41:11) ->    26(time 42402 - 11:46:42)(time 42791 - 11:53:11) ->    25(time 43122 - 11:58:42)(time 43566 - 12:06:06) ->    24(time 43897 - 12:11:37)(time 44312 - 12:18:32) ->    23(time 44643 - 12:24:03)(time 45107 - 12:31:47) ->    22(time 45438 - 12:37:18)(time 45830 - 12:43:50) ->    21(time 46161 - 12:49:21)(time 46579 - 12:56:19) ->    20(time 46910 - 13:01:50)(time 47331 - 13:08:51) ->    19(time 47662 - 13:14:22)(time 48115 - 13:21:55) ->    18(time 48446 - 13:27:26)(time 48864 - 13:34:24) ->    17(time 49195 - 13:39:55)(time 49195 - 13:39:55) -> 0
=============
Train 4
=============
> Trip 0
   0(time 16343 - 04:32:23)(time 16761 - 04:39:21) ->    1(time 16844 - 04:40:44)(time 17297 - 04:48:17) ->    2(time 17380 - 04:49:40)(time 17801 - 04:56:41) ->    3(time 17878 - 04:57:58)(time 18296 - 05:04:56) ->    4(time 18379 - 05:06:19)(time 18771 - 05:12:51) ->    5(time 18848 - 05:14:08)(time 19312 - 05:21:52) ->    6(time 19395 - 05:23:15)(time 19810 - 05:30:10) ->    7(time 20075 - 05:34:35)(time 20519 - 05:41:59) ->    8(time 20596 - 05:43:16)(time 20985 - 05:49:45) ->    9(time 21316 - 05:55:16)(time 21768 - 06:02:48) ->    10(time 22099 - 06:08:19)(time 22552 - 06:15:52) ->    11(time 22883 - 06:21:23)(time 23276 - 06:27:56) ->    12(time 23359 - 06:29:19)(time 23802 - 06:36:42) ->    13(time 23885 - 06:38:05)(time 24279 - 06:44:39) ->    14(time 24362 - 06:46:02)(time 24763 - 06:52:43) ->    15(time 24945 - 06:55:45)(time 25374 - 07:02:54) ->    16(time 25556 - 07:05:56)(time 25556 - 07:05:56) ->    33(time 25556 - 07:05:56)(time 25985 - 07:13:05) ->    32(time 26167 - 07:16:07)(time 26568 - 07:22:48) ->    31(time 26651 - 07:24:11)(time 27045 - 07:30:45) ->    30(time 27128 - 07:32:08)(time 27571 - 07:39:31) ->    29(time 27654 - 07:40:54)(time 28047 - 07:47:27) ->    28(time 28130 - 07:48:50)(time 28583 - 07:56:23) ->    27(time 28666 - 07:57:46)(time 29118 - 08:05:18) ->    26(time 29201 - 08:06:41)(time 29590 - 08:13:10) ->    25(time 29667 - 08:14:27)(time 30111 - 08:21:51) ->    24(time 30194 - 08:23:14)(time 30609 - 08:30:09) ->    23(time 30692 - 08:31:32)(time 31156 - 08:39:16) ->    22(time 31239 - 08:40:39)(time 31631 - 08:47:11) ->    21(time 31714 - 08:48:34)(time 32132 - 08:55:32) ->    20(time 32209 - 08:56:49)(time 32630 - 09:03:50) ->    19(time 32713 - 09:05:13)(time 33166 - 09:12:46) ->    18(time 33348 - 09:15:48)(time 33766 - 09:22:46) ->    17(time 33948 - 09:25:48)(time 33948 - 09:25:48) -> 0
> Trip 1
   0(time 33948 - 09:25:48)(time 34366 - 09:32:46) ->    1(time 34449 - 09:34:09)(time 34902 - 09:41:42) ->    2(time 34985 - 09:43:05)(time 35406 - 09:50:06) ->    3(time 35483 - 09:51:23)(time 35901 - 09:58:21) ->    4(time 35984 - 09:59:44)(time 36376 - 10:06:16) ->    5(time 36453 - 10:07:33)(time 36917 - 10:15:17) ->    6(time 37000 - 10:16:40)(time 37415 - 10:23:35) ->    7(time 37498 - 10:24:58)(time 37942 - 10:32:22) ->    8(time 38019 - 10:33:39)(time 38408 - 10:40:08) ->    9(time 38491 - 10:41:31)(time 38943 - 10:49:03) ->    10(time 39026 - 10:50:26)(time 39479 - 10:57:59) ->    11(time 39562 - 10:59:22)(time 39955 - 11:05:55) ->    12(time 40038 - 11:07:18)(time 40481 - 11:14:41) ->    13(time 40564 - 11:16:04)(time 40958 - 11:22:38) ->    14(time 41090 - 11:24:50)(time 41491 - 11:31:31) ->    15(time 41673 - 11:34:33)(time 42102 - 11:41:42) ->    16(time 42284 - 11:44:44)(time 42284 - 11:44:44) ->    33(time 42466 - 11:47:46)(time 42895 - 11:54:55) ->    32(time 43077 - 11:57:57)(time 43478 - 12:04:38) ->    31(time 43561 - 12:06:01)(time 43955 - 12:12:35) ->    30(time 44038 - 12:13:58)(time 44481 - 12:21:21) ->    29(time 44564 - 12:22:44)(time 44957 - 12:29:17) ->    28(time 45040 - 12:30:40)(time 45493 - 12:38:13) ->    27(time 45576 - 12:39:36)(time 46028 - 12:47:08) ->    26(time 46111 - 12:48:31)(time 46500 - 12:55:00) ->    25(time 46577 - 12:56:17)(time 47021 - 13:03:41) ->    24(time 47104 - 13:05:04)(time 47519 - 13:11:59) ->    23(time 47602 - 13:13:22)(time 48066 - 13:21:06) ->    22(time 48143 - 13:22:23)(time 48535 - 13:28:55) ->    21(time 48618 - 13:30:18)(time 49036 - 13:37:16) ->    20(time 49113 - 13:38:33)(time 49534 - 13:45:34) ->    19(time 49617 - 13:46:57)(time 50070 - 13:54:30) ->    18(time 50153 - 13:55:53)(time 50571 - 14:02:51) ->    17(time 50753 - 14:05:53)(time 50753 - 14:05:53) -> 0
Traceback (most recent call last):
  File "/home/renata/Train-Timetabling/script.py", line 99, in <module>
    os.remove(file_name)
FileNotFoundError: [Errno 2] No such file or directory: 'script-solution.txt'
