t5p22r13h2.txt:
   > Trying to open the instance file...
   > Reading number of trains...
   > Reading maximum number of trips per train...
   > Reading time intervals...
   > Reading number of points...
   > Reading stations...
   > Reading crossings...
   > Reading depots...
   > Reading initial point...
   > Reading routes...
   > Reading distance and distance and service...
   > Reading demands...
   > Reading maximum time...
   > Reading alpha...

--------------------------------
 Printing instance
--------------------------------
number of trains = 5
	max trips per trains: 2     2     2     2     2
number of intervals = 2
	(0,  15305)	(15306,  30610)
number of points = 22
	initial point: 21
	stations: 0     1     2     3     4     5     6     7     8     9    10    11    12    13    14    15    16    17    18    19    20    21
	crossings: 0     2     8    13    21
	depots: 0     8    13    21
number of vertices = 44
	total vertices: 0     1     2     3     4     5     6     7     8     9    10    11    12    13    14    15    16    17    18    19    20    21    22    23    24    25    26    27    28    29    30    31    32    33    34    35    36    37    38    39    40    41    42    43
	upper vertices: 0     1     2     3     4     5     6     7     8     9    10    11    12    13    14    15    16    17    18    19    20    21
	lower vertices: 22    23    24    25    26    27    28    29    30    31    32    33    34    35    36    37    38    39    40    41    42    43
	vertices of point #0: (0, 22)
	vertices of point #1: (1, 23)
	vertices of point #2: (2, 24)
	vertices of point #3: (3, 25)
	vertices of point #4: (4, 26)
	vertices of point #5: (5, 27)
	vertices of point #6: (6, 28)
	vertices of point #7: (7, 29)
	vertices of point #8: (8, 30)
	vertices of point #9: (9, 31)
	vertices of point #10: (10, 32)
	vertices of point #11: (11, 33)
	vertices of point #12: (12, 34)
	vertices of point #13: (13, 35)
	vertices of point #14: (14, 36)
	vertices of point #15: (15, 37)
	vertices of point #16: (16, 38)
	vertices of point #17: (17, 39)
	vertices of point #18: (18, 40)
	vertices of point #19: (19, 41)
	vertices of point #20: (20, 42)
	vertices of point #21: (21, 43)

arcs...
	total arcs: 
		arc #0: (0, 1)
		arc #1: (0, 22)
		arc #2: (22, 0)
		arc #3: (1, 2)
		arc #4: (23, 22)
		arc #5: (2, 3)
		arc #6: (24, 23)
		arc #7: (3, 4)
		arc #8: (25, 24)
		arc #9: (4, 5)
		arc #10: (26, 25)
		arc #11: (5, 6)
		arc #12: (27, 26)
		arc #13: (6, 7)
		arc #14: (28, 27)
		arc #15: (7, 8)
		arc #16: (29, 28)
		arc #17: (8, 9)
		arc #18: (30, 29)
		arc #19: (8, 30)
		arc #20: (30, 8)
		arc #21: (9, 10)
		arc #22: (31, 30)
		arc #23: (10, 11)
		arc #24: (32, 31)
		arc #25: (11, 12)
		arc #26: (33, 32)
		arc #27: (12, 13)
		arc #28: (34, 33)
		arc #29: (13, 14)
		arc #30: (35, 34)
		arc #31: (13, 35)
		arc #32: (35, 13)
		arc #33: (14, 15)
		arc #34: (36, 35)
		arc #35: (15, 16)
		arc #36: (37, 36)
		arc #37: (16, 17)
		arc #38: (38, 37)
		arc #39: (17, 18)
		arc #40: (39, 38)
		arc #41: (18, 19)
		arc #42: (40, 39)
		arc #43: (19, 20)
		arc #44: (41, 40)
		arc #45: (20, 21)
		arc #46: (42, 41)
		arc #47: (43, 42)
		arc #48: (21, 43)
		arc #49: (43, 21)

	reverse arcs: 
		arc #1: (0, 22)
		arc #2: (22, 0)
		arc #19: (8, 30)
		arc #20: (30, 8)
		arc #31: (13, 35)
		arc #32: (35, 13)
		arc #48: (21, 43)
		arc #49: (43, 21)


incompatible points...
	(0, 1, 24, (1, 2))	(24, 23, 0, (23, 22))	(2, 7, 30, (7, 8))	(30, 25, 2, (25, 24))	(8, 12, 35, (12, 13))	(35, 31, 8, (31, 30))	(13, 20, 43, (20, 21))	(43, 36, 13, (36, 35))

number of routes = 13
vertices of routes...
	route #0: 0     1     2     3     4     5     6     7     8     9    10    11    12    13    14    15    16    17    18    19    20    21    43    42    41    40    39    38    37    36    35    34    33    32    31    30    29    28    27    26    25    24    23    22     0
	route #1: 43    42    41    40    39    38    37    36    35    34    33    32    31    30    29    28    27    26    25    24    23    22     0     1     2     3     4     5     6     7     8     9    10    11    12    13    14    15    16    17    18    19    20    21    43
	route #2: 13    14    15    16    17    18    19    20    21
	route #3: 35    34    33    32    31    30    29    28    27    26    25    24    23    22
	route #4: 0     1     2     3     4     5     6     7     8     9    10    11    12    13
	route #5: 43    42    41    40    39    38    37    36    35
	route #6: 8     9    10    11    12    13    14    15    16    17    18    19    20    21
	route #7: 30    29    28    27    26    25    24    23    22
	route #8: 0     1     2     3     4     5     6     7     8
	route #9: 43    42    41    40    39    38    37    36    35    34    33    32    31    30
	route #10: 35    34    33    32    31    30    29    28    27    26    25    24    23    22     0     1     2     3     4     5     6     7     8     9    10    11    12    13    35
	route #11: 35    34    33    32    31    30
	route #12: 30    29    28    27    26    25    24    23    22     0     1     2     3     4     5     6     7     8    30
arcs of routes...
	route #0: 0     3     5     7     9    11    13    15    17    21    23    25    27    29    33    35    37    39    41    43    45    48    47    46    44    42    40    38    36    34    30    28    26    24    22    18    16    14    12    10     8     6     4     2
	route #1: 47    46    44    42    40    38    36    34    30    28    26    24    22    18    16    14    12    10     8     6     4     2     0     3     5     7     9    11    13    15    17    21    23    25    27    29    33    35    37    39    41    43    45    48
	route #2: 29    33    35    37    39    41    43    45
	route #3: 30    28    26    24    22    18    16    14    12    10     8     6     4
	route #4: 0     3     5     7     9    11    13    15    17    21    23    25    27
	route #5: 47    46    44    42    40    38    36    34
	route #6: 17    21    23    25    27    29    33    35    37    39    41    43    45
	route #7: 18    16    14    12    10     8     6     4
	route #8: 0     3     5     7     9    11    13    15
	route #9: 47    46    44    42    40    38    36    34    30    28    26    24    22
	route #10: 30    28    26    24    22    18    16    14    12    10     8     6     4     2     0     3     5     7     9    11    13    15    17    21    23    25    27    31
	route #11: 30    28    26    24    22
	route #12: 18    16    14    12    10     8     6     4     2     0     3     5     7     9    11    13    15    19

incompatible routes...
	(0, 1)    	(0, 2)    	(0, 3)    	(0, 5)    	(0, 6)    	(0, 7)    	(0, 9)    	(0, 10)    	(0, 11)    	(0, 12)    	(1, 0)    	(1, 2)    	(1, 3)    	(1, 4)    	(1, 6)    	(1, 7)    	(1, 8)    	(1, 10)    	(1, 11)    	(1, 12)    	(2, 0)    	(2, 2)    	(2, 3)    	(2, 4)    	(2, 6)    	(2, 7)    	(2, 8)    	(2, 10)    	(2, 11)    	(2, 12)    	(3, 1)    	(3, 2)    	(3, 3)    	(3, 5)    	(3, 6)    	(3, 7)    	(3, 9)    	(3, 10)    	(3, 11)    	(3, 12)    	(4, 0)    	(4, 1)    	(4, 4)    	(4, 5)    	(4, 6)    	(4, 7)    	(4, 8)    	(4, 9)    	(4, 12)    	(5, 0)    	(5, 1)    	(5, 4)    	(5, 5)    	(5, 6)    	(5, 7)    	(5, 8)    	(5, 9)    	(5, 12)    	(6, 0)    	(6, 2)    	(6, 3)    	(6, 4)    	(6, 6)    	(6, 7)    	(6, 8)    	(6, 10)    	(6, 11)    	(6, 12)    	(7, 1)    	(7, 2)    	(7, 3)    	(7, 5)    	(7, 6)    	(7, 7)    	(7, 9)    	(7, 10)    	(7, 11)    	(7, 12)    	(8, 0)    	(8, 1)    	(8, 2)    	(8, 3)    	(8, 4)    	(8, 5)    	(8, 8)    	(8, 9)    	(8, 10)    	(8, 11)    	(9, 0)    	(9, 1)    	(9, 2)    	(9, 3)    	(9, 4)    	(9, 5)    	(9, 8)    	(9, 9)    	(9, 10)    	(9, 11)    	(10, 0)    	(10, 1)    	(10, 4)    	(10, 5)    	(10, 6)    	(10, 7)    	(10, 8)    	(10, 9)    	(10, 12)    	(11, 0)    	(11, 1)    	(11, 2)    	(11, 3)    	(11, 4)    	(11, 5)    	(11, 8)    	(11, 9)    	(11, 10)    	(11, 11)    	(12, 0)    	(12, 1)    	(12, 2)    	(12, 3)    	(12, 4)    	(12, 5)    	(12, 8)    	(12, 9)    	(12, 10)    	(12, 11)

vertices that can be adjacent in consecutive trips...
	(0, 0)    	(8, 8)    	(8, 30)    	(13, 13)    	(13, 35)    	(21, 43)    	(22, 0)    	(30, 8)    	(30, 30)    	(35, 13)    	(35, 35)    	(43, 43)
non cyclical routes: 
       2       3       4       5       6       7       8       9      11

routes of trip...
	routes that train #0 can complete at trip #0: 1       5       9
	routes that train #0 can complete at trip #1: 0       1       2       3       4       5       6       7       8       9      10      11      12

	routes that train #1 can complete at trip #0: 1       5       9
	routes that train #1 can complete at trip #1: 0       1       2       3       4       5       6       7       8       9      10      11      12

	routes that train #2 can complete at trip #0: 1       5       9
	routes that train #2 can complete at trip #1: 0       1       2       3       4       5       6       7       8       9      10      11      12

	routes that train #3 can complete at trip #0: 1       5       9
	routes that train #3 can complete at trip #1: 0       1       2       3       4       5       6       7       8       9      10      11      12

	routes that train #4 can complete at trip #0: 1       5       9
	routes that train #4 can complete at trip #1: 0       1       2       3       4       5       6       7       8       9      10      11      12

 cost...
	arc #0 [0][1]: 211
	arc #1 [0][22]: 0
	arc #2 [22][0]: 0
	arc #3 [1][2]: 199
	arc #4 [23][22]: 211
	arc #5 [2][3]: 220
	arc #6 [24][23]: 199
	arc #7 [3][4]: 190
	arc #8 [25][24]: 220
	arc #9 [4][5]: 190
	arc #10 [26][25]: 190
	arc #11 [5][6]: 185
	arc #12 [27][26]: 190
	arc #13 [6][7]: 200
	arc #14 [28][27]: 185
	arc #15 [7][8]: 199
	arc #16 [29][28]: 200
	arc #17 [8][9]: 218
	arc #18 [30][29]: 199
	arc #19 [8][30]: 0
	arc #20 [30][8]: 0
	arc #21 [9][10]: 218
	arc #22 [31][30]: 218
	arc #23 [10][11]: 207
	arc #24 [32][31]: 218
	arc #25 [11][12]: 195
	arc #26 [33][32]: 207
	arc #27 [12][13]: 199
	arc #28 [34][33]: 195
	arc #29 [13][14]: 216
	arc #30 [35][34]: 199
	arc #31 [13][35]: 0
	arc #32 [35][13]: 0
	arc #33 [14][15]: 193
	arc #34 [36][35]: 216
	arc #35 [15][16]: 218
	arc #36 [37][36]: 193
	arc #37 [16][17]: 185
	arc #38 [38][37]: 218
	arc #39 [17][18]: 209
	arc #40 [39][38]: 185
	arc #41 [18][19]: 208
	arc #42 [40][39]: 209
	arc #43 [19][20]: 182
	arc #44 [41][40]: 208
	arc #45 [20][21]: 211
	arc #46 [42][41]: 182
	arc #47 [43][42]: 211
	arc #48 [21][43]: 0
	arc #49 [43][21]: 0

cost with minimum service...
	arc #0 [0][1]: 306
	arc #1 [0][22]: 0
	arc #2 [22][0]: 0
	arc #3 [1][2]: 294
	arc #4 [23][22]: 414
	arc #5 [2][3]: 315
	arc #6 [24][23]: 294
	arc #7 [3][4]: 285
	arc #8 [25][24]: 315
	arc #9 [4][5]: 285
	arc #10 [26][25]: 285
	arc #11 [5][6]: 280
	arc #12 [27][26]: 285
	arc #13 [6][7]: 295
	arc #14 [28][27]: 280
	arc #15 [7][8]: 402
	arc #16 [29][28]: 295
	arc #17 [8][9]: 313
	arc #18 [30][29]: 294
	arc #19 [8][30]: 0
	arc #20 [30][8]: 0
	arc #21 [9][10]: 313
	arc #22 [31][30]: 421
	arc #23 [10][11]: 302
	arc #24 [32][31]: 313
	arc #25 [11][12]: 290
	arc #26 [33][32]: 302
	arc #27 [12][13]: 402
	arc #28 [34][33]: 290
	arc #29 [13][14]: 311
	arc #30 [35][34]: 294
	arc #31 [13][35]: 0
	arc #32 [35][13]: 0
	arc #33 [14][15]: 288
	arc #34 [36][35]: 419
	arc #35 [15][16]: 313
	arc #36 [37][36]: 288
	arc #37 [16][17]: 280
	arc #38 [38][37]: 313
	arc #39 [17][18]: 304
	arc #40 [39][38]: 280
	arc #41 [18][19]: 303
	arc #42 [40][39]: 304
	arc #43 [19][20]: 277
	arc #44 [41][40]: 303
	arc #45 [20][21]: 414
	arc #46 [42][41]: 277
	arc #47 [43][42]: 306
	arc #48 [21][43]: 0
	arc #49 [43][21]: 0

cost with maximum service...
	arc #0 [0][1]: 668
	arc #1 [0][22]: 457
	arc #2 [22][0]: 457
	arc #3 [1][2]: 656
	arc #4 [23][22]: 668
	arc #5 [2][3]: 677
	arc #6 [24][23]: 656
	arc #7 [3][4]: 647
	arc #8 [25][24]: 677
	arc #9 [4][5]: 647
	arc #10 [26][25]: 647
	arc #11 [5][6]: 642
	arc #12 [27][26]: 647
	arc #13 [6][7]: 657
	arc #14 [28][27]: 642
	arc #15 [7][8]: 656
	arc #16 [29][28]: 657
	arc #17 [8][9]: 675
	arc #18 [30][29]: 656
	arc #19 [8][30]: 457
	arc #20 [30][8]: 457
	arc #21 [9][10]: 675
	arc #22 [31][30]: 675
	arc #23 [10][11]: 664
	arc #24 [32][31]: 675
	arc #25 [11][12]: 652
	arc #26 [33][32]: 664
	arc #27 [12][13]: 656
	arc #28 [34][33]: 652
	arc #29 [13][14]: 673
	arc #30 [35][34]: 656
	arc #31 [13][35]: 457
	arc #32 [35][13]: 457
	arc #33 [14][15]: 650
	arc #34 [36][35]: 673
	arc #35 [15][16]: 675
	arc #36 [37][36]: 650
	arc #37 [16][17]: 642
	arc #38 [38][37]: 675
	arc #39 [17][18]: 666
	arc #40 [39][38]: 642
	arc #41 [18][19]: 665
	arc #42 [40][39]: 666
	arc #43 [19][20]: 639
	arc #44 [41][40]: 665
	arc #45 [20][21]: 668
	arc #46 [42][41]: 639
	arc #47 [43][42]: 668
	arc #48 [21][43]: 457
	arc #49 [43][21]: 457

demands...
	demands of vertex 0 at time interval: 3     3
	demands of vertex 1 at time interval: 3     3
	demands of vertex 2 at time interval: 3     3
	demands of vertex 3 at time interval: 3     3
	demands of vertex 4 at time interval: 3     3
	demands of vertex 5 at time interval: 3     3
	demands of vertex 6 at time interval: 3     3
	demands of vertex 7 at time interval: 3     3
	demands of vertex 8 at time interval: 3     3
	demands of vertex 9 at time interval: 3     3
	demands of vertex 10 at time interval: 3     3
	demands of vertex 11 at time interval: 3     3
	demands of vertex 12 at time interval: 3     3
	demands of vertex 13 at time interval: 3     3
	demands of vertex 14 at time interval: 3     3
	demands of vertex 15 at time interval: 3     3
	demands of vertex 16 at time interval: 3     3
	demands of vertex 17 at time interval: 3     3
	demands of vertex 18 at time interval: 3     3
	demands of vertex 19 at time interval: 3     3
	demands of vertex 20 at time interval: 3     3
	demands of vertex 21 at time interval: 0     0
	demands of vertex 22 at time interval: 0     0
	demands of vertex 23 at time interval: 3     3
	demands of vertex 24 at time interval: 3     3
	demands of vertex 25 at time interval: 3     3
	demands of vertex 26 at time interval: 3     3
	demands of vertex 27 at time interval: 3     3
	demands of vertex 28 at time interval: 3     3
	demands of vertex 29 at time interval: 3     3
	demands of vertex 30 at time interval: 3     3
	demands of vertex 31 at time interval: 3     3
	demands of vertex 32 at time interval: 3     3
	demands of vertex 33 at time interval: 3     3
	demands of vertex 34 at time interval: 3     3
	demands of vertex 35 at time interval: 3     3
	demands of vertex 36 at time interval: 3     3
	demands of vertex 37 at time interval: 3     3
	demands of vertex 38 at time interval: 3     3
	demands of vertex 39 at time interval: 3     3
	demands of vertex 40 at time interval: 3     3
	demands of vertex 41 at time interval: 3     3
	demands of vertex 42 at time interval: 3     3
	demands of vertex 43 at time interval: 3     3

maximum time = 30610
alpha = 87

>> Solving...
Version identifier: 20.1.0.0 | 2020-11-10 | 9bedb6d68
CPXPARAM_Threads                                 1
CPXPARAM_TimeLimit                               43200
Tried aggregator 3 times.
MIP Presolve eliminated 114825 rows and 13765 columns.
MIP Presolve modified 91494 coefficients.
Aggregator did 330 substitutions.
Reduced MIP has 371354 rows, 143246 columns, and 901920 nonzeros.
Reduced MIP has 142525 binaries, 0 generals, 0 SOSs, and 0 indicators.
Presolve time = 36.41 sec. (9728.27 ticks)
Probing fixed 5 vars, tightened 153 bounds.
Probing time = 20.76 sec. (1719.72 ticks)
Tried aggregator 1 time.
Detecting symmetries...
Elapsed time for symmetry detection = 47.73 sec. (10005.06 ticks)
Elapsed time for symmetry detection = 94.76 sec. (20009.46 ticks)
Elapsed time for symmetry detection = 141.33 sec. (30013.84 ticks)
Elapsed time for symmetry detection = 189.01 sec. (40014.87 ticks)
Elapsed time for symmetry detection = 237.75 sec. (50020.27 ticks)
Elapsed time for symmetry detection = 259.88 sec. (60025.04 ticks)
Elapsed time for symmetry detection = 285.48 sec. (70029.92 ticks)
Elapsed time for symmetry detection = 333.84 sec. (80035.89 ticks)
Found 4.203220e+102629 symmetric permutations.
MIP Presolve eliminated 152 rows and 132 columns.
MIP Presolve modified 5965 coefficients.
Reduced MIP has 371202 rows, 143114 columns, and 901277 nonzeros.
Reduced MIP has 142393 binaries, 0 generals, 0 SOSs, and 0 indicators.
Presolve time = 362.97 sec. (84652.55 ticks)
Probing fixed 0 vars, tightened 60 bounds.
Probing time = 13.81 sec. (874.35 ticks)
Clique table members: 635723.
MIP emphasis: balance optimality and feasibility.
MIP search method: dynamic search.
Parallel mode: none, using 1 thread.
Root relaxation solution time = 3778.07 sec. (169971.35 ticks)

        Nodes                                         Cuts/
   Node  Left     Objective  IInf  Best Integer    Best Bound    ItCnt     Gap

      0     0        0.0000 55640                      0.0000   104759         
      0     0     3553.2438 62955                  Cuts: 5931   284305         
      0     0     4003.5430 62034                  Cuts: 3126   317613         
      0     0     4209.3696 62037                  Cuts: 2360   355297         
      0     0     4339.4262 60690                  Cuts: 2621   398060         
      0     0     4381.9752 62965                  Cuts: 2072   446615         

Repeating presolve.
Tried aggregator 1 time.
MIP Presolve eliminated 291891 rows and 116769 columns.
MIP Presolve modified 3248 coefficients.
Reduced MIP has 79311 rows, 26345 columns, and 200705 nonzeros.
Reduced MIP has 25624 binaries, 0 generals, 0 SOSs, and 0 indicators.
Presolve time = 3.45 sec. (1469.26 ticks)
Probing fixed 0 vars, tightened 57 bounds.
Probing time = 1.55 sec. (249.48 ticks)
Tried aggregator 1 time.
Detecting symmetries...
MIP Presolve eliminated 32 rows and 32 columns.
MIP Presolve modified 2194 coefficients.
Reduced MIP has 79279 rows, 26313 columns, and 200577 nonzeros.
Reduced MIP has 25592 binaries, 0 generals, 0 SOSs, and 0 indicators.
Presolve time = 2.71 sec. (2854.44 ticks)
Represolve time = 8.89 sec. (4681.29 ticks)
Probing fixed 0 vars, tightened 46 bounds.
Probing time = 2.06 sec. (279.02 ticks)
Clique table members: 127508.
MIP emphasis: balance optimality and feasibility.
MIP search method: dynamic search.
Parallel mode: none, using 1 thread.
Root relaxation solution time = 114.56 sec. (18243.38 ticks)

        Nodes                                         Cuts/
   Node  Left     Objective  IInf  Best Integer    Best Bound    ItCnt     Gap

      0     0     4381.9752 11510                   4381.9752   520892         
      0     0     4414.1008 10996                  Cuts: 1629   525725         
      0     0     4417.0203 11551                  Cuts: 1562   529828         
      0     0     4417.3723 12070                  Cuts: 1370   532429         
      0     0     4428.2620 11433                  Cuts: 1120   540269         
      0     0     4437.6623 11288                  Cuts: 1387   542590         

Repeating presolve.
Tried aggregator 1 time.
MIP Presolve eliminated 27959 rows and 11216 columns.
MIP Presolve modified 2865 coefficients.
Reduced MIP has 51320 rows, 15097 columns, and 133389 nonzeros.
Reduced MIP has 14376 binaries, 0 generals, 0 SOSs, and 0 indicators.
Presolve time = 1.29 sec. (591.60 ticks)
Probing fixed 0 vars, tightened 34 bounds.
Probing time = 1.04 sec. (153.66 ticks)
Tried aggregator 1 time.
Detecting symmetries...
MIP Presolve eliminated 11 rows and 11 columns.
MIP Presolve modified 1830 coefficients.
Reduced MIP has 51309 rows, 15086 columns, and 133345 nonzeros.
Reduced MIP has 14365 binaries, 0 generals, 0 SOSs, and 0 indicators.
Presolve time = 1.42 sec. (1241.70 ticks)
Represolve time = 4.68 sec. (2045.31 ticks)
Probing fixed 0 vars, tightened 28 bounds.
Probing time = 0.91 sec. (126.75 ticks)
Clique table members: 84717.
MIP emphasis: balance optimality and feasibility.
MIP search method: dynamic search.
Parallel mode: none, using 1 thread.
Root relaxation solution time = 28.06 sec. (9983.86 ticks)

        Nodes                                         Cuts/
   Node  Left     Objective  IInf  Best Integer    Best Bound    ItCnt     Gap

      0     0     4437.6623  6564                   4437.6623   587374         
      0     0     4437.6623  6545                   Cuts: 522   587802         
      0     0     4437.6623  6502                   Cuts: 763   588763         
      0     0     4437.6623  6470                   Cuts: 488   589750         
      0     0     4437.6623  6546                   Cuts: 296   590100         
      0     0     4437.6623  6543                    Cuts: 82   590243         
      0     2     4437.6623  6494                   4446.3847   590243         
Elapsed time = 14262.23 sec. (1938716.25 ticks, tree = 0.01 MB, solutions = 0)
      1     3    13144.0000  7335                   4496.8128   597404         
      2     4     8321.5837  6579                   8419.4643   612146         
      3     5    11540.8736  5448                   9187.2559   617864         
      4     6    14256.7419  4236                   9187.2559   623762         
      5     7    26288.0000  4441                   9187.2559   639016         
      6     6    infeasible                         9187.2559   643422         
      7     7    26288.0000  4410                   9187.2559   653286         
      8     8    26288.0000  3467                   9187.2559   655463         
      9     9    26288.0000  3163                   9187.2559   658481         
     20    18    26288.0000  3005                   9187.2559   659907         
Elapsed time = 14325.59 sec. (1970107.77 ticks, tree = 0.72 MB, solutions = 0)
     21    19    26288.0000  3037                   9187.2559   666364         
     22    20    26288.0000  2462                   9187.2559   671504         
     23    21    26288.0000  1023                   9187.2559   677885         
     27    21    13144.0000  6312                  13144.0000   690049         
     28    22    26288.0000  6024                  13144.0000   702965         
     29    23    13144.0000  6320                  13144.0000   719385         
     30    24    26288.0000  5578                  13144.0000   730402         
     31    25    26288.0000  3754                  13144.0000   741676         
     33    27    26288.0000  1816                  13144.0000   747729         
     35    29    26288.0000  1476                  13144.0000   755352         
Elapsed time = 14384.85 sec. (1995235.25 ticks, tree = 0.85 MB, solutions = 0)
     50    42    26288.0000  1331                  13144.0000   757176         
     60    46    26288.0000  1250                  13144.0000   761036         
     70    52    26288.0000   886                  13144.0000   764191         
     85    61    21878.0000  5178                  13144.0000   776867         
     87    63    21878.0000  5246                  13144.0000   781514         
     90    66    21878.0000  5191                  13144.0000   792698         
     92    66    29444.0000  4334                  13144.0000   799694         
     97    65    13144.0000  5941                  13144.0000   818107         
     98    66    13638.4489  5669                  13144.0000   825562         
    101    67    26288.0000  4641                  13144.0000   839063         
Elapsed time = 14442.48 sec. (2017467.93 ticks, tree = 1.43 MB, solutions = 0)
    105    71    26288.0000  5332                  13144.0000   842545         
    109    75    26288.0000  5168                  13144.0000   846844         
    111    77    26288.0000  4521                  13144.0000   853469         
    113    79    26288.0000  4623                  13144.0000   861947         
    115    81    26288.0000  5206                  13144.0000   868089         
    117    83    26288.0000  4790                  13144.0000   872229         
    119    83    infeasible                        13144.0000   879076         
    121    83    13144.0000  5393                  13144.0000   896463         
    122    84    19818.0000  5494                  13144.0000   902563         
    123    85    13144.0000  5414                  13144.0000   906381         
Elapsed time = 14485.50 sec. (2033674.76 ticks, tree = 1.65 MB, solutions = 0)
    125    87    15617.5821  4348                  13144.0000   911726         
    129    91    26288.0000  1897                  13144.0000   919109         
    140    98    26288.0000  1661                  13144.0000   923103         
    160   112    26288.0000  1625                  13144.0000   925280         
    194   144    26586.0000  1153                  13144.0000   929414         
    199   145    26288.0000  4221                  13144.0000   938653         
    202   146    26288.0000  4015                  13144.0000   941074         
    213   153    13144.0000  7180                  13144.0000   955052         
    214   154    13144.0000  6773                  13144.0000   962376         
    215   155    26288.0000  5707                  13144.0000   972710         
Elapsed time = 14529.98 sec. (2051334.84 ticks, tree = 2.70 MB, solutions = 0)
    216   156    26288.0000  5023                  13144.0000   979744         
    221   161    26288.0000  3089                  13144.0000   987042         
    231   169    26288.0000  3137                  13144.0000   992037         
    243   173    13144.0000  5682                  13144.0000  1000793         
    244   174    26379.0000  2164                  13144.0000  1004525         
    245   175    26379.0000  2779                  13144.0000  1006086         
    246   176    29444.0000  1541                  13144.0000  1007265         
    247   177    29444.0000  1539                  13144.0000  1007267         
    298   224    13144.0000  4412                  13144.0000  1011041         
    311   237    26667.0000  2400                  13144.0000  1018174         
Elapsed time = 14566.25 sec. (2072575.49 ticks, tree = 4.11 MB, solutions = 0)
    340   260    28450.0000  1510                  13144.0000  1020121         
    378   289    28653.0000   262                  13144.0000  1022010         
    404   300    13144.0000  4011                  13144.0000  1023014         
    422   316    30341.0000   516                  13144.0000  1027938         
    438   326    28545.0000  1136                  13144.0000  1031878         
    460   338    13144.2701  1818                  13144.0000  1034390         
    494   352    26288.2466  2408                  13144.0000  1039831         
    527   376    28545.0000   487                  13144.0000  1042650         
    537   382    14818.0000  1234                  13144.0000  1045962         
    561   388    29444.0000  1150                  13144.0000  1049587         
Elapsed time = 14587.60 sec. (2083351.86 ticks, tree = 7.02 MB, solutions = 0)
    605   418    29444.0000   772                  13144.0000  1050679         
    630   427    13173.0626  3965                  13144.0000  1052873         
    640   437    14131.0000  1100                  13144.0000  1057413         
    672   464    14429.0000   836                  13144.0000  1059963         
    708   491    14511.0000   664                  13144.0000  1061357         
    737   506    29444.0000  1407                  13144.0000  1065049         
    776   537    29444.0000   372                  13144.0000  1066026         
    786   541    13725.2700  1468                  13144.0000  1069775         
    809   562    13928.0000  1072                  13144.0000  1072405         
    839   590    14023.0000   614                  13144.0000  1074291         
Elapsed time = 14606.27 sec. (2093218.98 ticks, tree = 10.62 MB, solutions = 0)
    872   617    14537.0000   584                  13144.0000  1076218         
    924   633    14740.0000   346                  13144.0000  1077009         
    933   636    28450.0000   717                  13144.0000  1082167         
    953   656    28864.0000   628                  13144.0000  1085508         
    981   678    26288.2466  1269                  13144.0000  1090095         
   1012   703    30341.0000   242                  13144.0000  1092712         
   1040   713    26375.0000  1194                  13144.0000  1096682         
   1072   737    28545.0000   336                  13144.0000  1098411         
   1102   758    28951.0000   218                  13144.0000  1099744         
   1117   763    26288.0000  6242                  13144.0000  1114384         
Elapsed time = 14634.53 sec. (2106156.79 ticks, tree = 13.85 MB, solutions = 0)
   1118   764    26288.0000  4352                  13144.0000  1129841         
   1120   766    26288.0000  4561                  13144.0000  1138875         
   1121   767    26288.0000  4721                  13144.0000  1148151         
   1123   769    26288.0000  4823                  13144.0000  1162184         
   1124   770    26288.0000  4887                  13144.0000  1164537         
   1140   786    29444.0000   625                  13144.0000  1169166         
   1162   799    26288.0000  6049                  13144.2701  1183502         
   1163   800    26288.0000  5817                  13144.2701  1195759         
   1164   801    26288.0000  5981                  13144.2701  1206729         
   1169   806    26288.0000  4467                  13144.2701  1227671         
Elapsed time = 14728.91 sec. (2146882.60 ticks, tree = 14.48 MB, solutions = 0)
   1178   813    26288.0000  3925                  13144.2701  1243461         
   1220   841    13550.0000   886                  13187.5000  1258180         
   1332   912    15116.0000   827                  13187.5000  1267186         
   1431   993    13854.0000  1114                  13347.0000  1275894         
   1551  1068    14159.0000   532                  13347.0000  1282854         
   1666  1149    14051.0000   450                  13347.0000  1291005         
   1796  1226    14051.0000   706                  13347.0000  1298637         
   1933  1322    13720.0000   834                  13347.0000  1305923         
   2056  1414    14134.0000   856                  13347.0000  1313321         
   2175  1487    13848.0000   767                  13347.0000  1320929         
Elapsed time = 14799.21 sec. (2185315.78 ticks, tree = 25.03 MB, solutions = 0)
   2317  1571    14254.0000   721                  13347.0000  1327347         
   2414  1630    infeasible                        13347.0000  1334878         
   2511  1709    13857.0000   616                  13347.0000  1345491         
   2630  1786    14263.0000   646                  13347.0000  1352923         

Performing restart 1

Repeating presolve.
Tried aggregator 1 time.
MIP Presolve eliminated 18975 rows and 7590 columns.
MIP Presolve modified 1896 coefficients.
Reduced MIP has 32334 rows, 7496 columns, and 87783 nonzeros.
Reduced MIP has 6775 binaries, 0 generals, 0 SOSs, and 0 indicators.
Presolve time = 0.29 sec. (234.84 ticks)
Tried aggregator 1 time.
MIP Presolve modified 1652 coefficients.
Reduced MIP has 32334 rows, 7496 columns, and 87783 nonzeros.
Reduced MIP has 6775 binaries, 0 generals, 0 SOSs, and 0 indicators.
Presolve time = 0.34 sec. (270.21 ticks)
Represolve time = 1.45 sec. (969.86 ticks)
   2730     0     4437.9085  3542                   Cuts: 998  1376896         
   2730     0     4437.9085  3555                   Cuts: 914  1377385         
   2730     0     4437.9085  3574                   Cuts: 200  1377662         
   2730     0     4437.9085  3556                   Cuts: 451  1378054         
   2730     0     4437.9085  3589                   Cuts: 904  1378547         
   2730     0     4437.9085  3492                   Cuts: 292  1378902         
   2730     0     4437.9085  3597                   Cuts: 726  1379552         
   2730     2     4437.9085  3451                  13347.0000  1379552         
   2733     5    26288.0000  3333                  13347.0000  1414568         
   2736     8    13144.0000  2752                  13347.0000  1428000         
   2741    13    26288.0000  2239                  13347.0000  1447878         
   2752    20    26288.0000   661                  13347.0000  1469492         
   2770    32    15034.2679  2694                  13347.0000  1490501         
Elapsed time = 14967.31 sec. (2289839.02 ticks, tree = 0.23 MB, solutions = 0)
   2802    51    21278.0000  2588                  13347.0000  1526325         
   2804    51    21278.0000  2588                  13347.0000  1536449         
   2807    50    infeasible                        13347.0000  1546135         
   2809    50    13144.0000  3431                  13347.0000  1557517         
   2812    53    28545.0000  1122                  13347.0000  1568424         
   2814    55    28653.0000   888                  13347.0000  1569016         
   2816    55    infeasible                        13347.0000  1570471         
   2819    58    28653.0000   482                  13347.0000  1571192         
   2823    60    infeasible                        13347.0000  1571774         
   2830    63    13144.0000  3275                  13347.0000  1580660         
Elapsed time = 15140.26 sec. (2345909.64 ticks, tree = 0.52 MB, solutions = 0)
   2831    64    13144.0000  3202                  13347.0000  1585258         
   2832    65    26288.0000  2656                  13347.0000  1593461         
   2833    66    13144.2692  2957                  13347.0000  1596498         
   2834    67    26288.0000  2339                  13347.0000  1599876         
   2873   101    26288.0000  2847                  13347.0000  1626091         
   2885   111    infeasible                        13347.0000  1641153         
   2940   149    26288.0000  2170                  13347.0000  1661205         
   2941   150    26288.0000  1952                  13347.0000  1663668         
   2977   179    26443.5456  1096                  13347.0000  1678168         
   3034   220    13347.0000  1484                  13347.0000  1686623         
Elapsed time = 15298.64 sec. (2403175.66 ticks, tree = 2.18 MB, solutions = 0)
   3142   304    14715.0000  1314                  13347.0000  1697266         
   3171   325    28144.0000  1358                  13347.0000  1707022         
   3233   372    infeasible                        13347.0000  1718282         
   3235   374    13347.0000  1440                  13347.0000  1723177         
   3291   403    13550.0000  1433                  13347.0000  1736697         
   3366   455    13550.0000  1519                  13347.0000  1747779         
   3461   532    13334.0000  2155                  13347.0000  1756148         
   3496   564    infeasible                        13347.0000  1763100         
   3577   618    13347.0000  1477                  13347.0000  1769345         
   3634   655    13347.0000  1356                  13347.0000  1780205         
Elapsed time = 15432.18 sec. (2447268.08 ticks, tree = 6.87 MB, solutions = 0)

Performing restart 2

Repeating presolve.
Tried aggregator 1 time.
MIP Presolve modified 1069 coefficients.
Reduced MIP has 32334 rows, 7496 columns, and 87850 nonzeros.
Reduced MIP has 6775 binaries, 0 generals, 0 SOSs, and 0 indicators.
Presolve time = 0.38 sec. (224.65 ticks)
Tried aggregator 1 time.
MIP Presolve modified 345 coefficients.
Reduced MIP has 32334 rows, 7496 columns, and 87850 nonzeros.
Reduced MIP has 6775 binaries, 0 generals, 0 SOSs, and 0 indicators.
Presolve time = 0.58 sec. (265.80 ticks)
Represolve time = 2.41 sec. (789.63 ticks)
   3640     0     4437.9164  3535                  Cuts: 1004  1800758         
   3640     0     4437.9167  3571                   Cuts: 828  1801366         
   3640     0     4437.9167  3464                   Cuts: 132  1801708         
   3640     0     4437.9167  3577                  Cuts: 1113  1802466         
   3640     0     4437.9167  3484                   Cuts: 258  1802798         
   3640     0     4437.9167  3569                   Cuts: 953  1803935         
   3640     0     4437.9167  3470                   Cuts: 436  1804360         
   3640     0     4437.9167  3530                   Cuts: 974  1805921         
   3640     0     4437.9167  3434                   Cuts: 301  1806313         
   3640     0     4437.9167  3530                   Cuts: 863  1806973         
   3640     0     4438.2837  3390                   Cuts: 301  1807562         
   3640     0     4438.2837  3476                  Cuts: 1028  1808207         
   3640     2     4438.2837  3295                  13347.0000  1808207         
   3642     4    13144.0000  3564                  13347.0000  1823863         
   3644     6    26288.0000  3290                  13347.0000  1835988         
   3646     8    26288.0000  2602                  13347.0000  1855081         
   3648     8    26288.0000  2824                  13347.0000  1871776         
   3650    10    26288.0000   992                  13347.0000  1885243         
   3653    13    26288.0000   680                  13347.0000  1894750         
   3656    12    27260.0000   639                  13347.0000  1899715         
   3664    16    28653.0000   151                  13347.0000  1901746         
   3672    23    28653.0000    94                  13347.0000  1901940         
Elapsed time = 15898.14 sec. (2632139.41 ticks, tree = 0.71 MB, solutions = 0)
*  3680+   25                        29059.0000    13347.0000            54.07%
   3683    26    13144.2699  3344    29059.0000    13347.0000  1908091   54.07%
   3684    27    13239.0000  3264    29059.0000    13347.0000  1913222   54.07%
   3686    29    26383.0000  2261    29059.0000    13347.0000  1926762   54.07%
   3688    31    26383.0000  1662    29059.0000    13347.0000  1936810   54.07%
   3689    32    13239.0000  2468    29059.0000    13347.0000  1941151   54.07%
   3692    35    13239.0000  1752    29059.0000    13347.0000  1943580   54.07%
   3695    38    13550.0000  1458    29059.0000    13347.0000  1944733   54.07%
   3700    39    14538.0000  1048    29059.0000    13347.0000  1945249   54.07%
   3706    45    14741.0000   666    29059.0000    13347.0000  1946374   54.07%
   3710    45    26288.0000  3295    29059.0000    13347.0000  1957202   54.07%
Elapsed time = 16007.61 sec. (2682493.33 ticks, tree = 0.94 MB, solutions = 1)
   3711    46    26288.0000  2999    29059.0000    13347.0000  1977593   54.07%
   3713    48    26379.0000  1975    29059.0000    13347.0000  1994112   54.07%
   3720    48    13239.0000  1698    29059.0000    13347.0000  2004074   54.07%
   3726    54    15021.0000   902    29059.0000    13347.0000  2005158   54.07%
   3731    55    14710.0000  1046    29059.0000    13347.0000  2006861   54.07%
   3738    62    15021.0000   380    29059.0000    13347.0000  2007988   54.07%
   3743    63    13239.0000  2382    29059.0000    13347.0000  2010548   54.07%
   3747    67    28450.0000  1267    29059.0000    13347.0000  2015506   54.07%
   3755    73    28653.0000   500    29059.0000    13347.0000  2017414   54.07%
   3763    74    13239.0000  2292    29059.0000    13347.0000  2023188   54.07%
Elapsed time = 16117.85 sec. (2727396.94 ticks, tree = 1.24 MB, solutions = 1)
   3765    76    14615.0000   919    29059.0000    13347.0000  2031108   54.07%
   3772    79    13239.0000  2381    29059.0000    13347.0000  2039514   54.07%
   3773    80    13347.0000  2136    29059.0000    13347.0000  2043312   54.07%
   3774    81    13347.0000  1789    29059.0000    13347.0000  2045139   54.07%
   3776    83    13550.0000  1774    29059.0000    13347.0000  2047075   54.07%
   3778    85    13550.0000  1220    29059.0000    13347.0000  2048368   54.07%
   3787    90    28653.0000   877    29059.0000    13347.0000  2052508   54.07%
   3801   100    26383.0000  1636    29059.0000    13347.0000  2058243   54.07%
   3811   108    28450.0000   782    29059.0000    13347.0000  2062168   54.07%
   3826   120    28653.0000   316    29059.0000    13347.0000  2067528   54.07%
Elapsed time = 16230.34 sec. (2774782.37 ticks, tree = 1.71 MB, solutions = 1)
   3829   119    13239.0000  2853    29059.0000    13347.0000  2073478   54.07%
   3830   120    13239.0000  2393    29059.0000    13347.0000  2077887   54.07%
   3833   123    13442.0000  1880    29059.0000    13347.0000  2083529   54.07%
   3837   123    infeasible          29059.0000    13347.0000  2085807   54.07%
   3840   124    13442.0000  2185    29059.0000    13347.0000  2090113   54.07%
   3842   124    infeasible          29059.0000    13347.0000  2093715   54.07%
   3844   124    13239.0000  2872    29059.0000    13347.0000  2097441   54.07%
   3850   130    26667.0000  1676    29059.0000    13347.0000  2104740   54.07%
   3858   138    28653.0000   160    29059.0000    13347.0000  2107530   54.07%
   3861   137    13239.0000  2441    29059.0000    13347.0000  2113073   54.07%
Elapsed time = 16348.39 sec. (2821740.31 ticks, tree = 1.88 MB, solutions = 1)
   3863   139    13347.0000  2165    29059.0000    13347.0000  2117689   54.07%
   3864   140    13347.0000  1773    29059.0000    13347.0000  2121508   54.07%
   3866   142    14131.0000  1533    29059.0000    13347.0000  2123658   54.07%
   3868   143    14131.0000  1123    29059.0000    13347.0000  2124702   54.07%
   3879   151    13347.0000  2107    29059.0000    13347.0000  2129956   54.07%
   3881   153    13347.0000  1974    29059.0000    13347.0000  2134555   54.07%
   3883   155    13550.0000  1675    29059.0000    13347.0000  2138180   54.07%
   3886   158    14131.0000  1069    29059.0000    13347.0000  2140588   54.07%
   3892   162    14640.0000   602    29059.0000    13347.0000  2142612   54.07%
   3898   164    26383.0000  2229    29059.0000    13347.0000  2156829   54.07%
Elapsed time = 16473.61 sec. (2871527.53 ticks, tree = 2.15 MB, solutions = 1)
   3903   169    28450.0000  1035    29059.0000    13347.0000  2161938   54.07%
   3909   175    28653.0000   276    29059.0000    13347.0000  2163827   54.07%
   3922   182    13442.0000  2135    29059.0000    13347.0000  2168001   54.07%
   3924   184    13550.0000  1649    29059.0000    13347.0000  2172166   54.07%
   3926   186    13654.0000  1536    29059.0000    13347.0000  2177523   54.07%
   3928   188    13654.0000  1228    29059.0000    13347.0000  2178821   54.07%
   3930   190    13753.0000   916    29059.0000    13347.0000  2179595   54.07%
   3936   194    infeasible          29059.0000    13347.0000  2183058   54.07%
   3945   200    13956.0000   782    29059.0000    13347.0000  2185811   54.07%
   3956   207    13347.1235   942    29059.0000    13347.0000  2187609   54.07%
Elapsed time = 16596.57 sec. (2920021.78 ticks, tree = 2.59 MB, solutions = 1)
   3964   209    13550.0000   854    29059.0000    13347.0000  2189292   54.07%
   3979   219    infeasible          29059.0000    13347.0000  2191484   54.07%
   3986   224    14538.0000   780    29059.0000    13347.0000  2193292   54.07%
   3995   227    13347.0000  1401    29059.0000    13347.0000  2196006   54.07%
   4001   233    14836.0000   912    29059.0000    13347.0000  2199635   54.07%
   4011   235    infeasible          29059.0000    13347.0000  2201813   54.07%
   4015   236    13347.0000  1376    29059.0000    13347.0000  2202862   54.07%
   4018   237    13347.2700  1147    29059.0000    13347.0000  2205486   54.07%
   4020   239    13593.5000  1096    29059.0000    13347.0000  2206134   54.07%
   4022   241    13753.0000  1684    29059.0000    13347.0000  2206970   54.07%
Elapsed time = 16688.81 sec. (2966301.26 ticks, tree = 2.94 MB, solutions = 1)
   4030   245    13347.0000  1169    29059.0000    13347.0000  2212543   54.07%
   4034   249    14741.0000  1075    29059.0000    13347.0000  2217152   54.07%
   4036   251    14741.0000  1761    29059.0000    13347.0000  2218630   54.07%
   4039   250    13550.0000  1906    29059.0000    13347.0000  2221679   54.07%
   4046   255    14836.0000   483    29059.0000    13347.0000  2225550   54.07%
   4049   254    13550.0000  1972    29059.0000    13347.0000  2227340   54.07%
   4052   257    14437.0000  1792    29059.0000    13347.0000  2231386   54.07%
   4054   259    14437.0000  1761    29059.0000    13347.0000  2233241   54.07%
   4056   261    14735.0000   873    29059.0000    13347.0000  2233997   54.07%
   4062   262    14735.0000   781    29059.0000    13347.0000  2238941   54.07%
Elapsed time = 16814.50 sec. (3015320.67 ticks, tree = 3.17 MB, solutions = 1)
   4067   264    28856.0000   319    29059.0000    13347.0000  2241361   54.07%
   4069   264    13347.0000  1674    29059.0000    13347.0000  2242127   54.07%
   4071   266    13931.0000  1720    29059.0000    13347.0000  2243542   54.07%
   4073   268    13931.0000  1513    29059.0000    13347.0000  2244641   54.07%
   4076   271    14026.0000  1712    29059.0000    13347.0000  2245861   54.07%
   4078   273    14026.0000  1494    29059.0000    13347.0000  2245927   54.07%
   4080   275    14026.0000   536    29059.0000    13347.0000  2246878   54.07%
   4090   285    14540.0000   350    29059.0000    13347.0000  2247480   54.07%
   4097   286    13347.0000  1674    29059.0000    13347.0000  2250032   54.07%
   4099   288    13654.0000  1941    29059.0000    13347.0000  2252408   54.07%
Elapsed time = 16944.28 sec. (3063708.12 ticks, tree = 3.43 MB, solutions = 1)
   4101   290    13654.0000  1633    29059.0000    13347.0000  2253787   54.07%
   4103   292    13654.0000  1582    29059.0000    13347.0000  2254342   54.07%
   4109   298    13857.0000   445    29059.0000    13347.0000  2255883   54.07%
   4120   309    14863.0000   276    29059.0000    13347.0000  2257099   54.07%
   4127   312    13442.0000   931    29059.0000    13347.0000  2258599   54.07%
   4132   317    13645.0000   738    29059.0000    13347.0000  2259047   54.07%
   4145   330    14437.0000   310    29059.0000    13347.0000  2260104   54.07%
   4152   333    13848.0000   920    29059.0000    13347.0000  2261616   54.07%
   4159   334    14234.0000   867    29059.0000    13347.0000  2263444   54.07%
   4161   335    14234.0000   830    29059.0000    13347.0000  2263626   54.07%
Elapsed time = 17033.11 sec. (3112267.72 ticks, tree = 3.92 MB, solutions = 1)
   4165   335    13347.0000  1671    29059.0000    13347.0000  2263928   54.07%
   4167   337    13550.0000  1983    29059.0000    13347.0000  2266317   54.07%
   4170   338    infeasible          29059.0000    13347.0000  2267535   54.07%
   4174   338    13442.0000  1628    29059.0000    13347.0000  2270033   54.07%
   4176   340    13442.0000  1550    29059.0000    13347.0000  2271945   54.07%
   4183   345    14131.0000   524    29059.0000    13347.0000  2274068   54.07%
   4190   352    14334.0000   400    29059.0000    13347.0000  2274684   54.07%
   4195   353    13550.0000  1684    29059.0000    13347.0000  2275625   54.07%
   4197   355    13753.0000  1691    29059.0000    13347.0000  2278423   54.07%
   4199   357    13753.0000  1583    29059.0000    13347.0000  2278644   54.07%
Elapsed time = 17178.27 sec. (3169382.24 ticks, tree = 4.14 MB, solutions = 1)
   4208   366    13848.0000   448    29059.0000    13347.0000  2280363   54.07%
   4218   371    13347.0000  1411    29059.0000    13347.0000  2286702   54.07%
   4220   373    13448.5000  1192    29059.0000    13347.0000  2287603   54.07%
   4225   374    14538.0000   952    29059.0000    13347.0000  2288565   54.07%
   4230   374    14538.0000   823    29059.0000    13347.0000  2290250   54.07%
   4234   378    14633.0000  1351    29059.0000    13347.0000  2291562   54.07%
   4241   385    14836.0000   517    29059.0000    13347.0000  2292548   54.07%
   4248   388    13448.5000  1192    29059.0000    13347.0000  2295096   54.07%
   4251   391    14031.2782   820    29059.0000    13347.0000  2297327   54.07%
   4260   400    14843.0000   367    29059.0000    13347.0000  2298597   54.07%
Elapsed time = 17272.36 sec. (3217132.81 ticks, tree = 4.58 MB, solutions = 1)
   4275   407    13347.0000  2106    29059.0000    13347.0000  2301029   54.07%
   4278   410    13347.0000  1384    29059.0000    13347.0000  2304452   54.07%
   4284   415    14633.2700   801    29059.0000    13347.0000  2308342   54.07%
   4290   417    13550.0000  1060    29059.0000    13347.0000  2309970   54.07%
   4300   422    13394.5000  1415    29059.0000    13347.0000  2312397   54.07%
   4308   428    infeasible          29059.0000    13347.0000  2314691   54.07%
   4319   438    14763.0000   174    29059.0000    13347.0000  2316115   54.07%
   4325   440    13347.0000  1642    29059.0000    13347.0000  2322085   54.07%
   4337   446    13347.0000  1504    29059.0000    13347.0000  2326947   54.07%
   4340   445    infeasible          29059.0000    13347.0000  2328887   54.07%
Elapsed time = 17357.57 sec. (3266342.33 ticks, tree = 5.07 MB, solutions = 1)
   4344   449    14335.0000   966    29059.0000    13347.0000  2332458   54.07%
   4348   452    14615.0000   751    29059.0000    13347.0000  2332984   54.07%
   4359   457    13347.0000   876    29059.0000    13347.0000  2336500   54.07%
   4368   462    infeasible          29059.0000    13347.0000  2339134   54.07%
   4375   469    13857.0000   585    29059.0000    13347.0000  2340599   54.07%
   4384   474    13753.0000  1027    29059.0000    13347.0000  2342602   54.07%
   4393   479    13550.0000   697    29059.0000    13347.0000  2343946   54.07%
   4405   485    13347.2784   870    29059.0000    13347.0000  2345765   54.07%
   4417   495    13943.0000   414    29059.0000    13347.0000  2347653   54.07%
   4423   495    13550.0000  1264    29059.0000    13347.0000  2348447   54.07%
Elapsed time = 17418.66 sec. (3307106.65 ticks, tree = 5.59 MB, solutions = 1)
   4428   500    14944.0000   782    29059.0000    13347.0000  2351182   54.07%
   4443   504    13347.0000   924    29059.0000    13347.0000  2354014   54.07%
   4450   508    13347.0000   917    29059.0000    13347.0000  2356531   54.07%
   4460   514    13442.0000   875    29059.0000    13347.0000  2359190   54.07%
   4474   524    infeasible          29059.0000    13347.0000  2362262   54.07%
   4476   526    13347.0000  2129    29059.0000    13347.0000  2364412   54.07%
   4478   528    13486.0000  1194    29059.0000    13347.0000  2369120   54.07%
   4482   531    14818.0000   903    29059.0000    13347.0000  2371668   54.07%
   4491   534    13442.0000  1899    29059.0000    13347.0000  2374868   54.07%
   4494   535    13931.0000  1395    29059.0000    13347.0000  2376173   54.07%
Elapsed time = 17509.56 sec. (3351200.83 ticks, tree = 6.04 MB, solutions = 1)
   4501   539    28653.0000   641    29059.0000    13347.0000  2379996   54.07%
   4515   546    27659.0000  1066    29059.0000    13347.0000  2384206   54.07%
   4522   553    27962.0000   811    29059.0000    13347.0000  2384626   54.07%
   4534   562    28653.0000   188    29059.0000    13347.0000  2387345   54.07%
   4542   566    13347.0000  1919    29059.0000    13347.0000  2390472   54.07%
   4546   570    13448.5000  1094    29059.0000    13347.0000  2394958   54.07%
   4549   573    14335.2700   981    29059.0000    13347.0000  2396728   54.07%
   4557   577    infeasible          29059.0000    13347.0000  2398528   54.07%
   4565   579    13753.0000  1013    29059.0000    13347.0000  2401014   54.07%
   4576   588    14537.0000   537    29059.0000    13347.0000  2402293   54.07%
Elapsed time = 17608.00 sec. (3396235.94 ticks, tree = 6.60 MB, solutions = 1)
   4586   594    28653.0000   543    29059.0000    13347.0000  2405077   54.07%
   4605   603    28653.0000  1039    29059.0000    13347.0000  2409031   54.07%
   4617   609    28653.0000  1006    29059.0000    13347.0000  2414494   54.07%
   4626   612    13347.0000  1935    29059.0000    13347.0000  2417741   54.07%
   4628   614    13347.0000   921    29059.0000    13347.0000  2427611   54.07%
   4637   622    15224.0000   521    29059.0000    13347.0000  2429888   54.07%
   4644   625    15021.0000   795    29059.0000    13347.0000  2434400   54.07%
   4655   630    27260.0000  1081    29059.0000    13347.0000  2440382   54.07%
   4666   640    28856.0000   283    29059.0000    13347.0000  2445367   54.07%
   4671   639    13550.0000  1975    29059.0000    13347.0000  2453977   54.07%
Elapsed time = 17712.76 sec. (3439924.31 ticks, tree = 7.16 MB, solutions = 1)
   4672   640    13550.0000  2010    29059.0000    13347.0000  2454411   54.07%
   4675   641    13550.0000  1204    29059.0000    13347.0000  2456042   54.07%
   4680   646    13956.0000  1021    29059.0000    13347.0000  2457594   54.07%
   4685   651    14159.0000   487    29059.0000    13347.0000  2458210   54.07%
   4696   655    28653.0000  1270    29059.0000    13347.0000  2465321   54.07%
   4706   660    13347.0000  1459    29059.0000    13347.0000  2475270   54.07%
   4708   662    14818.0000  1325    29059.0000    13347.0000  2478381   54.07%
   4712   663    14615.3300   976    29059.0000    13347.0000  2478630   54.07%
   4716   664    14818.0000   833    29059.0000    13347.0000  2479367   54.07%
   4728   668    28653.0000  1079    29059.0000    13347.0000  2485167   54.07%
Elapsed time = 17801.86 sec. (3483804.37 ticks, tree = 7.45 MB, solutions = 1)
   4741   675    13537.0000  1540    29059.0000    13347.1235  2488049   54.07%
   4747   677    14134.0000   685    29059.0000    13347.1235  2489777   54.07%
   4758   684    14134.0000   448    29059.0000    13347.1235  2491435   54.07%
   4769   690    14051.0000   466    29059.0000    13347.1235  2493189   54.07%
   4787   708    14362.0000   251    29059.0000    13347.1235  2494949   54.07%
   4802   717    13956.0000   576    29059.0000    13347.1235  2496016   54.07%
   4811   722    13753.0000   532    29059.0000    13347.2700  2497408   54.07%
   4824   733    14561.0000   134    29059.0000    13347.2700  2498099   54.07%
   4831   736    13347.2784  1923    29059.0000    13347.2784  2498892   54.07%
   4833   738    14234.0000   961    29059.0000    13347.2784  2499899   54.07%
Elapsed time = 17870.89 sec. (3523911.55 ticks, tree = 8.20 MB, solutions = 1)
   4845   750    15236.0000   306    29059.0000    13347.2784  2502516   54.07%
   4855   756    13848.0000   478    29059.0000    13347.2784  2504079   54.07%
   4865   766    13956.0000   340    29059.0000    13347.2784  2505881   54.07%
   4876   773    14234.0000  1515    29059.0000    13347.2784  2509684   54.07%
   4879   776    14234.0000  1425    29059.0000    13347.2784  2512807   54.07%
   4886   777    14735.0000   824    29059.0000    13347.2860  2516029   54.07%
   4888   779    14735.0000   785    29059.0000    13347.2860  2516415   54.07%
   4894   783    infeasible          29059.0000    13347.2860  2517091   54.07%
   4902   785    13347.2860  1036    29059.0000    13347.2860  2518650   54.07%
   4907   788    14538.0000   868    29059.0000    13347.2860  2520530   54.07%
Elapsed time = 17957.01 sec. (3570781.10 ticks, tree = 8.73 MB, solutions = 1)
   4919   798    15350.0000   384    29059.0000    13347.2860  2523343   54.07%
   4926   799    infeasible          29059.0000    13347.2860  2525954   54.07%
   4929   800    14538.0000  1489    29059.0000    13394.5000  2529429   53.91%
   4931   802    14538.0000  1472    29059.0000    13394.5000  2529580   53.91%
   4934   805    14741.0000   599    29059.0000    13394.5000  2530965   53.91%
   4939   806    13451.2868  1060    29059.0000    13394.5676  2532987   53.91%
   4945   808    13448.5000  1199    29059.0000    13442.0000  2534896   53.74%
   4949   812    14263.0000  1023    29059.0000    13442.0000  2536444   53.74%
   4959   816    14060.0000   516    29059.0000    13442.0000  2538884   53.74%
   4973   824    13442.0000   810    29059.0000    13442.0000  2540015   53.74%
Elapsed time = 18038.25 sec. (3614851.05 ticks, tree = 9.11 MB, solutions = 1)
   4981   832    14031.0000   398    29059.0000    13442.0000  2541837   53.74%
   4988   835    13753.0000   658    29059.0000    13442.0000  2543263   53.74%
   5000   844    13550.0000   795    29059.0000    13442.0000  2544981   53.74%
   5012   856    14159.0000   342    29059.0000    13442.0000  2547594   53.74%
   5029   870    14768.0000   160    29059.0000    13442.0000  2548668   53.74%
   5037   876    13923.0000   502    29059.0000    13442.0000  2550056   53.74%
   5045   884    14329.0000   278    29059.0000    13442.0000  2550614   53.74%
   5059   893    14031.0000   464    29059.0000    13442.0000  2552608   53.74%
   5068   899    13753.0000   818    29059.0000    13442.0000  2554203   53.74%
   5073   904    13753.0000   435    29059.0000    13442.0000  2555451   53.74%
Elapsed time = 18111.42 sec. (3656278.76 ticks, tree = 9.97 MB, solutions = 1)
   5086   914    14263.0000   440    29059.0000    13442.0000  2557142   53.74%
   5103   923    infeasible          29059.0000    13442.0000  2560130   53.74%
   5110   924    13537.0000  1631    29059.0000    13442.0000  2561819   53.74%
   5112   926    13550.0000  1499    29059.0000    13442.0000  2563491   53.74%
   5115   926    13753.0000   748    29059.0000    13442.0000  2564078   53.74%
   5117   928    13753.0000  1292    29059.0000    13442.0000  2566707   53.74%
   5120   931    13753.0000   528    29059.0000    13442.0000  2568066   53.74%
   5129   937    13956.0000   288    29059.0000    13442.0000  2569718   53.74%
   5142   943    13442.0000   962    29059.0000    13442.0000  2571311   53.74%
   5150   951    14159.0000   296    29059.0000    13442.0000  2572960   53.74%
Elapsed time = 18215.04 sec. (3701841.25 ticks, tree = 10.46 MB, solutions = 1)
   5166   967    14971.0000   140    29059.0000    13442.0000  2574227   53.74%
   5177   972    13848.0000   690    29059.0000    13442.0000  2577624   53.74%
   5190   983    14159.0000   222    29059.0000    13442.0000  2578942   53.74%
   5201   991    13753.0000   578    29059.0000    13442.0000  2580194   53.74%
   5211   997    13550.0000   728    29059.0000    13442.0000  2582169   53.74%
   5218  1000    14918.0000   716    29059.0000    13442.0000  2584276   53.74%
   5224  1000    13550.0000  1072    29059.0000    13442.0000  2588533   53.74%
   5229  1001    13931.0000  2059    29059.0000    13442.0000  2593039   53.74%
   5230  1002    13931.0000  1798    29059.0000    13442.0000  2593601   53.74%
   5232  1004    14134.0000  1727    29059.0000    13442.0000  2593735   53.74%
Elapsed time = 18308.14 sec. (3746900.92 ticks, tree = 11.03 MB, solutions = 1)
   5238  1010    14540.0000   678    29059.0000    13442.0000  2595662   53.74%
   5245  1013    28653.0000   521    29059.0000    13442.0000  2601005   53.74%
   5256  1015    28450.0000   818    29059.0000    13448.5000  2609024   53.72%
   5266  1022    13753.0000   888    29059.0000    13448.5000  2612466   53.72%
   5276  1029    infeasible          29059.0000    13448.5000  2613361   53.72%
   5285  1036    14263.0000   745    29059.0000    13448.5000  2615192   53.72%
   5291  1036    13448.5000  1960    29059.0000    13448.5000  2615915   53.72%
   5293  1038    14538.0000  1780    29059.0000    13448.5000  2616859   53.72%
   5295  1039    14538.0000   940    29059.0000    13448.5000  2618107   53.72%
   5299  1039    14234.0000  2007    29059.0000    13448.5000  2620284   53.72%
Elapsed time = 18412.90 sec. (3794179.53 ticks, tree = 11.43 MB, solutions = 1)
   5302  1041    14234.0000   943    29059.0000    13448.5000  2621345   53.72%
   5307  1042    14335.3300  1035    29059.0000    13448.5000  2623369   53.72%
   5313  1044    13448.5000  1196    29059.0000    13448.5000  2625158   53.72%
   5316  1047    14126.3300   959    29059.0000    13448.5000  2626140   53.72%
   5326  1054    14944.0000   389    29059.0000    13448.5000  2627316   53.72%
   5333  1054    14234.0000   784    29059.0000    13448.5000  2629002   53.72%
   5339  1055    13448.5000  1074    29059.0000    13448.5000  2630215   53.72%
   5345  1061    14538.2700   745    29059.0000    13448.5000  2631918   53.72%
   5355  1069    15039.0000   442    29059.0000    13448.5000  2632689   53.72%
   5365  1071    infeasible          29059.0000    13448.5000  2635528   53.72%
Elapsed time = 18493.85 sec. (3839907.89 ticks, tree = 11.78 MB, solutions = 1)
   5374  1079    13943.0000   528    29059.0000    13448.5000  2636766   53.72%
   5384  1085    13753.0000   748    29059.0000    13448.5000  2639569   53.72%
   5393  1092    14159.0000   312    29059.0000    13448.5000  2640978   53.72%
   5402  1097    14538.0000   986    29059.0000    13448.5000  2642661   53.72%
   5414  1103    13550.0000   867    29059.0000    13448.5000  2644704   53.72%
   5425  1110    infeasible          29059.0000    13448.5000  2647011   53.72%
   5430  1113    infeasible          29059.0000    13448.5000  2648591   53.72%
   5437  1112    infeasible          29059.0000    13448.5000  2650023   53.72%
   5444  1117    13848.0000  1045    29059.0000    13448.5000  2652051   53.72%
   5449  1120    infeasible          29059.0000    13448.5000  2653347   53.72%
Elapsed time = 18560.80 sec. (3880724.47 ticks, tree = 12.31 MB, solutions = 1)
   5464  1125    14335.2868  1011    29059.0000    13451.0000  2657471   53.71%
   5469  1126    13728.0000   898    29059.0000    13451.0000  2658425   53.71%
   5482  1133    13451.0000   893    29059.0000    13451.0000  2660015   53.71%
   5493  1141    13550.0000   674    29059.0000    13451.2868  2661893   53.71%
   5503  1151    13956.0000   394    29059.0000    13451.2868  2662967   53.71%
   5513  1157    13451.2868  1002    29059.0000    13451.2868  2664693   53.71%
   5522  1166    14155.0000   396    29059.0000    13451.2868  2666495   53.71%
   5537  1177    13550.0000   946    29059.0000    13486.0000  2668158   53.59%
   5541  1181    13753.0000   554    29059.0000    13486.0000  2669434   53.59%
   5552  1192    14159.0000   308    29059.0000    13486.0000  2670679   53.59%
Elapsed time = 18602.52 sec. (3925567.71 ticks, tree = 13.11 MB, solutions = 1)
   5568  1201    13728.2700  1480    29059.0000    13496.0000  2675301   53.56%
   5571  1204    13823.2700   825    29059.0000    13496.0000  2676256   53.56%
   5584  1217    14337.0000   322    29059.0000    13496.0000  2678165   53.56%
   5596  1223    14741.0000   668    29059.0000    13496.0000  2680872   53.56%
   5603  1226    13753.0000   790    29059.0000    13529.0000  2682213   53.44%
   5612  1232    13753.0000   788    29059.0000    13537.0000  2682932   53.42%
   5627  1244    13956.0000   474    29059.0000    13537.0000  2684690   53.42%
   5635  1248    14329.0000   573    29059.0000    13537.0000  2686987   53.42%
   5643  1252    13550.0000  1525    29059.0000    13537.0000  2688943   53.42%
   5645  1254    14741.2700  1526    29059.0000    13537.0000  2690752   53.42%
Elapsed time = 18682.72 sec. (3971573.32 ticks, tree = 13.78 MB, solutions = 1)
   5647  1256    14944.0000  1589    29059.0000    13537.0000  2690990   53.42%
   5649  1258    14944.0000  1401    29059.0000    13537.0000  2691618   53.42%
   5652  1259    14944.0000   871    29059.0000    13537.0000  2693009   53.42%
   5655  1262    14944.0000  1381    29059.0000    13537.0000  2695357   53.42%
   5664  1264    13550.0000   834    29059.0000    13550.0000  2697840   53.37%
   5671  1267    13645.0000   480    29059.0000    13550.0000  2698361   53.37%
   5686  1273    13753.0000   536    29059.0000    13550.0000  2700429   53.37%
   5700  1285    14457.0000   247    29059.0000    13550.0000  2702723   53.37%
   5718  1296    13753.0000   422    29059.0000    13550.0000  2704631   53.37%
   5728  1299    13923.0000   680    29059.0000    13550.0000  2705528   53.37%
Elapsed time = 18788.46 sec. (4017601.35 ticks, tree = 14.28 MB, solutions = 1)
   5741  1306    13645.0000   590    29059.0000    13550.0000  2707127   53.37%
   5756  1317    13550.0000   531    29059.0000    13550.0000  2709004   53.37%
   5764  1321    infeasible          29059.0000    13550.0000  2710169   53.37%
   5777  1333    14660.0000   299    29059.0000    13550.0000  2712411   53.37%
   5795  1343    14234.0000   626    29059.0000    13550.0000  2713801   53.37%
   5808  1351    14640.0000   453    29059.0000    13550.0000  2716936   53.37%
   5822  1358    infeasible          29059.0000    13550.0000  2718131   53.37%
   5833  1363    13550.0000   542    29059.0000    13550.0000  2719234   53.37%
   5846  1368    13753.0000   440    29059.0000    13550.0000  2721382   53.37%
   5858  1373    13645.0000   396    29059.0000    13550.0000  2722582   53.37%
Elapsed time = 18858.99 sec. (4057507.04 ticks, tree = 15.06 MB, solutions = 1)
   5876  1384    13550.0000   490    29059.0000    13550.0000  2724250   53.37%
   5887  1387    13753.0000   406    29059.0000    13550.0000  2725876   53.37%
   5901  1397    14031.0000   506    29059.0000    13550.0000  2727292   53.37%
   5911  1407    14031.0000   296    29059.0000    13550.0000  2728138   53.37%
   5923  1414    14437.0000   545    29059.0000    13550.0000  2730004   53.37%
   5936  1423    14031.0000   502    29059.0000    13550.0000  2731664   53.37%
   5942  1429    14234.0000   421    29059.0000    13550.0000  2733327   53.37%
   5953  1432    13753.0000   747    29059.0000    13550.0000  2734756   53.37%
   5964  1439    14437.0000   389    29059.0000    13550.0000  2737134   53.37%
   5980  1448    13753.0000   568    29059.0000    13550.0000  2738697   53.37%
Elapsed time = 18935.42 sec. (4097571.22 ticks, tree = 15.87 MB, solutions = 1)
   5992  1456    13753.0000   628    29059.0000    13550.0000  2740598   53.37%
   6005  1469    14031.0000   292    29059.0000    13550.0000  2741703   53.37%
   6023  1481    13625.0000   764    29059.0000    13550.0000  2743937   53.37%
   6031  1489    14031.0000   530    29059.0000    13550.0000  2744708   53.37%
   6040  1495    14234.0000   359    29059.0000    13550.0000  2745795   53.37%
   6050  1500    13550.0000   763    29059.0000    13550.0000  2747971   53.37%
   6059  1507    14437.0000   447    29059.0000    13550.0000  2749683   53.37%
   6070  1514    14437.0000   431    29059.0000    13550.0000  2751497   53.37%
   6086  1526    14234.0000   407    29059.0000    13550.0000  2753339   53.37%
   6095  1532    14735.0000   413    29059.0000    13550.0000  2754058   53.37%
Elapsed time = 19004.40 sec. (4137125.87 ticks, tree = 16.79 MB, solutions = 1)
   6104  1536    14437.0000   271    29059.0000    13550.0000  2755721   53.37%
   6116  1548    14938.0000   240    29059.0000    13550.0000  2756584   53.37%
   6132  1557    13956.0000   738    29059.0000    13550.0000  2757646   53.37%
   6140  1563    14768.0000   482    29059.0000    13550.0000  2759204   53.37%
   6149  1562    13753.0000   832    29059.0000    13550.0000  2761267   53.37%
   6161  1567    infeasible          29059.0000    13550.0000  2763991   53.37%
   6169  1573    14532.0000   356    29059.0000    13550.0000  2765190   53.37%
   6181  1579    13645.0000   827    29059.0000    13550.0000  2767650   53.37%
   6190  1579    13956.0000   655    29059.0000    13550.0000  2768411   53.37%
   6204  1586    infeasible          29059.0000    13550.0000  2769955   53.37%
Elapsed time = 19070.20 sec. (4178216.28 ticks, tree = 17.38 MB, solutions = 1)
   6210  1590    13749.0000   611    29059.0000    13550.0000  2771100   53.37%
   6224  1600    13654.0000   675    29059.0000    13550.0000  2772521   53.37%
   6236  1608    infeasible          29059.0000    13550.0000  2775512   53.37%
   6243  1615    13956.0000   404    29059.0000    13550.0000  2776930   53.37%
   6262  1630    infeasible          29059.0000    13550.0000  2778453   53.37%
   6272  1632    infeasible          29059.0000    13550.0000  2780620   53.37%
   6278  1638    13956.0000   537    29059.0000    13550.0000  2782752   53.37%
   6288  1648    14159.0000   364    29059.0000    13550.0000  2783807   53.37%
   6295  1650    13740.0000   729    29059.0000    13550.0000  2784888   53.37%
   6303  1656    14640.0000   649    29059.0000    13550.0000  2787084   53.37%
Elapsed time = 19132.00 sec. (4218544.39 ticks, tree = 18.16 MB, solutions = 1)
   6312  1661    13857.0000   717    29059.0000    13550.0000  2788838   53.37%
   6321  1670    14358.0000   236    29059.0000    13550.0000  2791706   53.37%
   6333  1678    13753.0000   582    29059.0000    13550.0000  2793196   53.37%
   6349  1689    13645.0000   797    29059.0000    13550.0000  2795621   53.37%
   6359  1699    14843.0000   312    29059.0000    13550.0000  2797480   53.37%
   6371  1707    14155.0000   436    29059.0000    13550.0000  2798942   53.37%
   6390  1716    14234.0000   691    29059.0000    13550.0000  2801179   53.37%
   6398  1721    13550.0000  1696    29059.0000    13550.0000  2804125   53.37%
   6400  1723    13645.0000   860    29059.0000    13550.0000  2805214   53.37%
   6403  1726    13645.0000  1399    29059.0000    13550.0000  2806662   53.37%
Elapsed time = 19220.86 sec. (4262569.25 ticks, tree = 18.91 MB, solutions = 1)
   6406  1729    13848.0000   466    29059.0000    13550.0000  2807463   53.37%
   6418  1733    13848.0000  1032    29059.0000    13550.0000  2808696   53.37%
   6438  1742    13550.0000   644    29059.0000    13550.0000  2809953   53.37%
   6454  1756    14635.0000   242    29059.0000    13550.0000  2811763   53.37%
   6471  1769    14843.0000   411    29059.0000    13550.0000  2813885   53.37%
   6488  1782    14254.0000   338    29059.0000    13550.0000  2815471   53.37%
   6506  1790    13753.0000   467    29059.0000    13550.0000  2816756   53.37%
   6519  1803    14126.0000   323    29059.0000    13550.0000  2817943   53.37%
   6530  1807    13753.0000   479    29059.0000    13550.0000  2820175   53.37%
   6540  1813    13550.0000   622    29059.0000    13550.0000  2821354   53.37%
Elapsed time = 19271.72 sec. (4303183.62 ticks, tree = 19.83 MB, solutions = 1)
   6555  1828    14358.0000   223    29059.0000    13550.0000  2822359   53.37%
   6575  1841    infeasible          29059.0000    13550.0000  2823297   53.37%
   6587  1850    14838.0000   386    29059.0000    13550.0000  2824553   53.37%
   6600  1858    14229.0000   384    29059.0000    13550.0000  2825711   53.37%
   6616  1868    13753.0000   508    29059.0000    13550.0000  2827101   53.37%
   6633  1879    13753.0000   548    29059.0000    13550.0000  2829118   53.37%
   6653  1890    13753.0000   568    29059.0000    13550.0000  2830663   53.37%
   6671  1900    13550.0000   692    29059.0000    13550.0000  2832578   53.37%
   6681  1910    14432.0000   388    29059.0000    13550.0000  2833720   53.37%
   6692  1919    14743.0000   278    29059.0000    13550.0000  2834456   53.37%
Elapsed time = 19307.29 sec. (4343175.43 ticks, tree = 20.96 MB, solutions = 1)
   6705  1921    13753.0000   547    29059.0000    13550.0000  2836103   53.37%
   6716  1925    14031.0000   522    29059.0000    13550.0000  2838259   53.37%
   6726  1931    14159.0000   396    29059.0000    13550.0000  2839433   53.37%
   6739  1938    infeasible          29059.0000    13550.0000  2840998   53.37%
   6755  1949    14250.0000   352    29059.0000    13550.0000  2842171   53.37%
   6766  1954    13956.0000   444    29059.0000    13550.0000  2844032   53.37%
   6780  1961    infeasible          29059.0000    13550.0000  2844600   53.37%
   6790  1969    13956.0000   256    29059.0000    13550.0000  2846446   53.37%
   6808  1976    13956.0000   342    29059.0000    13550.0000  2847725   53.37%
   6825  1984    infeasible          29059.0000    13550.0000  2849600   53.37%
Elapsed time = 19342.95 sec. (4382491.20 ticks, tree = 21.66 MB, solutions = 1)
   6834  1989    13550.0000   724    29059.0000    13550.0000  2851599   53.37%
   6844  1995    13848.0000   537    29059.0000    13550.0000  2853029   53.37%
   6855  1996    infeasible          29059.0000    13550.0000  2854270   53.37%
   6857  1998    13753.0000  1088    29059.0000    13550.0000  2857571   53.37%
   6862  2003    15039.0000   828    29059.0000    13550.0000  2859282   53.37%
   6870  2007    15134.0000   366    29059.0000    13550.0000  2861250   53.37%
   6878  2011    14159.0000   647    29059.0000    13550.0000  2862790   53.37%
   6881  2011    13550.0000  1532    29059.0000    13550.0000  2863548   53.37%
   6883  2013    13753.0000  1490    29059.0000    13550.0000  2864729   53.37%
   6885  2015    13956.0000   586    29059.0000    13550.0000  2865108   53.37%
Elapsed time = 19394.91 sec. (4425954.84 ticks, tree = 21.96 MB, solutions = 1)
   6899  2029    14159.0000   274    29059.0000    13550.0000  2866252   53.37%
   6922  2046    15575.0000   120    29059.0000    13550.0000  2868247   53.37%
   6939  2052    13848.0000   669    29059.0000    13550.0000  2869580   53.37%
   6949  2057    13753.0000  1375    29059.0000    13550.0000  2871340   53.37%
   6952  2060    13956.0000   490    29059.0000    13550.0000  2872438   53.37%
   6964  2066    14134.0000   515    29059.0000    13550.0000  2874077   53.37%
   6976  2074    13753.0000   677    29059.0000    13550.0000  2874900   53.37%
   6982  2080    13956.0000   394    29059.0000    13550.0000  2876459   53.37%
   6996  2090    14234.0000   223    29059.0000    13550.0000  2877389   53.37%
   7009  2100    14362.0000   352    29059.0000    13550.0000  2879106   53.37%
Elapsed time = 19438.64 sec. (4467527.49 ticks, tree = 22.95 MB, solutions = 1)
   7022  2107    14146.0000   438    29059.0000    13550.0000  2881619   53.37%
   7040  2115    13753.0000   800    29059.0000    13550.0000  2884147   53.37%
   7053  2119    13645.0000   726    29059.0000    13550.0000  2885743   53.37%
   7065  2124    infeasible          29059.0000    13550.0000  2887302   53.37%
   7077  2126    13753.0000  1484    29059.0000    13550.0000  2890402   53.37%
   7079  2128    13753.0000  1533    29059.0000    13550.0000  2890847   53.37%
   7081  2130    13848.0000  1328    29059.0000    13550.0000  2891211   53.37%
   7083  2132    14026.0000  1170    29059.0000    13550.0000  2893401   53.37%
   7100  2143    13753.0000   628    29059.0000    13550.0000  2895232   53.37%
   7109  2148    infeasible          29059.0000    13550.0000  2897249   53.37%
Elapsed time = 19496.59 sec. (4516132.49 ticks, tree = 23.46 MB, solutions = 1)
   7122  2157    13550.0000   776    29059.0000    13550.0000  2900839   53.37%
   7129  2164    14159.0000   368    29059.0000    13550.0000  2901258   53.37%
   7141  2172    13956.0000   544    29059.0000    13550.0000  2904276   53.37%
   7152  2173    13753.0000   926    29059.0000    13550.0000  2907199   53.37%
   7162  2177    13753.0000   728    29059.0000    13550.0000  2909399   53.37%
   7174  2185    13550.0000   670    29059.0000    13550.0000  2911742   53.37%
   7180  2191    14277.5000   640    29059.0000    13550.0000  2913897   53.37%
   7193  2200    13999.5000   458    29059.0000    13550.0000  2916077   53.37%
   7202  2207    14254.0000   416    29059.0000    13550.0000  2916754   53.37%
   7213  2213    13645.0000   684    29059.0000    13550.0000  2918908   53.37%
Elapsed time = 19532.97 sec. (4557098.04 ticks, tree = 24.15 MB, solutions = 1)
   7224  2224    14743.0000   390    29059.0000    13550.0000  2920159   53.37%
   7233  2227    13952.0000   450    29059.0000    13550.0000  2922750   53.37%
   7240  2226    13753.0000   878    29059.0000    13550.0000  2924527   53.37%
   7246  2232    14234.0000   472    29059.0000    13550.0000  2925261   53.37%
   7253  2238    14329.0000   371    29059.0000    13550.0000  2925873   53.37%
   7264  2245    13828.0604   702    29059.0000    13550.0000  2927833   53.37%
   7273  2252    14159.0000   347    29059.0000    13550.0000  2928748   53.37%
   7285  2260    14938.0000   465    29059.0000    13550.0000  2931316   53.37%
   7300  2267    14134.0000   601    29059.0000    13550.0000  2933046   53.37%
   7312  2270    13550.0000   954    29059.0000    13550.0000  2934213   53.37%
Elapsed time = 19569.99 sec. (4597119.54 ticks, tree = 24.76 MB, solutions = 1)
   7327  2283    14565.0000   262    29059.0000    13550.0000  2937076   53.37%
   7342  2294    14457.0000   278    29059.0000    13550.0000  2939088   53.37%
   7358  2298    13550.0000   970    29059.0000    13550.0000  2940114   53.37%
   7364  2302    13848.0000   450    29059.0000    13550.0000  2941667   53.37%
   7373  2307    13753.0000   834    29059.0000    13550.0000  2942894   53.37%
   7378  2312    14234.0000   664    29059.0000    13550.0000  2943080   53.37%
   7389  2319    13848.0000   864    29059.0000    13550.0000  2944781   53.37%
   7395  2320    13550.0000  1086    29059.0000    13550.0000  2946222   53.37%
   7402  2327    14627.0000   557    29059.0000    13550.0000  2948862   53.37%
   7412  2331    14437.0000   834    29059.0000    13550.0000  2951878   53.37%
Elapsed time = 19605.07 sec. (4637553.33 ticks, tree = 25.41 MB, solutions = 1)
   7420  2331    infeasible          29059.0000    13550.0000  2953098   53.37%
   7430  2336    13597.5000   771    29059.0000    13550.0000  2954350   53.37%
   7439  2339    13931.2700   829    29059.0000    13550.0000  2955451   53.37%
   7453  2346    13753.0000   914    29059.0000    13550.0000  2958148   53.37%
   7461  2352    14051.0000   507    29059.0000    13550.0000  2959878   53.37%
   7468  2359    14362.0000   292    29059.0000    13550.0000  2960487   53.37%
   7480  2363    13753.0000   704    29059.0000    13550.0000  2961605   53.37%
   7492  2369    13943.0000   623    29059.0000    13550.0000  2962869   53.37%
   7505  2375    14565.0000   481    29059.0000    13550.0000  2964414   53.37%
   7515  2373    13550.0000   784    29059.0000    13550.0000  2967466   53.37%
Elapsed time = 19640.00 sec. (4677994.88 ticks, tree = 25.87 MB, solutions = 1)
   7526  2380    14362.0000   396    29059.0000    13550.0000  2970072   53.37%
   7535  2383    14051.0000   456    29059.0000    13550.0000  2971188   53.37%
   7539  2383    13550.0000   896    29059.0000    13550.0000  2972765   53.37%
   7543  2387    13753.0000   671    29059.0000    13550.0000  2978095   53.37%
   7545  2389    13956.0000   584    29059.0000    13550.0000  2978764   53.37%
   7548  2392    14337.0000   308    29059.0000    13550.0000  2982975   53.37%
   7559  2402    15149.0000   198    29059.0000    13550.0000  2986135   53.37%
   7561  2402    13753.0000   819    29059.0000    13550.0000  2988100   53.37%
   7563  2404    13753.0000   882    29059.0000    13550.0000  2989101   53.37%
   7571  2406    infeasible          29059.0000    13550.0000  2991800   53.37%
Elapsed time = 19705.05 sec. (4726457.54 ticks, tree = 26.20 MB, solutions = 1)
   7578  2410    13651.5000   663    29059.0000    13550.0000  2994516   53.37%
   7585  2415    13956.0000   747    29059.0000    13550.0000  2995587   53.37%
   7592  2414    15224.0000   578    29059.0000    13550.0000  2997231   53.37%
   7603  2417    15021.0000   510    29059.0000    13550.0000  2999415   53.37%
   7613  2419    14234.0000  1051    29059.0000    13550.0000  3001729   53.37%
   7621  2425    14437.0000   542    29059.0000    13550.0000  3002742   53.37%
   7629  2429    13956.0000   818    29059.0000    13550.0000  3003590   53.37%
   7640  2438    infeasible          29059.0000    13550.0000  3004856   53.37%
   7652  2447    13753.0000   604    29059.0000    13550.0000  3006223   53.37%
   7664  2457    14146.0000   307    29059.0000    13550.0000  3007481   53.37%
Elapsed time = 19739.83 sec. (4767479.92 ticks, tree = 26.74 MB, solutions = 1)
   7677  2462    13848.0000   558    29059.0000    13550.0000  3009284   53.37%
   7690  2471    13828.0000   607    29059.0000    13550.0000  3010892   53.37%
   7697  2478    14254.0000   332    29059.0000    13550.0000  3011639   53.37%
   7705  2482    13753.0000   649    29059.0000    13550.0000  3013902   53.37%
   7714  2484    14362.0000   573    29059.0000    13550.0000  3015580   53.37%
   7722  2484    infeasible          29059.0000    13550.0000  3016940   53.37%
   7728  2484    13753.0000   862    29059.0000    13550.0000  3017671   53.37%
   7734  2486    13753.0000   858    29059.0000    13550.0000  3018307   53.37%
   7743  2493    infeasible          29059.0000    13550.0000  3019958   53.37%
   7751  2498    13753.0000   694    29059.0000    13550.0000  3021641   53.37%
Elapsed time = 19776.05 sec. (4809356.76 ticks, tree = 27.18 MB, solutions = 1)
   7765  2512    15169.0000   314    29059.0000    13550.0000  3023085   53.37%
   7771  2514    13923.0000   932    29059.0000    13550.0000  3024416   53.37%
   7775  2516    14126.0000   697    29059.0000    13550.0000  3024893   53.37%
   7785  2520    13550.0000  1003    29059.0000    13550.0000  3026256   53.37%
   7795  2523    13848.0000   564    29059.0000    13550.0000  3028035   53.37%
   7806  2530    13943.0000   684    29059.0000    13550.0000  3029737   53.37%
   7820  2535    13857.0000   626    29059.0000    13550.0000  3031634   53.37%
   7832  2543    14466.0000   320    29059.0000    13550.0000  3033174   53.37%
   7846  2547    infeasible          29059.0000    13550.0000  3033668   53.37%
   7853  2549    13956.0000   685    29059.0000    13550.0000  3035278   53.37%
Elapsed time = 19810.05 sec. (4849803.88 ticks, tree = 27.73 MB, solutions = 1)
   7864  2555    13550.0000   622    29059.0000    13550.0000  3037025   53.37%
   7870  2561    14655.0000   332    29059.0000    13550.0000  3038428   53.37%
   7878  2561    infeasible          29059.0000    13550.0000  3038981   53.37%
   7887  2563    infeasible          29059.0000    13550.0000  3040311   53.37%
   7894  2564    13550.0000   843    29059.0000    13550.0000  3040879   53.37%
   7904  2570    14560.0000   728    29059.0000    13550.0000  3044431   53.37%
   7917  2579    13956.0000   653    29059.0000    13550.0000  3046675   53.37%
   7934  2584    13753.0000   821    29059.0000    13550.0000  3048852   53.37%
   7937  2583    14335.3300  1863    29059.0000    13550.0000  3051587   53.37%
   7939  2584    14538.0000  1021    29059.0000    13550.0000  3053771   53.37%
Elapsed time = 19846.62 sec. (4891294.57 ticks, tree = 28.11 MB, solutions = 1)
   7947  2588    13753.0000   852    29059.0000    13550.0000  3056013   53.37%
   7953  2591    13550.0000   684    29059.0000    13550.0000  3059771   53.37%
   7961  2589    infeasible          29059.0000    13550.0000  3062286   53.37%
   7967  2588    13550.0000   984    29059.0000    13550.0000  3063884   53.37%
   7971  2588    13753.0000  1868    29059.0000    13550.0000  3064732   53.37%
   7973  2590    13956.0000  1685    29059.0000    13550.0000  3066360   53.37%
   7975  2588    infeasible          29059.0000    13550.0000  3066473   53.37%
   7983  2594    14159.0000   793    29059.0000    13550.0000  3068807   53.37%
   7991  2596    infeasible          29059.0000    13550.0000  3071031   53.37%
   7997  2602    13848.0000   417    29059.0000    13550.0000  3071702   53.37%
Elapsed time = 19891.18 sec. (4936449.26 ticks, tree = 28.29 MB, solutions = 1)
   8007  2605    infeasible          29059.0000    13550.0000  3074415   53.37%
   8015  2609    14074.5000   459    29059.0000    13550.0000  3075894   53.37%
   8022  2612    infeasible          29059.0000    13550.0000  3077705   53.37%
   8030  2613    13645.0000   795    29059.0000    13550.0000  3079433   53.37%
   8042  2625    14946.0000   352    29059.0000    13550.0000  3080659   53.37%
   8052  2627    13956.0000   446    29059.0000    13550.0000  3083438   53.37%
   8061  2632    13550.0000  1419    29059.0000    13550.0000  3084261   53.37%
   8063  2634    13753.0000   954    29059.0000    13550.0000  3085707   53.37%
   8066  2637    13956.0000  1508    29059.0000    13550.0000  3086302   53.37%
   8069  2640    14540.0000   791    29059.0000    13550.0000  3086513   53.37%
Elapsed time = 19991.35 sec. (4980470.98 ticks, tree = 28.69 MB, solutions = 1)
   8073  2644    14743.0000   530    29059.0000    13550.0000  3087204   53.37%
   8089  2660    14933.0000   170    29059.0000    13550.0000  3088673   53.37%
   8095  2662    13753.0000  1450    29059.0000    13550.0000  3089549   53.37%
   8098  2663    13753.0000   766    29059.0000    13550.0000  3090383   53.37%
   8101  2665    13753.0000  1518    29059.0000    13550.0000  3093413   53.37%
   8103  2667    13753.0000  1477    29059.0000    13550.0000  3094860   53.37%
   8108  2672    13848.0000   582    29059.0000    13550.0000  3096274   53.37%
   8118  2678    14234.0000   875    29059.0000    13550.0000  3098362   53.37%
   8128  2684    infeasible          29059.0000    13550.0000  3100082   53.37%
   8130  2686    13550.0000  1599    29059.0000    13550.0000  3101766   53.37%
Elapsed time = 20122.82 sec. (5026922.20 ticks, tree = 29.17 MB, solutions = 1)
   8132  2688    13550.0000  1433    29059.0000    13550.0000  3101926   53.37%
   8136  2692    13753.0000   958    29059.0000    13550.0000  3104785   53.37%
   8144  2700    14146.0000   496    29059.0000    13550.0000  3106900   53.37%
   8159  2711    13753.0000   814    29059.0000    13550.0000  3108636   53.37%
   8175  2727    14565.0000   234    29059.0000    13550.0000  3110630   53.37%
   8183  2728    infeasible          29059.0000    13550.0000  3112724   53.37%
   8187  2728    13753.0000  1364    29059.0000    13550.0000  3115267   53.37%
   8190  2731    13956.0000  1166    29059.0000    13550.0000  3118253   53.37%
   8194  2735    14362.0000   447    29059.0000    13550.0000  3120935   53.37%
   8199  2736    infeasible          29059.0000    13550.0000  3121711   53.37%
Elapsed time = 20228.48 sec. (5071171.73 ticks, tree = 29.71 MB, solutions = 1)
   8201  2738    13632.2700   922    29059.0000    13550.0000  3125909   53.37%
   8205  2738    infeasible          29059.0000    13550.0000  3126643   53.37%
   8206  2739    13550.0000  1676    29059.0000    13550.0000  3127727   53.37%
   8207  2740    13550.0000  1699    29059.0000    13550.0000  3128973   53.37%
   8208  2741    13550.0000  1692    29059.0000    13550.0000  3129090   53.37%
   8210  2743    13753.0000  1411    29059.0000    13550.0000  3130365   53.37%
   8212  2745    13848.0000  1414    29059.0000    13550.0000  3132349   53.37%
   8223  2753    14565.0000   348    29059.0000    13550.0000  3135913   53.37%
   8234  2753    13550.0000  1570    29059.0000    13550.0000  3138383   53.37%
   8236  2755    13753.0000  1320    29059.0000    13550.0000  3139703   53.37%
Elapsed time = 20371.25 sec. (5125538.98 ticks, tree = 29.89 MB, solutions = 1)
   8238  2757    13753.0000  1621    29059.0000    13550.0000  3143469   53.37%
   8240  2759    13828.0000   736    29059.0000    13550.0000  3147464   53.37%
   8246  2765    14234.0000   360    29059.0000    13550.0000  3149427   53.37%
   8249  2764    13753.0000  1584    29059.0000    13550.0000  3149739   53.37%
   8251  2766    13753.0000  1481    29059.0000    13550.0000  3151648   53.37%
   8252  2767    13753.0000  1530    29059.0000    13550.0000  3153093   53.37%
   8254  2767    13753.0000  1550    29059.0000    13550.0000  3154844   53.37%
   8262  2775    15039.0000   314    29059.0000    13550.0000  3157509   53.37%
   8266  2774    13753.0000  1378    29059.0000    13550.0000  3161694   53.37%
   8271  2779    14159.0000   738    29059.0000    13550.0000  3163867   53.37%
Elapsed time = 20506.46 sec. (5176801.26 ticks, tree = 30.13 MB, solutions = 1)
   8279  2783    infeasible          29059.0000    13550.0000  3164820   53.37%
   8281  2785    14131.0000  1469    29059.0000    13550.0000  3165744   53.37%
   8287  2785    13848.0000  1588    29059.0000    13550.0000  3168493   53.37%
   8288  2786    13956.0000  1465    29059.0000    13550.0000  3170575   53.37%
   8291  2783    infeasible          29059.0000    13550.0000  3173777   53.37%
   8293  2785    13753.0000  1436    29059.0000    13550.0000  3176075   53.37%
   8298  2790    13956.0000   712    29059.0000    13550.0000  3178686   53.37%
   8305  2791    infeasible          29059.0000    13550.0000  3179984   53.37%
   8307  2793    13753.0000  1636    29059.0000    13550.0000  3185330   53.37%
   8309  2793    13956.0000  1724    29059.0000    13550.0000  3188460   53.37%
Elapsed time = 20647.15 sec. (5227543.30 ticks, tree = 30.26 MB, solutions = 1)
   8311  2795    13956.0000   940    29059.0000    13550.0000  3189924   53.37%
   8319  2803    14933.0000   243    29059.0000    13550.0000  3191941   53.37%
   8324  2804    14131.0000  1796    29059.0000    13550.0000  3195706   53.37%
   8329  2805    13753.0000  1176    29059.0000    13550.0000  3199688   53.37%
   8331  2805    13753.0000  1819    29059.0000    13550.0000  3200327   53.37%
   8333  2807    15147.0000  1635    29059.0000    13550.0000  3202277   53.37%
   8337  2805    infeasible          29059.0000    13550.0000  3203979   53.37%
   8346  2806    infeasible          29059.0000    13550.0000  3209201   53.37%
   8352  2807    infeasible          29059.0000    13550.0000  3210608   53.37%
   8359  2807    13550.0000  1510    29059.0000    13550.0000  3213679   53.37%
Elapsed time = 20800.21 sec. (5281260.71 ticks, tree = 30.41 MB, solutions = 1)
   8363  2809    14532.0000   878    29059.0000    13550.0000  3217499   53.37%
   8366  2810    14735.0000   712    29059.0000    13550.0000  3218629   53.37%
   8373  2813    14437.0000   827    29059.0000    13550.0000  3221980   53.37%
   8382  2818    15046.0000   246    29059.0000    13550.0000  3223721   53.37%
   8387  2819    13550.0000  1899    29059.0000    13550.0000  3224671   53.37%
   8389  2820    13753.0000  1106    29059.0000    13550.0000  3227335   53.37%
   8393  2822    13753.0000   806    29059.0000    13550.0000  3227810   53.37%
   8397  2822    13550.0000  1959    29059.0000    13550.0000  3228967   53.37%
   8400  2823    13550.0000  1844    29059.0000    13550.0000  3229607   53.37%
   8402  2825    13753.0000   956    29059.0000    13550.0000  3230684   53.37%
Elapsed time = 20918.62 sec. (5326946.38 ticks, tree = 30.60 MB, solutions = 1)
   8407  2830    13753.0000   681    29059.0000    13550.0000  3231741   53.37%
   8416  2839    14540.0000   290    29059.0000    13550.0000  3233379   53.37%
   8420  2839    13550.0000  1643    29059.0000    13550.0000  3234429   53.37%
   8424  2843    14944.0000   756    29059.0000    13550.0000  3238072   53.37%
   8429  2845    13550.0000  1630    29059.0000    13550.0000  3239953   53.37%
   8431  2847    13753.0000  1569    29059.0000    13550.0000  3240679   53.37%
   8432  2848    13753.0000  1537    29059.0000    13550.0000  3242923   53.37%
   8434  2850    13753.0000  1414    29059.0000    13550.0000  3247263   53.37%
   8440  2850    13550.0000  1453    29059.0000    13550.0000  3252203   53.37%
   8443  2848    infeasible          29059.0000    13550.0000  3252602   53.37%
Elapsed time = 21054.87 sec. (5374342.79 ticks, tree = 30.83 MB, solutions = 1)
   8455  2854    14843.0000   365    29059.0000    13550.0000  3256812   53.37%
   8473  2864    14051.0000   333    29059.0000    13550.1352  3258973   53.37%
   8488  2873    infeasible          29059.0000    13550.2700  3261587   53.37%
   8502  2885    14540.0000   188    29059.0000    13550.2700  3263620   53.37%
   8519  2894    13753.0000   695    29059.0000    13550.5770  3268651   53.37%
   8525  2896    13848.0000   690    29059.0000    13593.5000  3270988   53.22%
   8533  2900    13848.0000   612    29059.0000    13593.5000  3274070   53.22%
   8539  2903    13753.0000  1831    29059.0000    13593.5000  3277749   53.22%
   8542  2906    14131.0000   763    29059.0000    13593.5000  3278894   53.22%
   8548  2907    13593.5000  1876    29059.0000    13593.5000  3280553   53.22%
Elapsed time = 21148.01 sec. (5417244.97 ticks, tree = 31.45 MB, solutions = 1)
   8550  2907    13593.5000   992    29059.0000    13593.5000  3280843   53.22%
   8553  2908    13956.0000  1595    29059.0000    13593.5000  3283299   53.22%
   8562  2910    13753.0000  1943    29059.0000    13593.5000  3286837   53.22%
   8564  2912    13956.0000  1671    29059.0000    13593.5000  3287774   53.22%
   8566  2914    14334.0000  1515    29059.0000    13593.5000  3289060   53.22%
   8576  2919    13956.0000   424    29059.0000    13593.5000  3291621   53.22%
   8587  2926    13871.5000   516    29059.0000    13593.5000  3293246   53.22%
   8592  2930    14234.0000   299    29059.0000    13593.5000  3293649   53.22%
   8603  2933    13956.0000   611    29059.0000    13593.5000  3294637   53.22%
   8612  2942    14362.0000   272    29059.0000    13593.5000  3295584   53.22%
Elapsed time = 21258.40 sec. (5462279.99 ticks, tree = 31.82 MB, solutions = 1)
   8627  2952    14457.0000   296    29059.0000    13593.5000  3298246   53.22%
   8637  2955    13593.5000  1894    29059.0000    13593.5000  3299577   53.22%
   8639  2957    13753.0000   991    29059.0000    13593.5000  3300555   53.22%
   8647  2960    infeasible          29059.0000    13593.5000  3305431   53.22%
   8651  2960    infeasible          29059.0000    13597.5000  3307841   53.21%
   8661  2967    14146.0000   529    29059.0000    13597.5000  3308648   53.21%
   8675  2977    14362.0000   425    29059.0000    13597.5000  3309902   53.21%
   8687  2982    13956.0000   521    29059.0000    13597.5000  3311075   53.21%
   8699  2985    14254.0000   469    29059.0000    13597.5000  3312268   53.21%
   8711  2989    13753.0000   800    29059.0000    13597.5000  3314276   53.21%
Elapsed time = 21354.80 sec. (5505241.79 ticks, tree = 32.33 MB, solutions = 1)
   8719  2994    13699.0000   844    29059.0000    13625.0000  3315804   53.11%
   8728  2999    13828.2700   433    29059.0000    13625.0000  3317173   53.11%
   8741  3001    infeasible          29059.0000    13625.0000  3319590   53.11%
   8751  3011    13828.0000   524    29059.0000    13625.0000  3320090   53.11%
   8764  3020    14221.0000   376    29059.0000    13625.0000  3321435   53.11%
   8779  3023    13828.0000   646    29059.0000    13625.0000  3323438   53.11%
   8792  3031    13828.0000   759    29059.0000    13625.0000  3325541   53.11%
   8802  3035    13956.0000   601    29059.0000    13625.0000  3326578   53.11%
   8814  3042    14031.0000   428    29059.0000    13625.0000  3328871   53.11%
   8826  3040    infeasible          29059.0000    13632.2700  3330649   53.09%
Elapsed time = 21446.15 sec. (5545578.70 ticks, tree = 32.88 MB, solutions = 1)
   8834  3042    13753.0000   608    29059.0000    13645.0000  3331855   53.04%
   8841  3045    infeasible          29059.0000    13645.0000  3332275   53.04%
   8851  3055    14457.0000   346    29059.0000    13645.0000  3333296   53.04%
   8859  3056    13753.0000   481    29059.0000    13645.0000  3334966   53.04%
   8867  3064    14159.0000   378    29059.0000    13645.0000  3335764   53.04%
   8880  3073    13645.0000   484    29059.0000    13645.0000  3336451   53.04%
   8894  3082    13753.0000   494    29059.0000    13645.0000  3337441   53.04%
   8910  3096    14768.0000   128    29059.0000    13645.0000  3338333   53.04%
   8921  3102    14159.0000   436    29059.0000    13645.0000  3339018   53.04%
   8931  3107    13848.0000   464    29059.0000    13645.0000  3340012   53.04%
Elapsed time = 21509.12 sec. (5585398.76 ticks, tree = 33.59 MB, solutions = 1)
   8942  3109    14362.0000   265    29059.0000    13645.0000  3340809   53.04%
   8958  3115    14565.0000   341    29059.0000    13645.0000  3341895   53.04%
   8968  3115    14254.0000   515    29059.0000    13645.0000  3342916   53.04%
   8983  3121    13753.0000   939    29059.0000    13645.0000  3345536   53.04%
   8994  3123    13645.0000   779    29059.0000    13645.0000  3347725   53.04%
   9002  3127    13848.0000   744    29059.0000    13645.0000  3348627   53.04%
   9009  3130    13749.0000   758    29059.0000    13645.0000  3350291   53.04%
   9017  3130    13753.0000   568    29059.0000    13645.0000  3351461   53.04%
   9024  3133    infeasible          29059.0000    13645.0000  3351945   53.04%
   9039  3138    14159.0000   503    29059.0000    13645.0000  3354132   53.04%
Elapsed time = 21577.17 sec. (5626068.76 ticks, tree = 33.93 MB, solutions = 1)
   9053  3147    13956.0000   476    29059.0000    13645.0000  3356094   53.04%
   9075  3163    14565.0000   150    29059.0000    13645.0000  3356912   53.04%
   9093  3169    13848.0000   552    29059.0000    13645.0000  3358020   53.04%
   9107  3179    14159.0000   400    29059.0000    13645.0000  3359540   53.04%
   9120  3186    14051.0000   480    29059.0000    13645.0000  3360539   53.04%
   9129  3191    14159.0000   466    29059.0000    13645.0000  3361329   53.04%
   9143  3199    14362.0000   260    29059.0000    13645.0000  3362524   53.04%
   9158  3210    13753.0000   467    29059.0000    13645.0000  3363626   53.04%
   9168  3218    14362.0000   234    29059.0000    13645.0000  3364258   53.04%
   9189  3231    infeasible          29059.0000    13645.0000  3365621   53.04%
Elapsed time = 21641.37 sec. (5665563.11 ticks, tree = 34.94 MB, solutions = 1)
   9199  3233    13753.0000  1183    29059.0000    13645.0000  3368421   53.04%
   9203  3237    13848.0000   415    29059.0000    13645.0000  3369633   53.04%
   9216  3246    14743.0000   306    29059.0000    13645.0000  3370722   53.04%
   9227  3253    13740.0000   837    29059.0000    13645.0000  3374280   53.04%
   9235  3254    13645.0000   739    29059.0000    13645.0000  3375577   53.04%
   9246  3262    13645.3300   814    29059.0000    13645.0000  3377102   53.04%
   9250  3265    14134.0000   635    29059.0000    13645.0000  3377853   53.04%
   9259  3266    13952.0000   477    29059.0000    13645.0000  3379139   53.04%
   9267  3274    14362.0000   294    29059.0000    13645.0000  3379630   53.04%
   9284  3288    13792.5000   749    29059.0000    13645.0000  3380920   53.04%
Elapsed time = 21722.56 sec. (5711310.55 ticks, tree = 35.52 MB, solutions = 1)
   9288  3292    14337.0000   539    29059.0000    13645.0000  3381661   53.04%
   9297  3295    13753.0000   688    29059.0000    13645.0000  3382978   53.04%
   9304  3295    13645.2868   693    29059.0000    13645.0000  3385789   53.04%
   9309  3298    13753.2868   770    29059.0000    13645.0000  3386573   53.04%
   9327  3312    14743.2700   282    29059.0000    13645.0000  3388616   53.04%
   9338  3313    infeasible          29059.0000    13645.0000  3391359   53.04%
   9348  3319    13848.0000   511    29059.0000    13645.0000  3393808   53.04%
   9358  3325    13956.0000   470    29059.0000    13645.0000  3397436   53.04%
   9370  3332    13645.0000   713    29059.0000    13645.0000  3398386   53.04%
   9382  3340    infeasible          29059.0000    13645.0000  3399678   53.04%
Elapsed time = 21790.43 sec. (5752224.82 ticks, tree = 36.10 MB, solutions = 1)
   9395  3346    14159.0000   513    29059.0000    13645.0000  3400826   53.04%
   9406  3350    infeasible          29059.0000    13645.0000  3402339   53.04%
   9416  3356    14159.0000   366    29059.0000    13645.0000  3403879   53.04%
   9423  3358    13753.0000   668    29059.0000    13645.0000  3406675   53.04%
   9427  3360    13956.0000  1129    29059.0000    13645.0000  3407373   53.04%
   9436  3363    13848.0000   448    29059.0000    13645.0000  3410517   53.04%
   9451  3370    13956.0000   525    29059.0000    13645.0000  3412388   53.04%
   9461  3374    13753.0000   484    29059.0000    13645.0000  3413417   53.04%
   9476  3384    13956.0000   604    29059.0000    13645.0000  3414722   53.04%
   9486  3386    13651.5000   540    29059.0000    13645.0000  3416805   53.04%
Elapsed time = 21896.06 sec. (5794828.68 ticks, tree = 36.58 MB, solutions = 1)
   9497  3390    infeasible          29059.0000    13645.0000  3420445   53.04%
   9509  3399    14457.0000   230    29059.0000    13645.0000  3422665   53.04%
   9518  3404    14329.0000   553    29059.0000    13645.0000  3423982   53.04%
   9531  3410    13848.0000   724    29059.0000    13645.0000  3425967   53.04%
   9546  3423    14640.0000   192    29059.0000    13645.0000  3427743   53.04%
   9560  3430    13645.0000   498    29059.0000    13645.0000  3429678   53.04%
   9584  3445    14532.0000   496    29059.0000    13645.0000  3431352   53.04%
   9605  3459    14838.0000   258    29059.0000    13645.0000  3432968   53.04%
   9621  3467    13848.0000   560    29059.0000    13645.0000  3435966   53.04%
   9634  3474    14552.0000   416    29059.0000    13645.0000  3437286   53.04%
Elapsed time = 21977.95 sec. (5835364.46 ticks, tree = 37.51 MB, solutions = 1)
   9646  3481    14457.0000   466    29059.0000    13645.0000  3439805   53.04%
   9652  3485    14362.0000   551    29059.0000    13645.0000  3440721   53.04%
   9672  3496    14254.0000   339    29059.0000    13645.0000  3443081   53.04%
   9689  3503    14254.0000   381    29059.0000    13645.0000  3444495   53.04%
   9707  3513    13753.0000   677    29059.0000    13645.0000  3446258   53.04%
   9717  3514    13956.0000   406    29059.0000    13645.0000  3447509   53.04%
   9731  3520    infeasible          29059.0000    13645.0000  3449210   53.04%
   9746  3529    14159.0000   410    29059.0000    13645.0000  3451335   53.04%
   9762  3535    13645.0000   660    29059.0000    13645.0000  3453148   53.04%
   9780  3548    13956.0000   572    29059.0000    13645.0000  3455719   53.04%
Elapsed time = 22052.14 sec. (5875263.85 ticks, tree = 38.32 MB, solutions = 1)
   9796  3556    14159.0000   366    29059.0000    13645.0000  3457625   53.04%
   9807  3559    13645.0000   686    29059.0000    13645.0000  3459471   53.04%
   9817  3567    14159.0000   393    29059.0000    13645.0000  3460595   53.04%
   9830  3571    13753.0000   509    29059.0000    13645.0000  3463104   53.04%
   9838  3573    13645.0000   630    29059.0000    13645.0000  3464914   53.04%
   9848  3583    14966.0000   354    29059.0000    13645.0000  3465813   53.04%
   9868  3593    14051.0000   507    29059.0000    13645.0000  3467776   53.04%
   9880  3605    14763.0000   322    29059.0000    13645.0000  3468910   53.04%
   9894  3611    13956.0000   554    29059.0000    13645.0000  3470572   53.04%
   9902  3614    13753.0000  1434    29059.0000    13645.0000  3471308   53.04%
Elapsed time = 22121.85 sec. (5916068.80 ticks, tree = 39.02 MB, solutions = 1)
   9904  3616    13753.0000  1259    29059.0000    13645.0000  3473235   53.04%
   9906  3618    13848.0000  1316    29059.0000    13645.0000  3475037   53.04%
   9908  3620    13848.0000  1306    29059.0000    13645.0000  3476837   53.04%
   9910  3622    13956.0000  1123    29059.0000    13645.0000  3477476   53.04%
   9912  3622    14051.0000  1115    29059.0000    13645.0000  3477623   53.04%
   9926  3634    14254.0000   234    29059.0000    13645.0000  3480534   53.04%
   9931  3635    13956.0000  1236    29059.0000    13645.0000  3481087   53.04%
   9933  3635    infeasible          29059.0000    13645.0000  3481607   53.04%
   9941  3637    14051.0000   542    29059.0000    13645.0000  3482545   53.04%
   9960  3651    infeasible          29059.0000    13645.0000  3484438   53.04%
Elapsed time = 22279.25 sec. (5970983.66 ticks, tree = 39.40 MB, solutions = 1)
   9969  3659    14763.0000   277    29059.0000    13645.0000  3485560   53.04%
   9982  3668    14966.0000   454    29059.0000    13645.0000  3486911   53.04%
   9998  3676    14146.0000   480    29059.0000    13645.0000  3489086   53.04%
  10012  3680    infeasible          29059.0000    13645.0000  3491623   53.04%
  10023  3687    13943.0000   400    29059.0000    13645.0000  3492848   53.04%
  10032  3690    13956.0000   444    29059.0000    13645.0000  3493967   53.04%
  10045  3697    14159.0000   344    29059.0000    13645.0000  3494903   53.04%
  10059  3704    13956.0000   394    29059.0000    13645.0000  3496085   53.04%
  10072  3707    13828.0000   672    29059.0000    13645.0000  3499484   53.04%
  10087  3715    14254.0000   443    29059.0000    13645.0000  3502131   53.04%
Elapsed time = 22350.28 sec. (6011940.81 ticks, tree = 40.07 MB, solutions = 1)
  10101  3720    13645.0000   638    29059.0000    13645.0000  3503649   53.04%
  10115  3730    infeasible          29059.0000    13645.0000  3505264   53.04%
  10135  3735    infeasible          29059.0000    13645.0000  3507447   53.04%
  10143  3739    14357.0000   663    29059.0000    13645.0000  3509281   53.04%
  10154  3744    15041.0000   294    29059.0000    13645.0000  3511161   53.04%
  10167  3753    14933.0000   470    29059.0000    13645.0000  3513046   53.04%
  10177  3757    infeasible          29059.0000    13645.0000  3514229   53.04%
  10187  3762    14047.0000   630    29059.0000    13645.0000  3515425   53.04%
  10198  3763    13857.0000   486    29059.0000    13645.0000  3517824   53.04%
  10212  3765    13753.0000   518    29059.0000    13645.0000  3520246   53.04%
Elapsed time = 22410.37 sec. (6052623.54 ticks, tree = 40.61 MB, solutions = 1)
  10228  3772    14155.0000   552    29059.0000    13645.0000  3522334   53.04%
  10241  3778    13956.0000   474    29059.0000    13645.0000  3523936   53.04%
  10252  3783    13645.0000   506    29059.0000    13645.0000  3524927   53.04%
  10257  3788    14047.0000   348    29059.0000    13645.0000  3525870   53.04%
  10265  3794    15136.0000   206    29059.0000    13645.0000  3526540   53.04%
  10273  3798    14051.0000   315    29059.0000    13645.0000  3527223   53.04%
  10283  3808    15041.0000   306    29059.0000    13645.0000  3528051   53.04%
  10294  3811    infeasible          29059.0000    13645.0000  3528978   53.04%
  10299  3814    13952.2700   402    29059.0000    13645.0000  3529769   53.04%
  10304  3816    14060.0000   296    29059.0000    13645.0000  3530125   53.04%
Elapsed time = 22436.79 sec. (6094426.48 ticks, tree = 41.15 MB, solutions = 1)
  10311  3820    13956.0000   442    29059.0000    13645.0000  3530779   53.04%
  10326  3828    13645.0000   560    29059.0000    13645.0000  3531836   53.04%
  10331  3829    13956.0000   396    29059.0000    13645.0000  3532439   53.04%
  10337  3835    14358.0000   270    29059.0000    13645.0000  3532884   53.04%
  10348  3839    13753.0000   614    29059.0000    13645.0000  3534711   53.04%
  10355  3844    13956.0000   392    29059.0000    13645.0000  3535624   53.04%
  10365  3851    14060.0000   536    29059.0000    13645.0000  3536667   53.04%
  10372  3854    14362.0000   404    29059.0000    13645.0000  3537031   53.04%
  10377  3855    14743.0000   396    29059.0000    13645.0000  3537388   53.04%
  10383  3856    13645.0000   610    29059.0000    13645.0000  3537915   53.04%
Elapsed time = 22471.31 sec. (6135002.93 ticks, tree = 41.58 MB, solutions = 1)
  10393  3860    13753.0000   518    29059.0000    13645.0000  3539116   53.04%
  10406  3861    13956.0000   517    29059.0000    13645.0000  3539769   53.04%
  10414  3863    13753.0000   955    29059.0000    13645.0000  3540265   53.04%
  10419  3868    13956.0000   830    29059.0000    13645.0000  3541213   53.04%
  10431  3873    13753.0000   482    29059.0000    13645.0000  3543956   53.04%
  10444  3882    14254.0000   392    29059.0000    13645.0000  3544845   53.04%
  10457  3886    13956.0000   481    29059.0000    13645.0000  3546562   53.04%
  10468  3895    14362.2700   206    29059.0000    13645.0000  3547220   53.04%
  10480  3898    infeasible          29059.0000    13645.0000  3548219   53.04%
  10488  3900    infeasible          29059.0000    13645.0000  3550424   53.04%
Elapsed time = 22537.50 sec. (6174615.78 ticks, tree = 42.06 MB, solutions = 1)
  10505  3911    infeasible          29059.0000    13645.0000  3553275   53.04%
  10517  3921    13956.0000   492    29059.0000    13645.0000  3554747   53.04%
  10531  3931    13956.0000   538    29059.0000    13645.0000  3557142   53.04%
  10543  3938    13956.0000   413    29059.0000    13645.0000  3559742   53.04%
  10558  3948    13645.0000   893    29059.0000    13645.0000  3561131   53.04%
  10567  3954    13999.5000   387    29059.0000    13645.0000  3563115   53.04%
  10578  3960    13753.0000   644    29059.0000    13645.0000  3564249   53.04%
  10585  3967    13956.0000   356    29059.0000    13645.0000  3565307   53.04%
  10594  3976    14159.0000   343    29059.0000    13645.0000  3567175   53.04%
  10607  3988    14660.0000   220    29059.0000    13645.0000  3567779   53.04%
Elapsed time = 22605.71 sec. (6215081.69 ticks, tree = 43.00 MB, solutions = 1)
  10621  3996    13956.0000   734    29059.0000    13645.0000  3569238   53.04%
  10629  3998    13645.0000   855    29059.0000    13645.0000  3570844   53.04%
  10635  4001    14051.0000   489    29059.0000    13645.0000  3572153   53.04%
  10638  4001    13753.0000  1888    29059.0000    13645.0000  3573166   53.04%
  10640  4003    13753.0000  1586    29059.0000    13645.0000  3573786   53.04%
  10642  4005    13753.0000   890    29059.0000    13645.0000  3575787   53.04%
  10644  4007    13753.0000   588    29059.0000    13645.0000  3578412   53.04%
  10659  4014    13848.0000   736    29059.0000    13645.3300  3581385   53.04%
  10667  4017    13952.3300   805    29059.0000    13651.5000  3582323   53.02%
  10676  4017    13651.5000   458    29059.0000    13651.5000  3583109   53.02%
Elapsed time = 22697.94 sec. (6257975.25 ticks, tree = 43.30 MB, solutions = 1)
  10687  4024    14457.0000   268    29059.0000    13651.5000  3584827   53.02%
  10696  4026    14159.0000   336    29059.0000    13651.5000  3585870   53.02%
  10709  4026    13753.0000   566    29059.0000    13651.5000  3588063   53.02%
  10722  4035    14159.0000   436    29059.0000    13651.5000  3589547   53.02%
  10738  4044    13848.0000   417    29059.0000    13651.5000  3591364   53.02%
  10752  4050    infeasible          29059.0000    13651.5000  3592489   53.02%
  10762  4050    13753.0000   566    29059.0000    13651.5000  3593712   53.02%
  10770  4049    infeasible          29059.0000    13651.5000  3595424   53.02%
  10782  4056    infeasible          29059.0000    13651.5000  3596365   53.02%
  10798  4065    14872.0000   236    29059.0000    13651.5000  3597614   53.02%
Elapsed time = 22765.84 sec. (6297980.02 ticks, tree = 43.83 MB, solutions = 1)
  10812  4072    14362.0000   307    29059.0000    13651.5000  3598693   53.02%
  10826  4078    13753.0000   642    29059.0000    13651.5000  3601421   53.02%
  10841  4086    13651.5000   694    29059.0000    13651.5000  3604409   53.02%
  10853  4096    14159.0000   380    29059.0000    13651.5000  3606217   53.02%
  10865  4103    infeasible          29059.0000    13651.5000  3608139   53.02%
  10878  4111    13753.0000   682    29059.0000    13651.5000  3609887   53.02%
  10889  4117    14633.0000   562    29059.0000    13651.5000  3611624   53.02%
  10900  4123    14728.0000   590    29059.0000    13651.5000  3613152   53.02%
  10912  4131    14337.2700   522    29059.0000    13651.5000  3614847   53.02%
  10958  4162    14362.0000   386    29059.0000    13651.5000  3618941   53.02%
Elapsed time = 22851.36 sec. (6349469.20 ticks, tree = 45.01 MB, solutions = 1)
  11006  4193    14060.0000   320    29059.0000    13651.5000  3623984   53.02%
  11058  4214    13753.0000   472    29059.0000    13654.0000  3628667   53.01%
  11106  4232    13952.0000   501    29059.0000    13654.0000  3635488   53.01%
  11148  4250    14437.0000   338    29059.0000    13654.0000  3639338   53.01%
  11204  4274    14437.0000   427    29059.0000    13654.0000  3646212   53.01%
  11243  4293    14060.0000   578    29059.0000    13654.0000  3651997   53.01%
  11279  4311    13753.0000   479    29059.0000    13654.0000  3655729   53.01%
  11314  4321    13956.0000  1115    29059.0000    13654.0000  3660868   53.01%
  11351  4333    13952.0000   491    29059.0000    13654.0000  3667818   53.01%
  11398  4358    13857.0000   711    29059.0000    13654.0000  3672672   53.01%
Elapsed time = 23077.28 sec. (6503745.48 ticks, tree = 47.14 MB, solutions = 1)
  11439  4378    14540.0000   346    29059.0000    13654.0000  3677644   53.01%
  11480  4398    13956.0000   838    29059.0000    13654.0000  3682616   53.01%
  11499  4401    13857.0000  1819    29059.0000    13654.0000  3689214   53.01%
  11520  4405    13654.0000   820    29059.0000    13654.0000  3695774   53.01%
  11554  4428    14741.0000   434    29059.0000    13654.0000  3701426   53.01%
  11577  4432    14060.0000   830    29059.0000    13654.0000  3710760   53.01%
  11626  4459    15368.0000   188    29059.0000    13654.0000  3716806   53.01%
  11674  4494    13857.0000   710    29059.0000    13654.0000  3721866   53.01%
  11697  4504    13753.0000   589    29059.0000    13654.0000  3724473   53.01%
  11741  4528    14159.0000   200    29059.0000    13654.0000  3727785   53.01%
Elapsed time = 23330.31 sec. (6660971.33 ticks, tree = 48.97 MB, solutions = 1)
  11807  4570    13654.0000   660    29059.0000    13654.0000  3731606   53.01%
  11833  4577    infeasible          29059.0000    13654.0000  3735505   53.01%
  11852  4583    13857.0000  1369    29059.0000    13654.0000  3739840   53.01%
  11859  4588    infeasible          29059.0000    13654.0000  3742798   53.01%
  11875  4596    13749.0000   565    29059.0000    13654.0000  3746489   53.01%
  11913  4612    infeasible          29059.0000    13654.0000  3753655   53.01%
  11938  4621    infeasible          29059.0000    13654.0000  3760153   53.01%
  11947  4626    13749.0000  1478    29059.0000    13654.0000  3764371   53.01%
  11956  4630    13857.0000  1491    29059.0000    13654.0000  3771841   53.01%
  11970  4641    14159.0000   713    29059.0000    13654.0000  3779621   53.01%
Elapsed time = 23699.16 sec. (6818382.46 ticks, tree = 50.15 MB, solutions = 1)
  11985  4647    13654.0000  1716    29059.0000    13654.0000  3786208   53.01%
  11999  4651    13857.0000   595    29059.0000    13654.0000  3796994   53.01%
  12019  4665    13952.0000   504    29059.0000    13654.0000  3801793   53.01%
  12060  4687    14565.0000   484    29059.0000    13654.0000  3808490   53.01%
  12092  4692    14155.0000   660    29059.0000    13654.0000  3815478   53.01%
  12127  4702    14540.0000   378    29059.0000    13699.0000  3820310   52.86%
  12152  4712    13857.0000  1381    29059.0000    13720.0000  3826176   52.79%
  12177  4727    13728.0000   703    29059.0000    13728.0000  3830638   52.76%
  12191  4737    14944.0000   527    29059.0000    13728.0000  3831839   52.76%
  12214  4750    14159.0000   620    29059.0000    13728.0000  3834965   52.76%
Elapsed time = 23890.60 sec. (6978525.71 ticks, tree = 51.29 MB, solutions = 1)
  12250  4760    13728.0000   708    29059.0000    13728.0000  3840234   52.76%
  12280  4780    13931.0000   974    29059.0000    13728.0000  3844235   52.76%
  12318  4798    infeasible          29059.0000    13728.2700  3853550   52.76%
  12352  4825    14635.0000   508    29059.0000    13728.2700  3858740   52.76%
  12363  4832    14134.0000  1555    29059.0000    13740.0000  3865884   52.72%
  12413  4844    13956.0000   681    29059.0000    13740.0000  3871272   52.72%
  12454  4875    14565.0000   408    29059.0000    13740.0000  3876662   52.72%
  12490  4883    14051.0000   762    29059.0000    13740.0000  3882188   52.72%
  12543  4917    14457.0000   372    29059.0000    13740.0000  3887853   52.72%
  12595  4928    14159.0000   354    29059.0000    13749.0000  3897532   52.69%
Elapsed time = 24031.16 sec. (7135661.93 ticks, tree = 53.26 MB, solutions = 1)
  12651  4953    13844.0000   522    29059.0000    13749.0000  3902828   52.69%
  12688  4955    infeasible          29059.0000    13749.0000  3907746   52.69%
  12751  4995    infeasible          29059.0000    13749.0000  3912150   52.69%
  12816  5025    infeasible          29059.0000    13749.0000  3919341   52.69%
  12853  5033    13857.0000  1227    29059.0000    13749.0000  3925634   52.69%
  12880  5044    13952.0000   580    29059.0000    13749.3300  3930351   52.68%
  12942  5069    13956.0000   422    29059.0000    13753.0000  3938434   52.67%
  12989  5092    14362.0000   416    29059.0000    13753.0000  3942204   52.67%
  13052  5119    13956.0000   334    29059.0000    13753.0000  3949319   52.67%
  13106  5153    13956.0000   450    29059.0000    13753.0000  3952946   52.67%
Elapsed time = 24167.69 sec. (7290444.18 ticks, tree = 55.73 MB, solutions = 1)
  13164  5182    14159.0000   281    29059.0000    13753.0000  3959100   52.67%
  13229  5225    14743.0000   285    29059.0000    13753.0000  3963552   52.67%
  13288  5258    14263.0000   432    29059.0000    13753.0000  3967703   52.67%
  13336  5272    14334.0000   389    29059.0000    13753.0000  3971892   52.67%
  13389  5297    13956.0000   516    29059.0000    13753.0000  3977002   52.67%
  13447  5329    13956.0000   516    29059.0000    13753.0000  3983652   52.67%
  13496  5355    13956.0000   504    29059.0000    13753.0000  3990426   52.67%
  13541  5370    14159.0000   410    29059.0000    13753.0000  3995040   52.67%
  13601  5403    13753.0000   628    29059.0000    13753.0000  4000499   52.67%
  13638  5410    infeasible          29059.0000    13753.0000  4004485   52.67%
Elapsed time = 24300.72 sec. (7444815.25 ticks, tree = 58.56 MB, solutions = 1)
  13691  5441    14437.0000   454    29059.0000    13753.0000  4011755   52.67%
  13747  5455    14159.0000   428    29059.0000    13753.0000  4017546   52.67%
  13792  5472    14743.0000   358    29059.0000    13753.0000  4021568   52.67%
  13848  5510    14743.0000   284    29059.0000    13753.0000  4026029   52.67%
  13901  5532    13952.0000   501    29059.0000    13753.0000  4031125   52.67%
  13959  5556    infeasible          29059.0000    13753.0000  4037738   52.67%
  14010  5584    13857.0000   686    29059.0000    13753.0000  4045805   52.67%
  14074  5611    14966.0000   304    29059.0000    13753.0000  4051831   52.67%
  14122  5637    13956.0000   386    29059.0000    13753.0000  4057399   52.67%
  14179  5660    infeasible          29059.0000    13753.0000  4062879   52.67%
Elapsed time = 24427.27 sec. (7598902.09 ticks, tree = 61.28 MB, solutions = 1)
  14244  5682    14146.0000   380    29059.0000    13753.0000  4067174   52.67%
  14302  5705    13753.0000   431    29059.0000    13753.0000  4074473   52.67%
  14360  5737    14560.0000   352    29059.0000    13753.0000  4081947   52.67%
  14425  5781    14051.0000   460    29059.0000    13753.0000  4088657   52.67%
  14475  5800    14560.0000   303    29059.0000    13753.0000  4095594   52.67%
  14523  5827    14565.0000   355    29059.0000    13753.0000  4098857   52.67%
  14580  5859    13848.0000   476    29059.0000    13753.0000  4104506   52.67%
  14624  5884    14763.0000   295    29059.0000    13753.0000  4111058   52.67%
  14679  5916    infeasible          29059.0000    13753.0000  4115776   52.67%
  14730  5947    15046.0000   298    29059.0000    13753.0000  4120566   52.67%
Elapsed time = 24561.80 sec. (7752994.81 ticks, tree = 64.39 MB, solutions = 1)
  14777  5975    infeasible          29059.0000    13753.0000  4123671   52.67%
  14840  6020    14155.0000   470    29059.0000    13753.0000  4127688   52.67%
  14898  6042    13753.0000   689    29059.0000    13753.0000  4133202   52.67%
  14954  6066    infeasible          29059.0000    13753.0000  4138636   52.67%
  15006  6095    13956.0000   568    29059.0000    13753.0000  4146017   52.67%
  15071  6131    14159.0000   450    29059.0000    13753.0000  4150989   52.67%
  15122  6153    14741.0000   538    29059.0000    13753.0000  4157402   52.67%
  15178  6190    infeasible          29059.0000    13753.0000  4161894   52.67%
  15224  6209    14159.0000   373    29059.0000    13753.0000  4165255   52.67%
  15277  6233    14858.0000   300    29059.0000    13753.0000  4172973   52.67%
Elapsed time = 24696.25 sec. (7907464.53 ticks, tree = 67.51 MB, solutions = 1)
  15327  6255    14051.0000   348    29059.0000    13753.0000  4177632   52.67%
  15378  6277    infeasible          29059.0000    13753.0000  4181573   52.67%
  15428  6300    14159.0000   499    29059.0000    13753.0000  4188560   52.67%
  15476  6326    14660.0000   220    29059.0000    13753.0000  4192670   52.67%
  15527  6350    13848.0000   598    29059.0000    13753.0000  4196277   52.67%
  15583  6366    infeasible          29059.0000    13753.0000  4202817   52.67%
  15638  6376    13753.0000   623    29059.0000    13753.0000  4208727   52.67%
  15694  6399    13956.0000   394    29059.0000    13753.0000  4213149   52.67%
  15749  6413    14254.0000   367    29059.0000    13753.0000  4220157   52.67%
  15796  6429    13857.0000   676    29059.0000    13753.0000  4226367   52.67%
Elapsed time = 24838.48 sec. (8062186.78 ticks, tree = 69.62 MB, solutions = 1)
  15828  6437    13753.0000  1307    29059.0000    13753.0000  4233153   52.67%
  15857  6450    infeasible          29059.0000    13753.0000  4236714   52.67%
  15894  6466    14743.0000   458    29059.0000    13753.0000  4240637   52.67%
  15956  6498    13753.0000   424    29059.0000    13753.0000  4247405   52.67%
  16001  6504    14159.0000   538    29059.0000    13753.0000  4250029   52.67%
  16063  6536    infeasible          29059.0000    13753.0000  4255472   52.67%
  16115  6542    infeasible          29059.0000    13753.0000  4259724   52.67%
  16162  6560    infeasible          29059.0000    13753.0000  4262607   52.67%
  16213  6584    13956.0000   479    29059.0000    13753.0000  4268581   52.67%
  16269  6597    13956.0000   452    29059.0000    13753.0000  4273821   52.67%
Elapsed time = 24992.98 sec. (8216607.05 ticks, tree = 71.42 MB, solutions = 1)
  16316  6614    13848.0000   524    29059.0000    13753.0000  4278919   52.67%
  16366  6633    13753.0000   658    29059.0000    13753.0000  4284361   52.67%
  16414  6655    13956.0000   455    29059.0000    13753.0000  4288151   52.67%
  16450  6665    infeasible          29059.0000    13753.0000  4292381   52.67%
  16502  6682    13753.0000   688    29059.0000    13753.0000  4301435   52.67%
  16546  6692    14051.0000   463    29059.0000    13753.0000  4306738   52.67%
  16602  6726    13952.0000   486    29059.0000    13753.0000  4311885   52.67%
  16659  6754    14560.0000   250    29059.0000    13753.0000  4316507   52.67%
  16703  6767    14159.0000   366    29059.0000    13753.0000  4321879   52.67%
  16758  6791    infeasible          29059.0000    13753.0000  4329928   52.67%
Elapsed time = 25114.97 sec. (8371171.59 ticks, tree = 73.54 MB, solutions = 1)
  16797  6814    14565.0000   182    29059.0000    13753.0000  4334615   52.67%
  16846  6824    13753.0000   400    29059.0000    13753.0000  4342151   52.67%
  16903  6847    14159.2700   300    29059.0000    13753.0000  4347847   52.67%
  16949  6862    13956.0000   404    29059.0000    13753.0000  4352965   52.67%
  16999  6882    13956.0000   432    29059.0000    13753.0000  4357412   52.67%
  17064  6903    14159.0000   388    29059.0000    13753.0000  4363211   52.67%
  17119  6920    14763.0000   419    29059.0000    13753.0000  4369746   52.67%
  17175  6946    14362.0000   372    29059.0000    13753.0000  4376389   52.67%
  17233  6967    14958.0000   237    29059.0000    13753.0000  4379927   52.67%
  17282  6981    14126.0000   448    29059.0000    13753.0000  4383584   52.67%
Elapsed time = 25256.73 sec. (8525621.14 ticks, tree = 75.57 MB, solutions = 1)
  17333  6992    13848.0000   590    29059.0000    13753.0000  4390488   52.67%
  17375  7008    13956.0000   522    29059.0000    13753.0000  4393335   52.67%
  17410  7024    14159.0000   637    29059.0000    13753.0000  4398796   52.67%
  17428  7031    13956.0000  1282    29059.0000    13753.0000  4405920   52.67%
  17443  7037    14362.0000   306    29059.0000    13753.0000  4408217   52.67%
  17482  7060    infeasible          29059.0000    13753.0000  4414207   52.67%
  17540  7074    infeasible          29059.0000    13753.0000  4420052   52.67%
  17596  7110    14560.0000   537    29059.0000    13753.0000  4425419   52.67%
  17645  7125    13956.0000   378    29059.0000    13753.0000  4432218   52.67%
  17694  7138    infeasible          29059.0000    13753.0000  4439217   52.67%
Elapsed time = 25412.39 sec. (8681856.25 ticks, tree = 77.26 MB, solutions = 1)
  17745  7154    13753.0000  1022    29059.0000    13753.0000  4447480   52.67%
  17776  7164    13956.0000   537    29059.0000    13753.0000  4453253   52.67%
  17823  7186    infeasible          29059.0000    13753.0000  4458521   52.67%
  17872  7202    infeasible          29059.0000    13753.0000  4463663   52.67%
  17923  7230    14159.0000   452    29059.0000    13753.0000  4471749   52.67%
  17968  7255    14159.0000   479    29059.0000    13753.0000  4476268   52.67%
  18026  7291    14159.0000   291    29059.0000    13753.0000  4482059   52.67%
  18079  7308    13956.0000  1629    29059.0000    13753.0000  4488173   52.67%
  18120  7328    14362.0000   247    29059.0000    13753.0000  4492634   52.67%
  18203  7387    14159.0000   506    29059.0000    13753.0000  4499185   52.67%
Elapsed time = 25569.86 sec. (8836616.77 ticks, tree = 79.92 MB, solutions = 1)
  18263  7422    14051.0000   434    29059.0000    13753.0000  4506145   52.67%
  18336  7466    13956.0000   517    29059.0000    13753.0000  4514187   52.67%
  18372  7483    13753.0000   632    29059.0000    13753.0000  4520285   52.67%
  18419  7507    14159.0000   638    29059.0000    13753.0000  4525030   52.67%
  18463  7527    13753.0000   624    29059.0000    13753.0000  4530678   52.67%
  18514  7553    13956.0000   537    29059.0000    13753.0000  4536012   52.67%
  18550  7574    14159.0000   322    29059.0000    13753.0000  4539783   52.67%
  18607  7584    infeasible          29059.0000    13753.0000  4543317   52.67%
  18673  7617    infeasible          29059.0000    13753.0000  4549169   52.67%
  18707  7634    13956.0000   530    29059.0000    13753.0000  4553930   52.67%
Elapsed time = 25712.16 sec. (8991003.34 ticks, tree = 82.60 MB, solutions = 1)
  18745  7656    14159.0000   466    29059.0000    13753.0000  4557733   52.67%
  18790  7677    13943.0000   460    29059.0000    13753.0000  4564180   52.67%
  18847  7704    13956.0000   440    29059.0000    13753.0000  4570495   52.67%
  18899  7716    infeasible          29059.0000    13753.0000  4577636   52.67%
  18934  7731    13956.0000   766    29059.0000    13753.0000  4582702   52.67%
  18987  7748    13956.0000   520    29059.0000    13753.0000  4587852   52.67%
  18997  7754    13848.0000   374    29059.0000    13753.0000  4589018   52.67%
  19061  7790    14159.0000   426    29059.0000    13753.0000  4595474   52.67%
  19108  7807    13848.0000   547    29059.0000    13753.0000  4600078   52.67%
  19158  7813    13956.0000   628    29059.0000    13753.0000  4609763   52.67%
Elapsed time = 25856.57 sec. (9146257.30 ticks, tree = 84.52 MB, solutions = 1)
  19205  7827    13956.0000   698    29059.0000    13753.0000  4613616   52.67%
  19246  7843    14640.0000   450    29059.0000    13753.0000  4617718   52.67%
  19286  7846    13753.0000   684    29059.0000    13753.0000  4622074   52.67%
  19336  7864    13956.0000   411    29059.0000    13753.0000  4627671   52.67%
  19397  7894    13848.0000   598    29059.0000    13753.0000  4631805   52.67%
  19418  7904    infeasible          29059.0000    13753.0000  4639877   52.67%
  19448  7918    14741.0000   665    29059.0000    13753.0000  4647718   52.67%
  19498  7937    14669.0000   308    29059.0000    13753.0000  4656027   52.67%
  19551  7953    infeasible          29059.0000    13753.0000  4661231   52.67%
  19623  7979    13956.0000   320    29059.0000    13753.0000  4667936   52.67%
Elapsed time = 26006.36 sec. (9301853.02 ticks, tree = 86.30 MB, solutions = 1)
  19718  8039    14159.0000   396    29059.0000    13753.0000  4673612   52.67%
  19774  8052    13956.0000   439    29059.0000    13753.0000  4681065   52.67%
  19804  8060    13956.0000   508    29059.0000    13753.0000  4685820   52.67%
  19824  8064    infeasible          29059.0000    13753.0000  4690470   52.67%
  19872  8086    infeasible          29059.0000    13753.0000  4696575   52.67%
  19913  8089    infeasible          29059.0000    13753.0000  4701978   52.67%
  19975  8118    infeasible          29059.0000    13753.0000  4709203   52.67%
  20026  8135    14159.0000   372    29059.0000    13753.0000  4717635   52.67%
  20081  8143    13753.0000   506    29059.0000    13753.0000  4728813   52.67%
  20162  8185    13956.0000   405    29059.0000    13753.0000  4736505   52.67%
Elapsed time = 26173.45 sec. (9459073.73 ticks, tree = 88.48 MB, solutions = 1)
  20207  8196    infeasible          29059.0000    13753.0000  4741252   52.67%
  20270  8209    infeasible          29059.0000    13753.0000  4749923   52.67%
  20330  8234    14051.0000  1734    29059.0000    13753.0000  4757743   52.67%
  20368  8248    15046.0000   390    29059.0000    13753.0000  4762322   52.67%
  20410  8266    14254.0000   336    29059.0000    13753.0000  4768470   52.67%
  20463  8288    infeasible          29059.0000    13753.0000  4778211   52.67%
  20524  8315    13753.0000  1289    29059.0000    13753.0000  4786387   52.67%
  20561  8333    14254.0000   338    29059.0000    13753.0000  4792213   52.67%
  20612  8369    13956.0000   444    29059.0000    13753.0000  4796742   52.67%
  20652  8374    14159.0000   368    29059.0000    13753.0000  4801952   52.67%
Elapsed time = 26311.37 sec. (9617943.93 ticks, tree = 90.86 MB, solutions = 1)
  20696  8383    14362.0000   374    29059.0000    13753.0000  4805820   52.67%
  20758  8422    13753.0000   502    29059.0000    13753.0000  4811043   52.67%
  20807  8433    13956.0000   541    29059.0000    13753.0000  4816840   52.67%
  20816  8440    14159.0000   284    29059.0000    13753.0000  4820090   52.67%
  20860  8457    14159.0000   357    29059.0000    13753.0000  4825853   52.67%
  20904  8482    13956.0000   474    29059.0000    13753.0000  4831382   52.67%
  20963  8529    13956.0000   356    29059.0000    13753.0000  4835741   52.67%
  21007  8554    13956.0000   618    29059.0000    13753.0000  4840876   52.67%
  21059  8577    14159.0000   362    29059.0000    13753.0000  4847845   52.67%
  21125  8595    13848.0000   552    29059.0000    13753.0000  4855498   52.67%
Elapsed time = 26441.16 sec. (9776274.36 ticks, tree = 93.24 MB, solutions = 1)
  21170  8617    14337.0000   289    29059.0000    13753.0000  4858922   52.67%
  21222  8635    14362.0000   440    29059.0000    13753.0000  4864191   52.67%
  21264  8662    14051.0000   439    29059.0000    13753.0000  4867629   52.67%
  21313  8677    14763.0000   441    29059.0000    13753.0000  4872022   52.67%
  21359  8690    14362.0000   418    29059.0000    13753.0000  4882555   52.67%
  21378  8698    13956.0000   427    29059.0000    13753.0000  4887989   52.67%
  21425  8705    14159.0000   432    29059.0000    13753.0000  4896209   52.67%
  21441  8710    13848.0000  1313    29059.0000    13753.0000  4905273   52.67%
  21463  8725    14741.0000  1721    29059.0000    13753.0000  4910752   52.67%
  21479  8734    13956.3300   566    29059.0000    13753.0000  4915537   52.67%
Elapsed time = 26600.72 sec. (9933708.26 ticks, tree = 94.74 MB, solutions = 1)
  21489  8738    14159.0000  1281    29059.0000    13753.0000  4918946   52.67%
  21529  8752    13753.0000   575    29059.0000    13753.0000  4928843   52.67%
  21570  8778    14337.0000   200    29059.0000    13753.0000  4934361   52.67%
  21618  8802    infeasible          29059.0000    13753.0000  4940321   52.67%
  21663  8823    14457.0000   242    29059.0000    13753.0000  4946392   52.67%
  21721  8835    13753.0000  1466    29059.0000    13753.0000  4954063   52.67%
  21777  8854    13956.0000   602    29059.0000    13753.0000  4961216   52.67%
  21824  8873    14362.0000   278    29059.0000    13753.0000  4966323   52.67%
  21870  8885    13753.0000   576    29059.0000    13753.0000  4972972   52.67%
  21919  8918    14640.0000   234    29059.0000    13753.0000  4977858   52.67%
Elapsed time = 26751.76 sec. (10090814.84 ticks, tree = 96.68 MB, solutions = 1)
  21966  8920    infeasible          29059.0000    13753.0000  4983337   52.67%
  22007  8932    14362.0000   378    29059.0000    13753.0000  4990013   52.67%
  22056  8955    13956.0000   503    29059.0000    13753.0000  4998683   52.67%
  22105  8974    13956.0000   618    29059.0000    13753.0000  5004826   52.67%
  22165  9007    13956.0000   612    29059.0000    13753.0000  5010862   52.67%
  22212  9036    14971.0000   181    29059.0000    13753.0000  5017980   52.67%
  22261  9052    infeasible          29059.0000    13753.0000  5024832   52.67%
  22302  9066    13956.0000  1426    29059.0000    13753.0000  5031930   52.67%
  22334  9074    13956.0000   679    29059.0000    13753.0000  5038004   52.67%
  22379  9085    13956.0000   754    29059.0000    13753.0000  5046524   52.67%
Elapsed time = 26900.64 sec. (10248318.53 ticks, tree = 98.49 MB, solutions = 1)
  22421  9100    13753.0000   873    29059.0000    13753.0000  5052808   52.67%
  22458  9108    13753.0000   536    29059.0000    13753.0000  5058468   52.67%
  22497  9131    13956.0000   467    29059.0000    13753.0000  5063115   52.67%
  22535  9155    14763.0000   363    29059.0000    13753.0000  5066692   52.67%
  22576  9163    13956.0000   330    29059.0000    13753.0000  5071366   52.67%
  22598  9173    14560.0000   419    29059.0000    13753.0000  5080772   52.67%
  22636  9181    14560.0000   328    29059.0000    13753.0000  5091527   52.67%
  22672  9203    13956.0000   362    29059.0000    13753.0000  5094663   52.67%
  22705  9209    13956.0000   558    29059.0000    13753.0000  5099475   52.67%
  22732  9214    infeasible          29059.0000    13753.0000  5102318   52.67%
Elapsed time = 27043.75 sec. (10403310.16 ticks, tree = 99.88 MB, solutions = 1)
  22778  9242    13800.5000   535    29059.0000    13753.0000  5106910   52.67%
  22812  9247    infeasible          29059.0000    13753.0000  5110264   52.67%
  22863  9283    13753.3621   504    29059.0000    13753.0000  5114598   52.67%
  22880  9291    infeasible          29059.0000    13753.0000  5116473   52.67%
  22885  9296    13956.0000  1295    29059.0000    13753.0000  5118482   52.67%
  22893  9300    14159.0000  1436    29059.0000    13753.0000  5121027   52.67%
  22907  9310    13848.0000  1308    29059.0000    13753.0000  5123838   52.67%
  22915  9310    13848.0000  1312    29059.0000    13753.0000  5126216   52.67%
  22923  9311    13956.0000  1631    29059.0000    13753.0000  5129581   52.67%
  22952  9320    14159.0000   681    29059.0000    13753.0000  5133777   52.67%
Elapsed time = 27228.39 sec. (10567576.02 ticks, tree = 101.00 MB, solutions = 1)
  22987  9330    13956.0000   424    29059.0000    13753.0000  5140445   52.67%
  23033  9351    13956.0000   600    29059.0000    13753.0000  5147351   52.67%
  23076  9358    14560.0000   402    29059.0000    13753.0000  5154688   52.67%
  23115  9372    14043.0000  1530    29059.0000    13753.0000  5162249   52.67%
  23166  9385    infeasible          29059.0000    13753.0000  5170349   52.67%
  23204  9398    13848.0000   538    29059.0000    13753.0000  5175253   52.67%
  23234  9409    13956.0000   485    29059.0000    13753.0000  5181082   52.67%
  23290  9433    14362.0000   234    29059.0000    13753.0000  5188925   52.67%
  23321  9451    13753.0000  1075    29059.0000    13753.0000  5194126   52.67%
  23346  9447    infeasible          29059.0000    13753.0000  5201258   52.67%
Elapsed time = 27377.82 sec. (10726204.08 ticks, tree = 102.36 MB, solutions = 1)
  23374  9452    14858.0000   446    29059.0000    13753.0000  5207230   52.67%
  23421  9469    13956.0000   699    29059.0000    13753.0000  5212259   52.67%
  23446  9474    infeasible          29059.0000    13753.0000  5218643   52.67%
  23473  9486    13848.0000   608    29059.0000    13753.0000  5225076   52.67%
  23504  9508    13848.0000   973    29059.0000    13753.0000  5229005   52.67%
  23543  9534    infeasible          29059.0000    13753.0000  5232937   52.67%
  23558  9540    13857.0000  1487    29059.0000    13753.0000  5238870   52.67%
  23575  9544    infeasible          29059.0000    13753.0000  5244374   52.67%
  23612  9556    13956.2700   535    29059.0000    13753.0000  5249292   52.67%
  23669  9593    13943.0000   613    29059.0000    13753.0000  5255118   52.67%
Elapsed time = 27522.79 sec. (10883054.38 ticks, tree = 103.91 MB, solutions = 1)
  23712  9595    13753.0000   642    29059.0000    13753.0000  5261870   52.67%
  23749  9607    14362.0000   276    29059.0000    13753.0000  5267051   52.67%
  23800  9634    14560.0000   524    29059.0000    13753.0000  5273266   52.67%
  23866  9681    13753.0000   565    29059.0000    13753.0000  5279944   52.67%
  23933  9725    14763.0000   377    29059.0000    13753.0000  5286893   52.67%
  23987  9751    14565.0000   342    29059.0000    13753.0000  5294087   52.67%
  24017  9758    14640.0000  1602    29059.0000    13753.0000  5299757   52.67%
  24023  9762    14640.0000  1353    29059.0000    13753.0000  5301511   52.67%
  24028  9767    14640.0000  1279    29059.0000    13753.0000  5304054   52.67%
  24044  9777    13956.0000  1417    29059.0000    13753.0000  5307600   52.67%
Elapsed time = 27696.77 sec. (11043619.80 ticks, tree = 105.87 MB, solutions = 1)
  24051  9780    13956.0000   887    29059.0000    13753.0000  5310608   52.67%
  24058  9781    14159.0000  1645    29059.0000    13753.0000  5312352   52.67%
  24067  9785    13753.0000  1678    29059.0000    13753.0000  5316946   52.67%
  24072  9786    infeasible          29059.0000    13753.0000  5317777   52.67%
  24107  9796    13753.0000  1072    29059.0000    13753.0000  5324063   52.67%
  24131  9804    13848.0000  1836    29059.0000    13753.0000  5330670   52.67%
  24136  9807    13956.0000  1499    29059.0000    13753.0000  5333187   52.67%
  24143  9808    13753.0000  1806    29059.0000    13753.0000  5334136   52.67%
  24148  9811    13956.0000   993    29059.0000    13753.0000  5337428   52.67%
  24156  9816    14159.0000  1351    29059.0000    13753.0000  5340823   52.67%
Elapsed time = 28052.22 sec. (11205343.08 ticks, tree = 106.26 MB, solutions = 1)
  24162  9818    13753.0000  1363    29059.0000    13753.0000  5343865   52.67%
  24171  9823    13753.0000  1369    29059.0000    13753.0000  5347760   52.67%
  24178  9825    14159.0000  1301    29059.0000    13753.0000  5349304   52.67%
  24192  9833    13956.0000  1299    29059.0000    13753.0000  5352184   52.67%
  24198  9837    14159.0000  1363    29059.0000    13753.0000  5354055   52.67%
  24216  9850    13956.0000   534    29059.0000    13753.0000  5355931   52.67%
  24224  9854    14159.0000  1264    29059.0000    13753.0000  5358883   52.67%
  24245  9867    13753.0000  1435    29059.0000    13753.0000  5362324   52.67%
  24258  9874    13956.0000  1366    29059.0000    13753.0000  5367479   52.67%
  24277  9880    13848.0000  1001    29059.0000    13753.0000  5374961   52.67%
Elapsed time = 28475.59 sec. (11373884.01 ticks, tree = 106.89 MB, solutions = 1)
  24300  9888    infeasible          29059.0000    13753.0000  5386967   52.67%
  24315  9898    13956.0000   562    29059.0000    13753.0000  5393481   52.67%
  24336  9906    13753.0000  1353    29059.0000    13753.0000  5398001   52.67%
  24351  9921    14966.0000   300    29059.0000    13753.0000  5401939   52.67%
  24372  9927    13848.0000  1251    29059.0000    13753.0000  5407827   52.67%
  24394  9932    infeasible          29059.0000    13753.0000  5416742   52.67%
  24418  9939    infeasible          29059.0000    13753.0000  5421951   52.67%
  24443  9947    13753.0000   780    29059.0000    13753.0000  5425774   52.67%
  24468  9952    13753.0000   706    29059.0000    13753.0000  5430194   52.67%
  24533  9973    13956.0000   414    29059.0000    13753.0000  5437780   52.67%
Elapsed time = 28845.01 sec. (11533489.46 ticks, tree = 107.86 MB, solutions = 1)
  24549  9974    13753.0000  1048    29059.0000    13753.0000  5446510   52.67%
  24569  9981    infeasible          29059.0000    13753.0000  5458982   52.67%
  24602 10007    14159.0000   478    29059.0000    13753.0000  5463048   52.67%
  24647 10025    14946.0000   277    29059.0000    13753.0000  5468916   52.67%
  24690 10048    14159.0000   529    29059.0000    13753.0000  5474326   52.67%
  24718 10062    13753.0000  1710    29059.0000    13753.0000  5478535   52.67%
  24743 10076    13753.0000  1856    29059.0000    13753.0000  5484882   52.67%
  24754 10080    13848.0000  1335    29059.0000    13753.0000  5490679   52.67%
  24759 10085    14051.0000  1168    29059.0000    13753.0000  5492213   52.67%
  24764 10090    14159.0000  1079    29059.0000    13753.0000  5492814   52.67%
Elapsed time = 29184.37 sec. (11697013.31 ticks, tree = 109.07 MB, solutions = 1)
  24803 10111    14362.0000   276    29059.0000    13753.0000  5504028   52.67%
  24824 10118    13956.0000  1419    29059.0000    13753.0000  5508459   52.67%
  24829 10121    14159.0000  1462    29059.0000    13753.0000  5510896   52.67%
  24834 10124    14159.0000   484    29059.0000    13753.0000  5511964   52.67%
  24868 10134    13753.0000   567    29059.0000    13753.0000  5518746   52.67%
  24892 10152    13753.0000  1439    29059.0000    13753.0000  5527652   52.67%
  24903 10151    13956.0000  1232    29059.0000    13753.0000  5534605   52.67%
  24917 10157    13753.0000   850    29059.0000    13753.0000  5541271   52.67%
  24961 10179    14836.0000   287    29059.0000    13753.0000  5547841   52.67%
  25010 10191    infeasible          29059.0000    13753.0000  5557267   52.67%
Elapsed time = 29607.00 sec. (11859314.80 ticks, tree = 110.13 MB, solutions = 1)
  25064 10225    13956.0000   536    29059.0000    13753.0000  5565391   52.67%
  25092 10229    13753.0000   697    29059.0000    13753.0000  5573691   52.67%
  25122 10238    13902.0000   680    29059.0000    13753.0000  5589485   52.67%
  25148 10241    13956.0000   614    29059.0000    13753.0000  5594460   52.67%
  25160 10243    13956.0000   763    29059.0000    13753.0000  5601116   52.67%
  25168 10249    14655.0000   390    29059.0000    13753.0000  5602461   52.67%
  25188 10264    13753.0000  1690    29059.0000    13753.0000  5608766   52.67%
  25192 10268    13848.0000  1199    29059.0000    13753.0000  5610642   52.67%
  25206 10273    13753.0000  1305    29059.0000    13753.0000  5614524   52.67%
  25215 10280    14655.0000   328    29059.0000    13753.0000  5616584   52.67%
Elapsed time = 29939.99 sec. (12022395.43 ticks, tree = 111.04 MB, solutions = 1)
  25234 10284    infeasible          29059.0000    13753.0000  5620197   52.67%
  25265 10306    15169.0000   128    29059.0000    13753.0000  5625932   52.67%
  25289 10320    13753.0000   525    29059.0000    13753.0000  5634533   52.67%
  25326 10329    13956.0000   488    29059.0000    13753.0000  5642808   52.67%
  25345 10334    infeasible          29059.0000    13753.0000  5647555   52.67%
  25351 10340    14159.0000  1070    29059.0000    13753.0000  5655749   52.67%
  25390 10364    13753.0000  1644    29059.0000    13753.0000  5662810   52.67%
  25395 10369    13956.0000  1321    29059.0000    13753.0000  5664486   52.67%
  25423 10389    13956.0000  1574    29059.0000    13753.0000  5670006   52.67%
  25435 10390    13848.0000   588    29059.0000    13753.0000  5681094   52.67%
Elapsed time = 30226.92 sec. (12183834.20 ticks, tree = 112.14 MB, solutions = 1)
  25457 10401    13848.0000  1237    29059.0000    13753.0000  5682719   52.67%
  25462 10404    13943.0000  1129    29059.0000    13753.0000  5682938   52.67%
  25478 10410    14051.0000   958    29059.0000    13753.0000  5693403   52.67%
  25508 10420    infeasible          29059.0000    13753.0000  5698051   52.67%
  25523 10433    14432.0000   244    29059.0000    13753.0000  5701538   52.67%
  25560 10455    13753.0000   762    29059.0000    13753.0000  5710225   52.67%
  25590 10472    infeasible          29059.0000    13753.0000  5714863   52.67%
  25625 10483    infeasible          29059.0000    13753.0000  5719803   52.67%
  25657 10497    14457.0000   419    29059.0000    13753.0000  5725715   52.67%
  25692 10517    14362.0000   326    29059.0000    13753.0000  5732176   52.67%
Elapsed time = 30598.43 sec. (12340163.00 ticks, tree = 113.47 MB, solutions = 1)
  25700 10519    13956.0000  1412    29059.0000    13753.0000  5736598   52.67%
  25704 10523    14560.0000   620    29059.0000    13753.0000  5738063   52.67%
  25723 10532    13753.0000  1444    29059.0000    13753.0000  5739788   52.67%
  25756 10544    13753.0000  1490    29059.0000    13753.0000  5750358   52.67%
  25764 10542    13753.0000   796    29059.0000    13753.0000  5758410   52.67%
  25786 10550    14843.0000  1342    29059.0000    13753.0000  5764993   52.67%
  25825 10565    14159.0000   298    29059.0000    13753.0000  5776069   52.67%
  25869 10584    14159.0000   671    29059.0000    13753.0000  5784448   52.67%
  25878 10583    13848.0000  1509    29059.0000    13753.0000  5787156   52.67%
  25891 10592    13753.0000  1451    29059.0000    13753.0000  5788859   52.67%
Elapsed time = 31007.19 sec. (12506850.60 ticks, tree = 114.26 MB, solutions = 1)
  25903 10595    13835.0000  1689    29059.0000    13753.0000  5791240   52.67%
  25913 10595    13956.0000  1504    29059.0000    13753.0000  5797829   52.67%
  25921 10603    14966.0000   390    29059.0000    13753.0000  5800236   52.67%
  25936 10610    infeasible          29059.0000    13753.0000  5807084   52.67%
  25943 10614    14159.0000  1299    29059.0000    13753.0000  5808324   52.67%
  25977 10630    14159.0000   373    29059.0000    13753.0000  5813150   52.67%
  26035 10641    13753.0000   704    29059.0000    13753.0000  5819215   52.67%
  26072 10655    infeasible          29059.0000    13753.0000  5823461   52.67%
  26143 10677    13956.0000   508    29059.0000    13753.0000  5829645   52.67%
  26183 10689    13956.0000  1219    29059.0000    13753.1352  5832606   52.67%
Elapsed time = 31382.03 sec. (12666754.95 ticks, tree = 115.28 MB, solutions = 1)
  26201 10696    15224.0000   414    29059.0000    13753.2700  5838119   52.67%
  26246 10718    13956.0000   387    29059.0000    13753.2700  5843584   52.67%
  26288 10727    14229.2700   364    29059.0000    13753.2700  5847735   52.67%
  26337 10741    infeasible          29059.0000    13753.2700  5852422   52.67%
  26385 10747    14159.0000   363    29059.0000    13753.2700  5857370   52.67%
  26431 10758    14560.0000   380    29059.0000    13753.2700  5860854   52.67%
  26484 10775    14159.0000   361    29059.0000    13753.2700  5863814   52.67%
  26543 10801    infeasible          29059.0000    13753.2700  5867822   52.67%
  26589 10829    13956.2700   418    29059.0000    13753.2700  5871248   52.67%
  26630 10842    13857.0000   500    29059.0000    13753.2868  5880838   52.67%
Elapsed time = 31650.17 sec. (12821484.60 ticks, tree = 116.95 MB, solutions = 1)
  26681 10861    13943.2868   886    29059.0000    13753.2868  5886596   52.67%
  26722 10879    14966.0000   146    29059.0000    13753.3621  5892873   52.67%
  26770 10907    14159.0000   537    29059.0000    13753.5770  5898001   52.67%
  26814 10922    14051.0000   441    29059.0000    13754.0000  5906005   52.67%
  26852 10938    13956.2700   623    29059.0000    13796.5000  5911580   52.52%
  26896 10963    14254.0000   409    29059.0000    13796.5000  5916491   52.52%
  26946 10992    14966.0000   501    29059.0000    13796.5000  5921739   52.52%
  26992 11003    13796.5000   718    29059.0000    13796.5000  5926198   52.52%
  27035 11020    infeasible          29059.0000    13800.5000  5931004   52.51%
  27097 11032    14357.0000   567    29059.0000    13800.5000  5938836   52.51%
Elapsed time = 31914.81 sec. (12976867.14 ticks, tree = 119.01 MB, solutions = 1)
  27169 11065    13854.5000   484    29059.0000    13800.5000  5943826   52.51%
  27234 11086    15372.0000   158    29059.0000    13800.5000  5949093   52.51%
  27288 11105    13956.0000   489    29059.0000    13805.0000  5953380   52.49%
  27334 11121    14134.0000   615    29059.0000    13823.2700  5957035   52.43%
  27382 11149    14329.0000   375    29059.0000    13828.0000  5961623   52.41%
  27426 11158    14126.0000   513    29059.0000    13828.0000  5965994   52.41%
  27490 11184    13848.0000   598    29059.0000    13828.0000  5975576   52.41%
  27541 11194    14031.0000   532    29059.0000    13828.0000  5983430   52.41%
  27598 11204    13956.0000   460    29059.0000    13828.0000  5993722   52.41%
  27647 11221    14640.0000   280    29059.0000    13828.0000  6000036   52.41%
Elapsed time = 32186.06 sec. (13130808.64 ticks, tree = 121.08 MB, solutions = 1)
  27708 11237    14031.0000   316    29059.0000    13828.0000  6007586   52.41%
  27774 11240    infeasible          29059.0000    13828.0000  6015922   52.41%
  27844 11254    14031.0000   551    29059.0000    13828.0000  6028116   52.41%
  27908 11267    infeasible          29059.0000    13828.0000  6039186   52.41%
  27974 11280    14362.0000   420    29059.0000    13828.0000  6047266   52.41%
  28047 11291    infeasible          29059.0000    13828.0000  6060849   52.41%
  28116 11302    infeasible          29059.0000    13828.0000  6071398   52.41%
  28172 11327    13956.0000   767    29059.0000    13828.0000  6080309   52.41%
  28234 11344    infeasible          29059.0000    13828.0000  6089895   52.41%
  28306 11355    14051.0000   376    29059.0000    13835.0000  6097685   52.39%
Elapsed time = 32535.29 sec. (13285031.57 ticks, tree = 122.53 MB, solutions = 1)
  28366 11364    14254.0000   363    29059.0000    13835.0000  6102969   52.39%
  28433 11378    14051.0000   474    29059.0000    13844.0000  6108597   52.36%
  28451 11385    13844.0000   531    29059.0000    13844.0000  6111500   52.36%
  28484 11406    14155.0000   542    29059.0000    13844.0000  6116737   52.36%
  28525 11428    13952.0000  1276    29059.0000    13844.0000  6121136   52.36%
  28564 11441    14362.0000   227    29059.0000    13848.0000  6127287   52.35%
  28610 11454    14159.0000   352    29059.0000    13848.0000  6132582   52.35%
  28669 11475    infeasible          29059.0000    13848.0000  6138199   52.35%
  28728 11483    14051.0000   445    29059.0000    13848.0000  6143448   52.35%
  28780 11499    14051.0000   491    29059.0000    13848.0000  6149319   52.35%
Elapsed time = 32838.82 sec. (13441848.13 ticks, tree = 124.08 MB, solutions = 1)
  28831 11516    14051.0000   484    29059.0000    13848.0000  6156769   52.35%
  28890 11529    14362.0000   357    29059.0000    13848.0000  6162275   52.35%
  28955 11569    infeasible          29059.0000    13848.0000  6168159   52.35%
  29015 11595    13956.0000   388    29059.0000    13848.0000  6174576   52.35%
  29075 11625    14560.0000   418    29059.0000    13848.0000  6179970   52.35%
  29133 11643    14966.0000   368    29059.0000    13848.0000  6185823   52.35%
  29179 11656    13956.0000   560    29059.0000    13848.0000  6190687   52.35%
  29221 11663    infeasible          29059.0000    13848.0000  6195100   52.35%
  29274 11673    13956.0000   680    29059.0000    13848.0000  6199704   52.35%
  29341 11687    14159.0000   284    29059.0000    13848.0000  6204589   52.35%
Elapsed time = 33110.50 sec. (13595565.14 ticks, tree = 126.12 MB, solutions = 1)
  29401 11700    14159.0000   418    29059.0000    13848.0000  6211546   52.35%
  29467 11722    14159.0000   372    29059.0000    13848.0000  6217842   52.35%
  29535 11749    14966.0000   418    29059.0000    13848.0000  6222863   52.35%
  29597 11777    14051.0000   692    29059.0000    13848.0000  6227719   52.35%
  29648 11801    13848.0000   416    29059.0000    13848.0000  6233289   52.35%
  29717 11824    13848.0000   344    29059.0000    13848.0000  6238699   52.35%
  29784 11836    14655.0000   602    29059.0000    13848.0000  6245619   52.35%
  29835 11841    13848.0000   518    29059.0000    13848.0000  6250524   52.35%
  29900 11848    infeasible          29059.0000    13848.0000  6257060   52.35%
  29957 11872    14362.0000   467    29059.0000    13848.0000  6260836   52.35%
Elapsed time = 33367.45 sec. (13749619.41 ticks, tree = 128.14 MB, solutions = 1)
  30021 11882    infeasible          29059.0000    13848.0000  6267829   52.35%
  30088 11900    14362.0000   568    29059.0000    13848.0000  6275694   52.35%
  30147 11918    14763.0000   314    29059.0000    13848.0000  6281649   52.35%
  30208 11929    infeasible          29059.0000    13848.0000  6287913   52.35%
  30272 11944    infeasible          29059.0000    13848.0000  6293968   52.35%
  30329 11954    13848.0000   600    29059.0000    13848.0000  6299118   52.35%
  30387 11963    14437.0000   516    29059.0000    13848.0000  6306657   52.35%
  30457 11977    14763.0000   451    29059.0000    13848.0000  6315429   52.35%
  30513 11989    infeasible          29059.0000    13848.0000  6323727   52.35%
  30563 12001    14146.0000   312    29059.0000    13848.0000  6330682   52.35%
Elapsed time = 33651.08 sec. (13903279.35 ticks, tree = 129.55 MB, solutions = 1)
  30616 12016    13956.0000   423    29059.0000    13848.0000  6336421   52.35%
  30670 12024    14560.0000   480    29059.0000    13848.0000  6343490   52.35%
  30729 12047    14051.0000   490    29059.0000    13848.0000  6349731   52.35%
  30783 12058    13848.0000   658    29059.0000    13848.0000  6356602   52.35%
  30852 12074    14362.0000   494    29059.0000    13848.0000  6364064   52.35%
  30912 12099    14159.0000   584    29059.0000    13848.0000  6369406   52.35%
  30965 12112    infeasible          29059.0000    13848.0000  6376843   52.35%
  31009 12125    14051.0000   682    29059.0000    13848.0000  6382347   52.35%
  31054 12140    14051.0000   577    29059.0000    13848.0000  6386848   52.35%
  31106 12157    14146.0000   396    29059.0000    13848.0000  6391978   52.35%
Elapsed time = 33924.66 sec. (14057145.72 ticks, tree = 131.24 MB, solutions = 1)
  31144 12161    infeasible          29059.0000    13848.0000  6395807   52.35%
  31224 12199    infeasible          29059.0000    13848.0000  6403108   52.35%
  31298 12225    14763.0000   217    29059.0000    13848.0000  6409568   52.35%
  31366 12245    infeasible          29059.0000    13848.0000  6417777   52.35%
  31435 12269    infeasible          29059.0000    13848.0000  6423747   52.35%
  31520 12306    14560.0000   314    29059.0000    13848.0000  6431443   52.35%
  31563 12326    14357.2868   684    29059.0000    13848.0000  6438102   52.35%
  31611 12340    14159.0000   597    29059.0000    13848.0000  6445269   52.35%
  31672 12351    14432.0000   296    29059.0000    13848.0000  6453342   52.35%
  31730 12364    14560.0000   207    29059.0000    13848.0000  6458518   52.35%
Elapsed time = 34092.89 sec. (14211240.28 ticks, tree = 133.49 MB, solutions = 1)
  31796 12383    14051.0000   322    29059.0000    13848.0000  6465504   52.35%
  31864 12398    13848.0000   550    29059.0000    13848.0000  6470885   52.35%
  31919 12408    14051.0000   348    29059.0000    13848.0000  6476112   52.35%
  31978 12424    infeasible          29059.0000    13848.0000  6485142   52.35%
  32039 12449    14362.0000   370    29059.0000    13848.0000  6491430   52.35%
  32093 12472    14254.0000   332    29059.0000    13848.0000  6497456   52.35%
  32159 12484    13943.0000   546    29059.0000    13848.0000  6503241   52.35%
  32225 12525    13956.0000   390    29059.0000    13848.0000  6509978   52.35%
  32281 12540    13956.0000   378    29059.0000    13848.0000  6517661   52.35%
  32338 12549    14031.0000   486    29059.0000    13848.0000  6526088   52.35%
Elapsed time = 34253.29 sec. (14365806.61 ticks, tree = 135.50 MB, solutions = 1)
  32377 12560    13848.0000   416    29059.0000    13848.0000  6534276   52.35%
  32447 12603    13956.0000   436    29059.0000    13848.0000  6540621   52.35%
  32507 12630    15046.0000   537    29059.0000    13848.0000  6545532   52.35%
  32555 12653    14051.0000   564    29059.0000    13848.0000  6551888   52.35%
  32623 12679    14234.0000   380    29059.0000    13848.0000  6558437   52.35%
  32687 12699    14159.0000   454    29059.0000    13848.0000  6567212   52.35%
  32752 12715    14362.0000   392    29059.0000    13848.0000  6573359   52.35%
  32796 12727    14159.0000   360    29059.0000    13848.0000  6576503   52.35%
  32863 12745    infeasible          29059.0000    13848.0000  6582826   52.35%
  32945 12771    14051.0000   380    29059.0000    13848.0000  6590723   52.35%
Elapsed time = 34398.15 sec. (14519768.82 ticks, tree = 137.92 MB, solutions = 1)
  33011 12781    13848.0000  1387    29059.0000    13848.0000  6596908   52.35%
  33055 12794    infeasible          29059.0000    13848.0000  6601635   52.35%
  33122 12808    14159.0000   410    29059.0000    13848.0000  6609008   52.35%
  33173 12831    infeasible          29059.0000    13848.0000  6614069   52.35%
  33229 12846    infeasible          29059.0000    13848.0000  6619620   52.35%
  33282 12860    infeasible          29059.0000    13848.0000  6627571   52.35%
  33334 12875    14254.0000   278    29059.0000    13848.0000  6635028   52.35%
  33390 12881    infeasible          29059.0000    13848.0000  6639920   52.35%
  33448 12888    14763.0000   478    29059.0000    13848.0000  6645736   52.35%
  33499 12887    13956.0000   488    29059.0000    13848.0000  6652008   52.35%
Elapsed time = 34536.40 sec. (14674294.24 ticks, tree = 139.19 MB, solutions = 1)
  33559 12919    14358.0000   462    29059.0000    13848.0000  6657551   52.35%
  33618 12924    infeasible          29059.0000    13848.0000  6662693   52.35%
  33682 12946    14966.0000   408    29059.0000    13848.0000  6667568   52.35%
  33733 12961    14051.0000   514    29059.0000    13848.0000  6672579   52.35%
  33786 12961    13956.0000   580    29059.0000    13848.0000  6678903   52.35%
  33819 12963    infeasible          29059.0000    13848.0000  6684277   52.35%
  33865 12979    14159.0000   252    29059.0000    13848.0000  6691669   52.35%
  33921 12989    infeasible          29059.0000    13848.0000  6699093   52.35%
  33976 13006    14159.0000   420    29059.0000    13848.0000  6706685   52.35%
  34019 13021    infeasible          29059.0000    13848.0000  6713451   52.35%
Elapsed time = 34678.10 sec. (14828792.06 ticks, tree = 140.63 MB, solutions = 1)
  34074 13033    14159.0000   316    29059.0000    13848.0000  6720678   52.35%
  34116 13034    14560.0000   682    29059.0000    13848.0000  6729184   52.35%
  34166 13053    14159.0000   482    29059.0000    13848.0000  6733823   52.35%
  34204 13058    13956.0000  1204    29059.0000    13848.0000  6737921   52.35%
  34223 13069    13848.0000   360    29059.0000    13848.0000  6745390   52.35%
  34297 13105    infeasible          29059.0000    13848.0000  6752832   52.35%
  34339 13115    13956.0000  1465    29059.0000    13848.0000  6760424   52.35%
  34388 13128    13848.0000  1475    29059.0000    13848.0000  6766188   52.35%
  34432 13145    14051.0000   363    29059.0000    13848.0000  6772941   52.35%
  34485 13160    13848.0000   434    29059.0000    13848.0000  6778621   52.35%
Elapsed time = 34830.70 sec. (14987296.48 ticks, tree = 142.15 MB, solutions = 1)
  34535 13172    15372.0000   222    29059.0000    13848.0000  6785062   52.35%
  34587 13189    14560.0000   490    29059.0000    13848.0000  6791793   52.35%
  34639 13223    13848.0000   488    29059.0000    13848.0000  6796618   52.35%
  34698 13260    13956.0000   591    29059.0000    13848.0000  6805382   52.35%
  34746 13277    infeasible          29059.0000    13848.0000  6810011   52.35%
  34802 13283    14966.0000   234    29059.0000    13848.0000  6816921   52.35%
  34869 13314    infeasible          29059.0000    13848.0000  6822040   52.35%
  34922 13320    infeasible          29059.0000    13848.0000  6829232   52.35%
  34987 13339    13956.0000   808    29059.0000    13848.0000  6837064   52.35%
  35029 13353    infeasible          29059.0000    13848.0000  6844351   52.35%
Elapsed time = 35107.43 sec. (15141629.00 ticks, tree = 144.24 MB, solutions = 1)
  35078 13371    13848.0000  1310    29059.0000    13848.0000  6851511   52.35%
  35138 13408    14051.0000   352    29059.0000    13848.0000  6857049   52.35%
  35187 13428    14362.0000   179    29059.0000    13848.0000  6863249   52.35%
  35212 13442    14357.0000   622    29059.0000    13848.0000  6869364   52.35%
  35260 13452    14051.0000   354    29059.0000    13848.0000  6878563   52.35%
  35314 13462    13848.0000  1470    29059.0000    13848.0000  6886266   52.35%
  35347 13469    13848.0000  1214    29059.0000    13848.0000  6894767   52.35%
  35367 13478    14051.0000   549    29059.0000    13848.0000  6899603   52.35%
  35396 13484    14051.0000  1218    29059.0000    13848.0000  6906008   52.35%
  35401 13487    14254.0000  1226    29059.0000    13848.0000  6907300   52.35%
Elapsed time = 35443.53 sec. (15303417.95 ticks, tree = 145.65 MB, solutions = 1)
  35419 13494    14051.0000   404    29059.0000    13848.0000  6912130   52.35%
  35450 13508    infeasible          29059.0000    13848.0000  6920087   52.35%
  35465 13515    13956.0000  1338    29059.0000    13848.0000  6926161   52.35%
  35497 13530    14051.0000  1166    29059.0000    13848.0000  6933405   52.35%
  35521 13537    13848.0000  1362    29059.0000    13848.0000  6937855   52.35%
  35569 13559    14452.0000   458    29059.0000    13848.0000  6947681   52.35%
  35584 13569    13956.0000  1542    29059.0000    13848.0000  6954439   52.35%
  35611 13575    13956.0000  1570    29059.0000    13848.0000  6960705   52.35%
  35621 13572    infeasible          29059.0000    13848.0000  6967886   52.35%
  35628 13571    infeasible          29059.0000    13848.0000  6969605   52.35%
Elapsed time = 35648.33 sec. (15466472.14 ticks, tree = 146.55 MB, solutions = 1)
  35692 13603    14362.0000   337    29059.0000    13848.0000  6976434   52.35%
  35763 13618    infeasible          29059.0000    13848.0000  6981801   52.35%
  35832 13641    14159.0000   404    29059.0000    13848.2700  6989195   52.34%
  35896 13666    15061.0000   246    29059.0000    13848.2700  6993234   52.34%
  35942 13687    infeasible          29059.0000    13848.2700  6999476   52.34%
  35989 13697    13956.0000   509    29059.0000    13848.5770  7007468   52.34%
  36047 13719    13956.0000   461    29059.0000    13854.5000  7013637   52.32%
  36106 13741    14763.0000   378    29059.0000    13854.5000  7018941   52.32%
  36177 13768    14159.0000   476    29059.0000    13854.5000  7027448   52.32%
  36219 13787    15169.0000   214    29059.0000    13854.5000  7031367   52.32%
Elapsed time = 35788.00 sec. (15619936.62 ticks, tree = 148.88 MB, solutions = 1)
  36294 13810    13854.5000   460    29059.0000    13854.5000  7041364   52.32%
  36365 13843    13854.6350   398    29059.0000    13854.6350  7047776   52.32%
  36422 13846    infeasible          29059.0000    13857.0000  7055786   52.31%
  36473 13849    14060.0000   433    29059.0000    13857.0000  7062686   52.31%
  36537 13878    infeasible          29059.0000    13857.0000  7068926   52.31%
  36608 13900    15070.2868   382    29059.0000    13857.0000  7075589   52.31%
  36668 13925    14060.0000   444    29059.0000    13857.0000  7081131   52.31%
  36733 13963    14060.0000   433    29059.0000    13857.0000  7087620   52.31%
  36806 14000    14560.0000   311    29059.0000    13857.0000  7094026   52.31%
  36867 14021    14872.0000   284    29059.0000    13857.0000  7100728   52.31%
Elapsed time = 35921.31 sec. (15774292.00 ticks, tree = 151.58 MB, solutions = 1)
  36903 14026    14362.0000   388    29059.0000    13857.0000  7106214   52.31%
  36932 14041    14060.0000  1379    29059.0000    13857.0000  7111698   52.31%
  36941 14044    infeasible          29059.0000    13857.0000  7116710   52.31%
  36984 14067    14060.0000   485    29059.0000    13857.0000  7124238   52.31%
  37054 14093    infeasible          29059.0000    13857.0000  7130916   52.31%
  37108 14106    13857.0000   507    29059.0000    13857.0000  7137236   52.31%
  37163 14133    14060.0000   350    29059.0000    13857.0000  7142482   52.31%
  37216 14156    13906.5000   407    29059.0000    13857.0000  7147017   52.31%
  37263 14172    14560.0000   324    29059.0000    13857.0000  7150692   52.31%
  37320 14194    13857.0000   545    29059.0000    13857.0000  7156454   52.31%
Elapsed time = 36075.95 sec. (15930483.91 ticks, tree = 153.48 MB, solutions = 1)
  37352 14200    13956.0000  1363    29059.0000    13857.0000  7162024   52.31%
  37396 14221    infeasible          29059.0000    13857.0000  7166414   52.31%
  37454 14244    14337.0000   258    29059.0000    13857.0000  7174551   52.31%
  37508 14252    14560.0000   542    29059.0000    13857.0000  7182205   52.31%
  37571 14266    14560.0000   555    29059.0000    13857.0000  7191363   52.31%
  37622 14279    14060.0000   548    29059.0000    13857.0000  7196704   52.31%
  37666 14285    14060.0000   668    29059.0000    13857.0000  7203812   52.31%
  37702 14291    14763.0000   320    29059.0000    13857.0000  7206747   52.31%
  37768 14320    15169.0000   274    29059.0000    13857.0000  7211244   52.31%
  37842 14351    14966.0000   353    29059.0000    13857.0000  7217001   52.31%
Elapsed time = 36190.08 sec. (16085016.74 ticks, tree = 155.20 MB, solutions = 1)
  37906 14370    14060.0000   687    29059.0000    13857.0000  7223219   52.31%
  37940 14382    13857.0000  1249    29059.0000    13857.0000  7227555   52.31%
  37966 14399    15571.0000   193    29059.0000    13857.0000  7231067   52.31%
  37989 14408    14159.0000   471    29059.0000    13857.0000  7236910   52.31%
  38054 14434    13857.0000   544    29059.0000    13857.0000  7243725   52.31%
  38112 14462    14362.0000   282    29059.0000    13857.0000  7250304   52.31%
  38168 14491    14763.0000   196    29059.0000    13857.0000  7255988   52.31%
  38227 14515    14047.0000   565    29059.0000    13857.0000  7262920   52.31%
  38276 14536    14872.0000   476    29059.0000    13857.0000  7270451   52.31%
  38322 14551    13952.0000  1475    29059.0000    13857.0000  7278999   52.31%
Elapsed time = 36334.94 sec. (16239273.30 ticks, tree = 157.36 MB, solutions = 1)
  38355 14560    infeasible          29059.0000    13857.0000  7284096   52.31%
  38443 14593    14655.0000   254    29059.0000    13857.0000  7289832   52.31%
  38519 14620    14966.0000   226    29059.0000    13857.0000  7297990   52.31%
  38578 14637    13857.0000   525    29059.0000    13857.0000  7305781   52.31%
  38620 14655    15061.0000   290    29059.0000    13857.0000  7312320   52.31%
  38627 14656    infeasible          29059.0000    13857.0000  7317194   52.31%
  38657 14663    infeasible          29059.0000    13857.0000  7322248   52.31%
  38732 14703    14466.0000   272    29059.0000    13857.0000  7328904   52.31%
  38785 14716    13857.0000   721    29059.0000    13857.0000  7332179   52.31%
  38828 14729    13857.0000   717    29059.0000    13857.0000  7338358   52.31%
Elapsed time = 36483.33 sec. (16394483.04 ticks, tree = 159.28 MB, solutions = 1)
  38881 14744    14060.0000   640    29059.0000    13857.0000  7343585   52.31%
  38939 14762    14437.2700   310    29059.0000    13857.0000  7347568   52.31%
  39011 14783    14867.0000   511    29059.0000    13857.0000  7354566   52.31%
  39061 14809    14263.0000   283    29059.0000    13857.0000  7362148   52.31%
  39136 14834    13956.0000   474    29059.0000    13857.0000  7367820   52.31%
  39183 14851    13956.0000   522    29059.0000    13857.0000  7376310   52.31%
  39236 14858    infeasible          29059.0000    13857.0000  7382121   52.31%
  39290 14881    infeasible          29059.0000    13857.0000  7386883   52.31%
  39346 14907    15070.0000   338    29059.0000    13857.0000  7395510   52.31%
  39370 14912    14966.0000   504    29059.0000    13857.0000  7401843   52.31%
Elapsed time = 36619.59 sec. (16548620.21 ticks, tree = 161.24 MB, solutions = 1)
  39424 14915    infeasible          29059.0000    13857.0000  7409598   52.31%
  39462 14941    15347.0000   166    29059.0000    13857.0000  7413738   52.31%
  39516 14960    13956.0000  1255    29059.0000    13857.0000  7420203   52.31%
  39524 14964    13956.0650  1350    29059.0000    13857.0000  7423268   52.31%
  39555 14968    infeasible          29059.0000    13857.0000  7430523   52.31%
  39593 14969    13857.0000  1375    29059.0000    13857.0000  7439459   52.31%
  39615 14980    14060.0000   436    29059.0000    13857.0000  7444440   52.31%
  39646 14989    13857.0000  1462    29059.0000    13857.0000  7452042   52.31%
  39665 14993    14051.0000   565    29059.0000    13857.0000  7459464   52.31%
  39694 14997    infeasible          29059.0000    13857.0000  7466579   52.31%
Elapsed time = 36805.52 sec. (16708616.18 ticks, tree = 162.17 MB, solutions = 1)
  39705 14996    13857.0000  1590    29059.0000    13857.0000  7473185   52.31%
  39719 15006    14060.0000  1239    29059.0000    13857.0000  7478777   52.31%
  39738 15015    14263.0000  1370    29059.0000    13857.0000  7485189   52.31%
  39752 15018    infeasible          29059.0000    13857.0000  7489121   52.31%
  39788 15028    infeasible          29059.0000    13857.0000  7495693   52.31%
  39839 15053    14155.0000   391    29059.0000    13857.0000  7503313   52.31%
  39886 15080    14466.0000   378    29059.0000    13857.0000  7511173   52.31%
  39944 15101    infeasible          29059.0000    13857.0000  7519434   52.31%
  39977 15111    13857.0000  1130    29059.0000    13857.0000  7528626   52.31%
  39999 15117    14159.0000  1351    29059.0000    13857.0000  7538300   52.31%
Elapsed time = 36951.59 sec. (16870914.87 ticks, tree = 163.44 MB, solutions = 1)
  40028 15129    13952.0000   390    29059.0000    13857.2700  7545053   52.31%
  40066 15135    13857.2700   617    29059.0000    13857.2700  7547659   52.31%
  40110 15155    14159.0000   500    29059.0000    13857.2700  7551866   52.31%
  40164 15164    infeasible          29059.0000    13857.2868  7557342   52.31%
  40218 15181    14560.0000   524    29059.0000    13891.5000  7563308   52.20%
  40276 15191    14872.0000   366    29059.0000    13906.5000  7570760   52.14%
  40347 15214    infeasible          29059.0000    13923.0000  7579251   52.09%
  40405 15212    14234.0000   632    29059.0000    13923.0000  7586074   52.09%
  40471 15213    infeasible          29059.0000    13931.0000  7596373   52.06%
  40525 15223    13931.2868   472    29059.0000    13931.0000  7600782   52.06%
Elapsed time = 37089.39 sec. (17025048.58 ticks, tree = 164.62 MB, solutions = 1)
  40572 15240    13931.2868   480    29059.0000    13931.0000  7607654   52.06%
  40631 15243    13956.0000   446    29059.0000    13931.0000  7613240   52.06%
  40689 15264    14134.0000   583    29059.0000    13931.0000  7618505   52.06%
  40733 15278    14738.0000   493    29059.0000    13931.0000  7623052   52.06%
  40775 15289    13931.0000   567    29059.0000    13931.0000  7625240   52.06%
  40823 15308    14457.0000   534    29059.0000    13931.0000  7630790   52.06%
  40870 15332    13931.0000   658    29059.0000    13931.0000  7635632   52.06%
  40908 15343    14560.0000   309    29059.0000    13931.0000  7640863   52.06%
  40960 15356    14134.0000   574    29059.0000    13931.0000  7648953   52.06%
  40981 15366    14134.0000   835    29059.0000    13931.0000  7652595   52.06%
Elapsed time = 37213.87 sec. (17179731.95 ticks, tree = 166.19 MB, solutions = 1)
  40992 15373    14134.0000  1453    29059.0000    13931.0000  7656154   52.06%
  41025 15387    infeasible          29059.0000    13931.0000  7662232   52.06%
  41073 15418    infeasible          29059.0000    13931.0000  7666554   52.06%
  41122 15423    14134.0000   952    29059.0000    13931.0000  7670586   52.06%
  41143 15430    14026.0000  1613    29059.0000    13931.0000  7681766   52.06%
  41165 15433    14432.0000  1484    29059.0000    13931.0000  7690531   52.06%
  41175 15438    13931.0000  1494    29059.0000    13931.0000  7696071   52.06%
  41202 15454    13931.0000   459    29059.0000    13931.0000  7702737   52.06%
  41257 15481    13956.0000   496    29059.0000    13931.0000  7708708   52.06%
  41283 15493    14229.0000  1499    29059.0000    13931.0000  7715762   52.06%
Elapsed time = 37386.49 sec. (17343322.67 ticks, tree = 167.56 MB, solutions = 1)
  41295 15498    14134.0000  1336    29059.0000    13931.0000  7722595   52.06%
  41327 15506    infeasible          29059.0000    13931.0000  7729137   52.06%
  41372 15523    14941.2868   632    29059.0000    13931.0000  7734719   52.06%
  41415 15532    infeasible          29059.0000    13931.0000  7740766   52.06%
  41464 15544    14560.0000   276    29059.0000    13931.0000  7747900   52.06%
  41475 15547    14134.0000  1218    29059.0000    13931.0000  7750181   52.06%
  41492 15556    14134.0000  1291    29059.0000    13931.0000  7755237   52.06%
  41506 15566    14134.0000  1643    29059.0000    13931.0000  7760031   52.06%
  41517 15573    13931.0000  1327    29059.0000    13931.0000  7764849   52.06%
  41532 15576    14134.0000  1654    29059.0000    13931.0000  7773376   52.06%
Elapsed time = 37581.22 sec. (17507997.29 ticks, tree = 168.43 MB, solutions = 1)
  41543 15582    13931.0000  1702    29059.0000    13931.0000  7777557   52.06%
  41555 15582    infeasible          29059.0000    13931.0000  7780193   52.06%
  41570 15580    13931.0000  1376    29059.0000    13931.0000  7783073   52.06%
  41592 15590    infeasible          29059.0000    13931.0000  7790855   52.06%
  41633 15597    14337.0000   381    29059.0000    13931.2700  7796567   52.06%
  41668 15613    14026.2700   938    29059.0000    13931.2700  7802694   52.06%
  41704 15632    13931.2700   589    29059.0000    13931.2700  7810729   52.06%
  41765 15660    13931.2700   983    29059.0000    13931.2700  7818241   52.06%
  41777 15668    13931.4457  1503    29059.0000    13931.2700  7823197   52.06%
  41801 15681    infeasible          29059.0000    13931.2700  7825445   52.06%
Elapsed time = 37729.35 sec. (17671250.00 ticks, tree = 169.68 MB, solutions = 1)
  41843 15704    14134.0000   399    29059.0000    13931.2700  7831816   52.06%
  41878 15718    14134.2700   716    29059.0000    13931.2700  7841866   52.06%
  41911 15739    14763.0000   667    29059.0000    13931.2868  7848136   52.06%
  41961 15759    14229.2868   454    29059.0000    13931.2868  7853128   52.06%
  42013 15771    infeasible          29059.0000    13931.3300  7856830   52.06%
  42042 15782    14337.0000  1248    29059.0000    13931.4457  7863878   52.06%
  42089 15796    14051.0000   358    29059.0000    13943.0000  7869982   52.02%
  42143 15829    15264.0000   200    29059.0000    13943.0000  7875410   52.02%
  42202 15846    14051.0000   424    29059.0000    13943.0000  7882999   52.02%
  42263 15854    infeasible          29059.0000    13943.0000  7889344   52.02%
Elapsed time = 38016.64 sec. (17829901.40 ticks, tree = 171.57 MB, solutions = 1)
  42341 15870    14146.0000   382    29059.0000    13943.0000  7896537   52.02%
  42401 15887    14051.0000   375    29059.0000    13943.0000  7901488   52.02%
  42461 15890    14060.0000   419    29059.0000    13943.0000  7906998   52.02%
  42538 15913    14763.0000   510    29059.0000    13943.0000  7915882   52.02%
  42581 15926    14159.0000   456    29059.0000    13943.0000  7921639   52.02%
  42639 15934    infeasible          29059.0000    13943.0000  7928989   52.02%
  42694 15953    14452.0000   334    29059.0000    13943.0000  7936034   52.02%
  42764 15979    14159.0000   537    29059.0000    13943.0000  7942998   52.02%
  42828 15990    13956.0000   299    29059.0000    13943.0000  7950822   52.02%
  42887 15995    14051.0000   654    29059.0000    13943.0000  7958563   52.02%
Elapsed time = 38324.93 sec. (17984082.89 ticks, tree = 173.10 MB, solutions = 1)
  42955 16008    infeasible          29059.0000    13943.0000  7966136   52.02%
  43018 16019    infeasible          29059.0000    13943.0000  7972463   52.02%
  43061 16025    13943.0000  1100    29059.0000    13943.0000  7978242   52.02%
  43078 16033    13943.0000  1149    29059.0000    13943.0000  7982600   52.02%
  43091 16041    14051.0000   774    29059.0000    13943.0000  7985980   52.02%
  43121 16052    13943.0000   328    29059.0000    13943.0000  7990818   52.02%
  43207 16064    14560.0000   235    29059.0000    13952.0000  7999089   51.99%
  43250 16082    13952.0000  1293    29059.0000    13952.0000  8003280   51.99%
  43272 16089    14858.0000   429    29059.0000    13952.0000  8011104   51.99%
  43340 16106    infeasible          29059.0000    13952.0000  8016558   51.99%
Elapsed time = 38531.85 sec. (18142375.56 ticks, tree = 174.33 MB, solutions = 1)
  43398 16131    14867.0000   267    29059.0000    13952.0000  8021197   51.99%
  43459 16146    infeasible          29059.0000    13952.0000  8026699   51.99%
  43524 16157    14254.0000   362    29059.0000    13952.0000  8033434   51.99%
  43593 16185    14250.0000   244    29059.0000    13952.0000  8038767   51.99%
  43656 16216    14843.0000   304    29059.0000    13952.0000  8044188   51.99%
  43730 16245    14867.0000   328    29059.0000    13952.0000  8052408   51.99%
  43790 16261    13952.0000   493    29059.0000    13952.0000  8059129   51.99%
  43842 16270    14560.0000   358    29059.0000    13952.0000  8065114   51.99%
  43907 16301    13952.0000   651    29059.0000    13952.0000  8073435   51.99%
  43977 16333    15169.0000   182    29059.0000    13952.0000  8079453   51.99%
Elapsed time = 38712.97 sec. (18296676.55 ticks, tree = 176.85 MB, solutions = 1)
  44035 16347    13952.0000   604    29059.0000    13952.0000  8086135   51.99%
  44091 16354    13952.0000   729    29059.0000    13952.0000  8093994   51.99%
  44147 16371    infeasible          29059.0000    13952.0000  8100770   51.99%
  44221 16394    14750.0000   258    29059.0000    13952.0000  8108214   51.99%
  44284 16410    14763.0000   255    29059.0000    13952.0000  8116134   51.99%
  44335 16427    13952.0000   770    29059.0000    13952.0000  8120155   51.99%
Starting limited solution polishing.
  44392 16440    13952.0000   444    29059.0000    13952.0000  8128311   51.99%
  44464 16447    14155.0000   489    29059.0000    13952.0000  8133777   51.99%
  44519 16453    infeasible          29059.0000    13952.0000  8138750   51.99%
  44577 16465    13956.0000   698    29059.0000    13952.0000  8146690   51.99%
Elapsed time = 38981.39 sec. (18451461.56 ticks, tree = 178.98 MB, solutions = 1)
  44626 16481    13952.0000  1153    29059.0000    13952.0000  8151647   51.99%
  44659 16489    14060.0000   665    29059.0000    13952.0000  8156067   51.99%
  44691 16501    14051.0000  1397    29059.0000    13952.0000  8163296   51.99%
  44743 16521    13952.0000  1330    29059.0000    13952.0000  8172171   51.99%
  44785 16543    14155.0000   372    29059.0000    13952.0000  8179378   51.99%
  44805 16547    13956.0000   436    29059.0000    13952.0000  8187751   51.99%
  44841 16550    14060.0000  1408    29059.0000    13952.0000  8194669   51.99%
  44881 16561    14051.0000   543    29059.0000    13952.0000  8200332   51.99%
  44938 16576    infeasible          29059.0000    13952.3300  8209607   51.99%
  44993 16586    14159.0000   343    29059.0000    13956.0000  8216976   51.97%
Elapsed time = 39327.99 sec. (18610794.20 ticks, tree = 180.30 MB, solutions = 1)
  45052 16617    13956.0000   411    29059.0000    13956.0000  8223119   51.97%
  45102 16649    15273.0000   244    29059.0000    13956.0000  8228458   51.97%
  45160 16671    14362.0000   365    29059.0000    13956.0000  8231699   51.97%
  45209 16693    13956.0000   334    29059.0000    13956.0000  8235196   51.97%
  45246 16711    14159.0000   232    29059.0000    13956.0000  8238996   51.97%
  45284 16728    infeasible          29059.0000    13956.0000  8242291   51.97%
  45343 16753    13956.0000   376    29059.0000    13956.0000  8247265   51.97%
  45384 16767    14159.0000   309    29059.0000    13956.0000  8252752   51.97%
  45444 16788    14159.0000   389    29059.0000    13956.0000  8260640   51.97%
  45498 16807    13956.0000   534    29059.0000    13956.0000  8268458   51.97%
Elapsed time = 39501.45 sec. (18765381.24 ticks, tree = 182.71 MB, solutions = 1)
  45544 16824    13956.0000   633    29059.0000    13956.0000  8276441   51.97%
  45593 16843    14741.2700   534    29059.0000    13956.0000  8284169   51.97%
  45633 16865    14362.0000   383    29059.0000    13956.0000  8288883   51.97%
  45707 16887    14362.0000   387    29059.0000    13956.0000  8297388   51.97%
  45774 16901    14362.0000   243    29059.0000    13956.0000  8304354   51.97%
  45836 16927    15372.0000   172    29059.0000    13956.0000  8310487   51.97%
  45907 16960    14159.0000   307    29059.0000    13956.0000  8318578   51.97%
  45990 16991    infeasible          29059.0000    13956.0000  8326251   51.97%
  46049 17009    14047.0000   330    29059.0000    13956.0000  8333208   51.97%
  46125 17036    14159.0000   387    29059.0000    13956.0000  8342317   51.97%
Elapsed time = 39754.88 sec. (18919492.22 ticks, tree = 185.21 MB, solutions = 1)
  46182 17059    14966.0000   340    29059.0000    13956.0000  8350868   51.97%
  46254 17086    infeasible          29059.0000    13956.0000  8358128   51.97%
  46325 17119    infeasible          29059.0000    13956.0000  8368431   51.97%
  46386 17157    14763.0000   182    29059.0000    13956.0000  8374460   51.97%
  46445 17172    14159.0000   377    29059.0000    13956.0000  8380822   51.97%
  46506 17191    infeasible          29059.0000    13956.0000  8386136   51.97%
  46580 17216    infeasible          29059.0000    13956.0000  8393309   51.97%
  46619 17242    14159.0000   281    29059.0000    13956.0000  8397723   51.97%
  46672 17263    14655.0000   256    29059.0000    13956.0000  8402995   51.97%
  46736 17284    15067.0000   302    29059.0000    13956.0000  8408787   51.97%
Elapsed time = 40051.86 sec. (19073410.24 ticks, tree = 187.92 MB, solutions = 1)
  46812 17308    infeasible          29059.0000    13956.0000  8417635   51.97%
  46887 17332    infeasible          29059.0000    13956.0000  8422374   51.97%
  46946 17340    infeasible          29059.0000    13956.0000  8425182   51.97%
  47015 17381    14094.5000   399    29059.0000    13956.0000  8430390   51.97%
  47071 17406    infeasible          29059.0000    13956.0000  8434967   51.97%
  47143 17451    14159.0000   225    29059.0000    13956.0000  8440829   51.97%
  47203 17471    14159.0000   384    29059.0000    13956.0000  8447226   51.97%
  47266 17492    14763.0000   288    29059.0000    13956.0000  8456238   51.97%
  47350 17511    14051.0000   570    29059.0000    13956.0000  8463557   51.97%
  47415 17530    14159.0000   440    29059.0000    13956.0000  8472796   51.97%
Elapsed time = 40282.48 sec. (19227175.37 ticks, tree = 190.60 MB, solutions = 1)
  47480 17558    13956.0000   492    29059.0000    13956.0000  8482139   51.97%
  47546 17584    14159.0000   393    29059.0000    13956.0000  8487031   51.97%
  47615 17596    13956.0000   455    29059.0000    13956.0000  8492300   51.97%
  47679 17619    15372.0000   170    29059.0000    13956.0000  8497466   51.97%
  47737 17638    13956.0000   414    29059.0000    13956.0000  8502612   51.97%
  47807 17667    14060.0000   494    29059.0000    13956.0000  8510973   51.97%
  47877 17687    infeasible          29059.0000    13956.0000  8516690   51.97%
  47944 17705    14159.0000   347    29059.0000    13956.0000  8523555   51.97%
  48019 17730    15853.0000   212    29059.0000    13956.0000  8531723   51.97%
  48090 17747    14159.0000   394    29059.0000    13956.0000  8537126   51.97%
Elapsed time = 40526.67 sec. (19381454.78 ticks, tree = 193.01 MB, solutions = 1)
  48149 17757    14159.0000   367    29059.0000    13956.0000  8541851   51.97%
  48213 17781    14159.0000   400    29059.0000    13956.0000  8546929   51.97%
  48278 17793    14362.0000   478    29059.0000    13956.0000  8558606   51.97%
  48341 17818    13956.0000   464    29059.0000    13956.0000  8564340   51.97%
  48401 17854    15149.0000   238    29059.0000    13956.0000  8570133   51.97%
  48456 17867    14362.0000   421    29059.0000    13956.0000  8576594   51.97%
  48509 17874    14051.0000   420    29059.0000    13956.0000  8582315   51.97%
  48574 17887    14254.0000   451    29059.0000    13956.0000  8591703   51.97%
  48643 17883    14159.0000   409    29059.0000    13956.0000  8601789   51.97%
  48693 17904    15169.0000   441    29059.0000    13956.0000  8605862   51.97%
Elapsed time = 40817.57 sec. (19534982.73 ticks, tree = 194.71 MB, solutions = 1)
  48754 17914    14565.0000   254    29059.0000    13956.0000  8611602   51.97%
  48814 17924    14362.0000   377    29059.0000    13956.0000  8618320   51.97%
  48880 17945    14051.0000   501    29059.0000    13956.0000  8626974   51.97%
  48952 17960    14159.0000   390    29059.0000    13956.0000  8637773   51.97%
  49016 17979    14159.0000   308    29059.0000    13956.0000  8643064   51.97%
  49083 17986    14159.0000   455    29059.0000    13956.0000  8651910   51.97%
  49139 17986    14362.0000   581    29059.0000    13956.0000  8660185   51.97%
  49209 17988    13956.0000   472    29059.0000    13956.0000  8666985   51.97%
  49285 18014    14362.0000   475    29059.0000    13956.0000  8673989   51.97%
  49348 18022    14159.0000   493    29059.0000    13956.0000  8684364   51.97%
Elapsed time = 41082.87 sec. (19688738.90 ticks, tree = 196.02 MB, solutions = 1)
  49404 18041    13956.0000   410    29059.0000    13956.0000  8691436   51.97%
  49470 18053    14051.0000   407    29059.0000    13956.0000  8697790   51.97%
  49548 18057    infeasible          29059.0000    13956.0000  8704956   51.97%
  49610 18071    14159.0000   490    29059.0000    13956.0000  8711892   51.97%
  49671 18084    15264.0000   365    29059.0000    13956.0000  8720240   51.97%
  49728 18091    13956.0000   514    29059.0000    13956.0000  8729537   51.97%
  49776 18109    14159.0000   432    29059.0000    13956.0000  8732606   51.97%
  49833 18128    13956.0000   355    29059.0000    13956.0000  8740554   51.97%
  49919 18139    14457.0000   329    29059.0000    13956.0000  8748736   51.97%
  49968 18146    14763.0000   441    29059.0000    13956.0000  8753423   51.97%
Elapsed time = 41379.66 sec. (19842469.82 ticks, tree = 197.38 MB, solutions = 1)
  50015 18161    14051.0000   494    29059.0000    13956.0000  8761085   51.97%
  50070 18183    14763.0000   287    29059.0000    13956.0000  8766113   51.97%
  50139 18203    14159.0000   457    29059.0000    13956.0000  8772005   51.97%
  50185 18228    14362.0000   331    29059.0000    13956.0000  8777765   51.97%
  50243 18237    infeasible          29059.0000    13956.0000  8784617   51.97%
  50309 18254    14362.0000   383    29059.0000    13956.0000  8792570   51.97%
  50368 18256    infeasible          29059.0000    13956.0000  8803396   51.97%
  50410 18276    14159.0000   409    29059.0000    13956.0000  8808525   51.97%
  50471 18290    infeasible          29059.0000    13956.0000  8814820   51.97%
  50528 18307    infeasible          29059.0000    13956.0000  8821218   51.97%
Elapsed time = 41632.14 sec. (19996266.34 ticks, tree = 199.13 MB, solutions = 1)
  50593 18316    14763.0000   316    29059.0000    13956.0000  8826925   51.97%
  50653 18327    14159.0000   450    29059.0000    13956.0000  8834797   51.97%
  50711 18342    14763.0000   528    29059.0000    13956.0000  8844274   51.97%
  50768 18359    14146.0000   500    29059.0000    13956.0000  8852345   51.97%
  50826 18374    infeasible          29059.0000    13956.0000  8860369   51.97%
  50873 18396    15372.0000   254    29059.0000    13956.0000  8864997   51.97%
  50941 18426    14966.0000   372    29059.0000    13956.0000  8871477   51.97%
  51005 18441    13956.0000   488    29059.0000    13956.0000  8879905   51.97%
  51080 18465    infeasible          29059.0000    13956.0000  8887597   51.97%
  51150 18475    14159.0000   366    29059.0000    13956.0000  8895702   51.97%
Elapsed time = 41766.17 sec. (20150771.99 ticks, tree = 200.96 MB, solutions = 1)
  51217 18496    13956.0000   498    29059.0000    13956.0000  8904010   51.97%
  51276 18504    13956.0000   405    29059.0000    13956.0000  8910274   51.97%
  51352 18508    14159.0000   380    29059.0000    13956.0000  8919201   51.97%
  51406 18513    13956.0000   412    29059.0000    13956.0000  8926504   51.97%
  51474 18518    15061.0000   323    29059.0000    13956.0000  8932771   51.97%
  51521 18526    14159.0000   437    29059.0000    13956.0000  8939109   51.97%
  51571 18550    14159.0000   214    29059.0000    13956.0000  8946916   51.97%
  51634 18577    15273.0000   280    29059.0000    13956.0000  8952968   51.97%
  51696 18594    14763.0000   226    29059.0000    13956.0000  8958319   51.97%
  51772 18613    14159.0000   296    29059.0000    13956.0000  8966875   51.97%
Elapsed time = 41861.08 sec. (20305154.64 ticks, tree = 202.48 MB, solutions = 1)
  51835 18621    infeasible          29059.0000    13956.0000  8977906   51.97%
  51902 18639    14655.0000   268    29059.0000    13956.0000  8985885   51.97%
  51971 18659    14362.0000   577    29059.0000    13956.0000  8992229   51.97%
  52038 18669    13956.0000   413    29059.0000    13956.0000  8999074   51.97%
  52102 18685    13956.0000   396    29059.0000    13956.0000  9007177   51.97%
  52176 18708    14051.0000   339    29059.0000    13956.0000  9015427   51.97%
  52236 18726    13956.0000   349    29059.0000    13956.0000  9021936   51.97%
  52298 18750    13956.0000   348    29059.0000    13956.0000  9028380   51.97%
  52370 18777    14763.0000   220    29059.0000    13956.0000  9034835   51.97%
  52454 18798    14362.0000   304    29059.0000    13956.0000  9043851   51.97%
Elapsed time = 41954.17 sec. (20459256.24 ticks, tree = 204.50 MB, solutions = 1)
  52518 18810    infeasible          29059.0000    13956.0000  9051402   51.97%
  52577 18819    14159.0000   359    29059.0000    13956.0000  9060462   51.97%
  52648 18837    13956.0000   419    29059.0000    13956.0000  9067900   51.97%
  52697 18858    14966.0000   246    29059.0000    13956.0000  9075957   51.97%
  52781 18900    15169.0000   266    29059.0000    13956.0000  9084118   51.97%
  52847 18922    13956.0000   468    29059.0000    13956.0000  9090785   51.97%
  52922 18943    14560.0000   338    29059.0000    13956.0000  9101072   51.97%
  52994 18968    13956.0000   389    29059.0000    13956.0000  9108871   51.97%
  53076 18985    14362.0000   310    29059.0000    13956.0000  9119369   51.97%
  53140 18993    14047.0000   444    29059.0000    13956.0000  9126368   51.97%
Elapsed time = 42048.99 sec. (20614565.16 ticks, tree = 206.63 MB, solutions = 1)
  53201 19017    15264.0000   134    29059.0000    13956.0000  9131279   51.97%
  53269 19035    15061.0000   240    29059.0000    13956.0000  9137868   51.97%
  53343 19057    13956.0000   374    29059.0000    13956.0000  9149511   51.97%
  53422 19078    14159.0000   258    29059.0000    13956.0000  9155810   51.97%
  53492 19085    infeasible          29059.0000    13956.0000  9160917   51.97%
  53545 19095    14159.0000   352    29059.0000    13956.0000  9166814   51.97%
  53603 19114    14763.0000   385    29059.0000    13956.0000  9172907   51.97%
  53654 19119    14561.0000   363    29059.0000    13956.0000  9177131   51.97%
  53720 19124    14159.0000   393    29059.0000    13956.0000  9184519   51.97%
  53776 19132    14254.0000   369    29059.0000    13956.0000  9193789   51.97%
Elapsed time = 42138.62 sec. (20768726.54 ticks, tree = 208.16 MB, solutions = 1)
  53829 19153    14527.0000   354    29059.0000    13956.0000  9200846   51.97%
  53885 19163    13956.0000   466    29059.0000    13956.0000  9208479   51.97%
  53932 19179    14159.0000   381    29059.0000    13956.0000  9216392   51.97%
  53983 19190    14357.2782   419    29059.0000    13956.0000  9224294   51.97%
  54044 19202    14159.0000   440    29059.0000    13956.0000  9233342   51.97%
  54102 19203    14159.0000   378    29059.0000    13956.0000  9238492   51.97%
  54155 19213    14159.0000   424    29059.0000    13956.0000  9245619   51.97%
  54223 19230    14159.0000   457    29059.0000    13956.0000  9255366   51.97%
  54285 19240    14966.0000   376    29059.0000    13956.0000  9260208   51.97%
  54344 19258    13956.0000   464    29059.0000    13956.0000  9267147   51.97%
Elapsed time = 42227.20 sec. (20923257.97 ticks, tree = 209.54 MB, solutions = 1)
  54418 19264    14159.0000   392    29059.0000    13956.0000  9282267   51.97%
  54483 19278    14362.0000   486    29059.0000    13956.0000  9291144   51.97%
  54537 19291    14159.0000   521    29059.0000    13956.0000  9299779   51.97%
  54592 19308    14159.0000   352    29059.0000    13956.0000  9309423   51.97%
  54663 19328    14966.0000   264    29059.0000    13956.0000  9316515   51.97%
  54721 19343    14254.0000   380    29059.0000    13956.0000  9323925   51.97%
  54783 19352    13956.0000   407    29059.0000    13956.0000  9329690   51.97%
  54853 19364    14966.0000   401    29059.0000    13956.0000  9338348   51.97%
  54914 19376    14159.0000   395    29059.0000    13956.0000  9348237   51.97%
  54980 19386    infeasible          29059.0000    13956.0000  9356764   51.97%
Elapsed time = 42324.23 sec. (21077731.75 ticks, tree = 210.97 MB, solutions = 1)
  55049 19399    15239.0000   250    29059.0000    13956.0000  9363327   51.97%
  55110 19405    14159.0000   360    29059.0000    13956.0000  9371675   51.97%
  55170 19414    14966.0000   270    29059.0000    13956.0000  9382484   51.97%
  55240 19422    13956.2868   472    29059.0000    13956.0000  9391795   51.97%
  55311 19426    14763.0000   498    29059.0000    13956.0000  9399874   51.97%
  55384 19434    14966.0000   310    29059.0000    13956.0000  9406369   51.97%
  55442 19455    14763.0000   365    29059.0000    13956.0000  9415228   51.97%
  55510 19467    14254.0000   480    29059.0000    13956.0000  9423092   51.97%
  55584 19472    13956.0000   457    29059.0000    13956.0000  9430317   51.97%
  55632 19491    14560.0000   394    29059.0000    13956.0000  9437328   51.97%
Elapsed time = 42420.48 sec. (21231990.70 ticks, tree = 212.11 MB, solutions = 1)
  55683 19505    14565.0000   363    29059.0000    13956.0000  9443833   51.97%
  55748 19519    14159.0000   297    29059.0000    13956.0000  9451830   51.97%
  55818 19531    infeasible          29059.0000    13956.0000  9458939   51.97%
  55880 19533    14159.0000   417    29059.0000    13956.0000  9468705   51.97%
  55933 19540    13956.0000   400    29059.0000    13956.0000  9474909   51.97%
  55977 19548    14763.0000   392    29059.0000    13956.0000  9478940   51.97%
  56030 19557    14159.0000   333    29059.0000    13956.0000  9486716   51.97%
  56095 19566    14159.0000   530    29059.0000    13956.0000  9493022   51.97%
  56137 19574    infeasible          29059.0000    13956.0000  9500351   51.97%
  56196 19598    14362.0000   352    29059.0000    13956.0000  9511964   51.97%
Elapsed time = 42511.21 sec. (21386168.44 ticks, tree = 213.28 MB, solutions = 1)
  56250 19606    infeasible          29059.0000    13956.0000  9520389   51.97%
  56305 19620    infeasible          29059.0000    13956.0000  9526431   51.97%
  56374 19639    infeasible          29059.0000    13956.0000  9536012   51.97%
  56453 19652    14966.0000   314    29059.0000    13956.0000  9547561   51.97%
  56515 19655    infeasible          29059.0000    13956.0000  9557102   51.97%
  56582 19670    14362.0000   411    29059.0000    13956.0000  9566994   51.97%
  56628 19689    14362.0000   294    29059.0000    13956.0000  9574152   51.97%
  56682 19706    14560.0000   380    29059.0000    13956.0000  9583174   51.97%
  56732 19716    14357.0000   536    29059.0000    13956.0000  9588949   51.97%
  56799 19732    14159.0000   464    29059.0000    13956.0000  9599912   51.97%
Elapsed time = 42605.18 sec. (21540677.93 ticks, tree = 214.76 MB, solutions = 1)
  56847 19745    infeasible          29059.0000    13956.0000  9610341   51.97%
  56897 19750    13956.0000   531    29059.0000    13956.0000  9616817   51.97%
  56935 19756    infeasible          29059.0000    13956.0000  9625575   51.97%
  56998 19779    14763.0000   411    29059.0000    13956.0000  9635859   51.97%
  57054 19782    14159.0000   363    29059.0000    13956.0000  9643335   51.97%
  57111 19792    14051.0000   437    29059.0000    13956.0000  9655205   51.97%
  57166 19811    14560.0000   374    29059.0000    13956.0000  9663004   51.97%
  57219 19814    infeasible          29059.0000    13956.0000  9670046   51.97%
  57276 19825    14966.0000   343    29059.0000    13956.0000  9678603   51.97%
  57334 19844    14159.0000   293    29059.0000    13956.0000  9689812   51.97%
Elapsed time = 42699.42 sec. (21695148.99 ticks, tree = 216.00 MB, solutions = 1)
  57396 19849    infeasible          29059.0000    13956.0000  9699669   51.97%
  57460 19863    infeasible          29059.0000    13956.0000  9709164   51.97%
  57512 19877    14254.0000   440    29059.0000    13956.0000  9716916   51.97%
  57576 19889    14051.0000   416    29059.0000    13956.0000  9730899   51.97%
  57630 19904    15169.0000   506    29059.0000    13956.0000  9738624   51.97%
  57689 19917    14763.0000   480    29059.0000    13956.0000  9746564   51.97%
  57750 19922    14362.0000   430    29059.0000    13956.0000  9752285   51.97%
  57801 19943    15848.0000   247    29059.0000    13956.0000  9761592   51.97%
  57861 19963    14763.0000   336    29059.0000    13956.0000  9769845   51.97%
  57915 19981    14159.0000   360    29059.0000    13956.0000  9782312   51.97%
Elapsed time = 42794.93 sec. (21849257.70 ticks, tree = 217.51 MB, solutions = 1)
  57966 20001    13956.0000   508    29059.0000    13956.0000  9790865   51.97%
  58028 20006    14159.0000   368    29059.0000    13956.0000  9798846   51.97%
  58088 20034    14159.0000   265    29059.0000    13956.0000  9804793   51.97%
  58158 20050    14763.0000   356    29059.0000    13956.0000  9815100   51.97%
  58230 20062    14159.0000   436    29059.0000    13956.0000  9823670   51.97%
  58292 20077    14655.0000   540    29059.0000    13956.0000  9833021   51.97%
  58347 20097    14159.0000  1308    29059.0000    13956.0000  9842366   51.97%
  58408 20102    infeasible          29059.0000    13956.0000  9852670   51.97%
  58459 20118    14254.0000   383    29059.0000    13956.0000  9861510   51.97%
  58514 20135    14560.0000   364    29059.0000    13956.0000  9871668   51.97%
Elapsed time = 42894.49 sec. (22004989.43 ticks, tree = 219.17 MB, solutions = 1)
  58568 20141    13956.0000   486    29059.0000    13956.0000  9881193   51.97%
  58619 20144    15061.0000   436    29059.0000    13956.0000  9891598   51.97%
  58682 20147    14159.0000   470    29059.0000    13956.0000  9900804   51.97%
  58748 20160    14362.0000   364    29059.0000    13956.0000  9910466   51.97%
  58818 20177    14966.0000   314    29059.0000    13956.0000  9921303   51.97%
  58863 20183    14560.0000   347    29059.0000    13956.0000  9928210   51.97%
  58918 20201    14159.0000   288    29059.0000    13956.0000  9935949   51.97%
  58982 20215    14051.0000   525    29059.0000    13956.0000  9941149   51.97%
  59048 20224    infeasible          29059.0000    13956.0000  9951611   51.97%
  59109 20242    14565.0000   394    29059.0000    13956.0000  9963240   51.97%
Elapsed time = 42991.84 sec. (22159641.77 ticks, tree = 220.35 MB, solutions = 1)
  59172 20255    14763.0000   332    29059.0000    13956.0000  9971905   51.97%
  59230 20266    infeasible          29059.0000    13956.0000  9979310   51.97%
  59284 20274    infeasible          29059.0000    13956.0000  9988221   51.97%
  59337 20290    14858.0000   570    29059.0000    13956.0000 10001269   51.97%
  59395 20315    15169.0000   193    29059.0000    13956.0000 10007168   51.97%
  59461 20336    14159.0000   397    29059.0000    13956.0000 10015731   51.97%
  59512 20344    infeasible          29059.0000    13956.0000 10025731   51.97%
  59571 20360    14655.0000   373    29059.0000    13956.0000 10036413   51.97%
  59639 20368    infeasible          29059.0000    13956.0000 10043889   51.97%
  59695 20382    14966.0000   420    29059.0000    13956.0000 10051852   51.97%
Elapsed time = 43087.69 sec. (22313042.27 ticks, tree = 221.88 MB, solutions = 1)
  59754 20388    14966.0000   428    29059.0000    13956.0000 10060531   51.97%
  59813 20406    14159.0000   559    29059.0000    13956.0000 10069048   51.97%
  59865 20410    infeasible          29059.0000    13956.0000 10078868   51.97%
  59924 20426    14003.5000   335    29059.0000    13956.0000 10086544   51.97%
  59990 20442    14966.0000   514    29059.0000    13956.0000 10096916   51.97%
  60048 20450    infeasible          29059.0000    13956.0000 10104032   51.97%
  60106 20455    infeasible          29059.0000    13956.0000 10115121   51.97%
  60163 20465    14966.0000   437    29059.0000    13956.0000 10127909   51.97%
  60209 20483    14966.0000   615    29059.0000    13956.0000 10135669   51.97%
  60253 20494    14159.0000   438    29059.0000    13956.0000 10140781   51.97%
Elapsed time = 43183.65 sec. (22469057.10 ticks, tree = 223.10 MB, solutions = 1)
  60309 20510    15061.0000   404    29059.0000    13956.0000 10151432   51.97%

GUB cover cuts applied:  2
Clique cuts applied:  92
Cover cuts applied:  108
Implied bound cuts applied:  434
Flow cuts applied:  224
Mixed integer rounding cuts applied:  278
Zero-half cuts applied:  119
Lift and project cuts applied:  12
Gomory fractional cuts applied:  3

Root node processing (before b&c):
  Real time             = 14261.79 sec. (1938073.93 ticks)
Sequential b&c:
  Real time             = 28938.22 sec. (20559408.76 ticks)
                          ------------
Total (root+branch&cut) = 43200.01 sec. (22497482.69 ticks)
Feasible

>> Printing some results...
    -> Solution value = 29059 - 08:04:19
    -> Total time = 43200.01
    -> Gap value = 0.52

=============
Train 0
=============
> Trip 0
   43(time 15401 - 04:16:41)(time 15612 - 04:20:12) ->    42(time 15707 - 04:21:47)(time 15889 - 04:24:49) ->    41(time 15984 - 04:26:24)(time 16192 - 04:29:52) ->    40(time 16287 - 04:31:27)(time 16496 - 04:34:56) ->    39(time 16591 - 04:36:31)(time 16776 - 04:39:36) ->    38(time 16871 - 04:41:11)(time 17089 - 04:44:49) ->    37(time 17184 - 04:46:24)(time 17377 - 04:49:37) ->    36(time 17580 - 04:53:00)(time 17796 - 04:56:36) ->    35(time 17999 - 04:59:59)(time 18198 - 05:03:18) ->    34(time 18293 - 05:04:53)(time 18488 - 05:08:08) ->    33(time 18583 - 05:09:43)(time 18790 - 05:13:10) ->    32(time 18885 - 05:14:45)(time 19103 - 05:18:23) ->    31(time 19198 - 05:19:58)(time 19416 - 05:23:36) ->    30(time 19619 - 05:26:59)(time 19818 - 05:30:18) ->    29(time 19913 - 05:31:53)(time 20113 - 05:35:13) ->    28(time 20208 - 05:36:48)(time 20393 - 05:39:53) ->    27(time 20488 - 05:41:28)(time 20678 - 05:44:38) ->    26(time 20773 - 05:46:13)(time 20963 - 05:49:23) ->    25(time 21058 - 05:50:58)(time 21278 - 05:54:38) ->    24(time 21373 - 05:56:13)(time 21572 - 05:59:32) ->    23(time 21667 - 06:01:07)(time 21878 - 06:04:38) ->    22(time 22081 - 06:08:01)(time 22081 - 06:08:01) ->    0(time 22176 - 06:09:36)(time 22387 - 06:13:07) ->    1(time 22590 - 06:16:30)(time 22789 - 06:19:49) ->    2(time 22884 - 06:21:24)(time 23104 - 06:25:04) ->    3(time 23199 - 06:26:39)(time 23389 - 06:29:49) ->    4(time 23484 - 06:31:24)(time 23674 - 06:34:34) ->    5(time 23769 - 06:36:09)(time 23954 - 06:39:14) ->    6(time 24049 - 06:40:49)(time 24249 - 06:44:09) ->    7(time 24344 - 06:45:44)(time 24543 - 06:49:03) ->    8(time 24746 - 06:52:26)(time 24964 - 06:56:04) ->    9(time 25059 - 06:57:39)(time 25277 - 07:01:17) ->    10(time 25372 - 07:02:52)(time 25579 - 07:06:19) ->    11(time 25674 - 07:07:54)(time 25869 - 07:11:09) ->    12(time 25964 - 07:12:44)(time 26163 - 07:16:03) ->    13(time 26366 - 07:19:26)(time 26582 - 07:23:02) ->    14(time 26677 - 07:24:37)(time 26870 - 07:27:50) ->    15(time 26965 - 07:29:25)(time 27183 - 07:33:03) ->    16(time 27278 - 07:34:38)(time 27463 - 07:37:43) ->    17(time 27558 - 07:39:18)(time 27767 - 07:42:47) ->    18(time 27862 - 07:44:22)(time 28070 - 07:47:50) ->    19(time 28165 - 07:49:25)(time 28347 - 07:52:27) ->    20(time 28442 - 07:54:02)(time 28653 - 07:57:33) ->    21(time 28856 - 08:00:56)(time 28856 - 08:00:56) -> 43
=============
Train 1
=============
> Trip 0
   43(time 190 - 00:03:10)(time 401 - 00:06:41) ->    42(time 496 - 00:08:16)(time 678 - 00:11:18) ->    41(time 773 - 00:12:53)(time 981 - 00:16:21) ->    40(time 1076 - 00:17:56)(time 1285 - 00:21:25) ->    39(time 1742 - 00:29:02)(time 1927 - 00:32:07) ->    38(time 2162 - 00:36:02)(time 2380 - 00:39:40) ->    37(time 2475 - 00:41:15)(time 2668 - 00:44:28) ->    36(time 2763 - 00:46:03)(time 2979 - 00:49:39) ->    35(time 3436 - 00:57:16)(time 3635 - 01:00:35) ->    34(time 4092 - 01:08:12)(time 4287 - 01:11:27) ->    33(time 4744 - 01:19:04)(time 4951 - 01:22:31) ->    32(time 5046 - 01:24:06)(time 5264 - 01:27:44) ->    31(time 5721 - 01:35:21)(time 5939 - 01:38:59) ->    30(time 6396 - 01:46:36)(time 6595 - 01:49:55) ->    29(time 6690 - 01:51:30)(time 6890 - 01:54:50) ->    28(time 6985 - 01:56:25)(time 7170 - 01:59:30) ->    27(time 7265 - 02:01:05)(time 7455 - 02:04:15) ->    26(time 7550 - 02:05:50)(time 7740 - 02:09:00) ->    25(time 7835 - 02:10:35)(time 8055 - 02:14:15) ->    24(time 8150 - 02:15:50)(time 8349 - 02:19:09) ->    23(time 8444 - 02:20:44)(time 8655 - 02:24:15) ->    22(time 8858 - 02:27:38)(time 8858 - 02:27:38) ->    0(time 8858 - 02:27:38)(time 9069 - 02:31:09) ->    1(time 9164 - 02:32:44)(time 9363 - 02:36:03) ->    2(time 9458 - 02:37:38)(time 9678 - 02:41:18) ->    3(time 9773 - 02:42:53)(time 9963 - 02:46:03) ->    4(time 10058 - 02:47:38)(time 10248 - 02:50:48) ->    5(time 10343 - 02:52:23)(time 10528 - 02:55:28) ->    6(time 10623 - 02:57:03)(time 10823 - 03:00:23) ->    7(time 10918 - 03:01:58)(time 11117 - 03:05:17) ->    8(time 11320 - 03:08:40)(time 11538 - 03:12:18) ->    9(time 11633 - 03:13:53)(time 11851 - 03:17:31) ->    10(time 11946 - 03:19:06)(time 12153 - 03:22:33) ->    11(time 12248 - 03:24:08)(time 12443 - 03:27:23) ->    12(time 12538 - 03:28:58)(time 12737 - 03:32:17) ->    13(time 12940 - 03:35:40)(time 13156 - 03:39:16) ->    14(time 13251 - 03:40:51)(time 13444 - 03:44:04) ->    15(time 13539 - 03:45:39)(time 13757 - 03:49:17) ->    16(time 13852 - 03:50:52)(time 14037 - 03:53:57) ->    17(time 14132 - 03:55:32)(time 14341 - 03:59:01) ->    18(time 14436 - 04:00:36)(time 14644 - 04:04:04) ->    19(time 14739 - 04:05:39)(time 14921 - 04:08:41) ->    20(time 15016 - 04:10:16)(time 15227 - 04:13:47) ->    21(time 15684 - 04:21:24)(time 15684 - 04:21:24) -> 43
=============
Train 2
=============
> Trip 0
   43(time 15496 - 04:18:16)(time 15707 - 04:21:47) ->    42(time 15802 - 04:23:22)(time 15984 - 04:26:24) ->    41(time 16079 - 04:27:59)(time 16287 - 04:31:27) ->    40(time 16382 - 04:33:02)(time 16591 - 04:36:31) ->    39(time 16686 - 04:38:06)(time 16871 - 04:41:11) ->    38(time 16966 - 04:42:46)(time 17184 - 04:46:24) ->    37(time 17387 - 04:49:47)(time 17580 - 04:53:00) ->    36(time 17783 - 04:56:23)(time 17999 - 04:59:59) ->    35(time 18202 - 05:03:22)(time 18401 - 05:06:41) ->    34(time 18496 - 05:08:16)(time 18691 - 05:11:31) ->    33(time 18786 - 05:13:06)(time 18993 - 05:16:33) ->    32(time 19088 - 05:18:08)(time 19306 - 05:21:46) ->    31(time 19401 - 05:23:21)(time 19619 - 05:26:59) ->    30(time 19822 - 05:30:22)(time 20021 - 05:33:41) ->    29(time 20116 - 05:35:16)(time 20316 - 05:38:36) ->    28(time 20411 - 05:40:11)(time 20596 - 05:43:16) ->    27(time 20691 - 05:44:51)(time 20881 - 05:48:01) ->    26(time 20976 - 05:49:36)(time 21166 - 05:52:46) ->    25(time 21261 - 05:54:21)(time 21481 - 05:58:01) ->    24(time 21576 - 05:59:36)(time 21775 - 06:02:55) ->    23(time 21870 - 06:04:30)(time 22081 - 06:08:01) ->    22(time 22487 - 06:14:47)(time 22487 - 06:14:47) ->    0(time 22487 - 06:14:47)(time 22698 - 06:18:18) ->    1(time 22793 - 06:19:53)(time 22992 - 06:23:12) ->    2(time 23087 - 06:24:47)(time 23307 - 06:28:27) ->    3(time 23402 - 06:30:02)(time 23592 - 06:33:12) ->    4(time 23687 - 06:34:47)(time 23877 - 06:37:57) ->    5(time 23972 - 06:39:32)(time 24157 - 06:42:37) ->    6(time 24252 - 06:44:12)(time 24452 - 06:47:32) ->    7(time 24547 - 06:49:07)(time 24746 - 06:52:26) ->    8(time 24949 - 06:55:49)(time 25167 - 06:59:27) ->    9(time 25262 - 07:01:02)(time 25480 - 07:04:40) ->    10(time 25575 - 07:06:15)(time 25782 - 07:09:42) ->    11(time 25877 - 07:11:17)(time 26072 - 07:14:32) ->    12(time 26167 - 07:16:07)(time 26366 - 07:19:26) ->    13(time 26569 - 07:22:49)(time 26785 - 07:26:25) ->    14(time 26880 - 07:28:00)(time 27073 - 07:31:13) ->    15(time 27168 - 07:32:48)(time 27386 - 07:36:26) ->    16(time 27481 - 07:38:01)(time 27666 - 07:41:06) ->    17(time 27761 - 07:42:41)(time 27970 - 07:46:10) ->    18(time 28065 - 07:47:45)(time 28273 - 07:51:13) ->    19(time 28368 - 07:52:48)(time 28550 - 07:55:50) ->    20(time 28645 - 07:57:25)(time 28856 - 08:00:56) ->    21(time 29059 - 08:04:19)(time 29059 - 08:04:19) -> 43
=============
Train 3
=============
> Trip 0
   43(time 95 - 00:01:35)(time 306 - 00:05:06) ->    42(time 401 - 00:06:41)(time 583 - 00:09:43) ->    41(time 678 - 00:11:18)(time 886 - 00:14:46) ->    40(time 981 - 00:16:21)(time 1190 - 00:19:50) ->    39(time 1285 - 00:21:25)(time 1470 - 00:24:30) ->    38(time 1565 - 00:26:05)(time 1783 - 00:29:43) ->    37(time 1878 - 00:31:18)(time 2071 - 00:34:31) ->    36(time 2274 - 00:37:54)(time 2490 - 00:41:30) ->    35(time 2947 - 00:49:07)(time 3146 - 00:52:26) ->    34(time 3603 - 01:00:03)(time 3798 - 01:03:18) ->    33(time 3893 - 01:04:53)(time 4100 - 01:08:20) ->    32(time 4195 - 01:09:55)(time 4413 - 01:13:33) ->    31(time 4508 - 01:15:08)(time 4726 - 01:18:46) ->    30(time 5183 - 01:26:23)(time 5382 - 01:29:42) ->    29(time 5477 - 01:31:17)(time 5677 - 01:34:37) ->    28(time 5772 - 01:36:12)(time 5957 - 01:39:17) ->    27(time 6052 - 01:40:52)(time 6242 - 01:44:02) ->    26(time 6337 - 01:45:37)(time 6527 - 01:48:47) ->    25(time 6622 - 01:50:22)(time 6842 - 01:54:02) ->    24(time 6937 - 01:55:37)(time 7136 - 01:58:56) ->    23(time 7231 - 02:00:31)(time 7442 - 02:04:02) ->    22(time 7645 - 02:07:25)(time 7645 - 02:07:25) ->    0(time 7645 - 02:07:25)(time 7856 - 02:10:56) ->    1(time 7951 - 02:12:31)(time 8150 - 02:15:50) ->    2(time 8245 - 02:17:25)(time 8465 - 02:21:05) ->    3(time 8560 - 02:22:40)(time 8750 - 02:25:50) ->    4(time 8845 - 02:27:25)(time 9035 - 02:30:35) ->    5(time 9130 - 02:32:10)(time 9315 - 02:35:15) ->    6(time 9410 - 02:36:50)(time 9610 - 02:40:10) ->    7(time 9718 - 02:41:58)(time 9917 - 02:45:17) ->    8(time 10120 - 02:48:40)(time 10338 - 02:52:18) ->    9(time 10433 - 02:53:53)(time 10651 - 02:57:31) ->    10(time 10746 - 02:59:06)(time 10953 - 03:02:33) ->    11(time 11048 - 03:04:08)(time 11243 - 03:07:23) ->    12(time 11338 - 03:08:58)(time 11537 - 03:12:17) ->    13(time 11740 - 03:15:40)(time 11956 - 03:19:16) ->    14(time 12051 - 03:20:51)(time 12244 - 03:24:04) ->    15(time 12339 - 03:25:39)(time 12557 - 03:29:17) ->    16(time 12652 - 03:30:52)(time 12837 - 03:33:57) ->    17(time 12932 - 03:35:32)(time 13141 - 03:39:01) ->    18(time 13236 - 03:40:36)(time 13444 - 03:44:04) ->    19(time 13539 - 03:45:39)(time 13721 - 03:48:41) ->    20(time 13816 - 03:50:16)(time 14027 - 03:53:47) ->    21(time 14230 - 03:57:10)(time 14230 - 03:57:10) -> 43
> Trip 1
   43(time 15306 - 04:15:06)(time 15517 - 04:18:37) ->    42(time 15612 - 04:20:12)(time 15794 - 04:23:14) ->    41(time 15889 - 04:24:49)(time 16097 - 04:28:17) ->    40(time 16192 - 04:29:52)(time 16401 - 04:33:21) ->    39(time 16496 - 04:34:56)(time 16681 - 04:38:01) ->    38(time 16776 - 04:39:36)(time 16994 - 04:43:14) ->    37(time 17089 - 04:44:49)(time 17282 - 04:48:02) ->    36(time 17377 - 04:49:37)(time 17593 - 04:53:13) ->    35(time 17796 - 04:56:36)(time 17995 - 04:59:55) ->    34(time 18090 - 05:01:30)(time 18285 - 05:04:45) ->    33(time 18380 - 05:06:20)(time 18587 - 05:09:47) ->    32(time 18682 - 05:11:22)(time 18900 - 05:15:00) ->    31(time 18995 - 05:16:35)(time 19213 - 05:20:13) ->    30(time 19416 - 05:23:36)(time 19615 - 05:26:55) ->    29(time 19710 - 05:28:30)(time 19910 - 05:31:50) ->    28(time 20005 - 05:33:25)(time 20190 - 05:36:30) ->    27(time 20285 - 05:38:05)(time 20475 - 05:41:15) ->    26(time 20570 - 05:42:50)(time 20760 - 05:46:00) ->    25(time 20855 - 05:47:35)(time 21075 - 05:51:15) ->    24(time 21170 - 05:52:50)(time 21369 - 05:56:09) ->    23(time 21464 - 05:57:44)(time 21675 - 06:01:15) ->    22(time 21878 - 06:04:38)(time 21878 - 06:04:38) ->    0(time 22081 - 06:08:01)(time 22292 - 06:11:32) ->    1(time 22387 - 06:13:07)(time 22586 - 06:16:26) ->    2(time 22681 - 06:18:01)(time 22901 - 06:21:41) ->    3(time 22996 - 06:23:16)(time 23186 - 06:26:26) ->    4(time 23281 - 06:28:01)(time 23471 - 06:31:11) ->    5(time 23566 - 06:32:46)(time 23751 - 06:35:51) ->    6(time 23846 - 06:37:26)(time 24046 - 06:40:46) ->    7(time 24141 - 06:42:21)(time 24340 - 06:45:40) ->    8(time 24543 - 06:49:03)(time 24761 - 06:52:41) ->    9(time 24856 - 06:54:16)(time 25074 - 06:57:54) ->    10(time 25169 - 06:59:29)(time 25376 - 07:02:56) ->    11(time 25471 - 07:04:31)(time 25666 - 07:07:46) ->    12(time 25761 - 07:09:21)(time 25960 - 07:12:40) ->    13(time 26163 - 07:16:03)(time 26379 - 07:19:39) ->    14(time 26474 - 07:21:14)(time 26667 - 07:24:27) ->    15(time 26762 - 07:26:02)(time 26980 - 07:29:40) ->    16(time 27075 - 07:31:15)(time 27260 - 07:34:20) ->    17(time 27355 - 07:35:55)(time 27564 - 07:39:24) ->    18(time 27659 - 07:40:59)(time 27867 - 07:44:27) ->    19(time 27962 - 07:46:02)(time 28144 - 07:49:04) ->    20(time 28239 - 07:50:39)(time 28450 - 07:54:10) ->    21(time 28653 - 07:57:33)(time 28653 - 07:57:33) -> 43
=============
Train 4
=============
> Trip 0
   43(time 0 - 00:00:00)(time 211 - 00:03:31) ->    42(time 306 - 00:05:06)(time 488 - 00:08:08) ->    41(time 583 - 00:09:43)(time 791 - 00:13:11) ->    40(time 886 - 00:14:46)(time 1095 - 00:18:15) ->    39(time 1190 - 00:19:50)(time 1375 - 00:22:55) ->    38(time 1470 - 00:24:30)(time 1688 - 00:28:08) ->    37(time 1783 - 00:29:43)(time 1976 - 00:32:56) ->    36(time 2071 - 00:34:31)(time 2287 - 00:38:07) ->    35(time 2490 - 00:41:30)(time 2689 - 00:44:49) ->    34(time 2784 - 00:46:24)(time 2979 - 00:49:39) ->    33(time 3074 - 00:51:14)(time 3281 - 00:54:41) ->    32(time 3376 - 00:56:16)(time 3594 - 00:59:54) ->    31(time 3689 - 01:01:29)(time 3907 - 01:05:07) ->    30(time 4364 - 01:12:44)(time 4563 - 01:16:03) ->    29(time 4658 - 01:17:38)(time 4858 - 01:20:58) ->    28(time 4953 - 01:22:33)(time 5138 - 01:25:38) ->    27(time 5233 - 01:27:13)(time 5423 - 01:30:23) ->    26(time 5518 - 01:31:58)(time 5708 - 01:35:08) ->    25(time 5803 - 01:36:43)(time 6023 - 01:40:23) ->    24(time 6118 - 01:41:58)(time 6317 - 01:45:17) ->    23(time 6774 - 01:52:54)(time 6985 - 01:56:25) ->    22(time 7442 - 02:04:02)(time 7442 - 02:04:02) ->    0(time 7442 - 02:04:02)(time 7653 - 02:07:33) ->    1(time 7748 - 02:09:08)(time 7947 - 02:12:27) ->    2(time 8055 - 02:14:15)(time 8275 - 02:17:55) ->    3(time 8370 - 02:19:30)(time 8560 - 02:22:40) ->    4(time 8655 - 02:24:15)(time 8845 - 02:27:25) ->    5(time 8940 - 02:29:00)(time 9125 - 02:32:05) ->    6(time 9220 - 02:33:40)(time 9420 - 02:37:00) ->    7(time 9515 - 02:38:35)(time 9714 - 02:41:54) ->    8(time 9917 - 02:45:17)(time 10135 - 02:48:55) ->    9(time 10230 - 02:50:30)(time 10448 - 02:54:08) ->    10(time 10543 - 02:55:43)(time 10750 - 02:59:10) ->    11(time 10845 - 03:00:45)(time 11040 - 03:04:00) ->    12(time 11135 - 03:05:35)(time 11334 - 03:08:54) ->    13(time 11537 - 03:12:17)(time 11753 - 03:15:53) ->    14(time 11848 - 03:17:28)(time 12041 - 03:20:41) ->    15(time 12136 - 03:22:16)(time 12354 - 03:25:54) ->    16(time 12449 - 03:27:29)(time 12634 - 03:30:34) ->    17(time 12729 - 03:32:09)(time 12938 - 03:35:38) ->    18(time 13033 - 03:37:13)(time 13241 - 03:40:41) ->    19(time 13336 - 03:42:16)(time 13518 - 03:45:18) ->    20(time 13613 - 03:46:53)(time 13824 - 03:50:24) ->    21(time 14027 - 03:53:47)(time 14027 - 03:53:47) -> 43
