t5p6r6h1.txt:
   > Trying to open the instance file...
   > Reading number of trains...
   > Reading maximum number of trips per train...
   > Reading time intervals...
   > Reading number of points...
   > Reading stations...
   > Reading crossings...
   > Reading depots...
   > Reading initial point...
   > Reading routes...
   > Reading distance and distance and service...
   > Reading demands...
   > Reading maximum time...
   > Reading alpha...

--------------------------------
 Printing instance
--------------------------------
number of trains = 5
	max trips per trains: 6     6     6     6     6
number of intervals = 1
	(0,  21011)
number of points = 6
	initial point: 0
	stations: 0     1     2     3     5
	crossings: 0     1     3     4     5
	depots: 0     3     5
number of vertices = 12
	total vertices: 0     1     2     3     4     5     6     7     8     9    10    11
	upper vertices: 0     1     2     3     4     5
	lower vertices: 6     7     8     9    10    11
	vertices of point #0: (0, 6)
	vertices of point #1: (1, 7)
	vertices of point #2: (2, 8)
	vertices of point #3: (3, 9)
	vertices of point #4: (4, 10)
	vertices of point #5: (5, 11)

arcs...
	total arcs: 
		arc #0: (0, 1)
		arc #1: (0, 6)
		arc #2: (6, 0)
		arc #3: (1, 2)
		arc #4: (7, 6)
		arc #5: (2, 3)
		arc #6: (8, 7)
		arc #7: (3, 4)
		arc #8: (9, 8)
		arc #9: (3, 9)
		arc #10: (9, 3)
		arc #11: (4, 5)
		arc #12: (10, 9)
		arc #13: (11, 10)
		arc #14: (5, 11)
		arc #15: (11, 5)

	reverse arcs: 
		arc #1: (0, 6)
		arc #2: (6, 0)
		arc #9: (3, 9)
		arc #10: (9, 3)
		arc #14: (5, 11)
		arc #15: (11, 5)


incompatible points...
	(0, 0, 7, (0, 1))	(7, 7, 0, (7, 6))	(1, 2, 9, (2, 3))	(9, 8, 1, (8, 7))	(3, 3, 10, (3, 4))	(10, 10, 3, (10, 9))	(4, 4, 11, (4, 5))	(11, 11, 4, (11, 10))

number of routes = 6
vertices of routes...
	route #0: 0     1     2     3     4     5    11    10     9     8     7     6     0
	route #1: 11    10     9     8     7     6     0     1     2     3     4     5    11
	route #2: 3     4     5
	route #3: 9     8     7     6
	route #4: 0     1     2     3
	route #5: 11    10     9
arcs of routes...
	route #0: 0     3     5     7    11    14    13    12     8     6     4     2
	route #1: 13    12     8     6     4     2     0     3     5     7    11    14
	route #2: 7    11
	route #3: 8     6     4
	route #4: 0     3     5
	route #5: 13    12

incompatible routes...
	(0, 1)    	(0, 2)    	(0, 3)    	(0, 5)    	(1, 0)    	(1, 2)    	(1, 3)    	(1, 4)    	(2, 0)    	(2, 2)    	(2, 3)    	(2, 4)    	(3, 1)    	(3, 2)    	(3, 3)    	(3, 5)    	(4, 0)    	(4, 1)    	(4, 4)    	(4, 5)    	(5, 0)    	(5, 1)    	(5, 4)    	(5, 5)

vertices that can be adjacent in consecutive trips...
	(0, 0)    	(3, 3)    	(3, 9)    	(5, 11)    	(6, 0)    	(9, 3)    	(9, 9)    	(11, 11)
non cyclical routes: 
       2       3       4       5

routes of trip...
	routes that train #0 can complete at trip #0: 0       4
	routes that train #0 can complete at trip #1: 0       1       2       3       4       5
	routes that train #0 can complete at trip #2: 0       1       2       3       4       5
	routes that train #0 can complete at trip #3: 0       1       2       3       4       5
	routes that train #0 can complete at trip #4: 0       1       2       3       4       5
	routes that train #0 can complete at trip #5: 0       1       2       3       4       5

	routes that train #1 can complete at trip #0: 0       4
	routes that train #1 can complete at trip #1: 0       1       2       3       4       5
	routes that train #1 can complete at trip #2: 0       1       2       3       4       5
	routes that train #1 can complete at trip #3: 0       1       2       3       4       5
	routes that train #1 can complete at trip #4: 0       1       2       3       4       5
	routes that train #1 can complete at trip #5: 0       1       2       3       4       5

	routes that train #2 can complete at trip #0: 0       4
	routes that train #2 can complete at trip #1: 0       1       2       3       4       5
	routes that train #2 can complete at trip #2: 0       1       2       3       4       5
	routes that train #2 can complete at trip #3: 0       1       2       3       4       5
	routes that train #2 can complete at trip #4: 0       1       2       3       4       5
	routes that train #2 can complete at trip #5: 0       1       2       3       4       5

	routes that train #3 can complete at trip #0: 0       4
	routes that train #3 can complete at trip #1: 0       1       2       3       4       5
	routes that train #3 can complete at trip #2: 0       1       2       3       4       5
	routes that train #3 can complete at trip #3: 0       1       2       3       4       5
	routes that train #3 can complete at trip #4: 0       1       2       3       4       5
	routes that train #3 can complete at trip #5: 0       1       2       3       4       5

	routes that train #4 can complete at trip #0: 0       4
	routes that train #4 can complete at trip #1: 0       1       2       3       4       5
	routes that train #4 can complete at trip #2: 0       1       2       3       4       5
	routes that train #4 can complete at trip #3: 0       1       2       3       4       5
	routes that train #4 can complete at trip #4: 0       1       2       3       4       5
	routes that train #4 can complete at trip #5: 0       1       2       3       4       5

 cost...
	arc #0 [0][1]: 138
	arc #1 [0][6]: 0
	arc #2 [6][0]: 0
	arc #3 [1][2]: 162
	arc #4 [7][6]: 138
	arc #5 [2][3]: 151
	arc #6 [8][7]: 162
	arc #7 [3][4]: 156
	arc #8 [9][8]: 151
	arc #9 [3][9]: 0
	arc #10 [9][3]: 0
	arc #11 [4][5]: 163
	arc #12 [10][9]: 156
	arc #13 [11][10]: 163
	arc #14 [5][11]: 0
	arc #15 [11][5]: 0

cost with minimum service...
	arc #0 [0][1]: 212
	arc #1 [0][6]: 0
	arc #2 [6][0]: 0
	arc #3 [1][2]: 236
	arc #4 [7][6]: 308
	arc #5 [2][3]: 321
	arc #6 [8][7]: 236
	arc #7 [3][4]: 223
	arc #8 [9][8]: 225
	arc #9 [3][9]: 0
	arc #10 [9][3]: 0
	arc #11 [4][5]: 333
	arc #12 [10][9]: 326
	arc #13 [11][10]: 230
	arc #14 [5][11]: 0
	arc #15 [11][5]: 0

cost with maximum service...
	arc #0 [0][1]: 656
	arc #1 [0][6]: 518
	arc #2 [6][0]: 518
	arc #3 [1][2]: 680
	arc #4 [7][6]: 656
	arc #5 [2][3]: 669
	arc #6 [8][7]: 680
	arc #7 [3][4]: 674
	arc #8 [9][8]: 669
	arc #9 [3][9]: 518
	arc #10 [9][3]: 518
	arc #11 [4][5]: 681
	arc #12 [10][9]: 674
	arc #13 [11][10]: 681
	arc #14 [5][11]: 518
	arc #15 [11][5]: 518

demands...
	demands of vertex 0 at time interval: 26
	demands of vertex 1 at time interval: 26
	demands of vertex 2 at time interval: 26
	demands of vertex 3 at time interval: 26
	demands of vertex 4 at time interval: 0
	demands of vertex 5 at time interval: 0
	demands of vertex 6 at time interval: 0
	demands of vertex 7 at time interval: 26
	demands of vertex 8 at time interval: 26
	demands of vertex 9 at time interval: 26
	demands of vertex 10 at time interval: 0
	demands of vertex 11 at time interval: 26

maximum time = 21011
alpha = 57

>> Solving...
Version identifier: 20.1.0.0 | 2020-11-10 | 9bedb6d68
CPXPARAM_Threads                                 1
CPXPARAM_TimeLimit                               43200
Tried aggregator 3 times.
MIP Presolve eliminated 129785 rows and 30490 columns.
MIP Presolve modified 76960 coefficients.
Aggregator did 445 substitutions.
Reduced MIP has 219658 rows, 74586 columns, and 549170 nonzeros.
Reduced MIP has 73885 binaries, 0 generals, 0 SOSs, and 0 indicators.
Presolve time = 7.40 sec. (3818.38 ticks)
Probing fixed 15 vars, tightened 90 bounds.
Probing time = 1.50 sec. (664.21 ticks)
Tried aggregator 2 times.
Detecting symmetries...
Elapsed time for symmetry detection = 5.75 sec. (10003.39 ticks)
Found 1.718562e+22345 symmetric permutations.
MIP Presolve eliminated 10339 rows and 285 columns.
MIP Presolve modified 7980 coefficients.
Aggregator did 5790 substitutions.
Reduced MIP has 203529 rows, 68511 columns, and 510005 nonzeros.
Reduced MIP has 67810 binaries, 0 generals, 0 SOSs, and 0 indicators.
Presolve time = 13.03 sec. (19624.11 ticks)
Probing fixed 0 vars, tightened 10 bounds.
Probing time = 0.37 sec. (240.94 ticks)
Clique table members: 327265.
MIP emphasis: balance optimality and feasibility.
MIP search method: dynamic search.
Parallel mode: none, using 1 thread.
Root relaxation solution time = 54.07 sec. (29304.13 ticks)

        Nodes                                         Cuts/
   Node  Left     Objective  IInf  Best Integer    Best Bound    ItCnt     Gap

      0     0        0.0000 35212                      0.0000    81107         
      0     0        0.1587 36116                  Cuts: 9893   132531         
      0     0       28.5000 36741                  Cuts: 9994   199235         
      0     0       64.5887 34603                  Cuts: 9957   296657         
      0     0       68.4862 34781                  Cuts: 7508   331761         
      0     0       68.5861 35034                  Cuts: 4108   377992         

Repeating presolve.
Tried aggregator 1 time.
MIP Presolve eliminated 110870 rows and 44360 columns.
MIP Presolve modified 750 coefficients.
Reduced MIP has 92659 rows, 24151 columns, and 243905 nonzeros.
Reduced MIP has 23450 binaries, 0 generals, 0 SOSs, and 0 indicators.
Presolve time = 1.08 sec. (939.05 ticks)
Probing time = 0.04 sec. (15.65 ticks)
Tried aggregator 1 time.
Detecting symmetries...
Reduced MIP has 92659 rows, 24151 columns, and 243905 nonzeros.
Reduced MIP has 23450 binaries, 0 generals, 0 SOSs, and 0 indicators.
Presolve time = 0.90 sec. (1348.78 ticks)
Represolve time = 2.22 sec. (2380.70 ticks)
Probing time = 0.04 sec. (15.56 ticks)
Clique table members: 130220.
MIP emphasis: balance optimality and feasibility.
MIP search method: dynamic search.
Parallel mode: none, using 1 thread.
Root relaxation solution time = 11.96 sec. (11910.76 ticks)

        Nodes                                         Cuts/
   Node  Left     Objective  IInf  Best Integer    Best Bound    ItCnt     Gap

      0     0       68.5861 12055                     68.5861   410619         
      0     0      271.1959 12881                  Cuts: 3884   435528         
      0     0      271.4307 12799                  Cuts: 6038   447281         
      0     0      271.6913 12603                  Cuts: 3368   460904         
      0     0      271.9390 12724                  Cuts: 3185   480721         
      0     0      272.1563 12345                  Cuts: 3437   492419         
      0     0      272.5496 12242                  Cuts: 1907   504076         
      0     0      272.5782 12606                  Cuts: 6597   521672         
      0     0      272.5819 12661                  Cuts: 3383   526899         
      0     0      272.5889 11965                   Cuts: 618   527897         
      0     0      272.5889 12183                  Cuts: 4423   533052         
Heuristic still looking.
Heuristic still looking.
      0     2      272.5889 11938                    272.9088   533052         
Elapsed time = 2441.06 sec. (1536457.67 ticks, tree = 0.01 MB, solutions = 0)
      1     3     1410.7500 10778                    272.9637   547398         
      2     4     2650.0000 12212                   1410.7500   609058         
      3     5     3848.0000 11448                   1410.7500   650460         
      4     6     1530.0375 10292                   1530.0375   661819         
      5     7     1530.0375  9604                   1530.0375   667046         
      6     8     1603.4737  9097                   1530.0375   677087         
      7     9     1645.8750  8555                   1530.0375   681900         
      8    10     1748.5393  8473                   1530.0375   687079         
      9    11    15900.0000  3164                   1530.0375   726642         
     10    12     1748.5846  8443                   1530.0375   730454         
Elapsed time = 2675.90 sec. (1757566.61 ticks, tree = 0.93 MB, solutions = 0)
     12    14     3102.4432 10393                   1530.0375   770950         
     13    15    15900.0000  3782                   1530.0375   785487         
     17    17    18636.0000   850                   1530.0375   790726         
     28    24    20081.0000   425                   1530.0375   792727         
     43    36    20042.0000   423                   1530.0375   793795         
     50    37     6498.0000 12124                   1583.5720   826671         
     51    38     6498.0000 11837                   1583.5720   847976         
     52    39     6498.0000 11834                   1583.5720   870464         
     56    43     6498.0000 11854                   1583.5720   897013         
     57    44     6498.0000 11075                   1583.5720   915863         
Elapsed time = 2783.25 sec. (1859234.08 ticks, tree = 1.95 MB, solutions = 0)
     58    45     6498.0000 11585                   1583.5720   931276         
     59    46     9318.0000 11047                   1583.5720   950869         
     60    47     9318.0000 10789                   1583.5720   976289         
     61    48     9318.0000  9338                   1583.5720   996971         
     62    49    20162.0000  4169                   1583.5720  1031784         
     63    50    20162.0000  2845                   1583.5720  1041086         
     66    49     3100.3604 11840                   1603.4737  1060417         
     67    50     3100.3604 12174                   1603.4737  1102990         
     68    51     3100.3604 11261                   1603.4737  1151026         
     69    52     3100.3604 10683                   1603.4737  1197971         
Elapsed time = 3136.74 sec. (2054400.51 ticks, tree = 3.56 MB, solutions = 0)
     70    51    infeasible                         1603.4737  1232940         
     71    52    15900.0000  8233                   1603.4737  1254028         
     72    53    18550.0000  6502                   1603.4737  1260694         
     74    55    18777.0000   624                   1603.4737  1266813         
     76    57    20690.0000   390                   1603.4737  1270173         
     83    64    19381.0000   434                   1603.4737  1271976         
     90    71    19381.0000   177                   1603.4737  1273629         
    100    81    18777.0000   251                   1603.4737  1276560         
    120    93    19154.0000   193                   1603.4737  1277376         
    136   103    18777.0000   277                   1603.4737  1279153         
Elapsed time = 3169.86 sec. (2081578.71 ticks, tree = 5.27 MB, solutions = 0)
    145   110    19551.0000   236                   1603.4737  1279678         
    150   111     3249.0000 10118                   1748.5393  1292767         
    151   112     5300.0000 10805                   1748.5393  1316344         
    154   115     5300.0000 10501                   1748.5393  1341146         
    163   124     5300.0000 10501                   1748.5393  1361063         
    164   125     5300.0000 10830                   1748.5393  1379804         
    165   126     5300.0000 10706                   1748.5393  1399815         
    167   128     5300.0000 10766                   1748.5393  1408293         
    178   139     5300.0000 10858                   1748.5393  1425101         
    179   140     5300.0000  9504                   1748.5393  1441629         
Elapsed time = 3245.97 sec. (2155829.49 ticks, tree = 6.25 MB, solutions = 0)
    180   141     5300.0000 10196                   1748.5393  1457923         
    182   143     5300.0000 10627                   1748.5393  1477934         
    190   151     5300.0000  8886                   1748.5393  1496144         
    205   166     5300.0000 10589                   1748.5393  1518542         
    206   165    infeasible                         1748.5393  1524468         
    208   165    17155.0000  1599                   2650.0000  1536735         
    215   172    17325.0000   503                   2650.0000  1538351         
    229   186    17495.0000   485                   2650.0000  1539715         
    244   196    17821.0000   381                   2650.0000  1541250         
    255   202     5300.0000 12048                   2650.0000  1567827         
Elapsed time = 3320.58 sec. (2229352.61 ticks, tree = 7.95 MB, solutions = 0)
    256   203     5300.0000 11785                   2650.0000  1584352         
    257   204     5300.0000 12145                   2650.0000  1600678         
    258   205     5470.0000 11564                   2650.0000  1620574         
    259   206     5470.0000 11102                   2650.0000  1622334         
    260   207     5470.0000 10631                   2650.0000  1632797         
    261   208     5470.0000 11223                   2650.0000  1641592         
    262   209    16070.0000  5348                   2650.0000  1666422         
    264   209    16070.0000  3407                   2650.0000  1673743         
    265   210    16070.0000  2965                   2650.0000  1678266         
    267   212    16127.0000  1231                   2650.0000  1686642         
Elapsed time = 3389.37 sec. (2299380.18 ticks, tree = 8.13 MB, solutions = 0)
    287   228     2650.0000 12555                   2650.0000  1718200         
    288   229     2650.0000 12521                   2650.0000  1724453         
    289   230     2650.0000 12522                   2650.0000  1732142         
    290   231     5367.0000 12838                   2650.0000  1750904         
    291   232     2650.0000 12523                   2650.0000  1756593         
    292   233     5300.0000 12674                   2650.0000  1780416         
    293   234     5300.0000 12143                   2650.0000  1807112         
    294   235     5300.0000 12971                   2650.0000  1834946         
    295   236     5300.0000 10884                   2650.0000  1853948         
    296   237     5300.0000 11641                   2650.0000  1885662         
Elapsed time = 3514.02 sec. (2431439.49 ticks, tree = 8.57 MB, solutions = 0)
    297   238     8935.0000  8974                   2650.0000  1918708         
    298   239     8935.0000  7851                   2650.0000  1939323         
    299   240     8935.0000 11082                   2650.0000  1975713         
    301   238    infeasible                         2650.0000  1991798         
    302   237    infeasible                         2650.0000  1999863         
    303   238     2650.0000 12636                   2650.0000  2047081         
    304   239     2650.0000 12657                   2650.0000  2055123         
    305   240     2650.0000 12656                   2650.0000  2059418         
    306   241     5300.0000 12342                   2650.0000  2087014         
    307   242     5300.0000 11460                   2650.0000  2104211         
Elapsed time = 3621.32 sec. (2541746.67 ticks, tree = 8.68 MB, solutions = 0)
    308   243     5300.0000 11905                   2650.0000  2122936         
    311   246     5300.0000 11485                   2650.0000  2141273         
    312   247     5300.0000 11969                   2650.0000  2167492         
    313   248     5300.0000 12064                   2650.0000  2191688         
    314   249     5300.0000 12030                   2650.0000  2215437         
    315   250     5300.0000 12109                   2650.0000  2237286         
    316   251     5300.0000 11623                   2650.0000  2258493         
    320   253    10600.0000 11240                   2650.0000  2283317         
    321   254    10600.0000 11210                   2650.0000  2303543         
    324   257    10600.0000 11258                   2650.0000  2319807         
Elapsed time = 3700.47 sec. (2618906.06 ticks, tree = 8.98 MB, solutions = 0)
    325   258    10600.0000 12067                   2650.0000  2336222         
    326   259    10600.0000 12149                   2650.0000  2358363         
    330   263    10600.0000 11860                   2650.0000  2375966         
    331   264    10600.0000 11517                   2650.0000  2390970         
    332   265    10600.0000 11571                   2650.0000  2409467         
    333   266    10600.0000 11383                   2650.0000  2427720         
    335   268    10600.0000 10477                   2650.0000  2444317         
    336   269    13250.0000 10424                   2650.0000  2460636         
    338   271    13250.0000 10170                   2650.0000  2496272         
    339   272    13250.0000 10039                   2650.0000  2513865         
Elapsed time = 3750.52 sec. (2667821.65 ticks, tree = 9.30 MB, solutions = 0)
    355   288    13250.0000  9543                   2650.0000  2544984         
    358   289    infeasible                         2650.0000  2568705         
    360   289     2820.0000 12494                   2650.0000  2577914         
    361   290     5470.0000 11322                   2650.0000  2597817         
    362   291     5470.0000 11365                   2650.0000  2609143         
    363   292     5470.0000 12124                   2650.0000  2627063         
    364   292     5470.0000 12134                   2650.0000  2638540         
    365   293    13477.0000 10148                   2650.0000  2672692         
    366   294    13477.0000 10847                   2650.0000  2699807         
    367   295    13477.0000  9582                   2650.0000  2730012         
Elapsed time = 3819.88 sec. (2735591.85 ticks, tree = 9.80 MB, solutions = 0)
    369   297    13477.0000  8381                   2650.0000  2768235         
    371   299    13477.0000  8579                   2650.0000  2787243         
    372   298    infeasible                         2650.0000  2802963         
    373   299    13477.0000  8060                   2650.0000  2826223         
    376   298     5300.0000 12854                   2650.0000  2854929         
    377   299    10657.0000 10186                   2650.0000  2892647         
    380   300    10657.0000 10502                   2650.0000  2920306         
    383   303    10657.0000 10175                   2650.0000  2951573         
    384   303    10657.0000 10146                   2650.0000  2980301         
    385   304    10657.0000  8378                   2650.0000  3014845         
Elapsed time = 3910.40 sec. (2826269.56 ticks, tree = 10.00 MB, solutions = 0)
    386   305    10657.0000  9580                   2650.0000  3039230         
    387   306    10657.0000  9432                   2650.0000  3063012         
    388   307    10657.0000  9578                   2650.0000  3083682         
    391   306     5300.0000 12779                   2820.0000  3111901         
    392   307     5300.0000 10470                   2820.0000  3132568         
    393   308     5300.0000 11191                   2820.0000  3160886         
    394   309     5300.0000  9954                   2820.0000  3176146         
    395   310     5300.0000 11583                   2820.0000  3201560         
    396   311     5300.0000 10971                   2820.0000  3218365         
    398   313    15900.0000 10721                   2820.0000  3269476         
Elapsed time = 3986.97 sec. (2899938.07 ticks, tree = 10.19 MB, solutions = 0)
    400   315    11798.0000 11264                   2820.0000  3296529         
    402   315    11798.0000 11310                   2820.0000  3314396         
    403   316    11798.0000 10891                   2820.0000  3332889         
    404   317    11798.0000  9955                   2820.0000  3356937         
    405   318    11798.0000 10072                   2820.0000  3377806         
    407   318    13307.0000  7325                   2820.0000  3395825         
    410   319    13307.0000  8561                   2820.0000  3422096         
    415   320    13307.0000  9575                   2820.0000  3449535         
    417   322    18607.0000  8151                   2820.0000  3477392         
    420   325    18674.0000  1015                   2820.0000  3493535         
Elapsed time = 4044.11 sec. (2957502.74 ticks, tree = 10.45 MB, solutions = 0)
    435   332     5300.0000 11366                   3100.3604  3507234         
    436   333     5300.0000 11376                   3100.3604  3521045         
    438   335     8177.0000 10504                   3100.3604  3539451         
    440   335    10827.0000  9642                   3100.3604  3559264         
    441   336    10827.0000 10268                   3100.3604  3580074         
    442   335    infeasible                         3100.3604  3608681         
    443   336    10827.0000  9704                   3100.3604  3628508         
    444   337    10827.0000  9938                   3100.3604  3648183         
    446   339    10827.0000 10196                   3100.3604  3669998         
    450   343    18674.0000  9303                   3100.3604  3692206         
Elapsed time = 4096.43 sec. (3009519.90 ticks, tree = 10.87 MB, solutions = 0)
    458   345    infeasible                         3100.3604  3720727         
    459   346     3865.5178  8309                   3100.3604  3784436         
    460   347     9445.0000 10144                   3100.3604  3823017         
    461   346    infeasible                         3100.3604  3825086         
    462   345    infeasible                         3100.3604  3842988         
    463   346     3793.2011 10371                   3137.0515  3940725         
    464   347     3884.7730  9857                   3137.0515  3952375         
    465   348     3884.7730  9970                   3137.0515  3955115         
    466   347    infeasible                         3137.0515  3973942         
    467   348     3888.3325 10859                   3137.0515  3979322         
Elapsed time = 4275.98 sec. (3235421.71 ticks, tree = 9.55 MB, solutions = 0)
    468   347    infeasible                         3137.0515  4000674         
    469   348     3888.3325 10979                   3137.0515  4005979         
    470   347    infeasible                         3137.0515  4047960         
    471   348     3888.3325 10965                   3137.0515  4048034         
    472   349    13420.0000  6219                   3137.0515  4069527         
    473   350    15900.0000  3703                   3137.0515  4084032         
    474   351    16070.0000   837                   3137.0515  4092692         
    475   352    16070.0000   583                   3137.0515  4093006         
    476   353    16240.0000   524                   3137.0515  4093457         
    477   354    16070.0000   604                   3137.0515  4093759         
Elapsed time = 4433.89 sec. (3434388.17 ticks, tree = 9.72 MB, solutions = 0)
    478   355    16070.0000   542                   3137.0515  4093911         
    506   381    16580.0000   361                   3137.0515  4102973         
    566   423    16786.0000   161                   3137.0515  4106841         
    576   429     4336.0273  7450                   3196.5000  4143387         
    577   430     5357.0000 10803                   3196.5000  4186306         
    579   430     5357.0000  9272                   3196.5000  4222245         
    580   431     5357.0000 10104                   3196.5000  4260286         
    582   431     5357.0000 10188                   3196.5000  4302579         
    593   442    19559.0000   572                   3196.5000  4315742         
    637   478    19906.0000   286                   3196.5000  4318669         
Elapsed time = 4519.54 sec. (3524729.49 ticks, tree = 13.73 MB, solutions = 0)
    697   523     4334.9442  7594                   3249.0000  4348748         
    698   524     5017.0000 10407                   3249.0000  4392947         
    700   524     5017.0000  9610                   3249.0000  4419298         
    701   525    15900.0000  4163                   3249.0000  4474894         
    702   526    18550.0000   528                   3249.0000  4480035         
    722   539    18720.0000   371                   3249.0000  4485645         
    790   597    18890.0000    77                   3249.0000  4489878         
    793   596     4339.4853  8626                   3848.0000  4523010         
    794   597    16070.0000  4780                   3848.0000  4554904         
    845   622    18326.0000   290                   3848.0000  4562241         
Elapsed time = 4658.12 sec. (3669959.07 ticks, tree = 18.53 MB, solutions = 0)
    862   625     5470.0000 12021                   3848.0000  4602806         
    863   626     5470.0000 12065                   3848.0000  4626764         
    915   678    18925.0000  1196                   3848.0000  4638076         
    937   696     3900.0924 10966                   3888.3325  4716938         
    942   701     3905.7476 11498                   3888.3325  4734320         
    947   706     9148.0000 11590                   3888.3325  4765484         
    948   707     9148.0000 11138                   3888.3325  4797998         
    949   708     9148.0000 11248                   3888.3325  4830715         
    952   709     9148.0000 10461                   3888.3325  4855920         
    953   710    16070.0000  4339                   3888.3325  4900182         
Elapsed time = 4798.18 sec. (3807442.44 ticks, tree = 21.00 MB, solutions = 0)
    954   711    16240.0000   595                   3888.3325  4904835         
   1013   741    19078.0000   267                   3888.3325  4908188         
   1016   740     5470.0000 11213                   3900.0924  4931228         
   1017   741     5470.0000  9077                   3900.0924  4958092         
   1019   743     5470.0000  9524                   3900.0924  4976772         
   1020   744     5470.0000 10135                   3900.0924  4996831         
   1021   745     5470.0000 10401                   3900.0924  5017876         
   1022   746     5470.0000 10089                   3900.0924  5039073         
   1023   747    18794.0000  2022                   3900.0924  5074897         
   1055   772    18861.0000   509                   3900.0924  5090542         
Elapsed time = 4876.84 sec. (3885004.48 ticks, tree = 22.76 MB, solutions = 0)
   1107   810    19328.0000   260                   3900.0924  5100159         
   1200   851    19220.0000   136                   3900.0924  5103205         
   1242   869    20991.0000   408                   3900.0924  5121568         
   1253   872    15900.0000  1395                   3901.9632  5141436         
   1262   879    infeasible                         3901.9632  5145599         
   1265   878     4394.6552 10583                   3901.9632  5156836         
   1270   883    10600.0000 11054                   3901.9632  5183824         
   1271   884    10600.0000 10694                   3901.9632  5207895         
   1274   887    10600.0000 10332                   3901.9632  5234813         
   1276   889    16070.0000  2001                   3901.9632  5271977         
Elapsed time = 4923.71 sec. (3943741.54 ticks, tree = 26.64 MB, solutions = 0)
   1320   916    19975.0000   800                   3947.0511  5286670         
   1360   955    20655.0000   330                   3947.0511  5293196         
   1401   979    15900.0000  5318                   4211.0593  5314084         
   1428  1002    16741.0000   287                   4211.0593  5327778         
   1480  1038    16144.0000   293                   4211.0593  5332679         
   1550  1098    16549.0000   157                   4211.0593  5335379         
   1596  1113    15957.0000  1272                   4310.4036  5357099         
   1604  1119    16314.0000   278                   4310.4036  5360606         
   1656  1161     5300.0000 10966                   4394.6552  5386394         
   1660  1165    15900.0000 10612                   4394.6552  5415303         
Elapsed time = 4978.40 sec. (4007727.89 ticks, tree = 35.45 MB, solutions = 0)
   1662  1167    15900.0000  9490                   4394.6552  5444657         
   1665  1170    15900.0000  9894                   4394.6552  5467014         
   1668  1173    16070.0000  2823                   4394.6552  5496884         
   1715  1194    15900.0000  9531                   4394.6552  5525033         
   1720  1195    infeasible                         4394.6552  5553416         
   1723  1198    15900.0000  8159                   4394.6552  5573424         
   1729  1200    16127.0000  7358                   4394.6552  5598649         
   1738  1203     4543.0985  9885                   4468.6905  5619994         
   1739  1204    10600.0000  9821                   4468.6905  5644164         
   1743  1204    15900.0000  9396                   4468.6905  5667497         
Elapsed time = 5021.95 sec. (4058838.25 ticks, tree = 36.54 MB, solutions = 0)
   1746  1205    15900.0000  9594                   4468.6905  5695287         
   1750  1207    15900.0000  5554                   4468.6905  5719929         
   1754  1207    18720.0000  1026                   4525.4283  5747592         
   1800  1235    20579.0000   362                   4640.3482  5759523         
   1850  1268    20315.0000   159                   4640.3482  5762278         
   1903  1290     5300.0000 10639                   5017.0000  5786672         
   1904  1291     5300.0000 10724                   5017.0000  5813224         
   1905  1292     5300.0000 11251                   5017.0000  5835511         
   1906  1293    13590.0000  4445                   5017.0000  5865925         
   1907  1294    16240.0000   710                   5017.0000  5869862         
Elapsed time = 5112.30 sec. (4161175.05 ticks, tree = 39.49 MB, solutions = 0)
   1980  1357    16420.0000   140                   5017.0000  5872842         
   2073  1435    17871.0000    92                   5017.0000  5874049         
   2101  1453     7724.0000 10685                   5291.0306  5913337         
   2102  1454     7724.0000 10676                   5291.0306  5958551         
   2104  1456     7724.0000 10759                   5291.0306  5999160         
   2120  1470    20393.0000   405                   5291.0306  6010882         
   2189  1519    20002.0000   165                   5291.0306  6015281         
   2236  1557    16070.0000   524                   5300.0000  6029010         
   2279  1598    16218.0000   329                   5300.0000  6035551         
   2334  1628     5357.0000 11915                   5300.0000  6090925         
Elapsed time = 5197.29 sec. (4252045.21 ticks, tree = 50.12 MB, solutions = 0)
   2336  1630     5357.0000 11370                   5300.0000  6115635         
   2337  1631     8017.0000 10928                   5300.0000  6134867         
   2338  1632     8017.0000  9906                   5300.0000  6155316         
   2340  1632    11798.0000 10458                   5300.0000  6176476         
   2342  1634    16307.0000  4900                   5300.0000  6215413         
   2400  1669    19751.0000   212                   5300.0000  6221997         
   2403  1668     8120.0000 10718                   5300.0000  6241625         
   2405  1670     9148.0000 10270                   5300.0000  6257201         
   2408  1671     9148.0000  9320                   5300.0000  6276035         
   2409  1672    16070.0000  3275                   5300.0000  6285412         
Elapsed time = 5298.24 sec. (4359744.27 ticks, tree = 51.56 MB, solutions = 0)
   2472  1712     5414.0000 11110                   5300.0000  6309098         
   2473  1713     5414.0000 10776                   5300.0000  6329388         
   2475  1715    11798.0000 10423                   5300.0000  6361342         
   2476  1716    11798.0000 10405                   5300.0000  6380603         
   2477  1717    11798.0000 11331                   5300.0000  6406884         
   2478  1718    16014.0000  5550                   5300.0000  6437165         
   2486  1720     5300.0000 11640                   5300.0000  6497969         
   2490  1722    11798.0000 10391                   5300.0000  6539855         
   2491  1723    11798.0000 10192                   5300.0000  6567706         
   2492  1724    11798.0000 10901                   5300.0000  6596536         
Elapsed time = 5392.93 sec. (4457661.49 ticks, tree = 53.16 MB, solutions = 0)
   2493  1725    11798.0000  8878                   5300.0000  6618538         
   2494  1726    11798.0000  9959                   5300.0000  6640051         
   2495  1727    11798.0000  8846                   5300.0000  6658290         
   2497  1725    infeasible                         5300.0000  6689995         
   2498  1726    18868.0000  1734                   5300.0000  6734324         
   2499  1727    19038.0000   317                   5300.0000  6739433         
   2539  1764    19186.0000   228                   5300.0000  6746086         
   2610  1809    19364.0000   156                   5300.0000  6749880         
   2643  1815     5300.0000 11340                   5300.0000  6777173         
   2644  1816     5300.0000 11202                   5300.0000  6802545         
Elapsed time = 5466.14 sec. (4535559.11 ticks, tree = 56.21 MB, solutions = 0)
   2645  1817    13250.0000  6634                   5300.0000  6846460         
   2648  1820    13250.0000  5955                   5300.0000  6864708         
   2650  1820    13647.0000  5910                   5300.0000  6883855         
   2678  1847    16477.0000   327                   5300.0000  6892253         
   2696  1859     5300.0000 10857                   5300.0000  6944523         
   2697  1860     5300.0000 10864                   5300.0000  6977273         
   2698  1861     5300.0000 10249                   5300.0000  6997695         
   2699  1862     5300.0000 10088                   5300.0000  7021715         
   2700  1863     5300.0000  9686                   5300.0000  7047680         
   2701  1864    13420.0000  5468                   5300.0000  7077641         
Elapsed time = 5590.98 sec. (4673337.28 ticks, tree = 57.71 MB, solutions = 0)
   2707  1870    16484.0000   434                   5300.0000  7090810         
   2782  1897     5300.0000 10330                   5300.0000  7122235         
   2783  1898     5300.0000  9897                   5300.0000  7150292         
   2784  1899     5300.0000  9634                   5300.0000  7178941         
   2785  1900     5300.0000 10073                   5300.0000  7205514         
   2786  1901    11865.0000  9278                   5300.0000  7227507         
   2787  1902     5300.0000 10106                   5300.0000  7250638         
   2789  1902    11798.0000  8792                   5300.0000  7274981         
   2792  1903    11798.0000  8935                   5300.0000  7296497         
   2793  1904    11798.0000  9339                   5300.0000  7314905         
Elapsed time = 5667.24 sec. (4749609.15 ticks, tree = 58.93 MB, solutions = 0)
   2794  1905    11798.0000  9843                   5300.0000  7338996         
   2795  1906    11798.0000  8639                   5300.0000  7356191         
   2796  1907    11798.0000  9661                   5300.0000  7376960         
   2798  1909    13307.0000  7453                   5300.0000  7404295         
   2802  1911    16070.0000  6863                   5300.0000  7425264         
   2806  1915    16070.0000  5918                   5300.0000  7449700         
   2810  1919    16070.0000  3276                   5300.0000  7471231         
   2816  1922    16070.0000  2943                   5300.0000  7498009         
   2819  1921     5300.0000 10125                   5300.0000  7559276         
   2820  1922    19038.0000  1384                   5300.0000  7571960         
Elapsed time = 5735.09 sec. (4820873.51 ticks, tree = 59.35 MB, solutions = 0)
   2854  1944     5300.0000  9692                   5300.0000  7645520         
   2855  1945     5300.0000  9654                   5300.0000  7673886         
   2856  1946    16070.0000  6529                   5300.0000  7709865         
   2857  1947     5300.0000  9448                   5300.0000  7736219         
   2858  1948     5300.0000  9399                   5300.0000  7761322         
   2859  1949    11872.0000  9107                   5300.0000  7780708         
   2863  1949    11872.0000  7512                   5300.0000  7796216         
   2865  1949    infeasible                         5300.0000  7824054         
   2869  1951    16144.0000  5539                   5300.0000  7851793         
   2871  1951    infeasible                         5300.0000  7869277         
Elapsed time = 5855.82 sec. (4938680.20 ticks, tree = 60.25 MB, solutions = 0)
   2874  1954    16144.0000  4667                   5300.0000  7886663         
   2876  1956    16144.0000  4612                   5300.0000  7904363         
   2879  1959    16144.0000  5727                   5300.0000  7923384         
   2882  1960    16144.0000  4486                   5300.0000  7946670         
   2884  1962    16144.0000  4936                   5300.0000  7966326         
   2886  1964    16314.0000  4632                   5300.0000  7983234         
   2897  1969    16410.0000  3580                   5300.0000  8005962         
   2901  1967     5300.0000  8883                   5300.0000  8064805         
   2902  1968     5300.0000  9175                   5300.0000  8083090         
   2904  1968     7950.0000  9739                   5300.0000  8101462         
Elapsed time = 5924.58 sec. (5008491.36 ticks, tree = 60.61 MB, solutions = 0)
   2930  1994    18918.0000  1081                   5300.0000  8112386         
   2973  2035    18925.0000   337                   5300.0000  8121189         
   3027  2076    19378.0000   119                   5300.0000  8124702         
   3120  2139    20522.0000    95                   5300.0000  8126681         
   3151  2157     5300.0000 10209                   5300.0000  8175175         
   3152  2158     7950.0000 10001                   5300.0000  8198448         
   3154  2160    19038.0000   366                   5300.0000  8207399         
   3216  2216    19208.0000   169                   5300.0000  8209829         
   3308  2282    20073.0000   115                   5300.0000  8211486         
   3312  2283     5300.0000 10144                   5300.0000  8278958         
Elapsed time = 6008.17 sec. (5097634.91 ticks, tree = 71.54 MB, solutions = 0)
   3313  2284    19038.0000   779                   5300.0000  8323035         
   3314  2285    19038.0000   374                   5300.0000  8326454         
   3376  2338    19520.0000   129                   5300.0000  8329647         
   3435  2384     5300.0000 10356                   5300.0000  8387855         
   3436  2385    13250.0000  5247                   5300.0000  8433174         
   3438  2387    13250.0000  5092                   5300.0000  8451850         
   3455  2400    16388.0000   478                   5300.0000  8471809         
   3513  2428    13317.0000 11101                   5300.0000  8508084         
   3514  2429    13317.0000  9790                   5300.0000  8521436         
   3516  2431    13317.0000 10100                   5300.0000  8545394         
Elapsed time = 6121.44 sec. (5221739.89 ticks, tree = 76.73 MB, solutions = 0)
   3517  2432    13317.0000 10360                   5300.0000  8565387         
   3519  2434    13317.0000 10435                   5300.0000  8583169         
   3520  2435    13317.0000  9727                   5300.0000  8598715         
   3524  2439    16137.0000  7226                   5300.0000  8632674         
   3529  2444    16137.0000  7427                   5300.0000  8655497         
   3531  2446    16137.0000  7401                   5300.0000  8674943         
   3541  2444    infeasible                         5300.0000  8689019         
   3543  2444     7950.0000  9809                   5300.0000  8724315         
   3544  2445     7950.0000  9609                   5300.0000  8762675         
   3545  2446     7950.0000 10413                   5300.0000  8799800         
Elapsed time = 6189.65 sec. (5287632.62 ticks, tree = 77.07 MB, solutions = 0)
   3547  2446    18794.0000  1072                   5300.0000  8845257         
   3557  2454    18964.0000   290                   5300.0000  8850257         
   3569  2462    infeasible                         5300.0000  8853154         
   3607  2493     5357.0000  8674                   5300.0000  8905743         
   3608  2494     5357.0000  8925                   5300.0000  8941636         
   3610  2494     7950.0000  9986                   5300.0000  8960492         
   3614  2496    18794.0000   807                   5300.0000  9013325         
   3664  2534    19031.0000   211                   5300.0000  9018509         
   3752  2578     8120.0000  6789                   5300.0000  9050220         
   3753  2579     8120.0000  9024                   5300.0000  9088762         
Elapsed time = 6314.44 sec. (5411573.51 ticks, tree = 81.44 MB, solutions = 0)
   3754  2578    infeasible                         5300.0000  9126670         
   3756  2578    18794.0000   903                   5300.0000  9169744         
   3777  2598    19568.0000   179                   5300.0000  9173221         
   3809  2614     7950.0000  9371                   5300.0000  9218518         
   3811  2616     7950.0000  7594                   5300.0000  9235759         
   3812  2617    16070.0000  5433                   5300.0000  9287055         
   3855  2637     5300.0000  9776                   5300.0000  9358944         
   3856  2638     5300.0000  9855                   5300.0000  9394740         
   3858  2638     5300.0000 10079                   5300.0000  9419889         
   3859  2639     5374.0000  9614                   5300.0000  9453268         
Elapsed time = 6478.92 sec. (5581592.23 ticks, tree = 83.38 MB, solutions = 0)
   3860  2640     5374.0000  9821                   5300.0000  9489395         
   3862  2640     5470.0000  9951                   5300.0000  9520239         
   3864  2640     8120.0000  9198                   5300.0000  9550960         
   3866  2640    13420.0000  8957                   5300.0000  9576731         
   3867  2639    infeasible                         5300.0000  9590327         
   3869  2637    infeasible                         5300.0000  9606585         
   3871  2635    infeasible                         5300.0000  9648174         
   3872  2636     7950.0000  9445                   5300.0000  9694938         
   3873  2635    infeasible                         5300.0000  9726217         
   3875  2633    infeasible                         5300.0000  9760882         
Elapsed time = 6583.28 sec. (5684246.38 ticks, tree = 83.27 MB, solutions = 0)
   3877  2631    infeasible                         5300.0000  9796902         
   3887  2621    infeasible                         5300.0000  9834964         
   3888  2622    16070.0000  4286                   5300.0000  9881990         
   3929  2644     5470.0000  9283                   5300.0000  9925514         
   3930  2645     5470.0000  9649                   5300.0000  9962443         
   3933  2646     5470.0000  9724                   5300.0000 10010737         
   3934  2647     5470.0000  9752                   5300.0000 10041659         
   3935  2648     5470.0000 10438                   5300.0000 10075911         
   3937  2648    16396.0000  4369                   5300.0000 10128295         
   3946  2657    16566.0000   405                   5300.0000 10141143         
Elapsed time = 6749.52 sec. (5857747.71 ticks, tree = 84.16 MB, solutions = 0)
   3980  2689    16640.0000   177                   5300.0000 10146521         
   4034  2729    15900.0000  1332                   5300.0000 10201701         
   4110  2767    20029.0000   197                   5300.0000 10205608         
   4148  2772     6242.0000  9960                   5300.0000 10248773         
   4149  2773     8949.0000  9580                   5300.0000 10287842         
   4150  2774     8949.0000  8864                   5300.0000 10317231         
   4154  2772     5300.0000 10429                   5300.0000 10395709         
   4155  2771    infeasible                         5300.0000 10442723         
   4157  2769    infeasible                         5300.0000 10481123         
   4158  2768    infeasible                         5300.0000 10522561         
Elapsed time = 6901.37 sec. (6005931.59 ticks, tree = 87.74 MB, solutions = 0)
   4159  2767    infeasible                         5300.0000 10576574         
   4160  2766    infeasible                         5300.0000 10614557         
   4161  2765    infeasible                         5300.0000 10632950         
   4162  2764    infeasible                         5300.0000 10672238         
   4163  2763    infeasible                         5300.0000 10720926         
   4179  2749     7950.0000 12222                   5300.0000 10790413         
   4180  2750     7950.0000 12086                   5300.0000 10879457         
   4181  2751     7950.0000 11439                   5300.0000 10913813         
   4182  2752     7950.0000 11470                   5300.0000 10952261         
   4184  2752     7950.0000 12218                   5300.0000 11012971         
Elapsed time = 7067.71 sec. (6186385.34 ticks, tree = 87.34 MB, solutions = 0)
   4185  2753     7950.0000 11474                   5300.0000 11049533         
   4186  2754     7950.0000 10909                   5300.0000 11081033         
   4187  2755     7950.0000 11801                   5300.0000 11146117         
   4188  2756     7950.0000 10187                   5300.0000 11173916         
   4191  2757    infeasible                         5300.0000 11203580         
   4192  2758     8279.2247  8766                   5300.0000 11228404         
   4193  2759     8279.2247  9445                   5300.0000 11246874         
   4194  2758    infeasible                         5300.0000 11276678         
   4195  2759    16070.0000  6293                   5300.0000 11306549         
   4197  2761    20452.0000  3329                   5300.0000 11337769         
Elapsed time = 7170.17 sec. (6299076.15 ticks, tree = 87.55 MB, solutions = 0)
   4200  2760     5300.0000 11919                   5300.0000 11425023         
   4201  2761     5300.0000 11134                   5300.0000 11474951         
   4202  2762     5300.0000 11413                   5300.0000 11517831         
   4203  2763     5300.0000 10811                   5300.0000 11575225         
   4204  2764     5300.0000 12137                   5300.0000 11593226         
   4206  2766     5300.0000 11460                   5300.0000 11619280         
   4207  2767     5300.0000 11948                   5300.0000 11638810         
   4208  2768    10770.0000  9068                   5300.0000 11678524         
   4245  2791     5300.0000 11871                   5300.0000 11757852         
   4246  2792     5300.0000 11767                   5300.0000 11791737         
Elapsed time = 7396.90 sec. (6529456.69 ticks, tree = 88.55 MB, solutions = 0)
   4247  2793     5300.0000 11577                   5300.0000 11821972         
   4248  2794     5300.0000 11982                   5300.0000 11852319         
   4249  2795     5300.0000 11836                   5300.0000 11889179         
   4251  2797     6498.0000 11825                   5300.0000 11932438         
   4253  2799    13250.0000  7294                   5300.0000 11980809         
   4256  2802    13250.0000  7932                   5300.0000 11999904         
   4259  2805    15900.0000  3599                   5300.0000 12022445         
   4262  2808    15900.0000  3529                   5300.0000 12044206         
   4270  2812    15974.0000  2248                   5300.0000 12070412         
   4274  2812    15900.0000  4055                   5300.0000 12114067         
Elapsed time = 7505.99 sec. (6647739.26 ticks, tree = 89.03 MB, solutions = 0)
   4292  2824    19949.0000   263                   5300.0000 12131033         
   4354  2871    20469.0000   128                   5300.0000 12136898         
   4377  2878     5300.0000 10173                   5300.0000 12179523         
   4378  2879     5300.0000 10408                   5300.0000 12203726         
   4379  2880     5300.0000 10331                   5300.0000 12228114         
   4380  2881    10600.0000  9239                   5300.0000 12255888         
   4381  2882    10600.0000  9993                   5300.0000 12276216         
   4383  2884    10600.0000 10159                   5300.0000 12300410         
   4386  2887    10600.0000  9945                   5300.0000 12320830         
   4387  2886    infeasible                         5300.0000 12346167         
Elapsed time = 7572.88 sec. (6719092.91 ticks, tree = 91.53 MB, solutions = 0)
   4388  2885    infeasible                         5300.0000 12348057         
   4390  2885     5300.0000 10559                   5300.0000 12375109         
   4391  2886     5300.0000 10693                   5300.0000 12399319         
   4392  2887     5300.0000 10480                   5300.0000 12426412         
   4393  2888     5300.0000 10605                   5300.0000 12453984         
   4394  2887    infeasible                         5300.0000 12479288         
   4400  2881    infeasible                         5300.0000 12519985         
   4401  2880    infeasible                         5300.0000 12551451         
   4402  2881    15974.0000   942                   5300.0000 12597014         
   4403  2882    16144.0000   458                   5300.0000 12601468         
Elapsed time = 7669.64 sec. (6819361.94 ticks, tree = 91.42 MB, solutions = 0)
   4459  2929    16218.0000   254                   5300.0000 12605927         
   4514  2972    16484.0000   162                   5300.0000 12611924         
   4571  3019     5300.0000 12196                   5300.0000 12655656         
   4572  3020     6668.0000 11790                   5300.0000 12675278         
   4573  3021     6668.0000 11621                   5300.0000 12699727         
   4575  3023     9148.0000 10766                   5300.0000 12732594         
   4577  3025     9148.0000 10836                   5300.0000 12761495         
   4578  3026     9148.0000 10938                   5300.0000 12780430         
   4581  3027    11798.0000 10704                   5300.0000 12795804         
   4582  3026    infeasible                         5300.0000 12796192         
Elapsed time = 7737.80 sec. (6891505.68 ticks, tree = 95.91 MB, solutions = 0)
   4585  3029    11798.0000 10050                   5300.0000 12827411         
   4587  3031    11798.0000  9658                   5300.0000 12858647         
   4590  3034    11798.0000  8070                   5300.0000 12887577         
   4592  3036    11798.0000  7111                   5300.0000 12911204         
   4594  3038    11798.0000  7552                   5300.0000 12934421         
   4599  3039    15900.0000  4058                   5300.0000 12978402         
   4600  3040    15974.0000   722                   5300.0000 12985626         
   4664  3093    16654.0000   122                   5300.0000 12988608         
   4679  3101    18607.0000  2622                   5300.0000 13015711         
   4691  3103     6285.0000 11726                   5300.0000 13069566         
Elapsed time = 7822.61 sec. (6982247.63 ticks, tree = 98.15 MB, solutions = 0)
   4692  3104    13324.0000 10501                   5300.0000 13127622         
   4694  3106    13324.0000  9695                   5300.0000 13156714         
   4695  3107    13324.0000  8975                   5300.0000 13174721         
   4697  3109    15974.0000  3642                   5300.0000 13215045         
   4755  3157    16285.0000   199                   5300.0000 13219859         
   4777  3166     5300.0000 13436                   5300.0000 13308413         
   4778  3167     5300.0000 13353                   5300.0000 13367783         
   4779  3168     5300.0000 13350                   5300.0000 13429787         
   4780  3169     5300.0000 13100                   5300.0000 13518348         
   4781  3170     5300.0000 13019                   5300.0000 13618021         
Elapsed time = 8067.73 sec. (7243159.46 ticks, tree = 100.26 MB, solutions = 0)
   4782  3171     5300.0000 13242                   5300.0000 13676941         
   4783  3170    infeasible                         5300.0000 13725980         
   4784  3171     5300.0000 13075                   5300.0000 13772358         
   4785  3172     5300.0000 13059                   5300.0000 13802807         
   4786  3173     5300.0000 13080                   5300.0000 13874924         
   4787  3174    18868.0000  1420                   5300.0000 13938389         
   4788  3175    18868.0000   577                   5300.0000 13942953         
   4867  3224    19275.0000   245                   5300.0000 13945121         
   4934  3275     5300.0000 12736                   5300.0000 14051883         
   4935  3276     5300.0000 13295                   5300.0000 14138787         
Elapsed time = 8310.28 sec. (7501081.28 ticks, tree = 103.97 MB, solutions = 0)
   4936  3275    infeasible                         5300.0000 14189966         
   4937  3276     5300.0000 13181                   5300.0000 14240078         
   4938  3277     5300.0000 11610                   5300.0000 14313352         
   4939  3278     5300.0000 12070                   5300.0000 14346962         

Performing restart 1

Repeating presolve.
Tried aggregator 1 time.
MIP Presolve modified 140 coefficients.
Reduced MIP has 92659 rows, 24151 columns, and 243835 nonzeros.
Reduced MIP has 23450 binaries, 0 generals, 0 SOSs, and 0 indicators.
Presolve time = 0.65 sec. (651.09 ticks)
Tried aggregator 1 time.
MIP Presolve modified 36975 coefficients.
Reduced MIP has 92659 rows, 24151 columns, and 243835 nonzeros.
Reduced MIP has 23450 binaries, 0 generals, 0 SOSs, and 0 indicators.
Presolve time = 0.86 sec. (1357.13 ticks)
Represolve time = 1.96 sec. (2266.09 ticks)
   4940     0      362.8606 12355                  Cuts: 2245 14465080         
   4940     0      382.3829 12439                  Cuts: 3208 14568185         
   4940     0      399.2778 12124                  Cuts: 1646 14615759         
   4940     0      400.1265 13054                  Cuts: 5997 14624792         
   4940     0      649.5875 12634                  Cuts: 1863 14643435         
   4940     0      649.5875 12811                  Cuts: 3079 14651280         
   4940     0      651.1925 12453                  Cuts: 1094 14654754         
   4940     0      652.8618 12920                  Cuts: 6498 14663173         
   4940     2      652.8618 12082                   5300.0000 14663173         
   4941     3     2650.0000 12139                   5300.0000 14714062         
   4942     4     1700.2451 12303                   5300.0000 14755364         
   4943     5     2650.0000 12132                   5300.0000 14807272         
   4944     6     2650.0000 12198                   5300.0000 14825378         
   4945     7     2650.0000 12034                   5300.0000 14911994         
Elapsed time = 10173.27 sec. (9561269.53 ticks, tree = 0.08 MB, solutions = 0)
   4946     8     2650.0000 12074                   5300.0000 14992854         
   4947     9    10600.0000 10415                   5300.0000 15050589         
   4948    10    13250.0000 11988                   5300.0000 15110987         
   4949    11    13250.0000  4555                   5300.0000 15132041         
   4951    11    13250.0000  5334                   5300.0000 15141299         
   4952    12    13250.0000  3677                   5300.0000 15142690         
   4953    13    15900.0000  2867                   5300.0000 15150302         
   4954    14    15900.0000   896                   5300.0000 15153841         
   4955    15    15900.0000   710                   5300.0000 15154694         
   5031    78    16721.0000   238                   5300.0000 15156395         
Elapsed time = 10475.17 sec. (9934532.09 ticks, tree = 2.25 MB, solutions = 0)
   5099   123    17620.0000   151                   5300.0000 15157137         
   5128   139     3061.6186 12643                   5300.0000 15178991         
   5130   141    10600.0000 11214                   5300.0000 15218759         
   5134   145    18681.0000   564                   5300.0000 15238940         
   5136   147     5300.0000  8074                   5300.0000 15308010         
   5144   153    17756.0000   635                   5300.0000 15322502         
   5176   177    18079.0000   259                   5300.0000 15337740         
   5250   235    19082.0000   155                   5300.0000 15340500         
   5307   256     5300.0000 12885                   5300.0000 15375114         
   5308   257     5300.0000 12357                   5300.0000 15401136         
Elapsed time = 10634.15 sec. (10118119.54 ticks, tree = 7.48 MB, solutions = 0)
   5309   258     5300.0000 11634                   5300.0000 15434767         
   5310   259     5300.0000 11955                   5300.0000 15519371         
   5311   260     5300.0000 10761                   5300.0000 15564499         
   5312   261     5300.0000 11228                   5300.0000 15626775         
   5313   262     5300.0000 11402                   5300.0000 15659168         
   5314   263     5300.0000 10772                   5300.0000 15691163         
   5315   264     5300.0000 10894                   5300.0000 15724446         
   5317   266     5748.0000 10460                   5300.0000 15769949         
   5318   267     8007.0000  9419                   5300.0000 15799340         
   5319   268    10657.0000  9348                   5300.0000 15826804         
Elapsed time = 10935.15 sec. (10431827.17 ticks, tree = 7.71 MB, solutions = 0)
   5321   270    10657.0000  9136                   5300.0000 15852583         
   5322   271    16127.0000  8465                   5300.0000 15872118         
   5324   273    16127.0000  7467                   5300.0000 15904505         
   5327   272     2650.0000 11932                   5300.0000 16025488         
   5328   273     2686.3639  9297                   5300.0000 16077425         
   5330   273     2686.3639  8651                   5300.0000 16108925         
   5331   274    18698.0000   778                   5300.0000 16128429         
   5332   275     2736.5672  8308                   5300.0000 16172019         
   5333   276     2737.9560  8289                   5300.0000 16173469         
   5334   277     2736.5672  8233                   5300.0000 16173472         
Elapsed time = 11222.62 sec. (10799865.88 ticks, tree = 7.92 MB, solutions = 0)
   5335   278     2736.5672  8222                   5300.0000 16173499         
   5336   279     2736.5672  8220                   5300.0000 16173504         
   5337   280    13420.0000  7023                   5300.0000 16224494         
   5338   281     2736.5672  8219                   5300.0000 16224495         
   5339   282    13250.0000  6069                   5300.0000 16241918         
   5340   283     2736.5672  8211                   5300.0000 16241924         
   5341   284     5374.0000  9145                   5300.0000 16278661         
   5343   284     5374.0000  9223                   5300.0000 16319858         
   5344   285    16590.9137  1791                   5300.0000 16350995         
   5345   286     5374.0000  9031                   5300.0000 16373571         
Elapsed time = 11323.56 sec. (10968280.98 ticks, tree = 8.12 MB, solutions = 0)
   5346   287    13250.0000  7061                   5300.0000 16421233         
   5348   289    13250.0000  7298                   5300.0000 16452312         
   5349   290    16674.0000  1631                   5300.0000 16475103         
   5351   292    15900.0000  5465                   5300.0000 16499173         
   5353   294    13568.0000  5115                   5300.0000 16520615         
   5357   296    13568.0000  5448                   5300.0000 16545433         
   5361   300    16307.0000  3035                   5300.0000 16571055         
   5366   303    infeasible                         5300.0000 16589990         
   5368   303     5990.9137 12230                   5300.0000 16695665         
   5370   303    11290.9137  6545                   5300.0000 16741310         
Elapsed time = 11456.73 sec. (11125412.09 ticks, tree = 8.51 MB, solutions = 0)
   5371   304    13324.0000  6422                   5300.0000 16773483         
   5372   305    13324.0000  6536                   5300.0000 16815156         
   5373   306    13324.0000  8315                   5300.0000 16847567         
   5374   307    18868.0000   349                   5300.0000 16863255         
   5375   308    13324.0000  6683                   5300.0000 16892494         
   5376   309    13324.0000  9334                   5300.0000 16928924         
   5377   310    13324.0000  9441                   5300.0000 16957601         
   5379   312    14819.0000  8068                   5300.0000 16985393         
   5381   314    20119.0000   317                   5300.0000 17001477         
   5384   317    14819.0000  7419                   5300.0000 17030703         
Elapsed time = 11643.30 sec. (11411201.70 ticks, tree = 8.87 MB, solutions = 0)
   5387   320    16201.0000  5890                   5300.0000 17056651         
   5391   324    14819.0000  6359                   5300.0000 17081455         
   5396   327    14819.0000  5643                   5300.0000 17104527         
   5400   327     5300.0000 12645                   5300.0000 17204759         
   5401   328     5300.0000 12998                   5300.0000 17307509         
   5402   329     5300.0000 11840                   5300.0000 17345777         
   5403   330     5300.0000 11990                   5300.0000 17447615         
   5404   331     5300.0000 11942                   5300.0000 17495746         
   5405   332     5300.0000 11904                   5300.0000 17495753         
   5406   333     5300.0000 12075                   5300.0000 17594281         
Elapsed time = 12219.94 sec. (12046962.87 ticks, tree = 9.21 MB, solutions = 0)
   5407   332    infeasible                         5300.0000 17625874         
   5408   333     5300.0000 12086                   5300.0000 17659781         
   5409   334     5300.0000 11351                   5300.0000 17739252         
   5410   335    13337.0419  8436                   5300.0000 17798959         
   5411   334    infeasible                         5300.0000 17850702         
   5412   335    15974.0000  4037                   5300.0000 17866714         
   5413   336    18624.0000   507                   5300.0000 17877248         
   5414   337    18624.0000   401                   5300.0000 17877314         
   5415   338    18794.0000   375                   5300.0000 17877342         
   5416   339    18794.0000   347                   5300.0000 17877622         
Elapsed time = 12406.61 sec. (12261362.02 ticks, tree = 9.37 MB, solutions = 0)
   5417   340    18698.0000   375                   5300.0000 17877923         
   5418   341    18964.0000   307                   5300.0000 17877944         
   5419   342    19070.0000   300                   5300.0000 17877966         
   5420   343    19070.0000   312                   5300.0000 17878141         
   5421   344    19070.0000   236                   5300.0000 17878317         
   5422   345    19120.0000   224                   5300.0000 17878333         
   5423   346    19120.0000   194                   5300.0000 17878374         
   5424   347    19120.0000   190                   5300.0000 17878398         
   5425   348    19120.0000   186                   5300.0000 17878423         
   5426   349    19120.0000   180                   5300.0000 17878426         
Elapsed time = 12487.72 sec. (12338111.54 ticks, tree = 9.76 MB, solutions = 0)
   5427   350    19120.0000   106                   5300.0000 17878482         
   5428   351    19192.0000   106                   5300.0000 17878498         
   5429   352    19120.0000   120                   5300.0000 17878559         
   5430   353    19120.0000   106                   5300.0000 17878569         
   5431   354    19120.0000   102                   5300.0000 17878573         
   5432   355    19290.0000    98                   5300.0000 17878654         
   5433   356    19290.0000    90                   5300.0000 17878676         
   5434   357    19304.0000    84                   5300.0000 17878741         
   5436   357    19304.0000    86                   5300.0000 17878763         
   5437   358    19460.0000    80                   5300.0000 17878776         
Elapsed time = 12566.93 sec. (12410046.59 ticks, tree = 10.06 MB, solutions = 0)
   5438   359    19460.0000    82                   5300.0000 17878779         
   5439   360    19630.0000    80                   5300.0000 17878808         
   5440   361    19460.0000    76                   5300.0000 17878809         
   5441   362    19532.0000    74                   5300.0000 17878817         
   5442   363    19810.0000    72                   5300.0000 17878823         
   5443   364    19532.0000    74                   5300.0000 17878833         
   5444   365    19788.0000    70                   5300.0000 17878846         
   5503   414    17512.0000   538                   5300.0000 17892869         
   5539   442     4083.9119  7352                   5300.0000 17907944         
   5540   443     7950.0000  8302                   5300.0000 17932444         
Elapsed time = 12629.82 sec. (12473737.05 ticks, tree = 13.02 MB, solutions = 0)
   5541   444    16144.0000   452                   5300.0000 17945126         
   5542   445    16144.0000   283                   5300.0000 17950972         
   5575   470    10600.0000 10673                   5300.0000 17977521         
   5576   471    16590.9137  2748                   5300.0000 17995105         
   5612   499    20130.0000   184                   5300.0000 18007875         
   5628   505     5300.0000  7963                   5300.0000 18027817         
   5631   508    10600.0000  6802                   5300.0000 18071217         
   5632   509    10600.0000  8424                   5300.0000 18089580         
   5633   510    10600.0000  8831                   5300.0000 18116510         
   5634   511    10600.0000  6866                   5300.0000 18133237         
Elapsed time = 12710.62 sec. (12564320.99 ticks, tree = 15.01 MB, solutions = 0)
   5635   512    13420.0000  6045                   5300.0000 18155400         
   5637   514    10600.0000  7833                   5300.0000 18179925         
   5638   513    infeasible                         5300.0000 18204854         
   5639   512    infeasible                         5300.0000 18224366         
   5640   513    13420.0000  8698                   5300.0000 18259953         
   5641   514    16144.0000   356                   5300.0000 18279745         
   5642   515    16144.0000   335                   5300.0000 18279775         
   5643   516    16674.0000   195                   5300.0000 18280684         
   5644   517    16674.0000   195                   5300.0000 18280699         
   5645   518    16674.0000   157                   5300.0000 18280740         
Elapsed time = 12851.73 sec. (12711799.94 ticks, tree = 15.21 MB, solutions = 0)
   5646   519    16674.0000   139                   5300.0000 18280758         
   5647   520    16674.0000   126                   5300.0000 18280814         
   5648   521    16674.0000   111                   5300.0000 18280924         
   5649   522    16674.0000   107                   5300.0000 18280959         
   5690   542     3640.0585 12552                   5300.0000 18297056         
   5697   549    19251.0000  1260                   5300.0000 18322234         
   5718   564     5300.0000 11328                   5300.0000 18359962         
   5719   563    infeasible                         5300.0000 18393231         
   5720   564    13250.0000  4448                   5300.0000 18443716         
   5721   565    13250.0000  4391                   5300.0000 18461127         
Elapsed time = 13008.80 sec. (12891743.75 ticks, tree = 16.54 MB, solutions = 0)
   5722   566    13250.0000  4334                   5300.0000 18477364         
   5732   575    20147.0000   314                   5300.0000 18502582         
   5741   581     4050.3000 10750                   5300.0000 18509557         
   5742   582    15900.0000 11210                   5300.0000 18533985         
   5743   583    16590.9137  2562                   5300.0000 18556187         
   5746   584    20332.0000  1376                   5300.0000 18589012         
   5767   597    infeasible                         5300.0000 18604096         
   5803   616    15901.5595  1526                   5300.0000 18620860         
   5814   627    16240.0000  1038                   5300.0000 18641576         
   5847   657    16410.0000   248                   5300.0000 18654686         
Elapsed time = 13050.63 sec. (12950420.51 ticks, tree = 18.73 MB, solutions = 0)
   5921   715    17291.0000   168                   5300.0000 18660909         

Performing restart 2

Repeating presolve.
Tried aggregator 1 time.
Reduced MIP has 92659 rows, 24151 columns, and 354028 nonzeros.
Reduced MIP has 23450 binaries, 0 generals, 0 SOSs, and 0 indicators.
Presolve time = 0.72 sec. (747.38 ticks)
Tried aggregator 1 time.
Reduced MIP has 92659 rows, 24151 columns, and 354028 nonzeros.
Reduced MIP has 23450 binaries, 0 generals, 0 SOSs, and 0 indicators.
Presolve time = 1.00 sec. (1496.44 ticks)
Represolve time = 2.17 sec. (2567.30 ticks)
   5928     0      810.0013 12992                  Cuts: 2199 18710249         
   5928     0      814.6590 13255                  Cuts: 2857 18718160         
   5928     0      938.6468 12501                  Cuts: 1184 18725350         
   5928     0      938.6468 12783                  Cuts: 3320 18742107         
   5928     0      938.6468 12790                  Cuts: 3187 18768715         
   5928     0      938.6468 12916                  Cuts: 3236 18784610         
   5928     0      938.6468 13037                  Cuts: 2004 18798016         
   5928     0      940.5425 13022                  Cuts: 1705 18809511         
   5928     0      940.5425 13129                  Cuts: 2094 18816285         
   5928     2      940.5425 11650                   5300.0000 18816285         
   5929     3     2775.2843 12834                   5300.0000 18847412         
   5930     4     2650.0000 12228                   5300.0000 18944441         
   5931     5     5300.0000 12417                   5300.0000 19032220         
   5932     6     2653.1064 12584                   5300.0000 19059846         
   5933     7     2681.1263 12589                   5300.0000 19085620         
   5934     8     7950.0000 12011                   5300.0000 19173767         
   5935     9     5300.0000 11181                   5300.0000 19229662         
   5936    10     5300.0000 12941                   5300.0000 19307101         
Elapsed time = 14961.06 sec. (15033168.55 ticks, tree = 0.16 MB, solutions = 0)
   5937    11     5300.0000 12613                   5300.0000 19366399         
   5938    12    13250.0000 12943                   5300.0000 19450799         
   5939    13     5300.0000 12017                   5300.0000 19619589         
   5940    14     5300.0000 11646                   5300.0000 19654430         
   5941    15     5300.0000 11306                   5300.0000 19693178         
   5942    16     5300.0000 12024                   5300.0000 19744633         
   5943    17    15957.0000  9959                   5300.0000 19788942         
   5944    16    infeasible                         5300.0000 19805961         
   5945    15    infeasible                         5300.0000 19827258         
   5946    14    infeasible                         5300.0000 19848957         
Elapsed time = 15481.22 sec. (15661446.53 ticks, tree = 0.24 MB, solutions = 0)
   5947    15     5300.0000 12038                   5300.0000 19913231         
   5948    16     5300.0000 12084                   5300.0000 19980242         
   5949    17    15900.0000  2577                   5300.0000 20047044         
   5950    18     5300.0000 11864                   5300.0000 20053390         
   5951    19     5300.0000 12221                   5300.0000 20080398         
   5952    20     5300.0000 12067                   5300.0000 20118607         
   5953    21    18624.0000  1179                   5300.0000 20184720         
   5954    20    infeasible                         5300.0000 20207855         
   5955    21    15900.0000 11506                   5300.0000 20242726         
   5956    22    15900.0000 11395                   5300.0000 20283769         
Elapsed time = 15930.89 sec. (16225696.89 ticks, tree = 0.37 MB, solutions = 0)
   5957    23    18720.0000  1253                   5300.0000 20306273         
   5958    24    18720.0000  1061                   5300.0000 20308994         
   5959    25    18720.0000  1054                   5300.0000 20312236         
   5960    26    18720.0000  1023                   5300.0000 20314028         
   5961    27    18890.0000   856                   5300.0000 20314401         
   5962    28    18720.0000   886                   5300.0000 20314588         
   5963    28    18720.0000   380                   5300.0000 20317240         
   5964    29    18794.0000   345                   5300.0000 20318801         
   5965    30    18964.0000   333                   5300.0000 20318928         
   5966    31    18794.0000   327                   5300.0000 20318956         
Elapsed time = 16019.07 sec. (16312666.54 ticks, tree = 0.65 MB, solutions = 0)
   5967    32    18794.0000   259                   5300.0000 20318998         
   5968    33    18794.0000   169                   5300.0000 20319246         
   5969    34    18794.0000   227                   5300.0000 20319356         
   5970    35    18794.0000   167                   5300.0000 20319358         
   5971    36    18964.0000   149                   5300.0000 20319382         
   5972    37    18794.0000   159                   5300.0000 20319474         
   5973    38    18794.0000   221                   5300.0000 20319580         
   5974    39    18964.0000   202                   5300.0000 20319600         
   5975    40    19290.0000   196                   5300.0000 20319624         
   5976    39    infeasible                         5300.0000 20319664         
Elapsed time = 16148.81 sec. (16437495.26 ticks, tree = 0.91 MB, solutions = 0)
   5977    40    19290.0000   167                   5300.0000 20319697         
   5978    41    19290.0000   144                   5300.0000 20319749         
   5979    42    19290.0000   134                   5300.0000 20319771         
   5980    43    19290.0000   106                   5300.0000 20319808         
   5981    44    19290.0000    86                   5300.0000 20319882         
   5982    45    19290.0000    80                   5300.0000 20319885         
   5983    46    19290.0000    86                   5300.0000 20319908         
   5984    47    19410.0000    84                   5300.0000 20319928         
   5985    48    19446.0000    80                   5300.0000 20319937         
   5986    49    19446.0000    78                   5300.0000 20319946         
Elapsed time = 16251.87 sec. (16531753.25 ticks, tree = 1.26 MB, solutions = 0)
   5987    50    20148.0000    74                   5300.0000 20319965         
   5988    51    19446.0000    74                   5300.0000 20319975         
   5989    52    19446.0000    72                   5300.0000 20319999         
   5990    53    19616.0000    84                   5300.0000 20320051         
   5991    54    19518.0000    82                   5300.0000 20320078         
   5992    55    19614.0000    64                   5300.0000 20320095         
   5993    56    19681.0000    58                   5300.0000 20320112         
   5994    57    19681.0000    50                   5300.0000 20320117         
   5996    59    19681.0000    44                   5300.0000 20320130         
   5997    60    19681.0000    46                   5300.0000 20320134         
Elapsed time = 16327.57 sec. (16590869.05 ticks, tree = 1.62 MB, solutions = 0)
   6012    75    19943.0000    30                   5300.0000 20320255         
*  6018+   78                        20930.0000     5300.0000            74.68%
   6022    81     5300.0000 12249    20930.0000     5300.0000 20403224   74.68%
   6023    80    infeasible          20930.0000     5300.0000 20459346   74.68%
   6024    81    13250.0000 11398    20930.0000     5300.0000 20517947   74.68%
   6025    82    15900.0000  4504    20930.0000     5300.0000 20548794   74.68%
   6026    83    15900.0000  2657    20930.0000     5300.0000 20551122   74.68%
   6027    84    16070.0000  2598    20930.0000     5300.0000 20555626   74.68%
   6028    85    16240.0000  2541    20930.0000     5300.0000 20556246   74.68%
   6029    86    16240.0000  2541    20930.0000     5300.0000 20556285   74.68%
   6030    87    16240.0000   901    20930.0000     5300.0000 20557268   74.68%
Elapsed time = 16755.65 sec. (17021885.25 ticks, tree = 2.61 MB, solutions = 1)
   6031    88    16240.0000   906    20930.0000     5300.0000 20557305   74.68%
   6032    89    16240.0000   885    20930.0000     5300.0000 20557354   74.68%
   6033    90    16410.0000   873    20930.0000     5300.0000 20557603   74.68%
   6034    91    16410.0000   839    20930.0000     5300.0000 20557634   74.68%
   6038    95    16580.0000   444    20930.0000     5300.0000 20559803   74.68%
   6042    99    16580.0000   331    20930.0000     5300.0000 20559879   74.68%
   6047   104    16920.0000   217    20930.0000     5300.0000 20560099   74.68%
   6050   106    16920.0000   204    20930.0000     5300.0000 20560157   74.68%
   6054   106     5300.2673 12955    20930.0000     5300.0000 20674074   74.68%
   6055   107     5300.2673 12305    20930.0000     5300.0000 20748969   74.68%
Elapsed time = 17072.14 sec. (17314101.95 ticks, tree = 3.23 MB, solutions = 1)
   6056   107    13307.0000 11248    20930.0000     5300.0000 20846310   74.68%
   6058   107     5300.0000 12598    20930.0000     5300.0000 20894194   74.68%
   6059   108     5300.0000 11112    20930.0000     5300.0000 20942301   74.68%
   6060   109    15900.0000 11574    20930.0000     5300.0000 21017359   74.68%
   6061   110    16396.0000  3815    20930.0000     5300.0000 21055981   74.68%
   6062   111    16470.0000  1962    20930.0000     5300.0000 21067303   74.68%
   6063   112    16470.0000   394    20930.0000     5300.0000 21067850   74.68%
   6064   113    16470.0000   348    20930.0000     5300.0000 21067889   74.68%
   6065   114    16640.0000   328    20930.0000     5300.0000 21067924   74.68%
   6070   119    16810.0000   178    20930.0000     5300.0000 21068099   74.68%
Elapsed time = 17577.72 sec. (17639385.36 ticks, tree = 3.54 MB, solutions = 1)
   6079   124     5300.0000 11442    20930.0000     5300.0000 21160188   74.68%
   6080   125     5300.0000 11745    20930.0000     5300.0000 21217083   74.68%
   6081   126     5300.0000 11379    20930.0000     5300.0000 21319429   74.68%
   6082   127     5300.0000 10001    20930.0000     5300.0000 21410923   74.68%
   6083   128     5300.0000 11010    20930.0000     5300.0000 21497559   74.68%
   6084   127    infeasible          20930.0000     5300.0000 21529899   74.68%
   6085   128     5300.0000 11488    20930.0000     5300.0000 21565730   74.68%
   6086   128    18698.0000   622    20930.0000     5300.0000 21610458   74.68%
   6087   129    18794.0000   747    20930.0000     5300.0000 21612885   74.68%
   6088   130    18868.0000   684    20930.0000     5300.0000 21612941   74.68%
Elapsed time = 18165.48 sec. (18276191.68 ticks, tree = 3.80 MB, solutions = 1)
   6089   131    18794.0000   642    20930.0000     5300.0000 21613032   74.68%
   6090   132    18964.0000   583    20930.0000     5300.0000 21613184   74.68%
   6091   133    19134.0000   261    20930.0000     5300.0000 21614908   74.68%
   6092   134    19134.0000   248    20930.0000     5300.0000 21614927   74.68%
   6093   135    19304.0000   217    20930.0000     5300.0000 21614955   74.68%
   6097   138    19304.0000   244    20930.0000     5300.0000 21616120   74.68%
   6099   139    19474.0000   214    20930.0000     5300.0000 21616535   74.68%
   6102   142    19474.0000   163    20930.0000     5300.0000 21616631   74.68%
   6107   142        cutoff          20930.0000     5300.0000 21654311   74.68%
   6108   143     5300.0000 11971    20930.0000     5300.0000 21760578   74.68%
Elapsed time = 18482.34 sec. (18601506.58 ticks, tree = 4.29 MB, solutions = 1)
   6109   144     5300.0000 12055    20930.0000     5300.0000 21846048   74.68%
   6110   145     5300.0000 11882    20930.0000     5300.0000 21915311   74.68%
   6111   146     5300.0000 11834    20930.0000     5300.0000 21982546   74.68%
   6112   147     5300.0000 10959    20930.0000     5300.0000 22043377   74.68%
   6113   146    infeasible          20930.0000     5300.0000 22073293   74.68%
   6114   145        cutoff          20930.0000     5300.0000 22090387   74.68%
   6115   146     5300.0000 12432    20930.0000     5300.0000 22232355   74.68%
   6116   146     6536.6477 12565    20930.0000     5300.0000 22304008   74.68%
   6117   147    13420.0000  6719    20930.0000     5300.0000 22337610   74.68%
   6118   148    16070.0000  2538    20930.0000     5300.0000 22352074   74.68%
Elapsed time = 19125.01 sec. (19319824.77 ticks, tree = 4.39 MB, solutions = 1)
   6119   149    18794.0000  1797    20930.0000     5300.0000 22355025   74.68%
   6120   150    18794.0000   455    20930.0000     5300.0000 22355067   74.68%
   6121   151    18964.0000   404    20930.0000     5300.0000 22355093   74.68%
   6122   152    18964.0000   292    20930.0000     5300.0000 22355129   74.68%
   6123   153    18964.0000   245    20930.0000     5300.0000 22355156   74.68%
   6126   156    19304.0000   339    20930.0000     5300.0000 22355647   74.68%
   6128   158    19474.0000   282    20930.0000     5300.0000 22355940   74.68%
   6131   161    19644.0000   258    20930.0000     5300.0000 22356030   74.68%
   6134   162    19814.0000   235    20930.0000     5300.0000 22356298   74.68%
   6143   171    20154.0000   140    20930.0000     5300.0000 22356764   74.68%
Elapsed time = 19282.48 sec. (19472738.53 ticks, tree = 5.23 MB, solutions = 1)
   6149   172    13324.0000  5322    20930.0000     5300.0000 22412878   74.68%
   6150   173    16143.9318  2455    20930.0000     5300.0000 22424632   74.68%
   6153   176    19918.0000   485    20930.0000     5300.0000 22426132   74.68%
   6154   177    19918.0000   515    20930.0000     5300.0000 22426707   74.68%
   6156   179    20088.0000   399    20930.0000     5300.0000 22427573   74.68%
   6159   182    20258.0000   360    20930.0000     5300.0000 22427856   74.68%
   6161   184    20428.0000   330    20930.0000     5300.0000 22427915   74.68%
   6164   184     5300.0000 11058    20930.0000     5300.0000 22500292   74.68%
   6165   185     5300.0000 10692    20930.0000     5300.0000 22575696   74.68%
   6166   185    20016.0000  4798    20930.0000     5300.0000 22637005   74.68%
Elapsed time = 19580.38 sec. (19805352.29 ticks, tree = 5.76 MB, solutions = 1)
   6168   184    20016.0000  2788    20930.0000     5300.0000 22703189   74.68%
   6170   184     5300.0000 11089    20930.0000     5300.0000 22770011   74.68%
   6171   185     5300.0000 11307    20930.0000     5300.0000 22822871   74.68%
   6172   186     5343.1915 10861    20930.0000     5300.0000 22884630   74.68%
   6173   187    13324.0000  4349    20930.0000     5300.0000 22934602   74.68%
   6174   188    13494.0000  4113    20930.0000     5300.0000 22952936   74.68%
   6175   189    13494.0000  4235    20930.0000     5300.0000 22958912   74.68%
   6176   190    16314.0000  2867    20930.0000     5300.0000 22963755   74.68%
   6177   191    16314.0000  2750    20930.0000     5300.0000 22964035   74.68%
   6178   192    16314.0000  2708    20930.0000     5300.0000 22968119   74.68%
Elapsed time = 19890.54 sec. (20190153.96 ticks, tree = 5.91 MB, solutions = 1)
   6179   192    16314.0000  1937    20930.0000     5300.0000 22972779   74.68%
   6180   193    16314.0000  1937    20930.0000     5300.0000 22972861   74.68%
   6181   194    16314.0000  1186    20930.0000     5300.0000 22974786   74.68%
   6183   196    16314.0000  1084    20930.0000     5300.0000 22975230   74.68%
   6184   197    16484.0000  1015    20930.0000     5300.0000 22975416   74.68%
   6185   198    16654.0000   979    20930.0000     5300.0000 22975543   74.68%
   6192   203    16654.0000   238    20930.0000     5300.0000 22978641   74.68%
   6197   208    16994.0000   220    20930.0000     5300.0000 22978925   74.68%
   6200   211    16994.0000   210    20930.0000     5300.0000 22978948   74.68%
   6204   215    17320.0000   180    20930.0000     5300.0000 22979102   74.68%
Elapsed time = 19979.86 sec. (20280712.12 ticks, tree = 6.60 MB, solutions = 1)
   6208   219    17320.0000   200    20930.0000     5300.0000 22979461   74.68%
   6212   219    13324.0000  4269    20930.0000     5300.0000 23010650   74.68%
   6213   220    13324.0000  4482    20930.0000     5300.0000 23017231   74.68%
   6214   221    13420.0000  4219    20930.0000     5300.0000 23023707   74.68%
   6215   222    16070.0000  2902    20930.0000     5300.0000 23029946   74.68%
   6216   223    16070.0000  1929    20930.0000     5300.0000 23036267   74.68%
   6222   229    16410.0000   274    20930.0000     5300.0000 23037128   74.68%
   6229   236    16824.0000   208    20930.0000     5300.0000 23037461   74.68%
   6237   240        cutoff          20930.0000     5300.0000 23037581   74.68%
   6238   240    14862.0000  4243    20930.0000     5300.0000 23086557   74.68%
Elapsed time = 20083.57 sec. (20405678.90 ticks, tree = 7.34 MB, solutions = 1)
   6239   241    14958.0000  4158    20930.0000     5300.0000 23091697   74.68%
   6240   242    14958.0000  4304    20930.0000     5300.0000 23101630   74.68%
   6241   242    15957.0000  4104    20930.0000     5300.0000 23105769   74.68%
   6242   243    15974.0000  3946    20930.0000     5300.0000 23108102   74.68%
   6243   244    16144.0000  3916    20930.0000     5300.0000 23108283   74.68%
   6244   245    16144.0000  3942    20930.0000     5300.0000 23110402   74.68%
   6245   245    16144.0000  3945    20930.0000     5300.0000 23114552   74.68%
   6246   246    16144.0000  3925    20930.0000     5300.0000 23114569   74.68%
   6247   247    16144.0000  4068    20930.0000     5300.0000 23117464   74.68%
   6249   247    18624.0000  3209    20930.0000     5300.0000 23123977   74.68%
Elapsed time = 20435.46 sec. (20781739.88 ticks, tree = 7.50 MB, solutions = 1)
   6250   248    18964.0000  2680    20930.0000     5300.0000 23126887   74.68%
   6251   248    19117.0000  3206    20930.0000     5300.0000 23130141   74.68%
   6252   249    19134.0000  3148    20930.0000     5300.0000 23131252   74.68%
   6253   250    19134.0000  3111    20930.0000     5300.0000 23131541   74.68%
   6255   250    19134.0000  2493    20930.0000     5300.0000 23134011   74.68%
   6256   251    19304.0000  2456    20930.0000     5300.0000 23134056   74.68%
   6257   252    19304.0000  2370    20930.0000     5300.0000 23135150   74.68%
   6258   253    19304.0000  2337    20930.0000     5300.0000 23135182   74.68%
   6259   254    19304.0000  2337    20930.0000     5300.0000 23135231   74.68%
   6268   262    19644.0000   152    20930.0000     5300.0000 23135887   74.68%
Elapsed time = 20520.95 sec. (20872663.64 ticks, tree = 7.99 MB, solutions = 1)
   6276   266    13420.0000 11102    20930.0000     5300.0000 23187221   74.68%
   6277   267    13420.0000 11018    20930.0000     5300.0000 23216244   74.68%
   6278   268    13420.0000  7643    20930.0000     5300.0000 23250418   74.68%
   6279   269    13420.0000  5666    20930.0000     5300.0000 23274262   74.68%
   6280   270    15900.0362  4025    20930.0000     5300.0000 23284388   74.68%
   6282   272    16070.0000   708    20930.0000     5300.0000 23294865   74.68%
   6285   275    16410.0000   437    20930.0000     5300.0000 23295230   74.68%
   6291   281    16750.0000   271    20930.0000     5300.0000 23295875   74.68%
   6298   288    16750.0000   231    20930.0000     5300.0000 23296148   74.68%
   6304   294    16836.0000   228    20930.0000     5300.0000 23296857   74.68%
Elapsed time = 20624.96 sec. (21000679.71 ticks, tree = 8.99 MB, solutions = 1)
   6309   299    17176.0000   159    20930.0000     5300.0000 23297084   74.68%
   6313   301    17432.0000   141    20930.0000     5300.0000 23298070   74.68%
   6318   302     5300.0000 11521    20930.0000     5300.0000 23369379   74.68%
   6319   303     5300.0000 11977    20930.0000     5300.0000 23447631   74.68%
   6320   304    10770.0000 10942    20930.0000     5300.0000 23497164   74.68%
   6321   305    13420.0000  7153    20930.0000     5300.0000 23540428   74.68%
   6322   306    13420.0000  4402    20930.0000     5300.0000 23564507   74.68%
   6323   307    16070.0357  3406    20930.0000     5300.0000 23580309   74.68%
   6324   308    16070.0357  3329    20930.0000     5300.0000 23580359   74.68%
   6325   309    16070.0357  3137    20930.0000     5300.0000 23580523   74.68%
Elapsed time = 20933.96 sec. (21318996.24 ticks, tree = 9.43 MB, solutions = 1)
   6327   309    16070.0357  2532    20930.0000     5300.0000 23587494   74.68%
   6328   310    16144.0000   560    20930.0000     5300.0000 23587560   74.68%
   6331   313    16484.0000   260    20930.0000     5300.0000 23588168   74.68%
   6338   318    infeasible          20930.0000     5300.0000 23588471   74.68%
   6349   326    16994.0000   114    20930.0000     5300.0000 23588691   74.68%
   6359   333    17674.0000    94    20930.0000     5300.0000 23589009   74.68%
   6371   335    infeasible          20930.0000     5300.0000 23589962   74.68%
   6376   336    10600.0000 11753    20930.0000     5300.0000 23618207   74.68%
   6377   337    10940.0000 10324    20930.0000     5300.0000 23657862   74.68%
   6378   338    10940.0000 10201    20930.0000     5300.0000 23694696   74.68%
Elapsed time = 21103.14 sec. (21423515.94 ticks, tree = 10.35 MB, solutions = 1)
   6379   339    10940.0000  8532    20930.0000     5300.0000 23730856   74.68%
   6380   340    13590.0000  3214    20930.0000     5300.0000 23753343   74.68%
   6381   341    16070.0000  2596    20930.0000     5300.0000 23762020   74.68%
   6382   342    16070.0000  2568    20930.0000     5300.0000 23762109   74.68%
   6383   343    16070.0000  2542    20930.0000     5300.0000 23766113   74.68%
   6384   344    16070.0000  2544    20930.0000     5300.0000 23772299   74.68%
   6386   346    16410.0000   361    20930.0000     5300.0000 23778695   74.68%
   6391   349        cutoff          20930.0000     5300.0000 23779052   74.68%
   6397   355    16994.0000   189    20930.0000     5300.0000 23779809   74.68%
   6404   361    17164.0000   174    20930.0000     5300.0000 23780055   74.68%
Elapsed time = 21190.29 sec. (21534706.20 ticks, tree = 10.99 MB, solutions = 1)
   6408   363    17334.0000   141    20930.0000     5300.0000 23780890   74.68%
   6413   367    17564.0000   107    20930.0000     5300.0000 23781148   74.68%
   6421   370    18000.0000    83    20930.0000     5300.0000 23781495   74.68%
   6426   375    18724.0000    65    20930.0000     5300.0000 23781591   74.68%
   6434   381    18894.0000    49    20930.0000     5300.0000 23781676   74.68%
   6442   386     5300.0000 12503    20930.0000     5300.0000 23904479   74.68%
   6443   387     5300.0000 12456    20930.0000     5300.0000 24009217   74.68%
   6444   386        cutoff          20930.0000     5300.0000 24060706   74.68%
   6445   385        cutoff          20930.0000     5300.0000 24093171   74.68%
   6446   385    20016.0000  3768    20930.0000     5300.0000 24156412   74.68%
Elapsed time = 21611.22 sec. (21907230.23 ticks, tree = 11.86 MB, solutions = 1)
   6450   385     5300.0000 11530    20930.0000     5300.0000 24273359   74.68%
   6451   386    13420.0000  6824    20930.0000     5300.0000 24324535   74.68%
   6452   387     5300.0000 11027    20930.0000     5300.0000 24358021   74.68%
   6453   388     5300.0000 11834    20930.0000     5300.0000 24427377   74.68%
   6454   388     8324.8087  8985    20930.0000     5300.0000 24476185   74.68%
   6455   389     8324.8087  8967    20930.0000     5300.0000 24476348   74.68%
   6457   389    15900.0000  8542    20930.0000     5300.0000 24533107   74.68%
   6458   388    infeasible          20930.0000     5300.0000 24553830   74.68%
   6459   389    15900.0000  7349    20930.0000     5300.0000 24581246   74.68%
   6460   390    16410.0000  7392    20930.0000     5300.0000 24603546   74.68%
Elapsed time = 21883.66 sec. (22242541.88 ticks, tree = 11.94 MB, solutions = 1)
   6461   391    16410.0000  5106    20930.0000     5300.0000 24622600   74.68%
   6462   392    16410.0000  5076    20930.0000     5300.0000 24627596   74.68%
   6463   393    16410.0000  3761    20930.0000     5300.0000 24640422   74.68%
   6464   394    16410.0000  1934    20930.0000     5300.0000 24653917   74.68%
   6465   394    16410.0000  1808    20930.0000     5300.0000 24653992   74.68%
   6466   395    16410.0000  1800    20930.0000     5300.0000 24654012   74.68%
   6467   396    16410.0000  1291    20930.0000     5300.0000 24663495   74.68%
   6471   400    16580.0000   296    20930.0000     5300.0000 24666512   74.68%
   6479   404     5300.0000 11797    20930.0000     5300.0000 24748055   74.68%
   6480   405     5300.0000 11652    20930.0000     5300.0000 24818066   74.68%
Elapsed time = 22066.58 sec. (22457017.76 ticks, tree = 12.31 MB, solutions = 1)
   6481   406    16410.0000  3845    20930.0000     5300.0000 24844546   74.68%
   6482   407    16484.0000  3521    20930.0000     5300.0000 24855824   74.68%
   6483   408    16484.0000  3314    20930.0000     5300.0000 24856109   74.68%
   6484   409    16484.0000  2617    20930.0000     5300.0000 24858458   74.68%
   6485   410    16484.0000  1838    20930.0000     5300.0000 24860492   74.68%
   6487   412    16484.0000   274    20930.0000     5300.0000 24861518   74.68%
   6491   416    16824.0000   216    20930.0000     5300.0000 24861788   74.68%
   6494   416     5374.0000 10901    20930.0000     5300.0000 24968779   74.68%
   6495   416    18794.0000  3454    20930.0000     5300.0000 25000772   74.68%
   6496   417    18794.0000  2892    20930.0000     5300.0000 25005276   74.68%
Elapsed time = 22271.49 sec. (22692613.83 ticks, tree = 12.65 MB, solutions = 1)
   6497   418    18794.0000  3188    20930.0000     5300.0000 25012172   74.68%
   6498   418    18964.0000  3120    20930.0000     5300.0000 25019946   74.68%
   6499   419    18964.0000  3104    20930.0000     5300.0000 25019985   74.68%
   6502   422    19134.0000   239    20930.0000     5300.0000 25021300   74.68%
   6504   424    19304.0000   194    20930.0000     5300.0000 25021611   74.68%
   6506   426    19304.0000   185    20930.0000     5300.0000 25021636   74.68%
   6509   429    19376.0000   179    20930.0000     5300.0000 25021691   74.68%
   6513   429     5300.0000 11025    20930.0000     5300.0000 25094306   74.68%
   6514   430     5300.0000 11593    20930.0000     5300.0000 25142470   74.68%
   6515   430    16410.0000  3263    20930.0000     5300.0000 25188322   74.68%
Elapsed time = 22525.56 sec. (22978218.25 ticks, tree = 13.10 MB, solutions = 1)
   6516   431    16410.0000  3975    20930.0000     5300.0000 25193359   74.68%
   6517   432    16484.0000  3312    20930.0000     5300.0000 25203931   74.68%
   6519   434    16484.0000  2093    20930.0000     5300.0000 25214562   74.68%
   6522   437    16824.0000   273    20930.0000     5300.0000 25220002   74.68%
   6529   443    17231.0000   162    20930.0000     5300.0000 25220173   74.68%
   6533   447    17334.0000   178    20930.0000     5300.0000 25220319   74.68%
   6539   453    17660.0000   182    20930.0000     5300.0000 25220424   74.68%
   6543   457    17660.0000   170    20930.0000     5300.0000 25220436   74.68%
   6549   463    18156.0000   112    20930.0000     5300.0000 25220654   74.68%
   6557   465    infeasible          20930.0000     5300.0000 25249711   74.68%
Elapsed time = 22628.26 sec. (23097659.50 ticks, tree = 14.24 MB, solutions = 1)
   6558   466     5374.0000 10918    20930.0000     5300.0000 25349988   74.68%
   6559   466    16590.9137  6951    20930.0000     5300.0000 25384492   74.68%
   6562   468    18964.0000  3401    20930.0000     5300.0000 25404794   74.68%
   6565   471    19304.0000  2343    20930.0000     5300.0000 25409917   74.68%
   6568   473    19474.0000   340    20930.0000     5300.0000 25410939   74.68%
   6570   475    19474.0000  1618    20930.0000     5300.0000 25411097   74.68%
   6588   488        cutoff          20930.0000     5300.0000 25412024   74.68%
   6617   504    18890.0000  2657    20930.0000     5300.0000 25458381   74.68%
   6619   504     5337.0000 12123    20930.0000     5300.0000 25626321   74.68%
   6620   505     7950.0000 12317    20930.0000     5300.0000 25716074   74.68%
Elapsed time = 23288.91 sec. (23837414.24 ticks, tree = 15.61 MB, solutions = 1)
   6621   506     7950.0000 10822    20930.0000     5300.0000 25781308   74.68%
   6622   507     7950.0000 10718    20930.0000     5300.0000 25860897   74.68%
   6623   507    10600.0000 11185    20930.0000     5300.0000 25928690   74.68%
   6624   508    10600.0000 11155    20930.0000     5300.0000 25992011   74.68%
   6625   509    13420.0000  4045    20930.0000     5300.0000 26033850   74.68%
   6627   511    16070.0000  3501    20930.0000     5300.0000 26050752   74.68%
   6631   515    16240.0000  1956    20930.0000     5300.0000 26058336   74.68%
   6646   528    infeasible          20930.0000     5300.0000 26060204   74.68%
   6648   528    10600.0000 11671    20930.0000     5300.0000 26163388   74.68%
   6650   529    15957.0298  5696    20930.0000     5300.0000 26206381   74.68%
Elapsed time = 23601.79 sec. (24180421.59 ticks, tree = 16.29 MB, solutions = 1)
   6653   527    16143.9318  2633    20930.0000     5300.0000 26279959   74.68%
   6655   529    19992.0000   601    20930.0000     5300.0000 26281742   74.68%
   6656   530    19992.0000   549    20930.0000     5300.0000 26281922   74.68%
   6661   535    20332.0000   290    20930.0000     5300.0000 26282113   74.68%
   6663   537    20332.0000   287    20930.0000     5300.0000 26282144   74.68%
   6665   539    20332.0000   239    20930.0000     5300.0000 26282261   74.68%
   6669   539     5300.0000 11724    20930.0000     5300.0000 26392293   74.68%
   6670   540     7950.0000 11552    20930.0000     5300.0000 26487303   74.68%
   6672   538        cutoff          20930.0000     5300.0000 26542034   74.68%
   6673   539    15900.0000 12478    20930.0000     5300.0000 26633107   74.68%
Elapsed time = 24017.18 sec. (24628819.59 ticks, tree = 16.67 MB, solutions = 1)
   6674   540    15900.0000  4247    20930.0000     5300.0000 26692883   74.68%
   6676   542    15900.0000  3620    20930.0000     5300.0000 26790017   74.68%
   6680   545    18868.0000   647    20930.0000     5300.0000 26831256   74.68%
   6687   548     5300.0000 12744    20930.0000     5300.0000 27028944   74.68%
   6688   549    10600.0000 11401    20930.0000     5300.0000 27138458   74.68%
   6689   550    10600.0000 12138    20930.0000     5300.0000 27224933   74.68%
   6690   551    10608.8318 11999    20930.0000     5300.0000 27287354   74.68%
   6691   552    16070.0000   671    20930.0000     5300.0000 27325076   74.68%
   6699   559    18624.0000   229    20930.0000     5300.0000 27333554   74.68%
   6709   565     5300.0000 12424    20930.0000     5300.0000 27420783   74.68%
Elapsed time = 24554.41 sec. (25243574.81 ticks, tree = 17.41 MB, solutions = 1)
   6710   566     5300.0000 12123    20930.0000     5300.0000 27509722   74.68%
   6711   567     5300.0000 11756    20930.0000     5300.0000 27596223   74.68%
   6712   568    17608.0000   656    20930.0000     5300.0000 27657789   74.68%
   6716   572    17778.0000   390    20930.0000     5300.0000 27674136   74.68%
   6719   574    18794.0000   686    20930.0000     5300.0000 27679149   74.68%
   6732   587    19314.0000   300    20930.0000     5300.0000 27679962   74.68%
   6736   585    infeasible          20930.0000     5300.0000 27730304   74.68%
   6737   586     5308.8318 11641    20930.0000     5300.0000 27832963   74.68%
   6738   587    16078.8318  1909    20930.0000     5300.0000 27892743   74.68%
   6740   589    16144.0000   547    20930.0000     5300.0000 27898682   74.68%
Elapsed time = 24884.26 sec. (25629576.44 ticks, tree = 18.13 MB, solutions = 1)
   6742   591    16144.0000   527    20930.0000     5300.0000 27898971   74.68%
   6763   609    17406.0000   165    20930.0000     5300.0000 27900638   74.68%
   6784   626    17852.0000    85    20930.0000     5300.0000 27901925   74.68%
   6803   641    16070.0000  4997    20930.0000     5300.0000 27966432   74.68%
   6805   641        cutoff          20930.0000     5300.0000 27987909   74.68%
   6807   641     5300.0000 11644    20930.0000     5300.0000 28088548   74.68%
   6808   642     5300.0000 12004    20930.0000     5300.0000 28169607   74.68%
   6809   643     5308.8318 12234    20930.0000     5300.0000 28222374   74.68%
   6810   644    14312.3557  8277    20930.0000     5300.0000 28285293   74.68%
   6811   645    16962.3557  4521    20930.0000     5300.0000 28304831   74.68%
Elapsed time = 25224.47 sec. (26046067.36 ticks, tree = 19.90 MB, solutions = 1)
   6813   647    18624.0000  2237    20930.0000     5300.0000 28318264   74.68%
   6814   648    18624.0000  1822    20930.0000     5300.0000 28318504   74.68%
   6815   649    18624.0000  1797    20930.0000     5300.0000 28318534   74.68%
   6834   660     5300.0000 12027    20930.0000     5300.0000 28410483   74.68%
   6835   661     5308.8318 11960    20930.0000     5300.0000 28516580   74.68%
   6836   662     7950.0000 12061    20930.0000     5300.0000 28615899   74.68%
   6837   663     7950.0000 11726    20930.0000     5300.0000 28696747   74.68%
   6838   662    infeasible          20930.0000     5300.0000 28736581   74.68%
   6839   661    infeasible          20930.0000     5300.0000 28782378   74.68%
   6840   662     5300.0000 11818    20930.0000     5300.0000 28841659   74.68%
Elapsed time = 25779.96 sec. (26535326.47 ticks, tree = 20.43 MB, solutions = 1)
   6841   663    13282.1985  8280    20930.0000     5300.0000 28894446   74.68%
   6842   664    16144.0000  3658    20930.0000     5300.0000 28903197   74.68%
   6844   666    16144.0000   598    20930.0000     5300.0000 28911195   74.68%
   6846   668    16314.0000   383    20930.0000     5300.0000 28911415   74.68%
   6848   668    16314.0000   367    20930.0000     5300.0000 28911447   74.68%
   6856   676    19474.0000   121    20930.0000     5300.0000 28912428   74.68%
   6861   676     6838.0000 11809    20930.0000     5300.0000 29017966   74.68%
   6862   677    11798.0000 10694    20930.0000     5300.0000 29087576   74.68%
   6863   678    11798.0000 11169    20930.0000     5300.0000 29130998   74.68%
   6864   678    17495.0000  5135    20930.0000     5300.0000 29216900   74.68%
Elapsed time = 26051.18 sec. (26836806.46 ticks, tree = 20.96 MB, solutions = 1)
   6865   679    17495.0000  5324    20930.0000     5300.0000 29229666   74.68%
   6868   681    18868.0000   479    20930.0000     5300.0000 29243617   74.68%
   6869   682    18868.0000   352    20930.0000     5300.0000 29243706   74.68%
   6875   688    19548.0000   144    20930.0000     5300.0000 29244345   74.68%
   6879   686        cutoff          20930.0000     5300.0000 29264474   74.68%
   6880   687     5337.0000 12841    20930.0000     5300.0000 29447880   74.68%
   6881   688     5337.0000 12362    20930.0000     5300.0000 29562593   74.68%
   6882   687    infeasible          20930.0000     5300.0000 29616561   74.68%
   6883   686        cutoff          20930.0000     5300.0000 29683178   74.68%
   6884   685    infeasible          20930.0000     5300.0000 29705405   74.68%
Elapsed time = 26625.58 sec. (27265947.18 ticks, tree = 21.22 MB, solutions = 1)
   6885   684        cutoff          20930.0000     5300.2673 29745180   74.68%
   6886   683    infeasible          20930.0000     5308.8318 29809033   74.64%
   6888   683     5308.8318 11336    20930.0000     5308.8318 29907860   74.64%
   6889   684    16144.0000   812    20930.0000     5308.8318 29924054   74.64%
   6891   686    16144.2059   407    20930.0000     5308.8318 29930360   74.64%
   6892   687    16314.0000   380    20930.0000     5308.8318 29930474   74.64%
   6893   688    16314.0000   289    20930.0000     5308.8318 29930636   74.64%
   6895   690    16346.0000   276    20930.0000     5308.8318 29931063   74.64%
   6896   691    16484.0000   262    20930.0000     5308.8318 29931548   74.64%
   6897   692    16484.0000   232    20930.0000     5308.8318 29931617   74.64%
Elapsed time = 27147.26 sec. (27629365.94 ticks, tree = 21.42 MB, solutions = 1)
   6898   693    16654.0000   214    20930.0000     5308.8318 29931749   74.64%
   6899   692    infeasible          20930.0000     5308.8318 29931843   74.64%
   6900   693    16654.0000   213    20930.0000     5308.8318 29931861   74.64%
   6901   694    16654.0000   211    20930.0000     5308.8318 29931975   74.64%
   6902   695    16824.0000   197    20930.0000     5308.8318 29932012   74.64%
   6923   712    17830.0000   105    20930.0000     5308.8318 29933115   74.64%
   6938   721     7950.0000 12210    20930.0000     5337.0000 29970011   74.50%
   6939   722     7950.0000 10766    20930.0000     5337.0000 30031951   74.50%
   6940   723     7950.0000 10225    20930.0000     5337.0000 30082405   74.50%
   6941   723    13420.0000  4334    20930.0000     5337.0000 30125890   74.50%
Elapsed time = 27387.00 sec. (27886088.54 ticks, tree = 22.43 MB, solutions = 1)
   6944   726    16240.0000   422    20930.0000     5337.0000 30148575   74.50%
   6966   744     7950.0000 11234    20930.0000     5337.0000 30228170   74.50%
   6967   745    15932.1985  1157    20930.0000     5337.0000 30277064   74.50%
   6969   747    16070.0000   561    20930.0000     5337.0000 30277577   74.50%
   6971   749    16240.0000   549    20930.0000     5337.0000 30277949   74.50%
   6973   751    16410.0000   514    20930.0000     5337.0000 30278001   74.50%
   6976   754    16750.0000   465    20930.0000     5337.0000 30278738   74.50%
   6988   762    15932.1985  6867    20930.0000     5368.7516 30351587   74.35%
   6991   761    15900.0000  3767    20930.0000     5374.0000 30405693   74.32%
   6993   761        cutoff          20930.0000     5374.0000 30437638   74.32%
Elapsed time = 27654.83 sec. (28210843.40 ticks, tree = 23.55 MB, solutions = 1)
   6994   762    15900.0000   674    20930.0000     5374.0000 30445316   74.32%
   7014   776    16654.0000   191    20930.0000     5374.0000 30451808   74.32%
   7043   805    18048.0000    78    20930.0000     5374.0000 30452757   74.32%
   7055   811        cutoff          20930.0000     5374.0000 30488879   74.32%
   7057   809        cutoff          20930.0000     5431.1444 30553668   74.05%
   7058   810    15974.0000  5399    20930.0000     7950.0000 30593057   62.02%
   7059   810    15974.0000  2973    20930.0000     7950.0000 30611765   62.02%
   7060   811    15974.0000  3048    20930.0000     7950.0000 30615286   62.02%
   7062   813    18624.0000  1707    20930.0000     7950.0000 30621012   62.02%
   7080   824    infeasible          20930.0000     7950.0000 30627007   62.02%
Elapsed time = 27883.83 sec. (28456617.59 ticks, tree = 25.61 MB, solutions = 1)
   7081   825     7950.0000 10602    20930.0000     7950.0000 30695676   62.02%
   7082   826     7950.0000 10415    20930.0000     7950.0000 30742477   62.02%
   7083   827     7950.0000 10164    20930.0000     7950.0000 30782997   62.02%
   7084   827    18624.0000  5562    20930.0000     7950.0000 30819001   62.02%
   7085   828    18624.0000  5722    20930.0000     7950.0000 30824672   62.02%
   7089   832    19208.0000   387    20930.0000     7950.0000 30834215   62.02%
   7093   836    19208.0000   244    20930.0000     7950.0000 30834423   62.02%
   7104   845        cutoff          20930.0000     7950.0000 30835183   62.02%
   7106   845    11585.0000  6887    20930.0000     7950.0000 30870308   62.02%
   7108   847    20162.0000   253    20930.0000     7950.0000 30896543   62.02%
Elapsed time = 28114.36 sec. (28704087.25 ticks, tree = 26.29 MB, solutions = 1)
   7110   849    20162.0000   211    20930.0000     7950.0000 30897786   62.02%
   7117   852    15974.0000  6789    20930.0000     7950.0000 30922713   62.02%
   7119   852    16144.0000  5660    20930.0000     7950.0000 30929793   62.02%
   7121   854    20644.0000  5499    20930.0000     7950.0000 30941709   62.02%
   7123   856    20644.0000  5500    20930.0000     7950.0000 30954169   62.02%
   7126   859    20814.0000  1726    20930.0000     7950.0000 30956671   62.02%
   7131   862    20814.0000   139    20930.0000     7950.0000 30957582   62.02%
   7136   864    18624.0000  6557    20930.0000     7950.0000 30984444   62.02%
   7137   865    18794.0000  5777    20930.0000     7950.0000 30995971   62.02%
   7138   866    18794.0000  4470    20930.0000     7950.0000 31004128   62.02%
Elapsed time = 28476.97 sec. (29027110.30 ticks, tree = 26.89 MB, solutions = 1)
   7139   867    18794.0000  3726    20930.0000     7950.0000 31008249   62.02%
   7150   877    19548.0000   249    20930.0000     7950.0000 31011402   62.02%
   7159   882    10698.0322  9606    20930.0000     7950.0000 31059588   62.02%
   7160   883    13420.0000  4305    20930.0000     7950.0000 31095086   62.02%
   7162   885    13420.0000  3689    20930.0000     7950.0000 31126284   62.02%
   7163   886    15908.8318  3165    20930.0000     7950.0000 31132525   62.02%
   7171   891    16484.0000   192    20930.0000     7950.0000 31138491   62.02%
   7196   916    17115.0000   120    20930.0000     7950.0000 31139374   62.02%
*  7218+  913                        20352.0000     7950.0000            60.94%
   7236   923        cutoff          20352.0000     7950.0000 31179819   60.94%
   7237   924    15932.1985  3031    20352.0000     7950.0000 31239174   60.94%
Elapsed time = 28689.01 sec. (29259826.09 ticks, tree = 28.82 MB, solutions = 2)
   7241   928    17325.0000   797    20352.0000     7950.0000 31257856   60.94%
   7244   931    17342.0000   638    20352.0000     7950.0000 31258835   60.94%
   7251   938    17852.0000   286    20352.0000     7950.0000 31260211   60.94%
   7259   940    11798.0000 11951    20352.0000     7950.0000 31335213   60.94%
   7260   941    11798.0000 10813    20352.0000     7950.0000 31396553   60.94%
   7261   942    11798.0000 10655    20352.0000     7950.0000 31446486   60.94%
   7262   943    13420.0000  5020    20352.0000     7950.0000 31482734   60.94%
   7267   948    16144.0000   497    20352.0000     7950.0000 31497517   60.94%
   7285   965    17088.0000   218    20352.0000     7950.0000 31498885   60.94%
   7305   979        cutoff          20352.0000     7950.0000 31528665   60.94%
Elapsed time = 28910.90 sec. (29508500.45 ticks, tree = 30.56 MB, solutions = 2)
   7306   980     7950.0000 11355    20352.0000     7950.0000 31591893   60.94%
   7307   981     7950.0000 12181    20352.0000     7950.0000 31631139   60.94%
   7308   982    13428.8318  7262    20352.0000     7950.0000 31683003   60.94%
   7309   983    13494.0000  2632    20352.0000     7950.0000 31697824   60.94%
   7310   984    15974.0000  1973    20352.0000     7950.0000 31707902   60.94%
   7311   985    16144.0000  2048    20352.0000     7950.0000 31711512   60.94%
   7313   987    16144.0000  1855    20352.0000     7950.0000 31711725   60.94%
   7315   989    16144.0000   355    20352.0000     7950.0000 31715535   60.94%
   7324   993    10698.0322 11663    20352.0000     7950.0000 31755340   60.94%
   7325   993    13309.0193  9607    20352.0000     7950.0000 31795046   60.94%
Elapsed time = 29156.14 sec. (29798638.00 ticks, tree = 30.93 MB, solutions = 2)
   7327   994    13590.0000  2665    20352.0000     7950.0000 31806207   60.94%
   7328   995    13590.0000  2661    20352.0000     7950.0000 31806482   60.94%
   7329   996    13760.0000  2606    20352.0000     7950.0000 31806728   60.94%
   7331   998    16410.0000   463    20352.0000     7950.0000 31807131   60.94%
   7338  1005    16614.6347  1606    20352.0000     7950.0000 31814555   60.94%
   7351  1014     7950.0000 12022    20352.0000     7950.0000 31888254   60.94%
   7352  1015    13494.0000  8382    20352.0000     7950.0000 31927794   60.94%
   7353  1016    13494.0000  7131    20352.0000     7950.0000 31955336   60.94%
   7354  1017    13494.0000  6400    20352.0000     7950.0000 31970159   60.94%
   7355  1018    13494.0000  6312    20352.0000     7950.0000 31976923   60.94%
Elapsed time = 29531.79 sec. (30210520.99 ticks, tree = 31.56 MB, solutions = 2)
   7356  1019    13494.0000  4885    20352.0000     7950.0000 31987743   60.94%
   7361  1024    19208.0000   337    20352.0000     7950.0000 31991881   60.94%
   7366  1024    11585.0000 10270    20352.0000     7950.0000 32056926   60.94%
   7367  1025    11585.0000  9767    20352.0000     7950.0000 32099989   60.94%
   7368  1026    11585.0000  7998    20352.0000     7950.0000 32127595   60.94%
   7369  1027    15974.0000  7480    20352.0000     7950.0000 32147265   60.94%
   7370  1028    15974.0000  7454    20352.0000     7950.0000 32163704   60.94%
   7371  1029    15974.0000  4694    20352.0000     7950.0000 32179527   60.94%
   7373  1031    16144.0000  2717    20352.0000     7950.0000 32192320   60.94%
   7376  1034    16144.0000  1866    20352.0000     7950.0000 32196055   60.94%
Elapsed time = 29808.48 sec. (30520216.09 ticks, tree = 32.04 MB, solutions = 2)
   7381  1039    16314.0000   278    20352.0000     7950.0000 32197508   60.94%
   7386  1038    infeasible          20352.0000     7950.0000 32234613   60.94%
   7387  1039     7950.0000 10683    20352.0000     7950.0000 32316780   60.94%
   7388  1039    13420.0000  7857    20352.0000     7950.0000 32377638   60.94%
   7390  1041    15900.0000  2589    20352.0000     7950.0000 32402161   60.94%
   7399  1047    18624.0000   229    20352.0000     7950.0000 32411656   60.94%
   7437  1080    10600.0000 10158    20352.0000     7950.0000 32483616   60.94%
   7438  1080    10600.0000  9463    20352.0000     7950.0000 32549611   60.94%
   7440  1082    13282.1985  3855    20352.0000     7950.0000 32615800   60.94%
   7442  1084    18380.0000  2683    20352.0000     7950.0000 32627264   60.94%
Elapsed time = 30280.99 sec. (30947936.60 ticks, tree = 33.67 MB, solutions = 2)
   7455  1092    18720.0000   248    20352.0000     7950.0000 32634467   60.94%
   7493  1124    infeasible          20352.0000     7950.0000 32635668   60.94%
   7497  1125     7950.0000 10889    20352.0000     7950.0000 32710139   60.94%
   7498  1126     7987.0000 10679    20352.0000     7950.0000 32788097   60.94%
   7499  1127    13420.0000  3271    20352.0000     7950.0000 32831542   60.94%
   7505  1133    16107.0000   669    20352.0000     7950.0000 32838898   60.94%
   7527  1149    infeasible          20352.0000     7950.0000 32839758   60.94%
   7529  1149    10600.0000 11549    20352.0000     7987.0000 32913472   60.76%
   7530  1150    10637.0000  9788    20352.0000     7987.0000 32979032   60.76%
   7531  1151    10637.0000 11666    20352.0000     7987.0000 33043250   60.76%
Elapsed time = 30686.42 sec. (31393984.28 ticks, tree = 35.90 MB, solutions = 2)
   7532  1152    10637.0000 10936    20352.0000     7987.0000 33071385   60.76%
   7533  1153    10637.0000 10057    20352.0000     7987.0000 33118320   60.76%
   7534  1154    10637.0000  9409    20352.0000     7987.0000 33173331   60.76%
   7535  1155    10770.0000 10483    20352.0000     7987.0000 33196941   60.76%
   7536  1156    10770.0000 10460    20352.0000     7987.0000 33248351   60.76%
   7537  1156    15957.0000  4059    20352.0000     7987.0000 33280007   60.76%
   7538  1157    16070.0000  3875    20352.0000     7987.0000 33285132   60.76%
   7539  1158    18380.0000  3243    20352.0000     7987.0000 33291588   60.76%
   7540  1159    18380.0000  2463    20352.0000     7987.0000 33297344   60.76%
   7541  1160    18380.0000  2446    20352.0000     7987.0000 33297374   60.76%
Elapsed time = 31223.29 sec. (31671554.14 ticks, tree = 36.11 MB, solutions = 2)
   7542  1161    18550.0000  2348    20352.0000     7987.0000 33297507   60.76%
   7543  1160    infeasible          20352.0000     7987.0000 33299522   60.76%
   7544  1161    18550.0000  2341    20352.0000     7987.0000 33299523   60.76%
   7545  1162    18550.0000  2341    20352.0000     7987.0000 33299524   60.76%
   7546  1163    18550.0000  2303    20352.0000     7987.0000 33299602   60.76%
   7547  1164    18550.0000  2464    20352.0000     7987.0000 33300944   60.76%
   7548  1165    18890.0000   367    20352.0000     7987.0000 33302036   60.76%
   7561  1176    19060.0000   234    20352.0000     7987.0000 33305336   60.76%
   7567  1176        cutoff          20352.0000     8024.0000 33339006   60.57%
   7568  1177    15974.0000  4324    20352.0000     8024.0000 33372961   60.57%
Elapsed time = 31461.12 sec. (31900851.43 ticks, tree = 36.70 MB, solutions = 2)
   7569  1178    18698.0000  3370    20352.0000     8024.0000 33381701   60.57%
   7570  1179    18868.0000  3578    20352.0000     8024.0000 33384897   60.57%
   7575  1184    19134.0000   317    20352.0000     8024.0000 33387965   60.57%
   7582  1191    19474.0000   207    20352.0000     8024.0000 33389943   60.57%
   7601  1198    18794.0000  1031    20352.0000    10600.0000 33451284   47.92%
   7608  1203    18964.0000   365    20352.0000    10600.0000 33457284   47.92%
   7623  1218    19474.0000   221    20352.0000    10600.0000 33458535   47.92%
   7631  1222    10600.0000 11616    20352.0000    10600.0000 33550291   47.92%
   7632  1221        cutoff          20352.0000    10600.0000 33591412   47.92%
   7633  1221    17495.0000  4244    20352.0000    10600.0000 33636764   47.92%
Elapsed time = 31694.49 sec. (32141514.83 ticks, tree = 38.23 MB, solutions = 2)
   7634  1222    18607.0000  3242    20352.0000    10600.0000 33641100   47.92%
   7642  1230    19134.0000   266    20352.0000    10600.0000 33645253   47.92%
   7646  1230    10600.0000 10975    20352.0000    10600.0000 33732151   47.92%
   7647  1231    10637.0000  9266    20352.0000    10600.0000 33780898   47.92%
   7648  1232    10637.0000  9160    20352.0000    10600.0000 33806016   47.92%
   7649  1233    10637.0000  7166    20352.0000    10600.0000 33833655   47.92%
   7650  1234    10770.0000  7451    20352.0000    10600.0000 33844858   47.92%
   7651  1235    10770.0000  7386    20352.0000    10600.0000 33858466   47.92%
   7652  1236    10770.0000  6874    20352.0000    10600.0000 33880648   47.92%
   7653  1237    10770.0000  7277    20352.0000    10600.0000 33902598   47.92%
Elapsed time = 31939.35 sec. (32425679.24 ticks, tree = 38.66 MB, solutions = 2)
   7662  1241    16070.0000   661    20352.0000    10600.0000 33964357   47.92%
   7671  1249    16410.0000   330    20352.0000    10600.0000 33966223   47.92%
   7693  1263    15900.0000  2587    20352.0000    10600.0000 34018569   47.92%
   7700  1268    16240.0000   476    20352.0000    10600.0000 34026387   47.92%
   7719  1287    16920.0000   204    20352.0000    10600.0000 34029906   47.92%
   7722  1286    10600.0000 11747    20352.0000    10600.0000 34121806   47.92%
   7723  1286    11517.9137  8742    20352.0000    10600.0000 34182180   47.92%
   7724  1287    16127.0000  4205    20352.0000    10600.0000 34211620   47.92%
   7725  1288    16144.0000  4191    20352.0000    10600.0000 34224633   47.92%
   7726  1289    18624.0000  3287    20352.0000    10600.0000 34230790   47.92%
Elapsed time = 32248.79 sec. (32757004.96 ticks, tree = 40.32 MB, solutions = 2)
   7730  1292    19134.0000   328    20352.0000    10600.0000 34236736   47.92%
   7737  1295    19134.0000   241    20352.0000    10600.0000 34236887   47.92%
   7742  1296    10600.0000 10951    20352.0000    10600.0000 34270185   47.92%
   7743  1296    10674.0000 10426    20352.0000    10600.0000 34320898   47.92%
   7744  1297    10674.0000 11003    20352.0000    10600.0000 34356908   47.92%
   7745  1298    10674.0000 10537    20352.0000    10600.0000 34420077   47.92%
   7746  1299    10674.0000 10028    20352.0000    10600.0000 34458580   47.92%
   7747  1300    10674.0000 10548    20352.0000    10600.0000 34507525   47.92%
   7748  1301    16637.0000   819    20352.0000    10600.0000 34540553   47.92%
   7751  1300    10600.0000 10651    20352.0000    10600.0000 34634331   47.92%
Elapsed time = 32809.04 sec. (33076951.96 ticks, tree = 40.66 MB, solutions = 2)
   7752  1301    10600.0000 10667    20352.0000    10600.0000 34704079   47.92%
   7753  1302    10600.0000 10274    20352.0000    10600.0000 34756113   47.92%
   7754  1302    10844.0000  9514    20352.0000    10600.0000 34801654   47.92%
   7755  1303    10844.0000  9223    20352.0000    10600.0000 34821304   47.92%
   7757  1305    16240.0000  1169    20352.0000    10600.0000 34868202   47.92%
   7761  1307    16516.0000   281    20352.0000    10600.0000 34876473   47.92%
   7763  1309    16523.1989  1662    20352.0000    10600.0000 34876956   47.92%
   7771  1317    17098.0000   240    20352.0000    10600.0000 34877781   47.92%
   7799  1343    18021.0000    98    20352.0000    10600.0000 34878795   47.92%
   7819  1357        cutoff          20352.0000    10600.0000 34910351   47.92%
Elapsed time = 33214.51 sec. (33312008.27 ticks, tree = 42.61 MB, solutions = 2)
   7820  1358    10600.0000  9560    20352.0000    10600.0000 34979320   47.92%
   7821  1359    16070.0000  5021    20352.0000    10600.0000 35033395   47.92%
   7824  1361    16410.0000  1395    20352.0000    10600.0000 35055465   47.92%
   7829  1366    16728.0000   501    20352.0000    10600.0000 35064982   47.92%
   7833  1370    16728.0000   384    20352.0000    10600.0000 35071434   47.92%
   7837  1374    16728.0000   249    20352.0000    10600.0000 35071897   47.92%
   7842  1379    17174.0000   258    20352.0000    10600.0000 35072248   47.92%
   7849  1382    10600.0000  8002    20352.0000    10600.0000 35151030   47.92%
   7850  1383    10600.0000  8012    20352.0000    10600.0000 35186516   47.92%
   7851  1384    10600.0000  8600    20352.0000    10600.0000 35232466   47.92%
Elapsed time = 33506.67 sec. (33566991.91 ticks, tree = 43.38 MB, solutions = 2)
   7852  1385    10600.0000  7833    20352.0000    10600.0000 35268659   47.92%
   7853  1386    16410.0000  2728    20352.0000    10600.0000 35295601   47.92%
   7857  1386    infeasible          20352.0000    10600.0000 35306612   47.92%
   7860  1389    16410.0000  1619    20352.0000    10600.0000 35337783   47.92%
   7864  1393    17608.0000   247    20352.0000    10600.0000 35341168   47.92%
   7888  1412    10600.0000  7939    20352.0000    10600.0000 35366532   47.92%
   7889  1413    10600.0000  8150    20352.0000    10600.0000 35414206   47.92%
   7890  1414    10600.0000  7598    20352.0000    10600.0000 35446267   47.92%
   7891  1415    16686.0000  1845    20352.0000    10600.0000 35478282   47.92%
   7894  1416    16760.0000  1915    20352.0000    10600.0000 35480811   47.92%
Elapsed time = 33912.90 sec. (33795273.09 ticks, tree = 44.37 MB, solutions = 2)
   7896  1416    16760.0000  1911    20352.0000    10600.0000 35480923   47.92%
   7898  1418    16760.0000  1803    20352.0000    10600.0000 35484589   47.92%
   7903  1423    16824.0000   179    20352.0000    10600.0000 35484826   47.92%
   7935  1451    16686.0000  1955    20352.0000    10600.0000 35513046   47.92%
   7957  1468    infeasible          20352.0000    10600.0000 35517068   47.92%
   7959  1468    10600.0000  6583    20352.0000    10600.0000 35567775   47.92%
   7961  1467    12120.3667  6622    20352.0000    10600.0000 35619648   47.92%
   7963  1468    16410.0000  2433    20352.0000    10600.0000 35647079   47.92%
   7965  1470    16410.0000  1921    20352.0000    10600.0000 35649401   47.92%
   7967  1471    16439.5578  2541    20352.0000    10600.0000 35654540   47.92%
Elapsed time = 34143.56 sec. (34038012.37 ticks, tree = 46.25 MB, solutions = 2)
   7968  1472    16439.5578  2521    20352.0000    10600.0000 35654642   47.92%
   7975  1477    17608.0000   293    20352.0000    10600.0000 35655910   47.92%
   7990  1488    10600.0000  7063    20352.0000    10600.0000 35702828   47.92%
   7991  1487        cutoff          20352.0000    10600.0000 35768836   47.92%
   7992  1488    15957.0000  6166    20352.0000    10600.0000 35818828   47.92%
   7993  1489    15957.0000  6548    20352.0000    10600.0000 35836979   47.92%
   7995  1489    16240.0000  5392    20352.0000    10600.0000 35888942   47.92%
   7997  1489    16856.0000  3597    20352.0000    10600.0000 35921786   47.92%
   8000  1492    16856.0000  1816    20352.0000    10600.0000 35926673   47.92%
   8007  1497    17268.0000   288    20352.0000    10600.0000 35932878   47.92%
Elapsed time = 34368.32 sec. (34279765.54 ticks, tree = 47.08 MB, solutions = 2)
   8025  1515    17948.0000   120    20352.0000    10600.0000 35933486   47.92%
   8033  1520    10600.0000  8414    20352.0000    10600.0000 35988641   47.92%
   8034  1521    10608.8318  8627    20352.0000    10600.0000 36028586   47.92%
   8037  1524    16654.0000   323    20352.0000    10600.0000 36046890   47.92%
   8041  1526    16824.0000   325    20352.0000    10600.0000 36047376   47.92%
   8046  1528    17238.0000   281    20352.0000    10600.0000 36047541   47.92%
   8053  1535    17310.0000   255    20352.0000    10600.0000 36047748   47.92%
   8070  1549    18086.0000   225    20352.0000    10600.0000 36048713   47.92%
   8077  1552    16580.0000  2401    20352.0000    10600.0000 36079892   47.92%
   8086  1560    16994.0000   236    20352.0000    10600.0000 36086330   47.92%
Elapsed time = 34574.44 sec. (34485841.85 ticks, tree = 49.09 MB, solutions = 2)
   8097  1569    17260.0000   223    20352.0000    10600.0000 36086983   47.92%
   8106  1578    18280.0000   144    20352.0000    10600.0000 36087287   47.92%
   8121  1585    19046.0000   100    20352.0000    10600.0000 36087560   47.92%
   8129  1587    10600.0000 10601    20352.0000    10600.0000 36207241   47.92%
   8130  1588    13551.0000  8967    20352.0000    10600.0000 36263283   47.92%
   8131  1589    13834.0000  4103    20352.0000    10600.0000 36293002   47.92%
   8141  1599    16654.0000   293    20352.0000    10600.0000 36298178   47.92%
   8153  1609    infeasible          20352.0000    10600.0000 36303939   47.92%
   8155  1609    10600.0000  9625    20352.0000    10600.0000 36372762   47.92%
   8156  1610    10600.0000  9375    20352.0000    10600.0000 36422565   47.92%
Elapsed time = 35088.18 sec. (34784772.19 ticks, tree = 50.70 MB, solutions = 2)
   8157  1611    10600.0000  8967    20352.0000    10600.0000 36469591   47.92%
   8159  1611    10600.0000  9309    20352.0000    10600.0000 36525359   47.92%
   8160  1612    10600.0000  9180    20352.0000    10600.0000 36571644   47.92%
   8161  1613    16977.0000  2083    20352.0000    10600.0000 36611355   47.92%
   8162  1614    16824.0000  3378    20352.0000    10600.0000 36648651   47.92%
   8164  1616    16824.0000  1803    20352.0000    10600.0000 36651505   47.92%
   8168  1619    17164.0000   269    20352.0000    10600.0000 36654541   47.92%
   8182  1632    18000.0000   127    20352.0000    10600.0000 36656328   47.92%
   8190  1635    13211.0000  9465    20352.0000    10600.0000 36693877   47.92%
   8191  1636    14174.0000  4450    20352.0000    10600.0000 36705348   47.92%
Elapsed time = 35351.23 sec. (35064123.30 ticks, tree = 51.52 MB, solutions = 2)
   8192  1637    16654.0000  3213    20352.0000    10600.0000 36712457   47.92%
   8194  1639    16824.0000  2569    20352.0000    10600.0000 36719129   47.92%
   8195  1640    16824.0000  1769    20352.0000    10600.0000 36719539   47.92%
   8196  1641    16824.0000  1741    20352.0000    10600.0000 36719606   47.92%
   8205  1645    16994.0000   253    20352.0000    10600.0000 36721030   47.92%
   8216  1652    13551.0000  8019    20352.0000    10600.0000 36760261   47.92%
   8217  1653    14231.0000  4037    20352.0000    10600.0000 36785110   47.92%
   8219  1651    infeasible          20352.0000    10600.0000 36795478   47.92%
   8221  1653    16824.0000  2729    20352.0000    10600.0000 36822104   47.92%
   8223  1655    16824.0000  2870    20352.0000    10600.0000 36825390   47.92%
Elapsed time = 35686.75 sec. (35380393.46 ticks, tree = 52.11 MB, solutions = 2)
   8224  1656    17150.0000  2661    20352.0000    10600.0000 36828021   47.92%
   8225  1657    17150.0000  2642    20352.0000    10600.0000 36832218   47.92%
   8226  1658    17150.0000  1741    20352.0000    10600.0000 36833294   47.92%
   8227  1659    17150.0000  1775    20352.0000    10600.0000 36833600   47.92%
   8228  1660    17150.0000  1765    20352.0000    10600.0000 36833653   47.92%
   8229  1661    17490.0000  1776    20352.0000    10600.0000 36834820   47.92%
   8232  1658        cutoff          20352.0000    10600.0000 36907013   47.92%
   8233  1659    10770.0000 10241    20352.0000    10600.0000 36969178   47.92%
   8234  1660    10770.0000  8298    20352.0000    10600.0000 37008768   47.92%
   8236  1662    10770.0000  8739    20352.0000    10600.0000 37069514   47.92%
Elapsed time = 36005.10 sec. (35724212.13 ticks, tree = 52.31 MB, solutions = 2)
   8238  1664    10770.0000  8480    20352.0000    10600.0000 37120387   47.92%
   8239  1665    10770.0000  8403    20352.0000    10600.0000 37165298   47.92%
   8240  1664    infeasible          20352.0000    10600.0000 37184103   47.92%
   8241  1665    10770.0000  8601    20352.0000    10600.0000 37218709   47.92%
   8242  1666    10770.0000  9161    20352.0000    10600.0000 37256287   47.92%
   8244  1666    infeasible          20352.0000    10600.0000 37276281   47.92%
   8245  1667    10770.0000  8438    20352.0000    10600.0000 37307432   47.92%
   8246  1668    10770.0000  9608    20352.0000    10600.0000 37340435   47.92%
   8247  1669    10770.0000  8990    20352.0000    10600.0000 37368840   47.92%
   8248  1670    10770.0000  7549    20352.0000    10600.0000 37397071   47.92%
Elapsed time = 36228.61 sec. (35950817.51 ticks, tree = 52.48 MB, solutions = 2)
   8249  1670    16070.0000  6152    20352.0000    10600.0000 37415348   47.92%
   8250  1671    16070.0000  6221    20352.0000    10600.0000 37420764   47.92%
   8251  1672    16240.0000  5920    20352.0000    10600.0000 37429138   47.92%
   8254  1675    19676.0000  2531    20352.0000    10600.0000 37445059   47.92%
   8255  1676    19676.0000  2525    20352.0000    10600.0000 37445163   47.92%
   8256  1677    19676.0000  2518    20352.0000    10600.0000 37445204   47.92%
   8257  1678    19676.0000   331    20352.0000    10600.0000 37446006   47.92%
   8260  1681    19676.0000  1750    20352.0000    10600.0000 37447229   47.92%
   8262  1683    19676.2673  1689    20352.0000    10600.0000 37447641   47.92%
   8263  1684    19676.0000  1759    20352.0000    10600.0000 37449045   47.92%
Elapsed time = 36663.93 sec. (36379628.64 ticks, tree = 52.90 MB, solutions = 2)
   8267  1684    10600.0000 11638    20352.0000    10600.0000 37559279   47.92%
   8268  1685    10600.0000 12243    20352.0000    10600.0000 37632836   47.92%
   8269  1686    10600.0000 12186    20352.0000    10600.0000 37702990   47.92%
   8270  1687    10600.0000 11888    20352.0000    10600.0000 37746663   47.92%
   8271  1688    10600.0000 10984    20352.0000    10600.0000 37803699   47.92%
   8272  1688    13080.0000 10056    20352.0000    10600.0000 37855003   47.92%
   8274  1690    13080.0000  9570    20352.0000    10600.0000 37913810   47.92%
   8275  1691    18380.0000  6361    20352.0000    10600.0000 37936778   47.92%
   8276  1692    18437.0000  6180    20352.0000    10600.0000 37956264   47.92%
   8278  1694    18454.0000  3394    20352.0000    10600.0000 37971174   47.92%
Elapsed time = 37167.16 sec. (36869898.52 ticks, tree = 53.13 MB, solutions = 2)
   8280  1696    18550.0000  3283    20352.0000    10600.0000 37971377   47.92%
   8283  1699    18550.0000  1922    20352.0000    10600.0000 37972933   47.92%
   8322  1732    19556.0000    80    20352.0000    10600.0000 37974854   47.92%
   8331  1737    10600.0000  9360    20352.0000    10600.0000 38044121   47.92%
   8332  1738    10600.0000 10195    20352.0000    10600.0000 38078435   47.92%
   8333  1739    10600.0000 10105    20352.0000    10600.0000 38111113   47.92%
   8334  1740    15730.0000  8609    20352.0000    10600.0000 38134152   47.92%
   8335  1741    15787.0000  7459    20352.0000    10600.0000 38143522   47.92%
   8336  1742    18437.0000  7568    20352.0000    10600.0000 38161161   47.92%
   8337  1743    18437.0000  7379    20352.0000    10600.0000 38166122   47.92%
Elapsed time = 37640.19 sec. (37161971.07 ticks, tree = 54.65 MB, solutions = 2)
   8345  1747    18720.0000   230    20352.0000    10600.0000 38180389   47.92%
   8351  1749    13080.0000 10278    20352.0000    10600.0000 38233084   47.92%
   8352  1750    13137.0000  7396    20352.0000    10600.0000 38257426   47.92%
   8355  1753    18794.0000  1697    20352.0000    10600.0000 38281182   47.92%
   8363  1761    18794.0000   179    20352.0000    10600.0000 38281874   47.92%
   8370  1763    10600.0000  9490    20352.0000    10600.0000 38334282   47.92%
   8371  1764    18550.0000  7586    20352.0000    10600.0000 38352072   47.92%
   8372  1765    18550.0000  7117    20352.0000    10600.0000 38368894   47.92%
   8374  1767    18607.0000  7065    20352.0000    10600.0000 38381895   47.92%
   8387  1778    18624.0000   249    20352.0000    10600.0000 38394194   47.92%
Elapsed time = 38133.47 sec. (37459893.78 ticks, tree = 55.75 MB, solutions = 2)
   8391  1778    10600.0000  9390    20352.0000    10600.0000 38445640   47.92%
   8392  1778    18826.0000  7571    20352.0000    10600.0000 38466066   47.92%
   8393  1779    18826.0000  7583    20352.0000    10600.0000 38473540   47.92%
   8394  1780    18826.0000  6611    20352.0000    10600.0000 38481278   47.92%
   8395  1781    18826.0000  6682    20352.0000    10600.0000 38493469   47.92%
   8396  1782    18883.0000  6822    20352.0000    10600.0000 38498923   47.92%
   8397  1783    18826.0000  6745    20352.0000    10600.0000 38505843   47.92%
   8398  1784    18883.0000  6017    20352.0000    10600.0000 38518344   47.92%
   8400  1786    18900.0000   311    20352.0000    10600.0000 38528160   47.92%
   8419  1804    19410.0000   150    20352.0000    10600.0000 38529080   47.92%
Elapsed time = 38573.46 sec. (37856202.60 ticks, tree = 56.62 MB, solutions = 2)
   8421  1804    15974.8807  6342    20352.0000    10600.0000 38552872   47.92%
   8422  1805    16070.0000  3422    20352.0000    10600.0000 38560637   47.92%
   8423  1806    16070.0000  2707    20352.0000    10600.0000 38566484   47.92%
   8430  1813    16410.0000   410    20352.0000    10600.0000 38570876   47.92%
   8450  1824    infeasible          20352.0000    10600.0000 38572384   47.92%
   8451  1825    18550.0000  6264    20352.0000    10600.0000 38591427   47.92%
   8452  1826    18607.0000  6220    20352.0000    10600.0000 38596240   47.92%
   8453  1827    18607.0000  5832    20352.0000    10600.0000 38605715   47.92%
   8455  1829    18607.0000  3607    20352.0000    10600.0000 38615868   47.92%
   8483  1850    19570.0000   116    20352.0000    10600.0000 38624923   47.92%
Elapsed time = 38753.91 sec. (38047503.75 ticks, tree = 57.95 MB, solutions = 2)
   8486  1849    10600.0000 12188    20352.0000    10600.0000 38744957   47.92%
   8487  1850    10600.0000 11862    20352.0000    10600.0000 38806057   47.92%
   8488  1851    10600.0000 11112    20352.0000    10600.0000 38864368   47.92%
   8489  1852    10600.0000 11535    20352.0000    10600.0000 38898740   47.92%
   8490  1853    10827.0614  9919    20352.0000    10600.0000 38949828   47.92%
   8491  1854    13250.0000  9266    20352.0000    10600.0000 38987706   47.92%
   8492  1855    13250.0000  6732    20352.0000    10600.0000 39010536   47.92%
   8493  1856    13250.0000  6192    20352.0000    10600.0000 39020129   47.92%
   8494  1857    13259.7847  6408    20352.0000    10600.0000 39031723   47.92%
   8495  1858    13260.3622  6505    20352.0000    10600.0000 39035051   47.92%
Elapsed time = 39134.92 sec. (38500927.85 ticks, tree = 58.13 MB, solutions = 2)
   8496  1859    13834.0000  3288    20352.0000    10600.0000 39039454   47.92%
   8498  1861    18964.0000  1695    20352.0000    10600.0000 39047184   47.92%
   8499  1862    18964.0000  1693    20352.0000    10600.0000 39047185   47.92%
   8500  1863    18964.0000  1681    20352.0000    10600.0000 39047416   47.92%
   8501  1864    18964.0000  1670    20352.0000    10600.0000 39047450   47.92%
   8508  1871    18964.0000   216    20352.0000    10600.0000 39048590   47.92%
Starting limited solution polishing.
*  8528+ 1720                        19631.0000    10600.0000            46.00%
*  8528+ 1708                        19567.0000    10600.0000            45.83%
*  8528+ 1691                        19475.0000    10600.0000            45.57%
*  8528+ 1657                        19461.0000    10600.0000            45.53%
*  8528+ 1628                        19305.0000    10600.0000            45.09%
   8528  1628    19305.0000     0    19305.0000    10600.0000 39049501   45.09%
   8529  1629    10600.0000 11498    19305.0000    10600.0000 39101968   45.09%
   8530  1629    10600.0000 11300    19305.0000    10600.0000 39161261   45.09%
   8531  1630    10600.0000 10965    19305.0000    10600.0000 39221859   45.09%
Elapsed time = 39473.30 sec. (38845262.03 ticks, tree = 50.07 MB, solutions = 7)
   8533  1631    13250.0000  8655    19305.0000    10600.0000 39281508   45.09%
   8534  1632    13250.0000  8273    19305.0000    10600.0000 39298557   45.09%
   8535  1633    13930.0000  2376    19305.0000    10600.0000 39317446   45.09%
   8536  1634    16240.0000  2510    19305.0000    10600.0000 39325900   45.09%
   8537  1635    16314.0000  2535    19305.0000    10600.0000 39327765   45.09%
   8538  1636    16410.0000  2387    19305.0000    10600.0000 39330649   45.09%
   8545  1636    13250.0000  9867    19305.0000    10600.0000 39369549   45.09%
   8546  1636    13250.0000 10880    19305.0000    10600.0000 39391578   45.09%
   8547  1637    13250.0000 10693    19305.0000    10600.0000 39429893   45.09%
   8548  1638    13250.0000 10569    19305.0000    10600.0000 39471176   45.09%
Elapsed time = 39751.34 sec. (39154479.77 ticks, tree = 50.29 MB, solutions = 7)
   8549  1639    13250.0000 10836    19305.0000    10600.0000 39514295   45.09%
   8550  1639    13287.0000  8497    19305.0000    10600.0000 39549140   45.09%
   8551  1640    13287.0000  8091    19305.0000    10600.0000 39559956   45.09%
   8552  1641    13600.3451  6514    19305.0000    10600.0000 39581090   45.09%
   8553  1642    16078.1049  3960    19305.0000    10600.0000 39581611   45.09%
   8557  1645    16808.0000   359    19305.0000    10600.0000 39589204   45.09%
   8562  1648    infeasible          19305.0000    10600.0000 39592445   45.09%
   8579  1664    17318.0578   265    19305.0000    10600.0000 39597598   45.09%
   8582  1663    16240.0000   537    19305.0000    10600.0000 39639381   45.09%
   8589  1670    18720.0000   258    19305.0000    10600.0000 39646370   45.09%
Elapsed time = 40008.05 sec. (39426385.79 ticks, tree = 51.34 MB, solutions = 7)
   8596  1675    18890.0000   272    19305.0000    10600.0000 39648436   45.09%
   8602  1677    10600.0000  9866    19305.0000    10600.0000 39737654   45.09%
   8603  1678    10600.0000  9749    19305.0000    10600.0000 39778983   45.09%
   8604  1679    10600.0000  9776    19305.0000    10600.0000 39828052   45.09%
   8605  1680    10600.0000  9673    19305.0000    10600.0000 39872791   45.09%
   8606  1681    10600.0000  9086    19305.0000    10600.0000 39910523   45.09%
   8607  1682    10600.0000  9040    19305.0000    10600.0000 39947538   45.09%
   8608  1683    10600.0000  8426    19305.0000    10600.0000 39987136   45.09%
   8609  1684    10657.0000  8917    19305.0000    10600.0000 40019824   45.09%
   8611  1685    16882.0000  1883    19305.0000    10600.0000 40044917   45.09%
Elapsed time = 40250.93 sec. (39708275.26 ticks, tree = 51.76 MB, solutions = 7)
   8613  1687    17052.0000  1770    19305.0000    10600.0000 40045274   45.09%
   8614  1688    17052.0000  1770    19305.0000    10600.0000 40045276   45.09%
   8616  1690    17052.0000   320    19305.0000    10600.0000 40045632   45.09%
   8618  1691    17392.0000   293    19305.0000    10600.0000 40045759   45.09%
   8622  1695    17852.0000   223    19305.0000    10600.0000 40046456   45.09%
*  8628+ 1657                        19302.0000    10600.0000            45.08%
*  8628+ 1637                        19239.0000    10600.0000            44.90%
   8633  1641    13250.0000  7561    19239.0000    10600.0000 40074760   44.90%
   8634  1641    13250.0000  7514    19239.0000    10600.0000 40101096   44.90%
   8635  1642    13250.0000  7508    19239.0000    10600.0000 40110339   44.90%
   8636  1643    16144.0000  6135    19239.0000    10600.0000 40130028   44.90%
   8637  1644    16314.0000  4523    19239.0000    10600.0000 40137656   44.90%
Elapsed time = 40584.30 sec. (40020113.71 ticks, tree = 50.36 MB, solutions = 9)
   8638  1645    16314.0000  4411    19239.0000    10600.0000 40144258   44.90%
   8639  1646    16314.0000  4338    19239.0000    10600.0000 40144450   44.90%
   8640  1647    16314.0000  5277    19239.0000    10600.0000 40150555   44.90%
   8643  1650    16484.0000  1949    19239.0000    10600.0000 40155208   44.90%
   8646  1653    16484.0000  1899    19239.0000    10600.0000 40155336   44.90%
   8652  1659    16654.0000   369    19239.0000    10600.0000 40156524   44.90%
   8666  1673    17090.0000   244    19239.0000    10600.0000 40158505   44.90%
   8676  1683    17334.0000   149    19239.0000    10600.0000 40159071   44.90%
   8703  1709    18408.0000    44    19239.0000    10600.0000 40159467   44.90%
   8717  1718    15900.0000  7408    19239.0000    10600.0000 40190065   44.90%
Elapsed time = 40758.71 sec. (40201694.30 ticks, tree = 52.74 MB, solutions = 9)
   8718  1718    15900.0000  6499    19239.0000    10600.0000 40199453   44.90%
   8719  1719    15900.0000  6430    19239.0000    10600.0000 40206937   44.90%
   8720  1720    15900.0000  6394    19239.0000    10600.0000 40214032   44.90%
   8721  1721    15900.0000  6615    19239.0000    10600.0000 40220701   44.90%
   8722  1722    15900.0000  6376    19239.0000    10600.0000 40230374   44.90%
   8723  1723    15900.0000  6462    19239.0000    10600.0000 40238212   44.90%
   8724  1724    15900.0000  5614    19239.0000    10600.0000 40249875   44.90%
   8726  1726    16580.0000  5075    19239.0000    10600.0000 40263947   44.90%
*  8728+ 1712                        19229.0000    10600.0000            44.87%
*  8728+ 1381                        18630.0000    10600.0000            43.10%
*  8728+ 1325                        18577.0000    10600.0000            42.94%
*  8728+ 1297                        18546.0000    10600.0000            42.84%
   8729  1296    infeasible          18546.0000    10600.0000 40270291   42.84%
   8730  1297    16240.0000  5304    18546.0000    10600.0000 40296657   42.84%
Elapsed time = 40962.14 sec. (40438448.13 ticks, tree = 38.88 MB, solutions = 13)
   8731  1298    16240.0000  5209    18546.0000    10600.0000 40303664   42.84%
   8732  1299    16558.0000   435    18546.0000    10600.0000 40312222   42.84%
   8736  1303    16920.0000   306    18546.0000    10600.0000 40313466   42.84%
   8746  1311    17260.0000   212    18546.0000    10600.0000 40314807   42.84%
   8758  1317    10600.0000  9466    18546.0000    10600.0000 40372739   42.84%
   8759  1318    10600.0000  8683    18546.0000    10600.0000 40395821   42.84%
   8760  1319    15900.0000  7531    18546.0000    10600.0000 40423368   42.84%
   8761  1320    15900.0000  7770    18546.0000    10600.0000 40438827   42.84%
   8762  1321    15974.0000  6420    18546.0000    10600.0000 40450532   42.84%
   8764  1323    16956.0000  1867    18546.0000    10600.0000 40459157   42.84%
Elapsed time = 41247.65 sec. (40741160.37 ticks, tree = 39.72 MB, solutions = 13)
   8771  1324    10600.0000  8268    18546.0000    10600.0000 40509182   42.84%
   8772  1325    10600.0000  8910    18546.0000    10600.0000 40543078   42.84%
   8773  1326    10600.0000  8701    18546.0000    10600.0000 40572559   42.84%
   8774  1327    10600.0000  8926    18546.0000    10600.0000 40589741   42.84%
   8775  1328    13250.0000  7532    18546.0000    10600.0000 40615175   42.84%
   8777  1330    16314.0000  1898    18546.0000    10600.0000 40634342   42.84%
   8779  1331    16580.0000  1872    18546.0000    10600.0000 40637883   42.84%
   8780  1332    16580.0000  1837    18546.0000    10600.0000 40638062   42.84%
   8781  1333    16580.0000  1833    18546.0000    10600.0000 40638136   42.84%
   8782  1334    16580.0000  1813    18546.0000    10600.0000 40638176   42.84%
Elapsed time = 41602.72 sec. (41105232.87 ticks, tree = 40.02 MB, solutions = 13)
   8783  1335    16750.0000  1797    18546.0000    10600.0000 40638201   42.84%
   8785  1337    16750.0000  1768    18546.0000    10600.0000 40638243   42.84%
   8786  1338    16750.0000  1745    18546.0000    10600.0000 40638260   42.84%
   8787  1339    16750.0000  1711    18546.0000    10600.0000 40638342   42.84%
   8788  1340    16750.0000  1680    18546.0000    10600.0000 40638416   42.84%
   8789  1341    16750.0000   298    18546.0000    10600.0000 40638986   42.84%
   8796  1348    18192.0000   153    18546.0000    10600.0000 40640395   42.84%
   8804  1350    15900.0000  7003    18546.0000    10600.0000 40670618   42.84%
   8805  1351    15900.0000  6481    18546.0000    10600.0000 40689579   42.84%
   8806  1352    15900.0000  6084    18546.0000    10600.0000 40698029   42.84%
Elapsed time = 41962.06 sec. (41441685.65 ticks, tree = 40.64 MB, solutions = 13)
   8807  1353    15900.0000  6283    18546.0000    10600.0000 40715434   42.84%
   8808  1354    15900.0000  6207    18546.0000    10600.0000 40733432   42.84%
   8809  1355    15900.0000  6315    18546.0000    10600.0000 40739904   42.84%
   8810  1356    15900.0000  6214    18546.0000    10600.0000 40754074   42.84%
   8811  1356    16297.0000  2637    18546.0000    10600.0000 40766514   42.84%
   8812  1357    16410.0000  2564    18546.0000    10600.0000 40766925   42.84%
   8813  1358    16580.0000  1873    18546.0000    10600.0000 40768574   42.84%
   8814  1359    16580.0000  1900    18546.0000    10600.0000 40768646   42.84%
   8815  1360    16750.0000  1870    18546.0000    10600.0000 40768682   42.84%
   8816  1361    16750.0000  1804    18546.0000    10600.0000 40768753   42.84%
Elapsed time = 42299.71 sec. (41782171.34 ticks, tree = 40.88 MB, solutions = 13)
   8818  1363    16920.0000  1746    18546.0000    10600.0000 40768830   42.84%
   8819  1364    17068.0000  1706    18546.0000    10600.0000 40768839   42.84%
   8820  1365    17238.0000  1711    18546.0000    10600.0000 40768900   42.84%
   8821  1366    17238.0000  1724    18546.0000    10600.0000 40769133   42.84%
   8822  1367    17238.0000  1732    18546.0000    10600.0000 40769178   42.84%
   8823  1367    17238.0000  1732    18546.0000    10600.0000 40769216   42.84%
   8824  1367    17238.0000  1736    18546.0000    10600.0000 40769265   42.84%
   8825  1368    17238.0000  1725    18546.0000    10600.0000 40769281   42.84%
*  8828+ 1366                        18532.0000    10600.0000            42.80%
   8836  1376    17635.0000   237    18532.0000    10600.0000 40770400   42.80%
   8849  1388    18423.0000   173    18532.0000    10600.0000 40770649   42.80%
Elapsed time = 42534.34 sec. (42000589.68 ticks, tree = 41.87 MB, solutions = 14)
   8851  1387    13647.0000  7186    18532.0000    10600.0000 40802627   42.80%
   8853  1387    10827.0614  8464    18532.0000    10600.0000 40817942   42.80%
   8854  1388    13250.0000  7833    18532.0000    10600.0000 40842993   42.80%
   8855  1389    10827.0614  8531    18532.0000    10600.0000 40868401   42.80%
   8856  1390    13250.0000  7788    18532.0000    10600.0000 40887993   42.80%
   8857  1391    13250.0000  7269    18532.0000    10600.0000 40912335   42.80%
   8858  1392    13250.0000  6581    18532.0000    10600.0000 40931175   42.80%
   8860  1392    15900.0000  5190    18532.0000    10600.0000 40958871   42.80%
   8861  1393    16127.0614  2660    18532.0000    10600.0000 40962037   42.80%
   8864  1396    16882.0000   432    18532.0000    10600.0000 40964594   42.80%
Elapsed time = 42782.64 sec. (42299104.39 ticks, tree = 42.06 MB, solutions = 14)
   8867  1399    17052.0000   417    18532.0000    10600.0000 40965440   42.80%
   8873  1401    10600.0000  8665    18532.0000    10600.0000 41008493   42.80%
   8874  1402    10600.0000  8474    18532.0000    10600.0000 41024400   42.80%
   8875  1402    16070.0000  5949    18532.0000    10600.0000 41044421   42.80%
   8876  1403    16070.0000  5939    18532.0000    10600.0000 41051013   42.80%
   8877  1404    16070.0000  5205    18532.0000    10600.0000 41055817   42.80%
   8880  1406    17639.0000  1709    18532.0000    10600.0000 41063760   42.80%
   8891  1417    18149.0000   114    18532.0000    10600.0000 41064651   42.80%
   8898  1418    15900.0000  5345    18532.0000    10600.0000 41083878   42.80%
   8899  1419    16127.0614  2478    18532.0000    10600.0000 41087447   42.80%
Elapsed time = 43131.23 sec. (42632011.46 ticks, tree = 42.84 MB, solutions = 14)
   8904  1424    16750.0000   383    18532.0000    10600.0000 41090845   42.80%
   8911  1428    18022.0000   181    18532.0000    10600.0000 41093479   42.80%

GUB cover cuts applied:  164
Clique cuts applied:  20
Cover cuts applied:  1646
Implied bound cuts applied:  1763
Flow cuts applied:  525
Mixed integer rounding cuts applied:  1253
Zero-half cuts applied:  276
Gomory fractional cuts applied:  1

Root node processing (before b&c):
  Real time             = 2440.38 sec. (1535094.34 ticks)
Sequential b&c:
  Real time             = 40759.63 sec. (41160381.76 ticks)
                          ------------
Total (root+branch&cut) = 43200.02 sec. (42695476.10 ticks)
Feasible

>> Printing some results...
    -> Solution value = 18531 - 05:08:51
    -> Total time = 43200.02
    -> Gap value = 0.43

=============
Train 0
=============
> Trip 0
   0(time 800 - 00:13:20)(time 938 - 00:15:38) ->    1(time 1012 - 00:16:52)(time 1174 - 00:19:34) ->    2(time 1248 - 00:20:48)(time 1399 - 00:23:19) ->    3(time 1569 - 00:26:09)(time 1725 - 00:28:45) ->    4(time 2221 - 00:37:01)(time 2384 - 00:39:44) ->    5(time 2554 - 00:42:34)(time 2554 - 00:42:34) ->    11(time 2554 - 00:42:34)(time 2717 - 00:45:17) ->    10(time 2784 - 00:46:24)(time 2940 - 00:49:00) ->    9(time 3110 - 00:51:50)(time 3261 - 00:54:21) ->    8(time 3335 - 00:55:35)(time 3497 - 00:58:17) ->    7(time 3571 - 00:59:31)(time 3709 - 01:01:49) ->    6(time 3879 - 01:04:39)(time 3879 - 01:04:39) -> 0
> Trip 1
   0(time 3915 - 01:05:15)(time 4053 - 01:07:33) ->    1(time 4127 - 01:08:47)(time 4289 - 01:11:29) ->    2(time 4363 - 01:12:43)(time 4514 - 01:15:14) ->    3(time 4684 - 01:18:04)(time 4840 - 01:20:40) ->    4(time 5010 - 01:23:30)(time 5173 - 01:26:13) ->    5(time 5499 - 01:31:39)(time 5499 - 01:31:39) ->    11(time 5499 - 01:31:39)(time 5662 - 01:34:22) ->    10(time 5729 - 01:35:29)(time 5885 - 01:38:05) ->    9(time 6055 - 01:40:55)(time 6206 - 01:43:26) ->    8(time 6280 - 01:44:40)(time 6442 - 01:47:22) ->    7(time 6516 - 01:48:36)(time 6654 - 01:50:54) ->    6(time 6824 - 01:53:44)(time 6824 - 01:53:44) -> 0
> Trip 2
   0(time 6930 - 01:55:30)(time 7068 - 01:57:48) ->    1(time 7142 - 01:59:02)(time 7304 - 02:01:44) ->    2(time 7428 - 02:03:48)(time 7579 - 02:06:19) ->    3(time 7749 - 02:09:09)(time 7905 - 02:11:45) ->    4(time 7972 - 02:12:52)(time 8135 - 02:15:35) ->    5(time 8461 - 02:21:01)(time 8461 - 02:21:01) ->    11(time 8461 - 02:21:01)(time 8624 - 02:23:44) ->    10(time 8691 - 02:24:51)(time 8847 - 02:27:27) ->    9(time 9017 - 02:30:17)(time 9168 - 02:32:48) ->    8(time 9465 - 02:37:45)(time 9627 - 02:40:27) ->    7(time 9701 - 02:41:41)(time 9839 - 02:43:59) ->    6(time 10009 - 02:46:49)(time 10009 - 02:46:49) -> 0
> Trip 3
   0(time 10253 - 02:50:53)(time 10391 - 02:53:11) ->    1(time 10561 - 02:56:01)(time 10723 - 02:58:43) ->    2(time 10797 - 02:59:57)(time 10948 - 03:02:28) ->    3(time 11118 - 03:05:18)(time 11274 - 03:07:54) ->    4(time 11346 - 03:09:06)(time 11509 - 03:11:49) ->    5(time 11679 - 03:14:39)(time 11679 - 03:14:39) ->    11(time 11679 - 03:14:39)(time 11842 - 03:17:22) ->    10(time 11909 - 03:18:29)(time 12065 - 03:21:05) ->    9(time 12235 - 03:23:55)(time 12386 - 03:26:26) ->    8(time 12460 - 03:27:40)(time 12622 - 03:30:22) ->    7(time 12696 - 03:31:36)(time 12834 - 03:33:54) ->    6(time 13004 - 03:36:44)(time 13004 - 03:36:44) -> 0
> Trip 4
   0(time 13004 - 03:36:44)(time 13142 - 03:39:02) ->    1(time 13216 - 03:40:16)(time 13378 - 03:42:58) ->    2(time 13524 - 03:45:24)(time 13675 - 03:47:55) ->    3(time 13845 - 03:50:45)(time 14001 - 03:53:21) ->    4(time 14068 - 03:54:28)(time 14231 - 03:57:11) ->    5(time 14401 - 04:00:01)(time 14401 - 04:00:01) ->    11(time 14401 - 04:00:01)(time 14564 - 04:02:44) ->    10(time 14631 - 04:03:51)(time 14787 - 04:06:27) ->    9(time 14957 - 04:09:17)(time 15108 - 04:11:48) ->    8(time 15182 - 04:13:02)(time 15344 - 04:15:44) ->    7(time 15694 - 04:21:34)(time 15832 - 04:23:52) ->    6(time 16350 - 04:32:30)(time 16350 - 04:32:30) -> 0
=============
Train 1
=============
> Trip 0
   0(time 170 - 00:02:50)(time 308 - 00:05:08) ->    1(time 382 - 00:06:22)(time 544 - 00:09:04) ->    2(time 618 - 00:10:18)(time 769 - 00:12:49) ->    3(time 939 - 00:15:39)(time 1095 - 00:18:15) ->    4(time 1162 - 00:19:22)(time 1325 - 00:22:05) ->    5(time 1495 - 00:24:55)(time 1495 - 00:24:55) ->    11(time 1562 - 00:26:02)(time 1725 - 00:28:45) ->    10(time 1895 - 00:31:35)(time 2051 - 00:34:11) ->    9(time 2221 - 00:37:01)(time 2372 - 00:39:32) ->    8(time 2446 - 00:40:46)(time 2608 - 00:43:28) ->    7(time 2682 - 00:44:42)(time 2820 - 00:47:00) ->    6(time 2990 - 00:49:50)(time 2990 - 00:49:50) -> 0
> Trip 1
   0(time 3213 - 00:53:33)(time 3351 - 00:55:51) ->    1(time 3497 - 00:58:17)(time 3659 - 01:00:59) ->    2(time 3733 - 01:02:13)(time 3884 - 01:04:44) ->    3(time 4054 - 01:07:34)(time 4210 - 01:10:10) ->    4(time 4277 - 01:11:17)(time 4440 - 01:14:00) ->    5(time 4610 - 01:16:50)(time 4610 - 01:16:50) ->    11(time 4780 - 01:19:40)(time 4943 - 01:22:23) ->    10(time 5010 - 01:23:30)(time 5166 - 01:26:06) ->    9(time 5336 - 01:28:56)(time 5487 - 01:31:27) ->    8(time 5561 - 01:32:41)(time 5723 - 01:35:23) ->    7(time 5797 - 01:36:37)(time 5935 - 01:38:55) ->    6(time 6208 - 01:43:28)(time 6208 - 01:43:28) -> 0
> Trip 2
   0(time 6378 - 01:46:18)(time 6516 - 01:48:36) ->    1(time 6696 - 01:51:36)(time 6858 - 01:54:18) ->    2(time 6932 - 01:55:32)(time 7083 - 01:58:03) ->    3(time 7253 - 02:00:53)(time 7409 - 02:03:29) ->    4(time 7476 - 02:04:36)(time 7639 - 02:07:19) ->    5(time 7809 - 02:10:09)(time 7809 - 02:10:09) ->    11(time 7809 - 02:10:09)(time 7972 - 02:12:52) ->    10(time 8298 - 02:18:18)(time 8454 - 02:20:54) ->    9(time 8624 - 02:23:44)(time 8775 - 02:26:15) ->    8(time 8849 - 02:27:29)(time 9011 - 02:30:11) ->    7(time 9085 - 02:31:25)(time 9223 - 02:33:43) ->    6(time 9393 - 02:36:33)(time 9393 - 02:36:33) -> 0
> Trip 3
   0(time 10423 - 02:53:43)(time 10561 - 02:56:01) ->    1(time 10635 - 02:57:15)(time 10797 - 02:59:57) ->    2(time 10967 - 03:02:47)(time 11118 - 03:05:18) ->    3(time 11430 - 03:10:30)(time 11586 - 03:13:06) ->    4(time 11842 - 03:17:22)(time 12005 - 03:20:05) ->    5(time 12275 - 03:24:35)(time 12275 - 03:24:35) ->    11(time 12793 - 03:33:13)(time 12956 - 03:35:56) ->    10(time 13023 - 03:37:03)(time 13179 - 03:39:39) ->    9(time 13675 - 03:47:55)(time 13826 - 03:50:26) ->    8(time 13900 - 03:51:40)(time 14062 - 03:54:22) ->    7(time 14136 - 03:55:36)(time 14274 - 03:57:54) ->    6(time 14770 - 04:06:10)(time 14770 - 04:06:10) -> 0
> Trip 4
   0(time 15832 - 04:23:52)(time 15970 - 04:26:10) ->    1(time 16044 - 04:27:24)(time 16206 - 04:30:06) ->    2(time 16330 - 04:32:10)(time 16481 - 04:34:41) ->    3(time 16651 - 04:37:31)(time 16807 - 04:40:07) ->    4(time 16874 - 04:41:14)(time 17037 - 04:43:57) ->    5(time 17207 - 04:46:47)(time 17207 - 04:46:47) ->    11(time 17207 - 04:46:47)(time 17370 - 04:49:30) ->    10(time 17437 - 04:50:37)(time 17593 - 04:53:13) ->    9(time 17763 - 04:56:03)(time 17914 - 04:58:34) ->    8(time 17988 - 04:59:48)(time 18150 - 05:02:30) ->    7(time 18224 - 05:03:44)(time 18362 - 05:06:02) ->    6(time 18532 - 05:08:52)(time 18532 - 05:08:52) -> 0
=============
Train 2
=============
> Trip 0
   0(time 244 - 00:04:04)(time 382 - 00:06:22) ->    1(time 456 - 00:07:36)(time 618 - 00:10:18) ->    2(time 788 - 00:13:08)(time 939 - 00:15:39) ->    3(time 1109 - 00:18:29)(time 1265 - 00:21:05) ->    4(time 1332 - 00:22:12)(time 1495 - 00:24:55) ->    5(time 1888 - 00:31:28)(time 1888 - 00:31:28) ->    11(time 1888 - 00:31:28)(time 2051 - 00:34:11) ->    10(time 2118 - 00:35:18)(time 2274 - 00:37:54) ->    9(time 2444 - 00:40:44)(time 2595 - 00:43:15) ->    8(time 2669 - 00:44:29)(time 2831 - 00:47:11) ->    7(time 2905 - 00:48:25)(time 3043 - 00:50:43) ->    6(time 3213 - 00:53:33)(time 3213 - 00:53:33) -> 0
> Trip 1
   0(time 4085 - 01:08:05)(time 4223 - 01:10:23) ->    1(time 4297 - 01:11:37)(time 4459 - 01:14:19) ->    2(time 4533 - 01:15:33)(time 4684 - 01:18:04) ->    3(time 4854 - 01:20:54)(time 5010 - 01:23:30) ->    4(time 5336 - 01:28:56)(time 5499 - 01:31:39) ->    5(time 5753 - 01:35:53)(time 5753 - 01:35:53) ->    11(time 5753 - 01:35:53)(time 5916 - 01:38:36) ->    10(time 5983 - 01:39:43)(time 6139 - 01:42:19) ->    9(time 6309 - 01:45:09)(time 6460 - 01:47:40) ->    8(time 6534 - 01:48:54)(time 6696 - 01:51:36) ->    7(time 6792 - 01:53:12)(time 6930 - 01:55:30) ->    6(time 7100 - 01:58:20)(time 7100 - 01:58:20) -> 0
> Trip 2
   0(time 7100 - 01:58:20)(time 7238 - 02:00:38) ->    1(time 7312 - 02:01:52)(time 7474 - 02:04:34) ->    2(time 7651 - 02:07:31)(time 7802 - 02:10:02) ->    3(time 7972 - 02:12:52)(time 8128 - 02:15:28) ->    4(time 8298 - 02:18:18)(time 8461 - 02:21:01) ->    5(time 8631 - 02:23:51)(time 8631 - 02:23:51) ->    11(time 8787 - 02:26:27)(time 8950 - 02:29:10) ->    10(time 9017 - 02:30:17)(time 9173 - 02:32:53) ->    9(time 9343 - 02:35:43)(time 9494 - 02:38:14) ->    8(time 9635 - 02:40:35)(time 9797 - 02:43:17) ->    7(time 9871 - 02:44:31)(time 10009 - 02:46:49) ->    6(time 10179 - 02:49:39)(time 10179 - 02:49:39) -> 0
> Trip 3
   0(time 10179 - 02:49:39)(time 10317 - 02:51:57) ->    1(time 10391 - 02:53:11)(time 10553 - 02:55:53) ->    2(time 10627 - 02:57:07)(time 10778 - 02:59:38) ->    3(time 10948 - 03:02:28)(time 11104 - 03:05:04) ->    4(time 11176 - 03:06:16)(time 11339 - 03:08:59) ->    5(time 11509 - 03:11:49)(time 11509 - 03:11:49) ->    11(time 11509 - 03:11:49)(time 11672 - 03:14:32) ->    10(time 11739 - 03:15:39)(time 11895 - 03:18:15) ->    9(time 12065 - 03:21:05)(time 12216 - 03:23:36) ->    8(time 12290 - 03:24:50)(time 12452 - 03:27:32) ->    7(time 12526 - 03:28:46)(time 12664 - 03:31:04) ->    6(time 12834 - 03:33:54)(time 12834 - 03:33:54) -> 0
> Trip 4
   0(time 12906 - 03:35:06)(time 13044 - 03:37:24) ->    1(time 13118 - 03:38:38)(time 13280 - 03:41:20) ->    2(time 13354 - 03:42:34)(time 13505 - 03:45:05) ->    3(time 13675 - 03:47:55)(time 13831 - 03:50:31) ->    4(time 13898 - 03:51:38)(time 14061 - 03:54:21) ->    5(time 14231 - 03:57:11)(time 14231 - 03:57:11) ->    11(time 14231 - 03:57:11)(time 14394 - 03:59:54) ->    10(time 14461 - 04:01:01)(time 14617 - 04:03:37) ->    9(time 14787 - 04:06:27)(time 14938 - 04:08:58) ->    8(time 15012 - 04:10:12)(time 15174 - 04:12:54) ->    7(time 15248 - 04:14:08)(time 15386 - 04:16:26) ->    6(time 15556 - 04:19:16)(time 15556 - 04:19:16) -> 0
> Trip 5
   0(time 15556 - 04:19:16)(time 15694 - 04:21:34) ->    1(time 15768 - 04:22:48)(time 15930 - 04:25:30) ->    2(time 16004 - 04:26:44)(time 16155 - 04:29:15) ->    3(time 16325 - 04:32:05)(time 16481 - 04:34:41) ->    4(time 16548 - 04:35:48)(time 16711 - 04:38:31) ->    5(time 17037 - 04:43:57)(time 17037 - 04:43:57) ->    11(time 17037 - 04:43:57)(time 17200 - 04:46:40) ->    10(time 17267 - 04:47:47)(time 17423 - 04:50:23) ->    9(time 17593 - 04:53:13)(time 17744 - 04:55:44) ->    8(time 17818 - 04:56:58)(time 17980 - 04:59:40) ->    7(time 18054 - 05:00:54)(time 18192 - 05:03:12) ->    6(time 18362 - 05:06:02)(time 18362 - 05:06:02) -> 0
=============
Train 3
=============
> Trip 0
   0(time 630 - 00:10:30)(time 768 - 00:12:48) ->    1(time 842 - 00:14:02)(time 1004 - 00:16:44) ->    2(time 1078 - 00:17:58)(time 1229 - 00:20:29) ->    3(time 1399 - 00:23:19)(time 1555 - 00:25:55) ->    4(time 1725 - 00:28:45)(time 1888 - 00:31:28) ->    5(time 2058 - 00:34:18)(time 2058 - 00:34:18) ->    11(time 2058 - 00:34:18)(time 2221 - 00:37:01) ->    10(time 2288 - 00:38:08)(time 2444 - 00:40:44) ->    9(time 2614 - 00:43:34)(time 2765 - 00:46:05) ->    8(time 2839 - 00:47:19)(time 3001 - 00:50:01) ->    7(time 3075 - 00:51:15)(time 3213 - 00:53:33) ->    6(time 3383 - 00:56:23)(time 3383 - 00:56:23) -> 0
> Trip 1
   0(time 3433 - 00:57:13)(time 3571 - 00:59:31) ->    1(time 3837 - 01:03:57)(time 3999 - 01:06:39) ->    2(time 4073 - 01:07:53)(time 4224 - 01:10:24) ->    3(time 4394 - 01:13:14)(time 4550 - 01:15:50) ->    4(time 4617 - 01:16:57)(time 4780 - 01:19:40) ->    5(time 4950 - 01:22:30)(time 4950 - 01:22:30) ->    11(time 5173 - 01:26:13)(time 5336 - 01:28:56) ->    10(time 5403 - 01:30:03)(time 5559 - 01:32:39) ->    9(time 5729 - 01:35:29)(time 5880 - 01:38:00) ->    8(time 6004 - 01:40:04)(time 6166 - 01:42:46) ->    7(time 6240 - 01:44:00)(time 6378 - 01:46:18) ->    6(time 6654 - 01:50:54)(time 6654 - 01:50:54) -> 0
> Trip 2
   0(time 7373 - 02:02:53)(time 7511 - 02:05:11) ->    1(time 7585 - 02:06:25)(time 7747 - 02:09:07) ->    2(time 7821 - 02:10:21)(time 7972 - 02:12:52) ->    3(time 8142 - 02:15:42)(time 8298 - 02:18:18) ->    4(time 8624 - 02:23:44)(time 8787 - 02:26:27) ->    5(time 8957 - 02:29:17)(time 8957 - 02:29:17) ->    11(time 8957 - 02:29:17)(time 9120 - 02:32:00) ->    10(time 9187 - 02:33:07)(time 9343 - 02:35:43) ->    9(time 9513 - 02:38:33)(time 9664 - 02:41:04) ->    8(time 9738 - 02:42:18)(time 9900 - 02:45:00) ->    7(time 10041 - 02:47:21)(time 10179 - 02:49:39) ->    6(time 10697 - 02:58:17)(time 10697 - 02:58:17) -> 0
> Trip 3
   0(time 11001 - 03:03:21)(time 11139 - 03:05:39) ->    1(time 11213 - 03:06:53)(time 11375 - 03:09:35) ->    2(time 11449 - 03:10:49)(time 11600 - 03:13:20) ->    3(time 12118 - 03:21:58)(time 12274 - 03:24:34) ->    4(time 12630 - 03:30:30)(time 12793 - 03:33:13) ->    5(time 13239 - 03:40:39)(time 13239 - 03:40:39) ->    11(time 13239 - 03:40:39)(time 13402 - 03:43:22) ->    10(time 13519 - 03:45:19)(time 13675 - 03:47:55) ->    9(time 14171 - 03:56:11)(time 14322 - 03:58:42) ->    8(time 14396 - 03:59:56)(time 14558 - 04:02:38) ->    7(time 14632 - 04:03:52)(time 14770 - 04:06:10) ->    6(time 14940 - 04:09:00)(time 14940 - 04:09:00) -> 0
=============
Train 4
=============
> Trip 0
   0(time 0 - 00:00:00)(time 138 - 00:02:18) ->    1(time 212 - 00:03:32)(time 374 - 00:06:14) ->    2(time 448 - 00:07:28)(time 599 - 00:09:59) ->    3(time 769 - 00:12:49)(time 925 - 00:15:25) ->    4(time 992 - 00:16:32)(time 1155 - 00:19:15) ->    5(time 1325 - 00:22:05)(time 1325 - 00:22:05) ->    11(time 1495 - 00:24:55)(time 1658 - 00:27:38) ->    10(time 1725 - 00:28:45)(time 1881 - 00:31:21) ->    9(time 2051 - 00:34:11)(time 2202 - 00:36:42) ->    8(time 2276 - 00:37:56)(time 2438 - 00:40:38) ->    7(time 2512 - 00:41:52)(time 2650 - 00:44:10) ->    6(time 2820 - 00:47:00)(time 2820 - 00:47:00) -> 0
> Trip 1
   0(time 3359 - 00:55:59)(time 3497 - 00:58:17) ->    1(time 3571 - 00:59:31)(time 3733 - 01:02:13) ->    2(time 3903 - 01:05:03)(time 4054 - 01:07:34) ->    3(time 4224 - 01:10:24)(time 4380 - 01:13:00) ->    4(time 4447 - 01:14:07)(time 4610 - 01:16:50) ->    5(time 4780 - 01:19:40)(time 4780 - 01:19:40) ->    11(time 4847 - 01:20:47)(time 5010 - 01:23:30) ->    10(time 5180 - 01:26:20)(time 5336 - 01:28:56) ->    9(time 5506 - 01:31:46)(time 5657 - 01:34:17) ->    8(time 5834 - 01:37:14)(time 5996 - 01:39:56) ->    7(time 6070 - 01:41:10)(time 6208 - 01:43:28) ->    6(time 6378 - 01:46:18)(time 6378 - 01:46:18) -> 0
> Trip 2
   0(time 6654 - 01:50:54)(time 6792 - 01:53:12) ->    1(time 6866 - 01:54:26)(time 7028 - 01:57:08) ->    2(time 7102 - 01:58:22)(time 7253 - 02:00:53) ->    3(time 7423 - 02:03:43)(time 7579 - 02:06:19) ->    4(time 7646 - 02:07:26)(time 7809 - 02:10:09) ->    5(time 8135 - 02:15:35)(time 8135 - 02:15:35) ->    11(time 8135 - 02:15:35)(time 8298 - 02:18:18) ->    10(time 8468 - 02:21:08)(time 8624 - 02:23:44) ->    9(time 8794 - 02:26:34)(time 8945 - 02:29:05) ->    8(time 9019 - 02:30:19)(time 9181 - 02:33:01) ->    7(time 9255 - 02:34:15)(time 9393 - 02:36:33) ->    6(time 9563 - 02:39:23)(time 9563 - 02:39:23) -> 0
> Trip 3
   0(time 9563 - 02:39:23)(time 9701 - 02:41:41) ->    1(time 9900 - 02:45:00)(time 10062 - 02:47:42) ->    2(time 10136 - 02:48:56)(time 10287 - 02:51:27) ->    3(time 10457 - 02:54:17)(time 10613 - 02:56:53) ->    4(time 10680 - 02:58:00)(time 10843 - 03:00:43) ->    5(time 11013 - 03:03:33)(time 11013 - 03:03:33) ->    11(time 11013 - 03:03:33)(time 11176 - 03:06:16) ->    10(time 11274 - 03:07:54)(time 11430 - 03:10:30) ->    9(time 11600 - 03:13:20)(time 11751 - 03:15:51) ->    8(time 11825 - 03:17:05)(time 11987 - 03:19:47) ->    7(time 12061 - 03:21:01)(time 12199 - 03:23:19) ->    6(time 12369 - 03:26:09)(time 12369 - 03:26:09) -> 0
> Trip 4
   0(time 12369 - 03:26:09)(time 12507 - 03:28:27) ->    1(time 12622 - 03:30:22)(time 12784 - 03:33:04) ->    2(time 12858 - 03:34:18)(time 13009 - 03:36:49) ->    3(time 13179 - 03:39:39)(time 13335 - 03:42:15) ->    4(time 13402 - 03:43:22)(time 13565 - 03:46:05) ->    5(time 13735 - 03:48:55)(time 13735 - 03:48:55) ->    11(time 13735 - 03:48:55)(time 13898 - 03:51:38) ->    10(time 14015 - 03:53:35)(time 14171 - 03:56:11) ->    9(time 14341 - 03:59:01)(time 14492 - 04:01:32) ->    8(time 14566 - 04:02:46)(time 14728 - 04:05:28) ->    7(time 14802 - 04:06:42)(time 14940 - 04:09:00) ->    6(time 15110 - 04:11:50)(time 15110 - 04:11:50) -> 0
> Trip 5
   0(time 15110 - 04:11:50)(time 15248 - 04:14:08) ->    1(time 15344 - 04:15:44)(time 15506 - 04:18:26) ->    2(time 15580 - 04:19:40)(time 15731 - 04:22:11) ->    3(time 15901 - 04:25:01)(time 16057 - 04:27:37) ->    4(time 16124 - 04:28:44)(time 16287 - 04:31:27) ->    5(time 16457 - 04:34:17)(time 16457 - 04:34:17) ->    11(time 16711 - 04:38:31)(time 16874 - 04:41:14) ->    10(time 16941 - 04:42:21)(time 17097 - 04:44:57) ->    9(time 17423 - 04:50:23)(time 17574 - 04:52:54) ->    8(time 17648 - 04:54:08)(time 17810 - 04:56:50) ->    7(time 17884 - 04:58:04)(time 18022 - 05:00:22) ->    6(time 18192 - 05:03:12)(time 18192 - 05:03:12) -> 0
