t5p7r2h2.txt:
   > Trying to open the instance file...
   > Reading number of trains...
   > Reading maximum number of trips per train...
   > Reading time intervals...
   > Reading number of points...
   > Reading stations...
   > Reading crossings...
   > Reading depots...
   > Reading initial point...
   > Reading routes...
   > Reading distance and distance and service...
   > Reading demands...
   > Reading maximum time...
   > Reading alpha...

--------------------------------
 Printing instance
--------------------------------
number of trains = 5
	max trips per trains: 6     6     6     6     6
number of intervals = 2
	(0,  17825)	(17826,  35651)
number of points = 7
	initial point: 6
	stations: 0     1     2     3     5     6
	crossings: 0     1     3     4     6
	depots: 0     6
number of vertices = 14
	total vertices: 0     1     2     3     4     5     6     7     8     9    10    11    12    13
	upper vertices: 0     1     2     3     4     5     6
	lower vertices: 7     8     9    10    11    12    13
	vertices of point #0: (0, 7)
	vertices of point #1: (1, 8)
	vertices of point #2: (2, 9)
	vertices of point #3: (3, 10)
	vertices of point #4: (4, 11)
	vertices of point #5: (5, 12)
	vertices of point #6: (6, 13)

arcs...
	total arcs: 
		arc #0: (0, 1)
		arc #1: (0, 7)
		arc #2: (7, 0)
		arc #3: (1, 2)
		arc #4: (8, 7)
		arc #5: (2, 3)
		arc #6: (9, 8)
		arc #7: (3, 4)
		arc #8: (10, 9)
		arc #9: (4, 5)
		arc #10: (11, 10)
		arc #11: (5, 6)
		arc #12: (12, 11)
		arc #13: (13, 12)
		arc #14: (6, 13)
		arc #15: (13, 6)

	reverse arcs: 
		arc #1: (0, 7)
		arc #2: (7, 0)
		arc #14: (6, 13)
		arc #15: (13, 6)


incompatible points...
	(0, 0, 8, (0, 1))	(8, 8, 0, (8, 7))	(1, 2, 10, (2, 3))	(10, 9, 1, (9, 8))	(3, 3, 11, (3, 4))	(11, 11, 3, (11, 10))	(4, 5, 13, (5, 6))	(13, 12, 4, (12, 11))

number of routes = 2
vertices of routes...
	route #0: 0     1     2     3     4     5     6    13    12    11    10     9     8     7     0
	route #1: 13    12    11    10     9     8     7     0     1     2     3     4     5     6    13
arcs of routes...
	route #0: 0     3     5     7     9    11    14    13    12    10     8     6     4     2
	route #1: 13    12    10     8     6     4     2     0     3     5     7     9    11    14

incompatible routes...
	(0, 1)    	(1, 0)

vertices that can be adjacent in consecutive trips...
	(0, 0)    	(13, 13)
non cyclical routes: 


routes of trip...
	routes that train #0 can complete at trip #0: 1
	routes that train #0 can complete at trip #1: 0       1
	routes that train #0 can complete at trip #2: 0       1
	routes that train #0 can complete at trip #3: 0       1
	routes that train #0 can complete at trip #4: 0       1
	routes that train #0 can complete at trip #5: 0       1

	routes that train #1 can complete at trip #0: 1
	routes that train #1 can complete at trip #1: 0       1
	routes that train #1 can complete at trip #2: 0       1
	routes that train #1 can complete at trip #3: 0       1
	routes that train #1 can complete at trip #4: 0       1
	routes that train #1 can complete at trip #5: 0       1

	routes that train #2 can complete at trip #0: 1
	routes that train #2 can complete at trip #1: 0       1
	routes that train #2 can complete at trip #2: 0       1
	routes that train #2 can complete at trip #3: 0       1
	routes that train #2 can complete at trip #4: 0       1
	routes that train #2 can complete at trip #5: 0       1

	routes that train #3 can complete at trip #0: 1
	routes that train #3 can complete at trip #1: 0       1
	routes that train #3 can complete at trip #2: 0       1
	routes that train #3 can complete at trip #3: 0       1
	routes that train #3 can complete at trip #4: 0       1
	routes that train #3 can complete at trip #5: 0       1

	routes that train #4 can complete at trip #0: 1
	routes that train #4 can complete at trip #1: 0       1
	routes that train #4 can complete at trip #2: 0       1
	routes that train #4 can complete at trip #3: 0       1
	routes that train #4 can complete at trip #4: 0       1
	routes that train #4 can complete at trip #5: 0       1

 cost...
	arc #0 [0][1]: 201
	arc #1 [0][7]: 0
	arc #2 [7][0]: 0
	arc #3 [1][2]: 213
	arc #4 [8][7]: 201
	arc #5 [2][3]: 186
	arc #6 [9][8]: 213
	arc #7 [3][4]: 187
	arc #8 [10][9]: 186
	arc #9 [4][5]: 219
	arc #10 [11][10]: 187
	arc #11 [5][6]: 184
	arc #12 [12][11]: 219
	arc #13 [13][12]: 184
	arc #14 [6][13]: 0
	arc #15 [13][6]: 0

cost with minimum service...
	arc #0 [0][1]: 263
	arc #1 [0][7]: 0
	arc #2 [7][0]: 0
	arc #3 [1][2]: 275
	arc #4 [8][7]: 372
	arc #5 [2][3]: 248
	arc #6 [9][8]: 275
	arc #7 [3][4]: 222
	arc #8 [10][9]: 248
	arc #9 [4][5]: 281
	arc #10 [11][10]: 249
	arc #11 [5][6]: 355
	arc #12 [12][11]: 254
	arc #13 [13][12]: 246
	arc #14 [6][13]: 0
	arc #15 [13][6]: 0

cost with maximum service...
	arc #0 [0][1]: 692
	arc #1 [0][7]: 491
	arc #2 [7][0]: 491
	arc #3 [1][2]: 704
	arc #4 [8][7]: 692
	arc #5 [2][3]: 677
	arc #6 [9][8]: 704
	arc #7 [3][4]: 678
	arc #8 [10][9]: 677
	arc #9 [4][5]: 710
	arc #10 [11][10]: 678
	arc #11 [5][6]: 675
	arc #12 [12][11]: 710
	arc #13 [13][12]: 675
	arc #14 [6][13]: 491
	arc #15 [13][6]: 491

demands...
	demands of vertex 0 at time interval: 14    14
	demands of vertex 1 at time interval: 14    14
	demands of vertex 2 at time interval: 14    14
	demands of vertex 3 at time interval: 14    14
	demands of vertex 4 at time interval: 0     0
	demands of vertex 5 at time interval: 14    14
	demands of vertex 6 at time interval: 0     0
	demands of vertex 7 at time interval: 0     0
	demands of vertex 8 at time interval: 14    14
	demands of vertex 9 at time interval: 14    14
	demands of vertex 10 at time interval: 14    14
	demands of vertex 11 at time interval: 0     0
	demands of vertex 12 at time interval: 14    14
	demands of vertex 13 at time interval: 14    14

maximum time = 35651
alpha = 59

>> Solving...
Version identifier: 20.1.0.0 | 2020-11-10 | 9bedb6d68
CPXPARAM_Threads                                 1
CPXPARAM_TimeLimit                               43200
Tried aggregator 8 times.
Aggregator has done 480 substitutions...
MIP Presolve eliminated 164059 rows and 36205 columns.
MIP Presolve modified 361535 coefficients.
Aggregator did 480 substitutions.
Reduced MIP has 302410 rows, 106771 columns, and 748440 nonzeros.
Reduced MIP has 105990 binaries, 0 generals, 0 SOSs, and 0 indicators.
Presolve time = 18.66 sec. (12149.03 ticks)
Probing fixed 40 vars, tightened 515 bounds.
Probing time = 4.24 sec. (3228.33 ticks)
Tried aggregator 1 time.
Detecting symmetries...
Elapsed time for symmetry detection = 4.31 sec. (10000.03 ticks)
Elapsed time for symmetry detection = 8.43 sec. (20004.01 ticks)
Elapsed time for symmetry detection = 12.56 sec. (30007.97 ticks)
Elapsed time for symmetry detection = 16.66 sec. (40011.91 ticks)
Found 2.459925e+88023 symmetric permutations.
MIP Presolve eliminated 80 rows and 80 columns.
MIP Presolve modified 37050 coefficients.
Reduced MIP has 302330 rows, 106691 columns, and 748215 nonzeros.
Reduced MIP has 105910 binaries, 0 generals, 0 SOSs, and 0 indicators.
Presolve time = 24.13 sec. (48985.33 ticks)
Probing fixed 0 vars, tightened 162 bounds.
Probing time = 1.93 sec. (1265.71 ticks)
Clique table members: 480687.
MIP emphasis: balance optimality and feasibility.
MIP search method: dynamic search.
Parallel mode: none, using 1 thread.
Root relaxation solution time = 89.32 sec. (55773.80 ticks)

        Nodes                                         Cuts/
   Node  Left     Objective  IInf  Best Integer    Best Bound    ItCnt     Gap

      0     0     8143.6679 41877                   8143.6679   108242         
      0     0     9097.5089 42346                  Cuts: 9921   114832         
      0     0     9609.7911 42406                  Cuts: 6355   119505         
      0     0     9640.9560 42754                  Cuts: 5373   121578         
      0     0     9681.3285 42787                  Cuts: 2320   124655         
      0     0     9681.9718 42810                  Cuts: 1950   125207         

Repeating presolve.
Tried aggregator 1 time.
MIP Presolve eliminated 221400 rows and 88560 columns.
MIP Presolve modified 11538 coefficients.
Reduced MIP has 80930 rows, 18131 columns, and 216855 nonzeros.
Reduced MIP has 17350 binaries, 0 generals, 0 SOSs, and 0 indicators.
Presolve time = 1.50 sec. (1559.05 ticks)
Probing fixed 0 vars, tightened 54 bounds.
Probing time = 0.19 sec. (243.75 ticks)
Tried aggregator 1 time.
Detecting symmetries...
MIP Presolve modified 3660 coefficients.
Reduced MIP has 80930 rows, 18131 columns, and 216855 nonzeros.
Reduced MIP has 17350 binaries, 0 generals, 0 SOSs, and 0 indicators.
Presolve time = 0.81 sec. (677.81 ticks)
Represolve time = 2.89 sec. (2579.34 ticks)
Probing fixed 0 vars, tightened 20 bounds.
Probing time = 0.11 sec. (147.70 ticks)
Clique table members: 126447.
MIP emphasis: balance optimality and feasibility.
MIP search method: dynamic search.
Parallel mode: none, using 1 thread.
Root relaxation solution time = 6.14 sec. (7175.01 ticks)

        Nodes                                         Cuts/
   Node  Left     Objective  IInf  Best Integer    Best Bound    ItCnt     Gap

      0     0     9681.9718  8913                   9681.9718   142757         
      0     0     9681.9718  8640                   Cuts: 957   143104         
      0     0     9681.9718  8769                  Cuts: 6420   143663         
      0     0     9681.9718  8789                  Cuts: 3171   144238         
*     0+    0                        32347.0000     9681.9718            70.07%
*     0+    0                        32072.0000     9681.9718            69.81%
      0     0  -1.00000e+75     0    32072.0000     9681.9718   144238   69.81%
      0     2     9685.6891  8549    32072.0000     9864.0000   144307   69.24%
Elapsed time = 510.92 sec. (337842.35 ticks, tree = 0.01 MB, solutions = 2)
      2     2     9864.0000  7831    32072.0000     9864.0000   161178   69.24%
      3     3    10516.4292  6988    32072.0000     9864.0000   190640   69.24%
      4     4     9864.0000  7819    32072.0000     9864.0000   205839   69.24%
      5     5    13152.0000  8411    32072.0000     9864.0000   226427   69.24%
      6     6     9864.0000  7642    32072.0000     9864.0000   244553   69.24%
      7     7     9864.0000  7571    32072.0000     9864.0000   264123   69.24%
      8     8    24757.0000  1660    32072.0000     9864.0000   277157   69.24%
     10    10    21451.2861  5008    32072.0000     9864.0000   286687   69.24%
     11    11     9864.0000  7565    32072.0000     9864.0000   301749   69.24%
     12    12     9864.0000  7573    32072.0000     9864.0000   312530   69.24%
Elapsed time = 572.78 sec. (416774.02 ticks, tree = 0.16 MB, solutions = 2)
     14    14    16440.0000  6703    32072.0000     9864.0000   330744   69.24%
     15    15    18991.4433  5592    32072.0000     9864.0000   339158   69.24%
     16    14        cutoff          32072.0000     9864.0000   347576   69.24%
     19    17    21469.0000  5780    32072.0000     9864.0000   348218   69.24%
     21    19    18991.4433  5538    32072.0000     9864.0000   348269   69.24%
     25    23    24757.0000  4550    32072.0000     9864.0000   349532   69.24%
     26    22        cutoff          32072.0000     9864.0000   354433   69.24%
     60    56    24757.0000  3825    32072.0000     9864.0000   354957   69.24%
     79    73    24757.0000  3753    32072.0000     9864.0000   355753   69.24%
     80    74    24757.0000  3739    32072.0000     9864.0000   355891   69.24%
Elapsed time = 589.47 sec. (438994.92 ticks, tree = 4.01 MB, solutions = 2)
     92    86    24757.0000  5051    32072.0000     9864.0000   370627   69.24%
     97    85     9864.0000  7702    32072.0000     9864.0000   396992   69.24%
     98    86    13152.0000  8424    32072.0000     9864.0000   409838   69.24%
     99    87    24757.0000  1445    32072.0000     9864.0000   418533   69.24%
    105    93    24757.0000  1134    32072.0000     9864.0000   420659   69.24%
    111    93     9904.3901  8206    32072.0000     9864.0000   440254   69.24%
    112    94    13152.0000  6874    32072.0000     9864.0000   458182   69.24%
    113    95    16440.0000  7888    32072.0000     9864.0000   469538   69.24%
    119   101    16440.0000  7568    32072.0000     9864.0000   471829   69.24%
    120   102    16440.0000  7567    32072.0000     9864.0000   471830   69.24%
Elapsed time = 619.69 sec. (471753.21 ticks, tree = 4.52 MB, solutions = 2)
    122   104    16440.0000  7308    32072.0000     9864.0000   478460   69.24%
    124   106    16440.0000  7136    32072.0000     9864.0000   481751   69.24%
    125   107    16440.0000  5399    32072.0000     9864.0000   489466   69.24%
    126   108    16440.0000  4122    32072.0000     9864.0000   498958   69.24%
    128   110    16440.0000  4871    32072.0000     9864.0000   508742   69.24%
    133   115    30978.0000  1720    32072.0000     9864.0000   511943   69.24%
    152   128    30978.0000   479    32072.0000     9864.0000   513734   69.24%
    165   136    16611.0000  6780    32072.0000    10516.4292   529405   67.21%
    166   135        cutoff          32072.0000    10516.4292   539051   67.21%
    167   136    16611.0000  7791    32072.0000    10516.4292   549401   67.21%
Elapsed time = 653.95 sec. (499104.21 ticks, tree = 5.46 MB, solutions = 2)
    168   137    16611.0000  6725    32072.0000    10516.4292   559068   67.21%
    174   143    16611.0000  6371    32072.0000    10516.4292   566681   67.21%
    179   148    16611.0000  4819    32072.0000    10516.4292   570502   67.21%
    180   149    16611.0000  4818    32072.0000    10516.4292   570503   67.21%
    205   174    16611.0000  5045    32072.0000    10516.4292   571184   67.21%
    221   190    16611.0000  4479    32072.0000    10516.4292   572040   67.21%
    236   205    16611.0000  4515    32072.0000    10516.4292   575349   67.21%
    240   209    16611.0000  4474    32072.0000    10516.4292   575855   67.21%
    242   211    28045.0000  4177    32072.0000    10516.4292   581926   67.21%
    260   229    28045.0000  3931    32072.0000    10516.4292   582674   67.21%
Elapsed time = 703.05 sec. (526347.15 ticks, tree = 7.20 MB, solutions = 2)
    280   249    28045.0000  3911    32072.0000    10516.4292   582694   67.21%
    300   269    28045.0000  3891    32072.0000    10516.4292   582714   67.21%
    320   289    28045.0000  3871    32072.0000    10516.4292   582734   67.21%
    348   317    28045.0000  4345    32072.0000    10516.4292   589409   67.21%
    376   345    28045.0000  3781    32072.0000    10516.4292   590450   67.21%
    421   390    28045.0000  3261    32072.0000    10516.4292   591126   67.21%
    427   392    13152.0000  7022    32072.0000    10534.6964   604054   67.15%
    428   393    16440.0000  5767    32072.0000    10534.6964   618356   67.15%
    430   395    16440.0000  6425    32072.0000    10534.6964   631048   67.15%
    432   397    16440.0000  6945    32072.0000    10534.6964   637776   67.15%
Elapsed time = 722.40 sec. (548772.07 ticks, tree = 10.61 MB, solutions = 2)
    433   398    16440.0000  6413    32072.0000    10534.6964   645864   67.15%
    436   401    16440.0000  6685    32072.0000    10534.6964   654770   67.15%
    437   402    16440.0000  5684    32072.0000    10534.6964   663845   67.15%
    440   405    16440.0000  6134    32072.0000    10534.6964   673614   67.15%
    441   404        cutoff          32072.0000    10534.6964   680826   67.15%
    445   405    28045.0000   772    32072.0000    10630.7800   686526   66.85%
    452   412    28045.0000   684    32072.0000    10630.7800   688816   66.85%
    470   430    27690.0000   778    32072.0000    10630.7800   690060   66.85%
    488   448    28032.0000   624    32072.0000    10630.7800   690664   66.85%

Performing restart 1

Repeating presolve.
Tried aggregator 2 times.
MIP Presolve eliminated 4665 rows and 32 columns.
MIP Presolve modified 9830 coefficients.
Aggregator did 395 substitutions.
Reduced MIP has 75870 rows, 17704 columns, and 204194 nonzeros.
Reduced MIP has 16971 binaries, 0 generals, 0 SOSs, and 0 indicators.
Presolve time = 0.58 sec. (614.21 ticks)
Tried aggregator 2 times.
MIP Presolve eliminated 68 rows and 19 columns.
MIP Presolve modified 124706 coefficients.
Aggregator did 19 substitutions.
Reduced MIP has 75783 rows, 17666 columns, and 203971 nonzeros.
Reduced MIP has 16933 binaries, 0 generals, 0 SOSs, and 0 indicators.
Presolve time = 1.09 sec. (1113.04 ticks)
Represolve time = 6.81 sec. (11511.39 ticks)
    505     0    10404.5603  8552    32072.0000    Cuts: 5742   738407   66.85%
    505     0    10405.6444  8767    32072.0000    Cuts: 9783   739850   66.85%
    505     0    10405.6444  8269    32072.0000    Cuts: 2769   740804   66.85%
*   505+    0                        31995.0000    10630.7800            66.77%
    505     0  -1.00000e+75     0    31995.0000    10630.7800   740804   66.77%
    505     0    10412.8758  8689    31995.0000    Cuts: 7987   742038   66.77%
    505     0    10412.8758  8285    31995.0000    Cuts: 1720   742782   66.77%
    505     0    10412.8758  8417    31995.0000    Cuts: 6231   743738   66.77%
    505     0    10423.9204  8127    31995.0000    Cuts: 2157   744478   66.77%
    505     0    10423.9204  8173    31995.0000    Cuts: 7455   745265   66.77%
*   505+    0                        31950.0000    10630.7800            66.73%
*   505+    0                        31424.0000    10630.7800            66.17%
    505     0  -1.00000e+75     0    31424.0000    10630.7800   745265   66.17%
    505     2    10423.9204  7854    31424.0000    11068.1905   745266   64.78%
Elapsed time = 947.76 sec. (713363.36 ticks, tree = 0.01 MB, solutions = 5)
    506     3    13152.0000  6368    31424.0000    11840.0532   769137   62.32%
    507     3    20068.7143  1937    31424.0000    13152.0000   774564   58.15%
    511     6    21124.1250  1400    31424.0000    13152.0000   775060   58.15%
    514     9    27690.0000   905    31424.0000    13152.0000   775963   58.15%
    517    12    24402.0000   796    31424.0000    13152.0000   776434   58.15%
    519    14    30978.0000   618    31424.0000    13152.0000   777444   58.15%
    521    16    30978.0000   486    31424.0000    13152.0000   779930   58.15%
    522    15    28324.0000   636    31424.0000    13152.0000   780782   58.15%
    524    17    30978.0000   486    31424.0000    13152.0000   782492   58.15%
    528    21    30978.0000   424    31424.0000    13152.0000   782542   58.15%
Elapsed time = 960.86 sec. (732458.53 ticks, tree = 6.00 MB, solutions = 5)
    542    35    31149.0000   294    31424.0000    13152.0000   782685   58.15%
    546    39    31037.0000   310    31424.0000    13152.0000   784006   58.15%
    555    46    31096.0000   188    31424.0000    13152.0000   784161   58.15%
    565    54    31096.0000   160    31424.0000    13152.0000   784241   58.15%
    574    59    13152.0000  6118    31424.0000    13152.0000   784488   58.15%
    575    60    13152.0000  5975    31424.0000    13152.0000   785270   58.15%
    576    61    13152.0000  5983    31424.0000    13152.0000   785672   58.15%
    577    62    16440.0000  6534    31424.0000    13152.0000   795807   58.15%
    579    64    16440.0000  5310    31424.0000    13152.0000   797007   58.15%
    580    65    16440.0000  5446    31424.0000    13152.0000   800177   58.15%
Elapsed time = 984.22 sec. (764112.87 ticks, tree = 19.49 MB, solutions = 5)
    582    67    16440.0000  4397    31424.0000    13152.0000   802454   58.15%
    583    68    20930.6372  3553    31424.0000    13152.0000   805727   58.15%
    585    70    19790.0000  3254    31424.0000    13152.0000   807353   58.15%
    588    73    23078.0000  3259    31424.0000    13152.0000   809619   58.15%
    590    75    20435.1161  2858    31424.0000    13152.0000   819484   58.15%
    592    77    30978.0000   415    31424.0000    13152.0000   823768   58.15%
    595    79    29654.0000   501    31424.0000    13152.0000   826981   58.15%
    605    86    30404.0000   331    31424.0000    13152.0000   827729   58.15%
    625   106    30404.0000   254    31424.0000    13152.0000   828008   58.15%
    675   139    16440.0000  5198    31424.0000    13152.0000   856081   58.15%
Elapsed time = 1004.84 sec. (795399.71 ticks, tree = 23.80 MB, solutions = 5)
    678   142    16440.0000  5292    31424.0000    13152.0000   879196   58.15%
    679   143    16440.0000  5562    31424.0000    13152.0000   908092   58.15%
    680   144    16440.0000  4758    31424.0000    13152.0000   935311   58.15%
    681   145    16440.0000  3699    31424.0000    13152.0000   941180   58.15%
    695   158    24661.0000   348    31424.0000    13152.0000   944147   58.15%
    745   207    26252.0000   170    31424.0000    13152.0000   945155   58.15%
    767   218    16440.0000  5000    31424.0000    13152.0000   954551   58.15%
    768   219    21114.0000  4255    31424.0000    13152.0000   956791   58.15%
    769   220    21114.0000  1569    31424.0000    13152.0000   960474   58.15%
    773   223    30978.0000   568    31424.0000    13152.0000   964868   58.15%
Elapsed time = 1053.74 sec. (864196.00 ticks, tree = 32.08 MB, solutions = 5)
    782   226    23467.0000  6242    31424.0000    13214.0000   973481   57.95%
    790   232    26755.0000  2189    31424.0000    13214.0000   977024   57.95%
    800   236    30978.0000   231    31424.0000    13214.0000   982995   57.95%
    816   248    13214.0000  6105    31424.0000    13214.0000   983524   57.95%
    819   251    13214.0000  6419    31424.0000    13214.0000  1023852   57.95%
    823   252        cutoff          31424.0000    13214.0000  1043163   57.95%
    844   266    13214.0000  6052    31424.0000    13214.0000  1077612   57.95%
    858   278    31149.0000   370    31424.0000    13214.0000  1090478   57.95%
    878   290    15358.1555  6510    31424.0000    13214.0000  1139875   57.95%
    893   299    13323.0000  5874    31424.0000    13214.0000  1197385   57.95%
Elapsed time = 1151.81 sec. (1017836.82 ticks, tree = 36.93 MB, solutions = 5)
    894   300    13323.0000  6356    31424.0000    13214.0000  1215939   57.95%
    896   302    21114.0000  5164    31424.0000    13214.0000  1234687   57.95%
    902   308    26337.9840  2293    31424.0000    13214.0000  1246954   57.95%
    924   314    13214.0000  6589    31424.0000    13214.0000  1287254   57.95%
    928   316    26366.0000  1050    31424.0000    13214.0000  1306988   57.95%
    941   323    26366.0000  2410    31424.0000    13323.0000  1328996   57.60%
    943   325    29654.0000  4532    31424.0000    13323.0000  1352478   57.60%
    946   326    29654.0000  3199    31424.0000    13323.0000  1371600   57.60%
    989   350    26475.0000  2780    31424.0000    16440.0000  1394988   47.68%
   1025   378    31208.0000   212    31424.0000    16440.0000  1407716   47.68%
Elapsed time = 1306.04 sec. (1145453.34 ticks, tree = 38.96 MB, solutions = 5)
   1051   392    16440.0000  3878    31424.0000    16440.0000  1425683   47.68%
   1077   409    31040.0000   406    31424.0000    16440.0000  1435412   47.68%
   1155   473    16440.0000  3792    31424.0000    16440.0000  1442868   47.68%
   1200   502    31211.0000   271    31424.0000    16440.0000  1450002   47.68%
   1213   509    31040.0000   658    31424.0000    16440.0000  1458334   47.68%
   1227   520    16440.0000  4984    31424.0000    16440.0000  1480920   47.68%
   1232   525    27861.0000   508    31424.0000    16440.0000  1500110   47.68%
   1264   548    16794.7597  4972    31424.0000    16440.0000  1526428   47.68%
   1270   549    16440.0000  5362    31424.0000    16440.0000  1583685   47.68%
   1271   550    16440.0000  6211    31424.0000    16440.0000  1607501   47.68%
Elapsed time = 1361.82 sec. (1217936.19 ticks, tree = 42.52 MB, solutions = 5)
   1273   552    16440.0000  6908    31424.0000    16440.0000  1652090   47.68%
   1275   554    18085.0000  4664    31424.0000    16440.0000  1679573   47.68%
   1279   558    21373.0000  1193    31424.0000    16440.0000  1698875   47.68%
   1316   585    16440.0000  5585    31424.0000    16440.0000  1736119   47.68%
   1317   586    16440.0000  5967    31424.0000    16440.0000  1757764   47.68%
   1319   588    16440.0000  5890    31424.0000    16440.0000  1791354   47.68%
   1324   593    18803.0000  1041    31424.0000    16440.0000  1811025   47.68%
   1347   613    16440.0000  5206    31424.0000    16440.0000  1821965   47.68%
   1352   618    24402.0000  1416    31424.0000    16440.0000  1835944   47.68%
   1437   695    29542.0000   158    31424.0000    16440.0000  1838690   47.68%
Elapsed time = 1430.77 sec. (1280967.16 ticks, tree = 46.48 MB, solutions = 5)
   1461   707    16440.1120  4342    31424.0000    16440.0000  1859976   47.68%
   1471   717    19557.0000   538    31424.0000    16440.0000  1871578   47.68%
   1507   745    16787.5461  4251    31424.0000    16440.0000  1922519   47.68%
   1520   754    21137.4694  2110    31424.0000    16440.0000  1939690   47.68%
   1552   773        cutoff          31424.0000    16440.0000  1953477   47.68%
   1553   774    16502.0000  5244    31424.0000    16440.0000  1974880   47.68%
   1557   778    21373.0000  3951    31424.0000    16440.0000  1991376   47.68%
   1614   829    16502.0000  4639    31424.0000    16440.0000  2015809   47.68%
   1624   837    17370.0000  2029    31424.0000    16440.0000  2026254   47.68%
   1664   866    16440.0000  6255    31424.0000    16440.0000  2056165   47.68%
Elapsed time = 1544.15 sec. (1357399.62 ticks, tree = 50.58 MB, solutions = 5)
   1666   868    16440.1120  7163    31424.0000    16440.0000  2085274   47.68%
   1670   872    18165.5026   944    31424.0000    16440.0000  2105296   47.68%
   1673   875    28522.0000   374    31424.0000    16440.0000  2107487   47.68%
   1718   908    16440.0000  5234    31424.0000    16440.0000  2140534   47.68%
   1719   909    19790.0000  5383    31424.0000    16440.0000  2161737   47.68%
   1742   925    infeasible          31424.0000    16440.0000  2174242   47.68%
   1743   926    21114.0000  4405    31424.0000    16440.0000  2198118   47.68%
   1746   928    27690.0000  1753    31424.0000    16440.0000  2221847   47.68%
   1762   936    16440.0000  5409    31424.0000    16440.0000  2252480   47.68%
   1765   937    16440.1120  5336    31424.0000    16440.0000  2268615   47.68%
Elapsed time = 1616.79 sec. (1463119.56 ticks, tree = 52.55 MB, solutions = 5)
   1771   943    16502.0000  2141    31424.0000    16440.0000  2283256   47.68%
   1803   970    21114.0000  3629    31424.0000    16440.0000  2297927   47.68%
   1811   976    22758.0000  3951    31424.0000    16440.0000  2314518   47.68%
   1836   984    16502.0000  4475    31424.0000    16440.0000  2343309   47.68%
   1837   985    16611.0000  1930    31424.0000    16440.0000  2348631   47.68%
   1871  1013    29763.0000   187    31424.0000    16440.0000  2356675   47.68%
   1930  1061    16440.0000  5943    31424.0000    16440.0000  2364633   47.68%
   1949  1065    16440.0000  6071    31424.0000    16440.0000  2434897   47.68%
   1953  1067    16440.0000  7269    31424.0000    16440.0000  2477164   47.68%
   1954  1068    16440.0000  6152    31424.0000    16440.0000  2498051   47.68%
Elapsed time = 1790.67 sec. (1598119.99 ticks, tree = 56.27 MB, solutions = 5)
   1955  1069    16440.0000  5286    31424.0000    16440.0000  2518871   47.68%
   1958  1072    23651.0000  3099    31424.0000    16440.0000  2538221   47.68%
   1963  1070    16440.0000  5188    31424.0000    16440.0000  2577845   47.68%
   1966  1071    17013.0000  3532    31424.0000    16440.0000  2601806   47.68%
   1969  1074    18161.4145  2881    31424.0000    16440.0000  2618427   47.68%
   1977  1077    16440.0000  4287    31424.0000    16440.0000  2623658   47.68%
   1980  1077    16440.1120  4627    31424.0000    16440.0000  2645741   47.68%
   1984  1081    29238.0000  1149    31424.0000    16440.0000  2666543   47.68%
   1988  1080    16440.0000  5436    31424.0000    16440.0000  2679961   47.68%
   1992  1084    16440.1120  3960    31424.0000    16440.0000  2699114   47.68%
Elapsed time = 1833.28 sec. (1657465.58 ticks, tree = 56.54 MB, solutions = 5)
   2004  1088    29126.7489  1145    31424.0000    16440.0000  2721986   47.68%
   2012  1088    16440.0000  5888    31424.0000    16440.0000  2754744   47.68%
   2013  1088    26428.0000   990    31424.0000    16440.0000  2778052   47.68%
   2014  1089    26428.0000   930    31424.0000    16440.0000  2778163   47.68%
   2015  1090    31149.0000   441    31424.0000    16440.0000  2778956   47.68%
   2018  1091    31149.0000   320    31424.0000    16440.0000  2779083   47.68%
   2019  1092    31211.0000   327    31424.0000    16440.0000  2779129   47.68%
   2020  1093    31211.0000   307    31424.0000    16440.0000  2779147   47.68%
   2025  1090    30978.0000   951    31424.0000    16440.0000  2799010   47.68%
   2026  1091    30978.0000   748    31424.0000    16440.0000  2799065   47.68%
Elapsed time = 2020.90 sec. (1851245.66 ticks, tree = 56.73 MB, solutions = 5)
   2027  1091    30978.0000   642    31424.0000    16440.0000  2799443   47.68%
   2028  1092    30978.0000   528    31424.0000    16440.0000  2799466   47.68%
   2048  1101    16440.0000  6734    31424.0000    16440.0000  2830238   47.68%
   2050  1103    16761.8211  4387    31424.0000    16440.0000  2862429   47.68%
   2056  1107    19080.2019  3579    31424.0000    16440.0000  2880436   47.68%
   2070  1116    26366.0000  2701    31424.0000    16440.0000  2892757   47.68%
   2081  1119    26366.0000  2963    31424.0000    16440.0000  2906770   47.68%
   2158  1182    16440.0000  6097    31424.0000    16440.0000  2965291   47.68%
   2159  1183    16440.0000  5382    31424.0000    16440.0000  2999441   47.68%
   2164  1188    22978.0000  2794    31424.0000    16440.0000  3018404   47.68%
Elapsed time = 2205.43 sec. (2017761.43 ticks, tree = 59.48 MB, solutions = 5)
   2207  1223    16440.0000  4942    31424.0000    16440.0000  3043335   47.68%
   2209  1225    22758.0000  5565    31424.0000    16440.0000  3064883   47.68%
   2213  1227    23187.0000  2970    31424.0000    16440.0000  3088458   47.68%
   2232  1238    26475.0000  1363    31424.0000    16440.0000  3101671   47.68%
   2259  1256    27690.0000  4315    31424.0000    16440.0000  3118610   47.68%
   2302  1281    26366.0000  4179    31424.0000    16440.0000  3148885   47.68%
   2304  1283    26366.0000  3783    31424.0000    16440.0000  3170777   47.68%
   2307  1286    29654.0000  1068    31424.0000    16440.0000  3185857   47.68%
   2338  1303    16819.3883  4664    31424.0000    16440.0000  3213601   47.68%
   2344  1309    26366.0000   617    31424.0000    16440.0000  3219765   47.68%
Elapsed time = 2270.90 sec. (2099218.45 ticks, tree = 61.60 MB, solutions = 5)
   2345  1310    26475.0000   506    31424.0000    16440.0000  3220008   47.68%
   2346  1311    29654.0000   342    31424.0000    16440.0000  3220343   47.68%
   2347  1312    29654.0000   333    31424.0000    16440.0000  3220385   47.68%
   2348  1313    29763.0000   319    31424.0000    16440.0000  3220399   47.68%
   2435  1393    16440.0000  5986    31424.0000    16440.0000  3259852   47.68%
   2436  1394    16440.0000  5766    31424.0000    16440.0000  3321130   47.68%
   2439  1397    23078.0000  4134    31424.0000    16440.0000  3347855   47.68%
   2444  1402    23078.0000  2773    31424.0000    16440.0000  3364064   47.68%
   2462  1412    24402.0000  1275    31424.0000    16440.0000  3384907   47.68%
   2463  1413    24869.3777  1799    31424.0000    16440.0000  3402322   47.68%
Elapsed time = 2368.93 sec. (2232311.52 ticks, tree = 64.81 MB, solutions = 5)
   2479  1423    27690.0000  2690    31424.0000    16440.0000  3425220   47.68%
   2483  1427    27690.0000  1813    31424.0000    16440.0000  3447917   47.68%
   2495  1439    28496.0000   463    31424.0000    16440.0000  3456621   47.68%
   2517  1449    31149.0000  1791    31424.0000    16440.0000  3472303   47.68%
   2556  1466    16440.0000  5560    31424.0000    16440.0000  3509695   47.68%
   2566  1470    16440.0000  5109    31424.0000    16440.0000  3524607   47.68%
   2569  1469        cutoff          31424.0000    16440.0000  3547652   47.68%
   2571  1471    29409.0000  1686    31424.0000    16440.1120  3555355   47.68%
   2580  1476    18059.0000  1892    31424.0000    16440.1120  3560311   47.68%
   2644  1527    16673.0000  2036    31424.0000    16440.1120  3570882   47.68%
Elapsed time = 2446.87 sec. (2333676.25 ticks, tree = 68.03 MB, solutions = 5)
   2710  1566    20788.0000  1367    31424.0000    16440.1120  3579903   47.68%
   2799  1640    17013.0000  4494    31424.0000    16440.1120  3587813   47.68%
   2812  1645    18392.3772  1977    31424.0000    16440.1120  3602040   47.68%
   2819  1648    16782.0000  3466    31424.0000    16440.1120  3613262   47.68%
   2832  1655    16440.1120  3913    31424.0000    16440.1120  3623090   47.68%
   2864  1673    16440.1120  3399    31424.0000    16440.1120  3635948   47.68%
   2877  1676    16502.0000  3158    31424.0000    16440.1120  3648761   47.68%
   2897  1683    16440.1120  4710    31424.0000    16440.1120  3673007   47.68%
   2903  1689    18685.0000  3403    31424.0000    16440.1120  3688319   47.68%
   2930  1711    16440.1120  4022    31424.0000    16440.1120  3699306   47.68%
Elapsed time = 2488.16 sec. (2389388.51 ticks, tree = 73.17 MB, solutions = 5)
   2937  1712    16502.0000  3124    31424.0000    16440.1120  3707622   47.68%
   2938  1713    27861.0000   894    31424.0000    16440.1120  3708603   47.68%
   2939  1714    31149.0000   510    31424.0000    16440.1120  3709160   47.68%
   2941  1714    31149.0000   419    31424.0000    16440.1120  3709161   47.68%
   2942  1715    31149.0000   475    31424.0000    16440.1120  3709210   47.68%
   2943  1716    31149.0000   339    31424.0000    16440.1120  3709270   47.68%
   2944  1715    infeasible          31424.0000    16440.1120  3709289   47.68%
   2990  1750    27690.0000   561    31424.0000    16440.1120  3717311   47.68%
   3011  1767    22689.1620   753    31424.0000    16440.1120  3730109   47.68%
   3040  1791    16440.1120  3662    31424.0000    16440.1120  3738819   47.68%
Elapsed time = 2737.88 sec. (2659359.37 ticks, tree = 75.51 MB, solutions = 5)
   3049  1800    19557.0000  2696    31424.0000    16440.1120  3754565   47.68%
   3109  1843    16440.1120  3599    31424.0000    16440.1120  3760212   47.68%
   3116  1850    19790.0000   701    31424.0000    16440.1120  3771403   47.68%
   3181  1908    16611.0000  3415    31424.0000    16440.1120  3782077   47.68%
   3185  1912    27690.0000  1117    31424.0000    16440.1120  3798259   47.68%
   3234  1954    16440.1120  4827    31424.0000    16440.1120  3816596   47.68%
   3254  1973    20409.0000   546    31424.0000    16440.1120  3830682   47.68%
   3259  1975    infeasible          31424.0000    16440.1120  3831058   47.68%
   3271  1983    16440.1120  4770    31424.0000    16440.1120  3838774   47.68%
   3278  1990    18059.0000  2496    31424.0000    16440.1120  3852687   47.68%
Elapsed time = 2815.88 sec. (2743840.74 ticks, tree = 81.20 MB, solutions = 5)
   3285  1994    16440.1120  3686    31424.0000    16440.1120  3863897   47.68%
   3295  2002    23249.0000   611    31424.0000    16440.1120  3876776   47.68%
   3315  2019    16611.0000  3472    31424.0000    16440.1120  3877949   47.68%
   3317  2020    19961.0000  3219    31424.0000    16440.1120  3888798   47.68%
   3321  2024    22082.0000  1352    31424.0000    16440.1120  3903421   47.68%
   3354  2050    16564.0000  1869    31424.0000    16440.1120  3917974   47.68%
   3373  2065    16440.1120  4992    31424.0000    16440.1120  3940793   47.68%
   3384  2072    18059.0000  4091    31424.0000    16440.1120  3958932   47.68%
   3401  2077    16611.0000  4984    31424.0000    16440.1120  3974686   47.68%
   3406  2082    16611.0000  2197    31424.0000    16440.1120  3986137   47.68%
Elapsed time = 2937.13 sec. (2824258.74 ticks, tree = 83.64 MB, solutions = 5)
   3407  2083    16611.0000  2607    31424.0000    16440.1120  3988657   47.68%
   3435  2104    16440.1120  4991    31424.0000    16440.1120  4012815   47.68%
   3448  2116    25202.0000   363    31424.0000    16440.1120  4022838   47.68%
   3486  2145    16440.1120  4640    31424.0000    16440.1120  4031168   47.68%
   3516  2168    16440.1120  5923    31424.0000    16440.1120  4059007   47.68%
   3521  2173    21171.0000  2643    31424.0000    16440.1120  4078588   47.68%
   3538  2178    16440.1120  4816    31424.0000    16440.1120  4092077   47.68%
   3544  2180    23078.0000  2281    31424.0000    16440.1120  4108840   47.68%
   3549  2181    17360.4990  3022    31424.0000    16440.1120  4119772   47.68%
   3574  2198    25508.0000  1936    31424.0000    16440.1120  4134208   47.68%
Elapsed time = 3011.27 sec. (2922893.22 ticks, tree = 86.90 MB, solutions = 5)
   3578  2202    30978.0000   706    31424.0000    16440.1120  4136473   47.68%
   3599  2218    16440.1120  4541    31424.0000    16440.1120  4158607   47.68%
   3600  2219    30978.0000   553    31424.0000    16440.1120  4165755   47.68%
   3601  2220    30978.0000   465    31424.0000    16440.1120  4165776   47.68%
   3625  2235    16440.1120  3913    31424.0000    16440.1120  4176577   47.68%
   3652  2237    16440.1120  3755    31424.0000    16440.1120  4184688   47.68%
   3661  2242    20180.0926  2795    31424.0000    16440.1120  4201372   47.68%
   3682  2243    16605.0508  3583    31424.0000    16440.1120  4209897   47.68%
   3685  2242    16440.1120  4255    31424.0000    16440.1120  4218961   47.68%
   3705  2248    28421.0000  2173    31424.0000    16440.1120  4228419   47.68%
Elapsed time = 3168.71 sec. (3012033.76 ticks, tree = 88.37 MB, solutions = 5)
   3730  2257    24025.0000  2733    31424.0000    16440.1120  4237397   47.68%
   3739  2256    16440.1120  4458    31424.0000    16440.1120  4243096   47.68%
   3743  2260    16502.0000  3085    31424.0000    16440.1120  4258042   47.68%
   3751  2268    23358.0000   531    31424.0000    16440.1120  4269589   47.68%
   3790  2295    16440.1120  4046    31424.0000    16440.1120  4271946   47.68%
   3792  2297    16502.0000  2713    31424.0000    16440.1120  4284232   47.68%
   3827  2324    16440.1120  3963    31424.0000    16440.1120  4290690   47.68%
   3853  2344    22758.0000  3422    31424.0000    16440.1120  4307832   47.68%
   3858  2349    31040.0000  2269    31424.0000    16440.1120  4327903   47.68%
   3889  2369    16440.1120  4694    31424.0000    16440.1120  4341850   47.68%
Elapsed time = 3231.83 sec. (3096801.80 ticks, tree = 91.62 MB, solutions = 5)
   3895  2375    27690.0000  2096    31424.0000    16440.1120  4354472   47.68%
   3922  2394    27690.0000  1326    31424.0000    16440.1120  4365473   47.68%
   3939  2405    16611.0000  3919    31424.0000    16440.1120  4388447   47.68%
   3960  2422    21114.0000  3788    31424.0000    16440.1120  4407643   47.68%
   3962  2424    31040.0000   446    31424.0000    16440.1120  4416384   47.68%
   3978  2434        cutoff          31424.0000    16440.1120  4430632   47.68%
   3979  2433        cutoff          31424.0000    16440.1120  4431451   47.68%
   3980  2434    16440.1120  4559    31424.0000    16440.1120  4434842   47.68%
   3983  2435    16440.1120  4032    31424.0000    16440.1120  4453149   47.68%
   3998  2441    31149.0000   582    31424.0000    16440.1120  4465891   47.68%
Elapsed time = 3284.96 sec. (3164949.67 ticks, tree = 93.51 MB, solutions = 5)
   4013  2450    31379.0000   235    31424.0000    16440.1120  4466728   47.68%
   4058  2463    30978.0000   423    31424.0000    16440.1120  4479794   47.68%
   4069  2468    16611.0000  5001    31424.0000    16440.1120  4511129   47.68%
   4076  2475    18230.0000   979    31424.0000    16440.1120  4523056   47.68%
   4081  2478    infeasible          31424.0000    16440.1120  4526097   47.68%
   4107  2500    23905.3307  2091    31424.0000    16440.1120  4542105   47.68%
   4132  2513    16440.1120  4636    31424.0000    16440.1120  4552082   47.68%
   4140  2517    16611.0000  4117    31424.0000    16440.1120  4570724   47.68%
   4146  2516    25271.9718   963    31424.0000    16440.1120  4587971   47.68%
   4163  2521    16440.1120  4837    31424.0000    16440.1120  4604383   47.68%
Elapsed time = 3375.37 sec. (3284046.51 ticks, tree = 95.54 MB, solutions = 5)
   4175  2524        cutoff          31424.0000    16440.1120  4625062   47.68%
   4177  2522    infeasible          31424.0000    16440.1120  4653851   47.68%
   4199  2538    16440.1120  5455    31424.0000    16440.1120  4684840   47.68%
   4202  2541    23377.4362  1089    31424.0000    16440.1120  4698622   47.68%
   4219  2551    16440.1120  5315    31424.0000    16440.1120  4700771   47.68%
   4221  2551        cutoff          31424.0000    16440.1120  4723197   47.68%
   4222  2552    27690.0000   880    31424.0000    16440.1120  4734944   47.68%
   4240  2566    16440.1120  5057    31424.0000    16440.1120  4738652   47.68%
   4246  2567    27814.0000   749    31424.0000    16440.1120  4755811   47.68%
   4250  2568    16502.0000  4907    31424.0000    16440.1120  4762334   47.68%
Elapsed time = 3440.28 sec. (3361734.55 ticks, tree = 96.89 MB, solutions = 5)
   4255  2573    27690.0000   800    31424.0000    16440.1120  4778297   47.68%
   4281  2594    27690.0000  1601    31424.0000    16440.1120  4792971   47.68%
   4283  2594        cutoff          31424.0000    16440.1120  4803521   47.68%
   4284  2595    27690.0000   966    31424.0000    16440.1120  4815453   47.68%
   4304  2607    16440.1120  4646    31424.0000    16440.1120  4850338   47.68%
   4306  2609    16440.1120  5614    31424.0000    16440.1120  4871254   47.68%
   4338  2628    27690.0000   882    31424.0000    16440.1120  4889781   47.68%
   4342  2632    30978.0000  1024    31424.0000    16440.1120  4912869   47.68%
   4357  2637    16440.1120  5559    31424.0000    16440.1120  4929093   47.68%
   4379  2643    16440.1120  5644    31424.0000    16440.1120  4949931   47.68%
Elapsed time = 3522.92 sec. (3471272.67 ticks, tree = 98.96 MB, solutions = 5)
   4402  2664    31208.0000   244    31424.0000    16440.1120  4959489   47.68%
   4424  2682    16502.0000  4538    31424.0000    16440.1120  4967331   47.68%
   4427  2685    27690.0000   762    31424.0000    16440.1120  4974956   47.68%
   4469  2717    27690.0000   931    31424.0000    16440.1120  4986649   47.68%
   4489  2733    31040.0000   902    31424.0000    16440.1120  5000303   47.68%
   4493  2733    16440.1120  5338    31424.0000    16440.1120  5010236   47.68%
   4505  2738    16440.1120  5181    31424.0000    16440.1120  5022808   47.68%
   4508  2741    16564.0000  2631    31424.0000    16440.1120  5044292   47.68%
   4511  2740    infeasible          31424.0000    16440.1120  5050721   47.68%
   4512  2741    16564.0000  5036    31424.0000    16440.1120  5061119   47.68%
Elapsed time = 3614.44 sec. (3573856.45 ticks, tree = 101.85 MB, solutions = 5)
   4515  2744    18623.0000  2736    31424.0000    16440.1120  5076345   47.68%
   4522  2745    27690.0000  1105    31424.0000    16440.1120  5092606   47.68%
   4535  2748    18059.0000  5562    31424.0000    16440.1120  5111201   47.68%
   4537  2750    23363.1102  2027    31424.0000    16440.1120  5131573   47.68%
   4543  2752    18059.0000  4002    31424.0000    16440.1120  5142242   47.68%
   4544  2753    27690.0000  3343    31424.0000    16440.1120  5150307   47.68%
   4609  2807    16487.2320  2820    31424.0000    16487.2320  5161700   47.53%
   4660  2847    28374.0000   404    31424.0000    16502.0000  5168680   47.49%
   4747  2926    23420.0000   209    31424.0000    16502.0000  5175085   47.49%
   4810  2979    25742.1804   322    31424.0000    16502.0000  5179727   47.49%
Elapsed time = 3674.57 sec. (3645554.19 ticks, tree = 108.69 MB, solutions = 5)
   4855  3013    27923.0000   425    31424.0000    16502.0000  5187148   47.49%
   4928  3066    30978.0000   474    31424.0000    16502.0000  5193460   47.49%
   4954  3086    27861.0000   626    31424.0000    16502.0000  5195190   47.49%
   5039  3159    30978.0000  1032    31424.0000    16502.0000  5201392   47.49%
   5072  3180    16844.0000   731    31424.0000    16502.0000  5210058   47.49%
   5102  3206    16611.0000  1181    31424.0000    16502.0000  5220599   47.49%
   5151  3246    16502.0000  4101    31424.0000    16502.0000  5232738   47.49%
   5179  3266    16611.0000  2987    31424.0000    16502.0000  5248245   47.49%
   5180  3267    16611.0000  2000    31424.0000    16502.0000  5251307   47.49%
   5225  3308    19790.0000   820    31424.0000    16502.0000  5259574   47.49%
Elapsed time = 3764.06 sec. (3752645.94 ticks, tree = 118.17 MB, solutions = 5)
   5272  3349    19790.0000  2254    31424.0000    16502.0000  5274726   47.49%
   5294  3370    31149.0000   482    31424.0000    16502.0000  5285803   47.49%
   5332  3389    25706.1861  2607    31424.0000    16502.0000  5296848   47.49%
   5360  3408    23311.0000   628    31424.0000    16502.0000  5308445   47.49%
   5404  3443    20829.0000   997    31424.0000    16502.0000  5318147   47.49%
   5479  3507    16502.0000  4255    31424.0000    16502.0000  5328272   47.49%
   5484  3512    16502.2830  1546    31424.0000    16502.0000  5342922   47.49%
   5496  3524    19545.0000   706    31424.0000    16502.0000  5352990   47.49%
   5556  3578    16502.0000  3668    31424.0000    16502.0000  5359189   47.49%
   5588  3598    31211.0000   213    31424.0000    16502.0000  5366700   47.49%
Elapsed time = 3816.22 sec. (3823924.69 ticks, tree = 126.63 MB, solutions = 5)
   5602  3605    20891.0000  1207    31424.0000    16502.0000  5373661   47.49%
   5649  3643    25679.0000  2124    31424.0000    16502.0000  5385746   47.49%
   5709  3687    20891.0000  1675    31424.0000    16502.0000  5394801   47.49%
   5743  3711    16564.0000  3476    31424.0000    16502.0000  5404210   47.49%
   5744  3712    27252.0000  1792    31424.0000    16502.0000  5413084   47.49%
   5762  3719    25354.4166   917    31424.0000    16502.0000  5426729   47.49%
   5819  3765    18914.0000   300    31424.0000    16502.0000  5432361   47.49%
   5872  3805    27690.0000  1218    31424.0000    16502.0000  5440969   47.49%
   5899  3825    16502.0000  4370    31424.0000    16502.0000  5454874   47.49%
   5904  3830    19790.0000  2710    31424.0000    16502.0000  5468706   47.49%
Elapsed time = 3873.92 sec. (3895205.63 ticks, tree = 133.25 MB, solutions = 5)
   5920  3832    16611.0000  2193    31424.0000    16502.0000  5484071   47.49%
   5944  3843    19790.0000  3037    31424.0000    16502.0000  5494397   47.49%
   5979  3853    24464.0000  4010    31424.0000    16502.0000  5508377   47.49%
   5997  3865    19790.0000  2601    31424.0000    16502.0000  5520087   47.49%
   6035  3894    31149.0000   197    31424.0000    16502.0000  5528127   47.49%
   6045  3899    16502.0000  4715    31424.0000    16502.0000  5529348   47.49%
   6058  3910    30584.0000   452    31424.0000    16502.0000  5542825   47.49%
   6073  3922    16502.0000  4533    31424.0000    16502.0000  5557175   47.49%
   6084  3924    18681.0000  3717    31424.0000    16502.0000  5577038   47.49%
   6095  3924    16502.0000  3352    31424.0000    16502.0000  5592332   47.49%
Elapsed time = 3977.58 sec. (4026865.37 ticks, tree = 135.77 MB, solutions = 5)
   6108  3935    21226.0000   586    31424.0000    16502.0000  5602768   47.49%
   6133  3953    19790.0000  1648    31424.0000    16502.0000  5616063   47.49%
   6238  4044    23078.8059  2709    31424.0000    16502.0000  5624122   47.49%
   6263  4061    16502.0000  4055    31424.0000    16502.0000  5639266   47.49%
   6266  4064    30978.0000  2083    31424.0000    16502.0000  5655429   47.49%
   6290  4082    16673.0000  2660    31424.0000    16502.0000  5661311   47.49%
   6319  4111    22762.0000   540    31424.0000    16502.0000  5669849   47.49%
   6352  4138    19790.0000  1201    31424.0000    16502.0000  5678269   47.49%
   6385  4165    30978.0000  1613    31424.0000    16502.0000  5687383   47.49%
   6408  4182    30978.0000  2511    31424.0000    16502.0000  5703370   47.49%
Elapsed time = 4034.28 sec. (4092615.83 ticks, tree = 143.11 MB, solutions = 5)
   6429  4199    23078.0000  1959    31424.0000    16502.0000  5715436   47.49%
   6454  4217    16502.0000  4522    31424.0000    16502.0000  5722211   47.49%
   6457  4220    23078.0000  3966    31424.0000    16502.0000  5738266   47.49%
   6460  4223    30978.0000   429    31424.0000    16502.0000  5745118   47.49%
   6486  4235    16502.0000  4127    31424.0000    16502.0000  5754056   47.49%
   6497  4238    23025.7874  4403    31424.0000    16502.0000  5776875   47.49%
   6504  4241    31040.0000   861    31424.0000    16502.0000  5786052   47.49%
   6522  4251    16502.0000  4538    31424.0000    16502.0000  5797875   47.49%
   6523  4252    16502.0000  3840    31424.0000    16502.0000  5799879   47.49%
   6530  4259    19790.0000  1156    31424.0000    16502.0000  5812626   47.49%
Elapsed time = 4111.05 sec. (4186946.99 ticks, tree = 145.25 MB, solutions = 5)
   6576  4294    16502.0000  2667    31424.0000    16502.0000  5822161   47.49%
   6616  4327    30978.0000  1772    31424.0000    16502.0000  5831273   47.49%
   6660  4362    31099.0000  1456    31424.0000    16502.0000  5839273   47.49%
   6671  4369    22820.0000  3049    31424.0000    16502.0000  5850814   47.49%
   6692  4381    22820.0000  2687    31424.0000    16502.0000  5864521   47.49%
   6714  4397    19852.0000   947    31424.0000    16502.0000  5875064   47.49%
   6729  4407    infeasible          31424.0000    16502.0000  5881701   47.49%
   6747  4416    16502.0000  4410    31424.0000    16502.0000  5890940   47.49%
   6754  4419    infeasible          31424.0000    16502.0000  5902813   47.49%
   6757  4422    30978.0000   542    31424.0000    16502.0000  5904332   47.49%
Elapsed time = 4166.02 sec. (4252864.78 ticks, tree = 149.69 MB, solutions = 5)
   6771  4429    23651.0000  2581    31424.0000    16502.0000  5917048   47.49%
   6798  4443    16502.0000  3246    31424.0000    16502.0000  5926342   47.49%
   6817  4448    16564.0000  4701    31424.0000    16502.0000  5941769   47.49%
   6831  4454    26366.0000  3306    31424.0000    16502.0000  5953050   47.49%
   6832  4455    26418.0000  1467    31424.0000    16502.0000  5955011   47.49%
   6855  4468    18513.6667  3762    31424.0000    16502.0000  5971340   47.49%
   6870  4469    16502.0000  4291    31424.0000    16502.0000  5977642   47.49%
   6875  4474    19790.0000  2059    31424.0000    16502.0000  5989967   47.49%
   6906  4499    16502.0000  2443    31424.0000    16502.0000  6001778   47.49%
   6910  4503    16782.0000   821    31424.0000    16502.0000  6007327   47.49%
Elapsed time = 4241.21 sec. (4343691.80 ticks, tree = 151.75 MB, solutions = 5)
   6954  4539    16735.0000  1233    31424.0000    16502.0000  6017210   47.49%
   6980  4553    18059.0000  3775    31424.0000    16502.0000  6033902   47.49%
   6990  4563    30978.0000   539    31424.0000    16502.0000  6048167   47.49%
   7009  4572    16502.0000  4468    31424.0000    16502.0000  6049166   47.49%
   7012  4575    16673.0000  1247    31424.0000    16502.0000  6064151   47.49%
   7044  4599    16502.0000  4149    31424.0000    16502.0000  6075337   47.49%
   7051  4602    20023.0000  1129    31424.0000    16502.0000  6086220   47.49%
   7065  4613    19914.0000  1309    31424.0000    16502.0000  6097820   47.49%
   7078  4617    infeasible          31424.0000    16502.0000  6111518   47.49%
   7084  4623    16673.0000  1354    31424.0000    16502.0000  6123191   47.49%
Elapsed time = 4310.54 sec. (4428696.92 ticks, tree = 154.96 MB, solutions = 5)
   7146  4679    16502.0000  4145    31424.0000    16502.0000  6131715   47.49%
   7151  4684    22566.5798  1027    31424.0000    16502.0000  6150547   47.49%
   7192  4721    24402.0000  2081    31424.0000    16502.0000  6160506   47.49%
   7229  4742    27690.0000  2721    31424.0000    16502.0000  6172529   47.49%
   7268  4767    16502.0000  5087    31424.0000    16502.0000  6187255   47.49%
   7273  4772    24661.0000  1268    31424.0000    16502.0000  6198807   47.49%
   7289  4782    16502.0000  4294    31424.0000    16502.0000  6211892   47.49%
   7295  4786    30978.0000   939    31424.0000    16502.0000  6226741   47.49%
   7318  4801    16564.0000  4240    31424.0000    16502.0000  6229136   47.49%
   7333  4814    26599.0000   568    31424.0000    16502.0000  6243268   47.49%
Elapsed time = 4375.53 sec. (4504939.63 ticks, tree = 160.32 MB, solutions = 5)
   7348  4826    16502.0000  5550    31424.0000    16502.0000  6252914   47.49%
   7357  4829    23309.3728  5138    31424.0000    16502.0000  6273326   47.49%
   7360  4828    16502.0000  5140    31424.0000    16502.0000  6282335   47.49%
   7361  4829    27690.0000  2352    31424.0000    16502.0000  6290409   47.49%
   7385  4845    27690.0000  1669    31424.0000    16502.0000  6307161   47.49%
   7424  4869    18059.0000  4772    31424.0000    16502.0000  6322315   47.49%
   7427  4872    27690.0000  1439    31424.0000    16502.0000  6338797   47.49%
   7433  4876    infeasible          31424.0000    16502.0000  6355343   47.49%
   7452  4889    16502.0000  6077    31424.0000    16502.0000  6365014   47.49%
   7453  4890    16673.0000  3750    31424.0000    16502.0000  6370754   47.49%
Elapsed time = 4469.31 sec. (4624026.39 ticks, tree = 162.26 MB, solutions = 5)
   7471  4893    16564.0000  4932    31424.0000    16502.0000  6381786   47.49%
   7491  4904    16502.0000  4128    31424.0000    16502.0000  6393464   47.49%
   7516  4925    31320.0000   230    31424.0000    16502.0000  6406068   47.49%
   7565  4963    31040.0000   681    31424.0000    16502.0000  6416751   47.49%
   7597  4981    24661.0000  1624    31424.0000    16502.0000  6433200   47.49%
   7625  4999    16639.0000  4830    31424.0000    16502.0000  6440894   47.49%
   7641  5010    26475.0000  1364    31424.0000    16502.0000  6456763   47.49%
   7665  5030    16502.0000  5935    31424.0000    16502.0000  6461617   47.49%
   7686  5035    21973.4844  4679    31424.0000    16502.0000  6481693   47.49%
   7693  5036    16735.0000  3440    31424.0000    16502.0000  6492666   47.49%
Elapsed time = 4502.91 sec. (4669406.40 ticks, tree = 166.38 MB, solutions = 5)
   7694  5037    21347.0000  2111    31424.0000    16502.0000  6502420   47.49%
   7712  5045    16611.0000  1089    31424.0000    16502.2830  6514206   47.49%
   7755  5083    18059.0000   989    31424.0000    16502.2830  6523546   47.49%
   7848  5161    16502.2830  1443    31424.0000    16502.2830  6529800   47.49%
   7876  5184    16502.2830  1392    31424.0000    16502.2830  6542653   47.49%
   7919  5218    16782.0000  1045    31424.0000    16502.2830  6550446   47.49%
   7997  5288    16611.0000  1255    31424.0000    16502.2830  6560459   47.49%
   8037  5323    16611.0000  1172    31424.0000    16502.2830  6569907   47.49%
   8092  5373    19173.0000   296    31424.0000    16502.2830  6575386   47.49%
   8129  5402    19740.0000   500    31424.0000    16502.2830  6582545   47.49%
Elapsed time = 4575.06 sec. (4749405.13 ticks, tree = 176.44 MB, solutions = 5)
   8139  5410    20645.0000   232    31424.0000    16502.2830  6582900   47.49%
   8182  5450    24521.0000   271    31424.0000    16502.2830  6585907   47.49%
   8245  5507    24332.0000   289    31424.0000    16502.2830  6591967   47.49%
   8289  5543    25370.0000   491    31424.0000    16502.2830  6602879   47.49%
   8334  5580    16673.0537   880    31424.0000    16502.2830  6608001   47.49%
   8395  5633    16844.0000   653    31424.0000    16502.2830  6613759   47.49%
   8398  5636    19961.0000   410    31424.0000    16502.2830  6614469   47.49%
   8465  5695    23774.0000   263    31424.0000    16502.2830  6620423   47.49%
   8516  5736    23668.0000   273    31424.0000    16502.2830  6627856   47.49%
   8565  5774    16502.2830  1557    31424.0000    16502.2830  6634488   47.49%
Elapsed time = 4629.60 sec. (4819246.55 ticks, tree = 187.22 MB, solutions = 5)
   8609  5815    16735.0000   937    31424.0000    16502.2830  6639001   47.49%
   8693  5895    19692.0000   269    31424.0000    16561.1854  6642219   47.30%
   8731  5924    17015.2830   771    31424.0000    16564.0000  6647184   47.29%
   8808  5986    16735.0000   847    31424.0000    16564.0000  6652468   47.29%
   8836  6007    19790.0000  1066    31424.0000    16564.0000  6663981   47.29%
   8868  6030    16564.0000  3865    31424.0000    16564.0000  6673248   47.29%
   8877  6035    27690.0000  2885    31424.0000    16564.0000  6688118   47.29%
   8912  6060    16564.0000  3000    31424.0000    16564.0000  6696791   47.29%
   8926  6070    27464.0000   477    31424.0000    16564.0000  6708434   47.29%
   8950  6084    22758.0000  1597    31424.0000    16564.0000  6720390   47.29%
Elapsed time = 4682.70 sec. (4889962.33 ticks, tree = 195.98 MB, solutions = 5)
   8952  6086    27752.0000   687    31424.0000    16564.0000  6724617   47.29%
   8989  6115    16673.0000  4196    31424.0000    16564.0000  6728762   47.29%
   9002  6124    30978.0000   965    31424.0000    16564.0000  6739943   47.29%
   9052  6153    infeasible          31424.0000    16564.0000  6751727   47.29%
   9067  6167    26599.0000   364    31424.0000    16564.0000  6763754   47.29%
   9085  6177    18308.1890  3819    31424.0000    16564.0000  6776253   47.29%
   9094  6178    infeasible          31424.0000    16564.0000  6785652   47.29%
   9097  6179    16673.0000  3724    31424.0000    16564.0000  6804699   47.29%
   9125  6200    16673.0000  3640    31424.0000    16564.0000  6827786   47.29%
   9167  6235    31149.0000   254    31424.0000    16564.0000  6836890   47.29%
Elapsed time = 4773.87 sec. (5008573.88 ticks, tree = 200.29 MB, solutions = 5)
   9197  6240    26428.0000   417    31424.0000    16564.1804  6849524   47.29%
   9237  6274    31099.0000   598    31424.0000    16564.1804  6856122   47.29%
   9287  6311    23140.0000   836    31424.0000    16564.1804  6865224   47.29%
   9340  6350    30978.0000  2641    31424.0000    16611.0000  6877335   47.14%
   9412  6414    18101.0000   283    31424.0000    16611.0000  6881727   47.14%
   9450  6449    20020.0000   576    31424.0000    16611.0000  6890182   47.14%
   9491  6478    17712.0000   549    31424.0000    16611.0000  6896763   47.14%
   9541  6517    19790.0000   942    31424.0000    16611.0000  6903400   47.14%
   9635  6605    17944.0000   258    31424.0000    16611.0000  6906509   47.14%
   9705  6666    23420.0000   454    31424.0000    16611.0000  6914088   47.14%
Elapsed time = 4831.69 sec. (5083452.78 ticks, tree = 212.29 MB, solutions = 5)
   9767  6717    16673.0000   890    31424.0000    16611.0000  6919265   47.14%
   9851  6771    16611.0000  1070    31424.0000    16611.0000  6924177   47.14%
   9935  6840    21251.0000   564    31424.0000    16611.0000  6927797   47.14%
  10032  6921    17013.0000   712    31424.0000    16611.0000  6930781   47.14%
  10110  6991    16673.0000   961    31424.0000    16611.0000  6933976   47.14%
  10197  7061    22591.0000   322    31424.0000    16611.0000  6938978   47.14%
  10283  7131    17541.0000   547    31424.0000    16611.0000  6941575   47.14%
  10300  7143    16782.0000   989    31424.0000    16611.0000  6943891   47.14%
  10371  7203    20141.0000   627    31424.0000    16611.0000  6949155   47.14%
  10412  7235    26599.0000   457    31424.0000    16611.0000  6956953   47.14%
Elapsed time = 4884.35 sec. (5159508.76 ticks, tree = 228.13 MB, solutions = 5)
  10471  7286    20940.0000   273    31424.0000    16611.0000  6962594   47.14%
  10487  7295    23311.0000   749    31424.0000    16611.0000  6972330   47.14%
  10550  7340    infeasible          31424.0000    16611.0000  6978697   47.14%
  10593  7373    16782.0000   906    31424.0000    16611.0000  6985334   47.14%
  10605  7383    18836.6666   656    31424.0000    16611.0000  6988017   47.14%
  10639  7413    23016.0000   285    31424.0000    16611.0000  6996241   47.14%
  10735  7492    16782.0000   675    31424.0000    16611.0000  6998220   47.14%
  10821  7558    16841.0000   802    31424.0000    16611.0000  7002277   47.14%
  10897  7620    17360.9338   943    31424.0000    16611.0000  7009783   47.14%
  10900  7623    23358.0000   386    31424.0000    16611.0000  7010098   47.14%
Elapsed time = 4923.27 sec. (5215508.99 ticks, tree = 238.91 MB, solutions = 5)
  10969  7676    19790.0000   649    31424.0000    16611.0000  7015554   47.14%
  11054  7749    19790.0000   598    31424.0000    16611.0000  7019029   47.14%
  11117  7798    infeasible          31424.0000    16611.0000  7022353   47.14%
  11192  7855    17528.0000   373    31424.0000    16611.0000  7027168   47.14%
  11277  7915    17186.0000   595    31424.0000    16611.0000  7030667   47.14%
  11335  7960    infeasible          31424.0000    16611.0000  7035440   47.14%
  11403  8017    18647.0000   398    31424.0000    16611.0000  7039089   47.14%
  11485  8087    20458.0000   213    31424.0000    16611.0000  7043104   47.14%
  11581  8162    17245.5399   949    31424.0000    16611.0000  7049247   47.14%
  11620  8190    21911.0000   627    31424.0000    16611.0000  7056332   47.14%
Elapsed time = 4992.50 sec. (5302997.70 ticks, tree = 255.07 MB, solutions = 5)
  11666  8229    24213.0000   327    31424.0000    16611.0000  7063408   47.14%
  11708  8262    18025.0000   490    31424.0000    16611.0000  7066529   47.14%
  11809  8355    23680.0000   257    31424.0000    16611.0000  7070611   47.14%
  11905  8425    27159.0000   326    31424.0000    16611.0000  7074629   47.14%
  11997  8496    16953.0000   624    31424.0000    16611.0000  7077574   47.14%
  12052  8547    26708.0000   302    31424.0000    16611.0000  7080975   47.14%
  12159  8644    30750.0000    46    31424.0000    16611.0000  7082307   47.14%
  12162  8645    16611.2830  1108    31424.0000    16611.0000  7083113   47.14%
  12220  8693    21360.0000   350    31424.0000    16611.0000  7089872   47.14%
  12297  8758    21189.0000   473    31424.0000    16611.0000  7094734   47.14%
Elapsed time = 5041.23 sec. (5375558.20 ticks, tree = 272.28 MB, solutions = 5)
  12343  8796    23370.0000   333    31424.0000    16611.0000  7101099   47.14%
  12412  8843    16765.7793   940    31424.0000    16611.0000  7106670   47.14%
  12467  8885    19961.0000   613    31424.0000    16611.0000  7113293   47.14%
  12487  8898    16673.0000  1249    31424.0000    16611.0000  7124479   47.14%
  12525  8927    21606.0000   653    31424.0000    16611.0000  7130955   47.14%
  12585  8980    21046.0000   365    31424.0000    16611.0000  7137142   47.14%
  12626  9007    16673.0000   826    31424.0000    16611.0000  7149396   47.14%
  12627  9008    19557.0000   728    31424.0000    16611.0000  7150582   47.14%
  12687  9057    19414.0793   606    31424.0000    16611.0000  7155185   47.14%
  12747  9104    17422.9338   913    31424.0000    16611.0000  7163341   47.14%
Elapsed time = 5086.30 sec. (5432344.91 ticks, tree = 281.84 MB, solutions = 5)
  12861  9197    18121.0000   762    31424.0000    16611.0000  7167331   47.14%
  12909  9236    23373.0000   345    31424.0000    16611.0000  7173844   47.14%
  12963  9273    20070.0000   604    31424.0000    16611.0000  7178991   47.14%
  13020  9315    18085.0000   993    31424.0000    16611.0000  7187271   47.14%
  13092  9378    23588.0000   345    31424.0000    16611.0000  7191600   47.14%
  13182  9455    25147.0000   144    31424.0000    16611.0000  7197031   47.14%
  13234  9493    17183.0000   586    31424.0000    16611.0000  7200663   47.14%
  13295  9543    19390.0000   479    31424.0000    16611.0000  7207803   47.14%
  13361  9597    19899.0000   454    31424.0000    16611.0000  7212780   47.14%
  13394  9624    28658.0000   421    31424.0000    16611.0000  7220200   47.14%
Elapsed time = 5142.88 sec. (5506703.88 ticks, tree = 297.24 MB, solutions = 5)
  13469  9678    16611.0000  1342    31424.0000    16611.0000  7225247   47.14%
  13531  9727    23016.0000   402    31424.0000    16611.0000  7230718   47.14%
  13542  9736    25267.0000   237    31424.0000    16611.0000  7231291   47.14%
  13613  9785    16611.0000  1624    31424.0000    16611.0000  7238867   47.14%
  13684  9846    23762.0000   307    31424.0000    16611.0000  7245518   47.14%
  13715  9864    infeasible          31424.0000    16611.0000  7246979   47.14%
  13756  9895    31149.0000   539    31424.0000    16611.0000  7251847   47.14%
  13788  9917    20317.0000   652    31424.0000    16611.0000  7257247   47.14%
  13826  9950    29334.0000   683    31424.0000    16611.0000  7265449   47.14%
  13895 10002    19790.0000  1667    31424.0000    16611.0000  7272298   47.14%
Elapsed time = 5199.91 sec. (5576609.56 ticks, tree = 308.46 MB, solutions = 5)
  13920 10023    20303.0000   519    31424.0000    16611.0000  7281198   47.14%
  13968 10060    20132.0000   347    31424.0000    16611.0000  7290403   47.14%
  14019 10099    27949.0000   823    31424.0000    16611.0000  7303784   47.14%
  14108 10182    30276.0000   159    31424.0000    16611.0000  7305859   47.14%
  14165 10226    16611.0000  1787    31424.0000    16611.0000  7315145   47.14%
  14196 10252    27810.0000   589    31424.0000    16611.0000  7324341   47.14%
  14224 10269    31211.0000   286    31424.0000    16611.0000  7334133   47.14%
  14242 10275    16673.0000  1599    31424.0000    16611.0000  7341057   47.14%
  14246 10279    19545.0000   662    31424.0000    16611.0000  7344223   47.14%
  14323 10341    24402.0000  1483    31424.0000    16611.0000  7350340   47.14%
Elapsed time = 5270.43 sec. (5662110.18 ticks, tree = 318.44 MB, solutions = 5)
  14360 10370    31161.0000   256    31424.0000    16611.0000  7358146   47.14%
  14394 10394    26134.0000   195    31424.0000    16611.0000  7368928   47.14%
  14425 10410    16611.0000  1438    31424.0000    16611.0000  7379341   47.14%
  14452 10433    23078.0000  1010    31424.0000    16611.0000  7390505   47.14%
  14454 10433    infeasible          31424.0000    16611.0000  7392502   47.14%
  14505 10477    17012.0000   704    31424.0000    16611.0000  7395731   47.14%
  14547 10512    23358.0000   615    31424.0000    16611.0000  7404069   47.14%
  14586 10543    20132.0000   925    31424.0000    16611.0000  7411301   47.14%
  14621 10569    31320.0000   734    31424.0000    16611.0000  7419762   47.14%
  14626 10570    27690.0000  2604    31424.0000    16611.0000  7432515   47.14%
Elapsed time = 5314.29 sec. (5720675.44 ticks, tree = 325.08 MB, solutions = 5)
  14627 10571    27690.0000  2395    31424.0000    16611.0000  7432902   47.14%
  14661 10595    18794.0000  2301    31424.0000    16611.0000  7444651   47.14%
  14701 10629    17015.0000   789    31424.0000    16611.0000  7453604   47.14%
  14753 10671    25034.0000   349    31424.0000    16611.0000  7458982   47.14%
  14825 10725    16611.0000  3526    31424.0000    16611.0000  7475016   47.14%
  14838 10737    18541.4000   731    31424.0000    16611.0000  7490186   47.14%
  14849 10744    27690.0000   763    31424.0000    16611.0000  7500606   47.14%
  14865 10755    16782.0000  1860    31424.0000    16611.0000  7508929   47.14%
  14906 10791    16611.0000  2204    31424.0000    16611.0000  7523918   47.14%
  14935 10816    25679.0000  1842    31424.0000    16611.0000  7535300   47.14%
Elapsed time = 5404.40 sec. (5822475.88 ticks, tree = 332.15 MB, solutions = 5)
  14940 10818    16611.0000  2127    31424.0000    16611.0000  7542983   47.14%
  14989 10861    30978.0000   568    31424.0000    16611.0000  7552954   47.14%
  15021 10880    30978.0000  1095    31424.0000    16611.0000  7560715   47.14%
  15031 10886    16673.0000  4205    31424.0000    16611.0000  7571997   47.14%
  15033 10888    16673.0000  3668    31424.0000    16611.0000  7578377   47.14%
  15088 10930    16611.0000  3776    31424.0000    16611.0000  7599674   47.14%
  15094 10936    29567.0000  1617    31424.0000    16611.0000  7616268   47.14%
  15115 10954    16611.0000  4416    31424.0000    16611.0000  7630006   47.14%
  15124 10963    18106.6000   978    31424.0000    16611.0000  7643134   47.14%
  15156 10985    16782.0000  2213    31424.0000    16611.0000  7652672   47.14%
Elapsed time = 5466.97 sec. (5909232.46 ticks, tree = 336.95 MB, solutions = 5)
  15186 11012    27690.0000  2350    31424.0000    16611.0000  7662704   47.14%
  15195 11016    31149.0000   555    31424.0000    16611.0000  7673143   47.14%
  15229 11034    16794.0000  1610    31424.0000    16611.0000  7675859   47.14%
  15233 11036    17015.0000   902    31424.0000    16611.0000  7678353   47.14%
  15291 11084    16611.0000  3584    31424.0000    16611.0000  7690570   47.14%
  15299 11088    29676.0000  1302    31424.0000    16611.0000  7706943   47.14%
  15332 11103    17015.0000  1468    31424.0000    16611.0000  7722457   47.14%
  15367 11133    16735.0000  3307    31424.0000    16611.0000  7733041   47.14%
  15407 11163    16782.0000  1190    31424.0000    16611.0000  7743458   47.14%
  15516 11262    26415.0000    79    31424.0000    16611.0000  7747289   47.14%
Elapsed time = 5529.00 sec. (5993692.28 ticks, tree = 345.28 MB, solutions = 5)
  15532 11274    30978.0000  1405    31424.0000    16611.0000  7759262   47.14%
  15567 11298    16611.0000  3686    31424.0000    16611.0000  7771963   47.14%
  15587 11314    16611.0000  3437    31424.0000    16611.0000  7784960   47.14%
  15588 11315    19557.0000  1804    31424.0000    16611.0000  7789413   47.14%
  15655 11370    26295.0000   215    31424.0000    16611.0000  7796127   47.14%
  15696 11399    16676.0304  3230    31424.0000    16611.0000  7806946   47.14%
  15717 11417    21911.0000  2591    31424.0000    16611.0000  7820523   47.14%
  15761 11458    16611.0000  3725    31424.0000    16611.0000  7830712   47.14%
  15776 11465    16611.0000  2534    31424.0000    16611.0000  7851436   47.14%
  15839 11520    18984.0000   320    31424.0000    16611.0000  7857291   47.14%
Elapsed time = 5594.97 sec. (6078666.85 ticks, tree = 352.50 MB, solutions = 5)
  15863 11541    16906.0000   944    31424.0000    16611.0000  7867453   47.14%
  15892 11566    27690.0000  2128    31424.0000    16611.0000  7878218   47.14%
  15893 11567    27690.0000  1255    31424.0000    16611.0000  7879579   47.14%
  15929 11592    31149.0000   413    31424.0000    16611.0000  7886798   47.14%
  15957 11608    18025.0000   710    31424.0000    16611.0000  7894692   47.14%
  16000 11645    27577.0000   418    31424.0000    16611.0000  7901893   47.14%
  16063 11684    16611.0000  3753    31424.0000    16611.0000  7910850   47.14%
  16090 11705    30978.0000  4864    31424.0000    16611.0000  7927032   47.14%
  16092 11707    30978.0000   720    31424.0000    16611.0000  7930298   47.14%
  16112 11715    27690.0000  3330    31424.0000    16611.0000  7942013   47.14%
Elapsed time = 5669.87 sec. (6159087.30 ticks, tree = 358.18 MB, solutions = 5)
  16161 11747    30978.0000   902    31424.0000    16611.0000  7952856   47.14%
  16175 11751    27690.0000  3550    31424.0000    16611.0000  7964442   47.14%
  16179 11755    27690.0000   986    31424.0000    16611.0000  7976287   47.14%
  16202 11772    31149.0000   331    31424.0000    16611.0000  7987178   47.14%
  16240 11801    16611.0000  3235    31424.0000    16611.0000  7993963   47.14%
  16244 11805    18401.0000  1055    31424.0000    16611.0000  8004772   47.14%
  16281 11830    18752.0000  1139    31424.0000    16611.0000  8012302   47.14%
  16302 11845    16611.0000  3217    31424.0000    16611.0000  8025384   47.14%
  16303 11846    18230.0000  2128    31424.0000    16611.0000  8032697   47.14%
  16319 11851    27690.0000  3822    31424.0000    16611.0000  8050621   47.14%
Elapsed time = 5756.95 sec. (6265393.98 ticks, tree = 362.08 MB, solutions = 5)
  16324 11855    27690.0000  2185    31424.0000    16611.0000  8064161   47.14%
  16347 11866    16611.0000  3957    31424.0000    16611.0000  8073715   47.14%
  16369 11876    16611.0000  4261    31424.0000    16611.0000  8093512   47.14%
  16375 11882    16782.0000   991    31424.0000    16611.0000  8108736   47.14%
  16443 11944    16611.0000  2783    31424.0000    16611.0000  8113048   47.14%
  16475 11972    30978.0000  1822    31424.0000    16611.0000  8123754   47.14%
  16504 11995    30978.0000  2590    31424.0000    16611.0000  8130398   47.14%
  16505 11996    30978.0000  1102    31424.0000    16611.0000  8132273   47.14%
  16526 12011    16611.0000  4291    31424.0000    16611.0000  8155438   47.14%
  16535 12014    30978.0000  3230    31424.0000    16611.0000  8168365   47.14%
Elapsed time = 5813.76 sec. (6333751.15 ticks, tree = 366.84 MB, solutions = 5)
  16538 12013    16611.0000  4014    31424.0000    16611.0000  8175645   47.14%
  16542 12017    30978.0000   855    31424.0000    16611.0000  8191542   47.14%
  16584 12037    16611.0000  3410    31424.0000    16611.0000  8202995   47.14%
  16588 12041    16953.0000  1289    31424.0000    16611.0000  8215285   47.14%
  16623 12069    30978.0000   808    31424.0000    16611.0000  8225063   47.14%
  16625 12069    31149.0000   577    31424.0000    16611.0000  8225434   47.14%
  16633 12071    16611.0000  4618    31424.0000    16611.0000  8230816   47.14%
  16636 12070    infeasible          31424.0000    16611.0000  8244646   47.14%
  16645 12077    27690.0000   758    31424.0000    16611.0000  8256735   47.14%
  16663 12087    16673.0000  5292    31424.0000    16611.0000  8270634   47.14%
Elapsed time = 5879.84 sec. (6413181.96 ticks, tree = 368.90 MB, solutions = 5)
  16666 12090    18059.0000  2540    31424.0000    16611.0000  8279811   47.14%
  16697 12114    16611.0000  3701    31424.0000    16611.0000  8294006   47.14%
  16704 12118    18696.0000   901    31424.0000    16611.0000  8310338   47.14%
  16746 12151    20256.0000  1101    31424.0000    16611.0000  8320923   47.14%
  16788 12186    27690.0000  2819    31424.0000    16611.0000  8335945   47.14%
  16799 12191    18623.0000  4050    31424.0000    16611.0000  8355023   47.14%
  16804 12196    18623.0000  4331    31424.0000    16611.0000  8368132   47.14%
  16840 12224    28095.0000   266    31424.0000    16611.0000  8376686   47.14%
  16852 12230    infeasible          31424.0000    16611.0000  8388499   47.14%
  16856 12228    infeasible          31424.0000    16611.0000  8397158   47.14%
Elapsed time = 5950.36 sec. (6502459.38 ticks, tree = 372.88 MB, solutions = 5)
  16857 12229    16611.0000  4159    31424.0000    16611.0000  8409562   47.14%
  16858 12230    16611.0000  3285    31424.0000    16611.0000  8423217   47.14%
  16861 12233    18059.0000  1160    31424.0000    16611.0000  8439344   47.14%
  16917 12280    23671.0000   195    31424.0000    16611.0000  8444770   47.14%
  16961 12312    18289.0000   819    31424.0000    16611.0000  8454168   47.14%
  17014 12356    16611.0000  4628    31424.0000    16611.0000  8456886   47.14%
  17018 12360    16611.0561  4539    31424.0000    16611.0000  8476718   47.14%
  17047 12373    18118.0000  4430    31424.0000    16611.0000  8494152   47.14%
  17055 12373    16611.0000  3639    31424.0000    16611.0000  8504374   47.14%
  17061 12379    18059.0000  3333    31424.0000    16611.0000  8514384   47.14%
Elapsed time = 6048.39 sec. (6633262.00 ticks, tree = 377.41 MB, solutions = 5)
  17104 12411    30978.0000  4011    31424.0000    16611.0000  8528380   47.14%
  17112 12419    30978.0000  2042    31424.0000    16611.0000  8538588   47.14%
  17119 12422    16611.0000  4535    31424.0000    16611.0000  8553691   47.14%
  17124 12427    18059.0000  3859    31424.0000    16611.0000  8568638   47.14%
  17155 12451    30978.0000  2531    31424.0000    16611.0000  8587602   47.14%
  17179 12473    31149.0000   412    31424.0000    16611.0000  8596476   47.14%
  17201 12490    18230.0000   976    31424.0000    16611.0000  8607392   47.14%
  17225 12506    27690.0000  1346    31424.0000    16611.0000  8619862   47.14%
  17229 12510    30978.0000  1317    31424.0000    16611.0000  8636119   47.14%
  17252 12526    31149.0000   413    31424.0000    16611.0000  8642730   47.14%
Elapsed time = 6099.22 sec. (6695855.75 ticks, tree = 381.50 MB, solutions = 5)
  17261 12531    27690.0000   967    31424.0000    16611.0000  8656511   47.14%
  17270 12538    31149.0000   469    31424.0000    16611.0000  8661204   47.14%
  17338 12579    16611.0000  4989    31424.0000    16611.0000  8687935   47.14%
  17341 12580        cutoff          31424.0000    16611.0000  8710721   47.14%
  17343 12580    16611.0000  3806    31424.0000    16611.0000  8717434   47.14%
  17346 12583    16782.0000  2273    31424.0000    16611.0000  8732181   47.14%
  17347 12582    infeasible          31424.0000    16611.0000  8736627   47.14%
  17359 12590    16611.0000  4463    31424.0000    16611.0000  8762320   47.14%
  17364 12591    16670.0000  3745    31424.0000    16611.0000  8777202   47.14%
  17368 12595    27690.0000   713    31424.0000    16611.0000  8791236   47.14%
Elapsed time = 6197.93 sec. (6807153.45 ticks, tree = 383.52 MB, solutions = 5)
  17384 12599    27690.0000  1348    31424.0000    16611.0000  8808262   47.14%
  17393 12600    16611.0000  4010    31424.0000    16611.0000  8818170   47.14%
  17396 12603    18230.0000   942    31424.0000    16611.0000  8831099   47.14%
  17436 12637    18351.0000  1320    31424.0000    16611.0000  8838542   47.14%
  17500 12692    27690.0000  3374    31424.0000    16611.0000  8847421   47.14%
  17532 12716    27690.0000  2857    31424.0000    16611.0000  8858536   47.14%
  17534 12718    27690.0000  5771    31424.0000    16611.0000  8875390   47.14%
  17537 12719    27690.0000  3846    31424.0000    16611.0000  8896762   47.14%
  17540 12718    18059.0000  4067    31424.0000    16611.0000  8916985   47.14%
  17546 12718    17124.0000  3001    31424.0000    16611.0000  8932922   47.14%
Elapsed time = 6272.92 sec. (6899418.16 ticks, tree = 386.95 MB, solutions = 5)
  17553 12723    17124.0000   827    31424.0000    16611.0000  8942278   47.14%
  17555 12723    infeasible          31424.0000    16611.0000  8944677   47.14%
  17569 12731    29567.0000  1384    31424.0000    16611.0561  8958200   47.14%
  17614 12761    20023.0000   611    31424.0000    16611.0603  8963746   47.14%
  17694 12825    30462.0000   159    31424.0000    16611.0603  8968875   47.14%
  17753 12875    20253.0000   650    31424.0000    16611.2830  8975285   47.14%
  17832 12939    19961.0000   706    31424.0000    16611.2830  8979455   47.14%
  17845 12950    20707.0000   361    31424.0000    16611.2830  8980216   47.14%
  17927 13017    19769.0000   282    31424.0000    16611.2830  8983091   47.14%
  17995 13074    23772.0000   226    31424.0000    16611.2830  8988246   47.14%
Elapsed time = 6331.31 sec. (6969659.22 ticks, tree = 397.24 MB, solutions = 5)
  18073 13134    16673.0000  1300    31424.0000    16623.0000  8994083   47.10%
  18135 13189    18256.0000   752    31424.0000    16623.0000  8998149   47.10%
  18137 13189    infeasible          31424.0000    16623.0000  8998780   47.10%
  18215 13246    17883.0000   619    31424.0000    16623.0000  9003231   47.10%
  18308 13323    18981.0000   261    31424.0000    16623.0000  9006107   47.10%
  18362 13362    31149.0000  1020    31424.0000    16639.0000  9012292   47.05%
  18390 13376    16670.0000  1066    31424.0000    16670.0000  9022036   46.95%
  18402 13386    17357.0000   510    31424.0000    16670.0000  9022538   46.95%
  18519 13491    17124.0000   603    31424.0000    16670.0000  9024994   46.95%
  18652 13594    16782.0000   997    31424.0000    16670.0000  9026804   46.95%
Elapsed time = 6385.38 sec. (7043662.13 ticks, tree = 412.50 MB, solutions = 5)
  18726 13656    24907.0000   253    31424.0000    16670.0000  9031593   46.95%
  18826 13742    22629.0000   244    31424.0000    16670.0000  9035230   46.95%
  18928 13826    18782.0000   709    31424.0000    16670.0000  9038484   46.95%
  19027 13907    18256.0000   874    31424.0000    16670.0000  9042152   46.95%
  19076 13944    16844.0000   756    31424.0000    16670.0000  9045027   46.95%
  19180 14035    19201.0000   277    31424.0000    16670.0000  9048014   46.95%
  19273 14114    23482.0000   481    31424.0000    16670.0000  9051516   46.95%
  19345 14179    22190.0000   176    31424.0000    16670.0000  9054598   46.95%
  19388 14208    23078.0000   624    31424.0000    16670.0000  9062137   46.95%
  19481 14284    17186.0000   706    31424.0000    16670.0000  9065227   46.95%
Elapsed time = 6431.71 sec. (7104524.52 ticks, tree = 432.91 MB, solutions = 5)
  19543 14334    31149.0000   294    31424.0000    16670.0000  9072651   46.95%
  19554 14335    16670.0000  2613    31424.0000    16670.0000  9080491   46.95%
  19555 14334    infeasible          31424.0000    16670.0000  9085982   46.95%
  19561 14338    16794.0000   819    31424.0000    16670.0000  9088839   46.95%
  19596 14366    infeasible          31424.0000    16670.0000  9089695   46.95%
  19702 14463    24965.0000   201    31424.0000    16670.1854  9092802   46.95%
  19770 14520    24332.0000   229    31424.0000    16670.1854  9097614   46.95%
  19864 14601    21764.0000   392    31424.0000    16670.1854  9100107   46.95%
  19943 14669    20194.0000   761    31424.0000    16673.0000  9103196   46.94%
  19975 14699    infeasible          31424.0000    16673.0000  9104130   46.94%
Elapsed time = 6485.82 sec. (7167321.41 ticks, tree = 445.15 MB, solutions = 5)
  20071 14779    18445.0000   305    31424.0000    16673.0000  9108620   46.94%
  20195 14889    21372.0000   499    31424.0000    16673.0000  9111426   46.94%
  20260 14946    17273.4615   926    31424.0000    16673.0000  9117170   46.94%
  20275 14959    23016.0000   320    31424.0000    16673.0000  9118612   46.94%
  20391 15059    18788.0000   367    31424.0000    16673.0000  9121102   46.94%
  20459 15108    16841.0000   613    31424.0000    16673.0000  9126611   46.94%
  20526 15166    16782.0000  1023    31424.0000    16673.0000  9130760   46.94%
  20590 15222    24460.0000   616    31424.0000    16673.0000  9136129   46.94%
  20691 15305    16953.0000   501    31424.0000    16673.0000  9139088   46.94%

Performing restart 2

Repeating presolve.
Tried aggregator 2 times.
MIP Presolve eliminated 2 rows and 1 columns.
MIP Presolve modified 8497 coefficients.
Aggregator did 1 substitutions.
Reduced MIP has 75780 rows, 17664 columns, and 233680 nonzeros.
Reduced MIP has 16931 binaries, 0 generals, 0 SOSs, and 0 indicators.
Presolve time = 0.98 sec. (1107.94 ticks)
Tried aggregator 2 times.
MIP Presolve eliminated 10 rows and 4 columns.
MIP Presolve modified 19768 coefficients.
Aggregator did 4 substitutions.
Reduced MIP has 75766 rows, 17656 columns, and 233639 nonzeros.
Reduced MIP has 16923 binaries, 0 generals, 0 SOSs, and 0 indicators.
Presolve time = 0.93 sec. (1035.87 ticks)
Represolve time = 4.92 sec. (7666.11 ticks)
  20709     0    10512.4029  9477    31424.0000    Cuts: 4494  9183618   46.94%
  20709     0    10512.4029  9540    31424.0000    Cuts: 2439  9184882   46.94%
  20709     0    10512.4029  8826    31424.0000    Cuts: 1792  9186039   46.94%
  20709     0    10513.9568  8711    31424.0000    Cuts: 4401  9187181   46.94%
  20709     0    10513.9568  8724    31424.0000    Cuts: 3470  9188140   46.94%
  20709     0    10513.9568  8296    31424.0000    Cuts: 1488  9189233   46.94%
  20709     0    10516.5292  8338    31424.0000    Cuts: 4587  9190640   46.94%
  20709     0    10516.5292  7862    31424.0000    Cuts: 1314  9191413   46.94%
  20709     0    10516.5292  8045    31424.0000    Cuts: 5674  9192379   46.94%
  20709     0    10516.5292  7683    31424.0000    Cuts: 1166  9193083   46.94%
  20709     0    10516.5292  7886    31424.0000    Cuts: 5275  9194034   46.94%
  20709     0    10516.5292  7655    31424.0000    Cuts: 1290  9195068   46.94%
  20709     0    10519.9009  7824    31424.0000    Cuts: 3724  9196182   46.94%
  20709     2    10519.9009  7355    31424.0000    16673.0000  9196183   46.94%
Elapsed time = 6745.88 sec. (7485323.39 ticks, tree = 0.01 MB, solutions = 5)
  20710     2    22975.7728  1956    31424.0000    16673.0000  9205689   46.94%
  20711     3    23137.7109  1795    31424.0000    16673.0000  9206729   46.94%
  20712     3    23358.0454  1765    31424.0000    16673.0000  9207023   46.94%
  20713     3    23677.1826  1550    31424.0000    16673.0000  9207267   46.94%
  20714     4    23824.4579  1522    31424.0000    16673.0000  9207643   46.94%
  20716     6    24464.8599  1297    31424.0000    16673.0000  9208844   46.94%
  20718     8    25608.9336   948    31424.0000    16673.0000  9209442   46.94%
  20720    10    30978.0000   549    31424.0000    16673.0000  9210488   46.94%
  20723    13    27861.0000   484    31424.0000    16673.0000  9211676   46.94%
  20734    24    28203.0000   153    31424.0000    16673.0000  9212045   46.94%
Elapsed time = 6781.70 sec. (7547099.85 ticks, tree = 11.61 MB, solutions = 5)
  20750    40    28947.0000   101    31424.0000    16673.0000  9212208   46.94%
  20759    46    13152.0000  6169    31424.0000    16673.0000  9212920   46.94%
  20760    47    16611.0000  3490    31424.0000    16673.0000  9215150   46.94%
  20761    48    16611.0000  4557    31424.0000    16673.0000  9224848   46.94%
  20762    49    16611.0000  3502    31424.0000    16673.0000  9230599   46.94%
  20763    50    16611.0000  4805    31424.0000    16673.0000  9230951   46.94%
  20764    51    16673.0000  3546    31424.0000    16673.0000  9241148   46.94%
  20765    52    16673.0000  3600    31424.0000    16673.0000  9241840   46.94%
  20766    53    16673.0000  2290    31424.0000    16673.0000  9245540   46.94%
  20767    54    16673.0000  2472    31424.0000    16673.0000  9245950   46.94%
Elapsed time = 6846.37 sec. (7650971.87 ticks, tree = 26.35 MB, solutions = 5)
  20768    54    19545.0000  3214    31424.0000    16673.0000  9249932   46.94%
  20769    55    19728.0000  3133    31424.0000    16673.0000  9250017   46.94%
  20770    56    19728.0000  3074    31424.0000    16673.0000  9250873   46.94%
  20771    57    19728.0000  3039    31424.0000    16673.0000  9251116   46.94%
  20772    58    19728.0000  2974    31424.0000    16673.0000  9251241   46.94%
  20773    59    19728.0000  1647    31424.0000    16673.0000  9252178   46.94%
  20774    60    26304.0000  1329    31424.0000    16673.0000  9252748   46.94%
  20775    61    20400.0000  1571    31424.0000    16673.0000  9252821   46.94%
  20778    64    20571.0000   407    31424.0000    16673.0000  9253868   46.94%
  20783    69    23591.0000   295    31424.0000    16673.0000  9254330   46.94%
Elapsed time = 6946.31 sec. (7792566.93 ticks, tree = 34.90 MB, solutions = 5)
  20797    83    23762.0000   157    31424.0000    16673.0000  9254847   46.94%
  20815   100    24566.0000    88    31424.0000    16673.0000  9255490   46.94%
  20818   100    13152.0000  6062    31424.0000    16673.0000  9256157   46.94%
  20819   101    16440.0000  5184    31424.0000    16673.0000  9256988   46.94%
  20820   102    16440.0000  5126    31424.0000    16673.0000  9257140   46.94%
  20821   103    16440.0000  5015    31424.0000    16673.0000  9257307   46.94%
  20822   104    16440.0000  3338    31424.0000    16673.0000  9258501   46.94%
  20823   105    16440.0000  3077    31424.0000    16673.0000  9258834   46.94%
  20824   106    16440.0000  2995    31424.0000    16673.0000  9258992   46.94%
  20825   107    16440.0000  3031    31424.0000    16673.0000  9260029   46.94%
Elapsed time = 6992.54 sec. (7874562.99 ticks, tree = 58.08 MB, solutions = 5)
  20826   108    16440.0000  2525    31424.0000    16673.0000  9260620   46.94%
  20827   109    16440.0000  2504    31424.0000    16673.0000  9260687   46.94%
  20828   110    16440.0000  2515    31424.0000    16673.0000  9261316   46.94%
  20829   111    16440.0000  2506    31424.0000    16673.0000  9261428   46.94%
  20830   112    27690.0000  1295    31424.0000    16673.0000  9263079   46.94%
  20837   118    31149.0000   128    31424.0000    16673.0000  9263595   46.94%
  20857   133    18685.9952  5180    31424.0000    16673.0000  9268472   46.94%
  20858   134    18880.8705  4828    31424.0000    16673.0000  9268586   46.94%
  20859   135    19064.9594  5414    31424.0000    16673.0000  9270882   46.94%
  20860   136    20581.5157  4426    31424.0000    16673.0000  9273418   46.94%
Elapsed time = 7052.53 sec. (7983674.13 ticks, tree = 74.59 MB, solutions = 5)
  20861   137    21478.0004  3854    31424.0000    16673.0000  9275846   46.94%
  20862   138    22350.1013  3765    31424.0000    16673.0000  9276028   46.94%
  20863   139    22626.4560  3729    31424.0000    16673.0000  9276097   46.94%
  20864   140    22630.3534  3286    31424.0000    16673.0000  9276288   46.94%
  20865   141    24402.0000  2999    31424.0000    16673.0000  9278991   46.94%
  20866   142    25542.1103  1301    31424.0000    16673.0000  9280226   46.94%
  20868   144    25590.3110  1177    31424.0000    16673.0000  9280308   46.94%
  20869   144    28032.0000  1036    31424.0000    16673.0000  9280634   46.94%
  20870   145    28032.0000  1002    31424.0000    16673.0000  9280669   46.94%
  20871   146    28032.0000   972    31424.0000    16673.0000  9280687   46.94%
Elapsed time = 7107.25 sec. (8058437.60 ticks, tree = 74.79 MB, solutions = 5)
  20883   158    31149.0000   193    31424.0000    16673.0000  9281369   46.94%
  20906   181    31380.0000   107    31424.0000    16673.0000  9281833   46.94%
  20909   180    16611.0000  2389    31424.0000    16673.0000  9281970   46.94%
  20910   181    17112.0000  1553    31424.0000    16673.0000  9284121   46.94%
  20911   182    17112.0000  1069    31424.0000    16673.0000  9285726   46.94%
  20912   183    17112.0000  1073    31424.0000    16673.0000  9285741   46.94%
  20917   188    17454.0000   339    31424.0000    16673.0000  9286925   46.94%
  20930   201    19544.0000   164    31424.0000    16673.0000  9287357   46.94%
  20944   214    20057.0000   195    31424.0000    16673.0000  9287731   46.94%
  20946   214    17283.0000  1582    31424.0000    16673.0000  9289896   46.94%
Elapsed time = 7143.44 sec. (8107751.22 ticks, tree = 75.57 MB, solutions = 5)
  20947   215    17283.0000  1208    31424.0000    16673.0000  9291285   46.94%
  20949   217    17454.0000   437    31424.0000    16673.0000  9291922   46.94%
  20956   224    17697.0000   297    31424.0000    16673.0000  9292038   46.94%
  20967   235    17883.0000   199    31424.0000    16673.0000  9292221   46.94%
  20977   245    18458.0000   202    31424.0000    16673.0000  9292724   46.94%
  20987   253    infeasible          31424.0000    16673.0000  9293069   46.94%
  20999   260    19431.0000   204    31424.0000    16673.0000  9293368   46.94%
  21006   264    17345.0000  1490    31424.0000    16673.0000  9294969   46.94%
  21007   263    infeasible          31424.0000    16673.0000  9296149   46.94%
  21008   262    infeasible          31424.0000    16673.0000  9296980   46.94%
Elapsed time = 7185.31 sec. (8165570.19 ticks, tree = 75.72 MB, solutions = 5)
  21009   263    16782.0000  2151    31424.0000    16673.0000  9297899   46.94%
  21010   264    16782.0000  1620    31424.0000    16673.0000  9298862   46.94%
  21011   265    16953.0000  1009    31424.0000    16673.0000  9299425   46.94%
  21017   271    17967.0000   262    31424.0000    16673.0000  9300483   46.94%
  21025   279    18029.0000   249    31424.0000    16673.0000  9300622   46.94%
  21033   281    16440.0000  3156    31424.0000    16673.0000  9306009   46.94%
  21034   282    16440.0000  4416    31424.0000    16673.0000  9311161   46.94%
  21035   283    16611.0000  2364    31424.0000    16673.0000  9313122   46.94%
  21036   284    16611.0000  2374    31424.0000    16673.0000  9313936   46.94%
  21037   285    16611.0000  2362    31424.0000    16673.0000  9314339   46.94%
Elapsed time = 7230.73 sec. (8240225.59 ticks, tree = 75.65 MB, solutions = 5)
  21038   286    16673.0000  1776    31424.0000    16673.0000  9315146   46.94%
  21040   288    16953.0000   664    31424.0000    16673.0000  9316433   46.94%
  21043   291    17124.0000   508    31424.0000    16673.0000  9316560   46.94%
  21047   295    18225.0000   283    31424.0000    16673.0000  9317029   46.94%
  21055   303    18396.0000   234    31424.0000    16673.0000  9317164   46.94%
  21064   312    18798.0000   228    31424.0000    16673.0000  9317379   46.94%
  21072   320    19387.0000   160    31424.0000    16673.0000  9317568   46.94%
  21085   331    20434.0000   119    31424.0000    16673.0000  9317786   46.94%
  21091   333    17283.0000  2559    31424.0000    16673.0000  9323541   46.94%
  21092   333    20400.0000  1702    31424.0000    16673.0000  9325301   46.94%
Elapsed time = 7265.94 sec. (8294066.01 ticks, tree = 76.33 MB, solutions = 5)
  21093   334    20400.0000  1680    31424.0000    16673.0000  9325312   46.94%
  21094   335    20400.0000  1552    31424.0000    16673.0000  9325639   46.94%
  21095   336    20571.0000  1579    31424.0000    16673.0000  9325765   46.94%
  21096   337    20571.0000  1042    31424.0000    16673.0000  9326392   46.94%
  21100   341    31149.0000   189    31424.0000    16673.0000  9326886   46.94%
  21111   345    16611.0000  2852    31424.0000    16673.0000  9337329   46.94%
  21112   346    17355.0000  1162    31424.0000    16673.0000  9340141   46.94%
  21114   348    17355.0000  1108    31424.0000    16673.0000  9340217   46.94%
  21116   350    17355.0000  1011    31424.0000    16673.0000  9341109   46.94%
  21117   351    17355.0000  1023    31424.0000    16673.0000  9341174   46.94%
Elapsed time = 7329.60 sec. (8371661.91 ticks, tree = 76.71 MB, solutions = 5)
  21119   353    28434.0000   313    31424.0000    16673.0000  9341608   46.94%
  21124   358    17355.0000   438    31424.0000    16673.0000  9343188   46.94%
  21131   365    17883.0000   317    31424.0000    16673.0000  9343403   46.94%
  21138   372    17883.0000   303    31424.0000    16673.0000  9343967   46.94%
  21144   378    18054.0000   360    31424.0000    16673.0000  9344384   46.94%
  21151   385    18225.0000   320    31424.0000    16673.0000  9344553   46.94%
  21157   391    18225.0000   266    31424.0000    16673.0000  9344647   46.94%
  21163   397    18396.0000   256    31424.0000    16673.0000  9344761   46.94%
  21170   404    18567.0000   210    31424.0000    16673.0000  9344847   46.94%
  21180   414    18969.0000   180    31424.0000    16673.0000  9345281   46.94%
Elapsed time = 7359.47 sec. (8414323.42 ticks, tree = 78.32 MB, solutions = 5)
  21189   421    19200.0000   155    31424.0000    16673.0000  9345461   46.94%
  21198   430    19728.0000   154    31424.0000    16673.0000  9345609   46.94%
  21206   438    19371.0000   155    31424.0000    16673.0000  9345715   46.94%
  21214   444    infeasible          31424.0000    16673.0000  9345910   46.94%
  21216   444    16440.0000  3136    31424.0000    16673.0000  9350882   46.94%
  21217   445    16611.0000  2464    31424.0000    16673.0000  9355813   46.94%
  21218   446    16611.0000  2461    31424.0000    16673.0000  9357994   46.94%
  21219   447    16782.0000  1999    31424.0000    16673.0000  9359497   46.94%
  21220   448    16782.0000  2037    31424.0000    16673.0000  9360407   46.94%
  21221   449    16782.0000  1967    31424.0000    16673.0000  9360669   46.94%
Elapsed time = 7409.42 sec. (8481188.55 ticks, tree = 78.69 MB, solutions = 5)
  21222   450    16782.0000  1935    31424.0000    16673.0000  9360785   46.94%
  21223   451    16782.0000  1921    31424.0000    16673.0000  9360842   46.94%
  21224   452    16782.0000  1912    31424.0000    16673.0000  9360850   46.94%
  21225   453    16953.0000   878    31424.0000    16673.0000  9361874   46.94%
  21227   455    17124.0000   670    31424.0000    16673.0000  9361968   46.94%
  21235   463    22057.0000   242    31424.0000    16673.0000  9362617   46.94%
  21252   480    22630.0000   133    31424.0000    16673.0000  9362909   46.94%
  21255   480    21114.0000  3589    31424.0000    16673.0000  9368211   46.94%
  21256   481    24402.0000  2445    31424.0000    16673.0000  9371127   46.94%
  21257   482    24402.0000  2790    31424.0000    16673.0000  9371510   46.94%
Elapsed time = 7454.90 sec. (8546210.89 ticks, tree = 79.51 MB, solutions = 5)
  21258   483    24402.0000  2736    31424.0000    16673.0000  9371536   46.94%
  21259   484    24402.0000  2734    31424.0000    16673.0000  9371537   46.94%
  21260   485    27690.0000  2066    31424.0000    16673.0000  9371795   46.94%
  21263   488    27690.0000   423    31424.0000    16673.0000  9372368   46.94%
  21266   491    27690.0000   996    31424.0000    16673.0000  9372897   46.94%
  21270   495    27861.0000   398    31424.0000    16673.0000  9373878   46.94%
  21279   504    28032.0000   230    31424.0000    16673.0000  9374024   46.94%
  21294   519    28374.0000   164    31424.0000    16673.0000  9374389   46.94%
  21308   526    infeasible          31424.0000    16673.0000  9374684   46.94%
  21309   527    16502.0000  4397    31424.0000    16673.0000  9379315   46.94%
Elapsed time = 7502.73 sec. (8609509.00 ticks, tree = 80.14 MB, solutions = 5)
  21310   528    16673.0000  4077    31424.0000    16673.0000  9382441   46.94%
  21311   529    16673.0000  3895    31424.0000    16673.0000  9384880   46.94%
  21312   530    16673.0000  2219    31424.0000    16673.0000  9387244   46.94%
  21313   531    19728.0000  2378    31424.0000    16673.0000  9389111   46.94%
  21314   532    19728.0000  2271    31424.0000    16673.0000  9389237   46.94%
  21315   533    19899.0000  1718    31424.0000    16673.0000  9389962   46.94%
  21316   534    19899.0000  1469    31424.0000    16673.0000  9390443   46.94%
  21317   535    19899.0000  1554    31424.0000    16673.0000  9390574   46.94%
  21321   539    20363.0000   330    31424.0000    16673.0000  9391694   46.94%
  21332   550    20814.0000   230    31424.0000    16673.0000  9392268   46.94%
Elapsed time = 7549.11 sec. (8669950.28 ticks, tree = 80.66 MB, solutions = 5)
  21343   561    22031.0000   194    31424.0000    16673.0000  9392477   46.94%
  21352   568    22322.0000   168    31424.0000    16673.0000  9392676   46.94%
  21359   571    21417.8843  4032    31424.0000    16673.0000  9398586   46.94%
  21360   572    21432.4701  3970    31424.0000    16673.0000  9398704   46.94%
  21361   573    21850.3333  3868    31424.0000    16673.0000  9399076   46.94%
  21362   574    22730.2256  2865    31424.0000    16673.0000  9399870   46.94%
  21363   575    24402.0000  2432    31424.0000    16673.0000  9400605   46.94%
  21365   577    25865.4336   601    31424.0000    16673.0000  9404749   46.94%
  21367   579    28032.0000   457    31424.0000    16673.0000  9404876   46.94%
  21373   585    28203.0000   293    31424.0000    16673.0000  9404988   46.94%
Elapsed time = 7604.22 sec. (8752887.93 ticks, tree = 81.55 MB, solutions = 5)
  21385   597    28545.0000   161    31424.0000    16673.0000  9405194   46.94%
  21398   607    16440.0000  5278    31424.0000    16673.0000  9423517   46.94%
  21399   608    16440.0000  7228    31424.0000    16673.0000  9434413   46.94%
  21400   609    16440.0000  5061    31424.0000    16673.0000  9451952   46.94%
  21401   610    16440.0000  4925    31424.0000    16673.0000  9472350   46.94%
  21402   611    16440.0000  5441    31424.0000    16673.0000  9484540   46.94%
  21403   612    16440.0000  4867    31424.0000    16673.0000  9507396   46.94%
  21404   613    16440.0000  3468    31424.0000    16673.0000  9521964   46.94%
  21405   614    20816.5514  5002    31424.0000    16673.0000  9532384   46.94%
  21407   616    24402.0000  4320    31424.0000    16673.0000  9539426   46.94%
Elapsed time = 7697.90 sec. (8900086.60 ticks, tree = 81.77 MB, solutions = 5)
  21408   617    24402.0000  2920    31424.0000    16673.0000  9545826   46.94%
  21409   618    24402.0000  4093    31424.0000    16673.0000  9546341   46.94%
  21410   619    24402.0000  2487    31424.0000    16673.0000  9552874   46.94%
  21411   620    24402.0000  2404    31424.0000    16673.0000  9552906   46.94%
  21412   621    24402.0000  2342    31424.0000    16673.0000  9554362   46.94%
  21414   623    28263.0000   596    31424.0000    16673.0000  9556650   46.94%
  21420   628    31320.0000   106    31424.0000    16673.0000  9557702   46.94%
  21422   628    16673.0000  4775    31424.0000    16673.0000  9563791   46.94%
  21423   629    16673.0000  4828    31424.0000    16673.0000  9570291   46.94%
  21425   631    16844.0000  4052    31424.0000    16673.0000  9570636   46.94%
Elapsed time = 7782.14 sec. (9021778.47 ticks, tree = 82.11 MB, solutions = 5)
  21427   633    16844.0000  2629    31424.0000    16673.0000  9574436   46.94%
  21429   635    16844.0000  2147    31424.0000    16673.0000  9576590   46.94%
  21431   637    16844.0000  2007    31424.0000    16673.0000  9577233   46.94%
  21433   639    16844.0000  1970    31424.0000    16673.0000  9578372   46.94%
  21435   641    17184.0000  1549    31424.0000    16673.0000  9580184   46.94%
  21444   645    16476.9921  3783    31424.0000    16673.0000  9589395   46.94%
  21446   647    17013.0000  3014    31424.0000    16673.0000  9594857   46.94%
  21448   649    17013.0000  3014    31424.0000    16673.0000  9594863   46.94%
  21450   651    17013.0000  2438    31424.0000    16673.0000  9597669   46.94%
  21452   653    17013.0000  2086    31424.0000    16673.0000  9600381   46.94%
Elapsed time = 7938.79 sec. (9241654.74 ticks, tree = 82.61 MB, solutions = 5)
  21455   656    20363.0000  1052    31424.0000    16673.0000  9603442   46.94%
  21472   669    infeasible          31424.0000    16673.0000  9608102   46.94%
  21474   669    16440.0000  5594    31424.0000    16673.0000  9645035   46.94%
  21476   671    16611.0000  4816    31424.0000    16673.0000  9670346   46.94%
  21478   673    16611.0000  4887    31424.0000    16673.0000  9678776   46.94%
  21480   675    16611.0000  3592    31424.0000    16673.0000  9691679   46.94%
  21482   677    16611.0000  3762    31424.0000    16673.0000  9703175   46.94%
  21484   679    16611.0000  2824    31424.0000    16673.0000  9719538   46.94%
  21486   681    16611.0000  3873    31424.0000    16673.0000  9728654   46.94%
  21495   690    29421.0000   356    31424.0000    16673.0000  9736984   46.94%
Elapsed time = 8072.02 sec. (9435759.50 ticks, tree = 82.85 MB, solutions = 5)
  21501   693    20170.8704  4963    31424.0000    16673.0000  9749943   46.94%
  21503   695    20505.0084  4430    31424.0000    16673.0000  9752297   46.94%
  21504   696    20705.5863  4398    31424.0000    16673.0000  9752721   46.94%
  21506   698    25501.0000  3080    31424.0000    16673.0000  9762280   46.94%
  21507   699    25501.0000  3034    31424.0000    16673.0000  9762705   46.94%
  21508   700    25501.0000  2956    31424.0000    16673.0000  9762739   46.94%
  21509   701    25672.0000  1945    31424.0000    16673.0000  9763536   46.94%
  21510   702    25672.0000  1945    31424.0000    16673.0000  9763543   46.94%
  21515   701    16440.0000  4935    31424.0000    16673.0000  9784735   46.94%
  21517   703    16440.0000  2757    31424.0000    16673.0000  9806822   46.94%
Elapsed time = 8237.39 sec. (9658383.16 ticks, tree = 83.11 MB, solutions = 5)
  21519   705    16440.0000  2667    31424.0000    16673.0000  9813492   46.94%
  21521   707    16440.0000  2462    31424.0000    16673.0000  9818848   46.94%
  21523   709    16478.1594  2447    31424.0000    16673.0000  9823516   46.94%
  21525   711    17184.0000  1502    31424.0000    16673.0000  9828505   46.94%
  21527   713    17184.0000  1036    31424.0000    16673.0000  9829277   46.94%
  21538   724    17355.0000   530    31424.0000    16673.0000  9832658   46.94%
  21547   727    20615.3277  4795    31424.0000    16673.0000  9847029   46.94%
  21549   729    21469.0000  3988    31424.0000    16673.0000  9866888   46.94%
  21551   731    24757.0000  3169    31424.0000    16673.0000  9867311   46.94%
  21555   735    24757.0000  1708    31424.0000    16673.0000  9878404   46.94%
Elapsed time = 8369.23 sec. (9859305.48 ticks, tree = 83.82 MB, solutions = 5)
  21563   743    28278.0000   390    31424.0000    16673.0000  9882126   46.94%
  21582   758    16440.0000  4083    31424.0000    16673.0000  9890212   46.94%
  21584   760    16673.0000  4476    31424.0000    16673.0000  9911251   46.94%
  21586   762    16673.0000  4596    31424.0000    16673.0000  9911453   46.94%
  21588   764    16844.0000  4495    31424.0000    16673.0000  9911881   46.94%
  21590   766    16844.0000  2780    31424.0000    16673.0000  9925735   46.94%
  21591   767    17355.0000  2413    31424.0000    16673.0000  9927851   46.94%
  21602   778    24444.0000   302    31424.0000    16673.0000  9929885   46.94%
  21614   790    24957.0000   167    31424.0000    16673.0000  9930029   46.94%
  21626   796    16611.0000  3256    31424.0000    16673.0000  9936965   46.94%
Elapsed time = 8518.13 sec. (10075805.71 ticks, tree = 85.51 MB, solutions = 5)
  21628   798    16844.0000  3698    31424.0000    16673.0000  9945866   46.94%
  21630   800    17015.0000  2648    31424.0000    16673.0000  9947109   46.94%
  21631   801    17015.0000  2568    31424.0000    16673.0000  9947153   46.94%
  21632   802    17015.0000  2520    31424.0000    16673.0000  9947182   46.94%
  21634   804    19899.0000  1414    31424.0000    16673.0000  9948209   46.94%
  21636   806    19899.0000  1224    31424.0000    16673.0000  9948395   46.94%
  21659   823    16478.1594  4977    31424.0000    16673.0000  9971534   46.94%
  21661   825    16478.1594  3751    31424.0000    16673.0000  9981364   46.94%
  21663   827    19557.0000  2417    31424.0000    16673.0000  9987794   46.94%
  21664   828    19557.0000  2395    31424.0000    16673.0000  9987808   46.94%
Elapsed time = 8683.27 sec. (10294485.55 ticks, tree = 86.37 MB, solutions = 5)
  21666   829    23187.0000  1100    31424.0000    16673.0000  9992468   46.94%
  21667   830    23187.0000  1070    31424.0000    16673.0000  9992558   46.94%
  21672   835    23700.0000   374    31424.0000    16673.0000  9993013   46.94%
  21681   840    16440.0000  6085    31424.0000    16673.0000 10019382   46.94%
  21682   841    16440.0000  4838    31424.0000    16673.0000 10045873   46.94%
  21684   843    27690.0000  4803    31424.0000    16673.0000 10070325   46.94%
  21685   844    27690.0000  4715    31424.0000    16673.0000 10070620   46.94%
  21687   844    27690.0000  3445    31424.0000    16673.0000 10093486   46.94%
  21689   846    30978.0000  1809    31424.0000    16673.0000 10108912   46.94%
  21717   870    16440.0000  6612    31424.0000    16673.0000 10128054   46.94%
Elapsed time = 8842.89 sec. (10510561.56 ticks, tree = 86.87 MB, solutions = 5)
  21719   872    16440.0000  4823    31424.0000    16673.0000 10136884   46.94%
  21721   874    16782.0000  3659    31424.0000    16673.0000 10144203   46.94%
  21723   876    16782.0000  2961    31424.0000    16673.0000 10156166   46.94%
  21725   878    16782.0000  1391    31424.0000    16673.0000 10163713   46.94%
  21732   885    19899.0000   397    31424.0000    16673.0000 10165930   46.94%
  21748   897    19998.8754   988    31424.0000    16673.0000 10174316   46.94%
  21759   908    23762.0000   349    31424.0000    16673.0000 10177786   46.94%
  21769   915    16440.0000  3992    31424.0000    16673.0000 10186600   46.94%
  21771   917    16440.0000  4849    31424.0000    16673.0000 10198730   46.94%
  21773   919    16440.0000  4166    31424.0000    16673.0000 10207904   46.94%
Elapsed time = 8971.79 sec. (10717655.37 ticks, tree = 88.03 MB, solutions = 5)
  21776   922    19899.0000   727    31424.0000    16673.0000 10215034   46.94%
  21784   930    20303.0000   451    31424.0000    16673.0000 10216380   46.94%
  21811   953    21447.0000   141    31424.0000    16673.0000 10216936   46.94%
  21823   959    16440.0000  3897    31424.0000    16673.0000 10217267   46.94%
  21825   961    16440.0000  3861    31424.0000    16673.0000 10222498   46.94%
  21827   963    27690.0000  2849    31424.0000    16673.0000 10228698   46.94%
  21845   977    28203.0000   419    31424.0000    16673.0000 10233227   46.94%
  21858   985    17013.0000  1278    31424.0000    16673.0000 10241492   46.94%
  21860   987    17417.0000  1146    31424.0000    16673.0000 10247445   46.94%
  21863   990    17417.0000  1163    31424.0000    16673.0000 10247963   46.94%
Elapsed time = 9098.33 sec. (10893448.18 ticks, tree = 89.82 MB, solutions = 5)
  21885  1012    18225.0000   235    31424.0000    16673.0000 10249348   46.94%
  21889  1012    16440.0000  4789    31424.0000    16673.0000 10266529   46.94%
  21891  1014    22795.9232  3012    31424.0000    16673.0000 10273448   46.94%
  21904  1023    16611.0000  1913    31424.0000    16673.0000 10281194   46.94%
  21906  1025    19557.0000  1360    31424.0000    16673.0000 10290348   46.94%
  21909  1028    26042.7606   600    31424.0000    16673.0000 10293684   46.94%
  21914  1029    16440.0000  3444    31424.0000    16673.0000 10306072   46.94%
  21916  1031    16440.0000  3294    31424.0000    16673.0000 10306517   46.94%
  21918  1032    16502.0000  3469    31424.0000    16673.0000 10308500   46.94%
  21920  1034    16502.0000  3324    31424.0000    16673.0000 10308605   46.94%
Elapsed time = 9231.64 sec. (11083761.75 ticks, tree = 90.93 MB, solutions = 5)
  21922  1036    16953.0000  1808    31424.0000    16673.0000 10317034   46.94%
  21924  1037    16953.0000  1587    31424.0000    16673.0000 10317575   46.94%
  21926  1039    16953.0000  1661    31424.0000    16673.0000 10317956   46.94%
  21928  1041    16953.0000  1670    31424.0000    16673.0000 10318305   46.94%
  21930  1043    16953.0000  1545    31424.0000    16673.0000 10318643   46.94%
  21931  1044    19961.0000  1309    31424.0000    16673.0000 10319075   46.94%
  21940  1051    31149.0000   248    31424.0000    16673.0000 10319608   46.94%
  21954  1062    17184.0000  1292    31424.0000    16673.0000 10326549   46.94%
  21961  1069    17588.0000   446    31424.0000    16673.0000 10328054   46.94%
  21987  1093    infeasible          31424.0000    16673.0000 10328820   46.94%
Elapsed time = 9376.22 sec. (11257769.58 ticks, tree = 92.53 MB, solutions = 5)
  21990  1094    16782.0000  1480    31424.0000    16673.0000 10337599   46.94%
  21995  1099    17355.0000   687    31424.0000    16673.0000 10340499   46.94%
  22011  1115    18039.0000   291    31424.0000    16673.0000 10341621   46.94%
  22017  1117    16611.0000  1802    31424.0000    16673.0000 10346595   46.94%
  22021  1121    27861.0000   540    31424.0000    16673.0000 10351821   46.94%
  22050  1140    16502.0000  2803    31424.0000    16673.0000 10358892   46.94%
  22052  1142    20365.0000   578    31424.0000    16673.0000 10361947   46.94%
  22069  1159    20707.0000   218    31424.0000    16673.0000 10362495   46.94%
  22092  1179    16611.0000  3775    31424.0000    16673.0000 10362886   46.94%
  22094  1181    16782.0000  2272    31424.0000    16673.0000 10366937   46.94%
Elapsed time = 9503.44 sec. (11424432.40 ticks, tree = 94.95 MB, solutions = 5)
  22096  1183    16782.0000  1288    31424.0000    16673.0000 10369938   46.94%
  22099  1186    16953.0000  1171    31424.0000    16673.0000 10370292   46.94%
  22102  1189    16953.0000  1055    31424.0000    16673.0000 10370880   46.94%
  22108  1195    28203.0000   402    31424.0000    16673.0000 10372347   46.94%
  22129  1213    19899.0000  2803    31424.0000    16673.0000 10379147   46.94%
  22131  1215    19899.0000  2657    31424.0000    16673.0000 10379637   46.94%
  22135  1219    30978.0000   404    31424.0000    16673.0000 10384794   46.94%
  22155  1239    30978.0000   186    31424.0000    16673.0000 10385093   46.94%
  22161  1241    16496.3201  2934    31424.0000    16673.0000 10391819   46.94%
  22163  1243    19386.0000  1891    31424.0000    16673.0000 10396956   46.94%
Elapsed time = 9646.25 sec. (11611081.05 ticks, tree = 96.63 MB, solutions = 5)
  22165  1245    19961.0000  1198    31424.0000    16673.0000 10397734   46.94%
  22172  1251    20301.0000   474    31424.0000    16673.0000 10401835   46.94%
  22193  1272    21218.0000   143    31424.0000    16673.0000 10402526   46.94%
  22196  1271    16611.0000  3778    31424.0000    16673.0000 10412111   46.94%
  22198  1273    19899.0000  3531    31424.0000    16673.0000 10423116   46.94%
  22200  1275    20070.0000  2909    31424.0000    16673.0000 10423618   46.94%
  22202  1277    20070.0000  2704    31424.0000    16673.0000 10424400   46.94%
  22206  1278    16440.0000  4899    31424.0000    16673.0000 10438855   46.94%
  22208  1280    20070.0000   805    31424.0000    16673.0000 10443062   46.94%
  22224  1293    16440.0000  4686    31424.0000    16673.0000 10447875   46.94%
Elapsed time = 9799.32 sec. (11824659.58 ticks, tree = 97.89 MB, solutions = 5)
  22225  1294    16440.0000  4442    31424.0000    16673.0000 10448059   46.94%
  22226  1295    16782.0000  4221    31424.0000    16673.0000 10448857   46.94%
  22227  1296    16953.0000  3437    31424.0000    16673.0000 10451515   46.94%
  22229  1298    17124.0000  2054    31424.0000    16673.0000 10451699   46.94%
  22234  1303    17124.0000   498    31424.0000    16673.0000 10454752   46.94%
  22242  1308    27861.0000   566    31424.0000    16673.0000 10460086   46.94%
  22259  1320    infeasible          31424.0000    16673.0000 10462022   46.94%
  22260  1321    16611.0000  4483    31424.0000    16673.0000 10462093   46.94%
  22261  1322    16782.0000  2390    31424.0000    16673.0000 10467932   46.94%
  22262  1323    16782.0000  4533    31424.0000    16673.0000 10476107   46.94%
Elapsed time = 9917.92 sec. (12004186.17 ticks, tree = 98.55 MB, solutions = 5)
  22264  1325    16953.0000  1386    31424.0000    16673.0000 10479679   46.94%
  22270  1331    17295.0000   577    31424.0000    16673.0000 10482762   46.94%
  22284  1345    17759.0000   333    31424.0000    16673.0000 10483572   46.94%
  22318  1375    infeasible          31424.0000    16673.0000 10484385   46.94%
  22324  1376    16440.0000  4679    31424.0000    16673.0000 10495737   46.94%
  22325  1377    16440.0000  4659    31424.0000    16673.0000 10498778   46.94%
  22326  1378    19899.0000  4186    31424.0000    16673.0000 10505809   46.94%
  22327  1379    19899.0000  3638    31424.0000    16673.0000 10510406   46.94%
  22329  1381    20241.0000  1849    31424.0000    16673.0000 10514488   46.94%
  22331  1383    28032.0000  1054    31424.0000    16673.0000 10516474   46.94%
Elapsed time = 10072.94 sec. (12218213.81 ticks, tree = 100.14 MB, solutions = 5)
  22345  1397    28838.0000   170    31424.0000    16673.0000 10517218   46.94%
  22366  1415    27690.0000  2239    31424.0000    16673.0000 10521790   46.94%
  22374  1423    27861.0000  1004    31424.0000    16673.0000 10525020   46.94%
  22383  1432    28203.0000   240    31424.0000    16673.0000 10525265   46.94%
  22388  1433    16440.0000  4512    31424.0000    16673.0000 10536290   46.94%
  22390  1435    20070.0000  2340    31424.0000    16673.0000 10543376   46.94%
  22392  1437    20241.0000  1805    31424.0000    16673.0000 10545513   46.94%
  22398  1439    24102.3343  2488    31424.0000    16673.0000 10552270   46.94%
  22401  1442    24573.0000  1821    31424.0000    16673.0000 10555780   46.94%
  22409  1446    16611.0000  4633    31424.0000    16673.0000 10566920   46.94%
Elapsed time = 10223.33 sec. (12420009.85 ticks, tree = 101.87 MB, solutions = 5)
  22410  1447    19899.0000  4467    31424.0000    16673.0000 10575945   46.94%
  22411  1448    19899.0000  3740    31424.0000    16673.0000 10576273   46.94%
  22415  1452    27861.0000   496    31424.0000    16673.0000 10588434   46.94%
  22428  1465    28203.0000   470    31424.0000    16673.0000 10590204   46.94%
  22449  1481    21114.0000  4261    31424.0000    16673.0000 10602210   46.94%
  22452  1484    23733.4882  2535    31424.0000    16673.0000 10610037   46.94%
  22466  1495    16440.0000  4941    31424.0000    16673.0000 10624133   46.94%
  22468  1497    16611.0000  3711    31424.0000    16673.0000 10629137   46.94%
  22472  1501    19557.0000   798    31424.0000    16673.0000 10635426   46.94%
  22483  1512    20365.0000   327    31424.0000    16673.0000 10636023   46.94%
Elapsed time = 10384.09 sec. (12632594.24 ticks, tree = 103.62 MB, solutions = 5)
  22491  1516    16440.0000  5043    31424.0000    16673.0000 10666280   46.94%
  22492  1517    16782.0000  5288    31424.0000    16673.0000 10685738   46.94%
  22494  1519    16782.0000  4577    31424.0000    16673.0000 10693780   46.94%
  22496  1519    infeasible          31424.0000    16673.0000 10716574   46.94%
  22497  1520    16782.0000  3316    31424.0000    16673.0000 10728144   46.94%
  22499  1522    16782.0000  3940    31424.0000    16673.0000 10735288   46.94%
  22501  1524    16782.0000  5451    31424.0000    16673.0000 10748937   46.94%
  22503  1526    16782.0000  2003    31424.0000    16673.0000 10753125   46.94%
  22510  1533    20474.0000   434    31424.0000    16673.0000 10758152   46.94%
  22525  1542    16440.0000  4904    31424.0000    16673.0000 10780312   46.94%
Elapsed time = 10555.20 sec. (12882308.31 ticks, tree = 104.33 MB, solutions = 5)
  22526  1543    16611.0000  3751    31424.0000    16673.0000 10804274   46.94%
  22528  1544    16673.0000  5829    31424.0000    16673.0000 10813590   46.94%
  22529  1545    16673.0000  4764    31424.0000    16673.0000 10831692   46.94%
  22533  1545    16782.0000  4367    31424.0000    16673.0000 10849902   46.94%
  22535  1547    16782.0000  3604    31424.0000    16673.0000 10858237   46.94%
  22537  1549    16782.0000  3552    31424.0000    16673.0000 10866313   46.94%
  22539  1551    20070.0000  2365    31424.0000    16673.0000 10878047   46.94%
  22541  1553    20070.0000  2347    31424.0000    16673.0000 10878155   46.94%
  22543  1555    20303.0000   742    31424.0000    16673.0000 10880819   46.94%
  22547  1555    21020.4186  4748    31424.0000    16673.0000 10896806   46.94%
Elapsed time = 10716.87 sec. (13127257.15 ticks, tree = 104.56 MB, solutions = 5)
  22548  1556    21391.0008  3662    31424.0000    16673.0000 10898297   46.94%
  22550  1556    21404.8798  3669    31424.0000    16673.0000 10898812   46.94%
  22558  1564    30978.0000  1592    31424.0000    16673.0000 10904167   46.94%
  22597  1601    29178.0000   146    31424.0000    16673.0000 10905976   46.94%
  22600  1600    16440.0000  3684    31424.0000    16673.0000 10932316   46.94%
  22601  1601    16440.0000  6402    31424.0000    16673.0000 10948951   46.94%
  22603  1603    16502.0000  3889    31424.0000    16673.0000 10963185   46.94%
  22605  1605    16611.0000  3033    31424.0000    16673.0000 10980983   46.94%
  22607  1607    21838.6428   810    31424.0000    16673.0000 10989199   46.94%
  22614  1613    26133.0000   274    31424.0000    16673.0000 10989871   46.94%
Elapsed time = 10846.98 sec. (13320710.63 ticks, tree = 106.15 MB, solutions = 5)
  22623  1618    16440.0000  6124    31424.0000    16673.0000 11027233   46.94%
  22625  1620    16611.0000  4922    31424.0000    16673.0000 11046887   46.94%
  22627  1622    16611.0000  4266    31424.0000    16673.0000 11059444   46.94%
  22629  1624    16611.0000  3490    31424.0000    16673.0000 11064133   46.94%
  22631  1626    17184.0000  2743    31424.0000    16673.0000 11068377   46.94%
  22633  1628    17184.0000  2849    31424.0000    16673.0000 11071119   46.94%
  22640  1635    19899.0000   628    31424.0000    16673.0000 11075519   46.94%
  22649  1642    infeasible          31424.0000    16673.0000 11076020   46.94%
  22651  1642    16440.0000  3799    31424.0000    16673.0000 11085721   46.94%
  22653  1644    16782.0000  2461    31424.0000    16673.0000 11102701   46.94%
Elapsed time = 10983.47 sec. (13527549.44 ticks, tree = 107.47 MB, solutions = 5)
  22655  1646    16782.0000  4153    31424.0000    16673.0000 11108248   46.94%
  22659  1650    16782.0000  1390    31424.0000    16673.0000 11112756   46.94%
  22677  1664    27690.0000  2209    31424.0000    16673.0000 11126810   46.94%
  22682  1669    30978.0000  1762    31424.0000    16673.0000 11131707   46.94%
  22688  1674    30978.0000  1242    31424.0000    16673.0000 11135026   46.94%
  22700  1680    16440.0000  4907    31424.0000    16673.0000 11145989   46.94%
  22701  1681    16611.0000  5083    31424.0000    16673.0000 11154797   46.94%
  22703  1683    16611.0000  4736    31424.0000    16673.0000 11156594   46.94%
  22707  1687    20061.7208  1057    31424.0000    16673.0000 11159898   46.94%
  22714  1693    25950.0000   293    31424.0000    16673.0000 11160905   46.94%
Elapsed time = 11114.40 sec. (13713854.02 ticks, tree = 110.43 MB, solutions = 5)
  22780  1754    27390.0000    86    31424.0000    16673.0000 11162438   46.94%
  22785  1755    30978.0000  2815    31424.0000    16673.0000 11180255   46.94%
  22795  1765    31149.0000   270    31424.0000    16673.0000 11183572   46.94%
  22805  1769    16440.0000  4358    31424.0000    16673.0000 11205474   46.94%
  22807  1771    16502.0000  3808    31424.0000    16673.0000 11217986   46.94%
  22809  1773    16611.0000  3595    31424.0000    16673.0000 11218239   46.94%
  22811  1775    16611.0000  5880    31424.0000    16673.0000 11225072   46.94%
  22813  1777    17184.0000  2692    31424.0000    16673.0000 11229549   46.94%
  22815  1779    19619.0000  2544    31424.0000    16673.0000 11234923   46.94%
  22818  1782    31040.0000   494    31424.0000    16673.0000 11240807   46.94%
Elapsed time = 11262.11 sec. (13921908.58 ticks, tree = 112.95 MB, solutions = 5)
  22827  1791    31149.0000   784    31424.0000    16673.0000 11241361   46.94%
  22841  1802    16611.0000  3721    31424.0000    16673.0000 11242371   46.94%
  22843  1804    16611.0000  3551    31424.0000    16673.0000 11242766   46.94%
  22845  1806    16611.0000  5892    31424.0000    16673.0000 11248977   46.94%
  22847  1808    30978.0000  3403    31424.0000    16673.0000 11258773   46.94%
  22850  1811    30978.0000  3413    31424.0000    16673.0000 11266569   46.94%
  22865  1822    27690.0000  3849    31424.0000    16673.0000 11280225   46.94%
  22867  1824    30978.0000   706    31424.0000    16673.0000 11287304   46.94%
  22875  1832    30978.0000   595    31424.0000    16673.0000 11290535   46.94%
  22888  1843    31211.0000   158    31424.0000    16673.0000 11293415   46.94%
Elapsed time = 11406.04 sec. (14115669.95 ticks, tree = 114.47 MB, solutions = 5)
  22892  1843    16782.0000  1787    31424.0000    16673.0000 11298736   46.94%
  22895  1846    16782.0000  1106    31424.0000    16673.0000 11299831   46.94%
  22901  1852    16844.0000   884    31424.0000    16673.0000 11302165   46.94%
  22921  1867    infeasible          31424.0000    16673.0000 11303857   46.94%
  22924  1868    21429.9327  3883    31424.0000    16673.0000 11317621   46.94%
  22927  1871    24531.8017  1021    31424.0000    16673.0000 11322335   46.94%
  22933  1877    27861.0000   605    31424.0000    16673.0000 11322843   46.94%
  22956  1892    16440.0000  6210    31424.0000    16673.0000 11349118   46.94%
  22958  1894    16502.0000  5227    31424.0000    16673.0000 11368762   46.94%
  22960  1896    16782.0000  4247    31424.0000    16673.0000 11383412   46.94%
Elapsed time = 11538.09 sec. (14310860.24 ticks, tree = 115.82 MB, solutions = 5)
  22963  1899    19557.0000  3035    31424.0000    16673.0000 11394597   46.94%
  22967  1903    19728.0000   837    31424.0000    16673.0000 11402928   46.94%
  22973  1909    20194.0000   526    31424.0000    16673.0000 11405642   46.94%
  22992  1924    16611.0000  4694    31424.0000    16673.0000 11441432   46.94%
  22993  1925    16611.0000  4949    31424.0000    16673.0000 11456240   46.94%
  22995  1927    19728.0000  2553    31424.0000    16673.0000 11462927   46.94%
  23006  1938    20303.0000   409    31424.0000    16673.0000 11466486   46.94%
  23026  1952    21587.9025  4396    31424.0000    16673.0000 11481878   46.94%
  23030  1956    27861.0000   483    31424.0000    16673.0000 11487675   46.94%
  23040  1960    16476.9921  5432    31424.0000    16673.0000 11495118   46.94%
Elapsed time = 11679.72 sec. (14519134.51 ticks, tree = 118.61 MB, solutions = 5)
  23042  1962    27690.0000  2931    31424.0000    16673.0000 11507759   46.94%
  23045  1965    27690.0000  2147    31424.0000    16673.0000 11508035   46.94%
  23062  1979        cutoff          31424.0000    16673.0000 11516569   46.94%
  23064  1981    16782.0000  2189    31424.0000    16673.0000 11523120   46.94%
  23067  1984    19557.0000   872    31424.0000    16673.0000 11527975   46.94%
  23080  1991    28045.0000   983    31424.0000    16673.0000 11536600   46.94%
  23105  2006    16478.1594  3199    31424.0000    16673.0000 11553595   46.94%
  23106  2007    19657.2853  2481    31424.0000    16673.0000 11559885   46.94%
  23114  2013    20583.0000   474    31424.0000    16673.0000 11565387   46.94%
  23131  2024    30978.0000   471    31424.0000    16673.0000 11574251   46.94%
Elapsed time = 11822.29 sec. (14703509.64 ticks, tree = 120.27 MB, solutions = 5)
  23138  2026    16819.0349  3436    31424.0000    16673.0000 11579841   46.94%
  23140  2028    19557.0000  2468    31424.0000    16673.0000 11591151   46.94%
  23142  2030    19557.0000  2354    31424.0000    16673.0000 11595721   46.94%
  23153  2040    23871.0000   401    31424.0000    16673.0000 11599051   46.94%
  23159  2042    16478.1594  3881    31424.0000    16673.0000 11607916   46.94%
  23161  2044    16782.0000  3735    31424.0000    16673.0000 11614047   46.94%
  23163  2046    16782.0000  3171    31424.0000    16673.0000 11614336   46.94%
  23165  2048    17124.0000  1052    31424.0000    16673.0000 11621137   46.94%
  23169  2052    17466.0000   789    31424.0000    16673.0000 11621599   46.94%
  23175  2054    28045.0000   463    31424.0000    16673.0000 11631702   46.94%
Elapsed time = 11965.67 sec. (14898489.44 ticks, tree = 121.11 MB, solutions = 5)
  23184  2060    16478.1594  4119    31424.0000    16673.0000 11646230   46.94%
  23186  2062    16782.0000  2678    31424.0000    16673.0000 11664938   46.94%
  23191  2067    17355.0000   563    31424.0000    16673.0000 11669055   46.94%
  23209  2081    28045.0000  1112    31424.0000    16673.0000 11680145   46.94%
  23217  2085    28069.4442  1446    31424.0000    16673.0000 11682883   46.94%
  23235  2099    17184.0000  2136    31424.0000    16673.0000 11688307   46.94%
  23238  2102    28434.0000   556    31424.0000    16673.0000 11694409   46.94%
  23258  2116    16496.3201  3073    31424.0000    16673.0000 11699919   46.94%
  23260  2118    19557.0000  3644    31424.0000    16673.0000 11710785   46.94%
  23262  2120    19899.0000  2401    31424.0000    16673.0000 11714125   46.94%
Elapsed time = 12137.98 sec. (15118013.18 ticks, tree = 122.89 MB, solutions = 5)
  23263  2121    19899.0000  3061    31424.0000    16673.0000 11716075   46.94%
  23264  2122    19899.0000  2879    31424.0000    16673.0000 11716294   46.94%
  23278  2132    27690.0000  2246    31424.0000    16673.0000 11723844   46.94%
  23289  2137    16502.0000  2694    31424.0000    16673.0000 11730614   46.94%
  23292  2140    20303.0000   600    31424.0000    16673.0000 11732429   46.94%
  23307  2147    24402.0000  2315    31424.0000    16673.0000 11738981   46.94%
  23327  2163    16611.0000  3276    31424.0000    16673.0000 11750259   46.94%
  23329  2165    16782.0000  1623    31424.0000    16673.0000 11757721   46.94%
  23343  2177    17945.0000   376    31424.0000    16673.0000 11760452   46.94%
  23358  2187    16502.0000  5725    31424.0000    16673.0000 11785778   46.94%
Elapsed time = 12324.75 sec. (15357687.44 ticks, tree = 124.71 MB, solutions = 5)
  23361  2190    20431.7910  1152    31424.0000    16673.0000 11790453   46.94%
  23365  2194    20772.0735   968    31424.0000    16673.0000 11790888   46.94%
  23374  2199    16611.0000  3779    31424.0000    16673.0000 11803090   46.94%
  23376  2201    16611.0000  3587    31424.0000    16673.0000 11803326   46.94%
  23378  2203    19790.0000  3291    31424.0000    16673.0000 11803844   46.94%
  23381  2206    19790.0000  1611    31424.0000    16673.0000 11809424   46.94%
  23394  2219    20303.0000   380    31424.0000    16673.0000 11810455   46.94%
  23401  2222    30978.0000   727    31424.0000    16673.0000 11826709   46.94%
  23406  2227    30978.0000  2022    31424.0000    16673.0000 11832136   46.94%
  23415  2236    30978.0000   675    31424.0000    16673.0000 11839064   46.94%
Elapsed time = 12452.84 sec. (15535119.68 ticks, tree = 125.90 MB, solutions = 5)
  23421  2238    16502.0000  4786    31424.0000    16673.0000 11857536   46.94%
  23422  2239    16611.0000  3708    31424.0000    16673.0000 11862660   46.94%
  23426  2243    30978.0000  1133    31424.0000    16673.0000 11887675   46.94%
  23436  2249    21703.1337  4077    31424.0000    16673.0000 11908021   46.94%
  23440  2253    27690.0000  1711    31424.0000    16673.0000 11912543   46.94%
  23447  2256    31149.0000   747    31424.0000    16673.0000 11931721   46.94%
  23458  2267    31149.0000   243    31424.0000    16673.0000 11936603   46.94%
  23472  2275    16611.0000  1731    31424.0000    16673.0000 11938365   46.94%
  23475  2276    infeasible          31424.0000    16673.0000 11941065   46.94%
  23478  2277    19728.0000  1345    31424.0000    16673.0000 11951244   46.94%
Elapsed time = 12606.36 sec. (15733220.80 ticks, tree = 126.90 MB, solutions = 5)
  23481  2280    20070.0000   881    31424.0000    16673.0000 11956041   46.94%
  23497  2295    23760.0000   267    31424.0000    16673.0000 11957884   46.94%
  23501  2295    16782.0000  1807    31424.0000    16673.0000 11967380   46.94%
  23504  2298    19557.0000  1893    31424.0000    16673.0000 11977590   46.94%
  23508  2302    23017.0000   597    31424.0000    16673.0000 11978577   46.94%
  23512  2306    23187.0000   465    31424.0000    16673.0000 11978854   46.94%
  23515  2307    infeasible          31424.0000    16673.0000 11979013   46.94%
  23518  2310    23358.0000   340    31424.0000    16673.0000 11979113   46.94%
  23523  2315    24273.0000   329    31424.0000    16673.0000 11979308   46.94%
  23557  2343    16611.0000  2122    31424.0000    16673.0000 11985013   46.94%
Elapsed time = 12732.46 sec. (15913640.30 ticks, tree = 128.83 MB, solutions = 5)
  23562  2348    16782.0000   921    31424.0000    16673.0000 11987418   46.94%
  23571  2357    18225.0000   426    31424.0000    16673.0000 11988732   46.94%
  23599  2379    20303.0000   131    31424.0000    16673.0000 11989637   46.94%
  23612  2386    30978.0000   348    31424.0000    16673.0000 11994458   46.94%
  23642  2409    28729.0000   202    31424.0000    16673.0000 11998840   46.94%
  23655  2416    16611.0000  1831    31424.0000    16673.0000 12004927   46.94%
  23658  2419    16611.0000  1763    31424.0000    16673.0000 12005021   46.94%
  23663  2424    19790.0000   585    31424.0000    16673.0000 12007357   46.94%
  23670  2429    infeasible          31424.0000    16673.0000 12007713   46.94%
  23678  2435    27923.0000   573    31424.0000    16673.0000 12014268   46.94%
Elapsed time = 12849.13 sec. (16075544.37 ticks, tree = 131.23 MB, solutions = 5)
  23694  2449    infeasible          31424.0000    16673.0000 12015981   46.94%
  23701  2454    16906.0000   953    31424.0000    16673.0000 12019010   46.94%
  23714  2463    19790.0000   609    31424.0000    16673.0000 12020257   46.94%
  23738  2481    19619.0000   907    31424.0000    16673.0000 12024116   46.94%
  23744  2487    19852.0000   730    31424.0000    16673.0000 12024500   46.94%
  23749  2492    20365.0000   523    31424.0000    16673.0000 12024791   46.94%
  23758  2497    16968.0000   836    31424.0000    16673.0000 12026404   46.94%
  23776  2512    19546.3997   663    31424.0000    16673.0000 12028458   46.94%
  23782  2516    26304.0000   402    31424.0000    16673.0000 12029751   46.94%
  23802  2529    21459.8892  1329    31424.0000    16673.0000 12034205   46.94%
Elapsed time = 12974.83 sec. (16245872.64 ticks, tree = 133.80 MB, solutions = 5)
  23808  2535    24453.4541   598    31424.0000    16673.0000 12035312   46.94%
  23824  2544    16611.0000  1505    31424.0000    16673.0000 12037099   46.94%
  23832  2552    20194.0000   448    31424.0000    16673.0000 12040017   46.94%
  23840  2556    22725.3997   999    31424.0000    16673.0000 12046821   46.94%
  23844  2560    23078.0000   516    31424.0000    16673.0000 12047779   46.94%
  23850  2563    16611.0000  1133    31424.0000    16673.0000 12050402   46.94%
  23857  2570    19961.0000   514    31424.0000    16673.0000 12052655   46.94%
  23863  2572    19790.0000   879    31424.0000    16673.0000 12054359   46.94%
  23868  2573    16782.0000  1104    31424.0000    16673.0000 12054494   46.94%
  23876  2577    19852.0000  1200    31424.0000    16673.0000 12057746   46.94%
Elapsed time = 13086.20 sec. (16416864.88 ticks, tree = 135.10 MB, solutions = 5)
  23885  2582    16735.0000  1121    31424.0000    16673.0000 12058639   46.94%
  23890  2587    20070.0000   534    31424.0000    16673.0000 12059203   46.94%
  23896  2593    20303.0000   475    31424.0000    16673.0000 12059378   46.94%
  23919  2613    16782.0000  1012    31424.0000    16673.0000 12060927   46.94%
  23926  2616    19499.1834  1729    31424.0000    16673.0000 12064648   46.94%
  23931  2621    23249.0000  1035    31424.0000    16673.0000 12066111   46.94%
  23939  2625    16782.0000  1203    31424.0000    16673.0000 12069110   46.94%
  23943  2629    19961.0000   912    31424.0000    16673.0000 12069661   46.94%
  23950  2632    16673.0000  1555    31424.0000    16673.0000 12073451   46.94%
  23956  2638    16953.0000   956    31424.0000    16673.0000 12076113   46.94%
Elapsed time = 13211.59 sec. (16593499.63 ticks, tree = 136.67 MB, solutions = 5)
  23963  2645    17590.0000   490    31424.0000    16673.0000 12076732   46.94%
  23969  2647    27861.0000   617    31424.0000    16673.0000 12083961   46.94%
  23988  2656    28045.0000  1024    31424.0000    16673.0000 12089143   46.94%
  24003  2667    16611.0000  2686    31424.0000    16673.0000 12095458   46.94%
  24005  2669    16782.0000  2360    31424.0000    16673.0000 12100864   46.94%
  24008  2672    17242.8433  1769    31424.0000    16673.0000 12104677   46.94%
  24014  2678    19899.0000   473    31424.0000    16673.0000 12105521   46.94%
  24022  2683    16611.0000  2654    31424.0000    16673.0000 12110602   46.94%
  24027  2688    16844.0000  1187    31424.0000    16673.0000 12116676   46.94%
  24035  2696    20365.0000   528    31424.0000    16673.0000 12117460   46.94%
Elapsed time = 13349.51 sec. (16771207.46 ticks, tree = 138.14 MB, solutions = 5)
  24049  2704    16611.0000  3172    31424.0000    16673.0000 12133161   46.94%
  24051  2706    17112.0000  2730    31424.0000    16673.0000 12140813   46.94%
  24053  2708    19728.0000  2016    31424.0000    16673.0000 12144910   46.94%
  24055  2710    19790.0000  1224    31424.0000    16673.0000 12145541   46.94%
  24070  2725    20767.0000   306    31424.0000    16673.0000 12146679   46.94%
  24078  2729    16782.0000  2497    31424.0000    16673.0000 12157724   46.94%
  24088  2739    28032.0000   353    31424.0000    16673.0000 12163700   46.94%
  24110  2753    16611.0000  2859    31424.0000    16673.0000 12174444   46.94%
  24112  2755    19728.0000  1756    31424.0000    16673.0000 12178688   46.94%
  24115  2758    19899.0000   558    31424.0000    16673.0000 12179232   46.94%
Elapsed time = 13501.55 sec. (16971431.74 ticks, tree = 139.73 MB, solutions = 5)
  24130  2771    21000.0000   351    31424.0000    16673.0000 12179944   46.94%
  24145  2782    16611.0000  2379    31424.0000    16673.0000 12190438   46.94%
  24149  2786    27861.0000   626    31424.0000    16673.0000 12195732   46.94%
  24164  2801    28265.0000   294    31424.0000    16673.0000 12196353   46.94%
  24203  2834    29751.0000   101    31424.0000    16673.0000 12197211   46.94%
  24219  2846    16782.0000  1918    31424.0000    16673.0000 12200663   46.94%
  24236  2863    29304.0000   282    31424.0000    16673.0000 12204658   46.94%
  24248  2871    28032.0000   633    31424.0000    16673.0000 12210129   46.94%
  24261  2882    28498.0000   336    31424.0000    16673.0000 12210649   46.94%
  24276  2890    30978.0000  1732    31424.0000    16673.0000 12214384   46.94%
Elapsed time = 13651.40 sec. (17147496.07 ticks, tree = 143.43 MB, solutions = 5)
  24285  2896    30978.0000  2097    31424.0000    16673.0000 12217871   46.94%
  24298  2905    27690.0000  1262    31424.0000    16673.0000 12223741   46.94%
  24310  2915    28032.0000   370    31424.0000    16673.0000 12225507   46.94%
  24317  2918    17184.0000   851    31424.0000    16673.0000 12230527   46.94%
  24336  2936    18860.0000   263    31424.0000    16673.0000 12235221   46.94%
  24351  2947    16782.0000  2083    31424.0000    16673.0000 12242991   46.94%
  24354  2950    17237.3370  2188    31424.0000    16673.0000 12245132   46.94%
  24358  2954    20070.0000   833    31424.0000    16673.0000 12246591   46.94%
  24368  2964    20241.0000   469    31424.0000    16673.0000 12247196   46.94%
  24393  2989    23700.0000   147    31424.0000    16673.0000 12247953   46.94%
Elapsed time = 13784.05 sec. (17316861.63 ticks, tree = 145.94 MB, solutions = 5)
  24432  3028    26646.0000   103    31424.0000    16673.0000 12249044   46.94%
  24454  3047    19728.0000  1729    31424.0000    16673.0000 12257194   46.94%
  24458  3051    20829.0000   591    31424.0000    16673.0000 12257660   46.94%
  24483  3073    28551.0000   140    31424.0000    16673.0000 12259082   46.94%
  24495  3079    16611.0000  2664    31424.0000    16673.0000 12272116   46.94%
  24499  3083    27923.0000   523    31424.0000    16673.0000 12277110   46.94%
  24515  3095    19728.0000  2379    31424.0000    16673.0000 12281061   46.94%
  24520  3100    27752.0000  1033    31424.0000    16673.0000 12285958   46.94%
  24534  3110    27197.7730  1342    31424.0000    16673.0000 12292994   46.94%
  24540  3116    27923.0000   528    31424.0000    16673.0000 12293604   46.94%
Elapsed time = 13931.39 sec. (17496798.02 ticks, tree = 149.56 MB, solutions = 5)
  24546  3118    16611.0000  4043    31424.0000    16673.0000 12302814   46.94%
  24553  3125    19619.0000   646    31424.0000    16673.0000 12310034   46.94%
  24567  3135    30978.0000   847    31424.0000    16673.0000 12315465   46.94%
  24581  3145    16611.0000  4296    31424.0000    16673.0000 12329198   46.94%
  24583  3147    16953.0000  1559    31424.0000    16673.0000 12345303   46.94%
  24587  3151    20132.0000  1180    31424.0000    16673.0000 12348251   46.94%
  24598  3162    20365.0000   493    31424.0000    16673.0000 12349090   46.94%
  24612  3173    16611.0000  3793    31424.0000    16673.0000 12361779   46.94%
  24614  3175    16844.0000  3300    31424.0000    16673.0000 12375915   46.94%
  24617  3178    28278.0000  1538    31424.0000    16673.0000 12383711   46.94%
Elapsed time = 14075.58 sec. (17693970.33 ticks, tree = 151.04 MB, solutions = 5)
  24623  3184    29505.0000  1188    31424.0000    16673.0000 12387604   46.94%
  24636  3188    27752.0000  1355    31424.0000    16673.0000 12394598   46.94%
  24638  3188    27861.0000  1265    31424.0000    16673.0000 12394863   46.94%
  24675  3215    16611.0000  3369    31424.0000    16673.0000 12408357   46.94%
  24677  3217    19899.0000  3442    31424.0000    16673.0000 12415783   46.94%
  24681  3221    20070.0000   936    31424.0000    16673.0000 12417596   46.94%
  24687  3227    20303.0000   734    31424.0000    16673.0000 12417874   46.94%
  24695  3231    30978.0000  3462    31424.0000    16673.0000 12424521   46.94%
  24701  3237    30978.0000   971    31424.0000    16673.0000 12429004   46.94%
  24712  3242    16611.0000  4171    31424.0000    16673.0000 12438267   46.94%
Elapsed time = 14236.75 sec. (17892259.60 ticks, tree = 152.75 MB, solutions = 5)
  24724  3252    18860.0000   543    31424.0000    16673.0000 12443334   46.94%
  24741  3265    24402.0000  2393    31424.0000    16673.0000 12451622   46.94%
  24761  3279    24402.0000  1976    31424.0000    16673.0000 12461077   46.94%
  24765  3283    28032.0000   477    31424.0000    16673.0000 12467976   46.94%
  24779  3289    16611.0000  2793    31424.0000    16673.0000 12474496   46.94%
  24781  3291    17112.0000  1287    31424.0000    16673.0000 12482220   46.94%
  24806  3316    21851.0000   204    31424.0000    16673.0000 12483494   46.94%
  24837  3338    16611.0000  3187    31424.0000    16673.0000 12490838   46.94%
  24839  3340    17112.0000  1936    31424.0000    16673.0000 12495180   46.94%
  24841  3342    17283.0000  1362    31424.0000    16673.0000 12495430   46.94%
Elapsed time = 14371.23 sec. (18068691.13 ticks, tree = 155.48 MB, solutions = 5)
  24857  3355    27690.0000  1774    31424.0000    16673.0000 12500710   46.94%
  24864  3362    30978.0000   274    31424.0000    16673.0000 12502158   46.94%
  24881  3373    30507.0000   349    31424.0000    16673.0000 12506584   46.94%
  24892  3380    27690.0000  4443    31424.0000    16673.0000 12516360   46.94%
  24895  3383    31149.0000  1898    31424.0000    16673.0000 12527182   46.94%
  24923  3407    31270.0000   132    31424.0000    16673.0000 12529880   46.94%
  24972  3447    16782.0000  4049    31424.0000    16673.0000 12545746   46.94%
  24974  3449    19961.0000  4546    31424.0000    16673.0000 12564088   46.94%
  24976  3451    20070.0000  1039    31424.0000    16673.0000 12568998   46.94%
  24980  3455    20070.0000   826    31424.0000    16673.0000 12571559   46.94%
Elapsed time = 14529.79 sec. (18270151.08 ticks, tree = 158.77 MB, solutions = 5)
  25000  3473    21464.0000   309    31424.0000    16673.0000 12572754   46.94%
  25012  3482    27690.0000  3747    31424.0000    16673.0000 12586560   46.94%
  25013  3483    27690.0000  3906    31424.0000    16673.0000 12598008   46.94%
  25018  3488    31320.0000   555    31424.0000    16673.0000 12604501   46.94%
  25029  3495    16611.0000  5564    31424.0000    16673.0000 12613830   46.94%
  25031  3497    17184.0000  4825    31424.0000    16673.0000 12632293   46.94%
  25032  3498    17184.0000  4392    31424.0000    16673.0000 12632310   46.94%
  25034  3500    20241.0000   992    31424.0000    16673.0000 12640573   46.94%
  25041  3507    20643.0000   440    31424.0000    16673.0000 12641093   46.94%
  25052  3511    23406.0000   615    31424.0000    16673.0000 12647928   46.94%
Elapsed time = 14680.95 sec. (18483251.75 ticks, tree = 160.31 MB, solutions = 5)
  25065  3523    27048.0000   357    31424.0000    16673.0000 12650106   46.94%
  25077  3529    30978.0000   701    31424.0000    16673.0000 12655454   46.94%
  25090  3542    30978.0000   289    31424.0000    16673.0000 12659258   46.94%
  25102  3547    16611.0000  4806    31424.0000    16673.0000 12681134   46.94%
  25103  3548    17184.0000  4338    31424.0000    16673.0000 12681551   46.94%
  25108  3553    19790.0000   690    31424.0000    16673.0000 12686371   46.94%
  25120  3565    20534.0000   449    31424.0000    16673.0000 12687550   46.94%
  25125  3570    20658.0000   360    31424.0000    16673.0000 12687737   46.94%
  25128  3569    16611.0000  5659    31424.0000    16673.0000 12707518   46.94%
  25130  3571    16611.0000  4067    31424.0000    16673.0000 12715187   46.94%
Elapsed time = 14831.36 sec. (18694527.28 ticks, tree = 161.92 MB, solutions = 5)
  25132  3573    16611.0000  2357    31424.0000    16673.0000 12723905   46.94%
  25134  3575    16611.0000  2281    31424.0000    16673.0000 12724343   46.94%
  25137  3578    16782.0000  1420    31424.0000    16673.0000 12726554   46.94%
  25139  3580    16782.0000  1371    31424.0000    16673.0000 12726780   46.94%
  25143  3584    16919.8536  1207    31424.0000    16673.0000 12727145   46.94%
  25150  3591    23591.0000   407    31424.0000    16673.0000 12727901   46.94%
  25165  3603    19961.0000  1347    31424.0000    16673.0000 12730107   46.94%
  25168  3606    20241.0000   876    31424.0000    16673.0000 12730275   46.94%
  25172  3610    20474.0000   633    31424.0000    16673.0000 12730742   46.94%
  25182  3619    24104.0000   211    31424.0000    16673.0000 12731418   46.94%
Elapsed time = 14955.88 sec. (18882245.19 ticks, tree = 163.18 MB, solutions = 5)
  25193  3626    26928.9436   657    31424.0000    16673.0000 12735496   46.94%
  25195  3628    26928.9436   520    31424.0000    16673.0000 12735553   46.94%
  25197  3630    26928.9436   504    31424.0000    16673.0000 12735584   46.94%
  25200  3633    27143.7937   483    31424.0000    16673.0000 12735721   46.94%
  25208  3637    31149.0000  1725    31424.0000    16673.0000 12738322   46.94%
  25220  3645    infeasible          31424.0000    16673.0000 12742192   46.94%
  25226  3647    16611.0000  2220    31424.0000    16673.0000 12743411   46.94%
  25230  3651    16782.0000  1311    31424.0000    16673.0000 12744289   46.94%
  25235  3656    20070.0000   855    31424.0000    16673.0000 12745077   46.94%
  25245  3662    infeasible          31424.0000    16673.0000 12745814   46.94%
Elapsed time = 15126.88 sec. (19096254.98 ticks, tree = 164.42 MB, solutions = 5)
  25249  3666    16782.0000  1408    31424.0000    16673.0000 12746800   46.94%
  25255  3672    19899.0000   507    31424.0000    16673.0000 12747462   46.94%
  25267  3680    16782.0000  1441    31424.0000    16673.0000 12748311   46.94%
  25272  3685    17836.3471   935    31424.0000    16673.0000 12749025   46.94%
  25290  3699    infeasible          31424.0000    16673.0000 12749996   46.94%
  25294  3703    26568.7937   536    31424.0000    16673.0000 12755548   46.94%
  25298  3707    26836.9018   493    31424.0000    16673.0000 12755634   46.94%
  25302  3711    26836.9018   435    31424.0000    16673.0000 12755946   46.94%
  25317  3724    29580.0000   169    31424.0000    16673.0000 12756333   46.94%
  25340  3742    19899.0000  1253    31424.0000    16673.0000 12757924   46.94%
Elapsed time = 15256.82 sec. (19275038.07 ticks, tree = 166.66 MB, solutions = 5)
  25343  3745    20241.0000  1040    31424.0000    16673.0000 12758238   46.94%
  25346  3748    20241.0000   782    31424.0000    16673.0000 12758332   46.94%
  25350  3752    20303.0000   577    31424.0000    16673.0000 12758523   46.94%
  25360  3758    31149.0000   684    31424.0000    16673.0000 12762690   46.94%
  25375  3765    30978.0000   499    31424.0000    16673.0000 12775689   46.94%
  25393  3780    infeasible          31424.0000    16673.0000 12778272   46.94%
  25394  3781    16611.0000  3493    31424.0000    16673.0000 12797525   46.94%
  25397  3784    27861.0000   851    31424.0000    16673.0000 12817568   46.94%
  25403  3790    27861.0000   647    31424.0000    16673.0000 12827763   46.94%
  25420  3807    28094.0000   321    31424.0000    16673.0000 12830231   46.94%
Elapsed time = 15386.11 sec. (19446519.04 ticks, tree = 168.27 MB, solutions = 5)
  25448  3831    16611.0000  3240    31424.0000    16673.0000 12841286   46.94%
  25450  3833    17004.1153  1987    31424.0000    16673.0000 12863796   46.94%
  25458  3841    20472.0000   861    31424.0000    16673.0000 12866185   46.94%
  25466  3849    20472.0000   522    31424.0000    16673.0000 12866902   46.94%
  25475  3853    16611.0000  3261    31424.0000    16673.0000 12868137   46.94%
  25477  3855    16611.0000  5808    31424.0000    16673.0000 12877287   46.94%
  25479  3857    16611.0000  3056    31424.0000    16673.0000 12890449   46.94%
  25483  3861    16611.0000  1696    31424.0000    16673.0000 12895219   46.94%
  25487  3865    17015.0000  1125    31424.0000    16673.0000 12896613   46.94%
  25491  3869    17466.0000   883    31424.0000    16673.0000 12897026   46.94%
Elapsed time = 15521.98 sec. (19633453.00 ticks, tree = 169.81 MB, solutions = 5)
  25507  3883    20474.0000   285    31424.0000    16673.0000 12897942   46.94%
  25517  3888    24049.4541   610    31424.0000    16673.0000 12903448   46.94%
  25528  3897    infeasible          31424.0000    16673.0000 12905096   46.94%
  25533  3900    21561.2485  1190    31424.0000    16673.0000 12910573   46.94%
  25538  3903    23878.4541   640    31424.0000    16673.0000 12912539   46.94%
  25543  3904    16673.0000  1495    31424.0000    16673.0000 12917414   46.94%
  25548  3909    16782.0000  1185    31424.0000    16673.0000 12917917   46.94%
  25552  3913    17124.0000   955    31424.0000    16673.0000 12920051   46.94%
  25557  3912    16611.0000  1619    31424.0000    16673.0000 12923690   46.94%
  25562  3917    16782.0000   880    31424.0000    16673.0000 12924096   46.94%
Elapsed time = 15648.02 sec. (19809640.21 ticks, tree = 171.04 MB, solutions = 5)
  25572  3927    19961.0000   480    31424.0000    16673.0000 12927052   46.94%
  25591  3941    16782.0000  1411    31424.0000    16673.0000 12927750   46.94%
  25596  3946    16953.0000  1110    31424.0000    16673.0000 12928004   46.94%
  25605  3955    19961.0000   510    31424.0000    16673.0000 12929052   46.94%
  25614  3961    16673.0000  1388    31424.0000    16673.0000 12936717   46.94%
  25619  3966    17015.0000  1069    31424.0000    16673.0000 12937098   46.94%
  25625  3972    19961.0000   583    31424.0000    16673.0000 12939342   46.94%
  25642  3989    20876.0000   278    31424.0000    16673.0000 12940019   46.94%
  25653  3994    30978.0000  2500    31424.0000    16673.0000 12955842   46.94%
  25674  4009    27690.0000  1643    31424.0000    16673.0000 12965152   46.94%
Elapsed time = 15778.95 sec. (19983134.89 ticks, tree = 173.34 MB, solutions = 5)
  25680  4015    29474.0000   786    31424.0000    16673.0000 12978025   46.94%
  25691  4021    23814.4211   731    31424.0000    16673.0000 12986570   46.94%
  25699  4025    16611.0000  2477    31424.0000    16673.0000 12996016   46.94%
  25702  4028    16782.0000  1045    31424.0000    16673.0000 12999509   46.94%
  25706  4032    19728.0000   667    31424.0000    16673.0000 13000569   46.94%
  25718  4040    16611.0000  2411    31424.0000    16673.0000 13001190   46.94%
  25723  4045    19899.0000   571    31424.0000    16673.0000 13007269   46.94%
  25738  4056    30978.0000  2021    31424.0000    16673.0000 13011329   46.94%
  25743  4061    30978.0000  2987    31424.0000    16673.0000 13017264   46.94%
  25751  4069    30978.0000   370    31424.0000    16673.0000 13018226   46.94%
Elapsed time = 15914.62 sec. (20164996.19 ticks, tree = 174.90 MB, solutions = 5)
  25759  4072    16611.0000  5281    31424.0000    16673.0000 13041748   46.94%
  25762  4075    19950.2728  1324    31424.0000    16673.0000 13046789   46.94%
  25766  4078    20784.1934   974    31424.0000    16673.0000 13048888   46.94%
  25771  4083    24806.0000   695    31424.0000    16673.0000 13051349   46.94%
  25784  4092    16611.0537  3748    31424.0000    16673.0000 13063590   46.94%
  25786  4094    16611.0537  3580    31424.0000    16673.0000 13068703   46.94%
  25788  4096    16782.0000  1016    31424.0000    16673.0000 13080687   46.94%
  25798  4106    17015.0000   409    31424.0000    16673.0000 13081764   46.94%
  25809  4115    27562.0000   284    31424.0000    16673.0000 13083797   46.94%
  25830  4130    27690.0000  1029    31424.0000    16673.0000 13091285   46.94%
Elapsed time = 16048.59 sec. (20359267.55 ticks, tree = 176.72 MB, solutions = 5)
  25835  4135    27690.0000   841    31424.0000    16673.0000 13102019   46.94%
  25845  4141    infeasible          31424.0000    16673.0000 13107671   46.94%
  25853  4149    28045.0000   541    31424.0000    16673.0000 13131024   46.94%
  25867  4159    16611.0000  5641    31424.0000    16673.0000 13151539   46.94%
  25868  4160    16611.0000  5112    31424.0000    16673.0000 13168882   46.94%
  25869  4161    16611.0000  6352    31424.0000    16673.0000 13179495   46.94%
  25870  4162    16611.0000  4597    31424.0000    16673.0000 13192927   46.94%
  25871  4163    19728.0000  2824    31424.0000    16673.0000 13200409   46.94%
  25872  4164    19728.0000  1780    31424.0000    16673.0000 13203615   46.94%
  25875  4167    20241.0000  1052    31424.0000    16673.0000 13207653   46.94%
Elapsed time = 16181.24 sec. (20540227.64 ticks, tree = 177.58 MB, solutions = 5)
  25878  4170    20412.0000   845    31424.0000    16673.0000 13207741   46.94%
  25884  4176    20534.0000   400    31424.0000    16673.0000 13208384   46.94%
  25895  4187    20643.0000   296    31424.0000    16673.0000 13208576   46.94%
  25938  4230    26518.0000   135    31424.0000    16673.0000 13209529   46.94%
  25963  4252    30978.0000   568    31424.0000    16673.0000 13218992   46.94%
  25989  4275        cutoff          31424.0000    16673.0000 13221841   46.94%
  26010  4290    27861.0000  2635    31424.0000    16673.0000 13233181   46.94%
  26019  4299    27923.0000   647    31424.0000    16673.0000 13236170   46.94%
  26028  4300    19728.0000  2238    31424.0000    16673.0000 13241214   46.94%
  26032  4304    19790.0000  1003    31424.0000    16673.0000 13241549   46.94%
Elapsed time = 16318.39 sec. (20703524.37 ticks, tree = 181.61 MB, solutions = 5)
  26039  4309    infeasible          31424.0000    16673.0000 13242674   46.94%
  26041  4308    16611.1098  2527    31424.0000    16673.0000 13252594   46.94%
  26044  4311    16673.0000  4118    31424.0000    16673.0000 13253621   46.94%
  26048  4315    16953.0000   836    31424.0000    16673.0000 13257251   46.94%
  26052  4319    16953.0000   743    31424.0000    16673.0000 13257323   46.94%
  26064  4325    19513.8459  1709    31424.0000    16673.0000 13263645   46.94%
  26067  4328    20322.6556  1164    31424.0000    16673.0000 13267750   46.94%
  26071  4332    26703.5675   542    31424.0000    16673.0000 13268937   46.94%
  26101  4357    16611.0000  3761    31424.0000    16673.0000 13279818   46.94%
  26106  4362    28216.0000  1271    31424.0000    16673.0000 13293347   46.94%
Elapsed time = 16485.60 sec. (20904949.66 ticks, tree = 183.23 MB, solutions = 5)
  26112  4368    30978.0000  2476    31424.0000    16673.0000 13307726   46.94%
  26118  4374    28658.2561   363    31424.0000    16673.0000 13309534   46.94%
  26131  4382    28119.3500  1153    31424.0000    16673.0000 13323066   46.94%
  26148  4399    29302.0000   201    31424.0000    16673.0000 13323765   46.94%
  26154  4401    16782.0000  1923    31424.0000    16673.0000 13329128   46.94%
  26156  4403    19557.0000  1372    31424.0000    16673.0000 13333237   46.94%
  26160  4407    20303.0000   766    31424.0000    16673.0000 13334304   46.94%
  26175  4416    31149.0000   728    31424.0000    16673.0000 13339737   46.94%
  26184  4425    31149.0000   347    31424.0000    16673.0000 13347963   46.94%
  26202  4439    28263.0000   564    31424.0000    16673.0000 13355719   46.94%
Elapsed time = 16632.70 sec. (21074309.83 ticks, tree = 185.19 MB, solutions = 5)
  26218  4455    28605.0000   185    31424.0000    16673.0000 13356195   46.94%
  26252  4485    16611.0000  3087    31424.0000    16673.0000 13363918   46.94%
  26254  4487    16782.0000  1820    31424.0000    16673.0000 13370513   46.94%
  26259  4492    27468.9684   713    31424.0000    16673.0000 13377351   46.94%
  26272  4505    28263.0000   306    31424.0000    16673.0000 13378634   46.94%
  26290  4516    24402.0000  2625    31424.0000    16673.0000 13400339   46.94%
  26300  4522    16611.0000  2379    31424.0000    16673.0000 13407225   46.94%
  26303  4525    19790.0000  1556    31424.0000    16673.0000 13421209   46.94%
  26309  4531    20070.0000   471    31424.0000    16673.0000 13422253   46.94%
  26326  4544    22071.0000   231    31424.0000    16673.0000 13424125   46.94%
Elapsed time = 16805.49 sec. (21266638.55 ticks, tree = 188.18 MB, solutions = 5)
  26331  4545    24464.0000  2570    31424.0000    16673.0000 13442991   46.94%
  26336  4550    27923.0000   469    31424.0000    16673.0000 13447118   46.94%
  26355  4564    27690.0000  1921    31424.0000    16673.0000 13458323   46.94%
  26359  4568    27752.0000   933    31424.0000    16673.0000 13463154   46.94%
  26368  4575    28263.0000   350    31424.0000    16673.0000 13469559   46.94%
  26404  4603    16611.0000  3122    31424.0000    16673.0000 13492496   46.94%
  26406  4605    19521.4629  1694    31424.0000    16673.0000 13506212   46.94%
  26410  4609    30978.0000   665    31424.0000    16673.0000 13519026   46.94%
  26418  4616    31149.0000   304    31424.0000    16673.0000 13526205   46.94%
  26441  4631    30978.0000  1124    31424.0000    16673.0000 13534162   46.94%
Elapsed time = 17012.69 sec. (21460460.95 ticks, tree = 190.68 MB, solutions = 5)
  26453  4639    26304.0000  1623    31424.0000    16673.0000 13539651   46.94%
  26468  4649    16611.0000  3416    31424.0000    16673.0000 13554723   46.94%
  26470  4651    16782.0000  3121    31424.0000    16673.0000 13555026   46.94%
  26472  4653    17184.0000  3780    31424.0000    16673.0000 13566958   46.94%
  26476  4657    17184.0000   840    31424.0000    16673.0000 13572834   46.94%
  26481  4658    16673.0000  3311    31424.0000    16673.0000 13580069   46.94%
  26483  4660    17013.0000  4200    31424.0000    16673.0000 13596863   46.94%
  26485  4662    17013.0000  1377    31424.0000    16673.0000 13602687   46.94%
  26488  4665    19961.0000  1123    31424.0000    16673.0000 13606629   46.94%
  26491  4668    19961.0000   833    31424.0000    16673.0000 13613470   46.94%
Elapsed time = 17189.78 sec. (21668054.05 ticks, tree = 191.58 MB, solutions = 5)
  26509  4686    20814.0000   243    31424.0000    16673.0000 13614497   46.94%
  26540  4713    22032.8892  1125    31424.0000    16673.0000 13618809   46.94%
  26545  4718    24451.4541   644    31424.0000    16673.0000 13619491   46.94%
  26548  4721    24451.4541   616    31424.0000    16673.0000 13619697   46.94%
  26588  4757    27965.0000   118    31424.0000    16673.0000 13621309   46.94%
  26608  4769    27690.0000  1107    31424.0000    16673.0000 13629759   46.94%
  26613  4774    27690.0000   827    31424.0000    16673.0000 13629884   46.94%
  26621  4782    28032.0000   379    31424.0000    16673.0000 13630623   46.94%
  26642  4799    30678.0000   277    31424.0000    16673.0000 13635011   46.94%
  26648  4800    27690.0000  2767    31424.0000    16673.0000 13642996   46.94%
Elapsed time = 17399.93 sec. (21840662.62 ticks, tree = 195.54 MB, solutions = 5)
  26652  4804    27861.0000  1055    31424.0000    16673.0000 13648021   46.94%
  26660  4808    16611.0000  4078    31424.0000    16673.0000 13668349   46.94%
  26662  4810    16782.0000  3622    31424.0000    16673.0000 13674384   46.94%
  26664  4812    16953.0000  2982    31424.0000    16673.0000 13688955   46.94%
  26666  4813    16953.0000  3644    31424.0000    16673.0000 13695870   46.94%
  26668  4815    17124.0000   944    31424.0000    16673.0000 13697509   46.94%
  26672  4819    17124.0000   662    31424.0000    16673.0000 13700146   46.94%
  26677  4822    20583.0000   516    31424.0000    16673.0000 13702718   46.94%
  26698  4840    28045.0000   903    31424.0000    16673.0000 13718184   46.94%
  26709  4851    28045.0000   671    31424.0000    16673.0000 13729241   46.94%
Elapsed time = 17662.05 sec. (22036038.52 ticks, tree = 196.80 MB, solutions = 5)
  26716  4854    infeasible          31424.0000    16673.0000 13738069   46.94%
  26717  4855    16611.0000  3632    31424.0000    16673.0000 13754564   46.94%
  26720  4858    16844.0000  1606    31424.0000    16673.0000 13757785   46.94%
  26724  4862    16844.0000  1170    31424.0000    16673.0000 13758305   46.94%
  26730  4868    17526.0000   623    31424.0000    16673.0000 13758832   46.94%
  26741  4877    infeasible          31424.0000    16673.0000 13759413   46.94%
  26756  4889    28045.0000   708    31424.0000    16673.0000 13768457   46.94%
  26770  4903    28374.0000   332    31424.0000    16673.0000 13770039   46.94%
  26779  4908    21442.4632  4550    31424.0000    16673.0000 13785146   46.94%
  26781  4910    23792.4142  2650    31424.0000    16673.0000 13788339   46.94%
Elapsed time = 17803.57 sec. (22203994.66 ticks, tree = 198.27 MB, solutions = 5)
  26791  4920    28263.0000   392    31424.0000    16673.0000 13790832   46.94%
  26812  4937    16611.0000  3354    31424.0000    16673.0000 13805383   46.94%
  26814  4939    16782.0000  2674    31424.0000    16673.0000 13811000   46.94%
  26816  4941    16782.0000  1950    31424.0000    16673.0000 13812070   46.94%
  26818  4943    25493.9096  1374    31424.0000    16673.0000 13816033   46.94%
  26826  4951    28203.0000   464    31424.0000    16673.0000 13818267   46.94%
  26833  4954    27690.0000  1279    31424.0000    16673.0000 13825702   46.94%
  26846  4961    16953.0000  2096    31424.0000    16673.0000 13832393   46.94%
  26850  4965    16953.0000  1085    31424.0000    16673.0000 13839623   46.94%
  26858  4973    17417.0000   510    31424.0000    16673.0000 13840364   46.94%
Elapsed time = 17946.42 sec. (22395334.18 ticks, tree = 199.95 MB, solutions = 5)
  26876  4988    31149.0000  2513    31424.0000    16673.0000 13852482   46.94%
  26881  4991    31149.0000   488    31424.0000    16673.0000 13861412   46.94%
  26892  4996    27690.0000  2350    31424.0000    16673.0000 13867990   46.94%
  26895  4999    27861.0000   990    31424.0000    16673.0000 13873174   46.94%
  26906  5010    28496.0000   348    31424.0000    16673.0000 13878974   46.94%
  26910  5008    infeasible          31424.0000    16673.0000 13887500   46.94%
  26912  5010    30978.0000  2927    31424.0000    16673.0000 13887691   46.94%
  26916  5014    30978.0000   629    31424.0000    16673.0000 13894726   46.94%
  26929  5019    16611.0000  4030    31424.0000    16673.0000 13920832   46.94%
  26931  5021    16611.0000  4086    31424.0000    16673.0000 13957180   46.94%
Elapsed time = 18126.31 sec. (22601623.45 ticks, tree = 201.19 MB, solutions = 5)
  26933  5023    21101.6549  5443    31424.0000    16673.0000 13977140   46.94%
  26936  5026    24402.0000  2979    31424.0000    16673.0000 13981728   46.94%
  26939  5029    24402.0000  2003    31424.0000    16673.0000 13997609   46.94%
  26943  5033    24402.0000  2528    31424.0000    16673.0000 14004309   46.94%
  26947  5037    27752.0000  1851    31424.0000    16673.0000 14009383   46.94%
  26952  5042    28032.0000  2023    31424.0000    16673.0000 14012131   46.94%
  26973  5060    16611.0000  2636    31424.0000    16673.0000 14025354   46.94%
  26976  5063    16611.0000  1575    31424.0000    16673.0000 14037888   46.94%
  26980  5067    16611.0000  1441    31424.0000    16673.0000 14042487   46.94%
  26984  5071    16953.0000  1036    31424.0000    16673.0000 14044471   46.94%
Elapsed time = 18270.29 sec. (22790545.29 ticks, tree = 202.39 MB, solutions = 5)
  26992  5077    17295.0000   532    31424.0000    16673.0000 14045279   46.94%
  27001  5085    17992.0000   467    31424.0000    16673.0000 14045567   46.94%
  27017  5097    infeasible          31424.0000    16673.0000 14045950   46.94%
  27023  5101    23016.0000   500    31424.0000    16673.0000 14049988   46.94%
  27060  5134    16844.0000  1207    31424.0000    16673.0000 14056074   46.94%
  27063  5137    17124.0000  1048    31424.0000    16673.0000 14058385   46.94%
  27066  5140    17295.0000   800    31424.0000    16673.0000 14059198   46.94%
  27079  5150    infeasible          31424.0000    16673.0000 14060390   46.94%
  27083  5152    17186.0000  1000    31424.0000    16673.0000 14066860   46.94%
  27087  5156    17528.0000   797    31424.0000    16673.0000 14067179   46.94%
Elapsed time = 18399.96 sec. (22959110.48 ticks, tree = 204.65 MB, solutions = 5)
  27092  5161    17528.0000   579    31424.0000    16673.0000 14067497   46.94%
  27104  5173    23884.0000   300    31424.0000    16673.0000 14069576   46.94%
  27122  5185    16611.0000  1305    31424.0000    16673.0000 14070179   46.94%
  27126  5189    16782.0000  1077    31424.0000    16673.0000 14070412   46.94%
  27134  5197    16953.0000   518    31424.0000    16673.0000 14071255   46.94%
  27147  5210    17637.0000   412    31424.0000    16673.0000 14072005   46.94%
  27153  5212    16953.0000   509    31424.0000    16673.0000 14075386   46.94%
  27176  5235    17870.0000   303    31424.0000    16673.0000 14076547   46.94%
  27207  5260    16782.0000  1147    31424.0000    16673.0000 14077305   46.94%
  27212  5265    16953.0000   858    31424.0000    16673.0000 14077841   46.94%
Elapsed time = 18524.15 sec. (23123915.61 ticks, tree = 207.42 MB, solutions = 5)
  27223  5274    17295.0000   408    31424.0000    16673.0000 14078858   46.94%
  27239  5286    16611.0000  1166    31424.0000    16673.0000 14084498   46.94%
  27243  5290    16844.0000  1157    31424.0000    16673.0000 14084949   46.94%
  27247  5294    17186.0000   705    31424.0000    16673.0000 14085454   46.94%
  27256  5299    16782.0000  1170    31424.0000    16673.0000 14087895   46.94%
  27260  5303    16953.0000  1018    31424.0000    16673.0000 14088915   46.94%
  27265  5306    infeasible          31424.0000    16673.0000 14089328   46.94%
  27269  5308    24449.1305  1708    31424.0000    16673.0000 14098122   46.94%
  27277  5316    28032.0000   376    31424.0000    16673.0000 14102849   46.94%
  27290  5329    28605.0000   198    31424.0000    16673.0000 14103525   46.94%
Elapsed time = 18646.11 sec. (23292688.56 ticks, tree = 208.92 MB, solutions = 5)
  27333  5364    23143.0528  2373    31424.0000    16673.0000 14112347   46.94%
  27339  5370    27690.0000   891    31424.0000    16673.0000 14121043   46.94%
  27352  5379    16611.0000  2281    31424.0000    16673.0000 14127693   46.94%
  27354  5381    16611.0000  2262    31424.0000    16673.0000 14127747   46.94%
  27357  5384    20023.4544  1167    31424.0000    16673.0000 14130222   46.94%
  27362  5389    20603.2403   842    31424.0000    16673.0000 14130887   46.94%
  27373  5399    23933.0000   325    31424.0000    16673.0000 14131449   46.94%
  27382  5402    16782.0000  2415    31424.0000    16673.0000 14134205   46.94%
  27384  5404    20036.3632  1333    31424.0000    16673.0000 14137925   46.94%
  27388  5408    20132.0000   954    31424.0000    16673.0000 14138108   46.94%
Elapsed time = 18802.75 sec. (23485287.03 ticks, tree = 211.11 MB, solutions = 5)
  27393  5411    infeasible          31424.0000    16673.0000 14138704   46.94%
  27397  5412    26195.0000   750    31424.0000    16673.0000 14143953   46.94%
  27404  5419    26475.0000   393    31424.0000    16673.0000 14144713   46.94%
  27415  5426    16611.0000  2131    31424.0000    16673.0000 14146976   46.94%
  27420  5431    20808.4343   881    31424.0000    16673.0000 14150705   46.94%
  27428  5437    26304.0000   504    31424.0000    16673.0000 14153754   46.94%
  27437  5446    26988.0000   204    31424.0000    16673.0000 14154148   46.94%
  27460  5466    28203.0000   386    31424.0000    16673.0000 14156590   46.94%
  27479  5481    28032.0000   529    31424.0000    16673.0000 14160065   46.94%
  27493  5487    16611.0000  3432    31424.0000    16673.0000 14174916   46.94%
Elapsed time = 18945.40 sec. (23660470.05 ticks, tree = 213.31 MB, solutions = 5)
  27495  5489    16782.0000  2342    31424.0000    16673.0000 14194589   46.94%
  27498  5492    16782.0000  1592    31424.0000    16673.0000 14203182   46.94%
  27502  5496    17015.0000  1019    31424.0000    16673.0000 14204200   46.94%
  27507  5501    17186.0000   669    31424.0000    16673.0000 14205122   46.94%
  27521  5511    23113.3175  2928    31424.0000    16673.0000 14211165   46.94%
  27525  5515    24577.0941  1285    31424.0000    16673.0000 14220282   46.94%
  27539  5529    28265.0000   330    31424.0000    16673.0000 14223019   46.94%
  27549  5531    16782.0000  2339    31424.0000    16673.0000 14244620   46.94%
  27551  5533    16782.0000  2834    31424.0000    16673.0000 14267855   46.94%
  27553  5535    16782.0000  2119    31424.0000    16673.0000 14279131   46.94%
Elapsed time = 19085.91 sec. (23852568.80 ticks, tree = 214.43 MB, solutions = 5)
  27555  5537    16782.0000   861    31424.0000    16673.0000 14283689   46.94%
  27560  5542    16782.0000   830    31424.0000    16673.0000 14284585   46.94%
  27565  5547    16782.0000   706    31424.0000    16673.0000 14285044   46.94%
  27570  5552    20182.8652   815    31424.0000    16673.0000 14291475   46.94%
  27578  5560    24661.0000   455    31424.0000    16673.0000 14292219   46.94%
  27625  5607    29996.0000   144    31424.0000    16673.0000 14293895   46.94%
* 27669+ 4742                        30953.0000    16673.0000            46.13%
* 27679+ 4751                        30910.0000    16673.0000            46.06%
  27682  4752    16611.0000  3970    30910.0000    16673.0000 14310217   46.06%
  27683  4753    16611.0000  3450    30910.0000    16673.0000 14314428   46.06%
  27684  4754    16782.0000  3188    30910.0000    16673.0000 14318136   46.06%
  27686  4756    16782.0000  2469    30910.0000    16673.0000 14322234   46.06%
Elapsed time = 19212.91 sec. (24042941.85 ticks, tree = 176.69 MB, solutions = 7)
  27692  4762    17124.0000   917    30910.0000    16673.0000 14325502   46.06%
  27698  4768    17697.0000   785    30910.0000    16673.0000 14326198   46.06%
  27711  4773    16611.0000  3045    30910.0000    16673.0000 14345852   46.06%
  27713  4775    16782.0000  3108    30910.0000    16673.0000 14357196   46.06%
  27715  4777    16782.0000  2081    30910.0000    16673.0000 14360751   46.06%
  27717  4779    16844.0000  1041    30910.0000    16673.0000 14363128   46.06%
  27722  4784    17124.0000   876    30910.0000    16673.0000 14363781   46.06%
  27727  4789    17357.0000   741    30910.0000    16673.0000 14364795   46.06%
  27731  4787    27690.0000  1029    30910.0000    16673.0000 14383023   46.06%
  27743  4797        cutoff          30910.0000    16673.0000 14386757   46.06%
Elapsed time = 19368.31 sec. (24253560.70 ticks, tree = 177.69 MB, solutions = 7)
  27745  4797    16611.0000  3846    30910.0000    16673.0000 14403100   46.06%
  27747  4799    16782.0000  2929    30910.0000    16673.0000 14411829   46.06%
  27751  4803    16844.0000  1227    30910.0000    16673.0000 14415134   46.06%
  27757  4809    17075.0000   925    30910.0000    16673.0000 14415557   46.06%
  27766  4818    17868.0000   540    30910.0000    16673.0000 14416403   46.06%
  27786  4829    27690.0000   987    30910.0000    16673.0000 14425138   46.06%
  27806  4844    21925.0967  4296    30910.0000    16673.0000 14435207   46.06%
  27808  4846    22740.4669  4021    30910.0000    16673.0000 14436320   46.06%
  27810  4848    27690.0000  1427    30910.0000    16673.0000 14439082   46.06%
  27837  4873    28716.0000   202    30910.0000    16673.0000 14441466   46.06%
Elapsed time = 19519.62 sec. (24443166.04 ticks, tree = 179.71 MB, solutions = 7)
  27846  4878    27690.0000   822    30910.0000    16673.0000 14447877   46.06%
  27851  4883    27690.0000  1027    30910.0000    16673.0000 14456006   46.06%
  27884  4914    28545.0000   191    30910.0000    16673.0000 14458518   46.06%
  27925  4943    17013.0000  1401    30910.0000    16673.0000 14469486   46.06%
  27929  4947    17184.0000  1037    30910.0000    16673.0000 14472856   46.06%
  27944  4962    20876.0000   336    30910.0000    16673.0000 14474451   46.06%
  27954  4969    16611.0000  3519    30910.0000    16673.0000 14490746   46.06%
  27955  4970    19728.0000  4367    30910.0000    16673.0000 14501308   46.06%
  27957  4972    20132.0000  1240    30910.0000    16673.0000 14510405   46.06%
  27959  4974    20303.0000  1102    30910.0000    16673.0000 14510429   46.06%
Elapsed time = 19678.53 sec. (24629859.07 ticks, tree = 182.43 MB, solutions = 7)
  27961  4976    20412.0000  1078    30910.0000    16673.0000 14510578   46.06%
  27963  4978    20412.0000  1066    30910.0000    16673.0000 14510646   46.06%
  27965  4980    20643.0000   952    30910.0000    16673.0000 14510786   46.06%
  27982  4997    21218.0000   246    30910.0000    16673.0000 14511760   46.06%
  27988  4999    23151.7063  3092    30910.0000    16673.0000 14519194   46.06%
  27992  5003    27861.0000   672    30910.0000    16673.0000 14522642   46.06%
  28003  5012    28265.0000   379    30910.0000    16673.0000 14523226   46.06%
  28019  5018    27752.0000  1464    30910.0000    16673.0000 14534665   46.06%
  28029  5024    27861.0000   590    30910.0000    16673.0000 14535464   46.06%
  28044  5036    16611.0000  3198    30910.0000    16673.0000 14549937   46.06%
Elapsed time = 19842.70 sec. (24819182.11 ticks, tree = 184.20 MB, solutions = 7)
  28048  5040    19728.0000  1247    30910.0000    16673.0000 14554688   46.06%
  28053  5045    19728.0000   711    30910.0000    16673.0000 14555122   46.06%
  28066  5058    20070.0000   421    30910.0000    16673.0000 14555756   46.06%
  28077  5065    27690.0000  1260    30910.0000    16673.0000 14561770   46.06%
  28083  5071    27923.0000   622    30910.0000    16673.0000 14562241   46.06%
  28093  5081    29024.0000   265    30910.0000    16673.0000 14562579   46.06%
  28104  5088    16611.0000  1826    30910.0000    16673.0000 14576130   46.06%
  28106  5090    16953.0000  1762    30910.0000    16673.0000 14578710   46.06%
  28108  5092    16953.0000  1568    30910.0000    16673.0000 14578853   46.06%
  28111  5095    16953.0000  1407    30910.0000    16673.0000 14579205   46.06%
Elapsed time = 19989.71 sec. (25002002.69 ticks, tree = 185.79 MB, solutions = 7)
  28115  5099    17295.0000   799    30910.0000    16673.0000 14580093   46.06%
  28123  5106    23871.0000   413    30910.0000    16673.0000 14582731   46.06%
  28135  5114    16782.0000  1353    30910.0000    16673.0000 14587301   46.06%
  28141  5120    16782.0000  1117    30910.0000    16673.0000 14588347   46.06%
  28149  5124    19899.0000  1894    30910.0000    16673.0000 14600446   46.06%
  28151  5126    19899.0000  1225    30910.0000    16673.0000 14603761   46.06%
  28154  5129    20070.0000  1039    30910.0000    16673.0000 14603883   46.06%
  28157  5132    20241.0000   887    30910.0000    16673.0000 14604291   46.06%
  28165  5140    20412.0000   437    30910.0000    16673.0000 14604875   46.06%
  28174  5145    infeasible          30910.0000    16673.0000 14605491   46.06%
Elapsed time = 20132.24 sec. (25180037.09 ticks, tree = 187.10 MB, solutions = 7)
  28175  5146    16782.0000  1742    30910.0000    16673.0000 14625130   46.06%
  28179  5150    16782.0000  1346    30910.0000    16673.0000 14626215   46.06%
  28183  5154    16953.0000  1212    30910.0000    16673.0000 14626663   46.06%
  28187  5158    16953.0000   864    30910.0000    16673.0000 14630198   46.06%
  28193  5164    17357.0000   712    30910.0000    16673.0000 14631398   46.06%
  28214  5181    16611.0000  1650    30910.0000    16673.0000 14640910   46.06%
  28218  5185    16953.0000  1233    30910.0000    16673.0000 14642168   46.06%
  28222  5189    16953.0000   869    30910.0000    16673.0000 14642467   46.06%
  28228  5195    16953.0000   932    30910.0000    16673.0000 14645083   46.06%
  28235  5202    19557.0000   550    30910.0000    16673.0000 14645569   46.06%
Elapsed time = 20276.59 sec. (25374214.34 ticks, tree = 188.42 MB, solutions = 7)
  28254  5217    infeasible          30910.0000    16673.0000 14646394   46.06%
  28270  5229    16782.0000  1448    30910.0000    16673.0000 14648521   46.06%
  28274  5233    16953.0000   782    30910.0000    16673.0000 14648983   46.06%
  28283  5240    17357.0000   660    30910.0000    16673.0000 14649707   46.06%
  28292  5249    19961.0000   290    30910.0000    16673.0000 14650808   46.06%
  28318  5267    16611.0000  1672    30910.0000    16673.0000 14657751   46.06%
  28322  5271    16782.0000  1547    30910.0000    16673.0000 14658113   46.06%
  28326  5275    16953.0000  1162    30910.0000    16673.0000 14658452   46.06%
  28332  5281    20132.0000   718    30910.0000    16673.0000 14664356   46.06%
  28343  5292    21389.0000   306    30910.0000    16673.0000 14665240   46.06%
Elapsed time = 20401.66 sec. (25543111.37 ticks, tree = 190.75 MB, solutions = 7)
  28366  5307    16673.0000  1240    30910.0000    16673.0000 14671622   46.06%
  28370  5311    16953.0000  1314    30910.0000    16673.0000 14672061   46.06%
  28373  5314    16953.0000  1117    30910.0000    16673.0000 14672327   46.06%
  28377  5318    17124.0000   890    30910.0000    16673.0000 14673567   46.06%
  28384  5323    20241.0000   431    30910.0000    16673.0000 14674616   46.06%
  28409  5346    21671.0000   188    30910.0000    16673.0000 14675272   46.06%
  28433  5362    17124.0000   856    30910.0000    16673.0000 14675986   46.06%
  28440  5369    20241.0000   464    30910.0000    16673.0000 14677174   46.06%
  28446  5375    20241.0000   387    30910.0000    16673.0000 14677292   46.06%
  28454  5377    infeasible          30910.0000    16673.0000 14678748   46.06%
Elapsed time = 20525.77 sec. (25717127.45 ticks, tree = 193.07 MB, solutions = 7)
  28456  5377    17355.0000  1453    30910.0000    16673.0000 14693658   46.06%
  28459  5380    20132.0000  1001    30910.0000    16673.0000 14700204   46.06%
  28463  5384    20132.0000   844    30910.0000    16673.0000 14700520   46.06%
  28469  5389    20303.0000   587    30910.0000    16673.0000 14702832   46.06%
  28472  5390    17013.0000   978    30910.0000    16673.0000 14715308   46.06%
  28477  5395    17013.0000  1138    30910.0000    16673.0000 14718960   46.06%
  28485  5403    20241.0000   445    30910.0000    16673.0000 14722296   46.06%
  28493  5407    17184.2255  1432    30910.0000    16673.0000 14733117   46.06%
  28500  5414    18628.0622   704    30910.0000    16673.0000 14733964   46.06%
  28511  5418    infeasible          30910.0000    16673.0000 14746733   46.06%
Elapsed time = 20672.76 sec. (25902025.53 ticks, tree = 194.08 MB, solutions = 7)
  28514  5421    16782.0000   893    30910.0000    16673.0000 14752209   46.06%
  28523  5428    17124.0000   530    30910.0000    16673.0000 14755680   46.06%
  28546  5449    infeasible          30910.0000    16673.0000 14756564   46.06%
  28568  5466    23684.3036  2781    30910.0000    16673.0000 14761703   46.06%
  28572  5470    24744.0000  1360    30910.0000    16673.0000 14765687   46.06%
  28594  5490    28716.0000   253    30910.0000    16673.0000 14768115   46.06%
  28609  5501    16782.0000  1229    30910.0000    16673.0000 14774115   46.06%
  28616  5508    19899.0000   529    30910.0000    16673.0000 14776541   46.06%
  28634  5522    27861.0000   482    30910.0000    16673.0000 14790361   46.06%
  28649  5533    infeasible          30910.0000    16673.0000 14790962   46.06%
Elapsed time = 20826.91 sec. (26073102.01 ticks, tree = 197.06 MB, solutions = 7)
  28654  5534    16782.0000  1395    30910.0000    16673.0000 14798820   46.06%
  28658  5538    16953.0000   899    30910.0000    16673.0000 14803573   46.06%
  28663  5543    16953.0000   864    30910.0000    16673.0000 14804215   46.06%
  28669  5549    20059.3997   400    30910.0000    16673.0000 14805689   46.06%
  28680  5557    16725.0622  1316    30910.0000    16673.0000 14806484   46.06%
  28684  5559    infeasible          30910.0000    16673.0000 14807163   46.06%
  28688  5563    16782.0000  1150    30910.0000    16673.0000 14807857   46.06%
  28697  5569    23529.0000   449    30910.0000    16673.0000 14808759   46.06%
  28716  5584    19728.0000   503    30910.0000    16673.0000 14810609   46.06%
  28721  5589    20070.0000   428    30910.0000    16673.0000 14810880   46.06%
Elapsed time = 21026.16 sec. (26250512.58 ticks, tree = 198.52 MB, solutions = 7)
  28743  5605    19728.0000   527    30910.0000    16673.0000 14812325   46.06%
  28747  5609    19728.0000   443    30910.0000    16673.0000 14812496   46.06%
  28753  5615    20132.0000   339    30910.0000    16673.0000 14812732   46.06%
  28762  5622    20876.0000   357    30910.0000    16673.0000 14812996   46.06%
  28787  5641    16782.0000  1057    30910.0000    16673.0000 14813859   46.06%
  28796  5650    17124.0000   516    30910.0000    16673.0000 14816213   46.06%
  28805  5655    infeasible          30910.0000    16673.0000 14817026   46.06%
  28811  5661    17077.0000   721    30910.0000    16673.0000 14817903   46.06%
  28826  5672    21169.0000   254    30910.0000    16673.0000 14819026   46.06%
  28839  5680    19728.0000   722    30910.0000    16673.0000 14821006   46.06%
Elapsed time = 21147.51 sec. (26418829.71 ticks, tree = 201.03 MB, solutions = 7)
  28847  5687    20583.0000   465    30910.0000    16673.0000 14821795   46.06%
  28856  5696    21558.0000   382    30910.0000    16673.0000 14822245   46.06%
  28876  5710    16782.0000  1181    30910.0000    16673.0000 14822898   46.06%
  28882  5716    17124.0000  1022    30910.0000    16673.0000 14826167   46.06%
  28887  5719    infeasible          30910.0000    16673.0000 14830839   46.06%
  28893  5721    16782.0000  1100    30910.0000    16673.0000 14835173   46.06%
  28898  5726    17013.0000   948    30910.0000    16673.0000 14835452   46.06%
  28910  5738    20705.0000   371    30910.0000    16673.0000 14840304   46.06%
  28924  5746    16782.0000  1861    30910.0000    16673.0000 14845866   46.06%
  28934  5756    28265.0000   325    30910.0000    16673.0000 14849100   46.06%
Elapsed time = 21304.56 sec. (26598269.20 ticks, tree = 203.11 MB, solutions = 7)
  28964  5782    29475.0000   160    30910.0000    16673.0000 14849732   46.06%
  28994  5802    16673.0000  2182    30910.0000    16673.0000 14855723   46.06%
  28996  5804    16673.0000  2032    30910.0000    16673.0000 14856168   46.06%
  28999  5807    16782.0000  1499    30910.0000    16673.0000 14857294   46.06%
  29001  5809    16782.0000  1369    30910.0000    16673.0000 14860933   46.06%
  29006  5812    infeasible          30910.0000    16673.0000 14861330   46.06%
  29009  5813    16673.0000  2348    30910.0000    16673.0000 14866365   46.06%
  29014  5816    infeasible          30910.0000    16673.0000 14878207   46.06%
  29022  5822    27361.0000   707    30910.0000    16673.0000 14884345   46.06%
  29031  5831    27861.0000   443    30910.0000    16673.0000 14885796   46.06%
Elapsed time = 21521.92 sec. (26778353.61 ticks, tree = 205.20 MB, solutions = 7)
  29047  5843    28203.0000   206    30910.0000    16673.0000 14886265   46.06%
  29062  5852    28045.0000   503    30910.0000    16673.0000 14889509   46.06%
  29069  5853    17246.0000   959    30910.0000    16673.0000 14892792   46.06%
  29074  5858    17355.0000   593    30910.0000    16673.0000 14893249   46.06%
  29084  5866    17588.0000   390    30910.0000    16673.0000 14893838   46.06%
  29090  5872    17992.0000   452    30910.0000    16673.0000 14894059   46.06%
  29097  5875    17107.3890  1300    30910.0000    16673.0000 14900239   46.06%
  29105  5883    23016.0000   537    30910.0000    16673.0000 14901189   46.06%
  29126  5898    17511.5310  1748    30910.0000    16673.0000 14913589   46.06%
  29131  5903    19728.0000   902    30910.0000    16673.0000 14914292   46.06%
Elapsed time = 21653.94 sec. (26951665.84 ticks, tree = 207.08 MB, solutions = 7)
  29137  5909    20070.0000   582    30910.0000    16673.0000 14916789   46.06%
  29146  5918    23700.0000   520    30910.0000    16673.0000 14917307   46.06%
  29154  5924    24273.0000   279    30910.0000    16673.0000 14917627   46.06%
  29181  5945    16673.0000  1747    30910.0000    16673.0000 14920679   46.06%
  29183  5947    16673.0000  1938    30910.0000    16673.0000 14921874   46.06%
  29187  5951    16844.0000  1251    30910.0000    16673.0000 14923835   46.06%
  29193  5957    17699.0000   654    30910.0000    16673.0000 14925091   46.06%
  29203  5965    21109.0000   372    30910.0000    16673.0000 14925788   46.06%
  29215  5971    17295.0000   867    30910.0000    16673.0000 14928021   46.06%
  29221  5977    19557.0000   411    30910.0000    16673.0000 14931182   46.06%
Elapsed time = 21780.95 sec. (27124188.64 ticks, tree = 209.10 MB, solutions = 7)
  29260  6011    infeasible          30910.0000    16673.0000 14936203   46.06%
  29262  6013    19557.0000  1393    30910.0000    16673.0000 14939048   46.06%
  29267  6018    20070.0000   931    30910.0000    16673.0000 14939426   46.06%
  29273  6022    20241.0000   688    30910.0000    16673.0000 14939754   46.06%
  29291  6038    infeasible          30910.0000    16673.0000 14940782   46.06%
  29300  6041    infeasible          30910.0000    16673.0000 14943690   46.06%
  29305  6046    17015.0000  1110    30910.0000    16673.0000 14944617   46.06%
  29317  6053    16782.0000  1060    30910.0000    16673.0000 14946076   46.06%
  29325  6061    17124.0000   610    30910.0000    16673.0000 14946646   46.06%
  29334  6064    16782.0000  1228    30910.0000    16673.0000 14952014   46.06%
Elapsed time = 21911.75 sec. (27296009.81 ticks, tree = 211.43 MB, solutions = 7)
  29338  6068    16953.0000  1207    30910.0000    16673.0000 14955524   46.06%
  29341  6071    17015.0000   991    30910.0000    16673.0000 14955751   46.06%
  29346  6074    17124.0000   820    30910.0000    16673.0000 14956142   46.06%
  29351  6079    17124.0000   691    30910.0000    16673.0000 14957119   46.06%
  29370  6098    21560.0000   281    30910.0000    16673.0000 14958247   46.06%
  29381  6105    16953.0000   944    30910.0000    16673.0000 14962631   46.06%
  29388  6112    17124.0000   811    30910.0000    16673.0000 14964382   46.06%
  29394  6118    19899.0000   507    30910.0000    16673.0000 14966825   46.06%
  29413  6137    22073.0000   166    30910.0000    16673.0000 14967519   46.06%
  29419  6139    17186.0000  1238    30910.0000    16673.0000 14973812   46.06%
Elapsed time = 22035.63 sec. (27462519.56 ticks, tree = 213.41 MB, solutions = 7)
  29423  6143    19950.3997   478    30910.0000    16673.0000 14975561   46.06%
  29430  6150    20645.0000   411    30910.0000    16673.0000 14975783   46.06%
  29435  6155    20816.0000   421    30910.0000    16673.0000 14976017   46.06%
  29443  6160    16844.0000   955    30910.0000    16673.0000 14976571   46.06%
  29455  6171    17526.0000   445    30910.0000    16673.0000 14980040   46.06%
  29476  6188    infeasible          30910.0000    16673.0000 14980943   46.06%
  29490  6196    16782.0000   852    30910.0000    16673.0000 14982002   46.06%
  29496  6200    infeasible          30910.0000    16673.0000 14982481   46.06%
  29504  6208    20472.0000   388    30910.0000    16673.0000 14983485   46.06%
  29528  6229    16782.0000   871    30910.0000    16673.0000 14986228   46.06%
Elapsed time = 22157.26 sec. (27630741.70 ticks, tree = 215.71 MB, solutions = 7)
  29533  6234    23016.0000   615    30910.0000    16673.0000 14991229   46.06%
  29552  6253    23653.0000   275    30910.0000    16673.0000 14992350   46.06%
  29568  6261    16782.0000   970    30910.0000    16673.0000 14993233   46.06%
  29574  6265    17466.0000   919    30910.0000    16673.0000 14994352   46.06%
  29580  6270    17526.0000   632    30910.0000    16673.0000 14995804   46.06%
  29589  6277    20985.0000   259    30910.0000    16673.0000 14996379   46.06%
  29601  6285    16782.0000   978    30910.0000    16673.0000 14997285   46.06%
  29606  6290    17124.0000   995    30910.0000    16673.0000 14997791   46.06%
  29614  6296    20241.0000   421    30910.0000    16673.0000 14998691   46.06%
  29618  6300    20412.0000   379    30910.0000    16673.0000 14998782   46.06%
Elapsed time = 22284.90 sec. (27797883.20 ticks, tree = 217.56 MB, solutions = 7)
  29629  6305    17184.0000  1356    30910.0000    16673.0000 15002832   46.06%
  29632  6308    17184.0000   913    30910.0000    16673.0000 15003447   46.06%
  29635  6311    19961.0000   726    30910.0000    16673.0000 15006458   46.06%
  29641  6317    20070.0000   541    30910.0000    16673.0000 15008063   46.06%
  29664  6336    16673.0000  1483    30910.0000    16673.0000 15022510   46.06%
  29670  6342    20070.0000   941    30910.0000    16673.0000 15023399   46.06%
  29677  6349    20754.0000   637    30910.0000    16673.0000 15023859   46.06%
  29703  6370    22011.0000   227    30910.0000    16673.0000 15024659   46.06%
  29712  6375    16906.0000  1209    30910.0000    16673.0000 15027548   46.06%
  29719  6382    17077.0000  1021    30910.0000    16673.0000 15028047   46.06%
Elapsed time = 22415.80 sec. (27981651.66 ticks, tree = 219.64 MB, solutions = 7)
  29729  6391    23591.0000   275    30910.0000    16673.0000 15029019   46.06%
  29732  6394    23762.0000   301    30910.0000    16673.0000 15029120   46.06%
  29740  6402    24273.0000   234    30910.0000    16673.0000 15029330   46.06%
  29752  6408    16728.3716  1582    30910.0000    16673.0000 15041759   46.06%
  29758  6414    20070.0000   924    30910.0000    16673.0000 15042372   46.06%
  29763  6419    20583.0000   559    30910.0000    16673.0000 15042975   46.06%
  29774  6429    26287.0000   252    30910.0000    16673.0000 15043988   46.06%
  29789  6434    16782.0000  1138    30910.0000    16673.0000 15054633   46.06%
  29793  6438    17015.0000   984    30910.0000    16673.0000 15054950   46.06%
  29799  6444    17307.0011   715    30910.0000    16673.0000 15057806   46.06%
Elapsed time = 22548.25 sec. (28155934.65 ticks, tree = 221.34 MB, solutions = 7)
  29814  6457    21791.0000   300    30910.0000    16673.0000 15058570   46.06%
  29823  6462    16673.0000  1927    30910.0000    16673.0000 15060285   46.06%
  29827  6466    16782.0000  1170    30910.0000    16673.0000 15062449   46.06%
  29831  6470    17124.0000  1070    30910.0000    16673.0000 15064784   46.06%
  29836  6475    17357.0000   745    30910.0000    16673.0000 15065975   46.06%
  29857  6491    21267.0000   353    30910.0000    16673.0000 15068915   46.06%
  29865  6491    16782.0000  6338    30910.0000    16673.0000 15098132   46.06%
  29866  6492    16782.0000  4088    30910.0000    16673.0000 15113431   46.06%
  29868  6494    16782.0000  3405    30910.0000    16673.0000 15124247   46.06%
  29869  6495    16953.0000  3244    30910.0000    16673.0000 15130189   46.06%
Elapsed time = 22697.41 sec. (28355132.01 ticks, tree = 222.68 MB, solutions = 7)
  29870  6496    17124.0000  2708    30910.0000    16673.0000 15130776   46.06%
  29872  6498    17295.0000  1162    30910.0000    16673.0000 15134419   46.06%
  29878  6504    17808.0000   763    30910.0000    16673.0000 15134947   46.06%
  29898  6521    20650.0000   240    30910.0000    16673.0000 15135642   46.06%
  29908  6526    16782.0000  1869    30910.0000    16673.0000 15147505   46.06%
  29911  6529    17124.0000  1019    30910.0000    16673.0000 15154225   46.06%
  29915  6533    17186.0000   943    30910.0000    16673.0000 15154412   46.06%
  29919  6537    17186.0000   890    30910.0000    16673.0000 15156618   46.06%
  29925  6543    17992.0000   569    30910.0000    16673.0000 15158011   46.06%
  29929  6547    18334.0000   459    30910.0000    16673.0000 15158144   46.06%
Elapsed time = 22823.38 sec. (28528765.78 ticks, tree = 223.99 MB, solutions = 7)
  29942  6558    21962.0000   235    30910.0000    16673.0000 15158678   46.06%
  29945  6557    16673.0000  3690    30910.0000    16673.0000 15183563   46.06%
  29947  6559    16844.0000  2423    30910.0000    16673.0000 15193341   46.06%
  29949  6561    16953.0000  1712    30910.0000    16673.0000 15199370   46.06%
  29955  6567    17357.0000   668    30910.0000    16673.0000 15200530   46.06%
  29962  6574    17759.0000   498    30910.0000    16673.0000 15205764   46.06%
  29967  6577    17759.0000   378    30910.0000    16673.0000 15205938   46.06%
  29974  6584    18612.0000   313    30910.0000    16673.0000 15206049   46.06%
  29983  6589    28278.0000  1103    30910.0000    16673.0000 15221904   46.06%
  29998  6600    28558.0000   294    30910.0000    16673.0000 15223072   46.06%
Elapsed time = 22959.92 sec. (28710404.49 ticks, tree = 225.36 MB, solutions = 7)
  30035  6631    16673.0000  3171    30910.0000    16673.0000 15235991   46.06%
  30036  6632    16673.0000  5609    30910.0000    16673.0000 15247202   46.06%
  30037  6633    16673.0000  3069    30910.0000    16673.0000 15253139   46.06%
  30038  6634    16673.0000  2517    30910.0000    16673.0000 15259401   46.06%
  30039  6635    16844.0000  2350    30910.0000    16673.0000 15266863   46.06%
  30041  6637    16844.0000  1844    30910.0000    16673.0000 15267566   46.06%
  30045  6641    17357.0000  1056    30910.0000    16673.0000 15273412   46.06%
  30049  6645    17590.0000   812    30910.0000    16673.0000 15273552   46.06%
  30054  6650    17870.0000   611    30910.0000    16673.0000 15274835   46.06%
  30076  6662    16673.0000  3890    30910.0000    16673.0000 15296791   46.06%
Elapsed time = 23122.90 sec. (28924038.51 ticks, tree = 227.19 MB, solutions = 7)
  30077  6663    16673.0000  3930    30910.0000    16673.0000 15307548   46.06%
  30079  6665    17124.0000  1000    30910.0000    16673.0000 15313444   46.06%
  30084  6670    17357.0000  1005    30910.0000    16673.0000 15313792   46.06%
  30088  6674    18041.0000   673    30910.0000    16673.0000 15316207   46.06%
  30092  6678    18041.0000   559    30910.0000    16673.0000 15316344   46.06%
  30099  6684    21560.0000   329    30910.0000    16673.0000 15317550   46.06%
  30108  6689    infeasible          30910.0000    16673.0000 15317795   46.06%
  30114  6691    16673.0000  3044    30910.0000    16673.0000 15339647   46.06%
  30116  6693    17186.0000  1130    30910.0000    16673.0000 15350849   46.06%
  30120  6697    17528.0000   725    30910.0000    16673.0000 15351241   46.06%
Elapsed time = 23266.79 sec. (29106466.24 ticks, tree = 228.11 MB, solutions = 7)
  30125  6702    18054.0000   616    30910.0000    16673.0000 15351724   46.06%
  30137  6709    17588.0000   963    30910.0000    16673.0000 15356969   46.06%
  30140  6712    17759.0000   834    30910.0000    16673.0000 15357255   46.06%
  30143  6715    17928.0000   837    30910.0000    16673.0000 15357687   46.06%
  30148  6718    20705.0000   718    30910.0000    16673.0000 15358353   46.06%
  30156  6724    21669.0000   276    30910.0000    16673.0000 15359351   46.06%
  30164  6728    infeasible          30910.0000    16673.0000 15359740   46.06%
  30193  6744        cutoff          30910.0000    16673.0000 15369577   46.06%
  30195  6744    16673.0000  4848    30910.0000    16673.0000 15376363   46.06%
  30196  6745    16673.0000  4467    30910.0000    16673.0000 15381146   46.06%
Elapsed time = 23406.83 sec. (29278041.06 ticks, tree = 229.55 MB, solutions = 7)
  30198  6747    16673.0000  3775    30910.0000    16673.0000 15386081   46.06%
  30200  6749    16673.0000  2333    30910.0000    16673.0000 15391815   46.06%
  30205  6754    19557.0000   950    30910.0000    16673.0000 15396810   46.06%
  30213  6762    19557.0000   569    30910.0000    16673.0000 15399230   46.06%
  30226  6773    21917.0000   364    30910.0000    16673.0000 15400193   46.06%
  30238  6781    28032.0000   636    30910.0000    16673.0000 15404764   46.06%
  30275  6816    29475.0000   186    30910.0000    16673.0000 15405844   46.06%
  30305  6838    16673.0000  3712    30910.0000    16673.0000 15406517   46.06%
  30313  6846    28263.0000   500    30910.0000    16673.0000 15413577   46.06%
  30337  6865    28263.0000   731    30910.0000    16673.0000 15420247   46.06%
Elapsed time = 23557.71 sec. (29453336.54 ticks, tree = 233.02 MB, solutions = 7)
  30352  6877    28263.0000   376    30910.0000    16673.0000 15423272   46.06%
  30356  6877    17013.0000  1686    30910.0000    16673.0000 15431957   46.06%
  30362  6883    19790.0000  1110    30910.0000    16673.0000 15437929   46.06%
  30369  6890    19790.0000   583    30910.0000    16673.0000 15439184   46.06%
  30386  6905    22319.0000   264    30910.0000    16673.0000 15440070   46.06%
  30399  6914    28203.0000   523    30910.0000    16673.0000 15445805   46.06%
  30425  6938    29597.0000   291    30910.0000    16673.0000 15446456   46.06%
  30435  6944    17355.0000   575    30910.0000    16673.0000 15455934   46.06%
  30451  6960    18272.0000   407    30910.0000    16673.0000 15456875   46.06%
  30463  6968        cutoff          30910.0000    16673.0000 15457526   46.06%
Elapsed time = 23694.37 sec. (29617003.68 ticks, tree = 235.81 MB, solutions = 7)
  30464  6969    16673.0000  5945    30910.0000    16673.0000 15475150   46.06%
  30465  6970    16673.0000  4797    30910.0000    16673.0000 15482107   46.06%
  30466  6971    16673.0000  3152    30910.0000    16673.0000 15485961   46.06%
  30469  6974    19728.0000  1180    30910.0000    16673.0000 15492324   46.06%
  30475  6980    19728.0000   965    30910.0000    16673.0000 15495015   46.06%
  30484  6987    20472.0000   494    30910.0000    16673.0000 15495522   46.06%
  30498  6995    infeasible          30910.0000    16673.0000 15496288   46.06%
  30506  7001    28032.0000   719    30910.0000    16673.0000 15501819   46.06%
  30519  7014    28203.0000   377    30910.0000    16673.0000 15503911   46.06%
  30527  7016    16673.0000  2586    30910.0000    16673.0000 15513728   46.06%
Elapsed time = 23849.80 sec. (29796562.85 ticks, tree = 237.03 MB, solutions = 7)
  30529  7018    16673.0000  1923    30910.0000    16673.0000 15514645   46.06%
  30534  7023    17013.0000  1277    30910.0000    16673.0000 15518366   46.06%
  30539  7028    19557.0000   809    30910.0000    16673.0000 15521376   46.06%
  30546  7035    19557.0000   528    30910.0000    16673.0000 15521839   46.06%
  30560  7045    27690.0000   772    30910.0000    16673.0000 15527307   46.06%
  30576  7061    28094.0000   431    30910.0000    16673.0000 15533287   46.06%
  30610  7091    16673.0000  2453    30910.0000    16673.0000 15535300   46.06%
  30615  7096    19728.0000   914    30910.0000    16673.0000 15541285   46.06%
  30622  7101    19728.0000   832    30910.0000    16673.0000 15541438   46.06%
  30636  7113    21062.0000   491    30910.0000    16673.0000 15543512   46.06%
Elapsed time = 23995.59 sec. (29972527.54 ticks, tree = 239.74 MB, solutions = 7)
  30650  7123    27690.0000   890    30910.0000    16673.0000 15548073   46.06%
  30663  7136    28776.0000   227    30910.0000    16673.0000 15552337   46.06%
  30673  7142    16673.0000  2649    30910.0000    16673.0000 15557507   46.06%
  30676  7145    17013.0000  1845    30910.0000    16673.0000 15566089   46.06%
  30682  7151    19557.0000   936    30910.0000    16673.0000 15567043   46.06%
  30696  7163    21948.0000   473    30910.0000    16673.0000 15568307   46.06%
  30711  7174    27690.0000   712    30910.0000    16673.0000 15572832   46.06%
  30723  7186    28263.0000   359    30910.0000    16673.0000 15573892   46.06%
  30729  7188    16673.0000  2985    30910.0000    16673.0000 15583003   46.06%
  30731  7190    17184.0000  1699    30910.0000    16673.0000 15584461   46.06%
Elapsed time = 24148.85 sec. (30149169.75 ticks, tree = 241.92 MB, solutions = 7)
  30737  7196    19728.0000   888    30910.0000    16673.0000 15589655   46.06%
  30747  7202    infeasible          30910.0000    16673.0000 15591092   46.06%
  30761  7216    19899.0000   420    30910.0000    16673.0000 15591855   46.06%
  30771  7222    27690.0000   962    30910.0000    16673.0000 15597955   46.06%
  30783  7234    28032.0000   429    30910.0000    16673.0000 15599678   46.06%
  30791  7240    28434.0000   267    30910.0000    16673.0000 15600307   46.06%
  30805  7250    19899.0000   896    30910.0000    16673.0000 15603323   46.06%
  30817  7258    19899.0000   353    30910.0000    16673.0000 15604046   46.06%
  30835  7266    17184.0000  1065    30910.0000    16673.0000 15606910   46.06%
  30844  7273    infeasible          30910.0000    16673.0000 15607896   46.06%
Elapsed time = 24292.80 sec. (30310584.06 ticks, tree = 244.17 MB, solutions = 7)
  30867  7292    infeasible          30910.0000    16673.0000 15608623   46.06%
  30872  7293    17186.0000  1075    30910.0000    16673.0000 15613533   46.06%
  30877  7297    23420.0000   644    30910.0000    16673.0000 15616546   46.06%
  30879  7299    23420.0000   595    30910.0000    16673.0000 15616677   46.06%
  30886  7306    23480.0000   406    30910.0000    16673.0000 15616898   46.06%
  30893  7311    23700.0000   319    30910.0000    16673.0000 15617136   46.06%
  30908  7320    16782.0000  4172    30910.0000    16673.0000 15639915   46.06%
  30909  7320    16782.0000  3389    30910.0000    16673.0000 15655558   46.06%
  30910  7321    16782.0000  3407    30910.0000    16673.0000 15658506   46.06%
  30911  7322    16782.0000  2584    30910.0000    16673.0000 15663992   46.06%
Elapsed time = 24459.16 sec. (30517372.73 ticks, tree = 245.54 MB, solutions = 7)
  30912  7323    19961.0000  2365    30910.0000    16673.0000 15667091   46.06%
  30914  7325    20241.0000  1479    30910.0000    16673.0000 15667563   46.06%
  30917  7328    20241.0000   627    30910.0000    16673.0000 15668063   46.06%
  30930  7341    20754.0000   359    30910.0000    16673.0000 15668721   46.06%
  30945  7352    28434.0000  1158    30910.0000    16673.0000 15674470   46.06%
  30952  7357    28434.0000   925    30910.0000    16673.0000 15675022   46.06%
  30979  7378    29822.0000   266    30910.0000    16673.0000 15676444   46.06%
  30985  7380    17077.0000   936    30910.0000    16673.0000 15677192   46.06%
  30992  7387    20645.0000   416    30910.0000    16673.0000 15677883   46.06%
  31005  7400    22195.0000   187    30910.0000    16673.0000 15678681   46.06%
Elapsed time = 24604.06 sec. (30687736.57 ticks, tree = 247.63 MB, solutions = 7)
  31036  7419    16673.0000  1404    30910.0000    16673.0000 15679364   46.06%
  31041  7424    16844.0000   882    30910.0000    16673.0000 15680833   46.06%
  31046  7429    17295.0000   670    30910.0000    16673.0000 15681070   46.06%
  31065  7446    21438.0000   210    30910.0000    16673.0000 15681826   46.06%
  31083  7460    16782.0000  1133    30910.0000    16673.0000 15682504   46.06%
  31086  7463    16953.0000  1071    30910.0000    16673.0000 15683033   46.06%
  31091  7468    17124.0000   866    30910.0000    16673.0000 15683956   46.06%
  31098  7475    20241.0000   570    30910.0000    16673.0000 15688487   46.06%
  31116  7489    infeasible          30910.0000    16673.0000 15689210   46.06%
  31120  7491    17541.0000  1150    30910.0000    16673.0000 15692439   46.06%
Elapsed time = 24738.92 sec. (30856920.90 ticks, tree = 250.17 MB, solutions = 7)
  31122  7493    17541.0000  1106    30910.0000    16673.0000 15692488   46.06%
  31126  7497    18225.0000   761    30910.0000    16673.0000 15692889   46.06%
  31133  7504    20985.0000   568    30910.0000    16673.0000 15694551   46.06%
  31158  7519    16735.0000  1080    30910.0000    16673.0000 15695319   46.06%
  31167  7528    20301.0000   575    30910.0000    16673.0000 15696109   46.06%
  31186  7539    16844.0000   810    30910.0000    16716.5796 15699045   45.92%
  31190  7543    16844.0000   809    30910.0000    16716.5796 15699258   45.92%
  31196  7549    17186.0000   637    30910.0000    16716.5796 15699712   45.92%
  31205  7558    20754.0000   239    30910.0000    16716.5796 15700153   45.92%
  31227  7572    19728.0000   982    30910.0000    16716.5796 15701072   45.92%
Elapsed time = 24874.21 sec. (31025791.94 ticks, tree = 252.35 MB, solutions = 7)
  31231  7574    19899.0000   849    30910.0000    16716.5796 15701617   45.92%
  31236  7579    20241.0000   718    30910.0000    16716.5796 15701932   45.92%
  31244  7583    infeasible          30910.0000    16716.5796 15703263   45.92%
  31268  7603    16716.5796  1277    30910.0000    16716.5796 15703951   45.92%
  31273  7608    16801.9752  1142    30910.0000    16725.0622 15704888   45.89%
  31278  7613    20303.0000   655    30910.0000    16725.0622 15705585   45.89%
  31294  7627    23358.0000   305    30910.0000    16725.0622 15706486   45.89%
  31314  7641    19728.0000  1169    30910.0000    16725.0622 15713725   45.89%
  31317  7644    19728.0000   962    30910.0000    16725.0622 15713833   45.89%
  31320  7645    19728.0000   909    30910.0000    16725.0622 15714028   45.89%
Elapsed time = 24999.28 sec. (31193727.20 ticks, tree = 254.39 MB, solutions = 7)
  31325  7650    23358.0000   447    30910.0000    16725.0622 15714701   45.89%
  31367  7686    infeasible          30910.0000    16725.0622 15715716   45.89%
  31372  7689    20070.0000   932    30910.0000    16725.0622 15719172   45.89%
  31374  7689    infeasible          30910.0000    16725.0622 15719384   45.89%
  31376  7691    20412.0000   872    30910.0000    16725.0622 15719484   45.89%
  31381  7696    23760.0000   448    30910.0000    16725.0622 15720662   45.89%
  31401  7705    16906.0000   880    30910.0000    16735.0000 15722006   45.86%
  31408  7712    17295.0000   665    30910.0000    16735.0000 15722404   45.86%
  31412  7714    20241.0000   525    30910.0000    16735.0000 15722696   45.86%
  31423  7721    infeasible          30910.0000    16735.0000 15723155   45.86%
Elapsed time = 25132.68 sec. (31364204.40 ticks, tree = 256.65 MB, solutions = 7)
  31428  7726    17124.0000   889    30910.0000    16735.0000 15724028   45.86%
  31434  7732    17883.0000   712    30910.0000    16735.0000 15727478   45.86%
  31442  7740    20427.0000   481    30910.0000    16735.0000 15728626   45.86%
  31472  7766    21438.0000   207    30910.0000    16735.0000 15729250   45.86%
  31481  7771    23420.0000   358    30910.0000    16735.0000 15732421   45.86%
  31494  7782    23822.0000   197    30910.0000    16735.0000 15732971   45.86%
  31515  7799    16844.0000   928    30910.0000    16735.0000 15734331   45.86%
  31529  7808    16906.0000  1121    30910.0000    16735.0000 15736538   45.86%
  31534  7813    19899.0000   634    30910.0000    16735.0000 15737057   45.86%
  31547  7826    22863.0000   270    30910.0000    16735.0000 15737638   45.86%
Elapsed time = 25257.54 sec. (31526812.17 ticks, tree = 259.52 MB, solutions = 7)
  31567  7841    17186.0000   986    30910.0000    16735.0000 15738640   45.86%
  31570  7844    17541.0000   775    30910.0000    16735.0000 15740280   45.86%
  31574  7848    17541.0000   738    30910.0000    16735.0000 15740376   45.86%
  31578  7850    17808.0000   688    30910.0000    16735.0000 15740590   45.86%
  31587  7859    21500.0000   237    30910.0000    16735.0000 15741220   45.86%
  31623  7889    infeasible          30910.0000    16735.0000 15742405   45.86%
  31630  7894    19670.4287   653    30910.0000    16735.0000 15743592   45.86%
  31645  7909    20754.0000   221    30910.0000    16735.0000 15744006   45.86%
  31664  7924    17466.0000   837    30910.0000    16735.0000 15744716   45.86%
  31668  7928    20412.0000   745    30910.0000    16735.0000 15746728   45.86%
Elapsed time = 25482.83 sec. (31696803.29 ticks, tree = 262.39 MB, solutions = 7)
  31688  7944    20301.0000   496    30910.0000    16735.0000 15747995   45.86%
  31713  7961    22907.0000   585    30910.0000    16735.0000 15750150   45.86%
  31722  7966    17541.0000  1005    30910.0000    16735.0000 15752303   45.86%
  31728  7972    17541.0000   661    30910.0000    16735.0000 15752645   45.86%
  31734  7978    17541.0000   634    30910.0000    16735.0000 15752919   45.86%
  31743  7985    19557.0000   418    30910.0000    16735.0000 15753809   45.86%
  31750  7988    20132.0000   640    30910.0000    16782.0000 15754455   45.71%
  31756  7994    20474.0000   325    30910.0000    16782.0000 15754793   45.71%
  31761  7999    20816.0000   301    30910.0000    16782.0000 15754975   45.71%
  31776  8009    16953.0000  1810    30910.0000    16782.0000 15755649   45.71%
Elapsed time = 25619.35 sec. (31868603.37 ticks, tree = 264.57 MB, solutions = 7)
  31782  8015    17184.0000   972    30910.0000    16782.0000 15755882   45.71%
  31791  8024    18285.0000   397    30910.0000    16782.0000 15756255   45.71%
  31809  8040    18518.0000   261    30910.0000    16782.0000 15756652   45.71%
  31825  8052    16782.0000  1113    30910.0000    16782.0000 15757059   45.71%
  31829  8055    17124.0000  1030    30910.0000    16782.0000 15757523   45.71%
  31834  8060    17868.0000   891    30910.0000    16782.0000 15759183   45.71%
  31849  8075    21498.0000   249    30910.0000    16782.0000 15760856   45.71%
  31871  8093    17295.0000   403    30910.0000    16782.0000 15762265   45.71%
  31886  8107    18783.0000   243    30910.0000    16782.0000 15762827   45.71%
  31904  8121    17124.0000   758    30910.0000    16782.0000 15767014   45.71%
Elapsed time = 25748.63 sec. (32032785.07 ticks, tree = 267.45 MB, solutions = 7)
  31911  8128    17637.0000   509    30910.0000    16782.0000 15769509   45.71%
  31924  8136    17015.0000   527    30910.0000    16782.0000 15772595   45.71%
  31947  8155    16953.0000   466    30910.0000    16782.0000 15774383   45.71%
  31968  8170    infeasible          30910.0000    16782.0000 15775494   45.71%
  31982  8178    17124.0000  1066    30910.0000    16782.0000 15776248   45.71%
  31992  8187    23700.0000   323    30910.0000    16782.0000 15780092   45.71%
  32009  8198    16965.0812  1043    30910.0000    16782.0000 15781186   45.71%
  32031  8216    infeasible          30910.0000    16782.0000 15783748   45.71%
  32048  8229    17124.0000   407    30910.0000    16782.0000 15785075   45.71%
  32063  8240    16953.0000   592    30910.0000    16782.0000 15787381   45.71%
Elapsed time = 25867.39 sec. (32193999.48 ticks, tree = 270.92 MB, solutions = 7)
  32076  8253    17697.0000   369    30910.0000    16782.0000 15787937   45.71%
  32097  8272    18794.0000   218    30910.0000    16782.0000 15788530   45.71%
  32121  8292    17808.0000   256    30910.0000    16782.0000 15789720   45.71%
  32143  8308    infeasible          30910.0000    16782.0000 15790646   45.71%
  32171  8336    22164.0000   151    30910.0000    16782.0000 15792811   45.71%
  32215  8376    16953.0000   536    30910.0000    16782.0000 15793587   45.71%
  32228  8387    17417.0000   404    30910.0000    16782.0000 15794336   45.71%
  32246  8403    infeasible          30910.0000    16782.0000 15794816   45.71%
  32255  8408    17184.9988   819    30910.0000    16782.0000 15796813   45.71%
  32263  8416    20070.0000   349    30910.0000    16782.0000 15797307   45.71%
Elapsed time = 25985.35 sec. (32352447.20 ticks, tree = 275.63 MB, solutions = 7)
  32285  8438    21498.0000   187    30910.0000    16782.0000 15797874   45.71%
  32296  8444    20412.0000   478    30910.0000    16782.0000 15800641   45.71%
  32319  8465    21840.0000   202    30910.0000    16782.0000 15801178   45.71%
  32337  8477    17184.0000   503    30910.0000    16782.0000 15803089   45.71%
  32357  8493    16906.3160  1384    30910.0000    16782.0000 15806580   45.71%
  32361  8497    19899.0000   564    30910.0000    16782.0000 15807002   45.71%
  32386  8516    16953.0000   731    30910.0000    16782.0000 15808751   45.71%
  32391  8521    19728.0000   471    30910.0000    16782.0000 15810323   45.71%
  32398  8528    19728.0000   407    30910.0000    16782.0000 15810681   45.71%
  32406  8532    16782.0000   741    30910.0000    16782.0000 15814458   45.71%
Elapsed time = 26209.70 sec. (32522195.81 ticks, tree = 278.75 MB, solutions = 7)
  32413  8539    17186.0000   511    30910.0000    16782.0000 15814999   45.71%
  32424  8550    17526.0000   491    30910.0000    16782.0000 15818631   45.71%
  32440  8562    18381.0000   240    30910.0000    16782.0000 15819299   45.71%
  32449  8567    16844.0000   749    30910.0000    16782.0000 15819847   45.71%
  32457  8573    17124.0000   516    30910.0000    16782.0000 15820405   45.71%
  32468  8582    24630.0000   272    30910.0000    16782.0000 15822134   45.71%
  32484  8593    17417.0000   614    30910.0000    16782.0000 15825841   45.71%
  32491  8598    18280.7529   454    30910.0000    16782.0000 15826444   45.71%
  32520  8619    16953.0000   807    30910.0000    16782.0000 15827580   45.71%
  32536  8635    18101.0000   284    30910.0000    16782.0000 15828228   45.71%
Elapsed time = 26335.72 sec. (32681774.43 ticks, tree = 281.42 MB, solutions = 7)
  32556  8647    21544.0000   497    30910.0000    16782.0000 15830965   45.71%
  32582  8667    17013.0000   811    30910.0000    16782.0000 15833903   45.71%
  32586  8671    17184.0000   851    30910.0000    16782.0000 15837529   45.71%
  32594  8679    18270.0000   362    30910.0000    16782.0000 15838047   45.71%
  32617  8699    17186.0000   591    30910.0000    16782.0000 15839561   45.71%
  32626  8706    17759.0000   407    30910.0000    16782.0000 15839828   45.71%
  32641  8715    16953.0000   857    30910.0000    16782.0000 15842276   45.71%
  32651  8725    17295.0000   461    30910.0000    16782.0000 15843080   45.71%
  32678  8752    19016.0000   186    30910.0000    16782.0000 15843887   45.71%
  32687  8757    16953.0000   590    30910.0000    16782.0000 15845282   45.71%
Elapsed time = 26471.58 sec. (32845355.91 ticks, tree = 284.56 MB, solutions = 7)
  32692  8762    20754.0000   409    30910.0000    16782.0000 15846675   45.71%
  32713  8777    19728.0000   531    30910.0000    16782.0000 15849897   45.71%
  32733  8794    infeasible          30910.0000    16782.0000 15850984   45.71%
  32753  8809    17295.0000   506    30910.0000    16782.0000 15851674   45.71%
  32768  8822    26646.0000   181    30910.0000    16782.0000 15854252   45.71%
  32778  8829    17184.0000   591    30910.0000    16782.0000 15855675   45.71%
  32786  8837    20132.0000   496    30910.0000    16782.0000 15857988   45.71%
  32831  8876    16844.0000   664    30910.0000    16782.0000 15858828   45.71%
  32838  8883    17295.0000   575    30910.0000    16782.0000 15859432   45.71%
  32858  8903    18041.0000   218    30910.0000    16782.0000 15860315   45.71%
Elapsed time = 26682.92 sec. (33004596.98 ticks, tree = 288.56 MB, solutions = 7)
  32876  8915    17013.0000   506    30910.0000    16782.0000 15860917   45.71%
  32883  8922    17528.0000   347    30910.0000    16782.0000 15861358   45.71%
  32888  8927    17590.0000   305    30910.0000    16782.0000 15861530   45.71%
  32905  8944    18505.0000   163    30910.0000    16782.0000 15861820   45.71%
  32928  8962    16953.0000   800    30910.0000    16782.0000 15865245   45.71%
  32936  8969    23016.0000   441    30910.0000    16782.0000 15868235   45.71%
  32942  8971    16953.0000   830    30910.0000    16782.0000 15871059   45.71%
  32945  8974    17015.0000   728    30910.0000    16782.0000 15871225   45.71%
  32956  8981    16953.0000   860    30910.0000    16782.0000 15872163   45.71%
  32962  8987    19899.0000   525    30910.0000    16782.0000 15872841   45.71%
Elapsed time = 26820.15 sec. (33174320.70 ticks, tree = 290.78 MB, solutions = 7)
  32986  9009    21960.0000   171    30910.0000    16782.0000 15873461   45.71%
  33002  9021    17295.0000   654    30910.0000    16782.0000 15874126   45.71%
  33024  9039    infeasible          30910.0000    16782.0000 15875289   45.71%
  33031  9046    20241.0000   825    30910.0000    16782.0000 15876781   45.71%
  33033  9048    20241.0000   512    30910.0000    16782.0000 15876851   45.71%
  33038  9053    20412.0000   437    30910.0000    16782.0000 15877016   45.71%
  33082  9095    23046.3359    76    30910.0000    16782.0000 15877667   45.71%
  33095  9100    17079.7212  1251    30910.0000    16782.0000 15881767   45.71%
  33102  9107    17712.0000   684    30910.0000    16782.0000 15882710   45.71%
  33108  9109    infeasible          30910.0000    16782.0000 15883002   45.71%
Elapsed time = 27111.58 sec. (33351924.11 ticks, tree = 294.22 MB, solutions = 7)
  33119  9118    22999.0000   324    30910.0000    16782.0000 15886287   45.71%
  33137  9132    23931.0000   217    30910.0000    16782.0000 15887063   45.71%
  33143  9135    19557.0000   720    30910.0000    16782.0000 15891050   45.71%
  33148  9140    20070.0000   472    30910.0000    16782.0000 15891496   45.71%
  33171  9158    16953.0000  1056    30910.0000    16782.0000 15893378   45.71%
  33178  9165    17295.0000   651    30910.0000    16782.0000 15894042   45.71%
  33182  9169    20474.0000   526    30910.0000    16782.0000 15896213   45.71%
  33203  9186    17124.0000   908    30910.0000    16782.0000 15897123   45.71%
  33210  9193    17759.0000   726    30910.0000    16782.0000 15897455   45.71%
  33217  9197    17184.0000   883    30910.0000    16782.0000 15898402   45.71%
Elapsed time = 27235.41 sec. (33518792.14 ticks, tree = 296.63 MB, solutions = 7)
  33221  9201    17526.0000   712    30910.0000    16782.0000 15898625   45.71%
  33226  9206    17928.0000   602    30910.0000    16782.0000 15898859   45.71%
  33241  9219    21340.0000   234    30910.0000    16782.0000 15899676   45.71%
  33250  9224    17124.0000  1350    30910.0000    16782.0000 15902007   45.71%
  33263  9235    23420.0000   365    30910.0000    16782.0000 15903215   45.71%
  33280  9245    17124.0000   750    30910.0000    16782.0000 15904287   45.71%
  33307  9266    24460.0000   650    30910.0000    16782.0000 15906784   45.71%
  33325  9284    25717.0000   284    30910.0000    16782.0000 15907359   45.71%
  33334  9288    18427.0000  1016    30910.0000    16782.0000 15908078   45.71%
  33340  9294    18427.0000   642    30910.0000    16782.0000 15908369   45.71%
Elapsed time = 27367.92 sec. (33684790.42 ticks, tree = 299.24 MB, solutions = 7)
  33363  9315    22473.0000   130    30910.0000    16782.0000 15909174   45.71%
  33372  9320    17124.0000   706    30910.0000    16782.0000 15909933   45.71%
  33401  9342    22299.0000   144    30910.0000    16782.0000 15910950   45.71%
  33406  9345    17518.4268   963    30910.0000    16782.0000 15912950   45.71%
  33420  9357    20816.0000   375    30910.0000    16782.0000 15915836   45.71%
  33438  9372    17124.0000   547    30910.0000    16782.0000 15918322   45.71%
  33449  9381    17697.0000   313    30910.0000    16782.0000 15918658   45.71%
  33464  9393    17015.0000   659    30910.0000    16782.0000 15919856   45.71%
  33473  9398    17124.0000   476    30910.0000    16782.0000 15920420   45.71%
  33481  9404    17528.0000   303    30910.0000    16782.0000 15921818   45.71%
Elapsed time = 27490.88 sec. (33843069.18 ticks, tree = 302.10 MB, solutions = 7)
  33488  9411    17870.0000   329    30910.0000    16782.0000 15922160   45.71%
  33502  9423    18845.0000   228    30910.0000    16782.0000 15922916   45.71%
  33517  9434    17124.0000   675    30910.0000    16782.0000 15923621   45.71%
  33528  9445    18039.0000   304    30910.0000    16782.0000 15924125   45.71%
  33545  9458    17186.0000   654    30910.0000    16782.0000 15924843   45.71%
  33559  9472    17868.0000   390    30910.0000    16782.0000 15925395   45.71%
  33589  9499    infeasible          30910.0000    16782.0000 15926056   45.71%
  33602  9508    20583.0000   327    30910.0000    16782.0000 15927447   45.71%
  33612  9510    infeasible          30910.0000    16782.0000 15933301   45.71%
  33619  9515    infeasible          30910.0000    16782.0000 15934071   45.71%
Elapsed time = 27614.20 sec. (34003348.63 ticks, tree = 305.02 MB, solutions = 7)
  33627  9519    16844.0000   718    30910.0000    16782.0000 15934698   45.71%
  33635  9525    16953.0000   600    30910.0000    16782.0000 15935064   45.71%
  33642  9530    17757.0000   502    30910.0000    16782.0000 15935561   45.71%
  33651  9535    17015.0000   928    30910.0000    16782.0000 15939673   45.71%
  33657  9541    17355.0000   536    30910.0000    16782.0000 15942565   45.71%
  33663  9547    17526.0000   513    30910.0000    16782.0000 15943048   45.71%
  33680  9556    16953.0000   766    30910.0000    16782.0000 15943858   45.71%
  33688  9562    17295.0000   555    30910.0000    16782.0000 15944335   45.71%
  33697  9565    16844.0000   986    30910.0000    16782.0000 15948677   45.71%
  33702  9570    20070.0000   590    30910.0000    16782.0000 15951666   45.71%
Elapsed time = 27758.59 sec. (34173153.11 ticks, tree = 306.32 MB, solutions = 7)
  33711  9575    17124.0000   941    30910.0000    16782.0000 15955003   45.71%
  33715  9579    17466.0000   844    30910.0000    16782.0000 15955240   45.71%
  33721  9583    17466.0000   539    30910.0000    16782.0000 15955701   45.71%
  33731  9593    18041.0000   443    30910.0000    16782.0000 15956201   45.71%
  33749  9604    17124.0000   890    30910.0000    16782.0000 15959865   45.71%
  33757  9612    20987.0000   393    30910.0000    16782.0000 15961146   45.71%
  33772  9618    16844.0000  1008    30910.0000    16782.0000 15962093   45.71%
  33777  9619    17184.0000   681    30910.0000    16782.0000 15962970   45.71%
  33785  9627    19557.0000   378    30910.0000    16782.0000 15963675   45.71%
  33806  9643    17124.0000   871    30910.0000    16782.0000 15966473   45.71%
Elapsed time = 27879.92 sec. (34337586.50 ticks, tree = 308.22 MB, solutions = 7)
  33810  9647    17712.0000   833    30910.0000    16782.0000 15968343   45.71%
  33816  9653    20132.0000   428    30910.0000    16782.0000 15968673   45.71%
  33831  9665    16953.0000   595    30910.0000    16782.0000 15969389   45.71%
  33843  9675    18116.0000   319    30910.0000    16782.0000 15970338   45.71%
  33853  9679    19961.0000  1064    30910.0000    16782.0000 15975032   45.71%
  33861  9687    21777.0000   731    30910.0000    16782.0000 15975554   45.71%
  33874  9699    24104.0000   270    30910.0000    16782.0000 15975896   45.71%
  33882  9703    17138.9429  1155    30910.0000    16782.0000 15978613   45.71%
  33887  9708    17508.2904   913    30910.0000    16782.0000 15979073   45.71%
  33896  9713    20876.0000   519    30910.0000    16782.0000 15981573   45.71%
Elapsed time = 28004.23 sec. (34498918.28 ticks, tree = 310.06 MB, solutions = 7)
  33929  9736    infeasible          30910.0000    16782.0000 15982895   45.71%
  33933  9738    17295.0000   971    30910.0000    16782.0000 15983396   45.71%
  33937  9741    17295.0000   759    30910.0000    16782.0000 15985713   45.71%
  33944  9748    20241.0000   381    30910.0000    16782.0000 15986548   45.71%
  33967  9763    infeasible          30910.0000    16782.0000 15987260   45.71%
  33971  9767    17355.0000   805    30910.0000    16782.0000 15988994   45.71%
  33978  9774    17526.0000   680    30910.0000    16782.0000 15989603   45.71%
  33987  9783    20645.0000   363    30910.0000    16782.0000 15990845   45.71%
  34003  9792    16953.0000   814    30910.0000    16782.0000 15991728   45.71%
  34016  9803    20412.0000   471    30910.0000    16782.0000 15993542   45.71%
Elapsed time = 28126.70 sec. (34659084.20 ticks, tree = 312.56 MB, solutions = 7)
  34039  9820    infeasible          30910.0000    16782.0000 15994497   45.71%
  34048  9827    18054.0000   320    30910.0000    16782.0000 15995878   45.71%
  34066  9842    17355.0000   455    30910.0000    16782.0000 15998877   45.71%
  34077  9853    17759.0000   363    30910.0000    16782.0000 16000946   45.71%
  34095  9867    16953.0000   529    30910.0000    16782.0000 16003655   45.71%
  34113  9882    18161.0000   218    30910.0000    16782.0000 16004386   45.71%
  34127  9892    17295.0000   739    30910.0000    16782.0000 16005267   45.71%
  34143  9908    17868.0000   286    30910.0000    16782.0000 16005975   45.71%
  34152  9913    17015.0000   676    30910.0000    16782.0000 16006687   45.71%
  34159  9920    20132.0000   483    30910.0000    16782.0000 16008589   45.71%
Elapsed time = 28252.42 sec. (34818483.84 ticks, tree = 315.64 MB, solutions = 7)
  34163  9924    20241.0000   427    30910.0000    16782.0000 16008641   45.71%
  34188  9947    22052.0000   185    30910.0000    16782.0000 16009513   45.71%
  34209  9965    16953.0000   871    30910.0000    16782.0000 16010145   45.71%
  34216  9972    17295.0000   538    30910.0000    16782.0000 16011108   45.71%
  34245  9997    21278.0000   148    30910.0000    16782.0000 16012799   45.71%
  34293 10035    16782.0000   938    30910.0000    16782.0000 16013936   45.71%
  34300 10042    20132.0000   596    30910.0000    16782.0000 16014801   45.71%
  34320 10058    16953.0000   884    30910.0000    16782.0000 16015334   45.71%
  34330 10068    20241.0000   425    30910.0000    16782.0000 16016343   45.71%
  34351 10083    17124.0000   792    30910.0000    16782.0000 16017712   45.71%
Elapsed time = 28374.16 sec. (34984325.14 ticks, tree = 320.33 MB, solutions = 7)
  34359 10091    20241.0000   512    30910.0000    16782.0000 16018605   45.71%
  34378 10107    22131.0000   183    30910.0000    16782.0000 16019124   45.71%
  34386 10111    17348.1409  1031    30910.0000    16782.0000 16024772   45.71%
  34390 10115    17712.0000   808    30910.0000    16782.0000 16024983   45.71%
  34397 10122    22380.0000   449    30910.0000    16782.0000 16025390   45.71%
  34404 10125    17124.0000  1185    30910.0000    16782.0000 16027310   45.71%
  34408 10129    17295.0000   984    30910.0000    16782.0000 16027851   45.71%
  34413 10134    20070.0000   622    30910.0000    16782.0000 16028647   45.71%
  34417 10138    20412.0000   492    30910.0000    16782.0000 16028782   45.71%
  34421 10142    20472.0000   404    30910.0000    16782.0000 16028884   45.71%
Elapsed time = 28502.89 sec. (35155774.51 ticks, tree = 321.86 MB, solutions = 7)
  34425 10146    20472.0000   398    30910.0000    16782.0000 16029079   45.71%
  34434 10148    16782.0000   948    30910.0000    16782.0000 16031259   45.71%
  34438 10152    16953.0000   852    30910.0000    16782.0000 16031468   45.71%
  34443 10157    17295.0000   811    30910.0000    16782.0000 16031743   45.71%
  34448 10162    17637.0000   633    30910.0000    16782.0000 16032004   45.71%
  34456 10168    20925.0000   396    30910.0000    16782.0000 16033017   45.71%
  34477 10185    16953.0000   864    30910.0000    16782.0000 16033663   45.71%
  34481 10189    17186.0000   958    30910.0000    16782.0000 16034835   45.71%
  34487 10195    19478.0000   491    30910.0000    16782.0000 16035531   45.71%
  34513 10213    16844.0000   878    30910.0000    16782.0000 16036472   45.71%
Elapsed time = 28647.04 sec. (35332715.85 ticks, tree = 323.77 MB, solutions = 7)
  34518 10216    17295.0000   792    30910.0000    16782.0000 16036581   45.71%
  34524 10220    17808.0000   697    30910.0000    16782.0000 16036730   45.71%
  34535 10231    21500.0000   256    30910.0000    16782.0000 16037282   45.71%
  34561 10253    16953.0000   841    30910.0000    16782.0000 16037992   45.71%
  34567 10259    17356.0000   772    30910.0000    16782.0000 16040263   45.71%
  34579 10268    20474.0000   277    30910.0000    16782.0000 16043826   45.71%
  34585 10270    16782.0000  1021    30910.0000    16782.0000 16044768   45.71%
  34590 10275    17187.0000   757    30910.0000    16782.0000 16047849   45.71%
  34597 10282    20814.0000   400    30910.0000    16782.0000 16048357   45.71%
  34624 10302    16953.0000   881    30910.0000    16782.0000 16049390   45.71%
Elapsed time = 28778.07 sec. (35498624.33 ticks, tree = 326.21 MB, solutions = 7)
  34629 10307    17466.0000   732    30910.0000    16782.0000 16052144   45.71%
  34636 10314    20472.0000   326    30910.0000    16782.0000 16053396   45.71%
  34650 10323    17355.0000   768    30910.0000    16782.0000 16056152   45.71%
  34666 10339    26755.0000   247    30910.0000    16782.0000 16057521   45.71%
  34675 10344    17466.0000   673    30910.0000    16782.0000 16058413   45.71%
  34681 10350    19899.0000   443    30910.0000    16782.0000 16058800   45.71%
  34702 10367    infeasible          30910.0000    16782.0000 16059502   45.71%
  34713 10374    17184.0000   556    30910.0000    16782.0000 16060500   45.71%
  34728 10389    17697.0000   357    30910.0000    16782.0000 16062943   45.71%
  34751 10404    16782.1122   721    30910.0000    16782.0000 16063712   45.71%
Elapsed time = 28898.55 sec. (35660951.84 ticks, tree = 328.98 MB, solutions = 7)
  34762 10413    19124.0000   361    30910.0000    16782.0000 16064956   45.71%
  34793 10436    16953.0000   686    30910.0000    16782.0000 16065959   45.71%
  34801 10440    17526.0000   532    30910.0000    16782.0000 16069198   45.71%
  34811 10447    21156.0000   280    30910.0000    16782.0000 16069907   45.71%
  34823 10453    17295.0000   738    30910.0000    16782.0000 16070497   45.71%
  34829 10459    19728.0000   444    30910.0000    16782.0000 16071995   45.71%
  34854 10479    16953.0000   867    30910.0000    16782.0000 16072701   45.71%
  34861 10486    20070.0000   481    30910.0000    16782.0000 16074796   45.71%
  34870 10495    20301.0000   360    30910.0000    16782.0000 16075143   45.71%
  34899 10518    16953.0000   936    30910.0000    16782.0000 16076448   45.71%
Elapsed time = 29026.01 sec. (35822452.85 ticks, tree = 332.04 MB, solutions = 7)
  34905 10524    17295.0000   799    30910.0000    16782.0000 16077654   45.71%
  34913 10530    17808.0000   675    30910.0000    16782.0000 16077929   45.71%
  34925 10538    16953.0000  1000    30910.0000    16782.0000 16079365   45.71%
  34928 10541    17186.0000   791    30910.0000    16782.0000 16079726   45.71%
  34932 10543    infeasible          30910.0000    16782.0000 16079923   45.71%
  34940 10549    17124.0000   663    30910.0000    16782.0000 16080922   45.71%
  34950 10557    17355.0000   493    30910.0000    16782.0000 16081319   45.71%
  34973 10578    18674.0000   219    30910.0000    16782.0000 16082012   45.71%
  34991 10592    17295.0000   423    30910.0000    16782.0000 16083630   45.71%
  35010 10607    16844.0000  1084    30910.0000    16782.0000 16087844   45.71%
Elapsed time = 29141.76 sec. (35991304.68 ticks, tree = 334.19 MB, solutions = 7)
  35013 10610    17015.0000  1076    30910.0000    16782.0000 16092076   45.71%
  35018 10615    17124.0000   501    30910.0000    16782.0000 16092541   45.71%
  35023 10620    17355.0000   593    30910.0000    16782.0000 16092741   45.71%
  35030 10625    17868.0000   500    30910.0000    16782.0000 16094322   45.71%
  35042 10630    16953.0000   853    30910.0000    16782.0000 16095222   45.71%
  35050 10638    20412.0000   749    30910.0000    16782.0000 16098254   45.71%
  35055 10643    20412.0000   682    30910.0000    16782.0000 16098421   45.71%
  35059 10647    20754.0000   433    30910.0000    16782.0000 16098564   45.71%
  35073 10654    16782.0000  1110    30910.0000    16782.0000 16099368   45.71%
  35077 10658    16953.0000   663    30910.0000    16782.0000 16099651   45.71%
Elapsed time = 29250.75 sec. (36153206.57 ticks, tree = 335.46 MB, solutions = 7)
  35085 10666    17184.0000   602    30910.0000    16782.0000 16100013   45.71%
  35098 10675    16782.0000  1009    30910.0000    16782.0000 16101288   45.71%
  35105 10682    16782.0000   572    30910.0000    16782.0000 16102197   45.71%
  35115 10692    17357.0000   343    30910.0000    16782.0000 16102863   45.71%
  35125 10698    16981.8564   960    30910.0000    16782.0000 16106194   45.71%
  35156 10722    16953.0000   571    30910.0000    16782.0000 16108153   45.71%
  35170 10736    19886.0000   268    30910.0000    16782.0000 16109245   45.71%
  35181 10743    17526.0000   363    30910.0000    16782.0000 16110209   45.71%
  35198 10754    16782.0000  1046    30910.0000    16782.0000 16113917   45.71%
  35203 10759    16953.0000  1003    30910.0000    16782.0000 16114231   45.71%
Elapsed time = 29370.18 sec. (36320227.59 ticks, tree = 337.92 MB, solutions = 7)
  35210 10766    19728.0000   517    30910.0000    16782.0000 16115077   45.71%
  35232 10786    20876.0000   176    30910.0000    16782.0000 16115445   45.71%
  35239 10791    17013.0000   669    30910.0000    16782.0000 16116529   45.71%
  35250 10802    17295.0000   552    30910.0000    16782.0000 16119103   45.71%
  35267 10819    17637.0000   291    30910.0000    16782.0000 16122099   45.71%
  35290 10838    16782.0000   997    30910.0000    16782.0000 16124733   45.71%
  35307 10850    16782.0000   806    30910.0000    16782.0000 16127679   45.71%
  35313 10856    16844.0000   898    30910.0000    16782.0000 16130296   45.71%
  35321 10864    20303.0000   484    30910.0000    16782.0000 16130912   45.71%
  35330 10869    17013.0000   616    30910.0000    16782.0000 16131420   45.71%
Elapsed time = 29485.87 sec. (36482359.44 ticks, tree = 340.75 MB, solutions = 7)
  35339 10874    20070.0000   620    30910.0000    16782.0000 16133627   45.71%
  35349 10880    17124.0000   537    30910.0000    16782.0000 16134557   45.71%
  35360 10889    19373.0000   295    30910.0000    16782.0000 16135515   45.71%
  35389 10916    infeasible          30910.0000    16782.0000 16136120   45.71%
  35401 10924    17697.0000   336    30910.0000    16782.0000 16136887   45.71%
  35421 10940    17124.0000   503    30910.0000    16782.0000 16137664   45.71%
  35430 10945    22845.0000   578    30910.0000    16782.0000 16139465   45.71%
  35446 10957    22845.0000   644    30910.0000    16782.0000 16143173   45.71%
  35469 10978    23482.0000   206    30910.0000    16782.0000 16143819   45.71%
  35480 10985    19790.0000   564    30910.0000    16782.0000 16145196   45.71%
Elapsed time = 29603.02 sec. (36641587.12 ticks, tree = 343.72 MB, solutions = 7)
  35493 10998    20132.0000   281    30910.0000    16782.0000 16146251   45.71%
  35526 11020    16844.0000   636    30910.0000    16782.0000 16147326   45.71%
  35550 11042    21096.0000   157    30910.0000    16782.0000 16148223   45.71%
  35573 11062    24444.0000   216    30910.0000    16782.0000 16151080   45.71%
  35585 11070    17295.0000   662    30910.0000    16782.0000 16151535   45.71%
  35591 11076    17466.0000   609    30910.0000    16782.0000 16151801   45.71%
  35601 11084    18738.0000   356    30910.0000    16782.0000 16152166   45.71%
  35617 11094    16953.0000   776    30910.0000    16782.0000 16152774   45.71%
  35623 11098    17466.0000   676    30910.0000    16782.0000 16153176   45.71%
  35630 11105    17757.0000   430    30910.0000    16782.0000 16156048   45.71%
Elapsed time = 29720.95 sec. (36800289.46 ticks, tree = 346.86 MB, solutions = 7)
  35651 11120    infeasible          30910.0000    16782.0000 16156806   45.71%
  35659 11126    17295.0000   642    30910.0000    16782.0000 16158081   45.71%
  35669 11134    17808.0000   441    30910.0000    16782.0000 16158372   45.71%
  35689 11144    18221.4002   938    30910.0000    16782.0000 16160608   45.71%
  35699 11149    23016.0000   879    30910.0000    16782.0000 16165187   45.71%
  35711 11161    23187.0000   323    30910.0000    16782.0000 16165573   45.71%
  35730 11173    19961.0000   955    30910.0000    16782.0000 16172005   45.71%
  35743 11186    24288.0000   392    30910.0000    16782.0000 16174217   45.71%
  35761 11200    19961.0000   559    30910.0000    16782.0000 16176585   45.71%
  35775 11211    20132.0000   624    30910.0000    16782.0000 16178938   45.71%
Elapsed time = 29851.44 sec. (36965144.34 ticks, tree = 349.56 MB, solutions = 7)
  35797 11229    20303.0000   539    30910.0000    16782.0000 16183146   45.71%
  35813 11241    17588.0000   464    30910.0000    16782.0000 16184272   45.71%
  35837 11259    18043.8646  1023    30910.0000    16782.0000 16186879   45.71%
  35853 11271    20412.0000   694    30910.0000    16782.0000 16190855   45.71%
  35864 11278    16953.0000   840    30910.0000    16782.0000 16192581   45.71%
  35869 11283    16953.0000   891    30910.0000    16782.0000 16197702   45.71%
  35875 11289    20132.0000   507    30910.0000    16782.0000 16199129   45.71%
  35890 11300    16953.0000   785    30910.0000    16782.0000 16200021   45.71%
  35894 11304    22845.0000   558    30910.0000    16782.0000 16203042   45.71%
  35904 11310    17015.0000   784    30910.0000    16782.0000 16203599   45.71%
Elapsed time = 29981.63 sec. (37133009.47 ticks, tree = 352.16 MB, solutions = 7)
  35914 11320    17808.0000   302    30910.0000    16782.0000 16204099   45.71%
  35935 11341    18894.0000   184    30910.0000    16782.0000 16204627   45.71%
  35948 11350    17355.0000   582    30910.0000    16782.0000 16205547   45.71%
  35955 11353    17013.0000   985    30910.0000    16782.0000 16206451   45.71%
  35959 11357    17355.0000   789    30910.0000    16782.0000 16206677   45.71%
  35963 11357    16782.0000   914    30910.0000    16782.0000 16210380   45.71%
  35973 11367    16953.0000   611    30910.0000    16782.0000 16213552   45.71%
  35991 11383    17699.0000   212    30910.0000    16782.0000 16215687   45.71%
  36026 11410    17013.0000   683    30910.0000    16782.0000 16216694   45.71%
  36037 11421    19961.0000   398    30910.0000    16782.0000 16219026   45.71%
Elapsed time = 30107.35 sec. (37299149.92 ticks, tree = 354.98 MB, solutions = 7)
  36057 11439    20925.0000   185    30910.0000    16782.0000 16220754   45.71%
  36068 11446    23016.0000   599    30910.0000    16782.0000 16225659   45.71%
  36088 11462    infeasible          30910.0000    16782.0000 16226398   45.71%
  36093 11465    20070.0000   662    30910.0000    16782.0000 16231129   45.71%
  36101 11473    23931.0000   352    30910.0000    16782.0000 16231754   45.71%
  36115 11480    17162.3722   959    30910.0000    16782.0000 16233001   45.71%
  36120 11485    17512.0280   827    30910.0000    16782.0000 16233237   45.71%
  36125 11490    17759.0000   782    30910.0000    16782.0000 16234366   45.71%
  36137 11498    16953.0000   894    30910.0000    16782.0000 16235475   45.71%
  36142 11503    20365.0000   712    30910.0000    16782.0000 16242411   45.71%
Elapsed time = 30334.42 sec. (37462750.38 ticks, tree = 357.18 MB, solutions = 7)
  36155 11512    16953.0000   829    30910.0000    16782.0000 16244640   45.71%
  36167 11523    23993.0000   289    30910.0000    16782.0000 16246093   45.71%
  36183 11533    17186.0000   864    30910.0000    16782.0000 16247508   45.71%
  36193 11539    17015.0000   981    30910.0000    16782.0000 16248754   45.71%
  36203 11545    16782.0000  1028    30910.0000    16782.0000 16251407   45.71%
  36208 11550    16953.0000   844    30910.0000    16782.0000 16259531   45.71%
  36214 11556    16953.0000   654    30910.0000    16782.0000 16259886   45.71%
  36223 11563    17124.0000   577    30910.0000    16782.0000 16260511   45.71%
  36239 11579    17759.0000   267    30910.0000    16782.0000 16264215   45.71%
  36248 11582    19557.0000   895    30910.0000    16782.0000 16268018   45.71%
Elapsed time = 30458.40 sec. (37627929.27 ticks, tree = 359.24 MB, solutions = 7)
  36256 11588    19899.0000   650    30910.0000    16782.0000 16268473   45.71%
  36271 11597    16782.0000   823    30910.0000    16782.0000 16269477   45.71%
  36277 11603    16953.0000   746    30910.0000    16782.0000 16269733   45.71%
  36289 11615    19373.0000   363    30910.0000    16782.0000 16270466   45.71%
  36300 11622    17184.0000   779    30910.0000    16782.0000 16271091   45.71%
  36306 11628    17526.0000   536    30910.0000    16782.0000 16271245   45.71%
  36321 11635    16782.0000   784    30910.0000    16782.0000 16275027   45.71%
  36327 11639    infeasible          30910.0000    16782.0000 16276308   45.71%
  36336 11648    17295.0000   551    30910.0000    16782.0000 16276632   45.71%
  36355 11663    16782.0000   682    30910.0000    16782.0000 16278055   45.71%
Elapsed time = 30570.41 sec. (37794270.84 ticks, tree = 361.22 MB, solutions = 7)
  36368 11676    19715.0000   301    30910.0000    16782.0000 16278689   45.71%
  36395 11699    19886.0000   181    30910.0000    16782.0000 16279085   45.71%
  36416 11715    16953.0000   628    30910.0000    16782.0000 16279684   45.71%
  36430 11729    20228.0000   342    30910.0000    16782.0000 16280594   45.71%
  36447 11740    17124.0000   447    30910.0000    16782.0000 16281147   45.71%
  36455 11744    17015.0000   703    30910.0000    16782.0000 16281678   45.71%
  36469 11758    19373.0000   337    30910.0000    16782.0000 16283525   45.71%
  36489 11768    infeasible          30910.0000    16782.0000 16284052   45.71%
  36499 11778    20132.0000   594    30910.0000    16782.0000 16286985   45.71%
  36511 11790    20705.0000   494    30910.0000    16782.0000 16287431   45.71%
Elapsed time = 30685.79 sec. (37957101.59 ticks, tree = 364.59 MB, solutions = 7)
  36532 11807    21449.0000   226    30910.0000    16782.0000 16288969   45.71%
  36547 11812    17124.0000  1016    30910.0000    16782.0000 16291125   45.71%
  36557 11818    20412.0000   381    30910.0000    16782.0000 16297304   45.71%
  36569 11828    21558.0000   233    30910.0000    16782.0000 16297653   45.71%
  36586 11837    16782.0000  1063    30910.0000    16782.0000 16300540   45.71%
  36596 11847    23529.0000   340    30910.0000    16782.0000 16304606   45.71%
  36614 11859    16953.0000   917    30910.0000    16782.0000 16305297   45.71%
  36631 11876    22010.4882   381    30910.0000    16782.0000 16307745   45.71%
  36639 11880    17015.0000   855    30910.0000    16782.0000 16308462   45.71%
  36645 11886    17466.0000   636    30910.0000    16782.0000 16308931   45.71%
Elapsed time = 30832.42 sec. (38119402.54 ticks, tree = 367.26 MB, solutions = 7)
  36651 11888    16953.0000   833    30910.0000    16782.0000 16309834   45.71%
  36672 11905    infeasible          30910.0000    16782.0000 16311563   45.71%
  36684 11911    17295.0000  1058    30910.0000    16782.0000 16312896   45.71%
  36687 11914    17466.0000   882    30910.0000    16782.0000 16313145   45.71%
  36693 11920    20412.0000   429    30910.0000    16782.0000 16313602   45.71%
  36699 11926    20412.0000   320    30910.0000    16782.0000 16313824   45.71%
  36714 11937    17940.7750   948    30910.0000    16782.0000 16317272   45.71%
  36721 11944    21715.0000   530    30910.0000    16782.0000 16319119   45.71%
  36733 11952    23016.0000   338    30910.0000    16782.0000 16321863   45.71%
  36753 11965    16953.0000  1088    30910.0000    16782.0000 16323193   45.71%
Elapsed time = 31157.45 sec. (38280102.76 ticks, tree = 369.30 MB, solutions = 7)
  36757 11969    17295.0000   888    30910.0000    16782.0000 16323360   45.71%
  36762 11972    17295.0000   911    30910.0000    16782.0000 16323524   45.71%
  36767 11973    16953.0000  1021    30910.0000    16782.0000 16324171   45.71%
  36786 11992    24521.0000   200    30910.0000    16782.0000 16330319   45.71%
  36795 11996    20583.0000   867    30910.0000    16782.0000 16335933   45.71%
  36805 12004    20754.0000   535    30910.0000    16782.0000 16336368   45.71%
  36819 12010    17355.0000   915    30910.0000    16782.0000 16338030   45.71%
  36827 12018    23700.0000   267    30910.0000    16782.0000 16339653   45.71%
  36857 12045    17295.0000   871    30910.0000    16782.0000 16340386   45.71%
  36865 12049    infeasible          30910.0000    16782.0000 16341113   45.71%
Elapsed time = 31283.82 sec. (38442684.09 ticks, tree = 371.59 MB, solutions = 7)
  36889 12071    25783.0000   182    30910.0000    16782.0000 16345383   45.71%
  36927 12099    28939.0000    79    30910.0000    16782.0000 16346269   45.71%
  36948 12117    23418.0000   194    30910.0000    16782.0000 16347553   45.71%
  36967 12132    19728.0000   465    30910.0000    16782.0000 16348386   45.71%
  36974 12139    19728.0000   332    30910.0000    16782.0000 16348548   45.71%
  36999 12161    23529.0000   169    30910.0000    16782.0000 16349094   45.71%
  37028 12185    22845.0000   284    30910.0000    16782.0000 16350079   45.71%
  37056 12209    23187.0000   251    30910.0000    16782.0000 16351250   45.71%
  37109 12262    26769.0000    95    30910.0000    16782.0000 16351863   45.71%
  37123 12272    16953.0000   978    30910.0000    16782.0000 16353766   45.71%
Elapsed time = 31426.96 sec. (38600110.83 ticks, tree = 378.08 MB, solutions = 7)
  37129 12278    17295.0000   709    30910.0000    16782.0000 16354211   45.71%
  37140 12286    19852.0000  1186    30910.0000    16782.0000 16358352   45.71%
  37154 12300    20536.0000   377    30910.0000    16782.0000 16359236   45.71%
  37168 12310    17124.0000   714    30910.0000    16782.0000 16360307   45.71%
  37174 12316    17295.0000   724    30910.0000    16782.0000 16360696   45.71%
  37193 12332    16953.0000   849    30910.0000    16782.0000 16362183   45.71%
  37200 12339    17357.0000   879    30910.0000    16782.0000 16364374   45.71%
  37217 12352    21777.0000   453    30910.0000    16782.0000 16366103   45.71%
  37233 12368    24213.0000   206    30910.0000    16782.0000 16366676   45.71%
  37248 12379    17084.7831  1222    30910.0000    16782.0000 16369950   45.71%
Elapsed time = 31551.01 sec. (38763294.18 ticks, tree = 380.93 MB, solutions = 7)
  37253 12384    19728.0000   919    30910.0000    16782.0000 16370196   45.71%
  37264 12395    23187.0000   269    30910.0000    16782.0000 16371580   45.71%
  37283 12411    17124.0000  1001    30910.0000    16782.0000 16372498   45.71%
  37288 12416    17417.0000   683    30910.0000    16782.0000 16372757   45.71%
  37302 12427    26879.0000   343    30910.0000    16782.0000 16376007   45.71%
  37322 12439    17124.0000   701    30910.0000    16782.0000 16376934   45.71%
  37333 12450    23542.0000   357    30910.0000    16782.0000 16380506   45.71%
  37339 12451    23187.0000   404    30910.0000    16782.0000 16383678   45.71%
  37346 12458    23871.0000   275    30910.0000    16782.0000 16383930   45.71%
  37366 12470    16953.0000  1284    30910.0000    16782.0000 16386628   45.71%
Elapsed time = 31683.42 sec. (38924848.71 ticks, tree = 383.38 MB, solutions = 7)
  37372 12475    23529.0000   294    30910.0000    16782.0000 16387726   45.71%
  37415 12518    25030.0000   126    30910.0000    16782.0000 16388573   45.71%
  37433 12530    17184.0000  1085    30910.0000    16782.0000 16390098   45.71%
  37442 12534    16872.0625  1449    30910.0000    16782.0000 16395371   45.71%
  37446 12538    17125.9438  1163    30910.0000    16782.0000 16395535   45.71%
  37453 12544    23249.0000   388    30910.0000    16782.0000 16397214   45.71%
  37476 12563    16782.0000  1060    30910.0000    16782.0000 16398677   45.71%
  37481 12568    28032.0000   642    30910.0000    16782.0000 16404421   45.71%
  37507 12588    16953.0000   582    30910.0000    16782.0000 16409197   45.71%
  37538 12619    18565.0000   259    30910.0000    16782.0000 16410564   45.71%
Elapsed time = 31823.09 sec. (39092859.48 ticks, tree = 387.60 MB, solutions = 7)
  37562 12637    18270.0000   252    30910.0000    16782.0000 16412534   45.71%
  37588 12659    18965.0000   191    30910.0000    16782.0000 16413324   45.71%
  37605 12672    18039.0000   362    30910.0000    16782.0000 16414355   45.71%
  37625 12684    17124.0000  1033    30910.0000    16782.0000 16415130   45.71%
  37629 12688    23016.0000   588    30910.0000    16782.0000 16417441   45.71%
  37642 12696    23016.0000   387    30910.0000    16782.0000 16418759   45.71%
  37672 12724    23700.0000   184    30910.0000    16782.0000 16419360   45.71%
  37698 12747    29825.0000   412    30910.0000    16782.0000 16421304   45.71%
  37716 12757    16953.0000   915    30910.0000    16782.0000 16422088   45.71%
  37723 12764    23529.0000   309    30910.0000    16782.0000 16424198   45.71%
Elapsed time = 31953.90 sec. (39254595.44 ticks, tree = 391.49 MB, solutions = 7)
  37727 12766    23529.0000   286    30910.0000    16782.0000 16424280   45.71%
  37735 12774    24224.0000   198    30910.0000    16782.0000 16424488   45.71%
  37746 12780    24102.0000   301    30910.0000    16782.0000 16426053   45.71%
  37754 12784    23004.0000   440    30910.0000    16782.0000 16426863   45.71%
  37766 12792    24519.0000   238    30910.0000    16782.0000 16427259   45.71%
  37784 12806    16844.0000  1305    30910.0000    16782.0000 16431205   45.71%
  37798 12818    24102.0000   310    30910.0000    16782.0000 16436136   45.71%
  37813 12828    20474.0000   573    30910.0000    16782.0000 16438808   45.71%
  37836 12842    16954.0000   975    30910.0000    16782.0000 16441570   45.71%
  37850 12851    20987.0000   396    30910.0000    16782.0000 16443629   45.71%
Elapsed time = 32074.60 sec. (39414760.76 ticks, tree = 393.92 MB, solutions = 7)
  37885 12876    17015.0000  1000    30910.0000    16782.0000 16445744   45.71%
  37889 12879    23016.0000  1048    30910.0000    16782.0000 16451589   45.71%
  37894 12884    23016.0000   617    30910.0000    16782.0000 16452056   45.71%
  37910 12898    24351.0000   252    30910.0000    16782.0000 16455606   45.71%
  37920 12903    17124.0000   835    30910.0000    16782.0000 16457119   45.71%
  37926 12907    23187.0000   441    30910.0000    16782.0000 16458326   45.71%
  37946 12919    16782.0000   986    30910.0000    16782.0000 16459461   45.71%
  37952 12925    16953.0000   803    30910.0000    16782.0000 16459989   45.71%
  37974 12941    infeasible          30910.0000    16782.0000 16461006   45.71%
  37981 12948    16953.0000   781    30910.0000    16782.0000 16461684   45.71%
Elapsed time = 32215.76 sec. (39585303.65 ticks, tree = 396.63 MB, solutions = 7)
  37991 12955    16953.0000   778    30910.0000    16782.0000 16462585   45.71%
  38015 12977    23760.0000   279    30910.0000    16782.0000 16463586   45.71%
  38033 12989    17013.0000   684    30910.0000    16782.0000 16464236   45.71%
  38050 13006    22177.0000   250    30910.0000    16782.0000 16465046   45.71%
  38073 13020    16782.1074   797    30910.0000    16782.0000 16468450   45.71%
  38083 13030    20303.0000   365    30910.0000    16782.0000 16470460   45.71%
  38102 13042    16953.0000   728    30910.0000    16782.0000 16472807   45.71%
  38108 13048    17295.0000   664    30910.0000    16782.0000 16473100   45.71%
  38130 13065    16953.0000   871    30910.0000    16782.0000 16474346   45.71%
  38138 13073    20583.0000   368    30910.0000    16782.0000 16475475   45.71%
Elapsed time = 32392.64 sec. (39749039.27 ticks, tree = 400.19 MB, solutions = 7)
  38155 13085    17124.0000   792    30910.0000    16782.0000 16476212   45.71%
  38161 13089    infeasible          30910.0000    16782.0000 16476501   45.71%
  38165 13091    17295.0000   790    30910.0000    16782.0000 16477127   45.71%
  38171 13097    17466.0000   709    30910.0000    16782.0000 16477279   45.71%
  38178 13104    23931.0000   417    30910.0000    16782.0000 16479067   45.71%
  38190 13116    24102.0000   215    30910.0000    16782.0000 16479237   45.71%
  38238 13160    17124.0000  1015    30910.0000    16782.0000 16480188   45.71%
  38243 13165    17466.0000   732    30910.0000    16782.0000 16480413   45.71%
  38247 13167    17466.0000   627    30910.0000    16782.0000 16480790   45.71%
  38257 13177    21107.0000   333    30910.0000    16782.0000 16481061   45.71%
Elapsed time = 32692.30 sec. (39917586.28 ticks, tree = 403.17 MB, solutions = 7)
  38276 13188    26817.0000   312    30910.0000    16782.0000 16483853   45.71%
  38295 13203    19961.0000   485    30910.0000    16782.0000 16487031   45.71%
  38313 13218    17417.0000   487    30910.0000    16782.0000 16488064   45.71%
  38339 13238    infeasible          30910.0000    16782.0000 16488960   45.71%
  38352 13248    28203.0000   460    30910.0000    16782.0000 16493301   45.71%
  38380 13270    infeasible          30910.0000    16782.0000 16494371   45.71%
  38392 13276    17186.0000   959    30910.0000    16782.0000 16497876   45.71%
  38421 13302    24564.0000   160    30910.0000    16782.0000 16500415   45.71%
  38457 13327    16782.0000  1186    30910.0000    16782.0000 16504467   45.71%
  38463 13333    17124.0000  1010    30910.0000    16782.0000 16505377   45.71%
Elapsed time = 32828.02 sec. (40078010.87 ticks, tree = 407.66 MB, solutions = 7)
  38474 13344    23529.0000   492    30910.0000    16782.0000 16508664   45.71%
  38500 13366    16782.0000   935    30910.0000    16782.0000 16510092   45.71%
  38504 13370    16953.0000   874    30910.0000    16782.0000 16513478   45.71%
  38522 13388    23931.0000   192    30910.0000    16782.0000 16515710   45.71%
  38536 13398    17124.0000   736    30910.0000    16782.0000 16516422   45.71%
  38543 13405    17357.0000   710    30910.0000    16782.0000 16519872   45.71%
  38575 13431    17015.0000   723    30910.0000    16782.0000 16520837   45.71%
  38582 13438    20303.0000   561    30910.0000    16782.0000 16524178   45.71%
  38593 13445    16844.0000   860    30910.0000    16782.0000 16524775   45.71%
  38598 13450    17124.0000   631    30910.0000    16782.0000 16527229   45.71%
Elapsed time = 32981.52 sec. (40246477.19 ticks, tree = 410.85 MB, solutions = 7)
  38618 13469    18210.0000   313    30910.0000    16782.0000 16528729   45.71%
  38637 13488    20070.0000   212    30910.0000    16782.0000 16529395   45.71%
  38643 13491    17184.0000   765    30910.0000    16782.0000 16532376   45.71%
  38656 13498    17355.0000   722    30910.0000    16782.0000 16534254   45.71%
  38663 13503    infeasible          30910.0000    16782.0000 16537152   45.71%
  38669 13507    19961.0000   765    30910.0000    16782.0000 16538416   45.71%
  38683 13518    19790.0000  1064    30910.0000    16782.0000 16544193   45.71%
  38698 13533    23931.0000   357    30910.0000    16782.0000 16545777   45.71%
  38719 13546    16953.0000   942    30910.0000    16782.0000 16547157   45.71%
  38726 13553    17221.3555   851    30910.0000    16782.0000 16550424   45.71%
Elapsed time = 33352.45 sec. (40405490.08 ticks, tree = 413.51 MB, solutions = 7)
  38742 13569    26988.0000   230    30910.0000    16782.0000 16551881   45.71%
  38763 13585    16953.0000   936    30910.0000    16782.0000 16553454   45.71%
  38773 13595    23016.0000   453    30910.0000    16782.0000 16556696   45.71%
  38804 13622    20847.3130  1220    30910.0000    16782.0000 16560653   45.71%
  38820 13638    26706.0000   227    30910.0000    16782.0000 16561568   45.71%
  38842 13656    16953.0000   894    30910.0000    16782.0000 16563817   45.71%
  38848 13662    23016.0000   622    30910.0000    16782.0000 16568247   45.71%
  38873 13681    16782.0000   894    30910.0000    16782.0000 16569705   45.71%
  38879 13687    17124.0000   735    30910.0000    16782.0000 16572830   45.71%
  38889 13697    20474.0000   387    30910.0000    16782.0000 16573451   45.71%
Elapsed time = 33489.61 sec. (40568269.66 ticks, tree = 417.48 MB, solutions = 7)
  38907 13713    20987.0000   241    30910.0000    16782.0000 16573785   45.71%
  38919 13718    17168.5893  1214    30910.0000    16782.0000 16576574   45.71%
  38926 13725    19557.0000   424    30910.0000    16782.0000 16579307   45.71%
  38950 13745    16782.0000  1009    30910.0000    16782.0000 16583246   45.71%
  38956 13751    16953.0000   899    30910.0000    16782.0000 16583760   45.71%
  38966 13761    20241.0000   402    30910.0000    16782.0000 16584846   45.71%
  38987 13778    16782.0000   918    30910.0000    16782.0000 16585942   45.71%
  38993 13784    17184.0000   796    30910.0000    16782.0000 16587395   45.71%
  39013 13802    21045.0000   232    30910.0000    16782.0000 16588423   45.71%
  39024 13809    16953.0000   806    30910.0000    16782.0000 16588891   45.71%
Elapsed time = 33798.35 sec. (40733259.73 ticks, tree = 420.36 MB, solutions = 7)
  39032 13817    19728.0000   494    30910.0000    16782.0000 16590716   45.71%
  39057 13834    16953.0000   875    30910.0000    16782.0000 16591754   45.71%
  39062 13839    23187.0000   677    30910.0000    16782.0000 16595794   45.71%
  39081 13854    17125.9168  1240    30910.0000    16782.0000 16599784   45.71%
  39098 13871    23016.0000   227    30910.0000    16782.0000 16603747   45.71%
  39115 13883    17184.0000   644    30910.0000    16782.0000 16605441   45.71%
  39136 13900    16953.0000   786    30910.0000    16782.0000 16606859   45.71%
  39151 13911    infeasible          30910.0000    16782.0000 16607941   45.71%
  39157 13917    17124.0000   752    30910.0000    16782.0000 16608648   45.71%
  39165 13921    16782.0000   879    30910.0000    16782.0000 16610875   45.71%
Elapsed time = 33929.57 sec. (40902642.68 ticks, tree = 423.28 MB, solutions = 7)
  39176 13928    17541.0000   764    30910.0000    16782.0000 16612511   45.71%
  39185 13935    20303.0000   333    30910.0000    16782.0000 16615232   45.71%
  39196 13938    17487.4059  1016    30910.0000    16782.0000 16621914   45.71%
  39218 13956    16782.0000  1203    30910.0000    16782.0000 16625979   45.71%
  39224 13962    23418.0000   627    30910.0000    16782.0000 16627402   45.71%
  39244 13976    16953.0000  1138    30910.0000    16782.0000 16630008   45.71%
  39250 13982    17588.0000   798    30910.0000    16782.0000 16630344   45.71%
  39256 13984    17466.0000  1021    30910.0000    16782.0000 16630619   45.71%
  39268 13996    23991.0000   273    30910.0000    16782.0000 16633120   45.71%
  39291 14011    17124.0000  1122    30910.0000    16782.0000 16633738   45.71%
Elapsed time = 34069.98 sec. (41069951.22 ticks, tree = 425.65 MB, solutions = 7)
  39297 14017    17466.0000   754    30910.0000    16782.0000 16634170   45.71%
  39303 14023    17526.0000   666    30910.0000    16782.0000 16636203   45.71%
  39320 14036    infeasible          30910.0000    16782.0000 16637829   45.71%
  39337 14050    22845.0000   879    30910.0000    16782.0000 16640636   45.71%
  39342 14051    16782.0000  1045    30910.0000    16782.0000 16643654   45.71%
  39349 14058    17124.0000   620    30910.0000    16782.0000 16644452   45.71%
  39358 14067    17295.0000   421    30910.0000    16782.0000 16644732   45.71%
  39370 14075    infeasible          30910.0000    16782.0000 16645231   45.71%
  39377 14080    17015.0000   677    30910.0000    16782.0000 16645973   45.71%
  39383 14084    17637.0000   479    30910.0000    16782.0000 16646521   45.71%
Elapsed time = 34193.33 sec. (41234977.51 ticks, tree = 427.50 MB, solutions = 7)
  39391 14092    17637.0000   351    30910.0000    16782.0000 16646964   45.71%
  39399 14100    18041.0000   248    30910.0000    16782.0000 16647131   45.71%
  39412 14107    16782.0000   929    30910.0000    16782.0000 16647759   45.71%
  39418 14113    17015.0000   656    30910.0000    16782.0000 16648517   45.71%
  39425 14120    17295.0000   458    30910.0000    16782.0000 16650563   45.71%
  39432 14125    17355.0000   376    30910.0000    16782.0000 16650860   45.71%
  39441 14134    18270.0000   292    30910.0000    16782.0000 16651237   45.71%
  39455 14144    16844.0000   762    30910.0000    16782.0000 16652071   45.71%
  39460 14149    17124.0000   871    30910.0000    16782.0000 16653801   45.71%
  39467 14156    17186.0000   488    30910.0000    16782.0000 16654030   45.71%
Elapsed time = 34307.23 sec. (41397241.17 ticks, tree = 429.22 MB, solutions = 7)
  39475 14164    17357.0000   478    30910.0000    16782.0000 16655070   45.71%
  39483 14169    17357.0000   363    30910.0000    16782.0000 16655369   45.71%
  39494 14176    16953.0000   714    30910.0000    16782.0000 16656023   45.71%
  39499 14181    17295.0000   595    30910.0000    16782.0000 16657052   45.71%
  39505 14187    17466.0000   465    30910.0000    16782.0000 16657180   45.71%
  39511 14189    17295.0000  1008    30910.0000    16782.0000 16658818   45.71%
  39515 14193    17697.0000   595    30910.0000    16782.0000 16659025   45.71%
  39522 14200    17697.0000   344    30910.0000    16782.0000 16659320   45.71%
  39543 14219    18843.0000   179    30910.0000    16782.0000 16659777   45.71%
  39562 14232    17124.0000   956    30910.0000    16782.0000 16664816   45.71%
Elapsed time = 34421.49 sec. (41562002.92 ticks, tree = 431.10 MB, solutions = 7)
  39567 14237    23358.0000   742    30910.0000    16782.0000 16675251   45.71%
  39574 14244    23700.0000   481    30910.0000    16782.0000 16675718   45.71%
  39585 14251    infeasible          30910.0000    16782.0000 16676141   45.71%
  39588 14254    16953.0000  1114    30910.0000    16782.0000 16683792   45.71%
  39594 14260    23187.0000   394    30910.0000    16782.0000 16688684   45.71%
  39601 14263    22845.0000   632    30910.0000    16782.0000 16698466   45.71%
  39614 14274    23078.0000   361    30910.0000    16782.0000 16702885   45.71%
  39632 14285    16953.0000   990    30910.0000    16782.0000 16707352   45.71%
  39639 14292    17124.0000   807    30910.0000    16782.0000 16707923   45.71%
  39646 14295    16782.0000  1199    30910.0000    16782.0000 16708634   45.71%
Elapsed time = 34561.34 sec. (41726584.77 ticks, tree = 432.68 MB, solutions = 7)
  39650 14299    17124.0000   970    30910.0000    16782.0000 16708866   45.71%
  39657 14306    20412.0000   564    30910.0000    16782.0000 16709470   45.71%
  39671 14314    infeasible          30910.0000    16782.0000 16711882   45.71%
  39676 14319    19899.0000   777    30910.0000    16782.0000 16715863   45.71%
  39685 14328    23358.0000   347    30910.0000    16782.0000 16716858   45.71%
  39697 14336    17355.0000   886    30910.0000    16782.0000 16718345   45.71%
  39709 14344    17015.0000   876    30910.0000    16782.0000 16719953   45.71%
  39716 14351    17015.0000   667    30910.0000    16782.0000 16721869   45.71%
  39724 14359    20132.0000   577    30910.0000    16782.0000 16723571   45.71%
  39745 14376    21682.0000   240    30910.0000    16782.0000 16724462   45.71%
Elapsed time = 34866.38 sec. (41886603.98 ticks, tree = 434.75 MB, solutions = 7)
  39762 14385    16844.0000   847    30910.0000    16782.0000 16726279   45.71%
  39767 14390    17295.0000   708    30910.0000    16782.0000 16728662   45.71%
  39781 14400    infeasible          30910.0000    16782.0000 16729718   45.71%
  39789 14402    16953.0000  1133    30910.0000    16782.0000 16730470   45.71%
  39807 14416    16782.0000  1217    30910.0000    16782.0000 16732518   45.71%
  39817 14422    16863.8670  1232    30910.0000    16782.0000 16734745   45.71%
  39825 14430    23358.0000   288    30910.0000    16782.0000 16735687   45.71%
  39844 14449    24977.0000   164    30910.0000    16782.0000 16736051   45.71%
  39857 14459    17124.0000  1314    30910.0000    16782.0000 16739182   45.71%
  39861 14463    20815.9342   822    30910.0000    16782.0000 16740992   45.71%
Elapsed time = 35027.02 sec. (42058216.59 ticks, tree = 437.10 MB, solutions = 7)
  39884 14482    16953.0000  1108    30910.0000    16782.0000 16745240   45.71%
  39893 14490    23529.0000   286    30910.0000    16782.0000 16746470   45.71%
  39900 14494    17355.0000   833    30910.0000    16782.0000 16747064   45.71%
  39921 14510    17124.0000  1252    30910.0000    16782.0000 16749912   45.71%
  39924 14513    17295.0000  1193    30910.0000    16782.0000 16750030   45.71%
  39931 14520    23529.0000   461    30910.0000    16782.0000 16754038   45.71%
  39952 14533    17124.0000  1129    30910.0000    16782.0000 16755257   45.71%
  39959 14540    23760.0000   344    30910.0000    16782.0000 16757877   45.71%
  39983 14559    23004.0000   381    30910.0000    16782.0000 16761182   45.71%
  39990 14566    23418.0000   333    30910.0000    16782.0000 16761735   45.71%
Elapsed time = 35167.05 sec. (42228895.96 ticks, tree = 440.01 MB, solutions = 7)
  40005 14575    17124.0000   851    30910.0000    16782.0000 16762911   45.71%
  40010 14580    23700.0000   430    30910.0000    16782.0000 16763694   45.71%
  40024 14594    24688.0000   232    30910.0000    16782.0000 16764069   45.71%
  40043 14605    16782.0000  1298    30910.0000    16782.0000 16767062   45.71%
  40064 14624    24675.0000   174    30910.0000    16782.0000 16769082   45.71%
  40076 14633    23420.0000   486    30910.0000    16782.0000 16770239   45.71%
  40082 14633    16953.0000  1087    30910.0000    16782.0000 16770832   45.71%
  40087 14638    17295.0000   803    30910.0000    16782.0000 16773006   45.71%
  40092 14643    17466.0000   763    30910.0000    16782.0000 16773193   45.71%
  40100 14651    20814.0000   395    30910.0000    16782.0000 16774547   45.71%
Elapsed time = 35288.48 sec. (42389798.47 ticks, tree = 442.43 MB, solutions = 7)
  40114 14664    21960.0000   218    30910.0000    16782.0000 16774897   45.71%
  40132 14676    16867.5000  1086    30910.0000    16782.0000 16775684   45.71%
  40139 14683    23249.0000   513    30910.0000    16782.0000 16778311   45.71%
  40153 14693    16782.0000  1288    30910.0000    16782.0000 16779128   45.71%
  40160 14700    23187.0000   422    30910.0000    16782.0000 16785432   45.71%
  40183 14719    18544.8589  1018    30910.0000    16782.0000 16790120   45.71%
  40209 14741    16953.0000  1209    30910.0000    16782.0000 16791184   45.71%
  40214 14746    17124.0000   690    30910.0000    16782.0000 16791618   45.71%
  40237 14767    21278.0000   224    30910.0000    16782.0000 16792907   45.71%
  40249 14775    17015.0000  1148    30910.0000    16782.0000 16793320   45.71%
Elapsed time = 35427.84 sec. (42556934.34 ticks, tree = 445.85 MB, solutions = 7)
  40253 14779    17186.0000   738    30910.0000    16782.0000 16796551   45.71%
  40263 14789    20536.0000   432    30910.0000    16782.0000 16800392   45.71%
  40281 14803    16782.0000  1281    30910.0000    16782.0000 16801438   45.71%
  40287 14809    16953.0000   860    30910.0000    16782.0000 16801775   45.71%
  40297 14819    20303.0000   344    30910.0000    16782.0000 16802730   45.71%
  40310 14830    21449.0000   232    30910.0000    16782.0000 16803181   45.71%
  40316 14832    16953.0000   899    30910.0000    16782.0000 16803722   45.71%
  40321 14837    23187.0000   662    30910.0000    16782.0000 16806972   45.71%
  40347 14856    16953.0000  1048    30910.0000    16782.0000 16808698   45.71%
  40352 14861    17124.0000   815    30910.0000    16782.0000 16810610   45.71%
Elapsed time = 35561.56 sec. (42719378.88 ticks, tree = 448.01 MB, solutions = 7)
  40364 14872    23529.0000   250    30910.0000    16782.0000 16812361   45.71%
  40385 14889    24977.0000   180    30910.0000    16782.0000 16812710   45.71%
  40398 14898    23187.0000   334    30910.0000    16782.0000 16816249   45.71%
  40423 14919    17124.0000   782    30910.0000    16782.0000 16817772   45.71%
  40430 14926    25174.0000   586    30910.0000    16782.0000 16820454   45.71%
  40442 14934    16782.0000  1803    30910.0000    16782.0000 16826511   45.71%
  40445 14937    16953.0000  1010    30910.0000    16782.0000 16826740   45.71%
  40453 14945    20814.0000   634    30910.0000    16782.0000 16830681   45.71%
  40476 14964    16953.0000   953    30910.0000    16782.0000 16832972   45.71%
  40486 14973    20985.0000   503    30910.0000    16782.0000 16835921   45.71%
Elapsed time = 35709.17 sec. (42891051.02 ticks, tree = 451.04 MB, solutions = 7)
  40495 14982    21849.0000   376    30910.0000    16782.0000 16836387   45.71%
  40504 14985    22020.0000   320    30910.0000    16782.0000 16836784   45.71%
  40516 14990    20754.0000   652    30910.0000    16782.0000 16842727   45.71%
  40525 14997    21327.0000   332    30910.0000    16782.0000 16843246   45.71%
  40546 15013    16782.1122  1045    30910.0000    16782.0000 16844237   45.71%
  40555 15018    16953.0000  1072    30910.0000    16782.0000 16848095   45.71%
  40562 15025    17186.0000   793    30910.0000    16782.0000 16851910   45.71%
  40569 15032    17466.0000   766    30910.0000    16782.0000 16852454   45.71%
  40600 15057    infeasible          30910.0000    16782.0000 16854173   45.71%
  40607 15064    23187.0000   647    30910.0000    16782.0000 16858487   45.71%
Elapsed time = 35843.67 sec. (43057283.96 ticks, tree = 453.57 MB, solutions = 7)
  40617 15070    22845.0000   940    30910.0000    16782.0000 16861552   45.71%
  40625 15074    16953.0000   927    30910.0000    16782.0000 16862426   45.71%
  40646 15091    infeasible          30910.0000    16782.0000 16866513   45.71%
  40664 15105    23187.0000   733    30910.0000    16782.0000 16869909   45.71%
  40682 15119    16782.0000  1340    30910.0000    16782.0000 16873831   45.71%
  40689 15126    16953.0000   975    30910.0000    16782.0000 16874465   45.71%
  40699 15134    20412.0000   655    30910.0000    16782.0000 16877525   45.71%
  40709 15140    16782.0000  1165    30910.0000    16782.0000 16880103   45.71%
  40714 15145    17295.0000  1043    30910.0000    16782.0000 16880353   45.71%
  40720 15151    17466.0000   703    30910.0000    16782.0000 16880659   45.71%
Elapsed time = 35970.82 sec. (43219413.53 ticks, tree = 455.77 MB, solutions = 7)
  40730 15158    17015.1122   843    30910.0000    16782.0000 16882548   45.71%
  40747 15171    17930.0000   316    30910.0000    16782.0000 16883791   45.71%
  40760 15180    17124.0000   940    30910.0000    16782.0000 16885383   45.71%
  40768 15184    16782.0000  1158    30910.0000    16782.0000 16886098   45.71%
  40774 15190    17124.0000  1026    30910.0000    16782.0000 16886332   45.71%
  40781 15195    17528.0000   688    30910.0000    16782.0000 16886749   45.71%
  40791 15201    23358.0000   682    30910.0000    16782.0000 16891589   45.71%
  40793 15203    23529.0000   604    30910.0000    16782.0000 16891660   45.71%
  40796 15206    23529.0000   450    30910.0000    16782.0000 16891766   45.71%
  40809 15217    23931.0000   299    30910.0000    16782.0000 16892295   45.71%
Elapsed time = 36099.13 sec. (43381159.75 ticks, tree = 457.50 MB, solutions = 7)
  40827 15228    17124.0000  1137    30910.0000    16782.0000 16893839   45.71%
  40832 15233    23358.0000   386    30910.0000    16782.0000 16895848   45.71%
  40839 15236    16953.0000  1631    30910.0000    16782.0000 16899051   45.71%
  40843 15240    17124.0000   988    30910.0000    16782.0000 16901759   45.71%
  40847 15244    17295.0000   905    30910.0000    16782.0000 16902353   45.71%
  40853 15248    20412.0000   638    30910.0000    16782.0000 16902918   45.71%
  40863 15258    22288.0000   322    30910.0000    16782.0000 16905420   45.71%
  40891 15286    28416.0000    92    30910.0000    16782.0000 16905979   45.71%
  40904 15295    20241.0000  1097    30910.0000    16782.0000 16910537   45.71%
  40913 15304    20645.0000   570    30910.0000    16782.0000 16911146   45.71%
Elapsed time = 36286.10 sec. (43553943.52 ticks, tree = 460.01 MB, solutions = 7)
  40921 15308    16906.0000  1233    30910.0000    16782.0000 16911532   45.71%
  40926 15313    17246.0000   806    30910.0000    16782.0000 16911902   45.71%
  40932 15319    17355.0000   713    30910.0000    16782.0000 16912272   45.71%
  40939 15322    17355.0000   421    30910.0000    16782.0000 16915507   45.71%
  40947 15330    17355.0000   449    30910.0000    16782.0000 16919593   45.71%
  40954 15337    17526.0000   425    30910.0000    16782.0000 16921279   45.71%
  40958 15340    17697.0000   304    30910.0000    16782.0000 16922119   45.71%
  40969 15347    16953.0000  1340    30910.0000    16782.0000 16922530   45.71%
  40975 15353    20412.0000   964    30910.0000    16782.0000 16929407   45.71%
  40982 15356    20684.8432   900    30910.0000    16782.0000 16931981   45.71%
Elapsed time = 36404.51 sec. (43720549.41 ticks, tree = 461.29 MB, solutions = 7)
  40989 15363    21257.8432   606    30910.0000    16782.0000 16932264   45.71%
  41004 15374    infeasible          30910.0000    16782.0000 16932722   45.71%
  41010 15380    16953.0000  1085    30910.0000    16782.0000 16935328   45.71%
  41015 15385    20070.0000   518    30910.0000    16782.0000 16937831   45.71%
  41024 15390    23358.0000   764    30910.0000    16782.0000 16944060   45.71%
  41037 15401    23871.0000   481    30910.0000    16782.0000 16946186   45.71%
  41057 15414    17124.0000   904    30910.0000    16782.0000 16948215   45.71%
  41064 15421    17355.0000   830    30910.0000    16782.0000 16948865   45.71%
  41077 15434    20645.0000   265    30910.0000    16782.0000 16951950   45.71%
  41094 15445    16953.0000  1327    30910.0000    16782.0000 16953221   45.71%
Elapsed time = 36529.31 sec. (43886165.24 ticks, tree = 463.66 MB, solutions = 7)
  41100 15451    23187.0000   568    30910.0000    16782.0000 16956369   45.71%
  41122 15467    infeasible          30910.0000    16782.0000 16957508   45.71%
  41126 15471    17015.0000  1134    30910.0000    16782.0000 16959477   45.71%
  41130 15475    17137.0000   832    30910.0000    16782.0000 16960012   45.71%
  41137 15482    19899.0000   550    30910.0000    16782.0000 16962280   45.71%
  41152 15495    infeasible          30910.0000    16782.0000 16962947   45.71%
  41165 15502    23187.0000   644    30910.0000    16782.0000 16966095   45.71%
  41179 15514    23187.0000   374    30910.0000    16782.0000 16967179   45.71%
  41189 15520    17124.0000  1086    30910.0000    16782.0000 16971357   45.71%
  41198 15525    16953.0000  1249    30910.0000    16782.0000 16976192   45.71%
Elapsed time = 36667.56 sec. (44055107.52 ticks, tree = 465.72 MB, solutions = 7)
  41204 15531    17295.0000   808    30910.0000    16782.0000 16978978   45.71%
  41211 15538    21886.0000   499    30910.0000    16782.0000 16983330   45.71%
  41221 15548    20412.0000   388    30910.0000    16782.0000 16984810   45.71%
  41226 15549    16953.0000  1208    30910.0000    16782.0000 16991093   45.71%
  41229 15552    17909.6062  1060    30910.0000    16782.0000 16995913   45.71%
  41232 15555    17909.6062   932    30910.0000    16782.0000 16996031   45.71%
  41238 15561    23187.0000   359    30910.0000    16782.0000 16996691   45.71%
  41248 15567    20585.4210   875    30910.0000    16782.0000 17001079   45.71%
  41250 15569    20585.4210   818    30910.0000    16782.0000 17001126   45.71%
  41254 15573    20927.4210   618    30910.0000    16782.0000 17001413   45.71%
Elapsed time = 36846.10 sec. (44230051.55 ticks, tree = 466.92 MB, solutions = 7)
  41260 15575    21715.0000   972    30910.0000    16782.0000 17006507   45.71%
  41267 15582    23700.0000   491    30910.0000    16782.0000 17007769   45.71%
  41277 15584    infeasible          30910.0000    16782.0000 17008219   45.71%
  41285 15590    19899.0000   654    30910.0000    16782.0000 17010778   45.71%
  41308 15611    22146.0000   186    30910.0000    16782.0000 17012111   45.71%
  41331 15624    27861.0000   483    30910.0000    16782.0000 17016961   45.71%
  41367 15660    29706.0000   196    30910.0000    16782.0000 17017581   45.71%
  41396 15682    17697.0000   410    30910.0000    16782.0000 17022267   45.71%
  41410 15696    18441.0000   259    30910.0000    16782.0000 17023377   45.71%
  41417 15699    23358.0000   538    30910.0000    16782.0000 17030031   45.71%
Elapsed time = 36981.91 sec. (44390550.32 ticks, tree = 470.46 MB, solutions = 7)
  41427 15705    16953.0000  1132    30910.0000    16782.0000 17030647   45.71%
  41432 15710    23358.0000   509    30910.0000    16782.0000 17033046   45.71%
  41435 15711    23358.0000   470    30910.0000    16782.0000 17033111   45.71%
  41455 15726    19899.0000   925    30910.0000    16782.0000 17037484   45.71%
  41465 15736    20241.0000   416    30910.0000    16782.0000 17037848   45.71%
  41483 15752    21715.0000   302    30910.0000    16782.0000 17038446   45.71%
  41535 15800    16782.0000  1535    30910.0000    16782.0000 17039494   45.71%
  41541 15806    23187.0000   813    30910.0000    16782.0000 17041676   45.71%
  41564 15822    infeasible          30910.0000    16782.0000 17043121   45.71%
  41570 15828    19899.0000   546    30910.0000    16782.0000 17049169   45.71%
Elapsed time = 37118.29 sec. (44555213.01 ticks, tree = 474.19 MB, solutions = 7)
  41583 15839    20936.0000   258    30910.0000    16782.0000 17049949   45.71%
  41597 15847    20070.0000   897    30910.0000    16782.0000 17051351   45.71%
  41603 15853    20301.0000   523    30910.0000    16782.0000 17051592   45.71%
  41611 15861    20814.0000   424    30910.0000    16782.0000 17052163   45.71%
  41626 15866    19899.0000   848    30910.0000    16782.0000 17054042   45.71%
  41632 15872    20070.0000   583    30910.0000    16782.0000 17054224   45.71%
  41640 15874    infeasible          30910.0000    16782.0000 17054990   45.71%
  41643 15877    16953.0000   710    30910.0000    16782.0000 17060032   45.71%
  41649 15883    17295.0000   559    30910.0000    16782.0000 17060456   45.71%
  41656 15890    19899.0000   629    30910.0000    16782.0000 17065424   45.71%
Elapsed time = 37235.20 sec. (44717717.86 ticks, tree = 475.79 MB, solutions = 7)
  41664 15898    17355.0000   423    30910.0000    16782.0000 17065955   45.71%
  41674 15908    17928.0000   333    30910.0000    16782.0000 17067096   45.71%
  41687 15915    16953.0000  1474    30910.0000    16782.0000 17069559   45.71%
  41691 15919    17295.0000  1126    30910.0000    16782.0000 17070035   45.71%
  41694 15922    17466.0000  1108    30910.0000    16782.0000 17070144   45.71%
  41707 15930    23187.0000   508    30910.0000    16782.0000 17074478   45.71%
  41731 15953    24555.0000   283    30910.0000    16782.0000 17075369   45.71%
  41741 15957    17124.0000   835    30910.0000    16782.0000 17076713   45.71%
  41746 15960    17184.0000   745    30910.0000    16782.0000 17076856   45.71%
  41755 15969    20303.0000   320    30910.0000    16782.0000 17077629   45.71%
Elapsed time = 37490.83 sec. (44885703.36 ticks, tree = 477.78 MB, solutions = 7)
  41771 15979    17124.0000   857    30910.0000    16782.0000 17078200   45.71%
  41777 15983    17186.0000   820    30910.0000    16782.0000 17078587   45.71%
  41784 15990    20301.0000   342    30910.0000    16782.0000 17079192   45.71%
  41803 16001    17013.0000  1013    30910.0000    16782.0000 17080626   45.71%
  41809 16005    20643.0000   433    30910.0000    16782.0000 17081522   45.71%
  41819 16013    20876.0000   365    30910.0000    16782.0000 17081903   45.71%
  41839 16027    16782.0000   732    30910.0000    16782.0000 17083062   45.71%
  41845 16033    16953.0000   931    30910.0000    16782.0000 17085407   45.71%
  41850 16034    16782.0000   680    30910.0000    16782.0000 17085998   45.71%
  41862 16042    16782.0000  1025    30910.0000    16782.0000 17091467   45.71%
Elapsed time = 37699.94 sec. (45050855.80 ticks, tree = 479.68 MB, solutions = 7)
  41876 16054    18039.0000   446    30910.0000    16782.0000 17092886   45.71%
  41891 16067    19358.0000   269    30910.0000    16782.0000 17093691   45.71%
  41917 16083    16953.0000   498    30910.0000    16782.0000 17094626   45.71%
  41933 16097    18285.0000   398    30910.0000    16782.0000 17097373   45.71%
  41953 16112    infeasible          30910.0000    16782.0000 17098755   45.71%
  41965 16124    17466.0000   645    30910.0000    16782.0000 17102463   45.71%
  41985 16144    18210.0000   290    30910.0000    16782.0000 17103705   45.71%
  41996 16149    17357.0000   804    30910.0000    16782.0000 17104335   45.71%
  42002 16153    17637.0000   620    30910.0000    16782.0000 17104685   45.71%
  42009 16160    17868.0000   578    30910.0000    16782.0000 17105010   45.71%
Elapsed time = 37817.22 sec. (45212161.51 ticks, tree = 482.51 MB, solutions = 7)
  42025 16172    18441.0000   390    30910.0000    16782.0000 17106024   45.71%
  42034 16177    18783.0000   340    30910.0000    16782.0000 17106364   45.71%
  42042 16181    16953.0000   712    30910.0000    16782.0000 17107122   45.71%
  42049 16186    17637.0000   585    30910.0000    16782.0000 17107685   45.71%
  42056 16191    18210.0000   488    30910.0000    16782.0000 17107998   45.71%
  42068 16203    19467.0000   264    30910.0000    16782.0000 17108602   45.71%
  42085 16212    16953.0000   696    30910.0000    16782.0000 17109344   45.71%
  42093 16216    17808.0000   560    30910.0000    16782.0000 17109859   45.71%
  42102 16225    17979.0000   329    30910.0000    16782.0000 17110164   45.71%
  42117 16240    18783.0000   267    30910.0000    16782.0000 17110792   45.71%
Elapsed time = 38191.79 sec. (45370912.00 ticks, tree = 484.47 MB, solutions = 7)
  42127 16243    16953.0000  1049    30910.0000    16782.0000 17115965   45.71%
  42134 16250    17124.0000   777    30910.0000    16782.0000 17116644   45.71%
  42142 16258    17295.0000   596    30910.0000    16782.0000 17117187   45.71%
  42156 16270    17990.0000   308    30910.0000    16782.0000 17117729   45.71%
  42173 16280    16844.0000   786    30910.0000    16782.0000 17118680   45.71%
  42179 16286    17528.0000   564    30910.0000    16782.0000 17118858   45.71%
  42205 16306    17295.0000   662    30910.0000    16782.0000 17121982   45.71%
  42212 16313    17699.0000   815    30910.0000    16782.0000 17123054   45.71%
  42226 16323    16953.0000  1352    30910.0000    16782.0000 17127374   45.71%
  42231 16328    20412.0000   870    30910.0000    16782.0000 17129825   45.71%
Elapsed time = 38310.82 sec. (45536521.62 ticks, tree = 486.73 MB, solutions = 7)
  42241 16336    20583.0000   650    30910.0000    16782.0000 17131228   45.71%
  42249 16340    20132.0000   641    30910.0000    16782.0000 17134084   45.71%
  42254 16345    20301.0000   585    30910.0000    16782.0000 17134263   45.71%
  42266 16353    16782.0000  1360    30910.0000    16782.0000 17139335   45.71%
  42272 16359    23016.0000   990    30910.0000    16782.0000 17142746   45.71%
  42286 16373    23591.0000   277    30910.0000    16782.0000 17143548   45.71%
  42306 16387    23078.0000   362    30910.0000    16782.0000 17147539   45.71%
  42314 16392    18230.0000   816    30910.0000    16782.0000 17148655   45.71%
  42342 16416    infeasible          30910.0000    16782.0000 17151672   45.71%
  42349 16423    19790.0000   594    30910.0000    16782.0000 17152322   45.71%
Elapsed time = 38431.48 sec. (45700142.25 ticks, tree = 489.87 MB, solutions = 7)
  42355 16427    20070.0000   432    30910.0000    16782.0000 17152519   45.71%
  42370 16436    20985.0000   332    30910.0000    16782.0000 17153451   45.71%
  42399 16457    17013.0000   995    30910.0000    16782.0000 17154283   45.71%
  42405 16463    17186.0000   730    30910.0000    16782.0000 17154597   45.71%
  42412 16470    19961.0000   452    30910.0000    16782.0000 17156137   45.71%
  42435 16485    16953.0000   995    30910.0000    16782.0000 17158515   45.71%
  42442 16492    17295.0000   759    30910.0000    16782.0000 17158829   45.71%
  42452 16502    20241.0000   329    30910.0000    16782.0000 17159755   45.71%
  42467 16511    22845.0000   965    30910.0000    16782.0000 17166292   45.71%
  42480 16522    infeasible          30910.0000    16782.0000 17167135   45.71%
Elapsed time = 38548.46 sec. (45861501.61 ticks, tree = 492.52 MB, solutions = 7)
  42503 16541    16782.0000   920    30910.0000    16782.0000 17169360   45.71%
  42510 16548    17013.0000   742    30910.0000    16782.0000 17169861   45.71%
  42517 16555    19728.0000   469    30910.0000    16782.0000 17172676   45.71%
  42524 16558    17013.0000   803    30910.0000    16782.0000 17173308   45.71%
  42529 16563    19728.0000   825    30910.0000    16782.0000 17176998   45.71%
  42533 16567    19728.0000   774    30910.0000    16782.0000 17177095   45.71%
  42544 16578    23187.0000   353    30910.0000    16782.0000 17179579   45.71%
  42580 16614    25197.0000   142    30910.0000    16782.0000 17180220   45.71%
  42607 16635    infeasible          30910.0000    16782.0000 17180964   45.71%
  42613 16641    17979.3904   945    30910.0000    16782.0000 17186617   45.71%
Elapsed time = 38667.25 sec. (46028068.34 ticks, tree = 495.70 MB, solutions = 7)
  42620 16648    18059.0000   619    30910.0000    16782.0000 17188417   45.71%
  42638 16662    20241.0000   301    30910.0000    16782.0000 17191608   45.71%
  42658 16676    17124.0000   760    30910.0000    16782.0000 17192352   45.71%
  42669 16685    23700.0000   358    30910.0000    16782.0000 17193344   45.71%
  42685 16697    17013.0000   843    30910.0000    16782.0000 17196542   45.71%
  42693 16705    19899.0000   556    30910.0000    16782.0000 17197746   45.71%
  42715 16721    16953.0000   835    30910.0000    16782.0000 17198498   45.71%
  42722 16728    16953.0000   815    30910.0000    16782.0000 17200310   45.71%
  42729 16735    19728.0000   488    30910.0000    16782.0000 17200715   45.71%
  42748 16754    21438.0000   233    30910.0000    16782.0000 17201737   45.71%
Elapsed time = 38787.01 sec. (46192664.28 ticks, tree = 498.61 MB, solutions = 7)
  42757 16759    17355.0000   848    30910.0000    16782.0000 17202201   45.71%
  42764 16766    17355.0000   837    30910.0000    16782.0000 17203192   45.71%
  42782 16778    16953.0000   906    30910.0000    16782.0000 17206507   45.71%
  42790 16782    16782.0000  1248    30910.0000    16782.0000 17210755   45.71%
  42794 16786    23016.0000   827    30910.0000    16782.0000 17218406   45.71%
  42806 16796    23871.0000   694    30910.0000    16782.0000 17222907   45.71%
  42818 16804    16953.0000  1122    30910.0000    16782.0000 17224105   45.71%
  42825 16811    20412.0000   531    30910.0000    16782.0000 17224859   45.71%
  42833 16817    20643.0000   314    30910.0000    16782.0000 17225196   45.71%
  42847 16827    17124.0000   771    30910.0000    16782.0000 17226112   45.71%
Elapsed time = 38911.14 sec. (46356425.79 ticks, tree = 500.43 MB, solutions = 7)
  42857 16837    23016.0000   332    30910.0000    16782.0000 17227707   45.71%
  42874 16850    17124.0000  1080    30910.0000    16782.0000 17228670   45.71%
  42881 16857    17466.0000   674    30910.0000    16782.0000 17228960   45.71%
  42890 16865    17526.0000   695    30910.0000    16782.0000 17232346   45.71%
  42906 16879    21045.0000   264    30910.0000    16782.0000 17233268   45.71%
Starting limited solution polishing.
  42909 16878    16953.0000  1204    30910.0000    16782.0000 17233372   45.71%
  42913 16882    19728.0000   756    30910.0000    16782.0000 17234100   45.71%
  42918 16887    19899.0000   604    30910.0000    16782.0000 17237282   45.71%
  42922 16891    20070.0000   527    30910.0000    16782.0000 17237373   45.71%
  42926 16893    20070.0000   451    30910.0000    16782.0000 17237555   45.71%
Elapsed time = 39026.69 sec. (46522603.94 ticks, tree = 502.05 MB, solutions = 7)
  42933 16900    20472.0000   351    30910.0000    16782.0000 17238389   45.71%
  42941 16904    16953.0000  1004    30910.0000    16782.0000 17238770   45.71%
  42949 16912    23187.0000   626    30910.0000    16782.0000 17243647   45.71%
  42960 16919    16782.0000  1078    30910.0000    16782.0000 17248979   45.71%
  42965 16924    22907.0000   905    30910.0000    16782.0000 17257007   45.71%
  42976 16932    23762.0000   349    30910.0000    16782.0000 17260241   45.71%
  42989 16939    16953.0000  1076    30910.0000    16782.0000 17262997   45.71%
  42998 16946    23249.0000   532    30910.0000    16782.0000 17266012   45.71%
  43006 16950    16782.0000  1705    30910.0000    16782.0000 17269980   45.71%
  43010 16954    16844.0000   828    30910.0000    16782.0000 17270706   45.71%
Elapsed time = 39158.99 sec. (46687837.20 ticks, tree = 503.61 MB, solutions = 7)
  43016 16960    20412.0000   696    30910.0000    16782.0000 17274909   45.71%
  43029 16967    17124.0000   853    30910.0000    16782.0000 17275933   45.71%
  43034 16972    17124.0000   763    30910.0000    16782.0000 17279124   45.71%
  43046 16980    infeasible          30910.0000    16782.0000 17283752   45.71%
  43051 16985    19171.2654   899    30910.0000    16782.0000 17290890   45.71%
  43054 16988    19171.2654   778    30910.0000    16782.0000 17290995   45.71%
  43060 16990    19171.2654   858    30910.0000    16782.0000 17294728   45.71%
  43069 16993    infeasible          30910.0000    16782.0000 17295720   45.71%
  43078 16998    17186.0000   778    30910.0000    16782.0000 17296483   45.71%
  43084 17004    17295.0000   769    30910.0000    16782.0000 17296602   45.71%
Elapsed time = 39276.08 sec. (46856103.04 ticks, tree = 504.86 MB, solutions = 7)
  43089 17009    17697.0000   912    30910.0000    16782.0000 17298699   45.71%
  43109 17027    24102.0000   223    30910.0000    16782.0000 17301664   45.71%
  43171 17087    26266.0000    90    30910.0000    16782.0000 17302539   45.71%
* 43209+15943                        28356.0000    16782.0000            40.82%
* 43209+15326                        27949.0000    16782.0000            39.95%
* 43209+14609                        27134.0000    16782.0000            38.15%
* 43209+14568                        26997.0000    16782.0000            37.84%
* 43209+14522                        26903.0000    16782.0000            37.62%
  43210 14522    16953.0000   891    26903.0000    16782.0000 17303183   37.62%
  43215 14527    20412.0000   741    26903.0000    16782.0000 17309056   37.62%
  43222 14534    20583.0000   659    26903.0000    16782.0000 17310422   37.62%
  43233 14545    21156.0000   328    26903.0000    16782.0000 17310807   37.62%
  43248 14552    19728.0000   808    26903.0000    16782.0000 17314191   37.62%
  43253 14557    19899.0000   658    26903.0000    16782.0000 17314397   37.62%
  43260 14564    20070.0000   441    26903.0000    16782.0000 17314827   37.62%
Elapsed time = 39410.80 sec. (47021136.77 ticks, tree = 412.11 MB, solutions = 12)
  43266 14570    20070.0000   373    26903.0000    16782.0000 17316828   37.62%
  43274 14578    20070.0000   329    26903.0000    16782.0000 17317594   37.62%
  43284 14586    20301.0000   303    26903.0000    16782.0000 17317904   37.62%
  43301 14597    17124.0000   996    26903.0000    16782.0000 17321089   37.62%
  43306 14602    17697.0000   511    26903.0000    16782.0000 17321537   37.62%
* 43309+14599                        26898.0000    16782.0000            37.61%
* 43309+14551                        26804.0000    16782.0000            37.39%
* 43309+14398                        26501.0000    16782.0000            36.67%
  43313 14402    infeasible          26501.0000    16782.0000 17321827   36.67%
  43317 14404    17155.0000  1143    26501.0000    16782.0000 17328353   36.67%
  43321 14408    22845.0000   637    26501.0000    16782.0000 17330840   36.67%
  43325 14412    23016.0000   496    26501.0000    16782.0000 17331054   36.67%
  43337 14418    16782.0000  1105    26501.0000    16782.0000 17334042   36.67%
Elapsed time = 39571.40 sec. (47200278.84 ticks, tree = 407.45 MB, solutions = 15)
  43341 14422    16953.0000   856    26501.0000    16782.0000 17334427   36.67%
  43345 14426    17466.0000   743    26501.0000    16782.0000 17334667   36.67%
  43351 14430    17637.0000   544    26501.0000    16782.0000 17335027   36.67%
  43358 14435    18456.0000   466    26501.0000    16782.0000 17335889   36.67%
  43374 14445    16782.0000   653    26501.0000    16782.0000 17336593   36.67%
  43380 14451    17295.0000   542    26501.0000    16782.0000 17337277   36.67%
  43385 14454    17637.0000   450    26501.0000    16782.0000 17337768   36.67%
  43390 14459    17637.0000   510    26501.0000    16782.0000 17337933   36.67%
  43397 14463    17466.0000   642    26501.0000    16782.0000 17344154   36.67%
  43402 14468    17466.0000   709    26501.0000    16782.0000 17344833   36.67%
Elapsed time = 39697.30 sec. (47368537.69 ticks, tree = 408.63 MB, solutions = 15)
  43406 14472    17967.0000   664    26501.0000    16782.0000 17347242   36.67%
* 43409+14397                        26330.0000    16782.0000            36.26%
  43409 14399    17808.0000   463    26330.0000    16782.0000 17347461   36.26%
  43417 14401    16782.0000   581    26330.0000    16782.0000 17347709   36.26%
  43423 14405    infeasible          26330.0000    16782.0000 17348009   36.26%
  43428 14410    17466.0000   458    26330.0000    16782.0000 17348243   36.26%
  43440 14420    18161.0000   292    26330.0000    16782.0000 17349205   36.26%
  43457 14432    16782.0000   671    26330.0000    16782.0000 17349847   36.26%
  43461 14436    17184.0000   591    26330.0000    16782.0000 17352116   36.26%
  43467 14442    17184.0000   388    26330.0000    16782.0000 17352264   36.26%
  43472 14447    17637.0000   390    26330.0000    16782.0000 17352767   36.26%
Elapsed time = 39825.14 sec. (47541975.04 ticks, tree = 407.76 MB, solutions = 16)
  43481 14452    17124.0000   726    26330.0000    16782.0000 17355527   36.26%
  43486 14457    18054.0000   462    26330.0000    16782.0000 17355798   36.26%
  43495 14464    18875.0000   305    26330.0000    16782.0000 17356214   36.26%
  43502 14467    infeasible          26330.0000    16782.0000 17356483   36.26%
  43506 14471    16782.0000   794    26330.0000    16782.0000 17356916   36.26%
* 43509+14432                        26283.0000    16782.0000            36.15%
* 43509+14414                        26162.0000    16782.0000            35.85%
* 43509+14406                        26112.0000    16782.0000            35.73%
* 43509+14405                        26065.0000    16782.0000            35.61%
* 43509+14402                        26003.0000    16782.0000            35.46%
  43510 14405    17124.0000   518    26003.0000    16782.0000 17357434   35.46%
  43514 14409    17637.0000   437    26003.0000    16782.0000 17357832   35.46%
  43519 14412    17637.0000   369    26003.0000    16782.0000 17358003   35.46%
  43526 14415    19961.0000   588    26003.0000    16782.0000 17362049   35.46%
  43533 14422    20583.0000   468    26003.0000    16782.0000 17362795   35.46%
Elapsed time = 39957.56 sec. (47709981.47 ticks, tree = 405.68 MB, solutions = 21)
  43541 14428    20876.0000   380    26003.0000    16782.0000 17363253   35.46%
  43547 14430    17466.0000   637    26003.0000    16782.0000 17363801   35.46%
  43551 14434    17808.0000   577    26003.0000    16782.0000 17364007   35.46%
  43555 14436    17808.0000   516    26003.0000    16782.0000 17364177   35.46%
  43562 14443    18612.0000   284    26003.0000    16782.0000 17364670   35.46%
  43569 14450    19140.0000   227    26003.0000    16782.0000 17365042   35.46%
  43575 14453    16782.0000   595    26003.0000    16782.0000 17365397   35.46%
  43580 14458    17295.0000   683    26003.0000    16782.0000 17369717   35.46%
  43585 14461    17637.0000   546    26003.0000    16782.0000 17370155   35.46%
  43591 14463    16844.0000   596    26003.0000    16782.0000 17370457   35.46%
Elapsed time = 40095.17 sec. (47883724.36 ticks, tree = 406.72 MB, solutions = 21)
  43597 14467    17466.0000   546    26003.0000    16782.0000 17370698   35.46%
  43603 14471    infeasible          26003.0000    16782.0000 17370964   35.46%
  43608 14476    18552.0000   334    26003.0000    16782.0000 17371088   35.46%
  43615 14483    19356.0000   270    26003.0000    16782.0000 17371541   35.46%
  43630 14489    20162.0000   202    26003.0000    16782.0000 17372391   35.46%
  43637 14492    17466.0000   635    26003.0000    16782.0000 17373356   35.46%
  43643 14494    16953.0000   681    26003.0000    16782.0000 17373752   35.46%
  43648 14499    18567.0000   583    26003.0000    16782.0000 17373974   35.46%
  43653 14498    17295.0000   830    26003.0000    16782.0000 17374952   35.46%
  43658 14503    17637.0000   690    26003.0000    16782.0000 17375342   35.46%
Elapsed time = 40232.59 sec. (48054675.38 ticks, tree = 407.71 MB, solutions = 21)
  43662 14505    infeasible          26003.0000    16782.0000 17375578   35.46%
  43666 14509    17979.0000   583    26003.0000    16782.0000 17375705   35.46%
  43671 14510    16953.0000   864    26003.0000    16782.0000 17376662   35.46%
  43676 14515    17295.0000   733    26003.0000    16782.0000 17379102   35.46%
  43682 14521    17357.0000   650    26003.0000    16782.0000 17379517   35.46%
  43691 14527    17930.0000   383    26003.0000    16782.0000 17380773   35.46%
  43710 14544    22677.0000   169    26003.0000    16782.0000 17381668   35.46%
  43739 14573    24856.0000   113    26003.0000    16782.0000 17381912   35.46%
  43763 14590    16953.0000   782    26003.0000    16782.0000 17382471   35.46%
  43768 14595    17124.0000   662    26003.0000    16782.0000 17382905   35.46%
Elapsed time = 40369.26 sec. (48222836.33 ticks, tree = 410.39 MB, solutions = 21)
  43775 14598    17466.0000   468    26003.0000    16782.0000 17383256   35.46%
  43779 14602    18396.0000   651    26003.0000    16782.0000 17385160   35.46%
  43791 14610    19140.0000   300    26003.0000    16782.0000 17385784   35.46%
  43805 14618    16844.0000  1003    26003.0000    16782.0000 17386706   35.46%
* 43809+14612                        25944.0000    16782.0000            35.31%
* 43809+14603                        25884.0000    16782.0000            35.16%
* 43809+14602                        25871.0000    16782.0000            35.13%
  43809 14604    17015.0000   647    25871.0000    16782.0000 17387047   35.13%
  43815 14606    17945.0000   653    25871.0000    16782.0000 17387695   35.13%
  43821 14610    18225.0000   525    25871.0000    16782.0000 17387899   35.13%
  43826 14615    18225.0000   432    25871.0000    16782.0000 17388327   35.13%
  43833 14621    18969.0000   257    25871.0000    16782.0000 17389049   35.13%
  43839 14623    17526.0000   857    25871.0000    16782.0000 17395211   35.13%
Elapsed time = 40505.16 sec. (48389123.64 ticks, tree = 411.00 MB, solutions = 24)
  43843 14627    20472.0000   554    25871.0000    16782.0000 17397465   35.13%
  43850 14634    23187.0000   288    25871.0000    16782.0000 17397970   35.13%
  43882 14662    24102.0000   131    25871.0000    16782.0000 17398359   35.13%
  43893 14666    16782.0000  1105    25871.0000    16782.0000 17401177   35.13%
  43898 14671    19899.0000   623    25871.0000    16782.0000 17401643   35.13%
  43905 14678    20412.0000   425    25871.0000    16782.0000 17401930   35.13%
* 43909+14674                        25808.0000    16782.0000            34.97%
* 43909+14630                        25592.0000    16782.0000            34.42%
* 43909+14617                        25532.0000    16782.0000            34.27%
  43913 14619    16782.0000  1074    25532.0000    16782.0000 17403098   34.27%
  43918 14624    20070.0000   535    25532.0000    16782.0000 17403485   34.27%
  43924 14630    20583.0000   423    25532.0000    16782.0000 17403678   34.27%
  43932 14634    16953.0000  1076    25532.0000    16782.0000 17404291   34.27%
Elapsed time = 40667.18 sec. (48564786.99 ticks, tree = 410.14 MB, solutions = 27)
  43938 14640    20241.0000   581    25532.0000    16782.0000 17404744   34.27%
  43955 14655    infeasible          25532.0000    16782.0000 17405536   34.27%
  43986 14678    24675.0000   106    25532.0000    16782.0000 17406039   34.27%
  43995 14681    19728.0000   604    25532.0000    16782.0000 17406717   34.27%
  43999 14685    23187.0000   310    25532.0000    16782.0000 17407206   34.27%
  44011 14693    19728.0000   731    25532.0000    16782.0000 17407778   34.27%
  44015 14697    20132.0000   691    25532.0000    16782.0000 17409292   34.27%
  44020 14698    16953.0000   810    25532.0000    16782.0000 17411269   34.27%
  44026 14704    20536.0000   620    25532.0000    16782.0000 17413959   34.27%
  44035 14709    23016.0000   679    25532.0000    16782.0000 17415806   34.27%
Elapsed time = 40819.40 sec. (48738285.06 ticks, tree = 412.37 MB, solutions = 27)
  44050 14724    24213.0000   252    25532.0000    16782.0000 17416575   34.27%
  44077 14743    17015.0000  1045    25532.0000    16782.0000 17417532   34.27%
  44081 14747    17357.0000   835    25532.0000    16782.0000 17417905   34.27%
  44085 14751    17186.0000   768    25532.0000    16782.0000 17418277   34.27%
  44091 14756    23529.0000   403    25532.0000    16782.0000 17421948   34.27%
  44099 14764    23993.0000   280    25532.0000    16782.0000 17422596   34.27%
  44115 14772    19899.0000   825    25532.0000    16782.0000 17425409   34.27%
  44117 14774    20070.0000   664    25532.0000    16782.0000 17425548   34.27%
  44132 14783    19899.0000   781    25532.0000    16782.0000 17428519   34.27%
  44139 14790    23529.0000   386    25532.0000    16782.0000 17429330   34.27%
Elapsed time = 40976.47 sec. (48909455.49 ticks, tree = 414.89 MB, solutions = 27)
  44150 14795    infeasible          25532.0000    16782.0000 17433966   34.27%
  44155 14800    17355.0000   710    25532.0000    16782.0000 17434295   34.27%
  44162 14807    17526.0000   608    25532.0000    16782.0000 17434733   34.27%
  44178 14821    24042.0000   191    25532.0000    16782.0000 17435338   34.27%
  44189 14826    19899.0000   661    25532.0000    16782.0000 17439268   34.27%
  44192 14829    19899.0000   534    25532.0000    16782.0000 17439594   34.27%
  44196 14833    20070.0000   517    25532.0000    16782.0000 17439875   34.27%
  44199 14836    20070.0000   506    25532.0000    16782.0000 17439948   34.27%
  44204 14841    22801.0000   339    25532.0000    16782.0000 17441140   34.27%
  44209 14844    24273.0000   268    25532.0000    16782.0000 17441418   34.27%
Elapsed time = 41132.57 sec. (49083258.29 ticks, tree = 416.46 MB, solutions = 27)
  44227 14850    16782.0000  1071    25532.0000    16782.0000 17445193   34.27%
  44230 14853    16844.0000   870    25532.0000    16782.0000 17445501   34.27%
  44234 14857    19899.0000   485    25532.0000    16782.0000 17446202   34.27%
  44244 14863    16844.0000   894    25532.0000    16782.0000 17446708   34.27%
  44249 14868    23078.0000   468    25532.0000    16782.0000 17447986   34.27%
  44251 14870    23078.0000   413    25532.0000    16782.0000 17448025   34.27%
  44253 14872    23078.0000   351    25532.0000    16782.0000 17448075   34.27%
  44255 14874    23078.0000   315    25532.0000    16782.0000 17448174   34.27%
  44261 14876    23358.0000   274    25532.0000    16782.0000 17448345   34.27%
  44265 14880    24102.0000   214    25532.0000    16782.0000 17448413   34.27%
Elapsed time = 41349.27 sec. (49314774.21 ticks, tree = 417.61 MB, solutions = 27)
  44273 14885    25188.0000   232    25532.0000    16782.0000 17448737   34.27%
  44277 14887    17015.0000   965    25532.0000    16782.0000 17449334   34.27%
  44281 14891    19961.0000   490    25532.0000    16782.0000 17450499   34.27%
  44284 14894    23187.0000   358    25532.0000    16782.0000 17450805   34.27%
  44295 14905    23591.0000   283    25532.0000    16782.0000 17451568   34.27%
  44314 14919    25139.0000   147    25532.0000    16782.0000 17452118   34.27%
  44322 14923    16844.0000   916    25532.0000    16782.0000 17452779   34.27%
  44326 14927    16953.0000   820    25532.0000    16782.0000 17454467   34.27%
  44330 14931    20472.0000   468    25532.0000    16782.0000 17456858   34.27%
  44343 14938    infeasible          25532.0000    16782.0000 17460245   34.27%
Elapsed time = 41511.95 sec. (49488548.15 ticks, tree = 419.49 MB, solutions = 27)
  44347 14942    16953.0000   771    25532.0000    16782.0000 17463589   34.27%
  44352 14947    17186.0000   682    25532.0000    16782.0000 17464143   34.27%
  44356 14951    17588.0000   605    25532.0000    16782.0000 17465683   34.27%
  44373 14964    16953.0000   918    25532.0000    16782.0000 17468031   34.27%
  44378 14969    20412.0000   830    25532.0000    16782.0000 17471836   34.27%
  44384 14975    20754.0000   611    25532.0000    16782.0000 17472275   34.27%
  44392 14981    21558.0000   317    25532.0000    16782.0000 17472886   34.27%
  44397 14982    16953.0000   870    25532.0000    16782.0000 17473305   34.27%
  44401 14986    20645.0000   586    25532.0000    16782.0000 17475482   34.27%
  44409 14994    23700.0000   324    25532.0000    16782.0000 17476145   34.27%
Elapsed time = 41663.78 sec. (49658206.26 ticks, tree = 421.01 MB, solutions = 27)
  44415 14996    17124.0000   742    25532.0000    16782.0000 17476607   34.27%
  44419 15000    17757.0000   651    25532.0000    16782.0000 17477077   34.27%
  44423 15004    17928.0000   619    25532.0000    16782.0000 17477242   34.27%
  44429 15009    21327.0000   268    25532.0000    16782.0000 17478722   34.27%
  44452 15022    19899.0000   804    25532.0000    16782.0000 17479928   34.27%
  44455 15025    20241.0000   667    25532.0000    16782.0000 17480070   34.27%
  44465 15033    23933.0000   383    25532.0000    16782.0000 17481548   34.27%
  44476 15041    16906.0000   942    25532.0000    16782.0000 17485116   34.27%
  44481 15046    19961.0000   759    25532.0000    16782.0000 17485368   34.27%
  44490 15055    20241.0000   564    25532.0000    16782.0000 17485722   34.27%
Elapsed time = 41811.58 sec. (49830510.32 ticks, tree = 422.74 MB, solutions = 27)
  44515 15074    17417.8523  1187    25532.0000    16782.0000 17489390   34.27%
  44519 15078    17759.8523  1038    25532.0000    16782.0000 17489497   34.27%
  44527 15086    23653.0000   364    25532.0000    16782.0000 17490031   34.27%
  44534 15089    17015.0000  1154    25532.0000    16782.0000 17493832   34.27%
  44538 15093    17124.0000  1025    25532.0000    16782.0000 17494286   34.27%
  44542 15097    17184.0000   871    25532.0000    16782.0000 17494524   34.27%
  44545 15100    17526.0000   827    25532.0000    16782.0000 17494792   34.27%
  44549 15104    19899.0000   518    25532.0000    16782.0000 17495441   34.27%
  44558 15109    19728.0000   945    25532.0000    16782.0000 17499047   34.27%
  44560 15111    19899.0000   745    25532.0000    16782.0000 17499186   34.27%
Elapsed time = 41966.44 sec. (50005897.82 ticks, tree = 424.30 MB, solutions = 27)
  44568 15119    23762.0000   304    25532.0000    16782.0000 17500115   34.27%
  44584 15131    17124.0000   992    25532.0000    16782.0000 17504735   34.27%
  44589 15136    20412.0000   728    25532.0000    16782.0000 17510836   34.27%
  44599 15144    20754.0000   362    25532.0000    16782.0000 17511455   34.27%
  44615 15148    16782.0000  1112    25532.0000    16782.0000 17515875   34.27%
  44618 15151    16782.0000  1115    25532.0000    16782.0000 17515982   34.27%
  44622 15155    20070.0000   597    25532.0000    16782.0000 17516316   34.27%
  44625 15158    20070.0000   513    25532.0000    16782.0000 17516454   34.27%
  44636 15169    24675.0000   183    25532.0000    16782.0000 17517404   34.27%
  44654 15179    23016.0000   558    25532.0000    16782.0000 17520081   34.27%
Elapsed time = 42117.88 sec. (50168479.73 ticks, tree = 426.37 MB, solutions = 27)
  44660 15181    16782.0000  1219    25532.0000    16782.0000 17520651   34.27%
  44664 15185    20241.0000   610    25532.0000    16782.0000 17521889   34.27%
  44670 15191    23871.0000   445    25532.0000    16782.0000 17522990   34.27%
  44684 15199    19728.0000   640    25532.0000    16782.0000 17523887   34.27%
  44687 15202    19728.0000   536    25532.0000    16782.0000 17524024   34.27%
  44699 15214    24162.0000   217    25532.0000    16782.0000 17524679   34.27%
  44706 15216    19728.0000   964    25532.0000    16782.0000 17525480   34.27%
  44710 15220    20070.0000   574    25532.0000    16782.0000 17525789   34.27%
  44730 15234    19728.0000   928    25532.0000    16782.0000 17526749   34.27%
  44733 15237    20070.0000   615    25532.0000    16782.0000 17527165   34.27%
Elapsed time = 42275.50 sec. (50344566.47 ticks, tree = 428.09 MB, solutions = 27)
  44751 15251    24735.0000   225    25532.0000    16782.0000 17528323   34.27%
  44762 15258    16782.0000  1142    25532.0000    16782.0000 17531492   34.27%
  44766 15262    17124.0000   960    25532.0000    16782.0000 17531697   34.27%
  44771 15267    23016.0000   424    25532.0000    16782.0000 17532686   34.27%
  44791 15287    24350.0000   196    25532.0000    16782.0000 17533436   34.27%
  44801 15292    16953.0000  1033    25532.0000    16782.0000 17533880   34.27%
  44805 15296    17124.0000   966    25532.0000    16782.0000 17534020   34.27%
  44809 15300    20070.0000   582    25532.0000    16782.0000 17534401   34.27%
  44813 15304    20472.0000   567    25532.0000    16782.0000 17534753   34.27%
  44822 15313    20876.0000   272    25532.0000    16782.0000 17535092   34.27%
Elapsed time = 42425.67 sec. (50516668.67 ticks, tree = 430.24 MB, solutions = 27)
  44831 15314    16953.0000  1065    25532.0000    16782.0000 17535363   34.27%
  44834 15317    17124.0000   992    25532.0000    16782.0000 17535458   34.27%
  44838 15321    19899.0000   740    25532.0000    16782.0000 17535936   34.27%
  44846 15327    20643.0000   524    25532.0000    16782.0000 17536399   34.27%
  44861 15342    22379.0000   216    25532.0000    16782.0000 17536815   34.27%
  44874 15351    16953.0000   916    25532.0000    16782.0000 17537572   34.27%
  44890 15365    24444.0000   169    25532.0000    16782.0000 17539155   34.27%
  44905 15374    16844.0000  1038    25532.0000    16782.0000 17544805   34.27%
  44908 15377    16844.0000   874    25532.0000    16782.0000 17545179   34.27%
  44912 15381    17295.0000   758    25532.0000    16782.0000 17546284   34.27%
Elapsed time = 42566.92 sec. (50682902.77 ticks, tree = 432.23 MB, solutions = 27)
  44916 15385    17699.0000   540    25532.0000    16782.0000 17546541   34.27%
  44922 15391    20876.0000   368    25532.0000    16782.0000 17547159   34.27%
  44928 15394    17124.0000  1243    25532.0000    16782.0000 17555326   34.27%
  44930 15395    17186.0000   965    25532.0000    16782.0000 17555776   34.27%
  44932 15394    infeasible          25532.0000    16782.0000 17555988   34.27%
  44935 15397    17124.0000   968    25532.0000    16782.0000 17558119   34.27%
  44941 15403    23187.0000   475    25532.0000    16782.0000 17559479   34.27%
  44954 15412    17124.0000   901    25532.0000    16782.0000 17560409   34.27%
  44958 15416    20070.0000   665    25532.0000    16782.0000 17560623   34.27%
  44959 15417    20070.0000   657    25532.0000    16782.0000 17560626   34.27%
Elapsed time = 42717.81 sec. (50863540.55 ticks, tree = 433.18 MB, solutions = 27)
  44962 15420    20070.0000   472    25532.0000    16782.0000 17560803   34.27%
  44967 15421    16782.0000  1067    25532.0000    16782.0000 17569065   34.27%
  44971 15425    17186.0000   734    25532.0000    16782.0000 17569566   34.27%
  44975 15429    17528.0000   746    25532.0000    16782.0000 17569761   34.27%
  44980 15434    17528.0000   586    25532.0000    16782.0000 17570084   34.27%
  44990 15442    17808.0000   392    25532.0000    16782.0000 17572042   34.27%
  45008 15457    infeasible          25532.0000    16782.0000 17572670   34.27%
  45013 15457    16844.0000   906    25532.0000    16782.0000 17575281   34.27%
  45018 15462    17417.0000   796    25532.0000    16782.0000 17575644   34.27%
  45022 15464    17417.0000   729    25532.0000    16782.0000 17575811   34.27%
Elapsed time = 42854.73 sec. (51038427.13 ticks, tree = 434.41 MB, solutions = 27)
  45026 15468    17526.0000   656    25532.0000    16782.0000 17575985   34.27%
  45031 15473    17526.0000   547    25532.0000    16782.0000 17576280   34.27%
  45049 15487    16782.0000   962    25532.0000    16782.0000 17576944   34.27%
  45057 15495    19961.0000   666    25532.0000    16782.0000 17580958   34.27%
  45068 15506    23187.0000   354    25532.0000    16782.0000 17583319   34.27%
  45094 15529    25017.0000   187    25532.0000    16782.0000 17584427   34.27%
  45115 15542    infeasible          25532.0000    16782.0000 17584904   34.27%
  45121 15546    17124.0000   841    25532.0000    16782.0000 17587353   34.27%
  45125 15550    17186.0000   676    25532.0000    16782.0000 17587549   34.27%
  45131 15556    17466.0000   605    25532.0000    16782.0000 17589596   34.27%
Elapsed time = 42998.76 sec. (51209429.25 ticks, tree = 437.02 MB, solutions = 27)
  45135 15560    17979.0000   396    25532.0000    16782.0000 17589816   34.27%
  45144 15569    18674.0000   236    25532.0000    16782.0000 17590182   34.27%
  45162 15583    20680.0000   201    25532.0000    16782.0000 17590512   34.27%
  45170 15587    16844.0000   857    25532.0000    16782.0000 17592121   34.27%
  45174 15591    17186.0000   754    25532.0000    16782.0000 17592393   34.27%
  45177 15594    17637.0000   676    25532.0000    16782.0000 17592718   34.27%
  45180 15597    17808.0000   625    25532.0000    16782.0000 17592807   34.27%
  45191 15608    19091.0000   250    25532.0000    16782.0000 17594075   34.27%
  45206 15619    16844.0000   619    25532.0000    16782.0000 17594680   34.27%
  45211 15624    17186.0000   597    25532.0000    16782.0000 17596834   34.27%
Elapsed time = 43142.26 sec. (51379987.72 ticks, tree = 438.84 MB, solutions = 27)
  45215 15628    17295.0000   533    25532.0000    16782.0000 17597017   34.27%
  45222 15635    17588.0000   431    25532.0000    16782.0000 17598213   34.27%
  45226 15637    17588.0000   413    25532.0000    16782.0000 17598284   34.27%
  45238 15645    17355.0000   502    25532.0000    16782.0000 17598938   34.27%

GUB cover cuts applied:  915
Clique cuts applied:  732
Cover cuts applied:  1914
Implied bound cuts applied:  74
Flow cuts applied:  853
Mixed integer rounding cuts applied:  994
Zero-half cuts applied:  7
Gomory fractional cuts applied:  5

Root node processing (before b&c):
  Real time             =  510.70 sec. (337356.25 ticks)
Sequential b&c:
  Real time             = 42689.34 sec. (51115712.05 ticks)
                          ------------
Total (root+branch&cut) = 43200.04 sec. (51453068.30 ticks)
Feasible

>> Printing some results...
    -> Solution value = 25532 - 07:05:32
    -> Total time = 43200.04
    -> Gap value = 0.34

=============
Train 0
=============
> Trip 0
   13(time 3355 - 00:55:55)(time 3539 - 00:58:59) ->    12(time 3601 - 01:00:01)(time 3820 - 01:03:40) ->    11(time 3855 - 01:04:15)(time 4042 - 01:07:22) ->    10(time 4104 - 01:08:24)(time 4290 - 01:11:30) ->    9(time 4352 - 01:12:32)(time 4565 - 01:16:05) ->    8(time 4627 - 01:17:07)(time 4828 - 01:20:28) ->    7(time 4999 - 01:23:19)(time 4999 - 01:23:19) ->    0(time 4999 - 01:23:19)(time 5200 - 01:26:40) ->    1(time 5262 - 01:27:42)(time 5475 - 01:31:15) ->    2(time 5708 - 01:35:08)(time 5894 - 01:38:14) ->    3(time 5956 - 01:39:16)(time 6143 - 01:42:23) ->    4(time 6178 - 01:42:58)(time 6397 - 01:46:37) ->    5(time 6459 - 01:47:39)(time 6643 - 01:50:43) ->    6(time 6814 - 01:53:34)(time 6814 - 01:53:34) -> 13
> Trip 1
   13(time 6814 - 01:53:34)(time 6998 - 01:56:38) ->    12(time 7060 - 01:57:40)(time 7279 - 02:01:19) ->    11(time 7314 - 02:01:54)(time 7501 - 02:05:01) ->    10(time 7563 - 02:06:03)(time 7749 - 02:09:09) ->    9(time 7811 - 02:10:11)(time 8024 - 02:13:44) ->    8(time 8086 - 02:14:46)(time 8287 - 02:18:07) ->    7(time 8458 - 02:20:58)(time 8458 - 02:20:58) ->    0(time 8520 - 02:22:00)(time 8721 - 02:25:21) ->    1(time 8783 - 02:26:23)(time 8996 - 02:29:56) ->    2(time 9155 - 02:32:35)(time 9341 - 02:35:41) ->    3(time 9403 - 02:36:43)(time 9590 - 02:39:50) ->    4(time 9625 - 02:40:25)(time 9844 - 02:44:04) ->    5(time 9918 - 02:45:18)(time 10102 - 02:48:22) ->    6(time 10273 - 02:51:13)(time 10273 - 02:51:13) -> 13
> Trip 2
   13(time 10444 - 02:54:04)(time 10628 - 02:57:08) ->    12(time 10690 - 02:58:10)(time 10909 - 03:01:49) ->    11(time 10944 - 03:02:24)(time 11131 - 03:05:31) ->    10(time 11193 - 03:06:33)(time 11379 - 03:09:39) ->    9(time 11441 - 03:10:41)(time 11654 - 03:14:14) ->    8(time 11716 - 03:15:16)(time 11917 - 03:18:37) ->    7(time 12088 - 03:21:28)(time 12088 - 03:21:28) ->    0(time 12150 - 03:22:30)(time 12351 - 03:25:51) ->    1(time 12413 - 03:26:53)(time 12626 - 03:30:26) ->    2(time 12688 - 03:31:28)(time 12874 - 03:34:34) ->    3(time 13045 - 03:37:25)(time 13232 - 03:40:32) ->    4(time 13267 - 03:41:07)(time 13486 - 03:44:46) ->    5(time 13548 - 03:45:48)(time 13732 - 03:48:52) ->    6(time 13903 - 03:51:43)(time 13903 - 03:51:43) -> 13
> Trip 3
   13(time 14196 - 03:56:36)(time 14380 - 03:59:40) ->    12(time 14442 - 04:00:42)(time 14661 - 04:04:21) ->    11(time 14696 - 04:04:56)(time 14883 - 04:08:03) ->    10(time 14945 - 04:09:05)(time 15131 - 04:12:11) ->    9(time 15193 - 04:13:13)(time 15406 - 04:16:46) ->    8(time 15468 - 04:17:48)(time 15669 - 04:21:09) ->    7(time 15840 - 04:24:00)(time 15840 - 04:24:00) ->    0(time 16011 - 04:26:51)(time 16212 - 04:30:12) ->    1(time 16274 - 04:31:14)(time 16487 - 04:34:47) ->    2(time 16549 - 04:35:49)(time 16735 - 04:38:55) ->    3(time 16797 - 04:39:57)(time 16984 - 04:43:04) ->    4(time 17019 - 04:43:39)(time 17238 - 04:47:18) ->    5(time 17300 - 04:48:20)(time 17484 - 04:51:24) ->    6(time 17655 - 04:54:15)(time 17655 - 04:54:15) -> 13
> Trip 4
   13(time 19740 - 05:29:00)(time 19924 - 05:32:04) ->    12(time 19986 - 05:33:06)(time 20205 - 05:36:45) ->    11(time 20240 - 05:37:20)(time 20427 - 05:40:27) ->    10(time 20536 - 05:42:16)(time 20722 - 05:45:22) ->    9(time 20784 - 05:46:24)(time 20997 - 05:49:57) ->    8(time 21059 - 05:50:59)(time 21260 - 05:54:20) ->    7(time 21481 - 05:58:01)(time 21481 - 05:58:01) ->    0(time 21481 - 05:58:01)(time 21682 - 06:01:22) ->    1(time 21744 - 06:02:24)(time 21957 - 06:05:57) ->    2(time 22019 - 06:06:59)(time 22205 - 06:10:05) ->    3(time 22696 - 06:18:16)(time 22883 - 06:21:23) ->    4(time 22918 - 06:21:58)(time 23137 - 06:25:37) ->    5(time 23199 - 06:26:39)(time 23383 - 06:29:43) ->    6(time 23554 - 06:32:34)(time 23554 - 06:32:34) -> 13
> Trip 5
   13(time 25443 - 07:04:03)(time 25627 - 07:07:07) ->    12(time 25689 - 07:08:09)(time 25908 - 07:11:48) ->    11(time 25943 - 07:12:23)(time 26130 - 07:15:30) ->    10(time 26532 - 07:22:12)(time 26718 - 07:25:18) ->    9(time 26780 - 07:26:20)(time 26993 - 07:29:53) ->    8(time 27102 - 07:31:42)(time 27303 - 07:35:03) ->    7(time 27474 - 07:37:54)(time 27474 - 07:37:54) ->    0(time 27901 - 07:45:01)(time 28102 - 07:48:22) ->    1(time 28164 - 07:49:24)(time 28377 - 07:52:57) ->    2(time 28439 - 07:53:59)(time 28625 - 07:57:05) ->    3(time 28687 - 07:58:07)(time 28874 - 08:01:14) ->    4(time 29010 - 08:03:30)(time 29229 - 08:07:09) ->    5(time 29291 - 08:08:11)(time 29475 - 08:11:15) ->    6(time 29646 - 08:14:06)(time 29646 - 08:14:06) -> 13
=============
Train 1
=============
> Trip 0
   13(time 3013 - 00:50:13)(time 3197 - 00:53:17) ->    12(time 3259 - 00:54:19)(time 3478 - 00:57:58) ->    11(time 3513 - 00:58:33)(time 3700 - 01:01:40) ->    10(time 3762 - 01:02:42)(time 3948 - 01:05:48) ->    9(time 4010 - 01:06:50)(time 4223 - 01:10:23) ->    8(time 4285 - 01:11:25)(time 4486 - 01:14:46) ->    7(time 4657 - 01:17:37)(time 4657 - 01:17:37) ->    0(time 4828 - 01:20:28)(time 5029 - 01:23:49) ->    1(time 5091 - 01:24:51)(time 5304 - 01:28:24) ->    2(time 5366 - 01:29:26)(time 5552 - 01:32:32) ->    3(time 5614 - 01:33:34)(time 5801 - 01:36:41) ->    4(time 5836 - 01:37:16)(time 6055 - 01:40:55) ->    5(time 6117 - 01:41:57)(time 6301 - 01:45:01) ->    6(time 6472 - 01:47:52)(time 6472 - 01:47:52) -> 13
> Trip 1
   13(time 6643 - 01:50:43)(time 6827 - 01:53:47) ->    12(time 6889 - 01:54:49)(time 7108 - 01:58:28) ->    11(time 7143 - 01:59:03)(time 7330 - 02:02:10) ->    10(time 7392 - 02:03:12)(time 7578 - 02:06:18) ->    9(time 7640 - 02:07:20)(time 7853 - 02:10:53) ->    8(time 7915 - 02:11:55)(time 8116 - 02:15:16) ->    7(time 8287 - 02:18:07)(time 8287 - 02:18:07) ->    0(time 8458 - 02:20:58)(time 8659 - 02:24:19) ->    1(time 8721 - 02:25:21)(time 8934 - 02:28:54) ->    2(time 8996 - 02:29:56)(time 9182 - 02:33:02) ->    3(time 9244 - 02:34:04)(time 9431 - 02:37:11) ->    4(time 9466 - 02:37:46)(time 9685 - 02:41:25) ->    5(time 9747 - 02:42:27)(time 9931 - 02:45:31) ->    6(time 10102 - 02:48:22)(time 10102 - 02:48:22) -> 13
> Trip 2
   13(time 10273 - 02:51:13)(time 10457 - 02:54:17) ->    12(time 10519 - 02:55:19)(time 10738 - 02:58:58) ->    11(time 10773 - 02:59:33)(time 10960 - 03:02:40) ->    10(time 11022 - 03:03:42)(time 11208 - 03:06:48) ->    9(time 11270 - 03:07:50)(time 11483 - 03:11:23) ->    8(time 11545 - 03:12:25)(time 11746 - 03:15:46) ->    7(time 11917 - 03:18:37)(time 11917 - 03:18:37) ->    0(time 12088 - 03:21:28)(time 12289 - 03:24:49) ->    1(time 12351 - 03:25:51)(time 12564 - 03:29:24) ->    2(time 12626 - 03:30:26)(time 12812 - 03:33:32) ->    3(time 12874 - 03:34:34)(time 13061 - 03:37:41) ->    4(time 13096 - 03:38:16)(time 13315 - 03:41:55) ->    5(time 13377 - 03:42:57)(time 13561 - 03:46:01) ->    6(time 13732 - 03:48:52)(time 13732 - 03:48:52) -> 13
> Trip 3
   13(time 17888 - 04:58:08)(time 18072 - 05:01:12) ->    12(time 18134 - 05:02:14)(time 18353 - 05:05:53) ->    11(time 18388 - 05:06:28)(time 18575 - 05:09:35) ->    10(time 18637 - 05:10:37)(time 18823 - 05:13:43) ->    9(time 18885 - 05:14:45)(time 19098 - 05:18:18) ->    8(time 19269 - 05:21:09)(time 19470 - 05:24:30) ->    7(time 19641 - 05:27:21)(time 19641 - 05:27:21) ->    0(time 19703 - 05:28:23)(time 19904 - 05:31:44) ->    1(time 20013 - 05:33:33)(time 20226 - 05:37:06) ->    2(time 20288 - 05:38:08)(time 20474 - 05:41:14) ->    3(time 20536 - 05:42:16)(time 20723 - 05:45:23) ->    4(time 20820 - 05:47:00)(time 21039 - 05:50:39) ->    5(time 21101 - 05:51:41)(time 21285 - 05:54:45) ->    6(time 21456 - 05:57:36)(time 21456 - 05:57:36) -> 13
> Trip 4
   13(time 21942 - 06:05:42)(time 22126 - 06:08:46) ->    12(time 22188 - 06:09:48)(time 22407 - 06:13:27) ->    11(time 22442 - 06:14:02)(time 22629 - 06:17:09) ->    10(time 22691 - 06:18:11)(time 22877 - 06:21:17) ->    9(time 22939 - 06:22:19)(time 23152 - 06:25:52) ->    8(time 23643 - 06:34:03)(time 23844 - 06:37:24) ->    7(time 24015 - 06:40:15)(time 24015 - 06:40:15) ->    0(time 24015 - 06:40:15)(time 24216 - 06:43:36) ->    1(time 24278 - 06:44:38)(time 24491 - 06:48:11) ->    2(time 24982 - 06:56:22)(time 25168 - 06:59:28) ->    3(time 25230 - 07:00:30)(time 25417 - 07:03:37) ->    4(time 25908 - 07:11:48)(time 26127 - 07:15:27) ->    5(time 26189 - 07:16:29)(time 26373 - 07:19:33) ->    6(time 26544 - 07:22:24)(time 26544 - 07:22:24) -> 13
> Trip 5
   13(time 26829 - 07:27:09)(time 27013 - 07:30:13) ->    12(time 27075 - 07:31:15)(time 27294 - 07:34:54) ->    11(time 27329 - 07:35:29)(time 27516 - 07:38:36) ->    10(time 27703 - 07:41:43)(time 27889 - 07:44:49) ->    9(time 27951 - 07:45:51)(time 28164 - 07:49:24) ->    8(time 28655 - 07:57:35)(time 28856 - 08:00:56) ->    7(time 29063 - 08:04:23)(time 29063 - 08:04:23) ->    0(time 29063 - 08:04:23)(time 29264 - 08:07:44) ->    1(time 29755 - 08:15:55)(time 29968 - 08:19:28) ->    2(time 30030 - 08:20:30)(time 30216 - 08:23:36) ->    3(time 30278 - 08:24:38)(time 30465 - 08:27:45) ->    4(time 30500 - 08:28:20)(time 30719 - 08:31:59) ->    5(time 30781 - 08:33:01)(time 30965 - 08:36:05) ->    6(time 31456 - 08:44:16)(time 31456 - 08:44:16) -> 13
=============
Train 2
=============
> Trip 0
   13(time 11079 - 03:04:39)(time 11263 - 03:07:43) ->    12(time 11325 - 03:08:45)(time 11544 - 03:12:24) ->    11(time 11579 - 03:12:59)(time 11766 - 03:16:06) ->    10(time 11828 - 03:17:08)(time 12014 - 03:20:14) ->    9(time 12076 - 03:21:16)(time 12289 - 03:24:49) ->    8(time 12351 - 03:25:51)(time 12552 - 03:29:12) ->    7(time 12723 - 03:32:03)(time 12723 - 03:32:03) ->    0(time 12723 - 03:32:03)(time 12924 - 03:35:24) ->    1(time 12986 - 03:36:26)(time 13199 - 03:39:59) ->    2(time 13261 - 03:41:01)(time 13447 - 03:44:07) ->    3(time 13509 - 03:45:09)(time 13696 - 03:48:16) ->    4(time 13731 - 03:48:51)(time 13950 - 03:52:30) ->    5(time 14012 - 03:53:32)(time 14196 - 03:56:36) ->    6(time 14367 - 03:59:27)(time 14367 - 03:59:27) -> 13
> Trip 1
   13(time 14367 - 03:59:27)(time 14551 - 04:02:31) ->    12(time 14784 - 04:06:24)(time 15003 - 04:10:03) ->    11(time 15038 - 04:10:38)(time 15225 - 04:13:45) ->    10(time 15287 - 04:14:47)(time 15473 - 04:17:53) ->    9(time 15535 - 04:18:55)(time 15748 - 04:22:28) ->    8(time 15810 - 04:23:30)(time 16011 - 04:26:51) ->    7(time 16353 - 04:32:33)(time 16353 - 04:32:33) ->    0(time 16353 - 04:32:33)(time 16554 - 04:35:54) ->    1(time 16616 - 04:36:56)(time 16829 - 04:40:29) ->    2(time 16891 - 04:41:31)(time 17077 - 04:44:37) ->    3(time 17139 - 04:45:39)(time 17326 - 04:48:46) ->    4(time 17361 - 04:49:21)(time 17580 - 04:53:00) ->    5(time 17642 - 04:54:02)(time 17826 - 04:57:06) ->    6(time 17997 - 04:59:57)(time 17997 - 04:59:57) -> 13
> Trip 2
   13(time 18168 - 05:02:48)(time 18352 - 05:05:52) ->    12(time 18414 - 05:06:54)(time 18633 - 05:10:33) ->    11(time 18668 - 05:11:08)(time 18855 - 05:14:15) ->    10(time 18917 - 05:15:17)(time 19103 - 05:18:23) ->    9(time 19165 - 05:19:25)(time 19378 - 05:22:58) ->    8(time 19440 - 05:24:00)(time 19641 - 05:27:21) ->    7(time 19812 - 05:30:12)(time 19812 - 05:30:12) ->    0(time 19812 - 05:30:12)(time 20013 - 05:33:33) ->    1(time 20075 - 05:34:35)(time 20288 - 05:38:08) ->    2(time 20350 - 05:39:10)(time 20536 - 05:42:16) ->    3(time 20660 - 05:44:20)(time 20847 - 05:47:27) ->    4(time 20882 - 05:48:02)(time 21101 - 05:51:41) ->    5(time 21272 - 05:54:32)(time 21456 - 05:57:36) ->    6(time 21627 - 06:00:27)(time 21627 - 06:00:27) -> 13
> Trip 3
   13(time 21627 - 06:00:27)(time 21811 - 06:03:31) ->    12(time 22044 - 06:07:24)(time 22263 - 06:11:03) ->    11(time 22298 - 06:11:38)(time 22485 - 06:14:45) ->    10(time 22547 - 06:15:47)(time 22733 - 06:18:53) ->    9(time 22795 - 06:19:55)(time 23008 - 06:23:28) ->    8(time 23070 - 06:24:30)(time 23271 - 06:27:51) ->    7(time 23442 - 06:30:42)(time 23442 - 06:30:42) ->    0(time 23442 - 06:30:42)(time 23643 - 06:34:03) ->    1(time 23705 - 06:35:05)(time 23918 - 06:38:38) ->    2(time 23980 - 06:39:40)(time 24166 - 06:42:46) ->    3(time 24228 - 06:43:48)(time 24415 - 06:46:55) ->    4(time 24512 - 06:48:32)(time 24731 - 06:52:11) ->    5(time 24902 - 06:55:02)(time 25086 - 06:58:06) ->    6(time 25257 - 07:00:57)(time 25257 - 07:00:57) -> 13
> Trip 4
   13(time 25257 - 07:00:57)(time 25441 - 07:04:01) ->    12(time 25503 - 07:05:03)(time 25722 - 07:08:42) ->    11(time 25757 - 07:09:17)(time 25944 - 07:12:24) ->    10(time 26006 - 07:13:26)(time 26192 - 07:16:32) ->    9(time 26254 - 07:17:34)(time 26467 - 07:21:07) ->    8(time 26529 - 07:22:09)(time 26730 - 07:25:30) ->    7(time 26901 - 07:28:21)(time 26901 - 07:28:21) ->    0(time 26901 - 07:28:21)(time 27102 - 07:31:42) ->    1(time 27164 - 07:32:44)(time 27377 - 07:36:17) ->    2(time 27439 - 07:37:19)(time 27625 - 07:40:25) ->    3(time 27687 - 07:41:27)(time 27874 - 07:44:34) ->    4(time 27909 - 07:45:09)(time 28128 - 07:48:48) ->    5(time 28190 - 07:49:50)(time 28374 - 07:52:54) ->    6(time 28545 - 07:55:45)(time 28545 - 07:55:45) -> 13
> Trip 5
   13(time 28545 - 07:55:45)(time 28729 - 07:58:49) ->    12(time 28791 - 07:59:51)(time 29010 - 08:03:30) ->    11(time 29045 - 08:04:05)(time 29232 - 08:07:12) ->    10(time 29294 - 08:08:14)(time 29480 - 08:11:20) ->    9(time 29542 - 08:12:22)(time 29755 - 08:15:55) ->    8(time 29817 - 08:16:57)(time 30018 - 08:20:18) ->    7(time 30189 - 08:23:09)(time 30189 - 08:23:09) ->    0(time 30189 - 08:23:09)(time 30390 - 08:26:30) ->    1(time 30452 - 08:27:32)(time 30665 - 08:31:05) ->    2(time 30727 - 08:32:07)(time 30913 - 08:35:13) ->    3(time 30975 - 08:36:15)(time 31162 - 08:39:22) ->    4(time 31197 - 08:39:57)(time 31416 - 08:43:36) ->    5(time 31478 - 08:44:38)(time 31662 - 08:47:42) ->    6(time 31833 - 08:50:33)(time 31833 - 08:50:33) -> 13
=============
Train 3
=============
> Trip 0
   13(time 3417 - 00:56:57)(time 3601 - 01:00:01) ->    12(time 4092 - 01:08:12)(time 4311 - 01:11:51) ->    11(time 4346 - 01:12:26)(time 4533 - 01:15:33) ->    10(time 4595 - 01:16:35)(time 4781 - 01:19:41) ->    9(time 4878 - 01:21:18)(time 5091 - 01:24:51) ->    8(time 5582 - 01:33:02)(time 5783 - 01:36:23) ->    7(time 5954 - 01:39:14)(time 5954 - 01:39:14) ->    0(time 5954 - 01:39:14)(time 6155 - 01:42:35) ->    1(time 6217 - 01:43:37)(time 6430 - 01:47:10) ->    2(time 6708 - 01:51:48)(time 6894 - 01:54:54) ->    3(time 6956 - 01:55:56)(time 7143 - 01:59:03) ->    4(time 7341 - 02:02:21)(time 7560 - 02:06:00) ->    5(time 7622 - 02:07:02)(time 7806 - 02:10:06) ->    6(time 7977 - 02:12:57)(time 7977 - 02:12:57) -> 13
> Trip 1
   13(time 8557 - 02:22:37)(time 8741 - 02:25:41) ->    12(time 8803 - 02:26:43)(time 9022 - 02:30:22) ->    11(time 9057 - 02:30:57)(time 9244 - 02:34:04) ->    10(time 9403 - 02:36:43)(time 9589 - 02:39:49) ->    9(time 9651 - 02:40:51)(time 9864 - 02:44:24) ->    8(time 9926 - 02:45:26)(time 10127 - 02:48:47) ->    7(time 10298 - 02:51:38)(time 10298 - 02:51:38) ->    0(time 10298 - 02:51:38)(time 10499 - 02:54:59) ->    1(time 10561 - 02:56:01)(time 10774 - 02:59:34) ->    2(time 10836 - 03:00:36)(time 11022 - 03:03:42) ->    3(time 11322 - 03:08:42)(time 11509 - 03:11:49) ->    4(time 11544 - 03:12:24)(time 11763 - 03:16:03) ->    5(time 11825 - 03:17:05)(time 12009 - 03:20:09) ->    6(time 12180 - 03:23:00)(time 12180 - 03:23:00) -> 13
> Trip 2
   13(time 15064 - 04:11:04)(time 15248 - 04:14:08) ->    12(time 15310 - 04:15:10)(time 15529 - 04:18:49) ->    11(time 15564 - 04:19:24)(time 15751 - 04:22:31) ->    10(time 15813 - 04:23:33)(time 15999 - 04:26:39) ->    9(time 16061 - 04:27:41)(time 16274 - 04:31:14) ->    8(time 16765 - 04:39:25)(time 16966 - 04:42:46) ->    7(time 17137 - 04:45:37)(time 17137 - 04:45:37) ->    0(time 17137 - 04:45:37)(time 17338 - 04:48:58) ->    1(time 17474 - 04:51:14)(time 17687 - 04:54:47) ->    2(time 18178 - 05:02:58)(time 18364 - 05:06:04) ->    3(time 18855 - 05:14:15)(time 19042 - 05:17:22) ->    4(time 19077 - 05:17:57)(time 19296 - 05:21:36) ->    5(time 19358 - 05:22:38)(time 19542 - 05:25:42) ->    6(time 19713 - 05:28:33)(time 19713 - 05:28:33) -> 13
> Trip 3
   13(time 21565 - 05:59:25)(time 21749 - 06:02:29) ->    12(time 21811 - 06:03:31)(time 22030 - 06:07:10) ->    11(time 22065 - 06:07:45)(time 22252 - 06:10:52) ->    10(time 22314 - 06:11:54)(time 22500 - 06:15:00) ->    9(time 22624 - 06:17:04)(time 22837 - 06:20:37) ->    8(time 22899 - 06:21:39)(time 23100 - 06:25:00) ->    7(time 23271 - 06:27:51)(time 23271 - 06:27:51) ->    0(time 23333 - 06:28:53)(time 23534 - 06:32:14) ->    1(time 23596 - 06:33:16)(time 23809 - 06:36:49) ->    2(time 23871 - 06:37:51)(time 24057 - 06:40:57) ->    3(time 24119 - 06:41:59)(time 24306 - 06:45:06) ->    4(time 24341 - 06:45:41)(time 24560 - 06:49:20) ->    5(time 24731 - 06:52:11)(time 24915 - 06:55:15) ->    6(time 25086 - 06:58:06)(time 25086 - 06:58:06) -> 13
> Trip 4
   13(time 25086 - 06:58:06)(time 25270 - 07:01:10) ->    12(time 25332 - 07:02:12)(time 25551 - 07:05:51) ->    11(time 25586 - 07:06:26)(time 25773 - 07:09:33) ->    10(time 25835 - 07:10:35)(time 26021 - 07:13:41) ->    9(time 26083 - 07:14:43)(time 26296 - 07:18:16) ->    8(time 26358 - 07:19:18)(time 26559 - 07:22:39) ->    7(time 26730 - 07:25:30)(time 26730 - 07:25:30) ->    0(time 26730 - 07:25:30)(time 26931 - 07:28:51) ->    1(time 26993 - 07:29:53)(time 27206 - 07:33:26) ->    2(time 27268 - 07:34:28)(time 27454 - 07:37:34) ->    3(time 27516 - 07:38:36)(time 27703 - 07:41:43) ->    4(time 27738 - 07:42:18)(time 27957 - 07:45:57) ->    5(time 28019 - 07:46:59)(time 28203 - 07:50:03) ->    6(time 28374 - 07:52:54)(time 28374 - 07:52:54) -> 13
> Trip 5
   13(time 28374 - 07:52:54)(time 28558 - 07:55:58) ->    12(time 28620 - 07:57:00)(time 28839 - 08:00:39) ->    11(time 28874 - 08:01:14)(time 29061 - 08:04:21) ->    10(time 29123 - 08:05:23)(time 29309 - 08:08:29) ->    9(time 29371 - 08:09:31)(time 29584 - 08:13:04) ->    8(time 29646 - 08:14:06)(time 29847 - 08:17:27) ->    7(time 30018 - 08:20:18)(time 30018 - 08:20:18) ->    0(time 30018 - 08:20:18)(time 30219 - 08:23:39) ->    1(time 30281 - 08:24:41)(time 30494 - 08:28:14) ->    2(time 30556 - 08:29:16)(time 30742 - 08:32:22) ->    3(time 30804 - 08:33:24)(time 30991 - 08:36:31) ->    4(time 31026 - 08:37:06)(time 31245 - 08:40:45) ->    5(time 31307 - 08:41:47)(time 31491 - 08:44:51) ->    6(time 31662 - 08:47:42)(time 31662 - 08:47:42) -> 13
=============
Train 4
=============
> Trip 0
   13(time 3184 - 00:53:04)(time 3368 - 00:56:08) ->    12(time 3430 - 00:57:10)(time 3649 - 01:00:49) ->    11(time 3684 - 01:01:24)(time 3871 - 01:04:31) ->    10(time 3933 - 01:05:33)(time 4119 - 01:08:39) ->    9(time 4181 - 01:09:41)(time 4394 - 01:13:14) ->    8(time 4456 - 01:14:16)(time 4657 - 01:17:37) ->    7(time 4828 - 01:20:28)(time 4828 - 01:20:28) ->    0(time 4890 - 01:21:30)(time 5091 - 01:24:51) ->    1(time 5200 - 01:26:40)(time 5413 - 01:30:13) ->    2(time 5475 - 01:31:15)(time 5661 - 01:34:21) ->    3(time 5723 - 01:35:23)(time 5910 - 01:38:30) ->    4(time 5945 - 01:39:05)(time 6164 - 01:42:44) ->    5(time 6288 - 01:44:48)(time 6472 - 01:47:52) ->    6(time 6643 - 01:50:43)(time 6643 - 01:50:43) -> 13
> Trip 1
   13(time 6876 - 01:54:36)(time 7060 - 01:57:40) ->    12(time 7122 - 01:58:42)(time 7341 - 02:02:21) ->    11(time 7376 - 02:02:56)(time 7563 - 02:06:03) ->    10(time 7625 - 02:07:05)(time 7811 - 02:10:11) ->    9(time 7982 - 02:13:02)(time 8195 - 02:16:35) ->    8(time 8257 - 02:17:37)(time 8458 - 02:20:58) ->    7(time 8679 - 02:24:39)(time 8679 - 02:24:39) ->    0(time 8679 - 02:24:39)(time 8880 - 02:28:00) ->    1(time 8942 - 02:29:02)(time 9155 - 02:32:35) ->    2(time 9217 - 02:33:37)(time 9403 - 02:36:43) ->    3(time 9465 - 02:37:45)(time 9652 - 02:40:52) ->    4(time 9699 - 02:41:39)(time 9918 - 02:45:18) ->    5(time 10089 - 02:48:09)(time 10273 - 02:51:13) ->    6(time 10444 - 02:54:04)(time 10444 - 02:54:04) -> 13
> Trip 2
   13(time 10615 - 02:56:55)(time 10799 - 02:59:59) ->    12(time 10861 - 03:01:01)(time 11080 - 03:04:40) ->    11(time 11115 - 03:05:15)(time 11302 - 03:08:22) ->    10(time 11364 - 03:09:24)(time 11550 - 03:12:30) ->    9(time 11612 - 03:13:32)(time 11825 - 03:17:05) ->    8(time 11887 - 03:18:07)(time 12088 - 03:21:28) ->    7(time 12552 - 03:29:12)(time 12552 - 03:29:12) ->    0(time 12552 - 03:29:12)(time 12753 - 03:32:33) ->    1(time 12815 - 03:33:35)(time 13028 - 03:37:08) ->    2(time 13090 - 03:38:10)(time 13276 - 03:41:16) ->    3(time 13338 - 03:42:18)(time 13525 - 03:45:25) ->    4(time 13560 - 03:46:00)(time 13779 - 03:49:39) ->    5(time 13841 - 03:50:41)(time 14025 - 03:53:45) ->    6(time 14196 - 03:56:36)(time 14196 - 03:56:36) -> 13
> Trip 3
   13(time 14305 - 03:58:25)(time 14489 - 04:01:29) ->    12(time 14551 - 04:02:31)(time 14770 - 04:06:10) ->    11(time 14805 - 04:06:45)(time 14992 - 04:09:52) ->    10(time 15054 - 04:10:54)(time 15240 - 04:14:00) ->    9(time 15364 - 04:16:04)(time 15577 - 04:19:37) ->    8(time 15639 - 04:20:39)(time 15840 - 04:24:00) ->    7(time 16011 - 04:26:51)(time 16011 - 04:26:51) ->    0(time 16182 - 04:29:42)(time 16383 - 04:33:03) ->    1(time 16445 - 04:34:05)(time 16658 - 04:37:38) ->    2(time 16720 - 04:38:40)(time 16906 - 04:41:46) ->    3(time 16968 - 04:42:48)(time 17155 - 04:45:55) ->    4(time 17190 - 04:46:30)(time 17409 - 04:50:09) ->    5(time 17471 - 04:51:11)(time 17655 - 04:54:15) ->    6(time 17826 - 04:57:06)(time 17826 - 04:57:06) -> 13
> Trip 4
   13(time 17826 - 04:57:06)(time 18010 - 05:00:10) ->    12(time 18072 - 05:01:12)(time 18291 - 05:04:51) ->    11(time 18326 - 05:05:26)(time 18513 - 05:08:33) ->    10(time 18575 - 05:09:35)(time 18761 - 05:12:41) ->    9(time 18823 - 05:13:43)(time 19036 - 05:17:16) ->    8(time 19098 - 05:18:18)(time 19299 - 05:21:39) ->    7(time 19470 - 05:24:30)(time 19470 - 05:24:30) ->    0(time 19641 - 05:27:21)(time 19842 - 05:30:42) ->    1(time 19904 - 05:31:44)(time 20117 - 05:35:17) ->    2(time 20179 - 05:36:19)(time 20365 - 05:39:25) ->    3(time 20427 - 05:40:27)(time 20614 - 05:43:34) ->    4(time 20649 - 05:44:09)(time 20868 - 05:47:48) ->    5(time 20930 - 05:48:50)(time 21114 - 05:51:54) ->    6(time 21285 - 05:54:45)(time 21285 - 05:54:45) -> 13
> Trip 5
   13(time 21456 - 05:57:36)(time 21640 - 06:00:40) ->    12(time 21702 - 06:01:42)(time 21921 - 06:05:21) ->    11(time 21956 - 06:05:56)(time 22143 - 06:09:03) ->    10(time 22205 - 06:10:05)(time 22391 - 06:13:11) ->    9(time 22453 - 06:14:13)(time 22666 - 06:17:46) ->    8(time 22728 - 06:18:48)(time 22929 - 06:22:09) ->    7(time 23100 - 06:25:00)(time 23100 - 06:25:00) ->    0(time 23271 - 06:27:51)(time 23472 - 06:31:12) ->    1(time 23534 - 06:32:14)(time 23747 - 06:35:47) ->    2(time 23809 - 06:36:49)(time 23995 - 06:39:55) ->    3(time 24057 - 06:40:57)(time 24244 - 06:44:04) ->    4(time 24279 - 06:44:39)(time 24498 - 06:48:18) ->    5(time 24560 - 06:49:20)(time 24744 - 06:52:24) ->    6(time 24915 - 06:55:15)(time 24915 - 06:55:15) -> 13
