t6p12r10h2.txt:
   > Trying to open the instance file...
   > Reading number of trains...
   > Reading maximum number of trips per train...
   > Reading time intervals...
   > Reading number of points...
   > Reading stations...
   > Reading crossings...
   > Reading depots...
   > Reading initial point...
   > Reading routes...
   > Reading distance and distance and service...
   > Reading demands...
   > Reading maximum time...
   > Reading alpha...

--------------------------------
 Printing instance
--------------------------------
number of trains = 6
	max trips per trains: 2     2     2     2     2     2
number of intervals = 2
	(0,  24688)	(24689,  49377)
number of points = 12
	initial point: 11
	stations: 0     1     3     4     6     7     8     9    10    11
	crossings: 0     1     2     3     5     6     7    11
	depots: 0     1     3    11
number of vertices = 24
	total vertices: 0     1     2     3     4     5     6     7     8     9    10    11    12    13    14    15    16    17    18    19    20    21    22    23
	upper vertices: 0     1     2     3     4     5     6     7     8     9    10    11
	lower vertices: 12    13    14    15    16    17    18    19    20    21    22    23
	vertices of point #0: (0, 12)
	vertices of point #1: (1, 13)
	vertices of point #2: (2, 14)
	vertices of point #3: (3, 15)
	vertices of point #4: (4, 16)
	vertices of point #5: (5, 17)
	vertices of point #6: (6, 18)
	vertices of point #7: (7, 19)
	vertices of point #8: (8, 20)
	vertices of point #9: (9, 21)
	vertices of point #10: (10, 22)
	vertices of point #11: (11, 23)

arcs...
	total arcs: 
		arc #0: (0, 1)
		arc #1: (0, 12)
		arc #2: (12, 0)
		arc #3: (1, 2)
		arc #4: (13, 12)
		arc #5: (1, 13)
		arc #6: (13, 1)
		arc #7: (2, 3)
		arc #8: (14, 13)
		arc #9: (3, 4)
		arc #10: (15, 14)
		arc #11: (3, 15)
		arc #12: (15, 3)
		arc #13: (4, 5)
		arc #14: (16, 15)
		arc #15: (5, 6)
		arc #16: (17, 16)
		arc #17: (6, 7)
		arc #18: (18, 17)
		arc #19: (7, 8)
		arc #20: (19, 18)
		arc #21: (8, 9)
		arc #22: (20, 19)
		arc #23: (9, 10)
		arc #24: (21, 20)
		arc #25: (10, 11)
		arc #26: (22, 21)
		arc #27: (23, 22)
		arc #28: (11, 23)
		arc #29: (23, 11)

	reverse arcs: 
		arc #1: (0, 12)
		arc #2: (12, 0)
		arc #5: (1, 13)
		arc #6: (13, 1)
		arc #11: (3, 15)
		arc #12: (15, 3)
		arc #28: (11, 23)
		arc #29: (23, 11)


incompatible points...
	(0, 0, 13, (0, 1))	(13, 13, 0, (13, 12))	(1, 1, 14, (1, 2))	(14, 14, 1, (14, 13))	(2, 2, 15, (2, 3))	(15, 15, 2, (15, 14))	(3, 4, 17, (4, 5))	(17, 16, 3, (16, 15))	(5, 5, 18, (5, 6))	(18, 18, 5, (18, 17))	(6, 6, 19, (6, 7))	(19, 19, 6, (19, 18))	(7, 10, 23, (10, 11))	(23, 20, 7, (20, 19))

number of routes = 10
vertices of routes...
	route #0: 0     1     2     3     4     5     6     7     8     9    10    11    23    22    21    20    19    18    17    16    15    14    13    12     0
	route #1: 23    22    21    20    19    18    17    16    15    14    13    12     0     1     2     3     4     5     6     7     8     9    10    11    23
	route #2: 1     2     3     4     5     6     7     8     9    10    11
	route #3: 13    12
	route #4: 0     1
	route #5: 23    22    21    20    19    18    17    16    15    14    13
	route #6: 3     4     5     6     7     8     9    10    11
	route #7: 15    14    13    12
	route #8: 0     1     2     3
	route #9: 23    22    21    20    19    18    17    16    15
arcs of routes...
	route #0: 0     3     7     9    13    15    17    19    21    23    25    28    27    26    24    22    20    18    16    14    10     8     4     2
	route #1: 27    26    24    22    20    18    16    14    10     8     4     2     0     3     7     9    13    15    17    19    21    23    25    28
	route #2: 3     7     9    13    15    17    19    21    23    25
	route #3: 4
	route #4: 0
	route #5: 27    26    24    22    20    18    16    14    10     8
	route #6: 9    13    15    17    19    21    23    25
	route #7: 10     8     4
	route #8: 0     3     7
	route #9: 27    26    24    22    20    18    16    14

incompatible routes...
	(0, 1)    	(0, 2)    	(0, 3)    	(0, 5)    	(0, 6)    	(0, 7)    	(0, 9)    	(1, 0)    	(1, 2)    	(1, 3)    	(1, 4)    	(1, 6)    	(1, 7)    	(1, 8)    	(2, 0)    	(2, 2)    	(2, 3)    	(2, 4)    	(2, 6)    	(2, 7)    	(2, 8)    	(3, 1)    	(3, 2)    	(3, 3)    	(3, 5)    	(3, 6)    	(3, 7)    	(3, 9)    	(4, 0)    	(4, 1)    	(4, 4)    	(4, 5)    	(4, 6)    	(4, 7)    	(4, 8)    	(4, 9)    	(5, 0)    	(5, 1)    	(5, 4)    	(5, 5)    	(5, 6)    	(5, 7)    	(5, 8)    	(5, 9)    	(6, 0)    	(6, 2)    	(6, 3)    	(6, 4)    	(6, 6)    	(6, 7)    	(6, 8)    	(7, 1)    	(7, 2)    	(7, 3)    	(7, 5)    	(7, 6)    	(7, 7)    	(7, 9)    	(8, 0)    	(8, 1)    	(8, 2)    	(8, 3)    	(8, 4)    	(8, 5)    	(8, 8)    	(8, 9)    	(9, 0)    	(9, 1)    	(9, 2)    	(9, 3)    	(9, 4)    	(9, 5)    	(9, 8)    	(9, 9)

vertices that can be adjacent in consecutive trips...
	(0, 0)    	(1, 1)    	(1, 13)    	(3, 3)    	(3, 15)    	(11, 23)    	(12, 0)    	(13, 1)    	(13, 13)    	(15, 3)    	(15, 15)    	(23, 23)
non cyclical routes: 
       2       3       4       5       6       7       8       9

routes of trip...
	routes that train #0 can complete at trip #0: 1       5       9
	routes that train #0 can complete at trip #1: 0       1       2       3       4       5       6       7       8       9

	routes that train #1 can complete at trip #0: 1       5       9
	routes that train #1 can complete at trip #1: 0       1       2       3       4       5       6       7       8       9

	routes that train #2 can complete at trip #0: 1       5       9
	routes that train #2 can complete at trip #1: 0       1       2       3       4       5       6       7       8       9

	routes that train #3 can complete at trip #0: 1       5       9
	routes that train #3 can complete at trip #1: 0       1       2       3       4       5       6       7       8       9

	routes that train #4 can complete at trip #0: 1       5       9
	routes that train #4 can complete at trip #1: 0       1       2       3       4       5       6       7       8       9

	routes that train #5 can complete at trip #0: 1       5       9
	routes that train #5 can complete at trip #1: 0       1       2       3       4       5       6       7       8       9

 cost...
	arc #0 [0][1]: 629
	arc #1 [0][12]: 0
	arc #2 [12][0]: 0
	arc #3 [1][2]: 576
	arc #4 [13][12]: 629
	arc #5 [1][13]: 0
	arc #6 [13][1]: 0
	arc #7 [2][3]: 567
	arc #8 [14][13]: 576
	arc #9 [3][4]: 583
	arc #10 [15][14]: 567
	arc #11 [3][15]: 0
	arc #12 [15][3]: 0
	arc #13 [4][5]: 565
	arc #14 [16][15]: 583
	arc #15 [5][6]: 605
	arc #16 [17][16]: 565
	arc #17 [6][7]: 624
	arc #18 [18][17]: 605
	arc #19 [7][8]: 636
	arc #20 [19][18]: 624
	arc #21 [8][9]: 628
	arc #22 [20][19]: 636
	arc #23 [9][10]: 566
	arc #24 [21][20]: 628
	arc #25 [10][11]: 599
	arc #26 [22][21]: 566
	arc #27 [23][22]: 599
	arc #28 [11][23]: 0
	arc #29 [23][11]: 0

cost with minimum service...
	arc #0 [0][1]: 929
	arc #1 [0][12]: 0
	arc #2 [12][0]: 0
	arc #3 [1][2]: 639
	arc #4 [13][12]: 929
	arc #5 [1][13]: 0
	arc #6 [13][1]: 0
	arc #7 [2][3]: 867
	arc #8 [14][13]: 876
	arc #9 [3][4]: 664
	arc #10 [15][14]: 630
	arc #11 [3][15]: 0
	arc #12 [15][3]: 0
	arc #13 [4][5]: 628
	arc #14 [16][15]: 883
	arc #15 [5][6]: 686
	arc #16 [17][16]: 646
	arc #17 [6][7]: 705
	arc #18 [18][17]: 668
	arc #19 [7][8]: 717
	arc #20 [19][18]: 705
	arc #21 [8][9]: 709
	arc #22 [20][19]: 717
	arc #23 [9][10]: 647
	arc #24 [21][20]: 709
	arc #25 [10][11]: 899
	arc #26 [22][21]: 647
	arc #27 [23][22]: 680
	arc #28 [11][23]: 0
	arc #29 [23][11]: 0

cost with maximum service...
	arc #0 [0][1]: 1191
	arc #1 [0][12]: 562
	arc #2 [12][0]: 562
	arc #3 [1][2]: 1138
	arc #4 [13][12]: 1191
	arc #5 [1][13]: 562
	arc #6 [13][1]: 562
	arc #7 [2][3]: 1129
	arc #8 [14][13]: 1138
	arc #9 [3][4]: 1145
	arc #10 [15][14]: 1129
	arc #11 [3][15]: 562
	arc #12 [15][3]: 562
	arc #13 [4][5]: 1127
	arc #14 [16][15]: 1145
	arc #15 [5][6]: 1167
	arc #16 [17][16]: 1127
	arc #17 [6][7]: 1186
	arc #18 [18][17]: 1167
	arc #19 [7][8]: 1198
	arc #20 [19][18]: 1186
	arc #21 [8][9]: 1190
	arc #22 [20][19]: 1198
	arc #23 [9][10]: 1128
	arc #24 [21][20]: 1190
	arc #25 [10][11]: 1161
	arc #26 [22][21]: 1128
	arc #27 [23][22]: 1161
	arc #28 [11][23]: 562
	arc #29 [23][11]: 562

demands...
	demands of vertex 0 at time interval: 4     4
	demands of vertex 1 at time interval: 4     4
	demands of vertex 2 at time interval: 0     0
	demands of vertex 3 at time interval: 4     4
	demands of vertex 4 at time interval: 4     4
	demands of vertex 5 at time interval: 0     0
	demands of vertex 6 at time interval: 4     4
	demands of vertex 7 at time interval: 4     4
	demands of vertex 8 at time interval: 4     4
	demands of vertex 9 at time interval: 4     4
	demands of vertex 10 at time interval: 4     4
	demands of vertex 11 at time interval: 0     0
	demands of vertex 12 at time interval: 0     0
	demands of vertex 13 at time interval: 4     4
	demands of vertex 14 at time interval: 0     0
	demands of vertex 15 at time interval: 4     4
	demands of vertex 16 at time interval: 4     4
	demands of vertex 17 at time interval: 0     0
	demands of vertex 18 at time interval: 4     4
	demands of vertex 19 at time interval: 4     4
	demands of vertex 20 at time interval: 4     4
	demands of vertex 21 at time interval: 4     4
	demands of vertex 22 at time interval: 4     4
	demands of vertex 23 at time interval: 4     4

maximum time = 49377
alpha = 55

>> Solving...
Version identifier: 20.1.0.0 | 2020-11-10 | 9bedb6d68
CPXPARAM_Threads                                 1
CPXPARAM_TimeLimit                               43200
Tried aggregator 3 times.
MIP Presolve eliminated 63823 rows and 11034 columns.
MIP Presolve modified 49459 coefficients.
Aggregator did 204 substitutions.
Reduced MIP has 159726 rows, 59617 columns, and 391698 nonzeros.
Reduced MIP has 59142 binaries, 0 generals, 0 SOSs, and 0 indicators.
Presolve time = 10.58 sec. (3053.10 ticks)
Probing fixed 6 vars, tightened 59 bounds.
Probing time = 6.57 sec. (615.47 ticks)
Tried aggregator 1 time.
Detecting symmetries...
Elapsed time for symmetry detection = 7.80 sec. (10001.36 ticks)
Found 3.342173e+30991 symmetric permutations.
MIP Presolve eliminated 89 rows and 89 columns.
MIP Presolve modified 3803 coefficients.
Reduced MIP has 159637 rows, 59528 columns, and 391360 nonzeros.
Reduced MIP has 59053 binaries, 0 generals, 0 SOSs, and 0 indicators.
Presolve time = 15.27 sec. (14786.52 ticks)
Probing fixed 0 vars, tightened 39 bounds.
Probing time = 5.93 sec. (399.38 ticks)
Clique table members: 261531.
MIP emphasis: balance optimality and feasibility.
MIP search method: dynamic search.
Parallel mode: none, using 1 thread.
Root relaxation solution time = 127.56 sec. (35967.45 ticks)

        Nodes                                         Cuts/
   Node  Left     Objective  IInf  Best Integer    Best Bound    ItCnt     Gap

      0     0        0.0000 29774                      0.0000    46526         
      0     0        0.0000 29895                  Cuts: 6400    51463         
      0     0       15.9719 30601                  Cuts: 6252    55870         
      0     0       19.7069 30889                  Cuts: 5455    60791         
      0     0       21.4829 31062                  Cuts: 5867    64687         
      0     0       32.4867 30941                  Cuts: 4055    69216         

Repeating presolve.
Tried aggregator 1 time.
MIP Presolve eliminated 106484 rows and 42611 columns.
MIP Presolve modified 3564 coefficients.
Reduced MIP has 53153 rows, 16917 columns, and 135752 nonzeros.
Reduced MIP has 16442 binaries, 0 generals, 0 SOSs, and 0 indicators.
Presolve time = 0.92 sec. (857.62 ticks)
Probing fixed 0 vars, tightened 20 bounds.
Probing time = 0.24 sec. (142.52 ticks)
Tried aggregator 1 time.
Detecting symmetries...
MIP Presolve eliminated 24 rows and 24 columns.
MIP Presolve modified 1386 coefficients.
Reduced MIP has 53129 rows, 16893 columns, and 135658 nonzeros.
Reduced MIP has 16418 binaries, 0 generals, 0 SOSs, and 0 indicators.
Presolve time = 0.73 sec. (1355.11 ticks)
Represolve time = 2.12 sec. (2415.34 ticks)
Probing fixed 0 vars, tightened 8 bounds.
Probing time = 0.21 sec. (79.91 ticks)
Clique table members: 84612.
MIP emphasis: balance optimality and feasibility.
MIP search method: dynamic search.
Parallel mode: none, using 1 thread.
Root relaxation solution time = 7.11 sec. (4693.50 ticks)

        Nodes                                         Cuts/
   Node  Left     Objective  IInf  Best Integer    Best Bound    ItCnt     Gap

      0     0       32.4867  9153                     32.4867    91320         
      0     0       40.8265  9302                  Cuts: 5008   102272         
      0     0       53.3589  8966                  Cuts: 4071   110315         
      0     0       66.6844  8870                  Cuts: 3154   114888         
      0     0       89.2747  8822                  Cuts: 2811   119648         
      0     0       97.8792  8850                  Cuts: 3029   125136         

Repeating presolve.
Tried aggregator 1 time.
MIP Presolve eliminated 19416 rows and 7770 columns.
MIP Presolve modified 714 coefficients.
Reduced MIP has 33713 rows, 9123 columns, and 89054 nonzeros.
Reduced MIP has 8648 binaries, 0 generals, 0 SOSs, and 0 indicators.
Presolve time = 0.31 sec. (293.06 ticks)
Probing fixed 0 vars, tightened 2 bounds.
Probing time = 0.07 sec. (55.76 ticks)
Tried aggregator 1 time.
Detecting symmetries...
MIP Presolve eliminated 8 rows and 8 columns.
MIP Presolve modified 126 coefficients.
Reduced MIP has 33705 rows, 9115 columns, and 89028 nonzeros.
Reduced MIP has 8640 binaries, 0 generals, 0 SOSs, and 0 indicators.
Presolve time = 0.38 sec. (433.98 ticks)
Represolve time = 0.95 sec. (881.36 ticks)
Probing time = 0.02 sec. (9.44 ticks)
Clique table members: 54777.
MIP emphasis: balance optimality and feasibility.
MIP search method: dynamic search.
Parallel mode: none, using 1 thread.
Root relaxation solution time = 3.48 sec. (2523.82 ticks)

        Nodes                                         Cuts/
   Node  Left     Objective  IInf  Best Integer    Best Bound    ItCnt     Gap

      0     0       97.8792  4804                     97.8792   141211         
      0     0       98.9367  4826                  Cuts: 2492   143207         
      0     0      106.8653  4871                   Cuts: 950   144901         
      0     0      107.5803  4919                   Cuts: 862   145897         
      0     0      132.8547  4771                   Cuts: 606   148866         
      0     0      232.4646  4730                  Cuts: 1144   153665         
      0     0      232.7651  4780                  Cuts: 1036   154589         
      0     0      241.9366  4798                   Cuts: 511   156228         
      0     0      263.7019  4725                   Cuts: 447   158007         
      0     0      285.2769  4761                   Cuts: 794   159618         
      0     0      288.5312  4762                   Cuts: 355   160259         
      0     0      290.3677  4781                   Cuts: 376   161018         
      0     0      290.9736  4790                   Cuts: 403   161380         
      0     0      298.8053  4788                   Cuts: 296   162330         
      0     0      299.0044  4797                   Cuts: 395   162732         
      0     0      299.0044  4795                   Cuts: 333   163161         
      0     0      299.0044  4600                   Cuts: 105   163276         
      0     0      299.0044  4697                   Cuts: 901   163931         
      0     2      698.5534  4540                    699.9948   167764         
Elapsed time = 446.13 sec. (304105.03 ticks, tree = 0.01 MB, solutions = 0)
      1     3    17334.3112  3124                    699.9948   177538         
      2     4    16180.0000  4541                  16180.0000   210347         
      3     5    32360.0000  1861                  16180.0000   215518         
      4     6    32360.0000  3390                  16180.0000   219206         
      6     8    32779.0000  1592                  16180.0000   221112         
      7     9    32779.0000  1483                  16180.0000   221914         
     11    13    32779.0000  1203                  16180.0000   222420         
     14    12    32779.0000  1137                  16180.0000   223335         
     20    18    32779.0000   980                  16180.0000   223900         
     24    18    32360.0000  3254                  16180.0000   238257         
Elapsed time = 469.83 sec. (329065.81 ticks, tree = 1.26 MB, solutions = 0)
     26    20    32360.0000   884                  16180.0000   243966         
     32    23    infeasible                        16180.0000   250161         
     40    25    40869.0000   500                  16180.0000   251340         
     63    46    40869.0000   448                  16180.0000   253172         
     82    60    41024.0000   306                  16180.0000   254020         
    100    70    41924.0000   144                  16180.0000   254247         
    126    84    16180.0000  4533                  16180.0000   256471         
    128    86    16180.0000  4269                  16180.0000   258205         
    130    88    16180.0000  4138                  16180.0000   264550         
    134    92    40869.0000  3003                  16180.0000   270496         
Elapsed time = 483.81 sec. (346752.28 ticks, tree = 13.83 MB, solutions = 0)
    135    93    16180.0000  3162                  16180.0000   271886         
    138    94    40869.0000  2476                  16180.0000   277860         
    139    95    16180.0000  2977                  16180.0000   279220         
    141    97    16180.0000  2698                  16180.0000   282377         
    154   108    40869.0000  1979                  16180.0000   285696         
    158   112    17438.0000  2039                  16180.0000   287454         
    165   119    32060.0000  1520                  16180.0000   293308         
    168   118    16180.0000  2778                  16180.0000   295821         
    172   120    40869.0000  1069                  16180.0000   301065         
    180   124    40869.0000   962                  16180.0000   303619         
Elapsed time = 494.17 sec. (360740.06 ticks, tree = 19.44 MB, solutions = 0)
    207   151    48030.0000   566                  16180.0000   304071         
    233   169    infeasible                        16180.0000   305315         
    243   171    16180.0000  2731                  16180.0000   306569         
    244   172    40869.0000  1903                  16180.0000   309515         
    245   173    32060.0000  1771                  16180.0000   312161         
    246   174    32060.0000  1103                  16180.0000   316547         
    278   206    32060.0000  1067                  16180.0000   316581         
    280   208    32060.0000  1065                  16180.0000   316583         
    309   237    32060.0000  1042                  16180.0000   316935         
    318   245    48595.0000   489                  16180.0000   318836         
Elapsed time = 503.40 sec. (373215.34 ticks, tree = 39.03 MB, solutions = 0)
    323   242    40869.0000  1559                  16180.0000   322426         
    326   245    40869.0000   640                  16180.0000   325677         
    358   263    40869.0000   279                  16180.0000   326776         
    382   275    41469.0000   226                  16180.0000   327879         
    413   286    42069.0000   126                  16180.0000   328324         
    418   283    32060.0000  1250                  16180.0000   333145         
    448   291    48240.0000   487                  16180.0000   334291         
    466   301    48240.0000   238                  16180.0000   335641         
    491   314    48541.0000   104                  16180.0000   336837         
    516   325    32123.0000  1173                  16180.0000   342145         
Elapsed time = 511.20 sec. (384473.30 ticks, tree = 52.14 MB, solutions = 0)
    531   340    48358.0000   258                  16180.0000   343733         
    547   348    32060.0000  1600                  16180.0000   346675         
    549   350    32060.0000  1078                  16180.0000   351062         
    554   355    32060.0000   250                  16180.0000   354461         
    562   361    32060.0000   212                  16180.0000   357226         
    567   366    32060.0000   326                  16180.0000   360183         
    580   375    32060.0000   278                  16180.0000   361791         
    606   387    16180.0000  3883                  16180.0000   364080         
    608   389    32060.0000  3028                  16180.0000   369241         
    610   391    32060.0000  2226                  16180.0000   375424         
Elapsed time = 522.61 sec. (400579.83 ticks, tree = 62.45 MB, solutions = 0)
    614   393    32060.0000  1377                  16180.0000   377985         
    635   414    48240.0000   434                  16180.0000   379376         
    643   422    32060.0000  1349                  16180.0000   379384         
    675   454    32060.0000  1305                  16180.0000   379426         
    690   465    16180.0000  4161                  16180.0000   386466         
    694   467    32360.0000  3161                  16180.0000   389412         
    697   470    40869.0000  1760                  16180.0000   392567         
    700   473    32660.0000  2680                  16180.0000   402510         
    701   474    41169.0000  1704                  16180.0000   407282         
    702   475    41169.0000  2040                  16180.0000   410438         
Elapsed time = 541.41 sec. (423736.58 ticks, tree = 75.38 MB, solutions = 0)
    703   476    41169.0000  1459                  16180.0000   412938         
    704   477    41469.0000  1369                  16180.0000   413130         
    705   478    41469.0000  1581                  16180.0000   413856         
    731   494    43327.0000   214                  16180.0000   417591         
    769   508    16180.0000  3800                  16180.0000   423175         
    774   513    40869.0000  2309                  16180.0000   430666         
    805   542    40869.0000   346                  16180.0000   434678         
    834   565    16180.0000  3539                  16180.0000   445801         
    839   570    16480.0000  1753                  16180.0000   450572         
    847   576    16543.0000   854                  16180.0000   455719         
Elapsed time = 562.39 sec. (448978.85 ticks, tree = 76.43 MB, solutions = 0)
    861   590    20245.0000   494                  16180.0000   459918         
    890   610    18200.0000   484                  16180.0000   461620         
    931   625    16180.0000  2938                  16180.0000   468994         
    943   637    16780.0000  1622                  16180.0000   473275         
    970   652    16780.0000  2312                  16180.0000   483481         
    973   655    33260.0000  1110                  16180.0000   487532         
    980   654    16480.0000  2185                  16180.0000   504034         
    981   654    40869.0000   396                  16180.0000   507006         
   1002   673    17128.0000   916                  16180.0000   511071         
   1055   709    19019.0000   678                  16180.0000   513565         
Elapsed time = 582.04 sec. (472293.90 ticks, tree = 78.13 MB, solutions = 0)
   1114   720    16480.0000  2172                  16180.0000   517019         
   1137   739    32360.0000   208                  16180.0000   521721         
   1165   755    44909.0000   448                  16180.0000   528875         
   1223   793    16180.0000  3366                  16180.0000   531955         
   1231   801    17080.0000   874                  16180.0000   539004         
   1269   826    18854.0000   740                  16180.0000   543813         
   1300   841    16480.0000  2235                  16180.0000   547908         
   1318   857    22124.0000   672                  16180.0000   555112         
   1374   889    18938.0000   532                  16180.0000   557421         
   1487   972    16861.0000   764                  16180.0000   577830         
Elapsed time = 593.39 sec. (485531.89 ticks, tree = 81.17 MB, solutions = 0)
   1583  1031    40869.0000  2811                  16180.0000   600189         
   1625  1069    40869.0000  1244                  16180.0000   624392         
   1639  1075    16180.0000  3467                  16180.0000   630401         
   1641  1077    40869.0000  1608                  16180.0000   634975         
   1643  1079    40869.0000  1159                  16180.0000   636845         
*  1660+ 1094                        49359.0000    16180.0000            67.22%
*  1663  1085      integral     0    49140.0000    16180.0000   640164   67.07%
   1670  1091    40869.0000   840    49140.0000    16180.0000   645078   67.07%
   1742  1153    40869.0000  3145    49140.0000    16180.0000   660223   67.07%
   1789  1196    16480.0000  2061    49140.0000    16180.0000   678697   67.07%
   1854  1249    16180.0000  2342    49140.0000    16180.0000   685691   67.07%
   2010  1335    16480.0000  2351    49140.0000    16180.0000   701527   67.07%
Elapsed time = 639.31 sec. (532114.19 ticks, tree = 84.72 MB, solutions = 2)

Performing restart 1

Repeating presolve.
Tried aggregator 3 times.
MIP Presolve eliminated 4161 rows and 1123 columns.
MIP Presolve modified 3800 coefficients.
Aggregator did 328 substitutions.
Reduced MIP has 29216 rows, 7664 columns, and 77904 nonzeros.
Reduced MIP has 7210 binaries, 0 generals, 0 SOSs, and 0 indicators.
Presolve time = 0.36 sec. (352.41 ticks)
Tried aggregator 1 time.
MIP Presolve modified 9686 coefficients.
Reduced MIP has 29216 rows, 7664 columns, and 77904 nonzeros.
Reduced MIP has 7210 binaries, 0 generals, 0 SOSs, and 0 indicators.
Presolve time = 0.26 sec. (277.07 ticks)
Represolve time = 1.03 sec. (1005.63 ticks)
   2016     0    16180.0000  4041    49140.0000    Cuts: 1203   719181   67.07%
   2016     0    16180.0000  4177    49140.0000    Cuts: 2621   723197   67.07%
   2016     0    16180.0000  4259    49140.0000    Cuts: 3113   729616   67.07%
   2016     0    16180.0000  4213    49140.0000    Cuts: 2492   735734   67.07%
   2016     0    16180.0000  4042    49140.0000    Cuts: 2549   747324   67.07%
   2016     0    16180.0000  4134    49140.0000    Cuts: 3719   761877   67.07%
   2016     0    16180.0000  4174    49140.0000    Cuts: 3578   773684   67.07%
   2016     2    16180.0000  3767    49140.0000    16180.0000   773684   67.07%
   2018     2    16180.0000  3870    49140.0000    16180.0000   786423   67.07%
   2019     3    17622.2728  3410    49140.0000    16180.0000   797217   67.07%
   2023     7    32360.0000  3001    49140.0000    16180.0000   818367   67.07%
   2031    15    16180.0000  2467    49140.0000    16180.0000   834747   67.07%
   2120    83    20294.0000   637    49140.0000    16180.0000   849942   67.07%
   2162   111    16196.5000  2491    49140.0000    16180.0901   869990   67.07%
   2226   161    40869.0000  1076    49140.0000    16193.7500   895158   67.05%
   2309   213    16203.6260  2705    49140.0000    16203.6260   921267   67.03%
   2403   282    16261.0000  2368    49140.0000    16261.0000   933051   66.91%
Elapsed time = 759.81 sec. (660028.35 ticks, tree = 2.63 MB, solutions = 2)
   2495   360    41824.0000   290    49140.0000    16261.0000   953354   66.91%
   2545   398    16261.0004  2550    49140.0000    16261.0004   966063   66.91%
   2631   465    23808.0000   905    49140.0000    16261.0004   984116   66.91%
   2801   593    40869.0000   590    49140.0000    16480.0000  1004911   66.46%
   2928   686    18361.0000   850    49140.0000    16480.0000  1015221   66.46%
   3071   781    16561.0000  2095    49140.0000    16480.0000  1028763   66.46%
   3107   808    21253.0000  1860    49140.0000    16480.0000  1042719   66.46%
   3165   847    16480.0000  1819    49140.0000    16480.0000  1059000   66.46%
   3242   902    infeasible          49140.0000    16480.0000  1077316   66.46%
   3244   902    16480.0000  1425    49140.0000    16480.0000  1079646   66.46%
Elapsed time = 799.77 sec. (701811.30 ticks, tree = 8.77 MB, solutions = 2)
   3246   904    16780.0000  1230    49140.0000    16480.0000  1080621   66.46%
   3248   906    17380.0000  1150    49140.0000    16480.0000  1081976   66.46%
   3250   908    18638.0000  1256    49140.0000    16480.0000  1082750   66.46%
   3252   908    18638.0000  1230    49140.0000    16480.0000  1082975   66.46%
   3254   910    18719.0000   468    49140.0000    16480.0000  1083835   66.46%
   3256   912    18938.0000   420    49140.0000    16480.0000  1084178   66.46%
   3260   916    20771.0000   200    49140.0000    16480.0000  1084501   66.46%
   3310   939    16780.0000  1461    49140.0000    16480.0000  1085408   66.46%
   3360   977    16480.0000  1788    49140.0000    16480.0000  1098901   66.46%
   3378   991    41169.0000   519    49140.0000    16480.0000  1110599   66.46%
Elapsed time = 846.31 sec. (750467.80 ticks, tree = 9.68 MB, solutions = 2)
   3383   996    41469.0000   183    49140.0000    16480.0000  1111382   66.46%
*  3402  1005      integral     0    45282.0000    16480.0000  1112395   63.61%
   3405  1004    16480.0000  2277    45282.0000    16480.0000  1114149   63.61%
   3411  1005    infeasible          45282.0000    16480.0000  1119159   63.61%
   3414  1006    40950.0000  1099    45282.0000    16480.0000  1123823   63.61%
   3464  1039    infeasible          45282.0000    16480.0000  1134665   63.61%
   3538  1088    16480.0944  1793    45282.0000    16480.0000  1147625   63.61%
   3539  1089    16780.0000  1564    45282.0000    16480.0000  1149091   63.61%
   3656  1192    19504.0000   518    45282.0000    16480.0686  1164525   63.61%
   3750  1258    41469.0000   544    45282.0000    16480.0902  1172058   63.61%
   3844  1334    16780.0000  1605    45282.0000    16480.0967  1185631   63.61%
Elapsed time = 895.66 sec. (798866.16 ticks, tree = 13.25 MB, solutions = 3)
   3865  1348    16480.0967  1059    45282.0000    16480.0967  1188986   63.61%
   4035  1487    17135.0000   986    45282.0000    16480.3338  1198907   63.61%
   4109  1547    16861.0000   609    45282.0000    16480.3743  1211547   63.61%
   4178  1592    infeasible          45282.0000    16480.5801  1219823   63.60%
   4255  1650    17738.0000   817    45282.0000    16543.0000  1230610   63.47%
   4294  1678    16780.0004   666    45282.0000    16561.0000  1233600   63.43%
   4463  1806    17761.0000   787    45282.0000    16561.0000  1241118   63.43%
   4479  1816    17080.0000   692    45282.0000    16561.0000  1243751   63.43%
   4520  1851    16561.0000  1282    45282.0000    16561.0000  1245593   63.43%
   4539  1860    23808.0000   823    45282.0000    16561.0000  1249526   63.43%
Elapsed time = 939.76 sec. (843565.75 ticks, tree = 18.48 MB, solutions = 3)
   4542  1863    24108.0000   481    45282.0000    16561.0000  1250935   63.43%
   4578  1885    16780.0000   833    45282.0000    16561.0000  1255034   63.43%
   4610  1909    infeasible          45282.0000    16561.0000  1259108   63.43%
   4612  1909    16642.0000  1666    45282.0000    16624.0000  1263229   63.29%
   4615  1910    17080.0000   533    45282.0000    16624.0000  1265065   63.29%
   4656  1940    17461.0000  1288    45282.0000    16624.0000  1268788   63.29%
   4668  1944    infeasible          45282.0000    16624.0000  1272435   63.29%
   4675  1951    18817.0000   704    45282.0000    16642.0000  1276190   63.25%
   4792  2042    infeasible          45282.0000    16780.0000  1283116   62.94%
   4870  2090    16780.0000   578    45282.0000    16780.0000  1287423   62.94%
Elapsed time = 986.23 sec. (888293.21 ticks, tree = 20.93 MB, solutions = 3)
   5003  2194    20266.0000   338    45282.0000    16780.0000  1294364   62.94%
   5042  2216    17080.0000   705    45282.0000    16780.0000  1297943   62.94%
   5168  2308    17080.0000   954    45282.0000    16780.0000  1304439   62.94%
   5194  2324    16780.0000   573    45282.0000    16780.0000  1308528   62.94%
   5264  2378    17680.0000   842    45282.0000    16780.0000  1311503   62.94%
   5344  2434    infeasible          45282.0000    16780.0000  1316908   62.94%
   5359  2442    infeasible          45282.0000    16780.0000  1320306   62.94%
   5436  2489    infeasible          45282.0000    16780.0000  1325410   62.94%
   5514  2547    infeasible          45282.0000    16780.0000  1331761   62.94%
   5620  2625    17080.0000   958    45282.0000    16780.0000  1338317   62.94%
Elapsed time = 1028.68 sec. (933677.62 ticks, tree = 26.41 MB, solutions = 3)
   5765  2730    16780.0457   597    45282.0000    16780.0000  1345530   62.94%
   5909  2835    22233.3968   321    45282.0000    16780.0000  1352012   62.94%
   6013  2913    19238.0000   372    45282.0000    16780.0000  1357529   62.94%
   6167  3026    infeasible          45282.0000    16780.0000  1363136   62.94%
   6244  3089    16780.0000   694    45282.0000    16780.0000  1367703   62.94%
   6369  3185    18338.0000   505    45282.0000    16780.0000  1374457   62.94%
   6417  3223    19838.0000   278    45282.0000    16780.0000  1378239   62.94%
   6558  3323    17761.0000   468    45282.0000    16780.0000  1388587   62.94%
   6751  3465    17080.0000   613    45282.0000    16780.0000  1396243   62.94%
   6851  3539    18638.0000   428    45282.0000    16780.0000  1402490   62.94%
Elapsed time = 1072.45 sec. (980426.74 ticks, tree = 35.89 MB, solutions = 3)
   7031  3669    infeasible          45282.0000    16780.0000  1410825   62.94%
   7142  3750    17080.0000   604    45282.0000    16780.0000  1418965   62.94%
   7239  3826    17080.0913   570    45282.0000    16780.0000  1427049   62.94%
   7412  3951    infeasible          45282.0000    16780.0000  1437946   62.94%
   7480  3999    infeasible          45282.0000    16780.0000  1444381   62.94%
   7621  4098    infeasible          45282.0000    16780.0000  1454763   62.94%
   7722  4162    17161.0000   756    45282.0000    16780.0000  1462217   62.94%
   7782  4193    17161.0000   997    45282.0000    16780.0000  1466335   62.94%
   7905  4267    infeasible          45282.0000    16780.0000  1474711   62.94%
   8003  4327    17380.0000   940    45282.0000    16780.0000  1481118   62.94%
Elapsed time = 1116.71 sec. (1027343.23 ticks, tree = 43.96 MB, solutions = 3)
   8085  4370    infeasible          45282.0000    16780.0000  1487639   62.94%
   8171  4430    infeasible          45282.0000    16780.0000  1496947   62.94%
   8258  4493    infeasible          45282.0000    16780.0000  1508532   62.94%
   8297  4520    infeasible          45282.0000    16780.0000  1516827   62.94%
   8442  4621    infeasible          45282.0000    16780.0000  1526224   62.94%
   8532  4678    16780.0000  2220    45282.0000    16780.0000  1536404   62.94%
   8577  4713    infeasible          45282.0000    16780.0000  1545884   62.94%
   8703  4805    infeasible          45282.0000    16780.0000  1556960   62.94%
   8785  4864    infeasible          45282.0000    16780.0000  1562897   62.94%
   8855  4917    19619.0000   504    45282.0000    16780.0000  1568789   62.94%
Elapsed time = 1158.63 sec. (1072993.68 ticks, tree = 49.77 MB, solutions = 3)
   8966  4987    41169.0000   864    45282.0000    16780.0000  1577849   62.94%
   9027  5023    infeasible          45282.0000    16780.0000  1582179   62.94%
   9185  5120    infeasible          45282.0000    16780.0000  1591716   62.94%
   9304  5205    18338.0000   558    45282.0000    16780.0000  1599568   62.94%
   9440  5294    18038.0000   586    45282.0000    16780.0000  1611550   62.94%
   9598  5412    infeasible          45282.0000    16780.0000  1621932   62.94%
   9684  5464    17435.0000   878    45282.0000    16780.0000  1627587   62.94%
   9771  5519    17738.0000   523    45282.0000    16780.0000  1636434   62.94%
   9936  5647    infeasible          45282.0000    16780.0000  1647738   62.94%
  10061  5727    infeasible          45282.0000    16780.0000  1655625   62.94%
Elapsed time = 1202.84 sec. (1122293.44 ticks, tree = 58.11 MB, solutions = 3)
  10181  5817    infeasible          45282.0000    16780.0000  1662729   62.94%
  10282  5890    19261.0000   617    45282.0000    16780.0000  1668570   62.94%
  10402  5967    18038.0000   587    45282.0000    16780.0000  1675613   62.94%
  10571  6088    18338.0000   556    45282.0000    16780.0000  1685901   62.94%
  10707  6170    17080.0000   789    45282.0000    16780.0000  1697863   62.94%
  10771  6210    24006.0000   281    45282.0000    16780.0000  1704379   62.94%
  10837  6249    18038.0000   334    45282.0000    16780.0000  1710300   62.94%
  11006  6371    16780.0000  1305    45282.0000    16780.0000  1720418   62.94%
  11074  6416    infeasible          45282.0000    16780.0000  1725566   62.94%
  11201  6502    infeasible          45282.0000    16780.0000  1733638   62.94%
Elapsed time = 1249.02 sec. (1170909.27 ticks, tree = 65.92 MB, solutions = 3)
  11316  6582    infeasible          45282.0000    16780.0000  1743924   62.94%
  11377  6623    17738.0000   665    45282.0000    16780.0000  1752833   62.94%
  11542  6720    17080.0000  1266    45282.0000    16780.0000  1763974   62.94%
  11586  6753    17080.0000  1464    45282.0000    16780.0000  1769714   62.94%
  11709  6832    16780.0000  2265    45282.0000    16780.0000  1781917   62.94%
  11720  6843    40869.0000   584    45282.0000    16780.0000  1787449   62.94%
  11788  6894    infeasible          45282.0000    16780.0000  1800415   62.94%
  11854  6934    17524.0000  1152    45282.0000    16780.0000  1806871   62.94%
  11976  7034    infeasible          45282.0000    16780.0000  1821464   62.94%
  12076  7107    16780.0000  2156    45282.0000    16780.0000  1832473   62.94%
Elapsed time = 1291.33 sec. (1215027.45 ticks, tree = 72.13 MB, solutions = 3)
* 12096+ 7125                        45102.0000    16780.0000            62.80%
* 12096+ 7107                        43327.0000    16780.0000            61.27%
* 12096+ 7074                        43027.0000    16780.0000            61.00%
  12096  7076    17837.0000   521    43027.0000    16780.0000  1838288   61.00%
  12097  7077    40869.0000   747    43027.0000    16780.0000  1839807   61.00%
  12116  7093    21050.0000   670    43027.0000    16780.0000  1844526   61.00%
  12180  7137    16780.0000  1546    43027.0000    16780.0000  1856555   61.00%
  12194  7149    18298.0000   491    43027.0000    16780.0000  1859912   61.00%
  12327  7234    infeasible          43027.0000    16780.0000  1871227   61.00%
  12344  7247    infeasible          43027.0000    16780.0000  1876581   61.00%
  12419  7297    20750.0000   573    43027.0000    16780.0000  1891238   61.00%
  12548  7405    17080.0000  1403    43027.0000    16780.0000  1902019   61.00%
  12561  7416    17738.0000   594    43027.0000    16780.0000  1905710   61.00%
Elapsed time = 1334.71 sec. (1260683.70 ticks, tree = 75.17 MB, solutions = 6)
  12676  7502    20813.2961   756    43027.0000    16780.0000  1920627   61.00%
  12682  7502    16780.0000  2059    43027.0000    16780.0000  1925741   61.00%
  12806  7599    infeasible          43027.0000    16780.0000  1941686   61.00%
  12816  7605    17738.0000  1188    43027.0000    16780.0000  1945350   61.00%
  12932  7694    infeasible          43027.0000    16780.0000  1959786   61.00%
  13006  7745    18338.0000  1113    43027.0000    16780.0000  1969942   61.00%
  13141  7843    17793.0000  1499    43027.0000    16780.0000  1981964   61.00%
  13199  7886    16780.0000  2045    43027.0000    16780.0000  1992923   61.00%
  13210  7895    17738.0000   752    43027.0000    16780.0000  1998629   61.00%
  13290  7951    21650.0000   439    43027.0000    16780.0000  2009555   61.00%
Elapsed time = 1377.99 sec. (1306367.28 ticks, tree = 80.63 MB, solutions = 6)
  13413  8038    18038.0000   596    43027.0000    16780.0000  2026317   61.00%
  13512  8107    infeasible          43027.0000    16780.0000  2043278   61.00%
  13548  8130    infeasible          43027.0000    16780.0000  2054561   61.00%
  13615  8174    infeasible          43027.0000    16780.0000  2064340   61.00%
  13703  8235    infeasible          43027.0000    16780.0000  2078883   61.00%
  13828  8314    40869.0000   462    43027.0000    16780.0000  2092237   61.00%
  13878  8349    18338.0000   429    43027.0000    16780.0000  2099903   61.00%
  14007  8445    infeasible          43027.0000    16780.0000  2111988   61.00%
  14093  8508    40869.0000   420    43027.0000    16780.0000  2121931   61.00%
  14155  8543    infeasible          43027.0000    16780.0000  2130426   61.00%
Elapsed time = 1430.90 sec. (1360683.32 ticks, tree = 86.88 MB, solutions = 6)
  14205  8576    infeasible          43027.0000    16780.0000  2140855   61.00%
  14306  8653    infeasible          43027.0000    16780.0000  2156314   61.00%
  14308  8655    16780.0000  1202    43027.0000    16780.0000  2159539   61.00%
  14428  8746    17680.0000   438    43027.0000    16780.0000  2175147   61.00%
  14565  8852    infeasible          43027.0000    16780.0000  2189681   61.00%
  14628  8891    infeasible          43027.0000    16780.0000  2202355   61.00%
  14718  8960    17435.0000   849    43027.0000    16780.0000  2211429   61.00%
  14789  9009    16861.0000  1667    43027.0000    16780.0000  2218631   61.00%
  14839  9041    16780.0000  1582    43027.0000    16780.0000  2229173   61.00%
  14988  9132    17738.0000   550    43027.0000    16780.0000  2243169   61.00%
Elapsed time = 1479.05 sec. (1410606.78 ticks, tree = 92.89 MB, solutions = 6)
  15089  9203    18419.0000   751    43027.0000    16780.0000  2255276   61.00%
  15110  9213    17738.0000  1068    43027.0000    16780.0000  2258477   61.00%
  15232  9306    20596.0000   721    43027.0000    16780.0000  2270315   61.00%
  15320  9375    20297.0000   532    43027.0000    16780.0000  2281526   61.00%
  15345  9387    16780.0000   669    43027.0000    16780.0000  2287046   61.00%
  15450  9468    17080.0000  1704    43027.0000    16780.0000  2301125   61.00%
  15572  9551    infeasible          43027.0000    16780.0000  2316422   61.00%
  15696  9637    infeasible          43027.0000    16780.0000  2325919   61.00%
  15882  9763    40869.0000   369    43027.0000    16780.0000  2338547   61.00%
  15916  9786    20750.0000   575    43027.0000    16780.0000  2350255   61.00%
Elapsed time = 1528.39 sec. (1461791.18 ticks, tree = 99.66 MB, solutions = 6)
  15988  9847    16780.0000  1377    43027.0000    16780.0000  2362248   61.00%
  16014  9869    18038.0000  1105    43027.0000    16780.0000  2369313   61.00%
  16106  9929    infeasible          43027.0000    16780.0000  2386031   61.00%
  16210 10002    16835.0000  1994    43027.0000    16780.0000  2405351   61.00%
  16211 10003    17080.0000  1224    43027.0000    16780.0000  2407869   61.00%
  16330 10073    infeasible          43027.0000    16780.0000  2426115   61.00%
  16402 10133    17080.0000  1428    43027.0000    16780.0000  2442741   61.00%
  16411 10140    17380.0000   747    43027.0000    16780.0000  2445878   61.00%
  16494 10208    16942.0000  1440    43027.0000    16780.0000  2460856   61.00%
  16503 10213    17738.0000   542    43027.0000    16780.0000  2465482   61.00%
Elapsed time = 1573.90 sec. (1511080.62 ticks, tree = 104.01 MB, solutions = 6)
  16613 10290    16780.0000  1545    43027.0000    16780.0000  2478751   61.00%
  16617 10294    17080.0457  1131    43027.0000    16780.0000  2482651   61.00%
  16716 10362    16861.0000  1510    43027.0000    16780.0000  2495299   61.00%
  16728 10370    infeasible          43027.0000    16780.0000  2499328   61.00%
  16823 10431    17738.0000  1197    43027.0000    16780.0000  2514291   61.00%
  16952 10520    17380.0000  1594    43027.0000    16780.0000  2526270   61.00%
  16958 10523    21350.0000   594    43027.0000    16780.0000  2530970   61.00%
  17028 10573    21731.0000   711    43027.0000    16780.0000  2545453   61.00%
  17067 10597    infeasible          43027.0000    16780.0000  2556189   61.00%
  17118 10624    infeasible          43027.0000    16780.0000  2573495   61.00%
Elapsed time = 1618.01 sec. (1557066.97 ticks, tree = 108.26 MB, solutions = 6)
  17156 10644    16780.0000  1538    43027.0000    16780.0000  2584013   61.00%
  17165 10649    17761.0000  1262    43027.0000    16780.0000  2590338   61.00%
  17271 10723    16780.0000  1375    43027.0000    16780.0000  2606088   61.00%
  17274 10726    16861.0000  1356    43027.0000    16780.0000  2607673   61.00%
  17428 10840    infeasible          43027.0000    16780.0000  2619938   61.00%
  17488 10887    18200.0000   677    43027.0000    16780.0000  2625778   61.00%
  17569 10947    21131.0000   597    43027.0000    16780.0000  2642546   61.00%
  17679 11022    19596.0000   477    43027.0000    16780.0000  2660005   61.00%
  17779 11093    22560.0000   556    43027.0000    16780.0000  2673165   61.00%
  17811 11112    16780.0000  1945    43027.0000    16780.0000  2682178   61.00%
Elapsed time = 1664.88 sec. (1606493.21 ticks, tree = 113.25 MB, solutions = 6)
  17891 11166    17080.0000  1130    43027.0000    16780.0000  2690698   61.00%
  18040 11270    infeasible          43027.0000    16780.0000  2707781   61.00%
  18086 11305    21575.0000   504    43027.0000    16780.0000  2715564   61.00%
  18222 11412    21212.0000  1008    43027.0000    16780.0000  2731861   61.00%
  18246 11429    22250.0000   620    43027.0000    16780.0000  2734291   61.00%
  18324 11482    infeasible          43027.0000    16780.0000  2746837   61.00%
  18333 11489    17738.0000  1141    43027.0000    16780.0000  2758474   61.00%
  18421 11547    20750.0000   729    43027.0000    16780.0000  2772172   61.00%
  18477 11591    41232.0000   495    43027.0000    16780.0000  2777504   61.00%
  18509 11608    16780.0000  1873    43027.0000    16780.0000  2789598   61.00%
Elapsed time = 1709.60 sec. (1654595.75 ticks, tree = 118.40 MB, solutions = 6)
  18530 11618    infeasible          43027.0000    16780.0000  2804008   61.00%
  18584 11657    41169.0000   807    43027.0000    16780.0000  2818300   61.00%
  18642 11691    16780.0000  1822    43027.0000    16780.0000  2828943   61.00%
  18685 11721    17542.0000  1410    43027.0000    16780.0000  2839824   61.00%
  18735 11753    16780.0000  1719    43027.0000    16780.0000  2848785   61.00%
  18826 11807    16780.0000  2232    43027.0000    16780.0000  2860937   61.00%
  18852 11833    20196.0000   584    43027.0000    16780.0000  2869413   61.00%
  18914 11872    17738.0000  1222    43027.0000    16780.0000  2878816   61.00%
  19029 11958    18419.0000  1119    43027.0000    16780.0000  2892931   61.00%
  19147 12048    19838.0000   655    43027.0000    16780.0000  2907169   61.00%
Elapsed time = 1756.35 sec. (1703763.52 ticks, tree = 122.83 MB, solutions = 6)
  19188 12072    18038.0000  1142    43027.0000    16780.0000  2912998   61.00%
  19266 12126    17380.0000  1028    43027.0000    16780.0000  2924207   61.00%
  19310 12159    17080.0000  1449    43027.0000    16780.0000  2928488   61.00%
  19455 12261    17380.0000  1197    43027.0000    16780.0000  2943393   61.00%
  19608 12378    19735.0000   416    43027.0000    16780.0000  2955881   61.00%
  19616 12382    17738.0000   472    43027.0000    16780.0000  2957009   61.00%
  19747 12455    18038.0000   575    43027.0000    16780.0000  2971848   61.00%
  19905 12570    infeasible          43027.0000    16780.0000  2983947   61.00%
  19952 12603    18338.0000   604    43027.0000    16780.0000  2988155   61.00%
  20118 12724    17161.0000   886    43027.0000    16780.0451  2999227   61.00%
Elapsed time = 1803.25 sec. (1753665.77 ticks, tree = 129.65 MB, solutions = 6)
  20213 12779    40869.0000   512    43027.0000    16780.0451  3007617   61.00%
  20261 12802    16780.0451  1039    43027.0000    16780.0451  3011995   61.00%
  20387 12889    infeasible          43027.0000    16780.0484  3018889   61.00%
  20427 12913    infeasible          43027.0000    16780.0621  3029958   61.00%
  20509 12971    17380.0000   559    43027.0000    16780.0686  3035103   61.00%
  20650 13052    16780.5977  1245    43027.0000    16780.0686  3045067   61.00%
  20652 13054    16782.2142  1459    43027.0000    16780.0686  3046829   61.00%
  20795 13150    infeasible          43027.0000    16780.0711  3060382   61.00%
  20878 13200    17738.0000  1195    43027.0000    16780.0902  3066809   61.00%
  21033 13292    infeasible          43027.0000    16780.0938  3080936   61.00%
Elapsed time = 1845.36 sec. (1798330.08 ticks, tree = 135.42 MB, solutions = 6)
  21095 13323    infeasible          43027.0000    16780.0973  3089216   61.00%
  21181 13381    18038.0000   770    43027.0000    16780.1012  3098013   61.00%
  21316 13475    infeasible          43027.0000    16780.1094  3108555   61.00%
  21448 13584    16861.0000  1492    43027.0000    16780.1096  3123438   61.00%
  21520 13637    17224.0000   814    43027.0000    16780.1096  3130584   61.00%
  21604 13697    17435.0000  1629    43027.0000    16780.1096  3138591   61.00%
  21666 13741    17680.0000  1143    43027.0000    16780.1096  3146365   61.00%
  21789 13829    infeasible          43027.0000    16780.1875  3161435   61.00%
  21836 13859    17738.0000   449    43027.0000    16780.3700  3175321   61.00%
  21973 13951    17080.0000  1008    43027.0000    16780.4058  3187622   61.00%
Elapsed time = 1891.64 sec. (1848332.34 ticks, tree = 142.02 MB, solutions = 6)
  22063 14013    41169.0000   776    43027.0000    16780.4058  3196890   61.00%
  22125 14058    infeasible          43027.0000    16780.4083  3203944   61.00%
  22239 14128    infeasible          43027.0000    16792.0000  3215713   60.97%
  22294 14158    21350.0000   854    43027.0000    16798.3333  3227776   60.96%
  22356 14193    infeasible          43027.0000    16798.3333  3237760   60.96%

Performing restart 2

Repeating presolve.
Tried aggregator 1 time.
MIP Presolve eliminated 575 rows and 230 columns.
MIP Presolve modified 5307 coefficients.
Reduced MIP has 28641 rows, 7434 columns, and 77761 nonzeros.
Reduced MIP has 6980 binaries, 0 generals, 0 SOSs, and 0 indicators.
Presolve time = 0.23 sec. (248.43 ticks)
Tried aggregator 1 time.
Reduced MIP has 28641 rows, 7434 columns, and 77761 nonzeros.
Reduced MIP has 6980 binaries, 0 generals, 0 SOSs, and 0 indicators.
Presolve time = 0.21 sec. (246.52 ticks)
Represolve time = 0.76 sec. (704.23 ticks)
  22396     0    16180.0000  4180    43027.0000    Cuts: 4000  3261189   60.96%
  22396     0    16180.0000  4131    43027.0000    Cuts: 5936  3275185   60.96%
  22396     0    16180.0000  4134    43027.0000    Cuts: 3797  3283686   60.96%
  22396     0    16180.0000  4169    43027.0000    Cuts: 3759  3295836   60.96%
  22396     0    16180.0000  3981    43027.0000     Cuts: 731  3300617   60.96%
  22396     0    16180.0000  4047    43027.0000    Cuts: 3998  3307600   60.96%
  22396     0    16180.0000  3968    43027.0000     Cuts: 640  3313175   60.96%
  22396     0    16180.0000  4075    43027.0000    Cuts: 4808  3320721   60.96%
  22396     0    16180.0000  4086    43027.0000    Cuts: 6413  3330470   60.96%
  22396     2    16180.0000  3831    43027.0000    16798.3333  3337456   60.96%
  22398     4    16180.0000  3765    43027.0000    16798.3333  3351692   60.96%
  22401     6    16180.0000  3391    43027.0000    16798.3333  3357272   60.96%
  22403     8    16180.0000  3456    43027.0000    16798.3333  3365933   60.96%
  22405    10    16180.0000  3061    43027.0000    16798.3333  3369680   60.96%
Elapsed time = 2041.39 sec. (2015413.94 ticks, tree = 0.06 MB, solutions = 6)
  22406    11    16180.0000  2960    43027.0000    16798.3333  3371794   60.96%
  22408    13    16180.0000  2911    43027.0000    16798.3333  3375118   60.96%
  22410    15    16180.0000  2826    43027.0000    16798.3333  3377631   60.96%
  22411    16    22104.1811  2211    43027.0000    16798.3333  3381195   60.96%
  22412    17    17738.0000  2657    43027.0000    16798.3333  3385124   60.96%
  22413    18    33918.0000  1962    43027.0000    16798.3333  3392568   60.96%
  22415    20    18938.0000  2317    43027.0000    16798.3333  3397845   60.96%
  22417    22    18338.0000  2321    43027.0000    16798.3333  3403447   60.96%
  22418    23    18338.0000  2294    43027.0000    16798.3333  3404455   60.96%
  22420    25    18338.0000  1901    43027.0000    16798.3333  3409440   60.96%
Elapsed time = 2086.24 sec. (2069559.17 ticks, tree = 0.17 MB, solutions = 6)
  22421    26    18338.0000  2016    43027.0000    16798.3333  3411191   60.96%
  22423    28    19490.0000  1000    43027.0000    16798.3333  3414853   60.96%
  22426    31    19790.0000  1102    43027.0000    16798.3333  3422287   60.96%
  22433    38    20390.0000   428    43027.0000    16798.3333  3426853   60.96%
  22451    54    25240.0000    78    43027.0000    16798.3333  3434086   60.96%
  22463    60    16180.0000  2862    43027.0000    16798.3333  3436710   60.96%
  22465    62    21667.9124  2282    43027.0000    16798.3333  3440964   60.96%
  22466    63    18038.0000  2616    43027.0000    16798.3333  3446475   60.96%
  22468    65    18038.0000  1995    43027.0000    16798.3333  3448513   60.96%
  22470    67    34584.0000  1372    43027.0000    16798.3333  3452714   60.96%
Elapsed time = 2125.53 sec. (2117028.45 ticks, tree = 0.57 MB, solutions = 6)
  22472    68    35214.0000  1207    43027.0000    16798.3333  3453941   60.96%
  22475    70    35214.0000  1002    43027.0000    16798.3333  3455925   60.96%
  22485    76    16180.0000  2809    43027.0000    16798.3333  3459481   60.96%
  22486    77    18338.0000  2604    43027.0000    16798.3333  3466924   60.96%
  22488    79    18338.0000  1884    43027.0000    16798.3333  3467241   60.96%
  22490    81    18638.0000  1819    43027.0000    16798.3333  3471759   60.96%
  22495    83    20796.0000   386    43027.0000    16798.3333  3477545   60.96%
  22504    89    31212.0000    49    43027.0000    16798.3333  3479861   60.96%
* 22506+   70                        31530.0000    16798.3333            46.72%
  22517    74    18038.0000   579    31530.0000    16798.3333  3488606   46.72%
  22524    81    21692.0000   297    31530.0000    16798.3333  3493472   46.72%
Elapsed time = 2165.39 sec. (2161890.76 ticks, tree = 0.71 MB, solutions = 7)
  22539    93    25302.0000    32    31530.0000    16798.3333  3496713   46.72%
  22552   101    17738.0000   823    31530.0000    16798.3333  3502626   46.72%
  22558   103    17080.0000   959    31530.0000    16798.3333  3509730   46.72%
  22562   105    17380.0000   853    31530.0000    16798.3333  3515277   46.72%
  22569   109    22244.0000   400    31530.0000    16798.3333  3520612   46.72%
  22583   119    16780.0000  1050    31530.0000    16798.3333  3528436   46.72%
  22589   123    17680.0000   872    31530.0000    16798.3333  3529736   46.72%
  22595   127    18638.0000   548    31530.0000    16798.3333  3533601   46.72%
  22604   131    21992.0000   372    31530.0000    16798.3333  3538530   46.72%
* 22622   127      integral     0    28393.0000    16798.3333  3543654   40.84%
  22623   126    16780.0000   976    28393.0000    16798.3333  3548775   40.84%
Elapsed time = 2203.27 sec. (2203880.95 ticks, tree = 1.17 MB, solutions = 8)
  22629   129    17380.0000   878    28393.0000    16798.3333  3549603   40.84%
  22634   134    18338.0000   584    28393.0000    16798.3333  3551843   40.84%
  22644   141    21092.0000   120    28393.0000    16798.3333  3555759   40.84%
  22652   143    17738.0000   920    28393.0000    16798.3333  3562283   40.84%
  22656   146    18038.0000   900    28393.0000    16798.3333  3565328   40.84%
  22660   150    18038.0000   541    28393.0000    16798.3333  3566314   40.84%
  22670   160    24871.0000   223    28393.0000    16798.3333  3569598   40.84%
  22690   176    17738.0000   897    28393.0000    16798.3333  3577653   40.84%
  22696   180    17738.0000   895    28393.0000    16798.3333  3582526   40.84%
  22703   184    21836.0000   445    28393.0000    16798.3333  3585485   40.84%
Elapsed time = 2244.72 sec. (2247171.56 ticks, tree = 1.73 MB, solutions = 8)
  22716   197    23036.0000   133    28393.0000    16798.3333  3588918   40.84%
  22720   197    16780.0000  1003    28393.0000    16798.3333  3599013   40.84%
  22725   202    17738.0000   868    28393.0000    16798.3333  3600148   40.84%
  22733   207    21048.0000   532    28393.0000    16798.3333  3602877   40.84%
  22740   212    21948.0000   197    28393.0000    16798.3333  3605586   40.84%
  22743   212    16780.0000  1023    28393.0000    16798.3333  3614308   40.84%
  22747   215    17738.0000  1008    28393.0000    16798.3333  3615740   40.84%
  22752   220    18038.0000   846    28393.0000    16798.3333  3616674   40.84%
  22757   225    20196.0000   542    28393.0000    16798.3333  3617975   40.84%
  22762   229    21392.0000   340    28393.0000    16798.3333  3621160   40.84%
Elapsed time = 2286.16 sec. (2290104.26 ticks, tree = 2.16 MB, solutions = 8)
  22774   241    25240.0000    57    28393.0000    16798.3333  3625594   40.84%
  22783   245    16180.0000  3780    28393.0000    16798.3333  3634938   40.84%
  22784   245    16480.0000   996    28393.0000    16798.3333  3644070   40.84%
  22787   248    17738.0000   892    28393.0000    16798.3333  3652895   40.84%
  22791   252    17738.0000   928    28393.0000    16798.3333  3657130   40.84%
  22795   255    17738.0000   782    28393.0000    16798.3333  3659333   40.84%
  22800   260    22136.0000   281    28393.0000    16798.3333  3662360   40.84%
  22816   269    16180.0000  3710    28393.0000    16798.3333  3672286   40.84%
  22819   271    16780.0000   870    28393.0000    16798.3333  3681034   40.84%
  22825   277    18338.0000   738    28393.0000    16798.3333  3683941   40.84%
Elapsed time = 2343.49 sec. (2354431.27 ticks, tree = 2.60 MB, solutions = 8)
  22839   285    16180.0000  3693    28393.0000    16798.3333  3692735   40.84%
  22840   286    16180.0000  3686    28393.0000    16798.3333  3697670   40.84%
  22842   285    18038.0000   772    28393.0000    16798.3333  3710075   40.84%
  22846   287    18038.0000   750    28393.0000    16798.3333  3715720   40.84%
  22852   293    21853.0000   220    28393.0000    16798.3333  3720037   40.84%
  22871   303    17080.0000  1198    28393.0000    16798.3333  3727375   40.84%
  22877   308    18338.0000   649    28393.0000    16798.3333  3728110   40.84%
  22886   315    19019.0000   248    28393.0000    16798.3333  3730591   40.84%
  22889   313    16780.0000  1176    28393.0000    16798.3333  3740971   40.84%
  22896   316    16780.0000  1010    28393.0000    16798.3333  3743414   40.84%
Elapsed time = 2401.40 sec. (2417101.54 ticks, tree = 6.99 MB, solutions = 8)
  22902   318    16780.0000  1132    28393.0000    16798.3333  3746564   40.84%
  22909   325    18338.0000   598    28393.0000    16798.3333  3747620   40.84%
  22916   330    22436.0000   400    28393.0000    16798.3333  3749368   40.84%
  22930   335    17738.0000   692    28393.0000    16798.3333  3750730   40.84%
  22940   345    23411.0000   154    28393.0000    16798.3333  3752174   40.84%
  22950   351    17461.0000   870    28393.0000    16798.3333  3753563   40.84%
  22955   356    18119.0000   414    28393.0000    16798.3333  3754197   40.84%
  22965   362    18038.0000   709    28393.0000    16798.3333  3755486   40.84%
  22974   371    20496.0000   260    28393.0000    16798.3333  3756748   40.84%
  22985   374    infeasible          28393.0000    16798.3333  3758325   40.84%
Elapsed time = 2441.99 sec. (2458830.18 ticks, tree = 20.89 MB, solutions = 8)
  22993   382    17819.0000   642    28393.0000    16798.3333  3759212   40.84%
  23001   390    20496.0000   196    28393.0000    16798.3333  3760158   40.84%
  23015   396    18338.0000   791    28393.0000    16798.3333  3761832   40.84%
  23022   403    19490.0000   380    28393.0000    16798.3333  3762812   40.84%
  23031   408    19896.0000   652    28393.0000    16798.3333  3763723   40.84%
  23039   413    21948.0000   282    28393.0000    16798.3333  3764250   40.84%
  23050   419    17738.0000   868    28393.0000    16798.3333  3765404   40.84%
  23057   426    20090.0000   292    28393.0000    16798.3333  3766567   40.84%
  23066   435    22908.0000    94    28393.0000    16798.3333  3767208   40.84%
  23078   442    17738.0000   470    28393.0000    16798.3333  3768639   40.84%
Elapsed time = 2484.35 sec. (2500660.72 ticks, tree = 37.09 MB, solutions = 8)
  23087   451    18938.0000   200    28393.0000    16798.3333  3769809   40.84%
  23095   454    18038.0902   758    28393.0000    16798.3333  3771054   40.84%
  23101   460    21392.0000   190    28393.0000    16798.3333  3772242   40.84%
  23116   470    16861.0000   976    28393.0000    16798.3333  3773843   40.84%
  23123   475    20690.0000   511    28393.0000    16798.3333  3774589   40.84%
  23130   482    21948.0000   153    28393.0000    16798.3333  3775415   40.84%
  23137   485    infeasible          28393.0000    16798.3333  3775910   40.84%
  23144   488    18038.0000   862    28393.0000    16798.3333  3776730   40.84%
  23151   495    20196.0000   387    28393.0000    16798.3333  3777359   40.84%
  23161   501    16780.2217   960    28393.0000    16798.3333  3778689   40.84%
Elapsed time = 2525.39 sec. (2541622.25 ticks, tree = 51.26 MB, solutions = 8)
  23169   505    17080.0000   924    28393.0000    16798.3333  3779805   40.84%
  23175   510    18638.0000   392    28393.0000    16798.3333  3780753   40.84%
  23189   518    19896.0000   194    28393.0000    16798.3333  3782303   40.84%
  23203   527    18038.0000   666    28393.0000    16798.3333  3784256   40.84%
  23212   534    21948.0000   291    28393.0000    16798.3333  3785163   40.84%
  23222   540    18038.0000   868    28393.0000    16798.3333  3786555   40.84%
  23232   550    21392.0000   162    28393.0000    16798.3333  3787639   40.84%
  23254   567    17738.0000   841    28393.0000    16798.3333  3788943   40.84%
  23268   581    24017.0000    32    28393.0000    16798.3333  3790780   40.84%
  23284   590    18338.0000   706    28393.0000    16798.3333  3791842   40.84%
Elapsed time = 2564.39 sec. (2582002.75 ticks, tree = 72.51 MB, solutions = 8)
  23296   601    21118.0000   160    28393.0000    16798.3333  3792797   40.84%
* 23311   607      integral     0    28312.0000    16798.3333  3793621   40.67%
  23315   611    18038.0000   617    28312.0000    16798.3333  3794314   40.67%
  23324   620    20047.0000   117    28312.0000    16798.3333  3795564   40.67%
  23345   632    17738.0000   729    28312.0000    16798.3333  3796619   40.67%
  23355   640    18766.0000   324    28312.0000    16798.3333  3797669   40.67%
  23365   644    17738.0000   938    28312.0000    16798.3333  3799175   40.67%
  23371   650    18338.0000   956    28312.0000    16798.3333  3801436   40.67%
  23377   656    18038.0000   465    28312.0000    16798.3333  3804100   40.67%
  23381   658    18938.0000   262    28312.0000    16798.3333  3806358   40.67%
  23389   662    infeasible          28312.0000    16798.3333  3808942   40.67%
Elapsed time = 2604.36 sec. (2623088.42 ticks, tree = 85.52 MB, solutions = 9)
  23391   664    16780.0000   960    28312.0000    16798.3333  3814802   40.67%
  23399   672    22153.0686   390    28312.0000    16798.3333  3816272   40.67%
  23411   678    infeasible          28312.0000    16798.3333  3817029   40.67%
  23417   682    18638.0000   656    28312.0000    16798.3333  3817983   40.67%
  23426   686    18119.0000   736    28312.0000    16798.3333  3818963   40.67%
  23448   701    17080.0000   878    28312.0000    16798.3333  3821103   40.67%
  23455   708    18038.0000   456    28312.0000    16798.3333  3822532   40.67%
  23465   716    19790.0000   165    28312.0000    16798.3333  3823166   40.67%
  23489   732    17738.0000   605    28312.0000    16798.3333  3825086   40.67%
  23497   736    17380.0000   926    28312.0000    16798.3333  3826305   40.67%
Elapsed time = 2641.36 sec. (2664564.76 ticks, tree = 102.59 MB, solutions = 9)
  23503   738    18338.0000   788    28312.0000    16798.3333  3827962   40.67%
  23514   741    infeasible          28312.0000    16798.3333  3828662   40.67%
  23524   751    18338.0000   358    28312.0000    16798.3333  3829209   40.67%
  23535   759    21648.0000   120    28312.0000    16798.3333  3829842   40.67%
  23564   779    17738.0000   784    28312.0000    16798.3333  3830822   40.67%
  23572   783    17738.0000   865    28312.0000    16798.3333  3831560   40.67%
  23582   789    18338.0000   430    28312.0000    16798.3333  3832226   40.67%
  23595   796    17080.0000   938    28312.0000    16798.3333  3834297   40.67%
  23603   801    19238.0000   515    28312.0000    16798.3333  3834932   40.67%
  23612   804    18038.0000   831    28312.0000    16861.0000  3835700   40.45%
Elapsed time = 2682.94 sec. (2706055.02 ticks, tree = 118.72 MB, solutions = 9)
  23621   803    17161.0000   898    28312.0000    16861.0000  3836536   40.45%
  23633   810    16861.0000   993    28312.0000    16861.0000  3837986   40.45%
  23642   819    19896.0000   288    28312.0000    16861.0000  3839161   40.45%
* 23664   832      integral     0    27676.0000    16861.0000  3840654   39.08%
  23665   832    17738.0000   880    27676.0000    16861.0000  3841134   39.08%
  23673   838    18338.0000   357    27676.0000    16861.0000  3842021   39.08%
  23680   845    23844.0000   139    27676.0000    16861.0000  3842826   39.08%
  23691   856    26154.0000    48    27676.0000    16861.0000  3843340   39.08%
  23704   865    18338.0000   433    27676.0000    16861.0000  3844313   39.08%
  23718   871    16861.0000   957    27676.0000    16861.0000  3846196   39.08%
  23727   878    17808.0000   396    27676.0000    16861.0000  3847532   39.08%
Elapsed time = 2723.49 sec. (2747248.19 ticks, tree = 136.94 MB, solutions = 10)
  23740   887    23411.0000   169    27676.0000    16861.0000  3848910   39.08%
  23752   892    17819.0000   854    27676.0000    16861.0000  3850041   39.08%
  23760   899    18638.0000   404    27676.0000    16861.0000  3851028   39.08%
* 23764+  850                        25924.0000    16861.0000            34.96%
  23766   854    18038.0000   727    25924.0000    17080.0000  3852353   34.12%
  23776   862    19790.0000   190    25924.0000    17080.0000  3853210   34.12%
  23797   874    17738.0000   769    25924.0000    17080.0000  3854700   34.12%
  23805   881    18338.0000   385    25924.0000    17080.0000  3855585   34.12%
  23824   891    18038.0000   562    25924.0000    17080.0000  3857372   34.12%
  23833   893    infeasible          25924.0000    17080.0000  3858561   34.12%
  23840   899    24582.0000   357    25924.0000    17080.0000  3859652   34.12%
Elapsed time = 2762.73 sec. (2786975.41 ticks, tree = 147.69 MB, solutions = 11)
  23849   902    18996.0000   663    25924.0000    17080.0000  3860728   34.12%
  23854   907    20277.0000   372    25924.0000    17080.0000  3861202   34.12%
  23864   910    18938.0000   722    25924.0000    17080.0000  3862284   34.12%
  23873   915    18638.0000   390    25924.0000    17080.0000  3863747   34.12%
  23888   923    18038.0000   820    25924.0000    17080.0000  3864892   34.12%
  23899   928    18038.0000   622    25924.0000    17080.0000  3866073   34.12%
  23907   936    18338.0000   277    25924.0000    17080.0000  3866811   34.12%
  23917   937    17738.0000   767    25924.0000    17080.0000  3867897   34.12%
  23924   942    18638.0000   738    25924.0000    17080.0000  3868479   34.12%
  23931   945    21948.0000   380    25924.0000    17080.0000  3869367   34.12%
Elapsed time = 2804.88 sec. (2827601.59 ticks, tree = 158.44 MB, solutions = 11)
  23943   953    24466.0000    85    25924.0000    17080.0000  3870601   34.12%
  23955   957    18638.0000   639    25924.0000    17080.0000  3871417   34.12%
  23964   964    22250.0000   194    25924.0000    17080.0000  3872298   34.12%
  23973   969    18038.0000   758    25924.0000    17080.0000  3873021   34.12%
  23983   977    20566.0000   194    25924.0000    17080.0000  3874437   34.12%
  23996   983    18038.0000   734    25924.0000    17080.0000  3875380   34.12%
  24004   991    18638.0000   238    25924.0000    17080.0000  3876194   34.12%
  24014   999    22548.0000    72    25924.0000    17080.0000  3877148   34.12%
  24035  1012    18038.0000   818    25924.0000    17080.0000  3878055   34.12%
  24042  1018    19538.0000   334    25924.0000    17080.0000  3878917   34.12%
Elapsed time = 2845.61 sec. (2867893.01 ticks, tree = 175.78 MB, solutions = 11)
  24054  1026    infeasible          25924.0000    17080.0000  3880065   34.12%
  24061  1032    20690.0000   340    25924.0000    17080.0000  3880862   34.12%
  24077  1044    17738.0000   834    25924.0000    17080.0000  3881927   34.12%
  24084  1049    18338.0000   392    25924.0000    17080.0000  3882813   34.12%
  24094  1052    18338.0000   828    25924.0000    17080.0000  3884063   34.12%
  24102  1059    21418.0000   410    25924.0000    17080.0000  3887067   34.12%
  24113  1065    18038.0000   823    25924.0000    17080.0000  3889046   34.12%
  24120  1072    18686.0000   354    25924.0000    17080.0000  3890142   34.12%
  24129  1073    18419.0000   605    25924.0000    17080.0000  3891325   34.12%
  24137  1078    22629.0000   178    25924.0000    17080.0000  3892371   34.12%
Elapsed time = 2886.33 sec. (2909079.28 ticks, tree = 189.63 MB, solutions = 11)
  24144  1081    18338.0000   578    25924.0000    17080.0000  3893355   34.12%
  24152  1087    19296.0000   228    25924.0000    17080.0000  3894321   34.12%
  24170  1099    18038.0000   838    25924.0000    17080.0000  3895570   34.12%
  24178  1105    21350.0000   492    25924.0000    17080.0000  3896060   34.12%
  24184  1111    21650.0000   248    25924.0000    17080.0000  3896830   34.12%
  24190  1115    24660.0000    56    25924.0000    17080.0000  3897695   34.12%
  24199  1116    infeasible          25924.0000    17080.0000  3899377   34.12%
  24206  1122    21350.0000   238    25924.0000    17080.0000  3900542   34.12%
  24215  1126    17738.0000   901    25924.0000    17080.0000  3901597   34.12%
  24222  1133    20090.0000   494    25924.0000    17080.0000  3902249   34.12%
Elapsed time = 2928.49 sec. (2949002.81 ticks, tree = 202.96 MB, solutions = 11)
  24236  1139    17819.0000   783    25924.0000    17080.0000  3904308   34.12%
  24246  1144    24882.0000   148    25924.0000    17080.0000  3906476   34.12%
  24256  1146    19538.0000   662    25924.0000    17080.0000  3908122   34.12%
  24270  1152    18338.0000   717    25924.0000    17080.0000  3910315   34.12%
  24277  1159    20390.0000   506    25924.0000    17080.0000  3912691   34.12%
  24288  1170    22908.0000   138    25924.0000    17080.0000  3914601   34.12%
  24305  1181    infeasible          25924.0000    17080.0000  3916255   34.12%
  24312  1184    17738.0000   708    25924.0000    17080.0000  3916892   34.12%
  24328  1193    17738.0000   836    25924.0000    17080.0000  3918362   34.12%
  24336  1197    18038.0000   771    25924.0000    17080.0000  3919835   34.12%
Elapsed time = 2966.06 sec. (2990076.29 ticks, tree = 217.51 MB, solutions = 11)
  24342  1203    19490.0000   275    25924.0000    17080.0000  3922484   34.12%
  24349  1209    21754.0000    69    25924.0000    17080.0000  3924508   34.12%
* 24363  1217      integral     0    25843.0000    17080.0000  3925487   33.91%
  24366  1219    18038.0000   595    25843.0000    17080.0000  3928805   33.91%
  24372  1223    18338.0000   368    25843.0000    17080.0000  3931289   33.91%
  24378  1227    21348.0000   258    25843.0000    17080.0000  3932047   33.91%
  24384  1233    24406.0000    83    25843.0000    17080.0000  3933346   33.91%
  24394  1237    18338.0000   680    25843.0000    17080.0902  3934684   33.91%
  24402  1245    18938.0000   208    25843.0000    17080.0902  3935847   33.91%
  24409  1248    18038.0902   838    25843.0000    17080.0902  3936893   33.91%
  24419  1258    22976.0000   128    25843.0000    17080.0902  3937945   33.91%
Elapsed time = 3006.57 sec. (3031064.58 ticks, tree = 227.09 MB, solutions = 12)
  24434  1266    18338.0000   508    25843.0000    17135.0000  3939312   33.70%
  24444  1271    20196.0000   813    25843.0000    17161.0000  3940742   33.60%
  24450  1275    18638.0000   408    25843.0000    17161.0000  3941494   33.60%
  24461  1284    19896.0000   130    25843.0000    17161.0000  3942535   33.60%
  24478  1297    25560.0000    46    25843.0000    17161.0000  3943275   33.60%
  24488  1301    18638.0000   300    25843.0000    17380.0000  3944314   32.75%
  24499  1305    17819.0000   578    25843.0000    17380.0000  3945981   32.75%
  24507  1313    18719.0000   200    25843.0000    17380.0000  3946809   32.75%
  24516  1318    18338.0000   716    25843.0000    17380.0000  3947484   32.75%
  24523  1323    18638.0000   298    25843.0000    17380.0000  3948332   32.75%
Elapsed time = 3047.67 sec. (3072832.66 ticks, tree = 242.31 MB, solutions = 12)
  24531  1327    infeasible          25843.0000    17380.0000  3949381   32.75%
  24536  1332    18419.0000   534    25843.0000    17380.0000  3950711   32.75%
  24543  1333    infeasible          25843.0000    17380.0000  3951398   32.75%
  24552  1335    18638.0000   793    25843.0000    17380.0000  3953068   32.75%
  24560  1342    20796.0000   315    25843.0000    17380.0000  3953934   32.75%
  24570  1348    18638.0000   831    25843.0000    17380.0000  3955463   32.75%
  24577  1355    21650.0000   280    25843.0000    17380.0000  3956481   32.75%
  24587  1361    18338.0000   458    25843.0000    17380.0000  3957906   32.75%
  24597  1371    22511.0000   194    25843.0000    17380.0000  3961142   32.75%
  24608  1375    21648.0000   333    25843.0000    17380.0000  3962848   32.75%
Elapsed time = 3086.62 sec. (3112630.98 ticks, tree = 253.16 MB, solutions = 12)
  24620  1378    18338.0000   733    25843.0000    17380.0000  3965093   32.75%
  24627  1382    20690.0000   511    25843.0000    17380.0000  3965652   32.75%
  24633  1387    22248.0000   212    25843.0000    17380.0000  3966228   32.75%
  24651  1401    22811.0000   295    25843.0000    17380.0000  3968170   32.75%
  24668  1411    21253.0000   320    25843.0000    17380.0000  3970173   32.75%
  24680  1416    infeasible          25843.0000    17380.0000  3972005   32.75%
  24689  1422    24582.0000   219    25843.0000    17380.0000  3973794   32.75%
  24709  1431    18038.0000   807    25843.0000    17461.0000  3976408   32.43%
  24716  1436    infeasible          25843.0000    17461.0000  3977425   32.43%
  24730  1442    18338.0000   677    25843.0000    17461.0000  3979392   32.43%
Elapsed time = 3124.87 sec. (3152945.06 ticks, tree = 269.10 MB, solutions = 12)
  24737  1442    19596.0000   428    25843.0000    17680.0000  3980685   31.59%
  24748  1450    25621.0000   143    25843.0000    17680.0000  3982290   31.59%
  24763  1457    19490.0000   648    25843.0000    17738.0000  3983395   31.36%
  24774  1466    24156.0000   100    25843.0000    17738.0000  3984606   31.36%
  24787  1472    20196.0000   223    25843.0000    17738.0000  3985871   31.36%
  24805  1485    23806.0000    55    25843.0000    17738.0000  3986932   31.36%
  24824  1492    infeasible          25843.0000    17738.0000  3988950   31.36%
  24839  1500    17980.0000   394    25843.0000    17738.0000  3990454   31.36%
  24851  1508    20266.0000   168    25843.0000    17738.0000  3991906   31.36%
  24869  1510    infeasible          25843.0000    17738.0000  3993812   31.36%
Elapsed time = 3163.57 sec. (3193490.83 ticks, tree = 285.28 MB, solutions = 12)
  24881  1516    17738.0000   409    25843.0000    17738.0000  3995466   31.36%
  24897  1525    18038.0000   343    25843.0000    17738.0000  3996490   31.36%
  24909  1533    22782.0000    88    25843.0000    17738.0000  3998345   31.36%
* 24929  1519      integral     0    25664.0000    17738.0000  3999202   30.88%
  24934  1524    20196.0000   228    25664.0000    17738.0000  3999978   30.88%
  24948  1530    17738.0000   266    25664.0000    17738.0000  4001394   30.88%
  24966  1543    24406.0000    46    25664.0000    17738.0000  4002917   30.88%
  24981  1546    20196.0000   163    25664.0000    17738.0000  4004291   30.88%
  24993  1553    18338.0000   181    25664.0000    17738.0000  4005686   30.88%
  25011  1565    19490.0000   246    25664.0000    17738.0000  4006814   30.88%
  25024  1571    18338.0000   530    25664.0000    17738.0000  4008107   30.88%
Elapsed time = 3201.46 sec. (3233751.74 ticks, tree = 300.92 MB, solutions = 13)
  25029  1576    18686.0000   370    25664.0000    17738.0000  4009333   30.88%
  25036  1578    18338.0000   526    25664.0000    17738.0000  4012348   30.88%
  25044  1584    21484.0000    92    25664.0000    17738.0000  4014035   30.88%
  25055  1590    20953.0000   216    25664.0000    17738.0000  4015369   30.88%
  25072  1601    20277.0000   385    25664.0000    17738.0000  4017096   30.88%
  25081  1602    17738.0000   533    25664.0000    17738.0000  4018303   30.88%
  25091  1609    20990.0000   214    25664.0000    17738.0000  4019233   30.88%
  25105  1617    18038.0000   463    25664.0000    17738.0000  4021201   30.88%
  25114  1624    20196.0000   245    25664.0000    17738.0000  4021960   30.88%
  25123  1628    18038.0000   367    25664.0000    17738.0000  4022616   30.88%
Elapsed time = 3239.35 sec. (3275317.79 ticks, tree = 312.48 MB, solutions = 13)
  25133  1636    23387.0000   152    25664.0000    17738.0000  4023941   30.88%
  25143  1642    18338.0000   205    25664.0000    17738.0000  4025049   30.88%
  25155  1652    22054.0000    82    25664.0000    17738.0000  4026075   30.88%
  25173  1653    18038.0000   368    25664.0000    17738.0000  4027232   30.88%
  25190  1664    infeasible          25664.0000    17738.0000  4028549   30.88%
  25203  1673    24357.0000    56    25664.0000    17738.0000  4030097   30.88%
  25227  1692        cutoff          25664.0000    17738.0000  4031435   30.88%
  25252  1707    22329.0000   106    25664.0000    17738.0000  4032341   30.88%
  25277  1723    22424.0000   216    25664.0000    17738.0000  4033949   30.88%
  25292  1734    19538.0000   140    25664.0000    17738.0000  4035095   30.88%
Elapsed time = 3276.38 sec. (3315350.56 ticks, tree = 337.55 MB, solutions = 13)
  25313  1744    18338.0000   634    25664.0000    17738.0000  4036286   30.88%
  25320  1749    18938.0000   381    25664.0000    17738.0000  4036950   30.88%
  25329  1758    21754.0000   155    25664.0000    17738.0000  4037794   30.88%
  25337  1762    18938.0000   685    25664.0000    17738.0000  4039109   30.88%
  25343  1768    21948.0000   203    25664.0000    17738.0000  4040051   30.88%
  25358  1771    18038.0000   682    25664.0000    17738.0000  4041936   30.88%
  25365  1776    20390.0000   304    25664.0000    17738.0000  4042562   30.88%
  25373  1782    23508.0000    96    25664.0000    17738.0000  4043376   30.88%
  25384  1784    18338.0000   430    25664.0000    17738.0000  4044020   30.88%
  25395  1787    infeasible          25664.0000    17738.0000  4045622   30.88%
Elapsed time = 3318.39 sec. (3357667.28 ticks, tree = 350.44 MB, solutions = 13)
  25402  1792    19666.0000   278    25664.0000    17738.0000  4048144   30.88%
  25423  1804    18638.0000   578    25664.0000    17738.0000  4049928   30.88%
  25432  1810    19490.0000   398    25664.0000    17738.0000  4050822   30.88%
  25440  1816    infeasible          25664.0000    17738.0000  4051655   30.88%
  25448  1820    19790.0000   394    25664.0000    17738.0000  4052349   30.88%
  25459  1829    20690.0000   227    25664.0000    17738.0000  4053175   30.88%
  25480  1842    18038.0000   828    25664.0000    17738.0000  4054261   30.88%
  25486  1848    20690.0000   256    25664.0000    17738.0000  4055147   30.88%
  25494  1852    17738.0000   628    25664.0000    17738.0000  4056286   30.88%
  25513  1861    18338.0000   475    25664.0000    17738.0000  4057767   30.88%
Elapsed time = 3356.43 sec. (3397224.04 ticks, tree = 367.56 MB, solutions = 13)
  25534  1877    23889.0000    62    25664.0000    17738.0000  4059714   30.88%
  25545  1878    18938.0000   532    25664.0000    17738.0000  4060939   30.88%
  25556  1881    infeasible          25664.0000    17738.0000  4062082   30.88%
  25567  1890    19571.0000   446    25664.0000    17738.0000  4062870   30.88%
  25575  1896    22978.0000   167    25664.0000    17738.0000  4063683   30.88%
  25590  1900    18038.0000   494    25664.0000    17738.0000  4064915   30.88%
  25598  1904    22248.0000   272    25664.0000    17738.0000  4065543   30.88%
  25612  1911    18719.0000   458    25664.0000    17738.0000  4066773   30.88%
  25620  1914    18038.0000   724    25664.0000    17738.0000  4067788   30.88%
  25627  1921    21350.0000   193    25664.0000    17738.0000  4068676   30.88%
Elapsed time = 3395.46 sec. (3436915.54 ticks, tree = 381.87 MB, solutions = 13)
  25640  1931    24960.0000    32    25664.0000    17738.0000  4069786   30.88%
  25651  1935    18338.0000   558    25664.0000    17738.0000  4071110   30.88%
  25657  1941    21835.0000   229    25664.0000    17738.0000  4072225   30.88%
  25669  1944    20196.0000   574    25664.0000    17738.0000  4073542   30.88%
  25675  1950    20496.0000   248    25664.0000    17738.0000  4073988   30.88%
  25684  1954    20277.0686   393    25664.0000    17738.0000  4075418   30.88%
  25697  1962    18338.0000   745    25664.0000    17738.0000  4076607   30.88%
  25703  1968    18719.0000   188    25664.0000    17738.0000  4077635   30.88%
  25717  1978    18338.0000   687    25664.0000    17738.0000  4078878   30.88%
  25724  1983    18419.0000   317    25664.0000    17738.0000  4079688   30.88%
Elapsed time = 3437.05 sec. (3478231.32 ticks, tree = 396.43 MB, solutions = 13)
  25734  1989    17738.0000   921    25664.0000    17738.0000  4080716   30.88%
  25741  1994    18038.0000   631    25664.0000    17738.0000  4081238   30.88%
  25749  2000    22248.0000   180    25664.0000    17738.0000  4082113   30.88%
  25759  2006    20196.0000   542    25664.0000    17738.0000  4083243   30.88%
  25769  2014    23576.0000   195    25664.0000    17738.0000  4084456   30.88%
  25783  2020    22892.0000   306    25664.0000    17738.0000  4085743   30.88%
  25794  2022    18038.0000   762    25664.0000    17738.0000  4086712   30.88%
  25802  2030    20690.0000   243    25664.0000    17738.0000  4087469   30.88%
  25821  2043    17738.0000   586    25664.0000    17738.0000  4089025   30.88%
  25830  2042    infeasible          25664.0000    17738.0000  4090543   30.88%
Elapsed time = 3477.38 sec. (3519221.57 ticks, tree = 410.52 MB, solutions = 13)
  25839  2049    20390.0000   437    25664.0000    17738.0000  4091557   30.88%
  25854  2056    infeasible          25664.0000    17738.0000  4093107   30.88%
  25864  2064    19966.0000   116    25664.0000    17738.0000  4094581   30.88%
  25873  2067    19008.0000   178    25664.0000    17738.0000  4096329   30.88%
  25884  2068    infeasible          25664.0000    17738.0000  4098067   30.88%
  25892  2076    19178.0000   136    25664.0000    17738.0000  4099444   30.88%
  25903  2077    18038.0000   416    25664.0000    17738.0000  4100977   30.88%
  25913  2082    18338.0000   265    25664.0000    17738.0000  4101920   30.88%
  25924  2092    24045.0000    47    25664.0000    17738.0000  4103213   30.88%
  25936  2099    19790.0000   350    25664.0000    17738.0000  4104565   30.88%
Elapsed time = 3515.90 sec. (3560268.85 ticks, tree = 423.76 MB, solutions = 13)
  25941  2104    21648.0000   150    25664.0000    17738.0000  4105250   30.88%
  25951  2108    18038.0000   420    25664.0000    17738.0000  4106325   30.88%
  25960  2107    18038.0000   766    25664.0000    17738.0000  4107443   30.88%
  25969  2114    18719.0000   353    25664.0000    17738.0000  4108177   30.88%
  25976  2117    23382.0000   308    25664.0000    17738.0000  4109511   30.88%
  25989  2126    20196.0000   232    25664.0000    17738.0000  4110756   30.88%
  25999  2132    21648.0000   193    25664.0000    17738.0000  4112417   30.88%
  26009  2138    18686.0000   454    25664.0000    17738.0000  4115652   30.88%
  26017  2146    19238.0000   230    25664.0000    17738.0000  4116493   30.88%
  26025  2154    22308.0000   124    25664.0000    17738.0000  4117700   30.88%
Elapsed time = 3556.47 sec. (3601204.04 ticks, tree = 427.87 MB, solutions = 13)
  26036  2161    21454.0000   167    25664.0000    17738.0000  4120504   30.88%
  26050  2167    17738.0997   879    25664.0000    17738.0000  4121570   30.88%
  26058  2174    18938.0000   667    25664.0000    17738.0000  4121902   30.88%
  26065  2178    20196.0000   252    25664.0000    17738.0000  4122846   30.88%
  26081  2187    24000.0000    44    25664.0000    17738.0000  4124142   30.88%
  26092  2192    18419.0000   573    25664.0000    17738.0000  4125061   30.88%
  26098  2198    22654.0000    80    25664.0000    17738.0000  4126229   30.88%
  26108  2201    18638.0000   631    25664.0000    17738.0000  4127443   30.88%
  26115  2206    23208.0000   141    25664.0000    17738.0000  4128515   30.88%
  26124  2209    20496.0000   510    25664.0000    17738.0000  4129979   30.88%
Elapsed time = 3597.86 sec. (3642839.26 ticks, tree = 440.33 MB, solutions = 13)
  26131  2215    21948.0000   208    25664.0000    17738.0000  4131597   30.88%
  26138  2218    20496.0000   292    25664.0000    17738.0000  4132869   30.88%
  26146  2222    22248.0000   178    25664.0000    17738.0000  4133544   30.88%
  26154  2224    20796.0000   310    25664.0000    17738.0000  4135035   30.88%
  26165  2233    23506.0000   144    25664.0000    17738.0000  4136238   30.88%
  26178  2239    18719.0000   484    25664.0000    17738.0000  4137048   30.88%
  26184  2243    21648.0000   112    25664.0000    17738.0000  4138409   30.88%
  26200  2252    17819.0000   673    25664.0000    17738.0000  4139098   30.88%
  26209  2257    22153.0000   146    25664.0000    17738.0000  4139951   30.88%
  26222  2264    18938.0000   344    25664.0000    17738.0000  4140668   30.88%
Elapsed time = 3639.69 sec. (3684553.03 ticks, tree = 453.49 MB, solutions = 13)
  26231  2269    21696.0000   124    25664.0000    17738.0000  4141295   30.88%
  26240  2272    18638.0000   412    25664.0000    17738.0000  4142013   30.88%
  26248  2276    22606.0000   124    25664.0000    17738.0000  4142689   30.88%
  26259  2277    18038.0000   657    25664.0000    17738.0000  4144070   30.88%
  26266  2282    18119.0000   547    25664.0000    17738.0000  4144705   30.88%
  26274  2287    20471.0000   262    25664.0000    17738.0000  4145546   30.88%
  26281  2289    22608.0000    98    25664.0000    17738.0000  4146434   30.88%
  26296  2294    17738.0000   942    25664.0000    17738.0000  4148267   30.88%
  26303  2299    19896.0000   706    25664.0000    17738.0000  4149262   30.88%
  26309  2303    21948.0000   429    25664.0000    17738.0000  4150174   30.88%
Elapsed time = 3682.95 sec. (3725982.30 ticks, tree = 462.88 MB, solutions = 13)
  26318  2310    22908.0000   144    25664.0000    17738.0000  4151279   30.88%
  26327  2311    18038.0000   900    25664.0000    17738.0000  4154066   30.88%
  26335  2318    18119.0000   382    25664.0000    17738.0000  4155764   30.88%
  26342  2320    17738.0000   683    25664.0000    17738.0000  4156868   30.88%
  26350  2322    17738.0000   664    25664.0000    17738.0000  4157252   30.88%
  26356  2328    19871.0000   494    25664.0000    17738.0000  4158185   30.88%
  26374  2340    24663.0000    80    25664.0000    17738.0000  4160206   30.88%
  26390  2346    17738.0000   602    25664.0000    17738.0000  4161609   30.88%
  26404  2351        cutoff          25664.0000    17738.0000  4163089   30.88%
  26412  2358    22805.0000   389    25664.0000    17738.0000  4163894   30.88%
Elapsed time = 3723.58 sec. (3767132.80 ticks, tree = 475.57 MB, solutions = 13)
  26424  2362    infeasible          25664.0000    17738.0000  4165524   30.88%
  26433  2365    18638.0000   488    25664.0000    17738.0000  4166202   30.88%
  26438  2370    21350.0000   219    25664.0000    17738.0000  4167200   30.88%
  26447  2373    17738.0000   792    25664.0000    17738.0000  4167909   30.88%
  26455  2379    18338.0000   332    25664.0000    17738.0000  4168887   30.88%
  26463  2385    22908.0000   104    25664.0000    17738.0000  4170026   30.88%
  26474  2391    20196.0000   338    25664.0000    17738.0000  4170824   30.88%
  26478  2395    22054.0000   128    25664.0000    17738.0000  4171433   30.88%
  26486  2399    18638.0000   372    25664.0000    17738.0000  4172171   30.88%
  26491  2404    21948.0000   126    25664.0000    17738.0000  4173227   30.88%
Elapsed time = 3767.72 sec. (3809723.15 ticks, tree = 486.37 MB, solutions = 13)
  26499  2408    19019.0000   520    25664.0000    17738.0000  4174291   30.88%
  26506  2411    infeasible          25664.0000    17738.0000  4174916   30.88%
  26513  2416    20796.0000   268    25664.0000    17738.0000  4177063   30.88%
  26530  2425    19896.0000   374    25664.0000    17738.0000  4178914   30.88%
  26537  2426    18638.0000   684    25664.0000    17738.0000  4180058   30.88%
  26542  2430    21173.0000   201    25664.0000    17738.0000  4180837   30.88%
  26556  2439    18638.0000   442    25664.0000    17738.0000  4181948   30.88%
  26567  2446    17738.0000   564    25664.0000    17738.0000  4182950   30.88%
  26575  2450    infeasible          25664.0000    17738.0000  4183812   30.88%
  26583  2454    infeasible          25664.0000    17738.0000  4185322   30.88%
Elapsed time = 3808.83 sec. (3851108.70 ticks, tree = 498.36 MB, solutions = 13)
  26592  2459    20496.0000   246    25664.0000    17738.0000  4186352   30.88%
  26601  2464    19677.0000   506    25664.0000    17738.0000  4187343   30.88%
  26611  2472    22329.0000   129    25664.0000    17738.0000  4188064   30.88%
  26628  2484    20196.0000   494    25664.0000    17738.0000  4189131   30.88%
  26637  2491    21948.0000   153    25664.0000    17738.0000  4189847   30.88%
  26647  2496    18038.0000   586    25664.0000    17738.0000  4190719   30.88%
  26655  2502    21348.0000   202    25664.0000    17738.0000  4191501   30.88%
  26665  2508    20390.0000   408    25664.0000    17738.0000  4193184   30.88%
  26681  2516    18038.0000   777    25664.0000    17738.0000  4194215   30.88%
  26688  2521    21648.0000   315    25664.0000    17738.0000  4195039   30.88%
Elapsed time = 3849.36 sec. (3891773.53 ticks, tree = 513.89 MB, solutions = 13)
  26699  2527        cutoff          25664.0000    17738.0000  4196047   30.88%
  26708  2532    18338.0000   528    25664.0000    17738.0000  4196728   30.88%
  26723  2542    18038.0000   500    25664.0000    17738.0000  4197987   30.88%
  26732  2547    20796.0000   538    25664.0000    17738.0000  4198772   30.88%
  26743  2554    18119.0000   697    25664.0000    17738.0000  4200269   30.88%
  26748  2559    18938.0000   374    25664.0000    17738.0000  4200607   30.88%
  26755  2562    18038.0000   858    25664.0000    17738.0000  4201751   30.88%
  26761  2567    18038.0000   245    25664.0000    17738.0000  4202774   30.88%
  26771  2576    22248.0000   136    25664.0000    17738.0000  4203571   30.88%
  26783  2582    25364.0000    53    25664.0000    17738.0000  4204395   30.88%
Elapsed time = 3889.32 sec. (3931929.07 ticks, tree = 528.23 MB, solutions = 13)
  26796  2587    20196.0000   528    25664.0000    17738.0000  4205073   30.88%
  26814  2595    17738.0000   696    25664.0000    17738.0000  4206579   30.88%
  26820  2599    20390.0000   624    25664.0000    17738.0000  4207547   30.88%
  26829  2601    20390.0000   356    25664.0000    17738.0000  4208016   30.88%
  26836  2604    18038.0000   568    25664.0000    17738.0000  4209030   30.88%
  26843  2609    20277.0000   306    25664.0000    17738.0000  4210061   30.88%
  26854  2612    18038.0000   648    25664.0000    17738.0000  4211931   30.88%
  26863  2621    19896.0000   254    25664.0000    17738.0000  4212812   30.88%
  26873  2626    19896.0000   480    25664.0000    17738.0000  4214561   30.88%
  26880  2633    23506.0000   151    25664.0000    17738.0000  4215404   30.88%
Elapsed time = 3930.89 sec. (3973011.97 ticks, tree = 540.22 MB, solutions = 13)
  26894  2638    20496.0000   373    25664.0000    17738.0000  4216401   30.88%
  26903  2646    22054.0000    75    25664.0000    17738.0000  4217097   30.88%
  26913  2653    21418.0000   158    25664.0000    17738.0000  4218189   30.88%
  26930  2660    18338.0000   396    25664.0000    17738.0000  4219483   30.88%
  26951  2675    23082.0000   118    25664.0000    17738.0000  4220847   30.88%
  26965  2678    17738.0000   758    25664.0000    17738.0000  4222180   30.88%
  26975  2686    23982.0000   233    25664.0000    17738.0000  4223031   30.88%
  26985  2693    18638.0000   562    25664.0000    17738.0000  4223596   30.88%
  26994  2699    20690.0000   106    25664.0000    17738.0000  4224421   30.88%
  27008  2707    18338.0000   595    25664.0000    17738.0000  4225516   30.88%
Elapsed time = 3969.97 sec. (4013153.77 ticks, tree = 557.61 MB, solutions = 13)
  27018  2717    22424.0000   220    25664.0000    17738.0000  4226284   30.88%
  27032  2725    18338.0000   527    25664.0000    17738.0000  4227323   30.88%
  27037  2730    18638.0000   223    25664.0000    17738.0000  4229278   30.88%
  27046  2735    21454.0000    88    25664.0000    17738.0000  4231801   30.88%
  27057  2744    21648.0000    96    25664.0000    17738.0000  4234074   30.88%
  27074  2748    18038.0000   717    25664.0000    17738.0000  4236292   30.88%
  27083  2757    24108.0000   189    25664.0000    17738.0000  4237319   30.88%
  27099  2761    17738.0000   914    25664.0000    17738.0000  4238581   30.88%
  27106  2767    20990.0000   551    25664.0000    17738.0000  4238929   30.88%
  27113  2772    25560.0000   128    25664.0000    17738.0000  4239877   30.88%
Elapsed time = 4009.12 sec. (4053856.40 ticks, tree = 567.23 MB, solutions = 13)
  27121  2775    19019.0000   751    25664.0000    17738.0000  4240662   30.88%
  27127  2778    18038.0000   548    25664.0000    17738.0000  4241478   30.88%
  27135  2784    21948.0000   262    25664.0000    17738.0000  4242646   30.88%
  27146  2791    24706.0000    70    25664.0000    17738.0000  4243137   30.88%
  27155  2794    20496.0000   350    25664.0000    17738.0000  4244510   30.88%
  27164  2802    22654.0000   144    25664.0000    17738.0000  4245477   30.88%
  27174  2806    20196.0000   382    25664.0000    17738.0000  4247067   30.88%
  27186  2813    18038.0000   854    25664.0000    17738.0000  4248186   30.88%
  27193  2820    20496.0000   346    25664.0000    17738.0000  4248860   30.88%
  27198  2825    22954.0000   101    25664.0000    17738.0000  4249759   30.88%
Elapsed time = 4050.18 sec. (4094870.04 ticks, tree = 574.71 MB, solutions = 13)
  27205  2827    infeasible          25664.0000    17738.0000  4250916   30.88%
  27211  2829    19596.0000   744    25664.0000    17738.0000  4254247   30.88%
  27221  2835    17738.0000   760    25664.0000    17738.0000  4255169   30.88%
  27227  2841    20990.0000   236    25664.0000    17738.0000  4256249   30.88%
  27237  2843    19238.0000   521    25664.0000    17738.0000  4257443   30.88%
  27246  2849    22606.0000   146    25664.0000    17738.0000  4259224   30.88%
  27258  2852    17738.0000   759    25664.0000    17738.0000  4260063   30.88%
  27269  2859    21348.0000   212    25664.0000    17738.0000  4261175   30.88%
  27281  2865    infeasible          25664.0000    17738.0000  4262270   30.88%
  27296  2870    infeasible          25664.0000    17738.0000  4263467   30.88%
Elapsed time = 4090.76 sec. (4135230.35 ticks, tree = 585.07 MB, solutions = 13)
  27300  2873    18938.0000   434    25664.0000    17738.0000  4265567   30.88%
  27315  2880    infeasible          25664.0000    17738.0000  4266815   30.88%
  27322  2883    20196.0000   514    25664.0000    17738.0000  4267464   30.88%
  27333  2893    23806.0000   104    25664.0000    17738.0000  4268665   30.88%
  27352  2901    19896.0000   630    25664.0000    17738.0000  4269537   30.88%
  27363  2910    24315.0000    76    25664.0000    17738.0000  4270562   30.88%
  27374  2915    20990.0000   346    25664.0000    17738.0000  4271471   30.88%
  27380  2920    21998.0000   139    25664.0000    17738.0000  4272162   30.88%
  27387  2925    18338.0000   392    25664.0000    17738.0000  4272781   30.88%
  27393  2930    19596.0000   218    25664.0000    17738.0000  4273573   30.88%
Elapsed time = 4132.85 sec. (4177351.69 ticks, tree = 598.72 MB, solutions = 13)
  27398  2933    21648.0000   134    25664.0000    17738.0000  4274571   30.88%
  27411  2940    18338.0000   718    25664.0000    17738.0000  4276150   30.88%
  27417  2944    19871.0000   528    25664.0000    17738.0000  4276667   30.88%
  27428  2951    18038.0000   754    25664.0000    17738.0000  4280148   30.88%
  27437  2960    21038.0000   306    25664.0000    17738.0000  4281491   30.88%
  27449  2965    18938.0000   482    25664.0000    17738.0000  4282984   30.88%
  27458  2973    22250.0000   272    25664.0000    17738.0000  4283800   30.88%
  27466  2979    24108.0000   102    25664.0000    17738.0000  4284254   30.88%
  27474  2979    18338.0000   700    25664.0000    17738.0000  4285367   30.88%
  27483  2987    20496.0000   165    25664.0000    17738.0000  4286372   30.88%
Elapsed time = 4175.15 sec. (4219145.12 ticks, tree = 610.33 MB, solutions = 13)
  27500  2994    20990.0000   706    25664.0000    17738.0000  4287295   30.88%
  27506  3000    22548.0000   156    25664.0000    17738.0000  4288150   30.88%
  27516  3003    18638.0000   568    25664.0000    17738.0000  4288915   30.88%
  27523  3009    21350.0000   188    25664.0000    17738.0000  4289768   30.88%
  27535  3016    23808.0000   128    25664.0000    17738.0000  4291229   30.88%
  27542  3017    20496.0000   785    25664.0000    17738.0000  4291881   30.88%
  27546  3021    21948.0000   364    25664.0000    17738.0000  4292262   30.88%
  27564  3033    17738.0000   721    25664.0000    17738.0000  4294081   30.88%
  27572  3038    21948.0000   348    25664.0000    17738.0000  4295111   30.88%
  27580  3041    infeasible          25664.0000    17738.0000  4297552   30.88%
Elapsed time = 4218.32 sec. (4261422.09 ticks, tree = 621.69 MB, solutions = 13)
  27587  3048    20690.0000   252    25664.0000    17738.0000  4298304   30.88%
  27600  3053    17738.0000   734    25664.0000    17738.0000  4300341   30.88%
  27607  3057    18938.0000   597    25664.0000    17738.0000  4301158   30.88%
  27616  3062    21350.0000   309    25664.0000    17738.0000  4302927   30.88%
  27627  3069    18938.0000   750    25664.0000    17738.0000  4306487   30.88%
  27634  3074    21650.0000   323    25664.0000    17738.0000  4309970   30.88%
  27643  3081    24363.0000    76    25664.0000    17738.0000  4312775   30.88%
  27650  3082    19790.0000   672    25664.0000    17738.0000  4316315   30.88%
  27657  3087    21650.0000   274    25664.0000    17738.0000  4318462   30.88%
  27666  3090    19066.0000   723    25664.0000    17738.0000  4321258   30.88%
Elapsed time = 4257.55 sec. (4302580.51 ticks, tree = 625.10 MB, solutions = 13)
  27678  3098    19790.0000   324    25664.0000    17738.0000  4322542   30.88%
  27691  3107    18038.0000   720    25664.0000    17738.0000  4325103   30.88%
  27701  3115    infeasible          25664.0000    17738.0000  4326272   30.88%
  27716  3124    18638.0000   872    25664.0000    17738.0000  4330366   30.88%
  27722  3128    19896.0000   632    25664.0000    17738.0000  4331579   30.88%
  27727  3131    infeasible          25664.0000    17738.0000  4333386   30.88%
  27732  3134    18419.0000   566    25664.0000    17738.0000  4334241   30.88%
  27739  3141    19571.0000   241    25664.0000    17738.0000  4334779   30.88%
  27749  3149    20090.0000   200    25664.0000    17738.0000  4337598   30.88%
  27759  3151    18038.0000   961    25664.0000    17738.0000  4341281   30.88%
Elapsed time = 4297.40 sec. (4344399.87 ticks, tree = 631.58 MB, solutions = 13)
  27768  3153    18038.0000   703    25664.0000    17738.0000  4342111   30.88%
  27775  3154    17738.0000   812    25664.0000    17738.0000  4344037   30.88%
  27779  3156    19896.0000   594    25664.0000    17738.0000  4345404   30.88%
  27784  3160    20496.0000   378    25664.0000    17738.0000  4346425   30.88%
  27790  3165    23612.0000   111    25664.0000    17738.0000  4347276   30.88%
  27802  3169    18638.0000   786    25664.0000    17738.0000  4348627   30.88%
  27810  3174    22248.0000   327    25664.0000    17738.0000  4350068   30.88%
  27816  3177    18638.0000   596    25664.0000    17738.0000  4351767   30.88%
  27825  3182    20496.0000   348    25664.0000    17738.0000  4352917   30.88%
  27837  3188    17738.0000   768    25664.0000    17738.0000  4354217   30.88%
Elapsed time = 4338.29 sec. (4385034.66 ticks, tree = 640.29 MB, solutions = 13)
  27844  3189    18338.0000   744    25664.0000    17738.0000  4355849   30.88%
  27850  3194    19871.0000   558    25664.0000    17738.0000  4357288   30.88%
  27861  3203    23278.0000   168    25664.0000    17738.0000  4358711   30.88%
  27878  3204    17738.0000   852    25664.0000    17738.0000  4360002   30.88%
  27885  3211    18638.0000   720    25664.0000    17738.0000  4360355   30.88%
  27895  3219    21948.0000   111    25664.0000    17738.0000  4361501   30.88%
  27907  3224    18038.0938   723    25664.0000    17738.0000  4362104   30.88%
  27914  3227    infeasible          25664.0000    17738.0000  4362618   30.88%
  27920  3233    22548.0000   150    25664.0000    17738.0000  4363438   30.88%
  27935  3241    18338.0000   644    25664.0000    17738.0000  4364765   30.88%
Elapsed time = 4378.67 sec. (4426165.36 ticks, tree = 652.76 MB, solutions = 13)
  27942  3248    18938.0000   290    25664.0000    17738.0000  4365419   30.88%
  27950  3252    20990.0000   347    25664.0000    17738.0000  4366125   30.88%
  27958  3258    23208.0000   140    25664.0000    17738.0000  4366760   30.88%
  27971  3262    25366.0000    74    25664.0000    17738.0000  4367674   30.88%
  27979  3264    20090.0000   495    25664.0000    17738.0000  4369629   30.88%
  27986  3271    22308.0000   240    25664.0000    17738.0000  4371108   30.88%
  27999  3280    24960.0000    44    25664.0000    17738.0000  4373512   30.88%
  28010  3282    20090.0000   547    25664.0000    17738.0000  4374736   30.88%
  28019  3288    22678.0000   148    25664.0000    17738.0000  4376794   30.88%
  28034  3295    18338.0000   767    25664.0000    17738.0000  4379828   30.88%
Elapsed time = 4419.61 sec. (4467384.91 ticks, tree = 658.03 MB, solutions = 13)
  28043  3298    19490.0000   720    25664.0000    17738.0000  4380804   30.88%
  28049  3304    21648.0000   240    25664.0000    17738.0000  4381561   30.88%
  28058  3309    22908.0000   151    25664.0000    17738.0000  4386364   30.88%
  28066  3309    17738.0000   812    25664.0000    17738.0000  4388520   30.88%
  28073  3315    19490.0000   556    25664.0000    17738.0000  4389313   30.88%
  28080  3322    24960.0000    80    25664.0000    17738.0000  4390258   30.88%
  28088  3326    18938.0000   390    25664.0000    17738.0000  4391026   30.88%
  28096  3331    20196.0000   692    25664.0000    17738.0000  4392041   30.88%
  28105  3338    20196.0000   254    25664.0000    17738.0000  4393268   30.88%
  28117  3345    18038.0000   878    25664.0000    17738.0000  4394732   30.88%
Elapsed time = 4461.72 sec. (4509277.81 ticks, tree = 668.65 MB, solutions = 13)
  28123  3348    21948.0000   516    25664.0000    17738.0000  4395310   30.88%
  28132  3351        cutoff          25664.0000    17738.0000  4396455   30.88%
  28137  3354    infeasible          25664.0000    17738.0000  4397425   30.88%
  28143  3358    18638.0000   772    25664.0000    17738.0000  4398197   30.88%
  28150  3365    19238.0000   433    25664.0000    17738.0000  4398763   30.88%
  28157  3368    18638.0000   724    25664.0000    17738.0000  4399020   30.88%
  28164  3375    20277.0000   338    25664.0000    17738.0000  4399702   30.88%
  28170  3381    22654.0000   136    25664.0000    17738.0000  4400534   30.88%
  28181  3385    18038.0000   850    25664.0000    17738.0000  4403068   30.88%
  28187  3391    18038.0000   577    25664.0000    17738.0000  4405366   30.88%
Elapsed time = 4502.36 sec. (4549562.99 ticks, tree = 671.58 MB, solutions = 13)
  28193  3395    20196.0000   536    25664.0000    17738.0000  4407218   30.88%
  28201  3403    21096.0000   282    25664.0000    17738.0000  4408110   30.88%
  28209  3407    18038.0000   777    25664.0000    17738.0000  4410763   30.88%
  28214  3410    18338.0000   715    25664.0000    17738.0000  4414664   30.88%
  28222  3417    22378.0000   254    25664.0000    17738.0000  4416143   30.88%
  28236  3427    17738.0000   778    25664.0000    17738.0000  4423066   30.88%
  28242  3433    20796.0000   338    25664.0000    17738.0000  4425041   30.88%
  28252  3440    infeasible          25664.0000    17738.0000  4425903   30.88%
  28260  3442    18638.0000   509    25664.0000    17738.0000  4426927   30.88%
  28267  3449    20796.0000   302    25664.0000    17738.0000  4427574   30.88%
Elapsed time = 4544.77 sec. (4592343.21 ticks, tree = 677.12 MB, solutions = 13)
  28278  3454    17738.0000   910    25664.0000    17738.0000  4428946   30.88%
  28284  3460    18419.0000   474    25664.0000    17738.0000  4429690   30.88%
  28293  3467    23866.0000   160    25664.0000    17738.0000  4430535   30.88%
  28303  3469    18338.0000   727    25664.0000    17738.0000  4431612   30.88%
  28311  3476    22329.0000   236    25664.0000    17738.0000  4432271   30.88%
  28320  3479    18338.0000   610    25664.0000    17738.0000  4432730   30.88%
  28329  3488    23206.0000   104    25664.0000    17738.0000  4433842   30.88%
  28338  3492    20496.0000   628    25664.0000    17738.0000  4434624   30.88%
  28344  3498    20796.0000   192    25664.0000    17738.0000  4435356   30.88%
  28374  3510    23508.0000    75    25664.0000    17738.0000  4438959   30.88%
Elapsed time = 4599.02 sec. (4644634.80 ticks, tree = 691.97 MB, solutions = 13)
  28411  3531    20496.0000   414    25664.0000    17738.0000  4443619   30.88%
  28450  3549    21754.0000   364    25664.0000    17738.0000  4448409   30.88%
  28492  3564    20390.0000   396    25664.0000    17738.0000  4452553   30.88%
  28514  3572    18338.0000   552    25664.0000    17738.0000  4455454   30.88%
  28553  3589    infeasible          25664.0000    17738.0000  4460523   30.88%
  28585  3616    24360.0000   114    25664.0000    17738.0000  4464085   30.88%
  28626  3640    infeasible          25664.0000    17738.0000  4467547   30.88%
  28671  3668    18338.0997   752    25664.0000    17738.0000  4473029   30.88%
  28708  3684    23866.0000   150    25664.0000    17738.0000  4476683   30.88%
  28744  3704    20496.0000   353    25664.0000    17738.0000  4480927   30.88%
Elapsed time = 4751.70 sec. (4800560.08 ticks, tree = 737.51 MB, solutions = 13)
  28782  3729    18938.0000   500    25664.0000    17738.0000  4486272   30.88%
  28819  3746    18638.0000   812    25664.0000    17738.0000  4489297   30.88%
  28855  3776    20750.0000   340    25664.0000    17738.0000  4492797   30.88%
  28886  3794    18038.0000   761    25664.0000    17738.0000  4496558   30.88%
  28915  3811    21948.0000   448    25664.0000    17738.0000  4499408   30.88%
  28944  3828    23506.0000   147    25664.0000    17738.0000  4502013   30.88%
  28990  3855    18338.0000   753    25664.0000    17738.0000  4505723   30.88%
  29014  3870    19238.0000   471    25664.0000    17738.0000  4510561   30.88%
  29041  3883    22250.0000   169    25664.0000    17738.0000  4515324   30.88%
  29075  3902    18038.0000   864    25664.0000    17738.0938  4521494   30.88%
Elapsed time = 4908.72 sec. (4955755.48 ticks, tree = 785.17 MB, solutions = 13)
  29101  3917    18338.0000   410    25664.0000    17738.0997  4524128   30.88%
  29144  3943    23508.0000   104    25664.0000    17738.0997  4528492   30.88%
  29187  3962    18038.0000   886    25664.0000    17738.3342  4533257   30.88%
  29220  3980    20796.0000   340    25664.0000    17761.0000  4538013   30.79%
  29261  4009    19238.0000   283    25664.0000    17793.0000  4544545   30.67%
  29309  4041    20796.0000   118    25664.0000    17819.0000  4548272   30.57%
  29367  4058    19790.0000   552    25664.0000    17819.0000  4554344   30.57%
  29408  4086    19538.0000   204    25664.0000    17819.0000  4559344   30.57%
  29438  4098    infeasible          25664.0000    17819.0000  4563222   30.57%
  29478  4120    22354.0000   124    25664.0000    17819.0000  4567973   30.57%
Elapsed time = 5099.67 sec. (5112052.43 ticks, tree = 837.24 MB, solutions = 13)
  29526  4145    20690.0000   344    25664.0000    17819.0000  4572649   30.57%
  29556  4158    18038.0000   822    25664.0000    17819.0000  4575972   30.57%
  29587  4174        cutoff          25664.0000    17819.0000  4580106   30.57%
  29620  4192    21731.0000   395    25664.0000    17819.0000  4584733   30.57%
  29663  4215    21350.0000   475    25664.0000    17819.0000  4589979   30.57%
  29699  4239    22908.0000    94    25664.0000    17819.0000  4594331   30.57%
  29737  4256    22954.0000   148    25664.0000    17819.0000  4599089   30.57%
  29785  4282    18938.0000   398    25664.0000    17819.0000  4603071   30.57%
  29836  4316        cutoff          25664.0000    18038.0000  4607560   29.71%
  29887  4342    25006.0000    33    25664.0000    18038.0000  4612596   29.71%
Elapsed time = 5421.76 sec. (5267037.40 ticks, tree = 890.63 MB, solutions = 13)
  29935  4366    21348.0000   314    25664.0000    18038.0000  4617950   29.71%
  29977  4383        cutoff          25664.0000    18038.0000  4621354   29.71%
  30021  4404    18338.0000   414    25664.0000    18038.0000  4625295   29.71%
  30056  4422    21096.0000   190    25664.0000    18038.0000  4630727   29.71%
  30090  4446    25064.0000    46    25664.0000    18038.0000  4634901   29.71%
  30134  4475    20196.0000   154    25664.0000    18038.0000  4638067   29.71%
  30169  4488    18038.0000   674    25664.0000    18038.0000  4641286   29.71%
  30202  4508    19896.0000   161    25664.0000    18038.0000  4645204   29.71%
  30239  4526    18338.0000   477    25664.0000    18038.0000  4648278   29.71%
  30276  4550    21350.0000   207    25664.0000    18038.0000  4652290   29.71%
Elapsed time = 5814.17 sec. (5422984.18 ticks, tree = 938.85 MB, solutions = 13)
  30320  4581    24766.0000   121    25664.0000    18038.0000  4655769   29.71%
  30361  4606    21650.0000   154    25664.0000    18038.0000  4660604   29.71%
  30395  4624    22124.0000   283    25664.0000    18038.0000  4664803   29.71%
  30426  4642    19296.0000   538    25664.0000    18038.0000  4669488   29.71%
  30465  4661    21348.0000   176    25664.0000    18038.0000  4681157   29.71%
  30495  4679    21050.0000   194    25664.0000    18038.0000  4687697   29.71%
  30537  4702    19896.0000   414    25664.0000    18038.0000  4694504   29.71%
  30586  4719    18338.0000   620    25664.0000    18038.0000  4698524   29.71%
  30627  4743    infeasible          25664.0000    18038.0000  4702180   29.71%
  30664  4767    infeasible          25664.0000    18038.0000  4704970   29.71%
Elapsed time = 6190.39 sec. (5578032.19 ticks, tree = 976.27 MB, solutions = 13)
  30703  4788    21650.0000   232    25664.0000    18038.0000  4709879   29.71%
  30739  4812    21648.0000   146    25664.0000    18038.0000  4714729   29.71%
  30769  4827    21048.0000   492    25664.0000    18038.0000  4718777   29.71%
  30800  4846    23508.0000    66    25664.0000    18038.0000  4721922   29.71%
  30845  4870    19871.0000   242    25664.0000    18038.0000  4724565   29.71%
  30873  4882    18638.0000   278    25664.0000    18038.0000  4727404   29.71%
  30918  4903    18638.0000   600    25664.0000    18038.0000  4731508   29.71%
  30949  4924    22054.0000    91    25664.0000    18038.0000  4734785   29.71%
  30987  4949    19238.0000   188    25664.0000    18038.0000  4738368   29.71%
  31016  4965    21290.0000   228    25664.0000    18038.0000  4741914   29.71%
Elapsed time = 6352.07 sec. (5733539.76 ticks, tree = 1022.78 MB, solutions = 13)
  31056  4986    21648.0000   262    25664.0000    18038.0000  4744608   29.71%
  31106  5017    19677.0000   650    25664.0000    18038.0000  4748294   29.71%
  31135  5038    19490.0000   481    25664.0000    18038.0000  4751323   29.71%
  31170  5060    23506.0000    73    25664.0000    18038.0000  4754784   29.71%
  31211  5082        cutoff          25664.0000    18038.0000  4758431   29.71%
  31255  5110    19490.0000   357    25664.0000    18038.0000  4762318   29.71%
  31289  5127    20390.0000   621    25664.0000    18038.0000  4768022   29.71%
  31325  5149    18638.0000   578    25664.0000    18038.0000  4771538   29.71%
  31357  5165    21290.0000   168    25664.0000    18038.0000  4774298   29.71%
  31404  5190    18638.0000   646    25664.0000    18038.0000  4777700   29.71%
Elapsed time = 6509.60 sec. (5889127.86 ticks, tree = 1076.10 MB, solutions = 13)
  31432  5205    18638.0000   300    25664.0000    18038.0000  4782277   29.71%
  31474  5233    18338.0000   424    25664.0000    18038.0000  4786342   29.71%
  31516  5251    19019.0000   333    25664.0000    18038.0000  4789040   29.71%
  31546  5267    21650.0000   369    25664.0000    18038.0000  4790872   29.71%
  31595  5295    24900.0000    20    25664.0000    18038.0000  4794542   29.71%
  31637  5309    20390.0000   336    25664.0000    18038.0000  4799390   29.71%
  31669  5324    22248.0000   372    25664.0000    18038.0000  4803608   29.71%
  31703  5343    23208.0000   178    25664.0000    18038.0000  4807672   29.71%
  31737  5360    18038.0000   635    25664.0000    18038.0000  4811163   29.71%
  31776  5384    21048.0000   432    25664.0000    18038.0000  4813514   29.71%
Elapsed time = 6667.56 sec. (6044623.01 ticks, tree = 1122.34 MB, solutions = 13)
  31810  5406    18338.0000   388    25664.0000    18038.0000  4817055   29.71%
  31848  5425    18038.0000   583    25664.0000    18038.0000  4820283   29.71%
  31891  5448    23912.0000    30    25664.0000    18038.0000  4824644   29.71%
  31944  5468        cutoff          25664.0000    18038.0000  4827808   29.71%
  31984  5492    24958.0000    40    25664.0000    18038.0000  4830436   29.71%
  32016  5503    18038.0000   616    25664.0000    18038.0000  4833968   29.71%
  32052  5525    20577.0000   362    25664.0000    18038.0000  4839967   29.71%
  32086  5549    18038.0000   860    25664.0000    18038.0000  4845125   29.71%
  32112  5559    18638.0000   759    25664.0000    18038.0000  4853271   29.71%
  32140  5566    18338.0000   742    25664.0000    18038.0000  4858032   29.71%
Elapsed time = 6827.17 sec. (6201078.30 ticks, tree = 1155.17 MB, solutions = 13)
* 32173  5054      integral     0    23912.0000    18038.0000  4859961   24.57%
  32178  5059    20496.0000   454    23912.0000    18038.0000  4862776   24.57%
  32207  5073    infeasible          23912.0000    18038.0000  4869753   24.57%
  32241  5089    infeasible          23912.0000    18038.0000  4873681   24.57%
  32271  5101    18038.0000   707    23912.0000    18038.0000  4878134   24.57%
  32299  5115    20771.0000   277    23912.0000    18038.0000  4881074   24.57%
  32329  5131    21431.0000   195    23912.0000    18038.0000  4883455   24.57%
  32365  5146    19790.0000   161    23912.0000    18038.0000  4886639   24.57%
  32407  5170    21048.0000   130    23912.0000    18038.0000  4889687   24.57%
  32446  5179    18338.0000   245    23912.0000    18038.0000  4894652   24.57%
  32479  5201    21050.0000   215    23912.0000    18038.0000  4898625   24.57%
Elapsed time = 6989.27 sec. (6356274.26 ticks, tree = 1077.35 MB, solutions = 14)
  32533  5220    19490.0000   378    23912.0000    18038.0000  4903035   24.57%
  32580  5246    22248.0000   168    23912.0000    18038.0000  4907783   24.57%
  32621  5261    infeasible          23912.0000    18038.0000  4911090   24.57%
  32662  5281    21050.0000   376    23912.0000    18038.0000  4914673   24.57%
  32706  5303    18038.0000   414    23912.0000    18038.0000  4919432   24.57%
  32756  5331    23612.0000    40    23912.0000    18038.0000  4923338   24.57%
  32792  5352    20796.0000   194    23912.0000    18038.0000  4925827   24.57%
  32825  5367    19238.0000   298    23912.0000    18038.0000  4929056   24.57%
  32857  5381    18938.0000   854    23912.0000    18038.0000  4932659   24.57%
  32881  5397    21048.0000   284    23912.0000    18038.0000  4935245   24.57%
Elapsed time = 7152.19 sec. (6511742.37 ticks, tree = 1123.92 MB, solutions = 14)
  32927  5423    infeasible          23912.0000    18038.0000  4938442   24.57%
  32968  5437    22608.0000   218    23912.0000    18038.0000  4941706   24.57%
  33006  5457    18338.0000   254    23912.0000    18038.0000  4947693   24.57%
  33038  5479    22608.0000   148    23912.0000    18038.0000  4951143   24.57%
  33070  5490    19896.0000   236    23912.0000    18038.0000  4953745   24.57%
  33110  5513    18338.0000   386    23912.0000    18038.0000  4958390   24.57%
  33141  5530    21650.0000   210    23912.0000    18038.0000  4961389   24.57%
  33174  5545    23806.0000   136    23912.0000    18038.0000  4965058   24.57%
  33204  5564    23276.0000   124    23912.0000    18038.0000  4969736   24.57%
  33234  5577    18638.0000   316    23912.0000    18038.0000  4974530   24.57%
Elapsed time = 7313.89 sec. (6667212.63 ticks, tree = 1165.37 MB, solutions = 14)
  33266  5600    20796.0000   138    23912.0000    18038.0000  4977643   24.57%
  33308  5619    19490.0000   242    23912.0000    18038.0000  4981691   24.57%
  33344  5639    20796.0000   254    23912.0000    18038.0000  4985136   24.57%
  33368  5650    21648.0000   318    23912.0000    18038.0000  4987911   24.57%
  33402  5662        cutoff          23912.0000    18038.0000  4992581   24.57%
  33450  5684    21096.0000    60    23912.0000    18038.0000  4996919   24.57%
  33479  5699    19538.0000   234    23912.0000    18038.0000  5005467   24.57%
  33531  5716    22608.0000   182    23912.0000    18038.0000  5015365   24.57%
  33574  5729    19238.0000   243    23912.0000    18038.0000  5028192   24.57%
  33612  5749    19538.0000   232    23912.0000    18038.0000  5031256   24.57%
Elapsed time = 7471.09 sec. (6822038.03 ticks, tree = 1198.56 MB, solutions = 14)
  33654  5768    18938.0000   378    23912.0000    18038.0000  5036915   24.57%
  33684  5781    18938.0000   364    23912.0000    18038.0000  5040523   24.57%
  33722  5801    18038.0000   462    23912.0000    18038.0000  5047327   24.57%
  33767  5827    22248.0000   165    23912.0000    18038.0000  5050508   24.57%
  33798  5846    21050.0000   202    23912.0000    18038.0000  5053060   24.57%
  33836  5865    18638.0000   360    23912.0000    18038.0000  5057004   24.57%
  33869  5880    23587.0000   130    23912.0000    18038.0000  5064328   24.57%
  33903  5894    21429.0000   102    23912.0000    18038.0000  5067674   24.57%
  33938  5915    18338.0000   344    23912.0000    18038.0000  5070770   24.57%
  33974  5929    18338.0000   201    23912.0000    18038.0000  5073748   24.57%
Elapsed time = 7632.15 sec. (6978481.17 ticks, tree = 1238.86 MB, solutions = 14)
  34001  5943    21350.0000   269    23912.0000    18038.0000  5076580   24.57%
  34035  5963    19790.0000   174    23912.0000    18038.0000  5080205   24.57%
  34069  5983    20196.0000   344    23912.0000    18038.0000  5084675   24.57%
  34095  5993    20748.0000   280    23912.0000    18038.0000  5088886   24.57%
  34126  6004    18638.0000   348    23912.0000    18038.0000  5094429   24.57%
  34165  6024    20471.0000   144    23912.0000    18038.0000  5097893   24.57%
  34192  6040    19790.0000   255    23912.0000    18038.0000  5099916   24.57%
  34228  6060    22906.0000   140    23912.0000    18038.0000  5103009   24.57%
  34266  6082    22548.0000    66    23912.0000    18038.0000  5105901   24.57%
  34299  6097    infeasible          23912.0000    18038.0000  5108907   24.57%
Elapsed time = 7796.58 sec. (7135280.15 ticks, tree = 1278.16 MB, solutions = 14)
  34330  6113    18338.0000   296    23912.0000    18038.0000  5112586   24.57%
  34361  6132    20496.0000   474    23912.0000    18038.0000  5117156   24.57%
  34396  6152    23700.0000    72    23912.0000    18038.0000  5121986   24.57%
  34430  6169    23208.0000   106    23912.0000    18038.0000  5128266   24.57%
  34464  6180    22248.0000   199    23912.0000    18038.0000  5135785   24.57%
  34498  6200    23206.0000   128    23912.0000    18038.0000  5138918   24.57%
  34535  6217    20496.0000   274    23912.0000    18038.0000  5141981   24.57%
  34576  6237    21754.0000   176    23912.0000    18038.0000  5144788   24.57%
  34604  6249    20496.0000   508    23912.0000    18038.0000  5147335   24.57%
  34631  6257    18338.0000   386    23912.0000    18038.0000  5151214   24.57%
Elapsed time = 7959.86 sec. (7291003.56 ticks, tree = 1314.91 MB, solutions = 14)
  34657  6270    infeasible          23912.0000    18038.0000  5154469   24.57%
  34699  6290    infeasible          23912.0000    18038.0000  5157548   24.57%
  34737  6311    23506.0000   125    23912.0000    18038.0000  5161317   24.57%
  34776  6329    infeasible          23912.0000    18038.0000  5165131   24.57%
  34813  6354    20577.0000   162    23912.0000    18038.0000  5169627   24.57%
  34847  6374    22548.0000   277    23912.0000    18038.0000  5172779   24.57%
  34879  6392    20990.0000   154    23912.0000    18038.0000  5176702   24.57%
  34905  6409    19790.0000   190    23912.0000    18038.0000  5179911   24.57%
  34931  6429    21648.0000   274    23912.0000    18038.0000  5183752   24.57%
  34967  6451    21348.0000   134    23912.0000    18038.0000  5186800   24.57%
Elapsed time = 8124.03 sec. (7446523.38 ticks, tree = 1361.26 MB, solutions = 14)
  35003  6476    19790.0000   255    23912.0000    18038.0000  5190969   24.57%
  35035  6492    infeasible          23912.0000    18038.0000  5194686   24.57%
  35070  6514    21096.0000   160    23912.0000    18038.0000  5197541   24.57%
  35096  6532    21431.0000   188    23912.0000    18038.0000  5202133   24.57%
  35121  6546    21290.0000   260    23912.0000    18038.0000  5208060   24.57%
  35152  6566    18038.0000   664    23912.0000    18038.0000  5211310   24.57%
  35182  6586    21350.0000   211    23912.0000    18038.0000  5214068   24.57%
  35213  6599    20090.0000   308    23912.0000    18038.0000  5219230   24.57%
  35248  6619    infeasible          23912.0000    18038.0000  5225535   24.57%
  35277  6629    18338.0000   622    23912.0000    18038.0000  5228720   24.57%
Elapsed time = 8287.98 sec. (7603115.99 ticks, tree = 1399.78 MB, solutions = 14)
  35306  6645    20796.0000   418    23912.0000    18038.0000  5231648   24.57%
  35337  6664    22308.0000   134    23912.0000    18038.0000  5235510   24.57%
  35371  6687    23206.0000   116    23912.0000    18038.0000  5239400   24.57%
  35404  6703    19490.0000   458    23912.0000    18038.0000  5242797   24.57%
  35438  6724    23206.0000   153    23912.0000    18038.0000  5245967   24.57%
  35474  6738    20496.0000   425    23912.0000    18038.0000  5250463   24.57%
  35512  6756    18338.0000   282    23912.0000    18038.0000  5253936   24.57%
  35543  6773    21350.0000   169    23912.0000    18038.0000  5256579   24.57%
  35583  6793    20496.0000   377    23912.0000    18038.0000  5260536   24.57%
  35612  6814    22308.0000   128    23912.0000    18038.0000  5263520   24.57%
Elapsed time = 8449.53 sec. (7758760.72 ticks, tree = 1443.57 MB, solutions = 14)
  35642  6826    19490.0000   648    23912.0000    18038.0000  5267368   24.57%
  35674  6848    19790.0000   340    23912.0000    18038.0000  5273992   24.57%
  35712  6866    18338.0000   309    23912.0000    18038.0000  5279318   24.57%
  35745  6880    19790.0000   266    23912.0000    18038.0000  5282883   24.57%
  35777  6900    23700.0000    56    23912.0000    18038.0000  5286243   24.57%
  35811  6914    18038.0997   544    23912.0000    18038.0000  5290262   24.57%
  35840  6930    18038.0000   686    23912.0000    18038.0000  5293219   24.57%
  35872  6950    18338.0000   232    23912.0000    18038.0000  5296833   24.57%
  35905  6967    18338.0000   537    23912.0000    18038.0000  5300812   24.57%
  35939  6989    22548.0000   264    23912.0000    18038.0000  5305541   24.57%
Elapsed time = 8610.68 sec. (7914544.29 ticks, tree = 1484.97 MB, solutions = 14)
  35969  7008    20390.0000   443    23912.0000    18038.0000  5310099   24.57%
  35995  7025    19490.0000   786    23912.0000    18038.0000  5312962   24.57%
  36022  7039    21948.0000   185    23912.0000    18038.0000  5315752   24.57%
  36051  7052    21948.0000   334    23912.0000    18038.0000  5319296   24.57%
  36079  7063    infeasible          23912.0000    18038.0000  5322466   24.57%
  36096  7076    22248.0000   155    23912.0000    18038.0000  5328295   24.57%
  36119  7085    infeasible          23912.0000    18038.0000  5336648   24.57%
  36148  7099    18038.0000   800    23912.0000    18038.0000  5339663   24.57%
  36179  7118    18338.0000   382    23912.0000    18038.0000  5343496   24.57%
  36211  7138    20390.0000   395    23912.0000    18038.0000  5346718   24.57%
Elapsed time = 8776.21 sec. (8070892.96 ticks, tree = 1517.75 MB, solutions = 14)
  36246  7151    19790.0000   574    23912.0000    18038.0000  5351138   24.57%
  36282  7168    infeasible          23912.0000    18038.0000  5355611   24.57%
  36315  7184    18338.0000   463    23912.0000    18038.0000  5359565   24.57%
  36348  7203        cutoff          23912.0000    18038.0000  5362856   24.57%
  36385  7228    22608.0000    52    23912.0000    18038.0000  5365654   24.57%
  36426  7246    infeasible          23912.0000    18038.0000  5369099   24.57%
  36457  7259    18038.0000   665    23912.0000    18038.0000  5372622   24.57%
  36494  7282    20690.0000   232    23912.0000    18038.0000  5375382   24.57%
  36532  7301    infeasible          23912.0000    18038.0000  5378059   24.57%
  36565  7324    21754.0000   189    23912.0000    18038.0000  5382075   24.57%
Elapsed time = 8935.87 sec. (8227244.09 ticks, tree = 1562.04 MB, solutions = 14)
  36607  7346    18938.0000   270    23912.0000    18038.0000  5385436   24.57%
  36640  7366    18338.0000   357    23912.0000    18038.0000  5387925   24.57%
  36668  7382    18338.0000   316    23912.0000    18038.0000  5390914   24.57%
  36702  7405    infeasible          23912.0000    18038.0000  5394939   24.57%
  36735  7426    22248.0000   132    23912.0000    18038.0000  5398029   24.57%
  36772  7440    21648.0000   124    23912.0000    18038.0000  5400637   24.57%
  36806  7455    21290.0000   294    23912.0000    18038.0000  5403941   24.57%
  36837  7468    20796.0000   293    23912.0000    18038.0000  5405956   24.57%
  36867  7485    18338.0000   532    23912.0000    18038.0000  5408447   24.57%
  36892  7497    19490.0000   630    23912.0000    18038.0000  5410966   24.57%
Elapsed time = 9099.43 sec. (8383131.93 ticks, tree = 1603.01 MB, solutions = 14)
  36916  7510    18338.0000   392    23912.0000    18038.0000  5418521   24.57%
  36955  7529    infeasible          23912.0000    18038.0000  5422397   24.57%
  36980  7545    18638.0000   708    23912.0000    18038.0000  5425316   24.57%
  37006  7560    21348.0000   407    23912.0000    18038.0000  5431169   24.57%
  37031  7569    18938.0000   716    23912.0000    18038.0000  5439037   24.57%
  37061  7587    infeasible          23912.0000    18038.0000  5442110   24.57%
  37090  7601    20690.0000   305    23912.0000    18038.0000  5449316   24.57%
  37121  7622    21731.0000   130    23912.0000    18038.0000  5451908   24.57%
  37168  7638    23206.0000   262    23912.0000    18038.0000  5456064   24.57%
  37201  7655    infeasible          23912.0000    18038.0000  5459093   24.57%
Elapsed time = 9261.70 sec. (8540101.73 ticks, tree = 1631.82 MB, solutions = 14)
  37240  7676    22654.0000   105    23912.0000    18038.0000  5462513   24.57%
  37283  7694    infeasible          23912.0000    18038.0000  5465712   24.57%
  37327  7714    18338.0000   244    23912.0000    18038.0000  5469054   24.57%
  37363  7735    20990.0000   336    23912.0000    18038.0000  5473321   24.57%
  37391  7756    23012.0000   170    23912.0000    18038.0000  5481724   24.57%
  37414  7764    18338.0000   481    23912.0000    18038.0000  5489628   24.57%
  37434  7778    20196.0000   217    23912.0000    18038.0000  5493550   24.57%
  37476  7794    20390.0000   470    23912.0000    18038.0000  5498546   24.57%
  37509  7816    21350.0000   146    23912.0000    18038.0000  5502323   24.57%
  37540  7834    20244.0000   126    23912.0000    18038.0000  5508764   24.57%
Elapsed time = 9422.97 sec. (8695565.54 ticks, tree = 1667.41 MB, solutions = 14)
  37568  7844    23208.0000   111    23912.0000    18038.0000  5517134   24.57%
  37599  7860    18338.0000   820    23912.0000    18038.0000  5522301   24.57%
  37622  7878    22654.0000   187    23912.0000    18038.0000  5526191   24.57%
  37653  7895    19896.0000   478    23912.0000    18038.0000  5529985   24.57%
  37680  7912    19596.0000   252    23912.0000    18038.0000  5532541   24.57%
  37710  7929    18338.0000   765    23912.0000    18038.0000  5537601   24.57%
  37728  7947    22054.0000   148    23912.0000    18038.0000  5544354   24.57%
  37756  7960    18038.0000   530    23912.0000    18038.0000  5548224   24.57%
  37789  7980    18038.0000   620    23912.0000    18038.0000  5551995   24.57%
  37819  7996    20390.0000   361    23912.0000    18038.0000  5555134   24.57%
Elapsed time = 9585.94 sec. (8852477.47 ticks, tree = 1706.02 MB, solutions = 14)
  37859  8020    20196.0000   424    23912.0000    18038.0000  5557700   24.57%
  37903  8039    infeasible          23912.0000    18038.0000  5561491   24.57%
  37939  8058    20196.0000   296    23912.0000    18038.0000  5564014   24.57%
  37972  8070    19490.0000   502    23912.0000    18038.0000  5567554   24.57%
  38012  8093    18338.0000   418    23912.0000    18038.0000  5571636   24.57%
  38046  8115    20196.0000   158    23912.0000    18038.0000  5574576   24.57%
  38082  8133    18338.0000   362    23912.0000    18038.0000  5577174   24.57%
  38105  8152    18419.0000   536    23912.0000    18038.0000  5579568   24.57%
  38132  8168    infeasible          23912.0000    18038.0000  5584311   24.57%
  38161  8187    19790.0000   422    23912.0000    18038.0000  5593104   24.57%
Elapsed time = 9750.47 sec. (9007839.05 ticks, tree = 1748.81 MB, solutions = 14)
  38194  8202    18638.0000   766    23912.0000    18038.0000  5598226   24.57%
  38220  8216    19790.0000   245    23912.0000    18038.0000  5601054   24.57%
  38246  8228    20496.0000   752    23912.0000    18038.0000  5604128   24.57%
  38277  8243    18338.0000   318    23912.0000    18038.0000  5608080   24.57%
  38313  8262    18038.0000   454    23912.0000    18038.0000  5611166   24.57%
  38347  8283    18038.0000   753    23912.0000    18038.0000  5614291   24.57%
  38378  8302    20196.0000   137    23912.0000    18038.0000  5617963   24.57%
  38424  8323    19896.0000   547    23912.0000    18038.0000  5622737   24.57%
  38458  8340        cutoff          23912.0000    18038.0000  5625717   24.57%
  38494  8353    22908.0000    62    23912.0000    18038.0000  5630568   24.57%
Elapsed time = 9908.96 sec. (9163489.21 ticks, tree = 1788.73 MB, solutions = 14)
  38525  8366    23806.0000    86    23912.0000    18038.0000  5633564   24.57%
  38551  8376    18338.0000   323    23912.0000    18038.0000  5636917   24.57%
  38581  8399    19790.0000   291    23912.0000    18038.0000  5640551   24.57%
  38613  8419    18338.0000   360    23912.0000    18038.0000  5644067   24.57%
  38651  8442    22654.0000   146    23912.0000    18038.0000  5649068   24.57%
  38687  8461    18338.0000   660    23912.0000    18038.0000  5653339   24.57%
  38720  8486    20796.0000   125    23912.0000    18038.0000  5658114   24.57%
  38762  8508    19790.0000   388    23912.0000    18038.0000  5660744   24.57%
  38785  8519    23506.0000   120    23912.0000    18038.0000  5663931   24.57%
  38820  8533    21350.0000   349    23912.0000    18038.0000  5667023   24.57%
Elapsed time = 10067.93 sec. (9317897.28 ticks, tree = 1831.62 MB, solutions = 14)
  38858  8560    19490.0000   265    23912.0000    18038.0000  5671895   24.57%
  38885  8573    20496.0000   672    23912.0000    18038.0000  5675270   24.57%
  38912  8586    18338.0000   609    23912.0000    18038.0000  5679074   24.57%
  38940  8604    19596.0000   587    23912.0000    18038.0000  5681570   24.57%
  38970  8623    20690.0000   164    23912.0000    18038.0000  5686552   24.57%
  39008  8646    18038.0000   567    23912.0000    18038.0000  5691512   24.57%
  39039  8660    20496.0000   431    23912.0000    18038.0000  5694633   24.57%
  39065  8676    23206.0000   139    23912.0000    18038.0000  5698496   24.57%
  39093  8688    18638.0000   898    23912.0000    18038.0000  5703023   24.57%
  39119  8700    18338.0000   705    23912.0000    18038.0000  5705375   24.57%
Elapsed time = 10229.91 sec. (9473594.24 ticks, tree = 1871.90 MB, solutions = 14)
  39152  8728    21948.0000   134    23912.0000    18038.0000  5709272   24.57%
  39189  8745    22248.0000   286    23912.0000    18038.0000  5714029   24.57%
  39227  8756    18338.0000   370    23912.0000    18038.0686  5718702   24.56%
  39255  8772    19490.0000   223    23912.0000    18038.0902  5722180   24.56%
  39292  8791    20196.0000   276    23912.0000    18038.0902  5726405   24.56%
  39324  8814    19490.0000   190    23912.0000    18038.0902  5730063   24.56%
  39357  8835    19490.0000   269    23912.0000    18038.0902  5734495   24.56%
  39396  8853    18338.0000   680    23912.0000    18038.0938  5739401   24.56%
  39426  8872    18338.0000   535    23912.0000    18038.0938  5742382   24.56%
  39454  8893    23024.0000    88    23912.0000    18038.0938  5745555   24.56%
Elapsed time = 10389.68 sec. (9628745.51 ticks, tree = 1917.66 MB, solutions = 14)
  39495  8911    22308.0000    98    23912.0000    18038.0938  5749181   24.56%
  39537  8932    18338.0000   163    23912.0000    18038.0938  5752557   24.56%
  39576  8955    20796.0000   140    23912.0000    18038.0938  5756246   24.56%
  39610  8976    20390.0000   182    23912.0000    18038.0938  5759856   24.56%
  39642  8992    21048.0000   205    23912.0000    18038.0938  5763391   24.56%
  39683  9013    21948.0000   158    23912.0000    18038.0997  5766675   24.56%
  39721  9036    23508.0000   126    23912.0000    18038.0997  5770605   24.56%
  39750  9050    18638.0000   770    23912.0000    18038.0997  5774387   24.56%
  39781  9064    infeasible          23912.0000    18038.0997  5779225   24.56%
  39811  9082    21350.0000   116    23912.0000    18038.0997  5782288   24.56%
Elapsed time = 10551.40 sec. (9784779.84 ticks, tree = 1962.64 MB, solutions = 14)
  39848  9109    20196.0000   108    23912.0000    18038.0997  5785329   24.56%
  39879  9130    20748.0000   122    23912.0000    18038.0997  5787950   24.56%
  39907  9143    19490.0000   699    23912.0000    18038.0997  5790288   24.56%
  39935  9157    18338.0000   592    23912.0000    18038.0997  5793692   24.56%
  39969  9178    23506.0000   219    23912.0000    18038.0997  5797120   24.56%
  40011  9194    19490.0000   358    23912.0000    18038.0997  5800683   24.56%
  40052  9214    20496.0000   194    23912.0000    18038.0997  5804985   24.56%
  40089  9240    21348.0000   234    23912.0000    18038.0997  5808797   24.56%
  40129  9256    20196.0000   776    23912.0000    18108.0000  5812565   24.27%
  40172  9277    19871.0000   371    23912.0000    18119.0000  5817498   24.23%
Elapsed time = 10713.08 sec. (9941182.53 ticks, tree = 2009.07 MB, solutions = 14)
  40213  9294    18338.0000   403    23912.0000    18119.0000  5821687   24.23%
  40253  9309    23206.0000   130    23912.0000    18119.0000  5824966   24.23%
  40293  9325    18119.0000   321    23912.0000    18119.0000  5828396   24.23%
  40318  9329    19977.0000   180    23912.0000    18119.0000  5831274   24.23%
  40347  9343    infeasible          23912.0000    18119.0000  5834230   24.23%
  40380  9361    21429.0000   363    23912.0000    18119.0000  5838489   24.23%
  40411  9378    23506.0000   156    23912.0000    18119.0000  5842199   24.23%
  40448  9394    18119.0000   301    23912.0000    18119.0000  5847286   24.23%
  40490  9416    18419.0000   252    23912.0000    18119.0000  5850730   24.23%
  40517  9431    22848.0000   202    23912.0000    18119.0000  5853456   24.23%
Elapsed time = 10986.05 sec. (10096926.53 ticks, tree = 2045.63 MB, solutions = 14)
  40548  9446    18338.0000   498    23912.0000    18119.0000  5857479   24.23%
  40576  9463        cutoff          23912.0000    18119.0000  5860683   24.23%
  40598  9475    18638.0000   570    23912.0000    18119.0000  5863512   24.23%
  40633  9494    23806.0000   147    23912.0000    18119.0000  5866903   24.23%
  40666  9509    19490.0000   179    23912.0000    18119.0000  5870599   24.23%
  40693  9522    18119.0000   457    23912.0000    18119.0000  5874688   24.23%
  40723  9541    infeasible          23912.0000    18119.0000  5878667   24.23%
  40749  9546    19871.0000   388    23912.0000    18119.0000  5881657   24.23%
  40776  9561    19838.0000   302    23912.0000    18119.0000  5885414   24.23%
  40807  9573    20171.0000   234    23912.0000    18119.0000  5889395   24.23%
Elapsed time = 11384.89 sec. (10252330.65 ticks, tree = 2079.51 MB, solutions = 14)
Nodefile size = 32.18 MB (24.99 MB after compression)
  40835  9584    21454.0000   192    23912.0000    18119.0000  5893464   24.23%
  40876  9602    19490.0000   260    23912.0000    18119.0000  5897273   24.23%
  40912  9623    18419.0000   468    23912.0000    18119.0000  5901456   24.23%
  40938  9631    18419.0000   394    23912.0000    18119.0000  5907455   24.23%
  40964  9642    18419.0000   226    23912.0000    18119.0000  5910906   24.23%
  40999  9665    19896.0000   205    23912.0000    18119.0000  5913793   24.23%
  41035  9685    19238.0000   582    23912.0000    18119.0000  5916557   24.23%
  41069  9705        cutoff          23912.0000    18119.0000  5920512   24.23%
  41102  9727    23324.0000   166    23912.0000    18119.0000  5925979   24.23%
  41128  9735    19977.0000   286    23912.0000    18200.0000  5929752   23.89%
Elapsed time = 11784.11 sec. (10408787.62 ticks, tree = 2117.70 MB, solutions = 14)
Nodefile size = 70.36 MB (54.68 MB after compression)
  41160  9750    18938.0000   330    23912.0000    18200.0000  5933110   23.89%
  41191  9764    23208.0000   125    23912.0000    18338.0000  5937005   23.31%
  41227  9775    21950.0000   123    23912.0000    18338.0000  5940108   23.31%
  41264  9798    21648.0000   154    23912.0000    18338.0000  5943840   23.31%
  41300  9814    20990.0000   258    23912.0000    18338.0000  5947010   23.31%
  41331  9835    18338.0000   548    23912.0000    18338.0000  5949601   23.31%
  41367  9850    21290.0000   174    23912.0000    18338.0000  5953490   23.31%
  41401  9863    19490.0000   584    23912.0000    18338.0000  5957359   23.31%
  41434  9880    20496.0000   368    23912.0000    18338.0000  5960962   23.31%
  41465  9897    20496.0000   173    23912.0000    18338.0000  5965180   23.31%
Elapsed time = 12223.57 sec. (10564996.36 ticks, tree = 2156.33 MB, solutions = 14)
Nodefile size = 109.05 MB (84.74 MB after compression)
  41501  9907    23806.0000    54    23912.0000    18338.0000  5969943   23.31%
  41546  9922    22354.0000    66    23912.0000    18338.0000  5974627   23.31%
  41600  9947    21048.0000    74    23912.0000    18338.0000  5979246   23.31%
  41653  9975    18338.0000   270    23912.0000    18338.0000  5983174   23.31%
  41702  9994    18338.0000   534    23912.0000    18338.0000  5987220   23.31%
  41733 10012    21648.0000   173    23912.0000    18338.0000  5991593   23.31%
  41762 10023    19238.0000   290    23912.0000    18338.0000  5996491   23.31%
  41797 10036    21048.0000   119    23912.0000    18338.0000  5999737   23.31%
  41851 10057    infeasible          23912.0000    18338.0000  6003881   23.31%
  41892 10072    19596.0000   185    23912.0000    18338.0000  6008116   23.31%
Elapsed time = 12498.64 sec. (10720476.50 ticks, tree = 2198.02 MB, solutions = 14)
Nodefile size = 150.60 MB (117.09 MB after compression)
  41939 10096    18638.0000   274    23912.0000    18338.0000  6011571   23.31%
  41987 10123    21648.0000   189    23912.0000    18338.0000  6014826   23.31%
  42034 10151    19490.0000   233    23912.0000    18338.0000  6018839   23.31%
  42093 10174    18638.0000   164    23912.0000    18338.0000  6023736   23.31%
  42141 10193    22054.0000   241    23912.0000    18338.0000  6028231   23.31%
  42181 10208    19490.0000   259    23912.0000    18338.0000  6032229   23.31%
  42239 10244    19596.0000   186    23912.0000    18338.0000  6036182   23.31%
  42295 10273    23506.0000   118    23912.0000    18338.0000  6040303   23.31%
  42356 10302    19238.0000   225    23912.0000    18338.0000  6046301   23.31%
  42408 10322    19296.0000   290    23912.0000    18338.0000  6051980   23.31%
Elapsed time = 12661.46 sec. (10874979.25 ticks, tree = 2257.97 MB, solutions = 14)
Nodefile size = 210.31 MB (163.59 MB after compression)
  42452 10346    18938.0000   536    23912.0000    18338.0000  6059132   23.31%
  42494 10367    20390.0000   260    23912.0000    18338.0000  6063930   23.31%
  42535 10382    18338.0000   170    23912.0000    18338.0000  6068614   23.31%
  42599 10405    23312.0000   101    23912.0000    18338.0000  6072907   23.31%
  42640 10421    20390.0000   243    23912.0000    18338.0000  6077877   23.31%
  42676 10439    18338.0000   448    23912.0000    18338.0000  6086081   23.31%
  42711 10460    19596.0000   191    23912.0000    18338.0000  6094719   23.31%
  42746 10475    19490.0000   258    23912.0000    18338.0000  6099833   23.31%
  42782 10499    23612.0000    82    23912.0000    18338.0000  6108829   23.31%
  42812 10511    20196.0000   212    23912.0000    18338.0000  6114852   23.31%
Elapsed time = 12838.62 sec. (11031243.13 ticks, tree = 2283.43 MB, solutions = 14)
Nodefile size = 236.28 MB (183.78 MB after compression)
  42842 10528    23012.0000    50    23912.0000    18338.0000  6123082   23.31%
  42882 10539    infeasible          23912.0000    18338.0000  6127692   23.31%
  42931 10566    20090.0000   131    23912.0000    18338.0000  6132066   23.31%
  42965 10579    18338.0000   203    23912.0000    18338.0000  6136006   23.31%
  42999 10592    19490.0000   152    23912.0000    18338.0000  6139137   23.31%
  43039 10605    20748.0000   144    23912.0000    18338.0000  6142670   23.31%
  43075 10621    19490.0000   280    23912.0000    18338.0000  6146065   23.31%
  43108 10642    22712.0000   136    23912.0000    18338.0000  6149021   23.31%
  43141 10660        cutoff          23912.0000    18338.0000  6152137   23.31%
  43175 10683    18338.0000   226    23912.0000    18338.0000  6159106   23.31%
Elapsed time = 13050.42 sec. (11185753.95 ticks, tree = 2320.76 MB, solutions = 14)
Nodefile size = 272.84 MB (212.13 MB after compression)
  43211 10704    21154.0000   208    23912.0000    18338.0000  6163327   23.31%
  43252 10717    21948.0000   146    23912.0000    18338.0000  6167849   23.31%
  43299 10737        cutoff          23912.0000    18338.0000  6171628   23.31%
  43329 10750    22354.0000    98    23912.0000    18338.0000  6173663   23.31%
  43360 10761    21754.0000    78    23912.0000    18338.0000  6177331   23.31%
  43408 10778    18638.0000   427    23912.0000    18338.0000  6181478   23.31%
  43450 10799    19490.0000   395    23912.0000    18338.0000  6185919   23.31%
  43487 10819    infeasible          23912.0000    18338.0000  6189099   23.31%
  43528 10840        cutoff          23912.0000    18338.0000  6192925   23.31%
  43569 10856    infeasible          23912.0000    18338.0000  6196476   23.31%
Elapsed time = 13214.29 sec. (11339760.54 ticks, tree = 2361.99 MB, solutions = 14)
Nodefile size = 314.61 MB (244.55 MB after compression)
  43622 10881    18338.0000   387    23912.0000    18338.0000  6201006   23.31%
  43650 10896    19790.0000   241    23912.0000    18338.0000  6204031   23.31%
  43682 10906    20196.0000   230    23912.0000    18338.0000  6207126   23.31%
  43714 10922    19490.0000   192    23912.0000    18338.0000  6210363   23.31%
  43755 10940        cutoff          23912.0000    18338.0000  6215407   23.31%
  43790 10957    19490.0000   191    23912.0000    18338.0000  6223071   23.31%
  43829 10977    18638.0000   431    23912.0000    18338.0000  6233644   23.31%
  43859 10995    22908.0000   193    23912.0000    18338.0000  6237872   23.31%
  43889 11014    23700.0000    79    23912.0000    18338.0000  6241000   23.31%
  43914 11022    19238.0000   128    23912.0000    18338.0000  6248024   23.31%
Elapsed time = 13462.76 sec. (11495193.13 ticks, tree = 2395.45 MB, solutions = 14)
Nodefile size = 348.06 MB (270.51 MB after compression)
  43957 11041    21950.0000   102    23912.0000    18338.0000  6251094   23.31%
  44003 11055    18938.0000   144    23912.0000    18338.0000  6255260   23.31%
  44042 11073    19238.0000   154    23912.0000    18338.0000  6258375   23.31%
  44076 11093    18338.0000   374    23912.0000    18338.0000  6262027   23.31%
  44115 11113    19896.0000   202    23912.0000    18338.0000  6266107   23.31%
  44162 11132    18938.0000   262    23912.0000    18338.0000  6270761   23.31%
  44213 11156    18638.0000   269    23912.0000    18338.0000  6274693   23.31%
  44246 11173    19790.0000   146    23912.0000    18338.0000  6278930   23.31%
  44284 11192    23506.0000    92    23912.0000    18338.0000  6282638   23.31%
  44314 11207    19490.0000   471    23912.0000    18338.0000  6287245   23.31%
Elapsed time = 13696.53 sec. (11651332.85 ticks, tree = 2440.18 MB, solutions = 14)
Nodefile size = 392.86 MB (305.07 MB after compression)
  44343 11223    infeasible          23912.0000    18338.0000  6291511   23.31%
  44382 11246    21050.0000   272    23912.0000    18338.0000  6296503   23.31%
  44420 11264        cutoff          23912.0000    18338.0000  6303042   23.31%
  44463 11283    18338.0000   353    23912.0000    18338.0000  6308726   23.31%
  44494 11296        cutoff          23912.0000    18338.0000  6317177   23.31%
  44522 11309    23506.0000   192    23912.0000    18338.0000  6323354   23.31%
  44566 11327    20690.0000   352    23912.0000    18338.0000  6327745   23.31%
  44595 11344    18338.0000   381    23912.0000    18338.0000  6331185   23.31%
  44618 11357    18338.0000   389    23912.0000    18338.0000  6334703   23.31%
  44648 11376    20748.0000   148    23912.0000    18338.0000  6338067   23.31%
Elapsed time = 14073.05 sec. (11806353.79 ticks, tree = 2477.28 MB, solutions = 14)
Nodefile size = 429.91 MB (333.79 MB after compression)
  44682 11390    18338.0000   334    23912.0000    18338.0000  6342340   23.31%
  44718 11408    23561.0000    36    23912.0000    18338.0000  6352602   23.31%
  44765 11433    19790.0000   242    23912.0000    18338.0000  6359800   23.31%
  44793 11448    23806.0000   162    23912.0000    18338.0000  6365955   23.31%
  44820 11465    20196.0000   320    23912.0000    18338.0000  6369806   23.31%
  44852 11480    20990.0000   351    23912.0000    18338.0000  6373129   23.31%
  44881 11497    21396.0000   155    23912.0000    18338.0000  6376402   23.31%
  44914 11509    23861.0000   106    23912.0000    18338.0000  6381667   23.31%
  44949 11522    23506.0000   112    23912.0000    18338.0000  6386331   23.31%
  44983 11537    18938.0000   293    23912.0000    18338.0000  6389898   23.31%
Elapsed time = 14468.34 sec. (11963964.83 ticks, tree = 2510.45 MB, solutions = 14)
Nodefile size = 462.87 MB (359.38 MB after compression)
  45014 11554    22308.0000   322    23912.0000    18338.0000  6393460   23.31%
  45048 11576    21396.0000   174    23912.0000    18338.0000  6397000   23.31%
  45087 11595        cutoff          23912.0000    18338.0000  6400370   23.31%
  45123 11611    18338.0000   258    23912.0000    18338.0000  6403804   23.31%
  45163 11634    22608.0000   181    23912.0000    18338.0000  6407182   23.31%
  45197 11650    19296.0000   152    23912.0000    18338.0000  6410949   23.31%
  45238 11671    21050.0000   358    23912.0000    18338.0000  6415641   23.31%
  45268 11686    18338.0000   396    23912.0000    18338.0000  6419647   23.31%
  45299 11698    18338.0000   534    23912.0000    18338.0000  6422844   23.31%
  45334 11720    22329.0000   210    23912.0000    18338.0000  6425803   23.31%
Elapsed time = 14733.82 sec. (12118746.81 ticks, tree = 2553.58 MB, solutions = 14)
Nodefile size = 505.92 MB (392.82 MB after compression)
  45364 11739    22608.0000   144    23912.0000    18338.0000  6428564   23.31%
  45403 11756    20796.0000   117    23912.0000    18338.0000  6432500   23.31%
  45438 11772    19896.0000   124    23912.0000    18338.0000  6438182   23.31%
  45488 11797    21454.0000    94    23912.0000    18338.0000  6444380   23.31%
  45527 11812        cutoff          23912.0000    18338.0000  6448827   23.31%
  45555 11825    infeasible          23912.0000    18338.0000  6452484   23.31%
  45609 11838    18338.0000   474    23912.0000    18338.0000  6457513   23.31%
  45637 11855    19490.0000   599    23912.0000    18338.0000  6464818   23.31%
  45671 11876    20690.0000   118    23912.0000    18338.0000  6468963   23.31%
  45711 11891    18638.0000   380    23912.0000    18338.0000  6472832   23.31%
Elapsed time = 14942.61 sec. (12274734.06 ticks, tree = 2594.83 MB, solutions = 14)
Nodefile size = 547.90 MB (425.34 MB after compression)
  45752 11911    19896.0000   176    23912.0000    18338.0000  6476314   23.31%
  45784 11926    22548.0000   243    23912.0000    18338.0000  6482283   23.31%
  45809 11945    23508.0000   135    23912.0000    18338.0000  6486231   23.31%
  45836 11959    18338.0000   322    23912.0000    18338.0000  6490960   23.31%
  45863 11975    20090.0000   362    23912.0000    18338.0000  6497558   23.31%
  45888 11990    18338.0000   342    23912.0000    18338.0000  6500878   23.31%
  45924 12005    18638.0000   277    23912.0000    18338.0000  6504038   23.31%
  45957 12025    23612.0000    70    23912.0000    18338.0000  6506609   23.31%
  46005 12042    20090.0000   114    23912.0000    18338.0000  6509833   23.31%
  46044 12062    20090.0000   231    23912.0000    18338.0000  6512920   23.31%
Elapsed time = 15116.50 sec. (12432884.87 ticks, tree = 2635.13 MB, solutions = 14)
Nodefile size = 587.46 MB (455.95 MB after compression)
  46070 12076    19790.0000   495    23912.0000    18338.0000  6516101   23.31%
  46113 12098    infeasible          23912.0000    18338.0000  6519996   23.31%
  46141 12117    21454.0000   200    23912.0000    18338.0000  6523144   23.31%
  46173 12131    21050.0000   130    23912.0000    18338.0000  6526947   23.31%
  46201 12149    infeasible          23912.0000    18338.0000  6531094   23.31%
  46234 12168    18338.0000   503    23912.0000    18338.0000  6535174   23.31%
  46262 12182    22906.0000   107    23912.0000    18338.0000  6539569   23.31%
  46294 12193    19490.0000   254    23912.0000    18338.0000  6544406   23.31%
  46339 12215    21948.0000    90    23912.0000    18338.0000  6549598   23.31%
  46391 12243    21650.0000   142    23912.0000    18338.0000  6553933   23.31%
Elapsed time = 15279.97 sec. (12588414.13 ticks, tree = 2678.27 MB, solutions = 14)
Nodefile size = 630.29 MB (489.02 MB after compression)
  46431 12262    19490.0000   550    23912.0000    18338.0000  6557674   23.31%
  46465 12282    18338.0000   323    23912.0000    18338.0000  6561257   23.31%
  46496 12296    18338.0000   309    23912.0000    18338.0000  6565066   23.31%
  46526 12309    19596.0000   165    23912.0000    18338.0000  6568458   23.31%
  46555 12318    22906.0000    99    23912.0000    18338.0000  6571335   23.31%
  46586 12335    21348.0000   142    23912.0000    18338.0000  6574809   23.31%
  46624 12347    22248.0000    97    23912.0000    18338.0000  6578313   23.31%
  46658 12359    infeasible          23912.0000    18338.0000  6581055   23.31%
  46682 12373    21154.0000   236    23912.0000    18338.0000  6588456   23.31%
  46713 12391    19790.0000   258    23912.0000    18338.0000  6592085   23.31%
Elapsed time = 15447.39 sec. (12744456.41 ticks, tree = 2713.35 MB, solutions = 14)
Nodefile size = 665.36 MB (516.20 MB after compression)
  46739 12405    20496.0000   179    23912.0000    18338.0000  6595156   23.31%
  46769 12416    19490.0000   258    23912.0000    18338.0000  6597989   23.31%
  46800 12429    infeasible          23912.0000    18338.0000  6601396   23.31%
  46826 12447    20796.0000   222    23912.0000    18338.0000  6604128   23.31%
  46858 12461    20196.0000   224    23912.0000    18338.0000  6607574   23.31%
  46893 12479    21350.0000   208    23912.0000    18338.0000  6610686   23.31%
  46928 12496    infeasible          23912.0000    18338.0000  6613095   23.31%
  46969 12521    20390.0000   209    23912.0000    18338.0000  6616949   23.31%
  47008 12546    19296.0000   207    23912.0000    18338.0000  6620164   23.31%
  47051 12559    19490.0000   230    23912.0000    18338.0000  6623946   23.31%
Elapsed time = 15613.60 sec. (12900154.48 ticks, tree = 2753.18 MB, solutions = 14)
Nodefile size = 705.26 MB (547.10 MB after compression)
  47085 12571    19790.0000   144    23912.0000    18338.0000  6627326   23.31%
  47128 12588    20496.0000   154    23912.0000    18338.0000  6631103   23.31%
  47165 12602    infeasible          23912.0000    18338.0000  6634501   23.31%
  47213 12615    20496.0000   160    23912.0000    18338.0000  6637881   23.31%
  47263 12631    18638.0000   427    23912.0000    18338.0000  6640910   23.31%
  47296 12648    23206.0000   144    23912.0000    18338.0000  6645760   23.31%
  47332 12667    19596.0000   316    23912.0000    18338.0000  6648927   23.31%
  47362 12686    20390.0000   286    23912.0000    18338.0000  6651779   23.31%
  47394 12706        cutoff          23912.0000    18338.0000  6655400   23.31%
  47425 12720    18338.0000   570    23912.0000    18338.0000  6658657   23.31%
Elapsed time = 15780.84 sec. (13054833.62 ticks, tree = 2791.35 MB, solutions = 14)
Nodefile size = 744.38 MB (577.31 MB after compression)
  47451 12737        cutoff          23912.0000    18338.0000  6661445   23.31%
  47484 12756    19490.0000   429    23912.0000    18338.0000  6665280   23.31%
  47524 12777    20090.0000   251    23912.0000    18338.0000  6669107   23.31%
  47552 12794    19490.0000   236    23912.0000    18338.0000  6673015   23.31%
  47589 12817    23806.0000    72    23912.0000    18338.0000  6677952   23.31%
  47630 12838    18638.0000   192    23912.0000    18338.0000  6681230   23.31%
  47676 12857    19596.0000   130    23912.0000    18338.0000  6684744   23.31%
  47724 12875    19896.0000   138    23912.0000    18338.0000  6688221   23.31%
  47767 12890    20090.0000   122    23912.0000    18338.0000  6691676   23.31%
  47807 12914    18638.0000   196    23912.0000    18338.0000  6696708   23.31%
Elapsed time = 15960.94 sec. (13209030.75 ticks, tree = 2837.35 MB, solutions = 14)
Nodefile size = 789.49 MB (612.41 MB after compression)
  47836 12928    21048.0000   227    23912.0000    18338.0000  6703570   23.31%
  47867 12946    21754.0000   116    23912.0000    18338.0000  6707545   23.31%
  47910 12966    23612.0000    48    23912.0000    18338.0000  6711387   23.31%
  47966 12986    19790.0000   138    23912.0000    18338.0000  6715870   23.31%
  48017 13017    19790.0000   186    23912.0000    18338.0000  6719999   23.31%
  48051 13028    infeasible          23912.0000    18338.0000  6724117   23.31%
  48092 13047    21350.0000   332    23912.0000    18338.0000  6728123   23.31%
  48128 13062    20690.0000   128    23912.0000    18338.0000  6731271   23.31%
  48164 13080    20090.0000   198    23912.0000    18338.0000  6734151   23.31%
  48204 13106    20496.0000   201    23912.0000    18338.0000  6739098   23.31%
Elapsed time = 16125.40 sec. (13364033.99 ticks, tree = 2882.87 MB, solutions = 14)
Nodefile size = 835.35 MB (648.01 MB after compression)
  48238 13127    19490.0000   537    23912.0000    18338.0000  6742491   23.31%
  48272 13151    18638.0000   326    23912.0000    18338.0000  6746393   23.31%
  48304 13166    20196.0000   337    23912.0000    18338.0000  6750321   23.31%
  48329 13179    18638.0000   352    23912.0000    18338.0000  6753606   23.31%
  48352 13193    20196.0000   266    23912.0000    18338.0000  6760514   23.31%
  48374 13205    19490.0000   260    23912.0000    18338.0000  6764619   23.31%
  48408 13225    infeasible          23912.0000    18338.0000  6767543   23.31%
  48445 13248    21948.0000   268    23912.0000    18338.0000  6770822   23.31%
  48478 13265    18938.0000   182    23912.0000    18338.0000  6774389   23.31%
  48507 13280    22548.0000   286    23912.0000    18338.0000  6779447   23.31%
Elapsed time = 16289.05 sec. (13520043.49 ticks, tree = 2924.36 MB, solutions = 14)
Nodefile size = 876.55 MB (680.24 MB after compression)
  48531 13294    23206.0000   249    23912.0000    18338.0000  6785227   23.31%
  48556 13310    20090.0000   199    23912.0000    18338.0000  6790764   23.31%
  48587 13332    18338.0000   578    23912.0000    18338.0000  6795182   23.31%
  48616 13357    23206.0000   144    23912.0000    18338.0000  6798047   23.31%
  48645 13373    20496.0000   130    23912.0000    18338.0000  6802033   23.31%
  48670 13385    21048.0000   256    23912.0000    18338.0000  6805907   23.31%
  48694 13399    19896.0000   272    23912.0000    18338.0000  6809049   23.31%
  48722 13415    19490.0000   277    23912.0000    18338.0000  6812351   23.31%
  48750 13435    21348.0000   189    23912.0000    18338.0000  6816367   23.31%
  48784 13459    20496.0000   132    23912.0000    18338.0000  6819468   23.31%
Elapsed time = 16456.73 sec. (13675866.56 ticks, tree = 2966.82 MB, solutions = 14)
Nodefile size = 918.85 MB (713.02 MB after compression)
  48816 13479    18638.0000   513    23912.0000    18338.0000  6823594   23.31%
  48843 13495    23208.0000   121    23912.0000    18338.0000  6826525   23.31%
  48878 13513    22908.0000   164    23912.0000    18338.0000  6829344   23.31%
  48912 13526    19538.0000   177    23912.0000    18338.0000  6832937   23.31%
  48952 13542    19596.0000   250    23912.0000    18338.0000  6836801   23.31%
  48984 13552    18938.0000   336    23912.0000    18338.0000  6840978   23.31%
  49019 13563    18638.0000   296    23912.0000    18338.0000  6844242   23.31%
  49047 13584    20196.0000   205    23912.0000    18338.0000  6847567   23.31%
  49075 13600    18338.0000   213    23912.0000    18338.0000  6850999   23.31%
  49111 13614    18338.0000   230    23912.0000    18338.0000  6855367   23.31%
Elapsed time = 16620.21 sec. (13831561.92 ticks, tree = 3003.58 MB, solutions = 14)
Nodefile size = 956.50 MB (742.23 MB after compression)
  49153 13625    19490.0000   177    23912.0000    18338.0000  6859969   23.31%
  49199 13642    20577.0000   152    23912.0000    18338.0000  6865053   23.31%
  49241 13654    18638.0000   255    23912.0000    18338.0000  6869851   23.31%
  49269 13666    18338.0000   302    23912.0000    18338.0000  6873640   23.31%
  49317 13689    19596.0000   129    23912.0000    18338.0000  6879318   23.31%
  49362 13710    21154.0000    66    23912.0000    18338.0000  6883002   23.31%
  49411 13732    18338.0000   360    23912.0000    18338.0000  6887666   23.31%
  49463 13745    19490.0000   416    23912.0000    18338.0000  6895441   23.31%
  49509 13767    23206.0000   146    23912.0000    18338.0000  6901376   23.31%
  49544 13784    infeasible          23912.0000    18338.0000  6905072   23.31%
Elapsed time = 16777.36 sec. (13986298.03 ticks, tree = 3044.16 MB, solutions = 14)
Nodefile size = 997.05 MB (773.72 MB after compression)
  49577 13795    20496.0000   116    23912.0000    18338.0000  6908585   23.31%
  49615 13803    18338.0000   235    23912.0000    18338.0000  6911504   23.31%
  49647 13817        cutoff          23912.0000    18338.0000  6914423   23.31%
  49675 13830    18719.0000   300    23912.0000    18338.0000  6917893   23.31%
  49708 13845    23506.0000   184    23912.0000    18338.0000  6920732   23.31%
  49734 13853    21396.0000   172    23912.0000    18338.0000  6923518   23.31%
  49776 13867    19490.0000   303    23912.0000    18338.0000  6926818   23.31%
  49803 13883    20496.0000   469    23912.0000    18338.0000  6929274   23.31%
  49840 13909    21948.0000   108    23912.0000    18338.0000  6932735   23.31%
  49875 13924    18938.0000   404    23912.0000    18338.0000  6937633   23.31%
Elapsed time = 16946.78 sec. (14142169.76 ticks, tree = 3077.14 MB, solutions = 14)
Nodefile size = 1029.77 MB (799.09 MB after compression)
  49904 13941    21948.0000   241    23912.0000    18338.0000  6940616   23.31%
  49930 13954    18338.0000   586    23912.0000    18338.0000  6944173   23.31%
  49961 13969    18419.0000   238    23912.0000    18338.0000  6950966   23.31%
  50001 13997    20796.0000   176    23912.0000    18338.0000  6955517   23.31%
  50043 14008        cutoff          23912.0000    18338.0000  6960799   23.31%
  50075 14016    infeasible          23912.0000    18338.0000  6965938   23.31%
  50113 14037    22906.0000   218    23912.0000    18338.0000  6970282   23.31%
  50151 14053    infeasible          23912.0000    18338.0000  6975358   23.31%
  50195 14072    20196.0000   206    23912.0000    18338.0000  6978706   23.31%
  50243 14091    22054.0000    61    23912.0000    18338.0000  6983240   23.31%
Elapsed time = 17110.63 sec. (14297561.34 ticks, tree = 3116.11 MB, solutions = 14)
Nodefile size = 1068.54 MB (829.10 MB after compression)
  50271 14103    21096.0000   135    23912.0000    18338.0000  6987422   23.31%
  50319 14123    19490.0000   194    23912.0000    18338.0000  6991456   23.31%
  50361 14141    19790.0000   204    23912.0000    18338.0000  6996128   23.31%
  50399 14163    23208.0000   116    23912.0000    18338.0000  6999290   23.31%
  50442 14174    18338.0000   176    23912.0000    18338.0000  7003412   23.31%
  50488 14193    20748.0000   146    23912.0000    18338.0000  7007212   23.31%
  50543 14212    20496.0000   198    23912.0000    18338.0000  7011691   23.31%
  50583 14231    19238.0000   265    23912.0000    18338.0000  7014955   23.31%
  50616 14244    19538.0000   166    23912.0000    18338.0000  7019424   23.31%
  50650 14261    22054.0000   121    23912.0000    18338.0000  7023089   23.31%
Elapsed time = 17274.05 sec. (14452938.24 ticks, tree = 3156.50 MB, solutions = 14)
Nodefile size = 1109.30 MB (860.69 MB after compression)
  50686 14282    21648.0000   134    23912.0000    18338.0000  7026913   23.31%
  50724 14299    infeasible          23912.0000    18338.0000  7030076   23.31%
  50761 14318    21348.0000   222    23912.0000    18338.0000  7034845   23.31%
  50800 14339    20090.0000   328    23912.0000    18338.0000  7038179   23.31%
  50837 14358    18638.0000   841    23912.0000    18338.0000  7041531   23.31%
  50875 14377    21648.0000   112    23912.0000    18338.0000  7046109   23.31%
  50911 14386    19896.0000   197    23912.0000    18338.0000  7049479   23.31%
  50946 14400    19896.0000   186    23912.0000    18338.0000  7053875   23.31%
  50999 14417        cutoff          23912.0000    18338.0000  7056558   23.31%
  51036 14430    18338.0000   790    23912.0000    18338.0000  7060163   23.31%
Elapsed time = 17435.42 sec. (14607388.16 ticks, tree = 3196.62 MB, solutions = 14)
Nodefile size = 1149.40 MB (891.60 MB after compression)
  51066 14450    21396.0000   264    23912.0000    18338.0000  7062618   23.31%
  51096 14463    20390.0000   261    23912.0000    18338.0000  7066251   23.31%
  51125 14483    20990.0000   168    23912.0000    18338.0000  7070101   23.31%
  51153 14499    19538.0000   142    23912.0000    18338.0000  7073345   23.31%
  51184 14511    19896.0000   151    23912.0000    18338.0000  7076604   23.31%
  51215 14526    20496.0000   188    23912.0000    18338.0000  7079937   23.31%
  51255 14543    18638.0000   166    23912.0000    18338.0000  7083367   23.31%
  51304 14567    19596.0000   164    23912.0000    18338.0000  7087728   23.31%
  51351 14591    22248.0000    48    23912.0000    18338.0000  7092752   23.31%
  51392 14611    23208.0000    83    23912.0000    18338.0000  7095683   23.31%
Elapsed time = 17600.17 sec. (14762880.44 ticks, tree = 3239.56 MB, solutions = 14)
Nodefile size = 1191.62 MB (924.04 MB after compression)
  51444 14634    21454.0000   128    23912.0000    18338.0000  7099433   23.31%
  51485 14647    19296.0000   103    23912.0000    18338.0000  7103288   23.31%
  51531 14662    20496.0000    56    23912.0000    18338.0000  7106741   23.31%
  51569 14677    22054.0000   112    23912.0000    18338.0000  7110262   23.31%
  51610 14697    21948.0000    78    23912.0000    18338.0000  7114376   23.31%
  51647 14724    21650.0000   124    23912.0000    18338.0000  7117342   23.31%
  51682 14742    21454.0000   106    23912.0000    18338.0000  7121100   23.31%
  51722 14764    19896.0000   123    23912.0000    18338.0000  7125033   23.31%
  51762 14785    19790.0000   291    23912.0000    18338.0000  7128958   23.31%
  51806 14803    19790.0000   236    23912.0000    18338.0000  7133504   23.31%
Elapsed time = 17761.50 sec. (14917530.62 ticks, tree = 3285.16 MB, solutions = 14)
Nodefile size = 1237.44 MB (959.64 MB after compression)
  51836 14822    19790.0000   299    23912.0000    18338.0000  7142215   23.31%
  51858 14836    infeasible          23912.0000    18338.0000  7150900   23.31%
  51884 14855    19790.0000   208    23912.0000    18338.0000  7155716   23.31%
  51913 14874    20090.0000   285    23912.0000    18338.0000  7160646   23.31%
  51943 14888    19790.0000   830    23912.0000    18338.0000  7165689   23.31%
  51958 14903    23012.0000   130    23912.0000    18338.0000  7174329   23.31%
  51991 14920    21754.0000    90    23912.0000    18338.0000  7178085   23.31%
  52044 14941    22354.0000    90    23912.0000    18338.0000  7182680   23.31%
  52096 14966    20496.0000   278    23912.0000    18338.0000  7187969   23.31%
  52138 14982    18938.0000   118    23912.0000    18338.0000  7192804   23.31%
Elapsed time = 17927.05 sec. (15076202.28 ticks, tree = 3323.32 MB, solutions = 14)
Nodefile size = 1275.53 MB (989.26 MB after compression)
  52180 15001    18338.0000   233    23912.0000    18338.0000  7197470   23.31%
  52217 15021    19596.0000   166    23912.0000    18338.0000  7201485   23.31%
  52259 15039    18638.0000   204    23912.0000    18338.0000  7205825   23.31%
  52306 15058    18338.0000   107    23912.0000    18338.0000  7210458   23.31%
  52370 15086    18938.0000   156    23912.0000    18338.0000  7216031   23.31%
  52410 15100    18638.0000   262    23912.0000    18338.0000  7219257   23.31%
  52462 15118    18338.0000   268    23912.0000    18338.0000  7224493   23.31%
  52508 15135    21650.0000    88    23912.0000    18338.0000  7228495   23.31%
  52554 15154    23206.0000   138    23912.0000    18338.0000  7232139   23.31%
  52602 15175    18638.0000   146    23912.0000    18338.0000  7236698   23.31%
Elapsed time = 18087.69 sec. (15232514.42 ticks, tree = 3369.13 MB, solutions = 14)
Nodefile size = 1321.59 MB (1024.84 MB after compression)
  52657 15205    20390.0000   138    23912.0000    18338.0000  7241577   23.31%
  52701 15221    21648.0000    68    23912.0000    18338.0000  7245281   23.31%
  52748 15236    18638.0000   158    23912.0000    18338.0000  7249415   23.31%
  52791 15250    infeasible          23912.0000    18338.0000  7254287   23.31%
  52820 15270    22248.0000   144    23912.0000    18338.0000  7258636   23.31%
  52843 15279    21350.0000   243    23912.0000    18338.0000  7264406   23.31%
  52887 15295    18638.0000   175    23912.0000    18338.0000  7269595   23.31%
  52936 15324    22906.0000    74    23912.0000    18338.0000  7274085   23.31%
  52982 15341    21754.0000    98    23912.0000    18338.0000  7277882   23.31%
  53023 15349    18938.0000   145    23912.0000    18338.0000  7281304   23.31%
Elapsed time = 18247.99 sec. (15386694.35 ticks, tree = 3410.45 MB, solutions = 14)
Nodefile size = 1363.34 MB (1057.14 MB after compression)
  53057 15359    18338.0000   264    23912.0000    18338.0000  7285260   23.31%
  53123 15385    infeasible          23912.0000    18338.0000  7291416   23.31%
  53170 15406    20196.0000   218    23912.0000    18338.0000  7295987   23.31%
  53199 15417    22054.0000   124    23912.0000    18338.0000  7299316   23.31%
  53232 15431    20196.0000   208    23912.0000    18338.0000  7302756   23.31%
  53274 15450    20390.0000   156    23912.0000    18338.0000  7306520   23.31%
  53313 15468    21948.0000   208    23912.0000    18338.0000  7311489   23.31%
  53355 15488    18338.0000   286    23912.0000    18338.0000  7315985   23.31%
  53400 15502        cutoff          23912.0000    18338.0000  7319845   23.31%
  53456 15523        cutoff          23912.0000    18338.0000  7323666   23.31%
Elapsed time = 18409.66 sec. (15541889.56 ticks, tree = 3452.24 MB, solutions = 14)
Nodefile size = 1404.81 MB (1089.24 MB after compression)
  53499 15547    18638.0000   275    23912.0000    18338.0000  7329017   23.31%
  53547 15569    18338.0000   262    23912.0000    18338.0000  7333984   23.31%
  53595 15593    23100.0000   113    23912.0000    18338.0000  7339033   23.31%
  53631 15607    18338.0000   388    23912.0000    18338.0000  7342716   23.31%
  53665 15621    21948.0000   106    23912.0000    18338.0000  7346741   23.31%
  53698 15626    20090.0000   266    23912.0000    18338.0000  7350629   23.31%
  53732 15639    18638.0000   210    23912.0000    18338.0000  7353830   23.31%
  53762 15651    infeasible          23912.0000    18338.0000  7358186   23.31%
  53800 15664    19896.0000   172    23912.0000    18338.0000  7361284   23.31%
  53847 15677    19296.0000   366    23912.0000    18338.0000  7365528   23.31%
Elapsed time = 18573.69 sec. (15697489.33 ticks, tree = 3488.79 MB, solutions = 14)
Nodefile size = 1441.10 MB (1117.51 MB after compression)
  53877 15694    19896.0000   156    23912.0000    18338.0000  7369826   23.31%
  53908 15706        cutoff          23912.0000    18338.0000  7374486   23.31%
  53941 15722    21650.0000   183    23912.0000    18338.0000  7377600   23.31%
  53975 15740    19596.0000   147    23912.0000    18338.0000  7381329   23.31%
  54012 15758    18338.0000   143    23912.0000    18338.0000  7384395   23.31%
  54052 15775    19490.0000   345    23912.0000    18338.0000  7388266   23.31%
  54095 15801    19790.0000   263    23912.0000    18338.0000  7392334   23.31%
  54126 15819    19896.0000   208    23912.0000    18338.0000  7396655   23.31%
  54161 15842    22608.0000   148    23912.0000    18338.0000  7401218   23.31%
  54205 15858    18338.0938   363    23912.0000    18338.0000  7405270   23.31%
Elapsed time = 18740.84 sec. (15851922.31 ticks, tree = 3531.75 MB, solutions = 14)
Nodefile size = 1484.00 MB (1150.79 MB after compression)
  54241 15876    19596.0000   213    23912.0000    18338.0000  7410377   23.31%
  54278 15894    22548.0000    96    23912.0000    18338.0000  7414522   23.31%
  54309 15910    19790.0000   352    23912.0000    18338.0000  7417975   23.31%
  54346 15932    21050.0000   195    23912.0000    18338.0000  7422724   23.31%
  54384 15953    18938.0000   207    23912.0000    18338.0000  7427737   23.31%
  54421 15971    20796.0000   129    23912.0000    18338.0000  7431767   23.31%
  54475 15985    20690.0000   140    23912.0000    18338.0000  7436121   23.31%
  54518 16005    18338.0000   328    23912.0000    18338.0000  7440633   23.31%
  54556 16033    23506.0000   186    23912.0000    18338.0000  7444869   23.31%
  54595 16048    18338.0000   204    23912.0000    18338.0000  7449645   23.31%
Elapsed time = 18903.96 sec. (16006472.07 ticks, tree = 3576.84 MB, solutions = 14)
Nodefile size = 1529.29 MB (1186.06 MB after compression)
  54634 16072    23506.0000   125    23912.0000    18338.0000  7453503   23.31%
  54673 16087    18638.0000   128    23912.0000    18338.0000  7457869   23.31%
  54715 16106    23806.0000    66    23912.0000    18338.0000  7462440   23.31%
  54753 16123    19596.0000   144    23912.0000    18338.0000  7464920   23.31%
  54785 16141    23806.0000   167    23912.0000    18338.0000  7472677   23.31%
  54824 16155    18638.0000   299    23912.0000    18338.0000  7477082   23.31%
  54860 16166    18338.0000   243    23912.0000    18338.0000  7480406   23.31%
  54892 16179    18938.0000   372    23912.0000    18338.0000  7484994   23.31%
  54925 16195    21648.0000   192    23912.0000    18338.0000  7488881   23.31%
  54991 16225    20496.0000   164    23912.0000    18338.0000  7492407   23.31%
Elapsed time = 19068.46 sec. (16162087.90 ticks, tree = 3617.96 MB, solutions = 14)
Nodefile size = 1570.67 MB (1218.17 MB after compression)
  55034 16242    23808.0000    60    23912.0000    18338.0000  7496429   23.31%
  55072 16260    23806.0000    75    23912.0000    18338.0000  7499286   23.31%
  55112 16273    18938.0000   393    23912.0000    18338.0000  7503475   23.31%
  55158 16290        cutoff          23912.0000    18338.0000  7508065   23.31%
  55202 16310    18938.0000   194    23912.0000    18338.0000  7513655   23.31%
  55244 16336    20390.0000   133    23912.0000    18338.0000  7517591   23.31%
  55281 16355    22848.0000    62    23912.0000    18338.0000  7521877   23.31%
  55312 16373    22654.0000    98    23912.0000    18338.0000  7525730   23.31%
  55360 16392    18338.0000   228    23912.0000    18338.0000  7530637   23.31%
  55397 16406    19238.0000   212    23912.0000    18338.0000  7535196   23.31%
Elapsed time = 19229.39 sec. (16317642.26 ticks, tree = 3661.21 MB, solutions = 14)
Nodefile size = 1613.61 MB (1251.30 MB after compression)
  55431 16422    18338.0000   189    23912.0000    18338.0000  7538375   23.31%
  55484 16444    21650.0000    78    23912.0000    18338.0000  7542723   23.31%
  55544 16460    19790.0000   112    23912.0000    18338.0000  7547254   23.31%
  55589 16475    20690.0000   151    23912.0000    18338.0000  7551216   23.31%
  55634 16500    23206.0000   138    23912.0000    18338.0000  7555417   23.31%
  55686 16514    19596.0000   150    23912.0000    18338.0000  7560804   23.31%
  55731 16534    23861.0000   126    23912.0000    18338.0000  7566720   23.31%
  55778 16554    19296.0000   171    23912.0000    18338.0000  7573288   23.31%
  55826 16575    21048.0000   112    23912.0000    18338.0000  7581842   23.31%
  55869 16596    18938.0000   303    23912.0000    18338.0000  7586185   23.31%
Elapsed time = 19386.29 sec. (16471762.36 ticks, tree = 3687.44 MB, solutions = 14)
Nodefile size = 1640.83 MB (1272.29 MB after compression)
  55903 16613    22908.0000    80    23912.0000    18338.0000  7590598   23.31%
  55939 16625    19238.0000   185    23912.0000    18338.0000  7595961   23.31%
  55969 16640    infeasible          23912.0000    18338.0000  7599599   23.31%
  56024 16662    21396.0000   152    23912.0000    18338.0000  7605206   23.31%
  56066 16675    18938.0000   265    23912.0000    18338.0000  7609919   23.31%
  56112 16696    19596.0000   147    23912.0000    18338.0000  7617018   23.31%
  56172 16725    22424.0000   208    23912.0000    18338.0000  7624190   23.31%
  56206 16740    20690.0000   180    23912.0000    18338.0000  7629732   23.31%
  56246 16760    21648.0000   178    23912.0000    18338.0000  7634900   23.31%
  56280 16780    19790.0000   280    23912.0000    18338.0000  7638702   23.31%
Elapsed time = 19553.13 sec. (16626952.13 ticks, tree = 3687.19 MB, solutions = 14)
Nodefile size = 1640.83 MB (1272.29 MB after compression)
  56315 16796    19490.0000   416    23912.0000    18338.0000  7646007   23.31%
  56348 16821    23861.0000    64    23912.0000    18338.0000  7650615   23.31%
  56390 16840    19790.0000   142    23912.0000    18338.0000  7656627   23.31%
  56432 16858        cutoff          23912.0000    18338.0000  7661915   23.31%
  56472 16873    19596.0000   156    23912.0000    18338.0000  7665976   23.31%
  56513 16888    21754.0000   256    23912.0000    18338.0000  7671504   23.31%
  56561 16908    19596.0000   246    23912.0000    18338.0000  7679059   23.31%
  56602 16928    19596.0000   108    23912.0000    18338.0000  7684969   23.31%
  56643 16949    23612.0000    46    23912.0000    18338.0000  7690463   23.31%
  56668 16966    23700.0000    99    23912.0000    18338.0000  7695197   23.31%
Elapsed time = 19719.36 sec. (16782514.61 ticks, tree = 3686.55 MB, solutions = 14)
Nodefile size = 1640.83 MB (1272.29 MB after compression)
  56700 16976    20196.0000    84    23912.0000    18338.0000  7698192   23.31%
  56735 16988    18338.0000   174    23912.0000    18338.0000  7703230   23.31%
  56781 17001    19596.0000   143    23912.0000    18338.0000  7709109   23.31%
  56836 17015    18338.0000   228    23912.0000    18338.0000  7715484   23.31%
  56867 17035    19896.0000   176    23912.0000    18338.0000  7722914   23.31%
  56901 17057    23400.0000    54    23912.0000    18338.0000  7727304   23.31%
  56935 17070    infeasible          23912.0000    18338.0000  7732097   23.31%
  56970 17086    18638.0000   321    23912.0000    18338.0000  7736857   23.31%
  57006 17107    21650.0000   160    23912.0000    18338.0000  7741397   23.31%
  57046 17129    18338.0000   274    23912.0000    18338.0000  7747689   23.31%
Elapsed time = 19886.75 sec. (16938060.92 ticks, tree = 3684.96 MB, solutions = 14)
Nodefile size = 1640.83 MB (1272.29 MB after compression)
  57092 17146    20496.0000   151    23912.0000    18338.0000  7755939   23.31%
  57137 17161    21454.0000   141    23912.0000    18338.0000  7760373   23.31%
  57185 17183        cutoff          23912.0000    18338.0000  7766446   23.31%
  57217 17201    20171.0000   152    23912.0000    18338.0000  7770862   23.31%
  57258 17213    19596.0000   132    23912.0000    18338.0000  7776437   23.31%
  57296 17231    20796.0000   118    23912.0000    18338.0000  7781769   23.31%
  57347 17253    19490.0000   162    23912.0000    18338.0000  7787401   23.31%
  57383 17269    19896.0000   138    23912.0000    18338.0000  7792582   23.31%
  57419 17285    19896.0000   126    23912.0000    18338.0000  7797704   23.31%
  57457 17301    19596.0000   225    23912.0000    18338.0000  7802623   23.31%
Elapsed time = 20052.55 sec. (17093079.06 ticks, tree = 3685.09 MB, solutions = 14)
Nodefile size = 1640.83 MB (1272.29 MB after compression)
  57493 17317    19896.0000   152    23912.0000    18338.0000  7808572   23.31%
  57533 17340    18638.0000   233    23912.0000    18338.0000  7813266   23.31%
  57565 17356    19596.0000   197    23912.0000    18338.0000  7816422   23.31%
  57592 17367    20390.0000   104    23912.0000    18338.0000  7819737   23.31%
  57627 17384    18338.0000   221    23912.0000    18338.0000  7823996   23.31%
  57682 17407    23506.0000    74    23912.0000    18338.0000  7829718   23.31%
  57732 17429    18338.0000   230    23912.0000    18338.0000  7834626   23.31%
  57774 17453    22606.0000   139    23912.0000    18338.0000  7840054   23.31%
  57815 17470    19896.0000   175    23912.0000    18338.0000  7844957   23.31%
  57846 17483    infeasible          23912.0000    18338.0000  7848226   23.31%
Elapsed time = 20214.64 sec. (17248576.03 ticks, tree = 3686.21 MB, solutions = 14)
Nodefile size = 1640.83 MB (1272.29 MB after compression)
  57878 17503    20196.0000    98    23912.0000    18338.0000  7852829   23.31%
  57918 17519    21350.0000   120    23912.0000    18338.0000  7857558   23.31%
  57957 17532    18638.0000   299    23912.0000    18338.0000  7861873   23.31%
  57988 17548    19596.0000   279    23912.0000    18338.0000  7865953   23.31%
  58028 17572    22054.0000    58    23912.0000    18338.0000  7870757   23.31%
  58065 17593    20748.0000   133    23912.0000    18338.0000  7876173   23.31%
  58099 17608    18338.0000   235    23912.0000    18338.0000  7880585   23.31%
  58134 17631    21754.0000   122    23912.0000    18338.0000  7883915   23.31%
  58164 17648    21948.0000   310    23912.0000    18338.0000  7888745   23.31%
  58187 17662    22054.0000    87    23912.0000    18338.0000  7893691   23.31%
Elapsed time = 20384.27 sec. (17405150.72 ticks, tree = 3687.49 MB, solutions = 14)
Nodefile size = 1640.83 MB (1272.29 MB after compression)
  58215 17673    23400.0000    62    23912.0000    18338.0000  7897525   23.31%
  58249 17685    18638.0000   322    23912.0000    18338.0000  7901589   23.31%
  58280 17698    21948.0000    92    23912.0000    18338.0000  7905880   23.31%
  58313 17713        cutoff          23912.0000    18338.0000  7911091   23.31%
  58351 17731    18938.0000   228    23912.0000    18338.0000  7915969   23.31%
  58382 17750    21348.0000    98    23912.0000    18338.0000  7919906   23.31%
  58425 17770    19871.0000   387    23912.0000    18338.0000  7925356   23.31%
  58457 17788    19238.0000   324    23912.0000    18338.0000  7930833   23.31%
  58498 17809    21154.0000   193    23912.0000    18338.0000  7937256   23.31%
  58530 17828    20796.0000   151    23912.0000    18338.0000  7941910   23.31%
Elapsed time = 20549.87 sec. (17559838.30 ticks, tree = 3686.18 MB, solutions = 14)
Nodefile size = 1640.83 MB (1272.29 MB after compression)
  58563 17847    18338.0000   336    23912.0000    18338.0000  7946203   23.31%
  58608 17872    21048.0000   113    23912.0000    18338.0000  7955460   23.31%
  58657 17902    19896.0000   149    23912.0000    18338.0000  7961982   23.31%
  58721 17934    18638.0000   229    23912.0000    18338.0000  7968736   23.31%
  58772 17961    18638.0000   227    23912.0000    18338.0000  7976069   23.31%
  58831 17994    19790.0000   211    23912.0000    18338.0000  7982646   23.31%
  58874 18020    21454.0000   151    23912.0000    18338.0000  7988651   23.31%
  58909 18042        cutoff          23912.0000    18338.0000  7994291   23.31%
  58952 18066    18938.0000   147    23912.0000    18338.0000  8002461   23.31%
  59003 18088    23806.0000    76    23912.0000    18338.0000  8013105   23.31%
Elapsed time = 20710.08 sec. (17713844.17 ticks, tree = 3687.33 MB, solutions = 14)
Nodefile size = 1640.83 MB (1272.29 MB after compression)
  59044 18107        cutoff          23912.0000    18338.0000  8018746   23.31%
  59082 18129    21648.0000    95    23912.0000    18338.0000  8024290   23.31%
  59133 18155    23206.0000    85    23912.0000    18338.0000  8030409   23.31%
  59162 18175    20390.0000   378    23912.0000    18338.0000  8034632   23.31%
  59191 18186    19790.0000   366    23912.0000    18338.0000  8038801   23.31%
  59231 18213        cutoff          23912.0000    18338.0000  8044309   23.31%
  59263 18232    22906.0000    60    23912.0000    18338.0000  8049535   23.31%
  59304 18253    19596.0000   195    23912.0000    18338.0000  8054087   23.31%
  59330 18270    23806.0000    90    23912.0000    18338.0000  8058124   23.31%
  59361 18288    23806.0000    92    23912.0000    18338.0000  8063329   23.31%
Elapsed time = 20874.87 sec. (17869717.88 ticks, tree = 3687.48 MB, solutions = 14)
Nodefile size = 1640.83 MB (1272.29 MB after compression)
  59388 18300    21754.0000   180    23912.0000    18338.0000  8068242   23.31%
  59422 18313    18938.0000   176    23912.0000    18338.0000  8073209   23.31%
  59465 18335    18338.0000   321    23912.0000    18338.0000  8078796   23.31%
  59499 18353    21154.0000   151    23912.0000    18338.0000  8083897   23.31%
  59536 18366    18938.0000   254    23912.0000    18338.0000  8089623   23.31%
  59580 18385    21048.0000   167    23912.0000    18338.0000  8095790   23.31%
  59612 18402    19596.0000   296    23912.0000    18338.0000  8099789   23.31%
  59649 18420        cutoff          23912.0000    18338.0000  8105305   23.31%
  59693 18438    20390.0000   214    23912.0000    18338.0000  8111100   23.31%
  59727 18455    19490.0000   399    23912.0000    18338.0000  8116139   23.31%
Elapsed time = 21042.41 sec. (18025869.56 ticks, tree = 3686.40 MB, solutions = 14)
Nodefile size = 1640.83 MB (1272.29 MB after compression)
  59764 18478    19490.0000   263    23912.0000    18338.0000  8121502   23.31%
  59802 18504    20390.0000   155    23912.0000    18338.0000  8127265   23.31%
  59835 18518    18938.0000   272    23912.0000    18338.0000  8132456   23.31%
  59868 18538    22908.0000    88    23912.0000    18338.0000  8137866   23.31%
  59902 18553    20090.0000   191    23912.0000    18338.0000  8142455   23.31%
  59933 18570    23700.0000    90    23912.0000    18338.0000  8147921   23.31%
  59969 18590    21648.0000   448    23912.0000    18338.0000  8153480   23.31%
  60003 18608    20990.0000   207    23912.0000    18338.0000  8158124   23.31%
  60032 18623    20090.0000   259    23912.0000    18338.0000  8162140   23.31%
  60059 18640    22606.0000   146    23912.0000    18338.0000  8166601   23.31%
Elapsed time = 21212.10 sec. (18182050.43 ticks, tree = 3686.17 MB, solutions = 14)
Nodefile size = 1640.83 MB (1272.29 MB after compression)
  60100 18656    19596.0000   134    23912.0000    18338.0000  8173166   23.31%
  60138 18679    23206.0000   124    23912.0000    18338.0000  8179888   23.31%
  60169 18689    18638.0000   289    23912.0000    18338.0000  8186780   23.31%
  60205 18711    21948.0000   120    23912.0000    18338.0000  8192618   23.31%
  60243 18725        cutoff          23912.0000    18338.0000  8196712   23.31%
  60275 18744    19896.0000   142    23912.0000    18338.0000  8201315   23.31%
  60308 18762    18338.0000   578    23912.0000    18338.0000  8206531   23.31%
  60340 18778    19790.0000   394    23912.0000    18338.0000  8213597   23.31%
  60370 18796    23289.0000   168    23912.0000    18338.0000  8217679   23.31%
  60405 18803    18338.0000   333    23912.0000    18338.0000  8223645   23.31%
Elapsed time = 21378.50 sec. (18338469.44 ticks, tree = 3686.86 MB, solutions = 14)
Nodefile size = 1640.83 MB (1272.29 MB after compression)
  60439 18809    21348.0000   287    23912.0000    18338.0000  8230782   23.31%
  60481 18831    19490.0000   337    23912.0000    18338.0000  8237216   23.31%
  60519 18855    22848.0000    92    23912.0000    18338.0000  8241462   23.31%
  60551 18873    23506.0000    56    23912.0000    18338.0000  8247110   23.31%
  60588 18883        cutoff          23912.0000    18338.0000  8252042   23.31%
  60623 18904    20390.0000   254    23912.0000    18338.0000  8257076   23.31%
  60662 18914    22654.0000   108    23912.0000    18338.0000  8263256   23.31%
  60693 18931    20090.0000   181    23912.0000    18338.0000  8270588   23.31%
  60730 18944    18338.0000   340    23912.0000    18338.0000  8276582   23.31%
  60769 18967    23405.0000   100    23912.0000    18338.0000  8282047   23.31%
Elapsed time = 21545.34 sec. (18492909.22 ticks, tree = 3688.00 MB, solutions = 14)
Nodefile size = 1640.83 MB (1272.29 MB after compression)
  60814 18985    19490.0000   260    23912.0000    18338.0000  8287696   23.31%
  60856 19009    18938.0000   254    23912.0000    18338.0000  8291649   23.31%
  60888 19027    20196.0000   186    23912.0000    18338.0000  8296755   23.31%
  60928 19041    18638.0000   414    23912.0000    18338.0000  8301923   23.31%
  60960 19059    21648.0000   176    23912.0000    18338.0000  8308202   23.31%
  60997 19082        cutoff          23912.0000    18338.0000  8312790   23.31%
  61031 19103    19871.0000   161    23912.0000    18338.0000  8317410   23.31%
  61071 19113    infeasible          23912.0000    18338.0000  8325222   23.31%
  61118 19132    infeasible          23912.0000    18338.0000  8331456   23.31%
  61171 19155    22954.0000    70    23912.0000    18338.0000  8337889   23.31%
Elapsed time = 21711.02 sec. (18647722.11 ticks, tree = 3688.03 MB, solutions = 14)
Nodefile size = 1640.83 MB (1272.29 MB after compression)
  61227 19170    18638.0913   177    23912.0000    18338.0000  8345625   23.31%
  61290 19191    23806.0000    84    23912.0000    18338.0000  8352101   23.31%
  61327 19207    19596.0000   155    23912.0000    18338.0000  8358277   23.31%
  61360 19222    21754.0000   171    23912.0000    18338.0000  8364658   23.31%
  61404 19240    21348.0000   118    23912.0000    18338.0000  8370747   23.31%
  61445 19256    19238.0000   116    23912.0000    18338.0000  8378023   23.31%
  61497 19279    20090.0000   120    23912.0000    18338.0000  8384848   23.31%
  61565 19293    18338.0000   141    23912.0000    18338.0000  8392123   23.31%
  61627 19311        cutoff          23912.0000    18338.0000  8400177   23.31%
  61658 19334    21948.0000   142    23912.0000    18338.0000  8404901   23.31%
Elapsed time = 21875.47 sec. (18802896.42 ticks, tree = 3688.42 MB, solutions = 14)
Nodefile size = 1640.83 MB (1272.29 MB after compression)
  61697 19357    18938.0000   279    23912.0000    18338.0000  8410837   23.31%
  61731 19376    21154.0000   299    23912.0000    18338.0000  8414997   23.31%
  61768 19390    21096.0000    62    23912.0000    18338.0000  8421134   23.31%
  61800 19407    23206.0000   208    23912.0000    18338.0000  8426979   23.31%
  61833 19420        cutoff          23912.0000    18338.0000  8430965   23.31%
  61865 19438    18338.0000   175    23912.0000    18338.0000  8435597   23.31%
  61913 19455        cutoff          23912.0000    18338.0000  8440897   23.31%
  61948 19474    21754.0000    82    23912.0000    18338.0000  8445179   23.31%
  61988 19489    18638.0000   130    23912.0000    18338.0000  8451358   23.31%
  62028 19505        cutoff          23912.0000    18338.0000  8457463   23.31%
Elapsed time = 22038.40 sec. (18957536.43 ticks, tree = 3688.99 MB, solutions = 14)
Nodefile size = 1641.03 MB (1272.44 MB after compression)
  62062 19524    21454.0000    84    23912.0000    18338.0000  8463586   23.31%
  62096 19542    21754.0000   120    23912.0000    18338.0000  8468775   23.31%
  62131 19562    20748.0000   166    23912.0000    18338.0000  8473797   23.31%
  62170 19582    19296.0000   171    23912.0000    18338.0000  8479226   23.31%
  62219 19602    infeasible          23912.0000    18338.0000  8485857   23.31%
  62256 19620    20196.0000   261    23912.0000    18338.0000  8492855   23.31%
  62286 19641    22548.0000   181    23912.0000    18338.0000  8497645   23.31%
  62317 19656    23506.0000    78    23912.0000    18338.0000  8504024   23.31%
  62350 19671    20196.0000   530    23912.0000    18338.0000  8510430   23.31%
  62379 19692    23208.0000   111    23912.0000    18338.0000  8518075   23.31%
Elapsed time = 22204.71 sec. (19112998.33 ticks, tree = 3689.22 MB, solutions = 14)
Nodefile size = 1641.69 MB (1272.91 MB after compression)
  62414 19703        cutoff          23912.0000    18338.0000  8524209   23.31%
  62443 19723    19790.0000   268    23912.0000    18338.0000  8530024   23.31%
  62478 19742    23612.0000    50    23912.0000    18338.0000  8534928   23.31%
  62512 19752    infeasible          23912.0000    18338.0000  8540265   23.31%
  62555 19765    19790.0000   252    23912.0000    18338.0000  8546048   23.31%
  62585 19775        cutoff          23912.0000    18338.0000  8551631   23.31%
  62613 19793    22248.0000   166    23912.0000    18338.0000  8558735   23.31%
  62639 19806        cutoff          23912.0000    18338.0000  8564741   23.31%
  62678 19837    21454.0000    94    23912.0000    18338.0000  8569112   23.31%
  62721 19859        cutoff          23912.0000    18338.0000  8573135   23.31%
Elapsed time = 22376.21 sec. (19267838.83 ticks, tree = 3690.63 MB, solutions = 14)
Nodefile size = 1642.66 MB (1273.63 MB after compression)
  62753 19875    20496.0000   130    23912.0000    18338.0000  8577815   23.31%
  62794 19898    19896.0000   241    23912.0000    18338.0000  8582119   23.31%
  62827 19921    22054.0000   124    23912.0000    18338.0000  8586621   23.31%
  62861 19940    20390.0000   176    23912.0000    18338.0000  8592384   23.31%
  62899 19960    19490.0000   225    23912.0000    18338.0000  8597531   23.31%
  62932 19982    20690.0000   160    23912.0000    18338.0000  8601575   23.31%
  62957 19993    18338.0000   501    23912.0000    18338.0000  8605654   23.31%
  62985 20016    23206.0000    72    23912.0000    18338.0000  8609119   23.31%
  63023 20037        cutoff          23912.0000    18338.0000  8612961   23.31%
  63064 20056    23612.0000    94    23912.0000    18338.0000  8617130   23.31%
Elapsed time = 22543.49 sec. (19423158.80 ticks, tree = 3691.59 MB, solutions = 14)
Nodefile size = 1643.63 MB (1274.27 MB after compression)
  63098 20070    19790.0000   151    23912.0000    18338.0000  8621127   23.31%
  63131 20085    19296.0000   264    23912.0000    18338.0000  8625461   23.31%
  63166 20100        cutoff          23912.0000    18338.0000  8629422   23.31%
  63201 20109    19790.0000    97    23912.0000    18338.0000  8634427   23.31%
  63236 20122    19596.0000   356    23912.0000    18338.0000  8638288   23.31%
  63263 20138    infeasible          23912.0000    18338.0000  8641927   23.31%
  63293 20154    18338.0457   249    23912.0000    18338.0000  8646060   23.31%
  63324 20165    19596.0000   153    23912.0000    18338.0000  8650559   23.31%
  63356 20176    22906.0000    80    23912.0000    18338.0000  8655925   23.31%
  63387 20187    20854.0000   150    23912.0000    18338.0000  8660241   23.31%
Elapsed time = 22711.53 sec. (19579586.69 ticks, tree = 3691.67 MB, solutions = 14)
Nodefile size = 1644.65 MB (1275.00 MB after compression)
  63416 20197    19296.0000   192    23912.0000    18338.0000  8665303   23.31%
  63455 20220    19296.0000   171    23912.0000    18338.0000  8670385   23.31%
  63488 20239    18638.0000   162    23912.0000    18338.0000  8675738   23.31%
  63528 20256    19896.0000   150    23912.0000    18338.0000  8680902   23.31%
  63564 20275    22608.0000   130    23912.0000    18338.0000  8685846   23.31%
  63593 20291    20854.0000   259    23912.0000    18338.0000  8690131   23.31%
  63618 20301    18338.0000   482    23912.0000    18338.0000  8695959   23.31%
  63658 20328    23012.0000   108    23912.0000    18338.0000  8701231   23.31%
  63709 20354    20496.0000   143    23912.0000    18338.0000  8707283   23.31%
  63750 20372    19296.0000   214    23912.0000    18338.0000  8712808   23.31%
Elapsed time = 22877.05 sec. (19735189.98 ticks, tree = 3690.97 MB, solutions = 14)
Nodefile size = 1644.65 MB (1275.00 MB after compression)
  63794 20394    infeasible          23912.0000    18338.0000  8718728   23.31%
  63832 20407        cutoff          23912.0000    18338.0000  8725677   23.31%
  63884 20432    22548.0000    63    23912.0000    18338.0000  8731973   23.31%
  63944 20446    22548.0000    91    23912.0000    18338.0000  8737841   23.31%
  63984 20458    19490.0000   349    23912.0000    18338.0000  8743922   23.31%
  64018 20477    23781.0000    76    23912.0000    18338.0000  8749844   23.31%
  64056 20500    21948.0000   232    23912.0000    18338.0000  8755965   23.31%
  64090 20511    19896.0000   338    23912.0000    18338.0000  8761867   23.31%
  64124 20527    22548.0000   114    23912.0000    18338.0000  8767497   23.31%
  64161 20542    21648.0000   127    23912.0000    18338.0000  8774044   23.31%
Elapsed time = 23037.73 sec. (19890033.92 ticks, tree = 3690.18 MB, solutions = 14)
Nodefile size = 1644.65 MB (1275.00 MB after compression)
  64202 20561    19790.0000   188    23912.0000    18338.0000  8779534   23.31%
  64248 20580    20990.0000   250    23912.0000    18338.0000  8785589   23.31%
  64284 20600    18638.0000   354    23912.0000    18338.0000  8791572   23.31%
  64310 20614    19790.0000   326    23912.0000    18338.0000  8797363   23.31%
  64338 20631    22908.0000   284    23912.0000    18338.0000  8802081   23.31%
  64369 20652    23506.0000   182    23912.0000    18338.0000  8806058   23.31%
  64399 20670    22248.0000   369    23912.0000    18338.0000  8808373   23.31%
  64442 20689    19596.0000   197    23912.0000    18338.0000  8813533   23.31%
  64480 20709    21348.0000   120    23912.0000    18338.0000  8818871   23.31%
  64506 20723    18338.0000   396    23912.0000    18338.0000  8824298   23.31%
Elapsed time = 23205.12 sec. (20046031.16 ticks, tree = 3689.70 MB, solutions = 14)
Nodefile size = 1644.65 MB (1275.00 MB after compression)
  64541 20744    19896.0000   344    23912.0000    18338.0000  8829868   23.31%
  64579 20766    21754.0000   164    23912.0000    18338.0000  8834102   23.31%
  64620 20775    21348.0000   160    23912.0000    18338.0000  8840507   23.31%
  64661 20788    infeasible          23912.0000    18338.0000  8845241   23.31%
  64692 20804    19790.0000   380    23912.0000    18338.0000  8851314   23.31%
  64723 20821    21050.0000   294    23912.0000    18338.0000  8856803   23.31%
  64756 20841    21350.0000   293    23912.0000    18338.0000  8863397   23.31%
  64782 20858    19319.0000   234    23912.0000    18338.0000  8868655   23.31%
  64804 20872    21350.0000   269    23912.0000    18338.0000  8872901   23.31%
  64837 20888    19596.0000   145    23912.0000    18338.0000  8878532   23.31%
Elapsed time = 23376.09 sec. (20201103.19 ticks, tree = 3689.73 MB, solutions = 14)
Nodefile size = 1644.65 MB (1275.00 MB after compression)
  64877 20909    18338.0000   405    23912.0000    18338.0000  8884533   23.31%
  64920 20928    21754.0000   218    23912.0000    18338.0000  8890805   23.31%
  64964 20947    21348.0000   312    23912.0000    18338.0000  8895865   23.31%
  65001 20962    18638.0000   192    23912.0000    18338.0000  8902822   23.31%
  65033 20983    23506.0000   146    23912.0000    18338.0000  8908559   23.31%
  65076 21007    22976.0000   228    23912.0000    18338.0000  8915070   23.31%
  65127 21029    18338.0000   191    23912.0000    18338.0000  8923202   23.31%
  65180 21046    18338.0000   343    23912.0000    18338.0000  8931222   23.31%
  65231 21071    23382.0000   124    23912.0000    18338.0000  8938179   23.31%
  65289 21097    20090.0000   231    23912.0000    18338.0000  8945620   23.31%
Elapsed time = 23532.01 sec. (20355637.00 ticks, tree = 3690.64 MB, solutions = 14)
Nodefile size = 1644.65 MB (1275.00 MB after compression)
  65315 21117    18338.0000   291    23912.0000    18338.0000  8950545   23.31%
  65346 21134    21948.0000   109    23912.0000    18338.0000  8956344   23.31%
  65383 21155        cutoff          23912.0000    18338.0000  8960286   23.31%
  65408 21171    22054.0000    74    23912.0000    18338.0000  8965014   23.31%
  65437 21190    21454.0000   253    23912.0000    18338.0000  8970707   23.31%
  65465 21198    18638.0000   268    23912.0000    18338.0000  8976017   23.31%
  65490 21209    infeasible          23912.0000    18338.0000  8979940   23.31%
  65520 21222    19896.0000   186    23912.0000    18338.0000  8984238   23.31%
  65549 21233    23206.0000   115    23912.0000    18338.0000  8988148   23.31%
  65587 21244    21454.0000   130    23912.0000    18338.0000  8992964   23.31%
Elapsed time = 23697.58 sec. (20510928.95 ticks, tree = 3691.77 MB, solutions = 14)
Nodefile size = 1644.65 MB (1275.00 MB after compression)
  65614 21251    infeasible          23912.0000    18338.0000  8998683   23.31%
  65647 21268    infeasible          23912.0000    18338.0000  9002260   23.31%
  65674 21283        cutoff          23912.0000    18338.0000  9005920   23.31%
  65716 21304    18938.0000   141    23912.0000    18338.0000  9010355   23.31%
  65755 21317    18338.0000   262    23912.0000    18338.0000  9017214   23.31%
  65787 21333    infeasible          23912.0000    18338.0000  9023186   23.31%
  65819 21353    20196.0000   117    23912.0000    18338.0000  9028605   23.31%
  65858 21365    19490.0997   718    23912.0000    18338.0000  9036295   23.31%
  65896 21383    19296.0000   289    23912.0000    18338.0000  9045025   23.31%
  65920 21400    infeasible          23912.0000    18338.0000  9049696   23.31%
Elapsed time = 23864.32 sec. (20666618.14 ticks, tree = 3691.93 MB, solutions = 14)
Nodefile size = 1644.65 MB (1275.00 MB after compression)
  65968 21416    19896.0000   194    23912.0000    18338.0000  9056152   23.31%
  66006 21436    23312.0000    72    23912.0000    18338.0000  9062667   23.31%
  66052 21457    22054.0000    54    23912.0000    18338.0000  9069353   23.31%
  66099 21471    19896.0000   126    23912.0000    18338.0000  9076356   23.31%
  66137 21484    21048.0000    84    23912.0000    18338.0000  9083974   23.31%
  66182 21497    21754.0000    40    23912.0000    18338.0000  9091839   23.31%
  66218 21502    19896.0000    93    23912.0000    18338.0000  9098785   23.31%
  66257 21523    21048.0000   161    23912.0000    18338.0000  9104504   23.31%
  66283 21539    19790.0000   359    23912.0000    18338.0000  9110253   23.31%
  66312 21557    19596.0000   104    23912.0000    18338.0000  9116035   23.31%
Elapsed time = 24035.70 sec. (20823597.34 ticks, tree = 3692.34 MB, solutions = 14)
Nodefile size = 1645.07 MB (1275.26 MB after compression)
  66346 21573    19296.0000   144    23912.0000    18338.0000  9121780   23.31%
  66382 21593    23400.0000    80    23912.0000    18338.0000  9128016   23.31%
  66414 21599    18638.0000   297    23912.0000    18338.0000  9134044   23.31%
  66461 21621    18938.0000   226    23912.0000    18338.0000  9138593   23.31%
  66509 21639    21154.0000   125    23912.0000    18338.0000  9143393   23.31%
  66564 21658    23100.0000    70    23912.0000    18338.0000  9146755   23.31%
  66605 21672    18938.0000   166    23912.0000    18338.0000  9151846   23.31%
  66640 21694    21948.0000   104    23912.0000    18338.0000  9157169   23.31%
  66675 21709    infeasible          23912.0000    18338.0000  9163964   23.31%
  66716 21724    20390.0000   146    23912.0000    18338.0000  9170062   23.31%
Elapsed time = 24201.57 sec. (20978094.65 ticks, tree = 3693.27 MB, solutions = 14)
Nodefile size = 1645.31 MB (1275.43 MB after compression)
  66754 21739    18338.0000   190    23912.0000    18338.0000  9175026   23.31%
  66782 21748    19596.0000   339    23912.0000    18338.0000  9179889   23.31%
  66812 21756    18638.0000   263    23912.0000    18338.0000  9185064   23.31%
  66840 21774    23806.0000    82    23912.0000    18338.0000  9192139   23.31%
  66878 21792    23612.0000    50    23912.0000    18338.0000  9200049   23.31%
  66912 21806    19896.0000   142    23912.0000    18338.0000  9206104   23.31%
  66954 21824    19596.0000   114    23912.0000    18338.0000  9213031   23.31%
  66994 21836    18638.0000   206    23912.0000    18338.0000  9218932   23.31%
  67031 21849    21948.0000   120    23912.0000    18338.0000  9224492   23.31%
  67062 21858    20196.0000   115    23912.0000    18338.0000  9229111   23.31%
Elapsed time = 24367.64 sec. (21134064.63 ticks, tree = 3694.56 MB, solutions = 14)
Nodefile size = 1646.56 MB (1276.35 MB after compression)
  67105 21873    20090.0000   197    23912.0000    18338.0000  9234073   23.31%
  67140 21896    20090.0000   178    23912.0000    18338.0000  9239374   23.31%
  67173 21913    21648.0000   109    23912.0000    18338.0000  9244673   23.31%
  67210 21931    23208.0000   107    23912.0000    18338.0000  9250206   23.31%
  67248 21952    23806.0000    90    23912.0000    18338.0000  9255662   23.31%
  67275 21969    21348.0000    98    23912.0000    18338.0000  9261877   23.31%
  67311 21990    20390.0000   203    23912.0000    18338.0000  9267279   23.31%
  67352 22009    23206.0000   200    23912.0000    18338.0000  9274172   23.31%
  67392 22024    19596.0000   212    23912.0000    18338.0000  9279987   23.31%
  67428 22048    22800.0000    76    23912.0000    18338.0000  9285457   23.31%
Elapsed time = 24533.88 sec. (21290171.40 ticks, tree = 3694.60 MB, solutions = 14)
Nodefile size = 1646.69 MB (1276.42 MB after compression)
  67463 22065    19896.0000   482    23912.0000    18338.0000  9291232   23.31%
  67498 22083    22908.0000   112    23912.0000    18338.0000  9296768   23.31%
  67524 22098    22906.0000   212    23912.0000    18338.0000  9302513   23.31%
  67559 22126    22054.0000   138    23912.0000    18338.0000  9308778   23.31%
  67604 22149    19896.0000   248    23912.0000    18338.0000  9315617   23.31%
  67640 22169    18338.0000   365    23912.0000    18338.0000  9320944   23.31%
  67686 22202    21648.0000   117    23912.0000    18338.0000  9326822   23.31%
  67734 22227    19790.0000   275    23912.0000    18338.0000  9332882   23.31%
  67768 22243    18338.0000   373    23912.0000    18338.0000  9337602   23.31%
  67816 22273    23100.0000   111    23912.0000    18338.0000  9344587   23.31%
Elapsed time = 24697.79 sec. (21445552.03 ticks, tree = 3695.98 MB, solutions = 14)
Nodefile size = 1648.19 MB (1277.49 MB after compression)
  67861 22295    20090.3996   381    23912.0000    18338.0000  9353247   23.31%
  67912 22326    19490.0000   172    23912.0000    18338.0000  9361169   23.31%
  67957 22349    19538.0000   170    23912.0000    18338.0000  9366827   23.31%
  67984 22368    19896.0000   260    23912.0000    18338.0000  9370769   23.31%
  68016 22390    21948.0000   138    23912.0000    18338.0000  9374384   23.31%
  68048 22404    18338.0000   426    23912.0000    18338.0000  9379296   23.31%
  68083 22422    21648.0000   172    23912.0000    18338.0000  9384185   23.31%
  68116 22444    20690.0000   143    23912.0000    18338.0000  9389346   23.31%
  68147 22461    22248.0000   110    23912.0000    18338.0000  9395013   23.31%
  68170 22474    18938.0000   203    23912.0000    18338.0000  9403804   23.31%
Elapsed time = 24866.33 sec. (21600401.00 ticks, tree = 3695.67 MB, solutions = 14)
Nodefile size = 1648.19 MB (1277.49 MB after compression)
  68211 22492    18638.0000   144    23912.0000    18338.0000  9408533   23.31%
  68262 22519    23506.0000    66    23912.0000    18338.0000  9414842   23.31%
  68317 22534        cutoff          23912.0000    18338.0000  9421036   23.31%
  68363 22552    18938.0000   194    23912.0000    18338.0000  9426580   23.31%
  68414 22576    18638.0000   216    23912.0000    18338.0000  9433801   23.31%
  68462 22594    22354.0000   112    23912.0000    18338.0000  9441444   23.31%
  68494 22612    23506.0000    98    23912.0000    18338.0000  9446674   23.31%
  68546 22633    19790.0000   222    23912.0000    18338.0000  9452053   23.31%
  68589 22651    18638.0000   488    23912.0000    18338.0000  9457720   23.31%
  68619 22661    infeasible          23912.0000    18338.0000  9463925   23.31%
Elapsed time = 25031.12 sec. (21755313.05 ticks, tree = 3692.30 MB, solutions = 14)
Nodefile size = 1648.19 MB (1277.49 MB after compression)
  68653 22681    19790.0000   308    23912.0000    18338.0000  9470826   23.31%
  68682 22691    21648.0000   148    23912.0000    18338.0000  9478473   23.31%
  68731 22713    20496.0000    99    23912.0000    18338.0000  9485738   23.31%
  68802 22742    21048.0000   126    23912.0000    18338.0000  9492679   23.31%
  68848 22756    19596.0000   155    23912.0000    18338.0000  9501146   23.31%
  68898 22779    20196.0000   124    23912.0000    18338.0000  9506699   23.31%
  68950 22795    20496.0000   129    23912.0000    18338.0000  9512091   23.31%
  69004 22811    22250.0000    50    23912.0000    18338.0000  9516583   23.31%
  69049 22826        cutoff          23912.0000    18338.0000  9522742   23.31%
  69090 22849    21154.0000   111    23912.0000    18338.0000  9530035   23.31%
Elapsed time = 25195.99 sec. (21910067.22 ticks, tree = 3690.99 MB, solutions = 14)
Nodefile size = 1648.19 MB (1277.49 MB after compression)
  69135 22869    18338.0000   211    23912.0000    18338.0000  9536937   23.31%
  69168 22881    21754.0000    77    23912.0000    18338.0000  9541580   23.31%
  69206 22896    18338.0000   576    23912.0000    18338.0000  9547739   23.31%
  69236 22917    18338.0000   331    23912.0000    18338.0000  9554160   23.31%
  69274 22941    19896.0000   255    23912.0000    18338.0000  9560230   23.31%
  69311 22965    19896.0000   135    23912.0000    18338.0000  9566855   23.31%
  69351 22986    18638.0000   174    23912.0000    18338.0000  9573400   23.31%
  69400 23014    20090.0000   136    23912.0000    18338.0000  9579500   23.31%
  69437 23032    21154.0000   116    23912.0000    18338.0000  9586282   23.31%
  69472 23048    18638.0000   442    23912.0000    18338.0000  9592101   23.31%
Elapsed time = 25368.05 sec. (22065602.83 ticks, tree = 3692.01 MB, solutions = 14)
Nodefile size = 1648.19 MB (1277.49 MB after compression)
  69502 23067    20748.0000   230    23912.0000    18338.0000  9597071   23.31%
  69537 23091    22054.0000   154    23912.0000    18338.0000  9601745   23.31%
  69576 23106    22906.0000   128    23912.0000    18338.0000  9606726   23.31%
  69615 23120    22800.0000   106    23912.0000    18338.0000  9611809   23.31%
  69655 23129    18378.5000   310    23912.0000    18338.0000  9616084   23.31%
  69687 23143    19596.0000   286    23912.0000    18338.0000  9622502   23.31%
  69724 23161    18338.0000   258    23912.0000    18338.0000  9627868   23.31%
  69760 23178    19490.0000   327    23912.0000    18338.0000  9633910   23.31%
  69804 23200    infeasible          23912.0000    18338.0000  9639254   23.31%
  69835 23212    18338.0000   297    23912.0000    18338.0000  9642807   23.31%
Elapsed time = 25541.10 sec. (22221092.08 ticks, tree = 3693.12 MB, solutions = 14)
Nodefile size = 1648.19 MB (1277.49 MB after compression)
  69882 23229    22054.0000   112    23912.0000    18338.0000  9647048   23.31%
  69921 23248    21948.0000   152    23912.0000    18338.0000  9652044   23.31%
  69963 23269        cutoff          23912.0000    18338.0000  9657476   23.31%
  70001 23283    18419.0000   252    23912.0000    18338.0000  9663631   23.31%
  70037 23300    21648.0000   162    23912.0000    18338.0000  9668452   23.31%
  70075 23318    18338.0000   429    23912.0000    18338.0000  9673324   23.31%
  70107 23339    20390.0000   157    23912.0000    18338.0000  9678562   23.31%
  70142 23353    19490.0000   133    23912.0000    18338.0000  9682774   23.31%
  70185 23369    19490.0000   198    23912.0000    18338.0000  9687221   23.31%
  70217 23385    19490.0000   300    23912.0000    18338.0000  9692066   23.31%
Elapsed time = 25714.74 sec. (22376880.20 ticks, tree = 3694.76 MB, solutions = 14)
Nodefile size = 1648.19 MB (1277.49 MB after compression)
  70253 23402    18338.0000   224    23912.0000    18338.0000  9698693   23.31%
  70296 23424    23506.0000    53    23912.0000    18338.0000  9704550   23.31%
  70335 23444    18338.0000   288    23912.0000    18338.0000  9708963   23.31%
  70372 23460    22906.0000    72    23912.0000    18338.0000  9713079   23.31%
  70417 23477    20196.0000   137    23912.0000    18338.0000  9718718   23.31%
  70465 23498    22124.0000   175    23912.0000    18338.0000  9724836   23.31%
  70495 23518    21350.0000   302    23912.0000    18338.0000  9729630   23.31%
  70530 23543    21648.0000   116    23912.0000    18338.0000  9735359   23.31%
  70565 23563    18638.0000   394    23912.0000    18338.0000  9740436   23.31%
  70599 23581    infeasible          23912.0000    18338.0000  9745722   23.31%
Elapsed time = 25882.27 sec. (22530990.69 ticks, tree = 3695.54 MB, solutions = 14)
Nodefile size = 1648.19 MB (1277.49 MB after compression)
  70629 23593    21754.0000   109    23912.0000    18338.0000  9752364   23.31%
  70662 23600    19790.0000   153    23912.0000    18338.0000  9758282   23.31%
  70696 23620    19838.0000   134    23912.0000    18338.0000  9766280   23.31%
  70735 23639        cutoff          23912.0000    18338.0000  9773226   23.31%
  70773 23658    19596.0000   179    23912.0000    18338.0000  9779105   23.31%
  70806 23675    19790.0000   392    23912.0000    18338.0000  9785503   23.31%
  70841 23692    18338.0000   634    23912.0000    18338.0000  9790584   23.31%
  70863 23704    infeasible          23912.0000    18338.0000  9794126   23.31%
  70897 23727    19596.0000   392    23912.0000    18338.0000  9801339   23.31%
  70932 23752    23700.0000    74    23912.0000    18338.0000  9806567   23.31%
Elapsed time = 26052.60 sec. (22687243.19 ticks, tree = 3696.33 MB, solutions = 14)
Nodefile size = 1648.62 MB (1277.77 MB after compression)
  70969 23773    23506.0000    98    23912.0000    18338.0000  9812647   23.31%
  70998 23786    19596.0000   220    23912.0000    18338.0000  9819492   23.31%
  71030 23806    19490.0000   394    23912.0000    18338.0000  9825543   23.31%
  71062 23822    18638.0000   454    23912.0000    18338.0000  9832036   23.31%
  71095 23844    20796.0000   298    23912.0000    18338.0000  9838639   23.31%
  71130 23861    infeasible          23912.0000    18338.0000  9845646   23.31%
  71166 23879    21348.0000    98    23912.0000    18338.0000  9851013   23.31%
  71209 23900    22606.0000   165    23912.0000    18338.0000  9857110   23.31%
  71250 23916    21454.0000    96    23912.0000    18338.0000  9863790   23.31%
  71308 23948        cutoff          23912.0000    18338.0000  9870404   23.31%
Elapsed time = 26219.44 sec. (22843301.28 ticks, tree = 3695.12 MB, solutions = 14)
Nodefile size = 1649.54 MB (1278.41 MB after compression)
  71366 23977    23400.0000    86    23912.0000    18338.0000  9876945   23.31%
  71411 23993    18638.0938   409    23912.0000    18338.0000  9881837   23.31%
  71456 24011        cutoff          23912.0000    18338.0000  9888258   23.31%
  71506 24024    21754.0000   122    23912.0000    18338.0000  9893252   23.31%
  71541 24028    18638.0000   534    23912.0000    18338.0000  9897572   23.31%
  71574 24049    21154.0000   100    23912.0000    18338.0000  9902365   23.31%
  71619 24074    23206.0000    86    23912.0000    18338.0000  9908052   23.31%
  71659 24082    19296.0000   184    23912.0000    18338.0000  9913723   23.31%
  71689 24095    18338.0000   248    23912.0000    18338.0000  9917001   23.31%
  71730 24109    infeasible          23912.0000    18338.0000  9924803   23.31%
Elapsed time = 26384.06 sec. (22997728.74 ticks, tree = 3693.98 MB, solutions = 14)
Nodefile size = 1649.54 MB (1278.41 MB after compression)
  71790 24131        cutoff          23912.0000    18338.0000  9932505   23.31%
  71824 24149    20390.0000   215    23912.0000    18338.0000  9940095   23.31%
  71856 24166    22848.0000    78    23912.0000    18338.0000  9944762   23.31%
  71883 24178    19790.0000   301    23912.0000    18338.0000  9950588   23.31%
  71919 24196    19896.0000   215    23912.0000    18338.0000  9956775   23.31%
  71960 24205    20496.0000   213    23912.0000    18338.0000  9961398   23.31%
  72005 24230    19790.0000   164    23912.0000    18338.0000  9967506   23.31%
  72050 24253    18338.0000   156    23912.0000    18338.0000  9974331   23.31%
  72114 24278    20796.0000   104    23912.0000    18338.0000  9983390   23.31%
  72163 24302    infeasible          23912.0000    18338.0000  9990171   23.31%
Elapsed time = 26553.65 sec. (23154413.93 ticks, tree = 3692.71 MB, solutions = 14)
Nodefile size = 1649.54 MB (1278.41 MB after compression)
  72214 24320    18638.0000   262    23912.0000    18338.0000  9997667   23.31%
  72261 24344    21648.0000   200    23912.0000    18338.0000 10004811   23.31%
  72306 24362    22548.0000    74    23912.0000    18338.0000 10011437   23.31%
  72363 24378    18338.0000   235    23912.0000    18338.0000 10017835   23.31%
  72409 24402        cutoff          23912.0000    18338.0000 10023016   23.31%
  72458 24430    19790.0000   136    23912.0000    18338.0000 10029358   23.31%
  72504 24452    19596.0000   176    23912.0000    18338.0000 10034472   23.31%
  72553 24477    23612.0000   100    23912.0000    18338.0000 10040038   23.31%
  72603 24495    18338.0000   608    23912.0000    18338.0000 10044434   23.31%
  72634 24516    18338.0000   426    23912.0000    18338.0000 10048831   23.31%
Elapsed time = 26719.68 sec. (23309405.47 ticks, tree = 3691.90 MB, solutions = 14)
Nodefile size = 1649.54 MB (1278.41 MB after compression)
  72677 24546    18338.0000   331    23912.0000    18338.0000 10053407   23.31%
  72722 24573    21348.0000   159    23912.0000    18338.0000 10060872   23.31%
  72774 24592    19490.0000   175    23912.0000    18338.0000 10068575   23.31%
  72831 24614    18638.0000   266    23912.0000    18338.0000 10076710   23.31%
  72871 24634    21048.0000   122    23912.0000    18338.0000 10083915   23.31%
  72908 24658    21510.0000   110    23912.0000    18338.0000 10090654   23.31%
  72940 24673    22608.0000    72    23912.0000    18338.0000 10095187   23.31%
  72987 24694    20090.0000   229    23912.0000    18338.0000 10101278   23.31%
  73025 24710    19896.0000   184    23912.0000    18338.0000 10107953   23.31%
  73058 24725    19296.0000   260    23912.0000    18338.0000 10112217   23.31%
Elapsed time = 26885.22 sec. (23465157.95 ticks, tree = 3691.52 MB, solutions = 14)
Nodefile size = 1649.54 MB (1278.41 MB after compression)
  73100 24743    19790.0000   297    23912.0000    18338.0000 10119888   23.31%
  73144 24765    19296.0000   108    23912.0000    18338.0000 10125861   23.31%
  73202 24785    20196.0000   160    23912.0000    18338.0000 10132497   23.31%
  73249 24802    23206.0000    80    23912.0000    18338.0000 10140681   23.31%
  73295 24820    23612.0000    61    23912.0000    18338.0000 10148236   23.31%
  73357 24835        cutoff          23912.0000    18338.0000 10156412   23.31%
  73400 24853    20796.0000   125    23912.0000    18338.0000 10162007   23.31%
  73449 24870    18638.0000   289    23912.0000    18338.0000 10169628   23.31%
  73484 24884    22354.0000   108    23912.0000    18338.0000 10173777   23.31%
  73525 24899    23312.0000   108    23912.0000    18338.0000 10180296   23.31%
Elapsed time = 27051.37 sec. (23619611.44 ticks, tree = 3690.55 MB, solutions = 14)
Nodefile size = 1649.54 MB (1278.41 MB after compression)
  73576 24919    22906.0000   120    23912.0000    18338.0000 10187967   23.31%
  73609 24934    18338.0000   335    23912.0000    18338.0000 10193838   23.31%
  73638 24955    infeasible          23912.0000    18338.0000 10198877   23.31%
  73665 24966    22354.0000   193    23912.0000    18338.0000 10208921   23.31%
  73704 24981    18638.0000   216    23912.0000    18338.0000 10217395   23.31%
  73739 24998    18338.0000   218    23912.0000    18338.0000 10222870   23.31%
  73787 25020    18638.0000   225    23912.0000    18338.0000 10226407   23.31%
  73828 25038        cutoff          23912.0000    18338.0000 10232332   23.31%
  73874 25056    18938.0000   290    23912.0000    18338.0000 10238928   23.31%
  73905 25075    18338.0000   559    23912.0000    18338.0000 10245457   23.31%
Elapsed time = 27219.20 sec. (23775206.40 ticks, tree = 3691.37 MB, solutions = 14)
Nodefile size = 1649.54 MB (1278.41 MB after compression)
  73933 25092    18338.0000   396    23912.0000    18338.0000 10252782   23.31%
  73966 25109    19596.0000   230    23912.0000    18338.0000 10258890   23.31%
  73998 25125    22606.0000   222    23912.0000    18338.0000 10264216   23.31%
  74027 25139    22054.0000    90    23912.0000    18338.0000 10269806   23.31%
  74063 25152    18338.0000   278    23912.0000    18338.0000 10277097   23.31%
  74103 25171    19238.0000   186    23912.0000    18338.0000 10284498   23.31%
  74145 25188    18338.0000   235    23912.0000    18338.0000 10290588   23.31%
  74200 25207    23806.0000   120    23912.0000    18338.0000 10298062   23.31%
  74261 25222    19490.0000   270    23912.0000    18338.0000 10305268   23.31%
  74302 25239    22354.0000    70    23912.0000    18338.0000 10311152   23.31%
Elapsed time = 27386.43 sec. (23930537.38 ticks, tree = 3690.28 MB, solutions = 14)
Nodefile size = 1649.54 MB (1278.41 MB after compression)
  74343 25257        cutoff          23912.0000    18338.0000 10316509   23.31%
  74389 25279    18338.0000   245    23912.0000    18338.0000 10322966   23.31%
  74446 25313    22906.0000    59    23912.0000    18338.0000 10329570   23.31%
  74502 25337    infeasible          23912.0000    18338.0000 10336443   23.31%
  74557 25364    20090.0000   255    23912.0000    18338.0000 10343825   23.31%
  74596 25382    19490.0000   328    23912.0000    18338.0000 10350107   23.31%
  74634 25400    19490.0000   252    23912.0000    18338.0000 10356135   23.31%
  74673 25423    19296.0000   179    23912.0000    18338.0000 10361730   23.31%
  74733 25448    18638.0000   180    23912.0000    18338.0000 10368795   23.31%
  74767 25463    21648.0000   102    23912.0000    18338.0000 10373560   23.31%
Elapsed time = 27551.14 sec. (24086297.01 ticks, tree = 3689.37 MB, solutions = 14)
Nodefile size = 1649.54 MB (1278.41 MB after compression)
  74804 25486    18338.0000   235    23912.0000    18338.0000 10379707   23.31%
  74848 25515    19790.0000   156    23912.0000    18338.0000 10385643   23.31%
  74888 25538    23806.0000    84    23912.0000    18338.0000 10391649   23.31%
  74933 25557    22906.0000   130    23912.0000    18338.0000 10397526   23.31%
  74988 25575        cutoff          23912.0000    18338.0000 10405240   23.31%
  75037 25594    18338.0000   349    23912.0000    18338.0000 10411613   23.31%
  75093 25621    infeasible          23912.0000    18338.0000 10422033   23.31%
  75139 25646    20090.0000   251    23912.0000    18338.0000 10428918   23.31%
  75182 25671    infeasible          23912.0000    18338.0000 10436557   23.31%
  75232 25693    21454.0000   187    23912.0000    18338.0000 10444966   23.31%
Elapsed time = 27714.11 sec. (24241597.67 ticks, tree = 3688.73 MB, solutions = 14)
Nodefile size = 1649.54 MB (1278.41 MB after compression)
  75275 25717    23506.0000    64    23912.0000    18338.0000 10449265   23.31%
  75304 25732    19596.0000   165    23912.0000    18338.0000 10454126   23.31%
  75342 25749    23806.0000    76    23912.0000    18338.0000 10459796   23.31%
  75381 25764    18638.0000   395    23912.0000    18338.0000 10463998   23.31%
  75407 25773    22354.0000   105    23912.0000    18338.0000 10468107   23.31%
  75438 25782    20090.0000   199    23912.0000    18338.0000 10474351   23.31%
  75476 25800        cutoff          23912.0000    18338.0000 10481469   23.31%
  75512 25819    18338.0000   151    23912.0000    18338.0000 10486003   23.31%
  75554 25827    19296.0000   181    23912.0000    18338.0000 10490867   23.31%
  75585 25836    22354.0000    62    23912.0000    18338.0000 10497011   23.31%
Elapsed time = 27885.46 sec. (24397028.83 ticks, tree = 3689.24 MB, solutions = 14)
Nodefile size = 1649.54 MB (1278.41 MB after compression)
  75627 25846    infeasible          23912.0000    18338.0000 10500536   23.31%
  75674 25870    20496.0000   257    23912.0000    18338.0000 10507959   23.31%
  75710 25890    22354.0000   159    23912.0000    18338.0000 10513225   23.31%
  75747 25906    18338.0000   336    23912.0000    18338.0000 10518399   23.31%
  75795 25930    18338.0000   165    23912.0000    18338.0000 10524218   23.31%
  75856 25953    infeasible          23912.0000    18338.0000 10533832   23.31%
  75894 25971    19596.0000   111    23912.0000    18338.0000 10540906   23.31%
  75941 25985    19896.0000   216    23912.0000    18338.0000 10548937   23.31%
  75989 26002    18638.0000   180    23912.0000    18338.0000 10556882   23.31%
  76042 26022    19596.0000   320    23912.0000    18338.0000 10564617   23.31%
Elapsed time = 28048.23 sec. (24551454.45 ticks, tree = 3688.60 MB, solutions = 14)
Nodefile size = 1649.54 MB (1278.41 MB after compression)
  76076 26046    21648.0000   150    23912.0000    18338.0000 10569329   23.31%
  76109 26063    22500.0000   196    23912.0000    18338.0000 10575953   23.31%
  76148 26079    19790.0000   269    23912.0000    18338.0000 10582372   23.31%
  76194 26103    19490.0000   161    23912.0000    18338.0000 10589249   23.31%
  76255 26120    18338.0000   188    23912.0000    18338.0000 10600207   23.31%
  76301 26147    21348.0000    87    23912.0000    18338.0000 10608035   23.31%
  76344 26168    18338.0000   538    23912.0000    18338.0000 10615126   23.31%
  76372 26180    19596.0000   186    23912.0000    18338.0000 10621988   23.31%
  76406 26201    20090.0000   180    23912.0000    18338.0000 10624827   23.31%
  76454 26229        cutoff          23912.0000    18338.0000 10629619   23.31%
Elapsed time = 28212.73 sec. (24705809.47 ticks, tree = 3687.96 MB, solutions = 14)
Nodefile size = 1649.54 MB (1278.41 MB after compression)
  76494 26247    infeasible          23912.0000    18338.0000 10636320   23.31%
  76534 26266    18338.0000   201    23912.0000    18338.0000 10641259   23.31%
  76569 26283    18338.0000   234    23912.0000    18338.0000 10646542   23.31%
  76614 26305        cutoff          23912.0000    18338.0000 10652967   23.31%
  76660 26327    19790.0000   321    23912.0000    18338.0000 10659433   23.31%
  76693 26352    20496.0000   205    23912.0000    18338.0000 10665252   23.31%
  76735 26376    19490.0000   170    23912.0000    18338.0000 10671334   23.31%
  76777 26399    19596.0000   108    23912.0000    18338.0000 10677901   23.31%
  76809 26416    18638.0000   191    23912.0000    18338.0000 10684278   23.31%
  76852 26430    19896.0000    82    23912.0000    18338.0000 10690895   23.31%
Elapsed time = 28380.05 sec. (24861726.62 ticks, tree = 3686.08 MB, solutions = 14)
Nodefile size = 1649.54 MB (1278.41 MB after compression)
  76898 26448    22054.0000    90    23912.0000    18338.0000 10695381   23.31%
  76938 26464    19296.0000   239    23912.0000    18338.0000 10700376   23.31%
  76983 26488    19896.0000   144    23912.0000    18338.0000 10706696   23.31%
  77027 26509    23806.0000    43    23912.0000    18338.0000 10712320   23.31%
  77067 26531    23506.0000    93    23912.0000    18338.0000 10718007   23.31%
  77096 26543        cutoff          23912.0000    18338.0000 10723835   23.31%
  77125 26556    18638.0000   201    23912.0000    18338.0000 10729348   23.31%
  77157 26574    21348.0000   172    23912.0000    18338.0000 10735172   23.31%
  77192 26586    19896.0000   152    23912.0000    18338.0000 10742645   23.31%
  77233 26604    18338.0000   436    23912.0000    18338.0000 10749688   23.31%
Elapsed time = 28547.52 sec. (25018030.82 ticks, tree = 3686.00 MB, solutions = 14)
Nodefile size = 1649.54 MB (1278.41 MB after compression)
  77284 26629    infeasible          23912.0000    18338.0000 10756905   23.31%
  77357 26658    18719.0000   162    23912.0000    18338.0000 10764748   23.31%
  77416 26686    22248.0000   178    23912.0000    18338.0000 10771682   23.31%
  77466 26706    23612.0000    62    23912.0000    18338.0000 10776017   23.31%
  77519 26727    21048.0000    78    23912.0000    18338.0000 10782566   23.31%
  77565 26747    20196.0000   156    23912.0000    18338.0000 10790232   23.31%
  77606 26761    18638.0000   302    23912.0000    18338.0000 10796970   23.31%
  77641 26782    infeasible          23912.0000    18338.0000 10802467   23.31%
  77679 26797    21948.0000    69    23912.0000    18338.0000 10808482   23.31%
  77719 26815    19296.0000   161    23912.0000    18338.0000 10814045   23.31%
Elapsed time = 28711.67 sec. (25172550.82 ticks, tree = 3685.59 MB, solutions = 14)
Nodefile size = 1649.54 MB (1278.41 MB after compression)
  77756 26834    18638.0000   314    23912.0000    18338.0000 10819332   23.31%
  77793 26852    20496.0000   214    23912.0000    18338.0000 10825455   23.31%
  77842 26883    21648.0000   102    23912.0000    18338.0000 10831479   23.31%
  77899 26909    23400.0000   116    23912.0000    18338.0000 10839434   23.31%
  77956 26937    20990.0000    54    23912.0000    18338.0000 10846193   23.31%
  78011 26965    20690.0000    54    23912.0000    18338.0000 10850873   23.31%
  78057 26988    18338.0000   284    23912.0000    18338.0000 10856662   23.31%
  78100 27014    19490.0000   271    23912.0000    18338.0000 10861938   23.31%
  78127 27029    19490.0000   123    23912.0000    18338.0000 10869070   23.31%
  78173 27055    18338.0000   190    23912.0000    18338.0000 10873405   23.31%
Elapsed time = 28880.88 sec. (25328861.87 ticks, tree = 3686.45 MB, solutions = 14)
Nodefile size = 1649.54 MB (1278.41 MB after compression)
  78213 27069    20090.0000   143    23912.0000    18338.0000 10880365   23.31%
  78250 27083    20090.0000   116    23912.0000    18338.0000 10885587   23.31%
  78289 27101    infeasible          23912.0000    18338.0000 10890447   23.31%
  78330 27128    22354.0000    28    23912.0000    18338.0000 10895434   23.31%
  78367 27145    22008.0000    80    23912.0000    18338.0000 10901123   23.31%
  78420 27167    23506.0000    82    23912.0000    18338.0000 10907928   23.31%
  78474 27195    18938.0000   412    23912.0000    18338.0000 10914621   23.31%
  78514 27214    19490.0000   361    23912.0000    18338.0000 10920317   23.31%
  78558 27242    18638.0913   238    23912.0000    18338.0000 10926540   23.31%
  78611 27261    19296.0000   133    23912.0000    18338.0000 10937469   23.31%
Elapsed time = 29046.43 sec. (25484084.10 ticks, tree = 3686.94 MB, solutions = 14)
Nodefile size = 1649.54 MB (1278.41 MB after compression)
  78666 27279    18800.0000   353    23912.0000    18338.0000 10946168   23.31%
  78695 27294    18338.0000   404    23912.0000    18338.0000 10953639   23.31%
  78734 27313    19896.0000   230    23912.0000    18338.0000 10958692   23.31%
  78777 27326    21048.0000   188    23912.0000    18338.0000 10964886   23.31%
  78848 27359    18638.0000   431    23912.0000    18338.0000 10972333   23.31%
  78890 27382    18638.0000   199    23912.0000    18338.0000 10976958   23.31%
  78930 27402    20196.0000   119    23912.0000    18338.0000 10981256   23.31%
  78968 27421    18338.0000   357    23912.0000    18338.0000 10985935   23.31%
  79010 27445    18638.0000   297    23912.0000    18338.0000 10992491   23.31%
  79046 27463    21948.0000   132    23912.0000    18338.0000 10997366   23.31%
Elapsed time = 29213.74 sec. (25639761.66 ticks, tree = 3684.83 MB, solutions = 14)
Nodefile size = 1649.54 MB (1278.41 MB after compression)
  79089 27482    19296.0000   190    23912.0000    18338.0000 11004949   23.31%
  79121 27501    20796.0000   136    23912.0000    18338.0000 11010053   23.31%
  79159 27516    18638.0000   200    23912.0000    18338.0000 11016053   23.31%
  79208 27541    19896.0000   319    23912.0000    18338.0000 11022872   23.31%
  79245 27557    19286.0000   441    23912.0000    18338.0000 11028871   23.31%
  79290 27582    20748.0000   118    23912.0000    18338.0000 11037249   23.31%
  79334 27603    19790.0000   372    23912.0000    18338.0000 11045768   23.31%
  79370 27621    19896.0000   350    23912.0000    18338.0000 11051821   23.31%
  79416 27643    20690.0000   104    23912.0000    18338.0000 11057990   23.31%
  79452 27657    19296.0000   248    23912.0000    18338.0000 11064923   23.31%
Elapsed time = 29378.96 sec. (25795996.51 ticks, tree = 3683.58 MB, solutions = 14)
Nodefile size = 1649.54 MB (1278.41 MB after compression)
  79491 27673    21648.0000   111    23912.0000    18338.0000 11071470   23.31%
  79531 27691    21648.0000   106    23912.0000    18338.0000 11075567   23.31%
  79578 27710    infeasible          23912.0000    18338.0000 11080016   23.31%
  79627 27733    21754.0000    89    23912.0000    18338.0000 11085131   23.31%
  79662 27752    22054.0000   122    23912.0000    18338.0000 11090682   23.31%
  79700 27772    23100.0000   103    23912.0000    18338.0000 11094727   23.31%
  79737 27782    21048.0000   110    23912.0000    18338.0000 11099921   23.31%
  79780 27809    19896.0000   222    23912.0000    18338.0000 11106576   23.31%
  79821 27829    19596.0000   234    23912.0000    18338.0000 11112755   23.31%
  79853 27843    21154.0000   152    23912.0000    18338.0000 11117963   23.31%
Elapsed time = 29550.27 sec. (25951562.19 ticks, tree = 3684.50 MB, solutions = 14)
Nodefile size = 1649.54 MB (1278.41 MB after compression)
  79886 27861    22054.0000   106    23912.0000    18338.0000 11123097   23.31%
  79922 27874    21050.0000   118    23912.0000    18338.0000 11128633   23.31%
  79963 27891    18338.0000   214    23912.0000    18338.0000 11134394   23.31%
  80000 27908    21048.0000   325    23912.0000    18338.0000 11139625   23.31%
  80040 27928    22054.0000   121    23912.0000    18338.0000 11144811   23.31%
  80075 27944    19596.0000   186    23912.0000    18338.0000 11151011   23.31%
  80124 27963    19896.0000   198    23912.0000    18338.0000 11155227   23.31%
  80174 27985    infeasible          23912.0000    18338.0000 11161907   23.31%
  80229 28001    21454.0000    90    23912.0000    18338.0000 11170632   23.31%
  80283 28021    18938.0000   145    23912.0000    18338.0000 11178069   23.31%
Elapsed time = 29719.19 sec. (26107369.24 ticks, tree = 3685.38 MB, solutions = 14)
Nodefile size = 1649.54 MB (1278.41 MB after compression)
  80345 28045    22054.0000    53    23912.0000    18338.0000 11186784   23.31%
  80389 28064    18338.0000   261    23912.0000    18338.0000 11193825   23.31%
  80437 28089    18338.0938   354    23912.0000    18338.0000 11200985   23.31%
  80479 28105    19490.0000   205    23912.0000    18338.0000 11208256   23.31%
  80517 28125    23082.0000   150    23912.0000    18338.0000 11214411   23.31%
  80566 28151        cutoff          23912.0000    18338.0000 11220763   23.31%
  80599 28167    20748.0000   259    23912.0000    18338.0000 11227553   23.31%
  80629 28183    21096.0000   170    23912.0000    18338.0000 11232786   23.31%
  80653 28195        cutoff          23912.0000    18338.0000 11238818   23.31%
  80685 28213    22354.0000    94    23912.0000    18338.0000 11245345   23.31%
Elapsed time = 29887.96 sec. (26264041.23 ticks, tree = 3685.48 MB, solutions = 14)
Nodefile size = 1649.54 MB (1278.41 MB after compression)
  80727 28231    18338.0000   317    23912.0000    18338.0000 11251757   23.31%
  80796 28253    19790.0000   532    23912.0000    18338.0000 11261076   23.31%
  80825 28274    20090.0000   167    23912.0000    18338.0000 11267461   23.31%
  80856 28288    22054.0000   147    23912.0000    18338.0000 11273158   23.31%
  80895 28309    21350.0000   232    23912.0000    18338.0000 11278966   23.31%
  80930 28326    18938.0000   279    23912.0000    18338.0000 11284262   23.31%
  80970 28348    20690.0000   188    23912.0000    18338.0000 11289386   23.31%
  81009 28369    20196.0000   151    23912.0000    18338.0000 11295156   23.31%
  81043 28387    18338.0000   517    23912.0000    18338.0000 11301891   23.31%
  81088 28407    21048.0000   366    23912.0000    18338.0000 11309974   23.31%
Elapsed time = 30052.82 sec. (26419102.79 ticks, tree = 3684.71 MB, solutions = 14)
Nodefile size = 1649.54 MB (1278.41 MB after compression)
  81122 28427    18638.0000   200    23912.0000    18338.0000 11315345   23.31%
  81160 28452    20090.0000   334    23912.0000    18338.0000 11321514   23.31%
  81192 28470    22354.0000    96    23912.0000    18338.0000 11327188   23.31%
  81241 28491    23506.0000   114    23912.0000    18338.0000 11334966   23.31%
  81271 28500    22906.0000   162    23912.0000    18338.0000 11342070   23.31%
  81314 28525    19896.0000   262    23912.0000    18338.0000 11347984   23.31%
  81347 28540    18638.0000   236    23912.0000    18338.0000 11353985   23.31%
  81385 28558    19790.0000   203    23912.0000    18338.0000 11359840   23.31%
  81423 28581    23612.0000    65    23912.0000    18338.0000 11366642   23.31%
  81455 28595    18638.0000   349    23912.0000    18338.0000 11372183   23.31%
Elapsed time = 30223.87 sec. (26576426.36 ticks, tree = 3684.75 MB, solutions = 14)
Nodefile size = 1649.54 MB (1278.41 MB after compression)
  81485 28605    19296.0000   283    23912.0000    18338.0000 11379173   23.31%
  81517 28621    18638.0000   481    23912.0000    18338.0000 11384254   23.31%
  81556 28634        cutoff          23912.0000    18338.0000 11390577   23.31%
  81589 28650    19596.0000   187    23912.0000    18338.0000 11396274   23.31%
  81626 28666    18938.0000   277    23912.0000    18338.0000 11402020   23.31%
  81663 28691        cutoff          23912.0000    18338.0000 11407779   23.31%
  81705 28709    19896.0000   237    23912.0000    18338.0000 11413880   23.31%
  81741 28723    22054.0000    71    23912.0000    18338.0000 11418792   23.31%
  81777 28739    23806.0000   186    23912.0000    18338.0000 11424072   23.31%
  81811 28753    18338.0000   513    23912.0000    18338.0000 11428342   23.31%
Elapsed time = 30394.07 sec. (26732399.00 ticks, tree = 3685.39 MB, solutions = 14)
Nodefile size = 1649.54 MB (1278.41 MB after compression)
  81869 28772    19596.0000   194    23912.0000    18338.0000 11437761   23.31%
  81907 28793    18338.0000   299    23912.0000    18338.0000 11442962   23.31%
  81939 28808    23206.0000   154    23912.0000    18338.0000 11447363   23.31%
  81972 28827    20796.0000   152    23912.0000    18338.0000 11451622   23.31%
  82008 28841    22906.0000    87    23912.0000    18338.0000 11455859   23.31%
  82045 28856    22906.0000   150    23912.0000    18338.0000 11459873   23.31%
  82085 28867    infeasible          23912.0000    18338.0000 11464678   23.31%
  82123 28887    21348.0000   272    23912.0000    18338.0000 11469668   23.31%
  82167 28906    18338.0000   512    23912.0000    18338.0000 11475183   23.31%
  82199 28922    23506.0000   152    23912.0000    18338.0000 11479898   23.31%
Elapsed time = 30564.24 sec. (26887102.99 ticks, tree = 3686.78 MB, solutions = 14)
Nodefile size = 1649.54 MB (1278.41 MB after compression)
  82229 28934    18338.0000   309    23912.0000    18338.0000 11486139   23.31%
  82263 28944    23506.0000   229    23912.0000    18338.0000 11492442   23.31%
  82298 28961    18338.0000   322    23912.0000    18338.0000 11498833   23.31%
  82331 28984    22548.0000   147    23912.0000    18338.0000 11504512   23.31%
  82380 29014    18638.0000   121    23912.0000    18338.0000 11511768   23.31%
  82432 29036    22354.0000    74    23912.0000    18338.0000 11519550   23.31%
  82491 29057    18638.0000   139    23912.0000    18338.0000 11530798   23.31%
  82550 29086    20578.0000   200    23912.0000    18338.0000 11539988   23.31%
  82605 29104    infeasible          23912.0000    18338.0000 11548390   23.31%
  82642 29122    infeasible          23912.0000    18338.0000 11554052   23.31%
Elapsed time = 30730.72 sec. (27042874.22 ticks, tree = 3687.42 MB, solutions = 14)
Nodefile size = 1649.54 MB (1278.41 MB after compression)
  82672 29141    21096.0000    92    23912.0000    18338.0000 11560313   23.31%
  82698 29157    21048.0000   128    23912.0000    18338.0000 11566198   23.31%
  82731 29175    18638.0000   311    23912.0000    18338.0000 11571086   23.31%
  82761 29194    19896.0000   119    23912.0000    18338.0000 11576364   23.31%
  82799 29214    21348.0000   186    23912.0000    18338.0000 11586374   23.31%
  82847 29235    18638.0000   231    23912.0000    18338.0000 11594543   23.31%
  82884 29252    21348.0000   135    23912.0000    18338.0000 11602251   23.31%
  82928 29267    infeasible          23912.0000    18338.0000 11607467   23.31%
  82974 29288        cutoff          23912.0000    18338.0000 11613364   23.31%
  83021 29311        cutoff          23912.0000    18338.0000 11620354   23.31%
Elapsed time = 30895.81 sec. (27198978.09 ticks, tree = 3686.12 MB, solutions = 14)
Nodefile size = 1649.54 MB (1278.41 MB after compression)
  83053 29324    23400.0000    62    23912.0000    18338.0000 11627597   23.31%
  83089 29341    18938.0000   256    23912.0000    18338.0000 11634858   23.31%
  83126 29358    20496.0000   134    23912.0000    18338.0000 11643616   23.31%
  83163 29372        cutoff          23912.0000    18338.0000 11650409   23.31%
  83211 29394    infeasible          23912.0000    18338.0000 11657366   23.31%
  83271 29419    19896.0000   336    23912.0000    18338.0000 11666670   23.31%
  83325 29448    20390.0000   161    23912.0000    18338.0000 11674574   23.31%
  83375 29475    20690.0000   279    23912.0000    18338.0000 11680646   23.31%
  83411 29491    19490.0000   509    23912.0000    18338.0000 11686106   23.31%
  83446 29513    18638.0000   182    23912.0000    18338.0000 11692393   23.31%
Elapsed time = 31058.67 sec. (27354074.70 ticks, tree = 3687.67 MB, solutions = 14)
Nodefile size = 1649.54 MB (1278.41 MB after compression)
  83481 29528    21048.0000   171    23912.0000    18338.0000 11697504   23.31%
  83524 29551    infeasible          23912.0000    18338.0000 11702445   23.31%
  83569 29574    18938.0000   176    23912.0000    18338.0000 11707447   23.31%
  83616 29594    18638.0000   143    23912.0000    18338.0000 11713824   23.31%
  83656 29610    infeasible          23912.0000    18338.0000 11718603   23.31%
  83694 29624    18338.0000   455    23912.0000    18338.0000 11723474   23.31%
  83740 29641    22054.0000    56    23912.0000    18338.0000 11728360   23.31%
  83777 29657    20496.0000   175    23912.0000    18338.0000 11733879   23.31%
  83825 29673    20390.0000    84    23912.0000    18338.0000 11738284   23.31%
  83867 29685        cutoff          23912.0000    18338.0000 11742588   23.31%
Elapsed time = 31228.42 sec. (27508688.30 ticks, tree = 3688.91 MB, solutions = 14)
Nodefile size = 1649.54 MB (1278.41 MB after compression)
  83902 29701    21454.0000    61    23912.0000    18338.0000 11746904   23.31%
  83949 29719    18638.0000   299    23912.0000    18338.0000 11752934   23.31%
  83994 29739    19896.0000   165    23912.0000    18338.0000 11760782   23.31%
  84023 29757    23612.0000    51    23912.0000    18338.0000 11767171   23.31%
  84056 29775    20196.0000   125    23912.0000    18338.0000 11772920   23.31%
  84109 29801    18938.0000   357    23912.0000    18338.0000 11781559   23.31%
  84142 29818    18638.0000   459    23912.0000    18338.0000 11787565   23.31%
  84174 29835    18338.0000   441    23912.0000    18338.0000 11794215   23.31%
  84214 29857    18338.0000   338    23912.0000    18338.0000 11800704   23.31%
  84246 29869    18638.0000   117    23912.0000    18338.0000 11807479   23.31%
Elapsed time = 31397.91 sec. (27663805.07 ticks, tree = 3689.13 MB, solutions = 14)
Nodefile size = 1649.54 MB (1278.41 MB after compression)
  84285 29883    19596.0000   141    23912.0000    18338.0000 11814654   23.31%
  84314 29894    20196.0000   185    23912.0000    18338.0000 11821736   23.31%
  84352 29908    18338.0000   423    23912.0000    18338.0000 11827661   23.31%
  84389 29921    18938.0000   166    23912.0000    18338.0000 11832781   23.31%
  84425 29936    18638.0000   227    23912.0000    18338.0000 11839446   23.31%
  84460 29949    19896.0000   110    23912.0000    18338.0000 11846615   23.31%
  84496 29963    21348.0000   190    23912.0000    18338.0000 11853517   23.31%
  84538 29980    19596.0000   259    23912.0000    18338.0000 11862799   23.31%
  84569 29996    21754.0000   102    23912.0000    18338.0000 11867952   23.31%
  84606 30011    20690.0000    94    23912.0000    18338.0000 11873647   23.31%
Elapsed time = 31570.37 sec. (27821002.49 ticks, tree = 3689.18 MB, solutions = 14)
Nodefile size = 1649.54 MB (1278.41 MB after compression)
  84642 30029    infeasible          23912.0000    18338.0000 11881960   23.31%
  84681 30052    19596.0000   279    23912.0000    18338.0000 11889534   23.31%
  84716 30070    18638.0000   434    23912.0000    18338.0000 11896798   23.31%
  84745 30086    18938.0000   247    23912.0000    18338.0000 11903778   23.31%
  84790 30108    18338.0000   385    23912.0000    18338.0000 11911491   23.31%
  84823 30128    18338.0000   328    23912.0000    18338.0000 11918036   23.31%
  84882 30160    18338.0000   319    23912.0000    18338.0000 11926659   23.31%
  84921 30182    20196.0000   194    23912.0000    18338.0000 11932327   23.31%
  84958 30204    18938.0000   245    23912.0000    18338.0000 11938506   23.31%
  85001 30224    19296.0000   248    23912.0000    18338.0000 11944965   23.31%
Elapsed time = 31732.42 sec. (27976585.92 ticks, tree = 3689.98 MB, solutions = 14)
Nodefile size = 1649.54 MB (1278.41 MB after compression)
  85043 30253    infeasible          23912.0000    18338.0000 11952299   23.31%
  85090 30282    23206.0000    54    23912.0000    18338.0000 11959465   23.31%
  85143 30304    19596.0000   195    23912.0000    18338.0000 11967017   23.31%
  85197 30322    18638.0000   366    23912.0000    18338.0000 11974448   23.31%
  85245 30346    19238.0000   124    23912.0000    18338.0000 11981952   23.31%
  85310 30367    18338.0000   181    23912.0000    18338.0000 11989670   23.31%
  85359 30377    19490.0000   406    23912.0000    18338.0000 11995832   23.31%
  85387 30393    18638.0000   594    23912.0000    18338.0000 12002202   23.31%
  85410 30407    19790.0000   228    23912.0000    18338.0000 12007036   23.31%
  85443 30427    18338.0000   297    23912.0000    18338.0000 12013179   23.31%
Elapsed time = 31895.70 sec. (28132063.41 ticks, tree = 3690.42 MB, solutions = 14)
Nodefile size = 1649.54 MB (1278.41 MB after compression)
  85496 30458    18338.0000   297    23912.0000    18338.0000 12018433   23.31%
  85547 30485    infeasible          23912.0000    18338.0000 12025475   23.31%
  85596 30502    20090.0000   181    23912.0000    18338.0000 12032127   23.31%
  85631 30526    19790.0000   160    23912.0000    18338.0000 12037902   23.31%
  85667 30544    18938.0000   227    23912.0000    18338.0000 12047066   23.31%
  85707 30564    18996.0000   148    23912.0000    18338.0000 12055386   23.31%
  85747 30577    18938.0000   276    23912.0000    18338.0000 12064163   23.31%
  85776 30592    21348.0000   116    23912.0000    18338.0000 12069887   23.31%
  85820 30608    21754.0000   131    23912.0000    18338.0000 12078207   23.31%
  85858 30623    infeasible          23912.0000    18338.0000 12085258   23.31%
Elapsed time = 32061.68 sec. (28287813.32 ticks, tree = 3691.01 MB, solutions = 14)
Nodefile size = 1649.54 MB (1278.41 MB after compression)
  85894 30640    19596.0000   197    23912.0000    18338.0000 12093162   23.31%
  85927 30655    20196.0000   418    23912.0000    18338.0000 12101693   23.31%
  85962 30672    19490.0000   496    23912.0000    18338.0000 12108901   23.31%
  85999 30697    23506.0000    98    23912.0000    18338.0000 12114557   23.31%
  86034 30716    22654.0000    79    23912.0000    18338.0000 12120206   23.31%
  86074 30729    22906.0000   100    23912.0000    18338.0000 12126267   23.31%
  86114 30752    20390.0000   133    23912.0000    18338.0000 12132252   23.31%
  86151 30763        cutoff          23912.0000    18338.0000 12137179   23.31%
  86189 30776    18938.0000   179    23912.0000    18338.0000 12142715   23.31%
  86224 30795    infeasible          23912.0000    18338.0000 12150055   23.31%
Elapsed time = 32230.62 sec. (28442924.69 ticks, tree = 3691.82 MB, solutions = 14)
Nodefile size = 1649.54 MB (1278.41 MB after compression)
  86264 30811    19296.0000   120    23912.0000    18338.0000 12155040   23.31%
  86299 30830    21154.0000   139    23912.0000    18338.0000 12160982   23.31%
  86333 30844    22054.0000   160    23912.0000    18338.0000 12167623   23.31%
  86362 30854    20496.0000   152    23912.0000    18338.0000 12172896   23.31%
  86395 30867    22354.0000   174    23912.0000    18338.0000 12178341   23.31%
  86422 30884    23506.0000   143    23912.0000    18338.0000 12181060   23.31%
  86455 30899    22054.0000   101    23912.0000    18338.0000 12187495   23.31%
  86488 30914    21754.0000   108    23912.0000    18338.0000 12194182   23.31%
  86528 30936    20496.0000   205    23912.0000    18338.0000 12199073   23.31%
  86558 30954    20196.0000   170    23912.0000    18338.0000 12203877   23.31%
Elapsed time = 32404.27 sec. (28598718.67 ticks, tree = 3692.93 MB, solutions = 14)
Nodefile size = 1649.54 MB (1278.41 MB after compression)
  86594 30968    19790.0000   188    23912.0000    18338.0000 12210130   23.31%
  86631 30990    23700.0000    82    23912.0000    18338.0000 12215607   23.31%
  86683 31012    22054.0000    68    23912.0000    18338.0000 12224261   23.31%
  86743 31044    18338.0000   305    23912.0000    18338.0000 12233945   23.31%
  86795 31067    19296.0000   163    23912.0000    18338.0000 12241361   23.31%
  86836 31090    21454.0000    84    23912.0000    18338.0000 12246972   23.31%
  86873 31107    20171.0000   179    23912.0000    18338.0000 12252688   23.31%
  86900 31123    18338.0000   338    23912.0000    18338.0000 12257998   23.31%
  86932 31134    22606.0000    80    23912.0000    18338.0000 12266280   23.31%
  86966 31147    21650.0000   111    23912.0000    18338.0000 12275005   23.31%
Elapsed time = 32572.48 sec. (28755069.88 ticks, tree = 3694.43 MB, solutions = 14)
Nodefile size = 1649.54 MB (1278.41 MB after compression)
  86999 31164    18338.0000   197    23912.0000    18338.0000 12283773   23.31%
  87041 31177    19896.0000   276    23912.0000    18338.0000 12292746   23.31%
  87086 31200    20196.0000   142    23912.0000    18338.0000 12298809   23.31%
  87132 31221    19790.0000   110    23912.0000    18338.0000 12305688   23.31%
  87184 31243    18638.0000   152    23912.0000    18338.0000 12312038   23.31%
  87235 31265    18338.0000   271    23912.0000    18338.0000 12317944   23.31%
  87276 31285        cutoff          23912.0000    18338.0000 12323464   23.31%
  87316 31301    infeasible          23912.0000    18338.0000 12328483   23.31%
  87361 31315    23206.0000   137    23912.0000    18338.0000 12336314   23.31%
  87411 31337    18338.0000   327    23912.0000    18338.0000 12343163   23.31%
Elapsed time = 32738.42 sec. (28910983.75 ticks, tree = 3695.41 MB, solutions = 14)
Nodefile size = 1649.54 MB (1278.41 MB after compression)
  87445 31355    infeasible          23912.0000    18338.0000 12351752   23.31%
  87491 31381    20496.0000   123    23912.0000    18338.0000 12361114   23.31%
  87549 31413    19896.0000   115    23912.0000    18338.0000 12367905   23.31%
  87611 31439    19596.0000   342    23912.0000    18338.0000 12373748   23.31%
  87661 31468    18338.0000   332    23912.0000    18338.0000 12382460   23.31%
  87701 31490    21648.0000   159    23912.0000    18338.0000 12392235   23.31%
  87755 31510    infeasible          23912.0000    18338.0000 12400705   23.31%
  87788 31523    21948.0000   440    23912.0000    18338.0000 12406817   23.31%
  87818 31538    18338.0000   389    23912.0000    18338.0000 12413538   23.31%
  87853 31557    21948.0000   112    23912.0000    18338.0000 12418903   23.31%
Elapsed time = 32901.87 sec. (29065459.11 ticks, tree = 3695.78 MB, solutions = 14)
Nodefile size = 1649.54 MB (1278.41 MB after compression)
  87894 31567    infeasible          23912.0000    18338.0000 12425141   23.31%
  87932 31585    infeasible          23912.0000    18338.0000 12432583   23.31%
  87965 31602    20990.0000    97    23912.0000    18338.0000 12438468   23.31%
  87999 31619    21948.0000   150    23912.0000    18338.0000 12444586   23.31%
  88033 31636        cutoff          23912.0000    18338.0000 12455499   23.31%
  88062 31649    18638.0000   521    23912.0000    18338.0000 12461516   23.31%
  88093 31664    19596.0000   217    23912.0000    18338.0000 12467488   23.31%
  88126 31687    19896.0000    70    23912.0000    18338.0000 12473351   23.31%
  88164 31703    23100.0000    40    23912.0000    18338.0000 12477317   23.31%
  88212 31719    18638.0000   176    23912.0000    18338.0000 12482555   23.31%
Elapsed time = 33072.39 sec. (29221404.72 ticks, tree = 3695.81 MB, solutions = 14)
Nodefile size = 1649.54 MB (1278.41 MB after compression)
  88248 31740        cutoff          23912.0000    18338.0000 12487606   23.31%
  88283 31754    20196.0000   142    23912.0000    18338.0000 12493017   23.31%
  88323 31776    23700.0000    83    23912.0000    18338.0000 12500053   23.31%
  88367 31791    18638.0000   145    23912.0000    18338.0000 12505886   23.31%
  88399 31811    20196.0000   258    23912.0000    18338.0000 12512143   23.31%
  88440 31833    21948.0000   102    23912.0000    18338.0000 12517835   23.31%
  88477 31847        cutoff          23912.0000    18338.0000 12523499   23.31%
  88505 31862    18338.0000   425    23912.0000    18338.0000 12529263   23.31%
  88548 31882    19896.0000   260    23912.0000    18338.0000 12535590   23.31%
  88580 31902        cutoff          23912.0000    18338.0000 12542150   23.31%
Elapsed time = 33244.15 sec. (29376765.65 ticks, tree = 3697.18 MB, solutions = 14)
Nodefile size = 1649.54 MB (1278.41 MB after compression)
  88623 31924    18338.0000   426    23912.0000    18338.0000 12548800   23.31%
  88670 31942    18938.0000   188    23912.0000    18338.0000 12555861   23.31%
  88717 31960    18638.0000   294    23912.0000    18338.0000 12563170   23.31%
  88756 31975    18338.0000   458    23912.0000    18338.0000 12569188   23.31%
  88792 31996    19538.0000   269    23912.0000    18338.0000 12575387   23.31%
  88834 32022    20090.0000   359    23912.0000    18338.0000 12581170   23.31%
  88871 32047    21048.0000   153    23912.0000    18338.0000 12586527   23.31%
  88912 32059    19596.0000   248    23912.0000    18338.0000 12592990   23.31%
  88949 32077    20748.0000   157    23912.0000    18338.0000 12598671   23.31%
  88982 32095    23806.0000    97    23912.0000    18338.0000 12602784   23.31%
Elapsed time = 33415.66 sec. (29533025.23 ticks, tree = 3698.87 MB, solutions = 14)
Nodefile size = 1650.90 MB (1279.42 MB after compression)
  89024 32108    23806.0000   130    23912.0000    18338.0000 12609368   23.31%
  89061 32130    23206.0000   140    23912.0000    18338.0000 12618125   23.31%
  89094 32147    20090.0000   163    23912.0000    18338.0000 12624137   23.31%
  89124 32156    21948.0000   155    23912.0000    18338.0000 12630620   23.31%
  89160 32174    22248.0000   149    23912.0000    18338.0000 12637655   23.31%
  89194 32182    infeasible          23912.0000    18338.0000 12645074   23.31%
  89220 32200    19490.0000   195    23912.0000    18338.0000 12650240   23.31%
  89263 32214    19490.0000   170    23912.0000    18338.0000 12655725   23.31%
  89306 32228    20196.0000   229    23912.0000    18338.0000 12661875   23.31%
  89355 32246    21348.0000   147    23912.0000    18338.0000 12668409   23.31%
Elapsed time = 33584.09 sec. (29688617.68 ticks, tree = 3699.73 MB, solutions = 14)
Nodefile size = 1651.81 MB (1280.05 MB after compression)
  89396 32269    21948.0000    92    23912.0000    18338.0000 12673786   23.31%
  89432 32289    infeasible          23912.0000    18338.0000 12678923   23.31%
  89464 32306    19296.0000   226    23912.0000    18338.0000 12685817   23.31%
  89492 32325    22548.0000   123    23912.0000    18338.0000 12692762   23.31%
  89534 32347    22906.0000   124    23912.0000    18338.0000 12697926   23.31%
  89565 32362    19596.0000   173    23912.0000    18338.0000 12704165   23.31%
  89603 32384    21948.0000    65    23912.0000    18338.0000 12710062   23.31%
  89647 32409    22800.0000   163    23912.0000    18338.0000 12718949   23.31%
  89686 32430    19238.0000   264    23912.0000    18338.0000 12724709   23.31%
  89725 32455    21048.0000   178    23912.0000    18338.0000 12732316   23.31%
Elapsed time = 33751.75 sec. (29845892.67 ticks, tree = 3700.44 MB, solutions = 14)
Nodefile size = 1652.49 MB (1280.56 MB after compression)
  89764 32468    18338.3996   441    23912.0000    18338.0000 12739728   23.31%
  89807 32490    22906.0000   100    23912.0000    18338.0000 12747530   23.31%
  89837 32510    20496.0000   182    23912.0000    18338.0000 12752896   23.31%
  89869 32528    20196.0000   167    23912.0000    18338.0000 12757696   23.31%
  89901 32545    18338.0000   184    23912.0000    18338.0000 12761945   23.31%
  89937 32560    22906.0000    70    23912.0000    18338.0000 12765358   23.31%
  89972 32577    21754.0000   162    23912.0000    18338.0000 12770253   23.31%
  90012 32596    21454.0000   149    23912.0000    18338.0000 12774747   23.31%
  90051 32613    19896.0000   184    23912.0000    18338.0000 12780846   23.31%
  90084 32630    20196.0000   197    23912.0000    18338.0000 12787658   23.31%
Elapsed time = 33921.43 sec. (30001262.16 ticks, tree = 3701.47 MB, solutions = 14)
Nodefile size = 1653.73 MB (1281.49 MB after compression)
  90133 32652    21648.0000   106    23912.0000    18338.0000 12796531   23.31%
  90166 32665    19790.0000   632    23912.0000    18338.0000 12804203   23.31%
  90194 32684    20496.0000   243    23912.0000    18338.0000 12810618   23.31%
  90226 32699    19790.0000   305    23912.0000    18338.0000 12817022   23.31%
  90260 32721        cutoff          23912.0000    18338.0000 12823059   23.31%
  90298 32741    21648.0000    88    23912.0000    18338.0000 12828377   23.31%
  90334 32759    19790.0000   292    23912.0000    18338.0000 12835566   23.31%
  90368 32781    18638.0000   181    23912.0000    18338.0000 12841512   23.31%
  90397 32798    19896.0000   249    23912.0000    18338.0000 12846566   23.31%
  90427 32815    19896.0000   244    23912.0000    18338.0000 12852160   23.31%
Elapsed time = 34092.84 sec. (30158001.51 ticks, tree = 3702.61 MB, solutions = 14)
Nodefile size = 1654.63 MB (1282.10 MB after compression)
  90460 32831    22054.0000   138    23912.0000    18338.0000 12858471   23.31%
  90490 32843    23612.0000    85    23912.0000    18338.0000 12863970   23.31%
  90531 32857    18338.0000   429    23912.0000    18338.0000 12869861   23.31%
  90560 32863        cutoff          23912.0000    18338.0000 12875624   23.31%
  90585 32878    19490.0000   344    23912.0000    18338.0000 12882565   23.31%
  90613 32894    21754.0000   129    23912.0000    18338.0000 12888075   23.31%
  90649 32906    infeasible          23912.0000    18338.0000 12896655   23.31%
  90694 32929    19296.0000   272    23912.0000    18338.0000 12903588   23.31%
  90725 32945    19596.0000   218    23912.0000    18338.0000 12910571   23.31%
  90753 32957        cutoff          23912.0000    18338.0000 12916388   23.31%
Elapsed time = 34263.88 sec. (30313082.10 ticks, tree = 3703.55 MB, solutions = 14)
Nodefile size = 1655.64 MB (1282.84 MB after compression)
  90785 32968    20390.0000   317    23912.0000    18338.0000 12922079   23.31%
  90822 32989    22248.0000   212    23912.0000    18338.0000 12929280   23.31%
  90854 33012    20196.0000   279    23912.0000    18338.0000 12933486   23.31%
  90891 33039    22654.0000    66    23912.0000    18338.0000 12938407   23.31%
  90926 33056    22712.0000   158    23912.0000    18338.0000 12943945   23.31%
  90966 33069    20854.0000   231    23912.0000    18338.0000 12949600   23.31%
  91006 33086    18338.0000   329    23912.0000    18338.0000 12957010   23.31%
  91059 33114    19790.0000   140    23912.0000    18338.0000 12964055   23.31%
  91110 33133    19296.0000   142    23912.0000    18338.0000 12974503   23.31%
  91165 33158        cutoff          23912.0000    18338.0000 12983090   23.31%
Elapsed time = 34431.34 sec. (30468126.91 ticks, tree = 3704.16 MB, solutions = 14)
Nodefile size = 1656.43 MB (1283.41 MB after compression)
  91199 33180    20196.0000   198    23912.0000    18338.0000 12992239   23.31%
  91241 33196    21454.0000   110    23912.0000    18338.0000 13000585   23.31%
  91286 33208    20090.0000   351    23912.0000    18338.0000 13009117   23.31%
  91316 33226    18338.0000   329    23912.0000    18338.0000 13016219   23.31%
  91368 33253    18338.0000   432    23912.0000    18338.0000 13027180   23.31%
  91400 33275    21050.0000   215    23912.0000    18338.0000 13033286   23.31%
  91431 33296    23400.0000   124    23912.0000    18338.0000 13038859   23.31%
  91461 33310    18338.0000   335    23912.0000    18338.0000 13044753   23.31%
  91498 33328    23806.0000   117    23912.0000    18338.0000 13049413   23.31%
  91533 33347    19296.0000   326    23912.0000    18338.0000 13054982   23.31%
Elapsed time = 34597.69 sec. (30623330.47 ticks, tree = 3705.32 MB, solutions = 14)
Nodefile size = 1657.43 MB (1284.16 MB after compression)
  91563 33368    19896.0000   283    23912.0000    18338.0000 13060115   23.31%
  91598 33388    18338.0000   654    23912.0000    18338.0000 13065995   23.31%
  91622 33402    18638.0000   280    23912.0000    18338.0000 13072135   23.31%
  91663 33424    19596.0000   324    23912.0000    18338.0000 13079224   23.31%
  91721 33448    20196.0000   114    23912.0000    18338.0000 13088379   23.31%
  91756 33459    18338.0000   356    23912.0000    18338.0000 13095381   23.31%
  91790 33474    20196.0000   120    23912.0000    18338.0000 13103294   23.31%
  91822 33485    19596.0000   308    23912.0000    18338.0000 13109761   23.31%
  91845 33497    19758.0000   177    23912.0000    18338.0000 13116346   23.31%
  91904 33528    18938.0000   163    23912.0000    18338.0000 13123103   23.31%
Elapsed time = 34761.22 sec. (30777357.49 ticks, tree = 3706.20 MB, solutions = 14)
Nodefile size = 1658.21 MB (1284.71 MB after compression)
  91951 33552    20748.0000   187    23912.0000    18338.0000 13130001   23.31%
  91996 33576    20748.0000   147    23912.0000    18338.0000 13137656   23.31%
  92038 33596    18638.0000   180    23912.0000    18338.0000 13142784   23.31%
  92084 33621    21350.0000   104    23912.0000    18338.0000 13149145   23.31%
  92138 33644    20496.3996   215    23912.0000    18338.0000 13155873   23.31%
  92186 33666    21129.0000   216    23912.0000    18338.0000 13166087   23.31%
  92232 33685    18338.0000   383    23912.0000    18338.0000 13173169   23.31%
  92280 33705    19596.0000   308    23912.0000    18338.0000 13180672   23.31%
  92332 33729    20196.0000   152    23912.0000    18338.0000 13187458   23.31%
  92387 33751    21348.0000   131    23912.0000    18338.0000 13196284   23.31%
Elapsed time = 34922.07 sec. (30931975.73 ticks, tree = 3707.92 MB, solutions = 14)
Nodefile size = 1660.00 MB (1285.98 MB after compression)
  92429 33767    19490.0000   505    23912.0000    18338.0000 13205771   23.31%
  92458 33790    23206.0000    92    23912.0000    18338.0000 13212412   23.31%
  92491 33807    21616.0000    51    23912.0000    18338.0000 13219878   23.31%
  92546 33830    20496.0000   115    23912.0000    18338.0000 13227695   23.31%
  92587 33851    21258.0000    72    23912.0000    18338.0000 13236699   23.31%
  92637 33871    22054.0000   115    23912.0000    18338.0000 13245040   23.31%
  92681 33892    20390.0000   104    23912.0000    18338.0000 13255633   23.31%
  92729 33909    19596.0000   244    23912.0000    18338.0000 13261783   23.31%
  92775 33931        cutoff          23912.0000    18338.0000 13270550   23.31%
  92821 33954    18638.0000   130    23912.0000    18338.0000 13277106   23.31%
Elapsed time = 35087.19 sec. (31087549.33 ticks, tree = 3709.48 MB, solutions = 14)
Nodefile size = 1661.58 MB (1287.14 MB after compression)
  92876 33978    20196.0000   193    23912.0000    18338.0000 13284436   23.31%
  92910 33994    23700.0000    53    23912.0000    18338.0000 13293417   23.31%
  92946 34014    19490.0000   279    23912.0000    18338.0000 13300253   23.31%
  92980 34027    22800.0000   157    23912.0000    18338.0000 13308460   23.31%
  93016 34043    22500.0000    94    23912.0000    18338.0000 13316003   23.31%
  93060 34057        cutoff          23912.0000    18338.0000 13323583   23.31%
  93105 34072    23806.0000    58    23912.0000    18338.0000 13330884   23.31%
  93136 34086    infeasible          23912.0000    18338.0000 13337284   23.31%
  93188 34107        cutoff          23912.0000    18338.0000 13342126   23.31%
  93231 34124    infeasible          23912.0000    18338.0000 13347867   23.31%
Elapsed time = 35254.66 sec. (31242588.04 ticks, tree = 3710.54 MB, solutions = 14)
Nodefile size = 1662.57 MB (1287.80 MB after compression)
  93277 34139    20390.0000   110    23912.0000    18338.0000 13353720   23.31%
  93321 34149    19296.0000   127    23912.0000    18338.0000 13358834   23.31%
  93369 34163    19596.0000   348    23912.0000    18338.0000 13364283   23.31%
  93411 34177    19596.0000   236    23912.0000    18338.0000 13367930   23.31%
  93456 34194    21154.0000   143    23912.0000    18338.0000 13372783   23.31%
  93494 34212    20090.0000   220    23912.0000    18338.0000 13378163   23.31%
  93525 34225    18338.0000   267    23912.0000    18338.0000 13385178   23.31%
  93558 34241    19596.0000   142    23912.0000    18338.0000 13392105   23.31%
  93613 34263    18338.0000   274    23912.0000    18338.0000 13399849   23.31%
  93651 34284    22548.0000    57    23912.0000    18338.0000 13406074   23.31%
Elapsed time = 35424.94 sec. (31398427.01 ticks, tree = 3710.99 MB, solutions = 14)
Nodefile size = 1663.30 MB (1288.29 MB after compression)
  93695 34297    18938.0000   220    23912.0000    18338.0000 13413288   23.31%
  93721 34315    18338.0000   658    23912.0000    18338.0000 13419659   23.31%
  93746 34332    18638.0000   295    23912.0000    18338.0000 13428202   23.31%
  93779 34353    22654.0000   110    23912.0000    18338.0000 13433121   23.31%
  93812 34369    22248.0000    86    23912.0000    18338.0000 13439619   23.31%
  93844 34387    22608.0000    82    23912.0000    18338.0000 13445239   23.31%
  93882 34408    19596.0000   244    23912.0000    18338.0000 13453080   23.31%
  93907 34423    22848.0000    98    23912.0000    18338.0000 13458176   23.31%
  93938 34442    23506.0000    74    23912.0000    18338.0000 13463310   23.31%
  93977 34459    23100.0000    83    23912.0000    18338.0000 13468920   23.31%
Elapsed time = 35595.49 sec. (31555523.69 ticks, tree = 3712.23 MB, solutions = 14)
Nodefile size = 1664.27 MB (1288.99 MB after compression)
  94014 34478    19596.0000   158    23912.0000    18338.0000 13474143   23.31%
  94048 34498    22606.0000    59    23912.0000    18338.0000 13478179   23.31%
  94086 34513    19896.0000   154    23912.0000    18338.0000 13482537   23.31%
  94123 34532    20390.0000   204    23912.0000    18338.0000 13487973   23.31%
  94158 34550    18338.0000   309    23912.0000    18338.0000 13494986   23.31%
  94191 34565        cutoff          23912.0000    18338.0000 13501247   23.31%
  94221 34580    18338.0000   369    23912.0000    18338.0000 13507343   23.31%
  94257 34594    18338.0000   415    23912.0000    18338.0000 13513549   23.31%
  94290 34610    18338.0000   334    23912.0000    18338.0000 13519273   23.31%
  94320 34621    18638.0000   312    23912.0000    18338.0000 13523511   23.31%
Elapsed time = 35770.04 sec. (31712891.80 ticks, tree = 3713.40 MB, solutions = 14)
Nodefile size = 1665.48 MB (1289.87 MB after compression)
  94352 34634    20990.0000   130    23912.0000    18338.0000 13527831   23.31%
  94380 34646    20196.0000   186    23912.0000    18338.0000 13533068   23.31%
  94411 34663    18338.0000   726    23912.0000    18338.0000 13542742   23.31%
  94449 34682    18638.0000   206    23912.0000    18338.0000 13548255   23.31%
  94490 34703    22654.0000   116    23912.0000    18338.0000 13553713   23.31%
  94539 34720        cutoff          23912.0000    18338.0000 13557985   23.31%
  94576 34739    23561.0000   123    23912.0000    18338.0000 13562703   23.31%
  94625 34764    19490.0000   226    23912.0000    18338.0000 13567485   23.31%
  94665 34786    21948.0000   110    23912.0000    18338.0000 13572359   23.31%
  94712 34801    18338.0000   444    23912.0000    18338.0000 13578704   23.31%
Elapsed time = 35938.73 sec. (31868591.40 ticks, tree = 3714.93 MB, solutions = 14)
Nodefile size = 1666.94 MB (1290.94 MB after compression)
  94743 34817    19490.0000   254    23912.0000    18338.0000 13584581   23.31%
  94771 34832    19790.0000   198    23912.0000    18338.0000 13592341   23.31%
  94803 34852    20496.0000   169    23912.0000    18338.0000 13598679   23.31%
  94831 34870    20090.0000   183    23912.0000    18338.0000 13604120   23.31%
  94863 34882        cutoff          23912.0000    18338.0000 13610429   23.31%
  94891 34897    22906.0000    96    23912.0000    18338.0000 13616830   23.31%
  94917 34909    19896.0000   197    23912.0000    18338.0000 13622340   23.31%
  94945 34920    infeasible          23912.0000    18338.0000 13627724   23.31%
  94968 34927        cutoff          23912.0000    18338.0000 13631805   23.31%
  94997 34934    19490.0000   393    23912.0000    18338.0000 13638499   23.31%
Elapsed time = 36112.01 sec. (32023796.49 ticks, tree = 3716.19 MB, solutions = 14)
Nodefile size = 1668.26 MB (1291.90 MB after compression)
  95026 34949    18638.0000   278    23912.0000    18338.0000 13645277   23.31%
  95053 34960    18938.0000   176    23912.0000    18338.0000 13651705   23.31%
  95100 34985    18638.0000   226    23912.0000    18338.0000 13657860   23.31%
  95141 35006    22054.0000    56    23912.0000    18338.0000 13665049   23.31%
  95171 35029    23312.0000    99    23912.0000    18338.0000 13671500   23.31%
  95204 35044    20796.0000   123    23912.0000    18338.0000 13679187   23.31%
  95242 35064    23806.0000    44    23912.0000    18338.0000 13685633   23.31%
  95274 35081    18338.0000   595    23912.0000    18338.0000 13693246   23.31%
  95313 35097    22054.0000   101    23912.0000    18338.0000 13701846   23.31%
  95353 35110    18638.0000   229    23912.0000    18338.0000 13709092   23.31%
Elapsed time = 36280.07 sec. (32178630.75 ticks, tree = 3717.51 MB, solutions = 14)
Nodefile size = 1669.59 MB (1292.85 MB after compression)
  95388 35132    infeasible          23912.0000    18338.0000 13715058   23.31%
  95420 35150    22608.0000   100    23912.0000    18338.0000 13722623   23.31%
  95448 35169    21348.0000   166    23912.0000    18338.0000 13729213   23.31%
  95479 35189    20090.0000   184    23912.0000    18338.0000 13733638   23.31%
  95514 35210    19896.0000   159    23912.0000    18338.0000 13737977   23.31%
  95550 35230    23206.0000    75    23912.0000    18338.0000 13743575   23.31%
  95585 35246    20196.0000   240    23912.0000    18338.0000 13748101   23.31%
  95620 35266    18638.0000   400    23912.0000    18338.0000 13752151   23.31%
  95648 35283    18638.0000   291    23912.0000    18338.0000 13755835   23.31%
  95678 35294    18638.0000   315    23912.0000    18338.0000 13761200   23.31%
Elapsed time = 36453.15 sec. (32333894.80 ticks, tree = 3718.86 MB, solutions = 14)
Nodefile size = 1670.93 MB (1293.78 MB after compression)
  95713 35309    18338.0000   474    23912.0000    18338.0000 13766630   23.31%
  95740 35325    22354.0000   110    23912.0000    18338.0000 13771803   23.31%
  95771 35339    21648.0000   194    23912.0000    18338.0000 13776206   23.31%
  95806 35353    19896.0000   314    23912.0000    18338.0000 13780029   23.31%
  95837 35376    21754.0000   130    23912.0000    18338.0000 13783363   23.31%
  95875 35391    19790.0000   284    23912.0000    18338.0000 13788221   23.31%
  95907 35404    18338.0000   597    23912.0000    18338.0000 13791771   23.31%
  95936 35419    23400.0000    80    23912.0000    18338.0000 13796630   23.31%
  95971 35434    19896.0000   154    23912.0000    18338.0000 13800932   23.31%
  96009 35453    19896.0000   174    23912.0000    18338.0000 13805187   23.31%
Elapsed time = 36629.99 sec. (32490187.29 ticks, tree = 3720.39 MB, solutions = 14)
Nodefile size = 1672.51 MB (1294.92 MB after compression)
  96047 35474    20496.0000   147    23912.0000    18338.0000 13808766   23.31%
  96083 35490    18638.0000   448    23912.0000    18338.0000 13813335   23.31%
  96105 35499    20196.0000   213    23912.0000    18338.0000 13817803   23.31%
  96139 35521    21348.0000   173    23912.0000    18338.0000 13822293   23.31%
  96175 35540        cutoff          23912.0000    18338.0000 13826369   23.31%
  96212 35558    18338.0000   250    23912.0000    18338.0000 13831248   23.31%
  96257 35571    18638.0000   251    23912.0000    18338.0000 13836551   23.31%
  96296 35584    18638.0000   193    23912.0000    18338.0000 13841797   23.31%
  96328 35600        cutoff          23912.0000    18338.0000 13846130   23.31%
  96366 35614    22906.0000    92    23912.0000    18338.0000 13851796   23.31%
Elapsed time = 36804.70 sec. (32645808.26 ticks, tree = 3721.95 MB, solutions = 14)
Nodefile size = 1673.95 MB (1295.94 MB after compression)
  96404 35626    19896.0000   233    23912.0000    18338.0000 13855914   23.31%
  96437 35649    18638.0000   259    23912.0000    18338.0000 13863526   23.31%
  96470 35668        cutoff          23912.0000    18338.0000 13869452   23.31%
  96511 35685    20090.0000   188    23912.0000    18338.0000 13876625   23.31%
  96549 35704    19896.0000   240    23912.0000    18338.0000 13885553   23.31%
  96583 35724    18338.0000   405    23912.0000    18338.0000 13892092   23.31%
  96618 35744    20090.0000   166    23912.0000    18338.0000 13898866   23.31%
  96648 35762    18938.0000   183    23912.0000    18338.0000 13906484   23.31%
  96691 35785    20496.0000   194    23912.0000    18338.0000 13912837   23.31%
  96739 35808    22354.0000   142    23912.0000    18338.0000 13919097   23.31%
Elapsed time = 36970.22 sec. (32801301.86 ticks, tree = 3723.59 MB, solutions = 14)
Nodefile size = 1675.63 MB (1297.11 MB after compression)
  96784 35823    22354.0000    52    23912.0000    18338.0000 13924927   23.31%
  96827 35836    23506.0000    44    23912.0000    18338.0000 13930641   23.31%
  96873 35860    20196.0000   154    23912.0000    18338.0000 13936054   23.31%
  96904 35878    21650.0000   114    23912.0000    18338.0000 13942070   23.31%
  96955 35897    18638.0000   209    23912.0000    18338.0000 13948227   23.31%
  96996 35915    19790.0000   182    23912.0000    18338.0000 13956370   23.31%
  97031 35930    20796.0000   291    23912.0000    18338.0000 13964237   23.31%
  97061 35949    22906.0000   212    23912.0000    18338.0000 13972203   23.31%
  97090 35966    23612.0000   145    23912.0000    18338.0000 13978234   23.31%
  97119 35985    21454.0000   127    23912.0000    18338.0000 13983206   23.31%
Elapsed time = 37138.34 sec. (32957581.64 ticks, tree = 3725.12 MB, solutions = 14)
Nodefile size = 1677.32 MB (1298.33 MB after compression)
  97157 36001    19490.0000   648    23912.0000    18338.0000 13989811   23.31%
  97187 36024    23261.0000   144    23912.0000    18338.0000 13995789   23.31%
  97220 36039        cutoff          23912.0000    18338.0000 14002163   23.31%
  97250 36057    19490.0000   761    23912.0000    18338.0000 14008550   23.31%
  97293 36080    19790.0000   115    23912.0000    18338.0000 14015016   23.31%
  97325 36095    20090.0000   532    23912.0000    18338.0000 14022982   23.31%
  97352 36109    22054.0000   161    23912.0000    18338.0000 14027320   23.31%
  97381 36124    19790.0000   204    23912.0000    18338.0000 14034496   23.31%
  97417 36140    18338.0000   418    23912.0000    18338.0000 14042944   23.31%
  97445 36151    18338.0000   367    23912.0000    18338.0000 14049734   23.31%
Elapsed time = 37305.30 sec. (33113743.07 ticks, tree = 3725.63 MB, solutions = 14)
Nodefile size = 1677.70 MB (1298.58 MB after compression)
  97474 36164    18338.0000   331    23912.0000    18338.0000 14054879   23.31%
  97518 36188    20196.0000   179    23912.0000    18338.0000 14060272   23.31%
  97561 36212    infeasible          23912.0000    18338.0000 14065286   23.31%
  97597 36220    22354.0000   106    23912.0000    18338.0000 14072706   23.31%
  97632 36240    19296.0000   121    23912.0000    18338.0000 14079179   23.31%
  97678 36262    20748.0000   162    23912.0000    18338.0000 14086962   23.31%
  97724 36283    19896.0000   200    23912.0000    18338.0000 14094597   23.31%
  97777 36309    21754.0000   159    23912.0000    18338.0000 14099442   23.31%
  97817 36326    22906.0000   138    23912.0000    18338.0000 14105556   23.31%
  97860 36340    20196.0000   213    23912.0000    18338.0000 14110072   23.31%
Elapsed time = 37471.77 sec. (33269106.55 ticks, tree = 3723.91 MB, solutions = 14)
Nodefile size = 1678.06 MB (1298.83 MB after compression)
  97898 36352    19596.0000   245    23912.0000    18338.0000 14117985   23.31%
  97933 36369    21154.0000   144    23912.0000    18338.0000 14125706   23.31%
  97969 36385    21350.0000   122    23912.0000    18338.0000 14132984   23.31%
  98004 36390    18338.0000   454    23912.0000    18338.0000 14138817   23.31%
  98028 36400    20196.0000   297    23912.0000    18338.0000 14145184   23.31%
  98068 36417    18638.0000   275    23912.0000    18338.0000 14151904   23.31%
  98094 36433    18938.0000   258    23912.0000    18338.0000 14157383   23.31%
  98128 36452    18338.0000   275    23912.0000    18338.0000 14162697   23.31%
  98177 36475    23561.0000    55    23912.0000    18338.0000 14171816   23.31%
  98233 36491    18338.0000   369    23912.0000    18338.0000 14179654   23.31%
Elapsed time = 37636.72 sec. (33424047.51 ticks, tree = 3723.80 MB, solutions = 14)
Nodefile size = 1678.06 MB (1298.83 MB after compression)
  98261 36503    19296.0000   186    23912.0000    18338.0000 14184295   23.31%
  98296 36519    21754.0000   209    23912.0000    18338.0000 14189913   23.31%
  98336 36534    18338.0000   360    23912.0000    18338.0000 14196282   23.31%
  98376 36558    19896.0000   199    23912.0000    18338.0000 14203124   23.31%
  98412 36575    20196.0000   229    23912.0000    18338.0000 14207515   23.31%
  98453 36603    21948.0000   154    23912.0000    18338.0000 14214213   23.31%
  98479 36619    22848.0000    95    23912.0000    18338.0000 14220018   23.31%
  98506 36634    18419.0000   259    23912.0000    18338.0000 14226012   23.31%
  98541 36653    19790.0000   236    23912.0000    18338.0000 14231975   23.31%
  98573 36672    18938.0000   309    23912.0000    18338.0000 14239489   23.31%
Elapsed time = 37800.90 sec. (33579263.69 ticks, tree = 3723.13 MB, solutions = 14)
Nodefile size = 1678.06 MB (1298.83 MB after compression)
  98618 36703    22606.0000   127    23912.0000    18338.0000 14245591   23.31%
  98676 36734    19490.0000   232    23912.0000    18338.0000 14252413   23.31%
  98730 36766    21810.0000   125    23912.0000    18338.0000 14261135   23.31%
  98780 36792    22800.0000   104    23912.0000    18338.0000 14268761   23.31%
  98826 36816    infeasible          23912.0000    18338.0000 14275615   23.31%
  98864 36834    22654.0000   158    23912.0000    18338.0000 14282201   23.31%
  98901 36843    18338.0000   369    23912.0000    18338.0000 14288123   23.31%
  98936 36856    18338.0000   307    23912.0000    18338.0000 14293956   23.31%
  98981 36883    20390.0000   143    23912.0000    18338.0000 14300177   23.31%
  99016 36901    18638.0000   253    23912.0000    18338.0000 14308097   23.31%
Elapsed time = 37959.99 sec. (33733555.68 ticks, tree = 3724.47 MB, solutions = 14)
Nodefile size = 1678.06 MB (1298.83 MB after compression)
  99049 36921    18338.0913   399    23912.0000    18338.0000 14313252   23.31%
  99086 36944    20496.0000   154    23912.0000    18338.0000 14319868   23.31%
  99135 36970    18638.0000   299    23912.0000    18338.0000 14326700   23.31%
  99171 36991    21048.0000   177    23912.0000    18338.0000 14332665   23.31%
  99218 37016    infeasible          23912.0000    18338.0000 14340115   23.31%
  99275 37043    19490.0000   221    23912.0000    18338.0000 14347668   23.31%
  99333 37067    22906.0000    99    23912.0000    18338.0000 14356465   23.31%
  99370 37086    20496.0000   199    23912.0000    18338.0000 14363878   23.31%
  99434 37116    22906.0000   110    23912.0000    18338.0000 14373096   23.31%
  99484 37138    18338.0000   242    23912.0000    18338.0000 14380900   23.31%
Elapsed time = 38118.13 sec. (33888226.77 ticks, tree = 3725.49 MB, solutions = 14)
Nodefile size = 1678.06 MB (1298.83 MB after compression)
  99534 37161    18338.0000   293    23912.0000    18338.0000 14388308   23.31%
  99574 37173    20196.0000   242    23912.0000    18338.0000 14394613   23.31%
  99613 37198    19790.0000   161    23912.0000    18338.0000 14399521   23.31%
  99648 37215    23400.0000   185    23912.0000    18338.0000 14403975   23.31%
  99678 37232    18338.0000   534    23912.0000    18338.0000 14408053   23.31%
  99708 37251    19896.0000   138    23912.0000    18338.0000 14415025   23.31%
  99739 37270    19790.0000   154    23912.0000    18338.0000 14420302   23.31%
  99772 37287    21348.0000   114    23912.0000    18338.0000 14425593   23.31%
  99804 37299    19896.0000   188    23912.0000    18338.0000 14430728   23.31%
  99837 37315    23806.0000    78    23912.0000    18338.0000 14436334   23.31%
Elapsed time = 38285.90 sec. (34043307.25 ticks, tree = 3725.92 MB, solutions = 14)
Nodefile size = 1678.06 MB (1298.83 MB after compression)
  99866 37330    22500.0000   111    23912.0000    18338.0000 14443394   23.31%
  99902 37346    19790.0000   191    23912.0000    18338.0000 14449073   23.31%
  99934 37357    18938.0000   212    23912.0000    18338.0000 14454390   23.31%
  99968 37377    19596.0000   237    23912.0000    18338.0000 14460409   23.31%
  99999 37396    21129.0000   162    23912.0000    18338.0000 14467257   23.31%
 100030 37417    18338.0000   264    23912.0000    18338.0000 14474315   23.31%
 100098 37453    infeasible          23912.0000    18338.0000 14481271   23.31%
 100165 37492    19490.0000   167    23912.0000    18338.0000 14490604   23.31%
 100216 37517    19790.3996   369    23912.0000    18338.0000 14498751   23.31%
 100267 37536    20196.0000   228    23912.0000    18338.0000 14505690   23.31%
Elapsed time = 38450.54 sec. (34199180.13 ticks, tree = 3727.22 MB, solutions = 14)
Nodefile size = 1679.30 MB (1299.66 MB after compression)
 100304 37555    18638.0000   231    23912.0000    18338.0000 14511908   23.31%
 100334 37576    20496.0000   182    23912.0000    18338.0000 14518707   23.31%
 100378 37597    19296.0000   252    23912.0000    18338.0000 14525631   23.31%
 100433 37631    18338.0000   232    23912.0000    18338.0000 14533581   23.31%
 100485 37663    21648.0000   140    23912.0000    18338.0000 14544064   23.31%
 100525 37692    22054.0000    81    23912.0000    18338.0000 14551325   23.31%
 100557 37711    21648.0000   170    23912.0000    18338.0000 14558402   23.31%
 100595 37725    18338.0000   683    23912.0000    18338.0000 14565138   23.31%
 100624 37734    18638.0000   149    23912.0000    18338.0000 14570939   23.31%
 100661 37752    18338.0000   394    23912.0000    18338.0000 14578274   23.31%
Elapsed time = 38612.15 sec. (34354286.97 ticks, tree = 3729.12 MB, solutions = 14)
Nodefile size = 1681.13 MB (1300.87 MB after compression)
 100696 37767    infeasible          23912.0000    18338.0000 14584599   23.31%
 100723 37775    21348.0000   161    23912.0000    18338.0000 14591228   23.31%
 100754 37788    18638.0000   524    23912.0000    18338.0000 14598785   23.31%
 100791 37807    19896.0000   292    23912.0000    18338.0000 14604452   23.31%
 100821 37823    18338.0000   362    23912.0000    18338.0000 14608607   23.31%
 100856 37838    18638.0000   277    23912.0000    18338.0000 14613087   23.31%
 100891 37856    18938.0000   212    23912.0000    18338.0000 14619322   23.31%
 100922 37860    20796.0000   148    23912.0000    18338.0000 14627810   23.31%
 100959 37869    19896.0000   178    23912.0000    18338.0000 14634129   23.31%
 100994 37883    18338.0000   188    23912.0000    18338.0000 14639220   23.31%
Elapsed time = 38778.55 sec. (34509011.68 ticks, tree = 3730.21 MB, solutions = 14)
Nodefile size = 1682.22 MB (1301.66 MB after compression)
 101032 37894    21048.0000   181    23912.0000    18338.0000 14645305   23.31%
 101069 37908    22248.0000   125    23912.0000    18338.0000 14652603   23.31%
 101106 37923    21048.0000   299    23912.0000    18338.0000 14659877   23.31%
 101145 37940    18338.0000   537    23912.0000    18338.0000 14666383   23.31%
 101184 37964    18638.0000   378    23912.0000    18338.0000 14672048   23.31%
 101218 37986    20796.0000   214    23912.0000    18338.0000 14677011   23.31%
 101267 38008    18338.0000   342    23912.0000    18338.0000 14684910   23.31%
Starting limited solution polishing.
 101302 38029    23806.0000    60    23912.0000    18338.0000 14690857   23.31%
 101344 38049    23206.0000   106    23912.0000    18338.0000 14695330   23.31%
 101383 38066    18638.0000   166    23912.0000    18338.0000 14699932   23.31%
Elapsed time = 38945.98 sec. (34665297.37 ticks, tree = 3730.49 MB, solutions = 14)
Nodefile size = 1682.95 MB (1302.16 MB after compression)
 101428 38088    19490.0000   481    23912.0000    18338.0000 14704692   23.31%
 101461 38110    20090.0000   200    23912.0000    18338.0000 14712145   23.31%
 101494 38126    22054.0000   116    23912.0000    18338.0000 14720827   23.31%
 101531 38145    infeasible          23912.0000    18338.0000 14728417   23.31%
 101582 38162    18419.0000   127    23912.0000    18338.0000 14734837   23.31%
 101630 38186    21348.0000    86    23912.0000    18338.0000 14740174   23.31%
 101676 38200    21348.0000   112    23912.0000    18338.0000 14747445   23.31%
 101719 38220    18638.0000   164    23912.0000    18338.0000 14753785   23.31%
 101757 38235    23506.0000    86    23912.0000    18338.0000 14760979   23.31%
 101796 38245    19896.0000   130    23912.0000    18338.0000 14767576   23.31%
Elapsed time = 39111.43 sec. (34821254.71 ticks, tree = 3731.23 MB, solutions = 14)
Nodefile size = 1683.37 MB (1302.39 MB after compression)
 101829 38263    22800.0000   124    23912.0000    18338.0000 14773842   23.31%
 101865 38276    18638.0000   392    23912.0000    18338.0000 14781385   23.31%
 101895 38291    23806.0000    69    23912.0000    18338.0000 14786745   23.31%
 101926 38307    21048.0000   195    23912.0000    18338.0000 14792184   23.31%
 101969 38328    19490.0000   392    23912.0000    18338.0000 14800903   23.31%
 102009 38351    20090.0000   349    23912.0000    18338.0000 14807239   23.31%
 102042 38369    infeasible          23912.0000    18338.0000 14812861   23.31%
 102080 38385    18338.0000   195    23912.0000    18338.0000 14818466   23.31%
 102126 38403    19596.0000   159    23912.0000    18338.0000 14827217   23.31%
 102178 38426    23506.0000   130    23912.0000    18338.0000 14834455   23.31%
Elapsed time = 39275.78 sec. (34976778.86 ticks, tree = 3728.51 MB, solutions = 14)
Nodefile size = 1683.37 MB (1302.39 MB after compression)
 102229 38448    19490.0000   233    23912.0000    18338.0000 14841061   23.31%
 102260 38464    20496.0000   191    23912.0000    18338.0000 14847832   23.31%
 102294 38482    20196.0000   237    23912.0000    18338.0000 14855227   23.31%
 102329 38505    21948.0000   232    23912.0000    18338.0000 14861471   23.31%
 102367 38528    23506.0000    40    23912.0000    18338.0000 14868872   23.31%
 102394 38540    20090.0000   310    23912.0000    18338.0000 14872598   23.31%
 102423 38559    19490.0000   236    23912.0000    18338.0000 14877335   23.31%
 102465 38587    22354.0000   183    23912.0000    18338.0000 14885365   23.31%
 102495 38601    22606.0000   170    23912.0000    18338.0000 14892199   23.31%
 102525 38613    21648.0000   266    23912.0000    18338.0000 14896034   23.31%
Elapsed time = 39438.77 sec. (35133910.07 ticks, tree = 3727.89 MB, solutions = 14)
Nodefile size = 1683.37 MB (1302.39 MB after compression)
 102564 38636    23506.0000   155    23912.0000    18338.0000 14904018   23.31%
 102606 38656    19490.0000   466    23912.0000    18338.0000 14910557   23.31%
 102637 38672    18338.0000   288    23912.0000    18338.0000 14917286   23.31%
 102684 38692    infeasible          23912.0000    18338.0000 14924772   23.31%
 102737 38705    18338.0000   446    23912.0000    18338.0000 14934071   23.31%
 102781 38720    18338.0000   454    23912.0000    18338.0000 14940031   23.31%
 102831 38746    21948.0000    86    23912.0000    18338.0000 14946971   23.31%
 102882 38767    19596.0000   164    23912.0000    18338.0000 14954061   23.31%
 102941 38781    18338.0000   438    23912.0000    18338.0000 14964086   23.31%
 102971 38802    18338.0000   332    23912.0000    18338.0000 14970240   23.31%
Elapsed time = 39597.65 sec. (35288930.62 ticks, tree = 3727.73 MB, solutions = 14)
Nodefile size = 1683.37 MB (1302.39 MB after compression)
 102998 38819    21096.0000   101    23912.0000    18338.0000 14976339   23.31%
 103029 38836    19490.0000   586    23912.0000    18338.0000 14983014   23.31%
 103065 38853    20496.0000   392    23912.0000    18338.0000 14988058   23.31%
 103095 38873    19896.0000   178    23912.0000    18338.0000 14994108   23.31%
 103120 38888    19896.0000   109    23912.0000    18338.0000 14999175   23.31%
 103158 38912    22248.0000   125    23912.0000    18338.0000 15006323   23.31%
 103206 38943    22435.0000   131    23912.0000    18338.0000 15013671   23.31%
 103261 38972    19490.3996   396    23912.0000    18338.0000 15023321   23.31%
 103299 38992    infeasible          23912.0000    18338.0000 15030291   23.31%
 103335 39005    19896.0000   136    23912.0000    18338.0000 15037158   23.31%
Elapsed time = 39759.14 sec. (35443826.34 ticks, tree = 3727.49 MB, solutions = 14)
Nodefile size = 1683.37 MB (1302.39 MB after compression)
 103371 39024    20496.0000   146    23912.0000    18338.0000 15044999   23.31%
 103409 39044    19896.0000   203    23912.0000    18338.0000 15051935   23.31%
 103440 39063    18338.0000   551    23912.0000    18338.0000 15058792   23.31%
 103466 39081    19596.0000   169    23912.0000    18338.0000 15065182   23.31%
 103512 39102    20196.0000   116    23912.0000    18338.0000 15072620   23.31%
 103551 39117    23208.0000   122    23912.0000    18338.0000 15079782   23.31%
 103596 39134    18996.0000   262    23912.0000    18338.0000 15088872   23.31%
 103629 39155        cutoff          23912.0000    18338.0000 15096551   23.31%
 103662 39178    19896.0000   184    23912.0000    18338.0000 15102672   23.31%
 103696 39197    21948.0000   202    23912.0000    18338.0000 15109721   23.31%
Elapsed time = 39923.05 sec. (35601258.57 ticks, tree = 3728.26 MB, solutions = 14)
Nodefile size = 1683.37 MB (1302.39 MB after compression)
 103726 39216    18638.0000   160    23912.0000    18338.0000 15113644   23.31%
 103768 39242    23612.0000    42    23912.0000    18338.0000 15118779   23.31%
 103800 39258    18338.0000   310    23912.0000    18338.0000 15125086   23.31%
 103832 39274    19596.0000   228    23912.0000    18338.0000 15131260   23.31%
 103859 39289    22248.0000   148    23912.0000    18338.0000 15138505   23.31%
 103892 39310    23506.0000   100    23912.0000    18338.0000 15144152   23.31%
 103916 39323    19896.0000   190    23912.0000    18338.0000 15149495   23.31%
 103949 39332        cutoff          23912.0000    18338.0000 15156668   23.31%
 103982 39338    19896.0000   446    23912.0000    18338.0000 15164227   23.31%
 104011 39353    19490.0000   526    23912.0000    18338.0000 15169290   23.31%
Elapsed time = 40090.84 sec. (35756171.20 ticks, tree = 3728.94 MB, solutions = 14)
Nodefile size = 1683.37 MB (1302.39 MB after compression)
 104044 39373        cutoff          23912.0000    18338.0000 15174477   23.31%
 104086 39393    18938.0000   167    23912.0000    18338.0000 15180513   23.31%
 104130 39412    22906.0000   183    23912.0000    18338.0000 15186850   23.31%
 104173 39433    19596.0000   150    23912.0000    18338.0000 15195895   23.31%
 104197 39445    18938.0000   297    23912.0000    18338.0000 15199594   23.31%
 104234 39464    19490.0000   413    23912.0000    18338.0000 15208256   23.31%
 104281 39490    19896.0000   191    23912.0000    18338.0000 15216899   23.31%
 104320 39510        cutoff          23912.0000    18338.0000 15223896   23.31%
 104369 39532    20058.0000   157    23912.0000    18338.0000 15232243   23.31%
 104411 39545    19538.0000   228    23912.0000    18338.0000 15239495   23.31%
Elapsed time = 40251.28 sec. (35911133.30 ticks, tree = 3729.27 MB, solutions = 14)
Nodefile size = 1683.37 MB (1302.39 MB after compression)
 104465 39571    23506.0000    96    23912.0000    18338.0000 15246360   23.31%
 104496 39590    21348.0000   143    23912.0000    18338.0000 15253052   23.31%
 104530 39611    20196.0000   473    23912.0000    18338.0000 15262024   23.31%
 104561 39630    20196.0000   285    23912.0000    18338.0000 15269264   23.31%
 104596 39651    23206.0000   106    23912.0000    18338.0434 15276985   23.31%
 104643 39667    20390.0000   156    23912.0000    18338.0457 15284059   23.31%
 104693 39688    23506.0000   138    23912.0000    18338.0470 15290529   23.31%
 104730 39702    19790.0000   222    23912.0000    18338.0686 15295431   23.31%
 104759 39723    21348.0000    94    23912.0000    18338.0686 15299954   23.31%
 104792 39745        cutoff          23912.0000    18338.0686 15305810   23.31%
Elapsed time = 40414.55 sec. (36066945.07 ticks, tree = 3728.11 MB, solutions = 14)
Nodefile size = 1683.37 MB (1302.39 MB after compression)
 104815 39761    21154.0000   150    23912.0000    18338.0686 15310716   23.31%
 104861 39782    18338.0902   486    23912.0000    18338.0902 15316963   23.31%
 104889 39795    18338.0902   337    23912.0000    18338.0902 15322031   23.31%
 104913 39807    22054.0000   192    23912.0000    18338.0902 15327698   23.31%
 104945 39816    20690.0000   299    23912.0000    18338.0902 15333774   23.31%
 104973 39832    19238.0000   305    23912.0000    18338.0902 15340288   23.31%
 105001 39842    19490.0902   228    23912.0000    18338.0902 15345839   23.31%
 105035 39854    23806.0000    85    23912.0000    18338.0902 15352478   23.31%
 105068 39869    23506.0000   188    23912.0000    18338.0902 15358917   23.31%
 105105 39880    21754.0000   217    23912.0000    18338.0902 15366939   23.31%
Elapsed time = 40583.25 sec. (36223161.23 ticks, tree = 3728.99 MB, solutions = 14)
Nodefile size = 1683.37 MB (1302.39 MB after compression)
 105131 39897    23206.0000   138    23912.0000    18338.0902 15373456   23.31%
 105166 39914    21648.0000   142    23912.0000    18338.0902 15379597   23.31%
 105205 39933    infeasible          23912.0000    18338.0902 15384751   23.31%
 105234 39950    22248.0000   153    23912.0000    18338.0902 15391529   23.31%
 105270 39966    22548.0000   114    23912.0000    18338.0902 15399580   23.31%
 105314 39985    19490.0000   299    23912.0000    18338.0902 15408427   23.31%
 105354 40005    19238.0000   172    23912.0000    18338.0902 15417310   23.31%
 105412 40025    19596.0000   209    23912.0000    18338.0902 15428382   23.31%
 105447 40048    19596.0000   313    23912.0000    18338.0902 15435951   23.31%
 105491 40067    20196.0000   143    23912.0000    18338.0912 15445419   23.31%
Elapsed time = 40743.61 sec. (36378201.44 ticks, tree = 3727.74 MB, solutions = 14)
Nodefile size = 1683.37 MB (1302.39 MB after compression)
 105546 40083    18638.0000   170    23912.0000    18338.0912 15452384   23.31%
 105595 40106    18638.0000   144    23912.0000    18338.0913 15459059   23.31%
 105644 40123    18338.0913   287    23912.0000    18338.0913 15466117   23.31%
 105680 40136    22054.0000   165    23912.0000    18338.0913 15471183   23.31%
 105726 40155    21454.0000   180    23912.0000    18338.0913 15477896   23.31%
 105780 40180    20854.0000   102    23912.0000    18338.0913 15483137   23.31%
 105830 40198    19490.0000   256    23912.0000    18338.0938 15489774   23.31%
 105861 40213        cutoff          23912.0000    18338.0938 15495813   23.31%
 105895 40235    23312.0000    88    23912.0000    18338.0938 15501728   23.31%
 105940 40253    23100.0000    66    23912.0000    18338.0938 15507899   23.31%
Elapsed time = 40905.91 sec. (36533848.46 ticks, tree = 3728.02 MB, solutions = 14)
Nodefile size = 1683.37 MB (1302.39 MB after compression)
 105983 40265        cutoff          23912.0000    18338.0938 15512829   23.31%
 106016 40280    18338.0938   434    23912.0000    18338.0938 15517156   23.31%
 106051 40300    19896.0000   124    23912.0000    18338.0938 15521503   23.31%
 106108 40316    23506.0000    97    23912.0000    18338.0938 15530149   23.31%
 106148 40327    20748.0000   170    23912.0000    18338.0953 15535780   23.31%
 106186 40342    19838.0000   136    23912.0000    18338.0967 15540844   23.31%
 106215 40358    21454.0000   144    23912.0000    18338.0968 15546011   23.31%
 106259 40375    18638.0954   204    23912.0000    18338.0968 15551734   23.31%
 106296 40393    18938.0968   261    23912.0000    18338.0997 15556065   23.31%
 106333 40414    19896.0000   153    23912.0000    18338.0997 15563715   23.31%
Elapsed time = 41072.89 sec. (36689954.71 ticks, tree = 3728.70 MB, solutions = 14)
Nodefile size = 1683.37 MB (1302.39 MB after compression)
 106364 40429    23206.0000   120    23912.0000    18338.0997 15569979   23.31%
 106397 40446    23206.0000    96    23912.0000    18338.0997 15576690   23.31%
 106434 40461    19596.0000   158    23912.0000    18338.0997 15582523   23.31%
 106476 40483    19896.0000   140    23912.0000    18338.0997 15588444   23.31%
 106517 40500    23206.0000    92    23912.0000    18338.0997 15594384   23.31%
 106560 40515    21348.0000   120    23912.0000    18338.0997 15599876   23.31%
 106594 40533        cutoff          23912.0000    18338.0997 15604395   23.31%
 106623 40551    19490.0000   602    23912.0000    18338.0997 15608816   23.31%
 106643 40567    21348.0000   426    23912.0000    18338.0997 15613485   23.31%
 106673 40586    23206.0000   120    23912.0000    18338.0997 15618805   23.31%
Elapsed time = 41241.47 sec. (36844326.78 ticks, tree = 3728.57 MB, solutions = 14)
Nodefile size = 1683.37 MB (1302.39 MB after compression)
 106703 40604    21050.0000   319    23912.0000    18338.1672 15625913   23.31%
 106746 40622    21948.0000    96    23912.0000    18338.1875 15632265   23.31%
 106789 40637    21648.0000   214    23912.0000    18338.3338 15639544   23.31%
 106821 40649    19790.0000   257    23912.0000    18338.3338 15644161   23.31%
 106858 40669    23506.0000   100    23912.0000    18338.3338 15650608   23.31%
 106896 40683    19896.0000   236    23912.0000    18338.3342 15656941   23.31%
 106932 40691    infeasible          23912.0000    18338.3342 15663728   23.31%
 106968 40709    18638.0000   262    23912.0000    18338.3385 15669445   23.31%
 106996 40724    20090.0000   212    23912.0000    18338.3385 15674588   23.31%
 107037 40737    infeasible          23912.0000    18338.3385 15680243   23.31%
Elapsed time = 41404.39 sec. (36999996.83 ticks, tree = 3728.06 MB, solutions = 14)
Nodefile size = 1683.37 MB (1302.39 MB after compression)
 107078 40752    18638.3385   358    23912.0000    18338.3385 15687991   23.31%
 107109 40771    20196.0000   228    23912.0000    18338.3385 15694862   23.31%
 107147 40793    22354.0000   130    23912.0000    18338.3385 15699819   23.31%
 107180 40808    19596.0000   196    23912.0000    18338.3385 15704693   23.31%
 107209 40827    23312.0000    65    23912.0000    18338.3743 15709675   23.31%
 107257 40846    23506.0000   107    23912.0000    18338.3996 15717076   23.31%
 107303 40860        cutoff          23912.0000    18338.3996 15724845   23.31%
 107356 40880    22354.0000   115    23912.0000    18338.3996 15734508   23.31%
 107392 40889    18401.3157   476    23912.0000    18338.3996 15741331   23.31%
 107429 40900    21348.0000    51    23912.0000    18338.3996 15746983   23.31%
Elapsed time = 41567.07 sec. (37154669.69 ticks, tree = 3729.46 MB, solutions = 14)
Nodefile size = 1683.37 MB (1302.39 MB after compression)
 107483 40916    19296.0000   177    23912.0000    18338.3996 15754088   23.31%
 107532 40941    20748.0000   133    23912.0000    18338.3996 15760199   23.31%
 107580 40961    19596.0000   121    23912.0000    18338.3996 15766814   23.31%
 107635 40985    18638.3996   253    23912.0000    18338.3996 15774620   23.31%
 107681 41005    20690.0000   129    23912.0000    18338.3996 15779571   23.31%
 107726 41028    23506.0000    86    23912.0000    18338.3996 15783986   23.31%
 107790 41051    20690.0000   125    23912.0000    18338.3996 15792259   23.31%
 107836 41073    infeasible          23912.0000    18338.3996 15800162   23.31%
 107887 41094    18938.0000   295    23912.0000    18338.3996 15808422   23.31%
 107923 41111    20796.0000   138    23912.0000    18339.2570 15813358   23.31%
Elapsed time = 41725.63 sec. (37309165.53 ticks, tree = 3731.57 MB, solutions = 14)
Nodefile size = 1683.66 MB (1302.59 MB after compression)
 107980 41136    22500.0000   110    23912.0000    18386.0000 15818065   23.11%
 108020 41150    19490.0000   301    23912.0000    18393.0000 15825490   23.08%
 108062 41177    19490.0000   239    23912.0000    18401.3157 15833870   23.05%
 108096 41194    21005.0000    42    23912.0000    18408.0000 15838772   23.02%
 108143 41221    20748.0000   194    23912.0000    18419.0000 15844502   22.97%
 108185 41232    19490.0000   302    23912.0000    18419.0000 15849895   22.97%
 108222 41245    22248.0000   110    23912.0000    18419.0000 15855462   22.97%
 108272 41257    infeasible          23912.0000    18419.0000 15862356   22.97%
 108310 41273    22054.0000   174    23912.0000    18419.0000 15868540   22.97%
 108350 41291    21948.0000   123    23912.0000    18419.0000 15873068   22.97%
Elapsed time = 41889.95 sec. (37465351.04 ticks, tree = 3728.17 MB, solutions = 14)
Nodefile size = 1684.09 MB (1302.88 MB after compression)
 108387 41310    20854.0000   171    23912.0000    18419.0000 15878161   22.97%
 108420 41329    20090.0000   182    23912.0000    18419.0000 15883173   22.97%
 108453 41341    19538.0000   269    23912.0000    18419.0000 15888814   22.97%
 108479 41359        cutoff          23912.0000    18419.0000 15894088   22.97%
 108525 41373        cutoff          23912.0000    18419.0000 15898523   22.97%
 108573 41394    23206.0000   114    23912.0000    18419.0000 15904995   22.97%
 108619 41408    22908.0000   122    23912.0000    18419.0000 15911546   22.97%
 108661 41424    21454.0000   151    23912.0000    18419.0000 15917808   22.97%
 108708 41441    18419.0000   237    23912.0000    18419.0000 15923604   22.97%
 108750 41462    22954.0000    58    23912.0000    18419.0000 15928309   22.97%
Elapsed time = 42054.21 sec. (37619424.23 ticks, tree = 3722.62 MB, solutions = 14)
Nodefile size = 1684.09 MB (1302.88 MB after compression)
 108792 41479    21348.0000    97    23912.0000    18419.0000 15934093   22.97%
 108827 41487    22548.0000    90    23912.0000    18419.0000 15939578   22.97%
 108867 41503        cutoff          23912.0000    18419.0000 15945613   22.97%
 108903 41518    20196.0000   342    23912.0000    18419.0000 15951303   22.97%
 108946 41541    19296.0000   228    23912.0000    18419.0000 15957595   22.97%
 108996 41565    19296.0000   170    23912.0000    18419.0000 15966364   22.97%
 109032 41581    20496.0000   168    23912.0000    18419.0000 15973188   22.97%
 109074 41601        cutoff          23912.0000    18419.0000 15978759   22.97%
 109117 41618    19790.0000    74    23912.0000    18419.0000 15985084   22.97%
 109159 41636    20690.0000   274    23912.0000    18419.0000 15990815   22.97%
Elapsed time = 42219.62 sec. (37777637.83 ticks, tree = 3719.38 MB, solutions = 14)
Nodefile size = 1684.09 MB (1302.88 MB after compression)
 109193 41653    19896.0000   137    23912.0000    18419.0000 15996889   22.97%
 109231 41669    22548.0000   159    23912.0000    18419.0000 16002430   22.97%
 109266 41674    21048.0000   124    23912.0000    18419.0000 16007964   22.97%
 109314 41692    infeasible          23912.0000    18419.0000 16014001   22.97%
 109363 41711    18719.0000   282    23912.0000    18419.0000 16020660   22.97%
 109397 41727    18938.0000   233    23912.0000    18419.0000 16027419   22.97%
 109467 41752    18419.0000   154    23912.0000    18419.0000 16035882   22.97%
 109513 41768    21648.0000   134    23912.0000    18419.0000 16042059   22.97%
 109550 41788    20690.0000   315    23912.0000    18419.0000 16049442   22.97%
 109582 41800    20090.0000   369    23912.0000    18419.0000 16055208   22.97%
Elapsed time = 42382.60 sec. (37933171.32 ticks, tree = 3714.91 MB, solutions = 14)
Nodefile size = 1684.09 MB (1302.88 MB after compression)
 109628 41820    18419.0000   166    23912.0000    18419.0000 16061050   22.97%
 109691 41843    18638.0000   141    23912.0000    18419.0000 16070795   22.97%
 109728 41850    21754.0000    79    23912.0000    18419.0000 16077616   22.97%
 109777 41867    18419.0000   192    23912.0000    18419.0000 16084413   22.97%
 109814 41876    20090.0000   178    23912.0000    18419.0000 16089072   22.97%
 109848 41890    18938.0000   187    23912.0000    18419.0000 16095368   22.97%
 109894 41913    21348.0000    96    23912.0000    18419.0000 16102454   22.97%
 109929 41925    19571.0000   357    23912.0000    18419.0000 16107069   22.97%
 109963 41942    21048.0000   148    23912.0000    18419.0000 16114352   22.97%
 110005 41956    19977.0000   248    23912.0000    18419.0000 16119882   22.97%
Elapsed time = 42548.71 sec. (38090069.00 ticks, tree = 3713.96 MB, solutions = 14)
Nodefile size = 1684.09 MB (1302.88 MB after compression)
 110050 41973    21048.0000    61    23912.0000    18419.0000 16127567   22.97%
 110096 41987    22908.0000    64    23912.0000    18419.0000 16133437   22.97%
 110143 42005    21754.0000   193    23912.0000    18419.0000 16140110   22.97%
 110177 42024    19377.0000   135    23912.0000    18419.0000 16146981   22.97%
 110218 42045    22029.0000    80    23912.0000    18419.0000 16152276   22.97%
 110250 42059    23400.0000    58    23912.0000    18419.0000 16156293   22.97%
 110299 42075    21048.0000   194    23912.0000    18419.0000 16164542   22.97%
 110331 42093    23100.0000    84    23912.0000    18419.0000 16170505   22.97%
 110366 42112    18938.0000   161    23912.0000    18419.0000 16178922   22.97%
 110409 42132    21454.0000   106    23912.0000    18419.0000 16186320   22.97%
Elapsed time = 42714.33 sec. (38247036.64 ticks, tree = 3712.33 MB, solutions = 14)
Nodefile size = 1684.09 MB (1302.88 MB after compression)
 110484 42154    23506.0000    68    23912.0000    18419.0000 16195069   22.97%
 110520 42174    22248.0000   100    23912.0000    18419.0000 16201107   22.97%
 110562 42189    18638.0000   369    23912.0000    18419.0000 16207110   22.97%
 110596 42210    18719.0000   323    23912.0000    18419.0000 16212830   22.97%
 110655 42230    21348.0000   170    23912.0000    18419.0000 16220382   22.97%
 110711 42251    23206.0000    67    23912.0000    18419.0000 16226851   22.97%
 110777 42273    22054.0000   134    23912.0000    18419.0000 16234810   22.97%
 110831 42291    20496.0000   269    23912.0000    18419.0000 16240751   22.97%
 110867 42307    20796.0000   193    23912.0000    18419.0000 16247930   22.97%
 110904 42328    21048.0000   293    23912.0000    18419.0000 16256110   22.97%
Elapsed time = 42877.77 sec. (38405572.04 ticks, tree = 3712.01 MB, solutions = 14)
Nodefile size = 1684.09 MB (1302.88 MB after compression)
 110941 42347    18419.0000   257    23912.0000    18419.0000 16263363   22.97%
 110973 42365    21129.0000   110    23912.0000    18419.0000 16268960   22.97%
 111021 42385    22606.0000   147    23912.0000    18419.0000 16277715   22.97%
 111069 42401    19896.0000   215    23912.0000    18419.0000 16286249   22.97%
 111109 42411    18719.0000   233    23912.0000    18419.0000 16295325   22.97%
 111169 42434    19490.0000   178    23912.0000    18419.0000 16306270   22.97%
 111216 42441    18419.0000   204    23912.0000    18419.0000 16312908   22.97%
 111272 42459    18419.0000   477    23912.0000    18419.0000 16321077   22.97%
 111312 42475    18938.0000   279    23912.0000    18419.0000 16327718   22.97%
 111342 42489    infeasible          23912.0000    18419.0000 16333340   22.97%
Elapsed time = 43037.83 sec. (38560878.83 ticks, tree = 3711.82 MB, solutions = 14)
Nodefile size = 1684.09 MB (1302.88 MB after compression)
 111368 42508    20196.0000   168    23912.0000    18419.0000 16338198   22.97%
 111398 42527    23287.0000   153    23912.0000    18419.0000 16344755   22.97%
 111425 42538    19790.0000   291    23912.0000    18419.0000 16349524   22.97%
 111465 42562    23400.0000    56    23912.0000    18419.0000 16356584   22.97%
 111505 42579        cutoff          23912.0000    18419.0000 16362591   22.97%
 111541 42591    19977.0000   166    23912.0000    18419.0000 16370223   22.97%
 111573 42612    23105.0000   262    23912.0000    18419.0000 16378091   22.97%
 111598 42623    infeasible          23912.0000    18419.0000 16382961   22.97%
 111626 42641    21948.0000   285    23912.0000    18419.0000 16388613   22.97%

GUB cover cuts applied:  20
Clique cuts applied:  26
Cover cuts applied:  767
Implied bound cuts applied:  192
Flow cuts applied:  144
Mixed integer rounding cuts applied:  170
Zero-half cuts applied:  96
Gomory fractional cuts applied:  1

Root node processing (before b&c):
  Real time             =  445.79 sec. (303459.59 ticks)
Sequential b&c:
  Real time             = 42754.24 sec. (38412803.82 ticks)
                          ------------
Total (root+branch&cut) = 43200.04 sec. (38716263.41 ticks)
Feasible

>> Printing some results...
    -> Solution value = 23911 - 06:38:31
    -> Total time = 43200.04
    -> Gap value = 0.23

=============
Train 0
=============
> Trip 0
   23(time 5566 - 01:32:46)(time 6165 - 01:42:45) ->    22(time 6594 - 01:49:54)(time 7160 - 01:59:20) ->    21(time 7722 - 02:08:42)(time 8350 - 02:19:10) ->    20(time 8431 - 02:20:31)(time 9067 - 02:31:07) ->    19(time 9629 - 02:40:29)(time 10253 - 02:50:53) ->    18(time 10334 - 02:52:14)(time 10939 - 03:02:19) ->    17(time 11002 - 03:03:22)(time 11567 - 03:12:47) ->    16(time 11648 - 03:14:08)(time 12231 - 03:23:51) ->    15(time 12793 - 03:33:13)(time 13360 - 03:42:40) ->    14(time 13766 - 03:49:26)(time 14342 - 03:59:02) ->    13(time 14642 - 04:04:02)(time 15271 - 04:14:31) ->    12(time 15571 - 04:19:31)(time 15571 - 04:19:31) ->    0(time 15571 - 04:19:31)(time 16200 - 04:30:00) ->    1(time 16500 - 04:35:00)(time 17076 - 04:44:36) ->    2(time 17139 - 04:45:39)(time 17706 - 04:55:06) ->    3(time 18006 - 05:00:06)(time 18589 - 05:09:49) ->    4(time 18670 - 05:11:10)(time 19235 - 05:20:35) ->    5(time 19298 - 05:21:38)(time 19903 - 05:31:43) ->    6(time 19984 - 05:33:04)(time 20608 - 05:43:28) ->    7(time 20689 - 05:44:49)(time 21325 - 05:55:25) ->    8(time 21406 - 05:56:46)(time 22034 - 06:07:14) ->    9(time 22115 - 06:08:35)(time 22681 - 06:18:01) ->    10(time 22762 - 06:19:22)(time 23361 - 06:29:21) ->    11(time 23661 - 06:34:21)(time 23661 - 06:34:21) -> 23
> Trip 1
   23(time 24932 - 06:55:32)(time 25531 - 07:05:31) ->    22(time 25612 - 07:06:52)(time 26178 - 07:16:18) ->    21(time 26259 - 07:17:39)(time 26887 - 07:28:07) ->    20(time 26968 - 07:29:28)(time 27604 - 07:40:04) ->    19(time 28148 - 07:49:08)(time 28772 - 07:59:32) ->    18(time 29250 - 08:07:30)(time 29855 - 08:17:35) ->    17(time 30417 - 08:26:57)(time 30982 - 08:36:22) ->    16(time 31544 - 08:45:44)(time 32127 - 08:55:27) ->    15(time 32689 - 09:04:49)(time 33256 - 09:14:16) ->    14(time 33662 - 09:21:02)(time 34238 - 09:30:38) ->    13(time 34538 - 09:35:38)(time 35167 - 09:46:07) ->    12(time 35467 - 09:51:07)(time 35467 - 09:51:07) ->    0(time 35467 - 09:51:07)(time 36096 - 10:01:36) ->    1(time 36396 - 10:06:36)(time 36972 - 10:16:12) ->    2(time 37272 - 10:21:12)(time 37839 - 10:30:39) ->    3(time 38139 - 10:35:39)(time 38722 - 10:45:22) ->    4(time 38803 - 10:46:43)(time 39368 - 10:56:08) ->    5(time 39431 - 10:57:11)(time 40036 - 11:07:16) ->    6(time 40117 - 11:08:37)(time 40741 - 11:19:01) ->    7(time 40822 - 11:20:22)(time 41458 - 11:30:58) ->    8(time 41539 - 11:32:19)(time 42167 - 11:42:47) ->    9(time 42248 - 11:44:08)(time 42814 - 11:53:34) ->    10(time 42895 - 11:54:55)(time 43494 - 12:04:54) ->    11(time 43794 - 12:09:54)(time 43794 - 12:09:54) -> 23
=============
Train 1
=============
> Trip 0
   23(time 1101 - 00:18:21)(time 1700 - 00:28:20) ->    22(time 1781 - 00:29:41)(time 2347 - 00:39:07) ->    21(time 2909 - 00:48:29)(time 3537 - 00:58:57) ->    20(time 4099 - 01:08:19)(time 4735 - 01:18:55) ->    19(time 5297 - 01:28:17)(time 5921 - 01:38:41) ->    18(time 6483 - 01:48:03)(time 7088 - 01:58:08) ->    17(time 7650 - 02:07:30)(time 8215 - 02:16:55) ->    16(time 8537 - 02:22:17)(time 9120 - 02:32:00) ->    15(time 9420 - 02:37:00)(time 9987 - 02:46:27) ->    14(time 10050 - 02:47:30)(time 10626 - 02:57:06) ->    13(time 10926 - 03:02:06)(time 11555 - 03:12:35) ->    12(time 11855 - 03:17:35)(time 11855 - 03:17:35) ->    0(time 11855 - 03:17:35)(time 12484 - 03:28:04) ->    1(time 12784 - 03:33:04)(time 13360 - 03:42:40) ->    2(time 13660 - 03:47:40)(time 14227 - 03:57:07) ->    3(time 14789 - 04:06:29)(time 15372 - 04:16:12) ->    4(time 15934 - 04:25:34)(time 16499 - 04:34:59) ->    5(time 16562 - 04:36:02)(time 17167 - 04:46:07) ->    6(time 17248 - 04:47:28)(time 17872 - 04:57:52) ->    7(time 17953 - 04:59:13)(time 18589 - 05:09:49) ->    8(time 18670 - 05:11:10)(time 19298 - 05:21:38) ->    9(time 19379 - 05:22:59)(time 19945 - 05:32:25) ->    10(time 20026 - 05:33:46)(time 20625 - 05:43:45) ->    11(time 20925 - 05:48:45)(time 20925 - 05:48:45) -> 23
> Trip 1
   23(time 23361 - 06:29:21)(time 23960 - 06:39:20) ->    22(time 24041 - 06:40:41)(time 24607 - 06:50:07) ->    21(time 24688 - 06:51:28)(time 25316 - 07:01:56) ->    20(time 25397 - 07:03:17)(time 26033 - 07:13:53) ->    19(time 26114 - 07:15:14)(time 26738 - 07:25:38) ->    18(time 26819 - 07:26:59)(time 27424 - 07:37:04) ->    17(time 27487 - 07:38:07)(time 28052 - 07:47:32) ->    16(time 28133 - 07:48:53)(time 28716 - 07:58:36) ->    15(time 29016 - 08:03:36)(time 29583 - 08:13:03) ->    14(time 29646 - 08:14:06)(time 30222 - 08:23:42) ->    13(time 30522 - 08:28:42)(time 31151 - 08:39:11) ->    12(time 31451 - 08:44:11)(time 31451 - 08:44:11) ->    0(time 31451 - 08:44:11)(time 32080 - 08:54:40) ->    1(time 32380 - 08:59:40)(time 32956 - 09:09:16) ->    2(time 33256 - 09:14:16)(time 33823 - 09:23:43) ->    3(time 34385 - 09:33:05)(time 34968 - 09:42:48) ->    4(time 35530 - 09:52:10)(time 36095 - 10:01:35) ->    5(time 36657 - 10:10:57)(time 37262 - 10:21:02) ->    6(time 37824 - 10:30:24)(time 38448 - 10:40:48) ->    7(time 38529 - 10:42:09)(time 39165 - 10:52:45) ->    8(time 39246 - 10:54:06)(time 39874 - 11:04:34) ->    9(time 39955 - 11:05:55)(time 40521 - 11:15:21) ->    10(time 40602 - 11:16:42)(time 41201 - 11:26:41) ->    11(time 41763 - 11:36:03)(time 41763 - 11:36:03) -> 23
=============
Train 2
=============
> Trip 0
   23(time 4842 - 01:20:42)(time 5441 - 01:30:41) ->    22(time 6003 - 01:40:03)(time 6569 - 01:49:29) ->    21(time 6650 - 01:50:50)(time 7278 - 02:01:18) ->    20(time 7359 - 02:02:39)(time 7995 - 02:13:15) ->    19(time 8076 - 02:14:36)(time 8700 - 02:25:00) ->    18(time 8781 - 02:26:21)(time 9386 - 02:36:26) ->    17(time 9449 - 02:37:29)(time 10014 - 02:46:54) ->    16(time 10095 - 02:48:15)(time 10678 - 02:57:58) ->    15(time 10978 - 03:02:58)(time 11545 - 03:12:25) ->    14(time 11608 - 03:13:28)(time 12184 - 03:23:04) ->    13(time 12484 - 03:28:04)(time 13113 - 03:38:33) ->    12(time 13413 - 03:43:33)(time 13413 - 03:43:33) ->    0(time 13413 - 03:43:33)(time 14042 - 03:54:02) ->    1(time 14342 - 03:59:02)(time 14918 - 04:08:38) ->    2(time 14981 - 04:09:41)(time 15548 - 04:19:08) ->    3(time 15848 - 04:24:08)(time 16431 - 04:33:51) ->    4(time 16512 - 04:35:12)(time 17077 - 04:44:37) ->    5(time 17140 - 04:45:40)(time 17745 - 04:55:45) ->    6(time 17826 - 04:57:06)(time 18450 - 05:07:30) ->    7(time 18531 - 05:08:51)(time 19167 - 05:19:27) ->    8(time 19248 - 05:20:48)(time 19876 - 05:31:16) ->    9(time 19957 - 05:32:37)(time 20523 - 05:42:03) ->    10(time 20604 - 05:43:24)(time 21203 - 05:53:23) ->    11(time 21503 - 05:58:23)(time 21503 - 05:58:23) -> 23
> Trip 1
   23(time 24851 - 06:54:11)(time 25450 - 07:04:10) ->    22(time 25531 - 07:05:31)(time 26097 - 07:14:57) ->    21(time 26178 - 07:16:18)(time 26806 - 07:26:46) ->    20(time 26887 - 07:28:07)(time 27523 - 07:38:43) ->    19(time 27604 - 07:40:04)(time 28228 - 07:50:28) ->    18(time 28772 - 07:59:32)(time 29377 - 08:09:37) ->    17(time 29855 - 08:17:35)(time 30420 - 08:27:00) ->    16(time 30982 - 08:36:22)(time 31565 - 08:46:05) ->    15(time 32127 - 08:55:27)(time 32694 - 09:04:54) ->    14(time 33256 - 09:14:16)(time 33832 - 09:23:52) ->    13(time 34238 - 09:30:38)(time 34867 - 09:41:07) ->    12(time 35167 - 09:46:07)(time 35167 - 09:46:07) ->    0(time 35167 - 09:46:07)(time 35796 - 09:56:36) ->    1(time 36096 - 10:01:36)(time 36672 - 10:11:12) ->    2(time 36735 - 10:12:15)(time 37302 - 10:21:42) ->    3(time 37602 - 10:26:42)(time 38185 - 10:36:25) ->    4(time 38266 - 10:37:46)(time 38831 - 10:47:11) ->    5(time 38894 - 10:48:14)(time 39499 - 10:58:19) ->    6(time 39580 - 10:59:40)(time 40204 - 11:10:04) ->    7(time 40285 - 11:11:25)(time 40921 - 11:22:01) ->    8(time 41002 - 11:23:22)(time 41630 - 11:33:50) ->    9(time 41711 - 11:35:11)(time 42277 - 11:44:37) ->    10(time 42358 - 11:45:58)(time 42957 - 11:55:57) ->    11(time 43257 - 12:00:57)(time 43257 - 12:00:57) -> 23
=============
Train 3
=============
> Trip 0
   23(time 5404 - 01:30:04)(time 6003 - 01:40:03) ->    22(time 6084 - 01:41:24)(time 6650 - 01:50:50) ->    21(time 6731 - 01:52:11)(time 7359 - 02:02:39) ->    20(time 7440 - 02:04:00)(time 8076 - 02:14:36) ->    19(time 8157 - 02:15:57)(time 8781 - 02:26:21) ->    18(time 8862 - 02:27:42)(time 9467 - 02:37:47) ->    17(time 9749 - 02:42:29)(time 10314 - 02:51:54) ->    16(time 10395 - 02:53:15)(time 10978 - 03:02:58) ->    15(time 11278 - 03:07:58)(time 11845 - 03:17:25) ->    14(time 11908 - 03:18:28)(time 12484 - 03:28:04) ->    13(time 12784 - 03:33:04)(time 13413 - 03:43:33) ->    12(time 13713 - 03:48:33)(time 13713 - 03:48:33) ->    0(time 13713 - 03:48:33)(time 14342 - 03:59:02) ->    1(time 14642 - 04:04:02)(time 15218 - 04:13:38) ->    2(time 15281 - 04:14:41)(time 15848 - 04:24:08) ->    3(time 16148 - 04:29:08)(time 16731 - 04:38:51) ->    4(time 16812 - 04:40:12)(time 17377 - 04:49:37) ->    5(time 17440 - 04:50:40)(time 18045 - 05:00:45) ->    6(time 18126 - 05:02:06)(time 18750 - 05:12:30) ->    7(time 18831 - 05:13:51)(time 19467 - 05:24:27) ->    8(time 19548 - 05:25:48)(time 20176 - 05:36:16) ->    9(time 20257 - 05:37:37)(time 20823 - 05:47:03) ->    10(time 20904 - 05:48:24)(time 21503 - 05:58:23) ->    11(time 21803 - 06:03:23)(time 21803 - 06:03:23) -> 23
> Trip 1
   23(time 24770 - 06:52:50)(time 25369 - 07:02:49) ->    22(time 25450 - 07:04:10)(time 26016 - 07:13:36) ->    21(time 26097 - 07:14:57)(time 26725 - 07:25:25) ->    20(time 26806 - 07:26:46)(time 27442 - 07:37:22) ->    19(time 27523 - 07:38:43)(time 28147 - 07:49:07) ->    18(time 28228 - 07:50:28)(time 28833 - 08:00:33) ->    17(time 29377 - 08:09:37)(time 29942 - 08:19:02) ->    16(time 30023 - 08:20:23)(time 30606 - 08:30:06) ->    15(time 31168 - 08:39:28)(time 31735 - 08:48:55) ->    14(time 31804 - 08:50:04)(time 32380 - 08:59:40) ->    13(time 32680 - 09:04:40)(time 33309 - 09:15:09) ->    12(time 33609 - 09:20:09)(time 33609 - 09:20:09) ->    0(time 33609 - 09:20:09)(time 34238 - 09:30:38) ->    1(time 34538 - 09:35:38)(time 35114 - 09:45:14) ->    2(time 35676 - 09:54:36)(time 36243 - 10:04:03) ->    3(time 36602 - 10:10:02)(time 37185 - 10:19:45) ->    4(time 37266 - 10:21:06)(time 37831 - 10:30:31) ->    5(time 37894 - 10:31:34)(time 38499 - 10:41:39) ->    6(time 38580 - 10:43:00)(time 39204 - 10:53:24) ->    7(time 39285 - 10:54:45)(time 39921 - 11:05:21) ->    8(time 40483 - 11:14:43)(time 41111 - 11:25:11) ->    9(time 41411 - 11:30:11)(time 41977 - 11:39:37) ->    10(time 42058 - 11:40:58)(time 42657 - 11:50:57) ->    11(time 42957 - 11:55:57)(time 42957 - 11:55:57) -> 23
=============
Train 4
=============
> Trip 0
   23(time 1020 - 00:17:00)(time 1619 - 00:26:59) ->    22(time 1700 - 00:28:20)(time 2266 - 00:37:46) ->    21(time 2347 - 00:39:07)(time 2975 - 00:49:35) ->    20(time 3056 - 00:50:56)(time 3692 - 01:01:32) ->    19(time 4236 - 01:10:36)(time 4860 - 01:21:00) ->    18(time 5338 - 01:28:58)(time 5943 - 01:39:03) ->    17(time 6505 - 01:48:25)(time 7070 - 01:57:50) ->    16(time 7632 - 02:07:12)(time 8215 - 02:16:55) ->    15(time 8777 - 02:26:17)(time 9344 - 02:35:44) ->    14(time 9488 - 02:38:08)(time 10064 - 02:47:44) ->    13(time 10626 - 02:57:06)(time 11255 - 03:07:35) ->    12(time 11555 - 03:12:35)(time 11555 - 03:12:35) ->    0(time 11555 - 03:12:35)(time 12184 - 03:23:04) ->    1(time 12484 - 03:28:04)(time 13060 - 03:37:40) ->    2(time 13360 - 03:42:40)(time 13927 - 03:52:07) ->    3(time 14227 - 03:57:07)(time 14810 - 04:06:50) ->    4(time 14891 - 04:08:11)(time 15456 - 04:17:36) ->    5(time 15519 - 04:18:39)(time 16124 - 04:28:44) ->    6(time 16205 - 04:30:05)(time 16829 - 04:40:29) ->    7(time 16910 - 04:41:50)(time 17546 - 04:52:26) ->    8(time 17627 - 04:53:47)(time 18255 - 05:04:15) ->    9(time 18336 - 05:05:36)(time 18902 - 05:15:02) ->    10(time 18983 - 05:16:23)(time 19582 - 05:26:22) ->    11(time 19882 - 05:31:22)(time 19882 - 05:31:22) -> 23
> Trip 1
   23(time 24689 - 06:51:29)(time 25288 - 07:01:28) ->    22(time 25369 - 07:02:49)(time 25935 - 07:12:15) ->    21(time 26016 - 07:13:36)(time 26644 - 07:24:04) ->    20(time 26725 - 07:25:25)(time 27361 - 07:36:01) ->    19(time 27442 - 07:37:22)(time 28066 - 07:47:46) ->    18(time 28147 - 07:49:07)(time 28752 - 07:59:12) ->    17(time 28815 - 08:00:15)(time 29380 - 08:09:40) ->    16(time 29461 - 08:11:01)(time 30044 - 08:20:44) ->    15(time 30606 - 08:30:06)(time 31173 - 08:39:33) ->    14(time 31242 - 08:40:42)(time 31818 - 08:50:18) ->    13(time 32380 - 08:59:40)(time 33009 - 09:10:09) ->    12(time 33309 - 09:15:09)(time 33309 - 09:15:09) ->    0(time 33309 - 09:15:09)(time 33938 - 09:25:38) ->    1(time 34238 - 09:30:38)(time 34814 - 09:40:14) ->    2(time 35114 - 09:45:14)(time 35681 - 09:54:41) ->    3(time 36243 - 10:04:03)(time 36826 - 10:13:46) ->    4(time 37185 - 10:19:45)(time 37750 - 10:29:10) ->    5(time 37813 - 10:30:13)(time 38418 - 10:40:18) ->    6(time 38499 - 10:41:39)(time 39123 - 10:52:03) ->    7(time 39204 - 10:53:24)(time 39840 - 11:04:00) ->    8(time 39921 - 11:05:21)(time 40549 - 11:15:49) ->    9(time 40630 - 11:17:10)(time 41196 - 11:26:36) ->    10(time 41758 - 11:35:58)(time 42357 - 11:45:57) ->    11(time 42657 - 11:50:57)(time 42657 - 11:50:57) -> 23
=============
Train 5
=============
> Trip 0
   23(time 5485 - 01:31:25)(time 6084 - 01:41:24) ->    22(time 6165 - 01:42:45)(time 6731 - 01:52:11) ->    21(time 6812 - 01:53:32)(time 7440 - 02:04:00) ->    20(time 7521 - 02:05:21)(time 8157 - 02:15:57) ->    19(time 8719 - 02:25:19)(time 9343 - 02:35:43) ->    18(time 9424 - 02:37:04)(time 10029 - 02:47:09) ->    17(time 10092 - 02:48:12)(time 10657 - 02:57:37) ->    16(time 11086 - 03:04:46)(time 11669 - 03:14:29) ->    15(time 12231 - 03:23:51)(time 12798 - 03:33:18) ->    14(time 13360 - 03:42:40)(time 13936 - 03:52:16) ->    13(time 14342 - 03:59:02)(time 14971 - 04:09:31) ->    12(time 15271 - 04:14:31)(time 15271 - 04:14:31) ->    0(time 15271 - 04:14:31)(time 15900 - 04:25:00) ->    1(time 16200 - 04:30:00)(time 16776 - 04:39:36) ->    2(time 16839 - 04:40:39)(time 17406 - 04:50:06) ->    3(time 17706 - 04:55:06)(time 18289 - 05:04:49) ->    4(time 18370 - 05:06:10)(time 18935 - 05:15:35) ->    5(time 18998 - 05:16:38)(time 19603 - 05:26:43) ->    6(time 19684 - 05:28:04)(time 20308 - 05:38:28) ->    7(time 20389 - 05:39:49)(time 21025 - 05:50:25) ->    8(time 21106 - 05:51:46)(time 21734 - 06:02:14) ->    9(time 21815 - 06:03:35)(time 22381 - 06:13:01) ->    10(time 22462 - 06:14:22)(time 23061 - 06:24:21) ->    11(time 23361 - 06:29:21)(time 23361 - 06:29:21) -> 23
> Trip 1
   23(time 23661 - 06:34:21)(time 24260 - 06:44:20) ->    22(time 24341 - 06:45:41)(time 24907 - 06:55:07) ->    21(time 24988 - 06:56:28)(time 25616 - 07:06:56) ->    20(time 25697 - 07:08:17)(time 26333 - 07:18:53) ->    19(time 26414 - 07:20:14)(time 27038 - 07:30:38) ->    18(time 27119 - 07:31:59)(time 27724 - 07:42:04) ->    17(time 27787 - 07:43:07)(time 28352 - 07:52:32) ->    16(time 28433 - 07:53:53)(time 29016 - 08:03:36) ->    15(time 29316 - 08:08:36)(time 29883 - 08:18:03) ->    14(time 29946 - 08:19:06)(time 30522 - 08:28:42) ->    13(time 30822 - 08:33:42)(time 31451 - 08:44:11) ->    12(time 31751 - 08:49:11)(time 31751 - 08:49:11) ->    0(time 31751 - 08:49:11)(time 32380 - 08:59:40) ->    1(time 32680 - 09:04:40)(time 33256 - 09:14:16) ->    2(time 33818 - 09:23:38)(time 34385 - 09:33:05) ->    3(time 34947 - 09:42:27)(time 35530 - 09:52:10) ->    4(time 36092 - 10:01:32)(time 36657 - 10:10:57) ->    5(time 37219 - 10:20:19)(time 37824 - 10:30:24) ->    6(time 37905 - 10:31:45)(time 38529 - 10:42:09) ->    7(time 38610 - 10:43:30)(time 39246 - 10:54:06) ->    8(time 39359 - 10:55:59)(time 39987 - 11:06:27) ->    9(time 40549 - 11:15:49)(time 41115 - 11:25:15) ->    10(time 41196 - 11:26:36)(time 41795 - 11:36:35) ->    11(time 42357 - 11:45:57)(time 42357 - 11:45:57) -> 23
