t6p17r10h1.txt:
   > Trying to open the instance file...
   > Reading number of trains...
   > Reading maximum number of trips per train...
   > Reading time intervals...
   > Reading number of points...
   > Reading stations...
   > Reading crossings...
   > Reading depots...
   > Reading initial point...
   > Reading routes...
   > Reading distance and distance and service...
   > Reading demands...
   > Reading maximum time...
   > Reading alpha...

--------------------------------
 Printing instance
--------------------------------
number of trains = 6
	max trips per trains: 2     2     2     2     2     2
number of intervals = 1
	(0,  30537)
number of points = 17
	initial point: 0
	stations: 0     1     2     3     4     5     6     7     8     9    10    12    13    14    16
	crossings: 0     2     6     9    11    13    14    15    16
	depots: 0    13    14    16
number of vertices = 34
	total vertices: 0     1     2     3     4     5     6     7     8     9    10    11    12    13    14    15    16    17    18    19    20    21    22    23    24    25    26    27    28    29    30    31    32    33
	upper vertices: 0     1     2     3     4     5     6     7     8     9    10    11    12    13    14    15    16
	lower vertices: 17    18    19    20    21    22    23    24    25    26    27    28    29    30    31    32    33
	vertices of point #0: (0, 17)
	vertices of point #1: (1, 18)
	vertices of point #2: (2, 19)
	vertices of point #3: (3, 20)
	vertices of point #4: (4, 21)
	vertices of point #5: (5, 22)
	vertices of point #6: (6, 23)
	vertices of point #7: (7, 24)
	vertices of point #8: (8, 25)
	vertices of point #9: (9, 26)
	vertices of point #10: (10, 27)
	vertices of point #11: (11, 28)
	vertices of point #12: (12, 29)
	vertices of point #13: (13, 30)
	vertices of point #14: (14, 31)
	vertices of point #15: (15, 32)
	vertices of point #16: (16, 33)

arcs...
	total arcs: 
		arc #0: (0, 1)
		arc #1: (0, 17)
		arc #2: (17, 0)
		arc #3: (1, 2)
		arc #4: (18, 17)
		arc #5: (2, 3)
		arc #6: (19, 18)
		arc #7: (3, 4)
		arc #8: (20, 19)
		arc #9: (4, 5)
		arc #10: (21, 20)
		arc #11: (5, 6)
		arc #12: (22, 21)
		arc #13: (6, 7)
		arc #14: (23, 22)
		arc #15: (7, 8)
		arc #16: (24, 23)
		arc #17: (8, 9)
		arc #18: (25, 24)
		arc #19: (9, 10)
		arc #20: (26, 25)
		arc #21: (10, 11)
		arc #22: (27, 26)
		arc #23: (11, 12)
		arc #24: (28, 27)
		arc #25: (12, 13)
		arc #26: (29, 28)
		arc #27: (13, 14)
		arc #28: (30, 29)
		arc #29: (13, 30)
		arc #30: (30, 13)
		arc #31: (14, 15)
		arc #32: (31, 30)
		arc #33: (14, 31)
		arc #34: (31, 14)
		arc #35: (15, 16)
		arc #36: (32, 31)
		arc #37: (33, 32)
		arc #38: (16, 33)
		arc #39: (33, 16)

	reverse arcs: 
		arc #1: (0, 17)
		arc #2: (17, 0)
		arc #29: (13, 30)
		arc #30: (30, 13)
		arc #33: (14, 31)
		arc #34: (31, 14)
		arc #38: (16, 33)
		arc #39: (33, 16)


incompatible points...
	(0, 1, 19, (1, 2))	(19, 18, 0, (18, 17))	(2, 5, 23, (5, 6))	(23, 20, 2, (20, 19))	(6, 8, 26, (8, 9))	(26, 24, 6, (24, 23))	(9, 10, 28, (10, 11))	(28, 27, 9, (27, 26))	(11, 12, 30, (12, 13))	(30, 29, 11, (29, 28))	(13, 13, 31, (13, 14))	(31, 31, 13, (31, 30))	(14, 14, 32, (14, 15))	(32, 32, 14, (32, 31))	(15, 15, 33, (15, 16))	(33, 33, 15, (33, 32))

number of routes = 10
vertices of routes...
	route #0: 0     1     2     3     4     5     6     7     8     9    10    11    12    13    14    15    16    33    32    31    30    29    28    27    26    25    24    23    22    21    20    19    18    17     0
	route #1: 33    32    31    30    29    28    27    26    25    24    23    22    21    20    19    18    17     0     1     2     3     4     5     6     7     8     9    10    11    12    13    14    15    16    33
	route #2: 14    15    16
	route #3: 31    30    29    28    27    26    25    24    23    22    21    20    19    18    17
	route #4: 0     1     2     3     4     5     6     7     8     9    10    11    12    13    14
	route #5: 33    32    31
	route #6: 13    14    15    16
	route #7: 30    29    28    27    26    25    24    23    22    21    20    19    18    17
	route #8: 0     1     2     3     4     5     6     7     8     9    10    11    12    13
	route #9: 33    32    31    30
arcs of routes...
	route #0: 0     3     5     7     9    11    13    15    17    19    21    23    25    27    31    35    38    37    36    32    28    26    24    22    20    18    16    14    12    10     8     6     4     2
	route #1: 37    36    32    28    26    24    22    20    18    16    14    12    10     8     6     4     2     0     3     5     7     9    11    13    15    17    19    21    23    25    27    31    35    38
	route #2: 31    35
	route #3: 32    28    26    24    22    20    18    16    14    12    10     8     6     4
	route #4: 0     3     5     7     9    11    13    15    17    19    21    23    25    27
	route #5: 37    36
	route #6: 27    31    35
	route #7: 28    26    24    22    20    18    16    14    12    10     8     6     4
	route #8: 0     3     5     7     9    11    13    15    17    19    21    23    25
	route #9: 37    36    32

incompatible routes...
	(0, 1)    	(0, 2)    	(0, 3)    	(0, 5)    	(0, 6)    	(0, 7)    	(0, 9)    	(1, 0)    	(1, 2)    	(1, 3)    	(1, 4)    	(1, 6)    	(1, 7)    	(1, 8)    	(2, 0)    	(2, 2)    	(2, 3)    	(2, 4)    	(2, 6)    	(2, 7)    	(2, 8)    	(3, 1)    	(3, 2)    	(3, 3)    	(3, 5)    	(3, 6)    	(3, 7)    	(3, 9)    	(4, 0)    	(4, 1)    	(4, 4)    	(4, 5)    	(4, 6)    	(4, 7)    	(4, 8)    	(4, 9)    	(5, 0)    	(5, 1)    	(5, 4)    	(5, 5)    	(5, 6)    	(5, 7)    	(5, 8)    	(5, 9)    	(6, 0)    	(6, 2)    	(6, 3)    	(6, 4)    	(6, 6)    	(6, 7)    	(6, 8)    	(7, 1)    	(7, 2)    	(7, 3)    	(7, 5)    	(7, 6)    	(7, 7)    	(7, 9)    	(8, 0)    	(8, 1)    	(8, 2)    	(8, 3)    	(8, 4)    	(8, 5)    	(8, 8)    	(8, 9)    	(9, 0)    	(9, 1)    	(9, 2)    	(9, 3)    	(9, 4)    	(9, 5)    	(9, 8)    	(9, 9)

vertices that can be adjacent in consecutive trips...
	(0, 0)    	(13, 13)    	(13, 30)    	(14, 14)    	(14, 31)    	(16, 33)    	(17, 0)    	(30, 13)    	(30, 30)    	(31, 14)    	(31, 31)    	(33, 33)
non cyclical routes: 
       2       3       4       5       6       7       8       9

routes of trip...
	routes that train #0 can complete at trip #0: 0       4       8
	routes that train #0 can complete at trip #1: 0       1       2       3       4       5       6       7       8       9

	routes that train #1 can complete at trip #0: 0       4       8
	routes that train #1 can complete at trip #1: 0       1       2       3       4       5       6       7       8       9

	routes that train #2 can complete at trip #0: 0       4       8
	routes that train #2 can complete at trip #1: 0       1       2       3       4       5       6       7       8       9

	routes that train #3 can complete at trip #0: 0       4       8
	routes that train #3 can complete at trip #1: 0       1       2       3       4       5       6       7       8       9

	routes that train #4 can complete at trip #0: 0       4       8
	routes that train #4 can complete at trip #1: 0       1       2       3       4       5       6       7       8       9

	routes that train #5 can complete at trip #0: 0       4       8
	routes that train #5 can complete at trip #1: 0       1       2       3       4       5       6       7       8       9

 cost...
	arc #0 [0][1]: 259
	arc #1 [0][17]: 0
	arc #2 [17][0]: 0
	arc #3 [1][2]: 281
	arc #4 [18][17]: 259
	arc #5 [2][3]: 288
	arc #6 [19][18]: 281
	arc #7 [3][4]: 264
	arc #8 [20][19]: 288
	arc #9 [4][5]: 267
	arc #10 [21][20]: 264
	arc #11 [5][6]: 249
	arc #12 [22][21]: 267
	arc #13 [6][7]: 243
	arc #14 [23][22]: 249
	arc #15 [7][8]: 271
	arc #16 [24][23]: 243
	arc #17 [8][9]: 272
	arc #18 [25][24]: 271
	arc #19 [9][10]: 280
	arc #20 [26][25]: 272
	arc #21 [10][11]: 264
	arc #22 [27][26]: 280
	arc #23 [11][12]: 248
	arc #24 [28][27]: 264
	arc #25 [12][13]: 285
	arc #26 [29][28]: 248
	arc #27 [13][14]: 246
	arc #28 [30][29]: 285
	arc #29 [13][30]: 0
	arc #30 [30][13]: 0
	arc #31 [14][15]: 281
	arc #32 [31][30]: 246
	arc #33 [14][31]: 0
	arc #34 [31][14]: 0
	arc #35 [15][16]: 247
	arc #36 [32][31]: 281
	arc #37 [33][32]: 247
	arc #38 [16][33]: 0
	arc #39 [33][16]: 0

cost with minimum service...
	arc #0 [0][1]: 328
	arc #1 [0][17]: 0
	arc #2 [17][0]: 0
	arc #3 [1][2]: 350
	arc #4 [18][17]: 509
	arc #5 [2][3]: 357
	arc #6 [19][18]: 350
	arc #7 [3][4]: 333
	arc #8 [20][19]: 357
	arc #9 [4][5]: 336
	arc #10 [21][20]: 333
	arc #11 [5][6]: 318
	arc #12 [22][21]: 336
	arc #13 [6][7]: 312
	arc #14 [23][22]: 318
	arc #15 [7][8]: 340
	arc #16 [24][23]: 312
	arc #17 [8][9]: 341
	arc #18 [25][24]: 340
	arc #19 [9][10]: 349
	arc #20 [26][25]: 341
	arc #21 [10][11]: 312
	arc #22 [27][26]: 349
	arc #23 [11][12]: 317
	arc #24 [28][27]: 333
	arc #25 [12][13]: 535
	arc #26 [29][28]: 296
	arc #27 [13][14]: 496
	arc #28 [30][29]: 354
	arc #29 [13][30]: 0
	arc #30 [30][13]: 0
	arc #31 [14][15]: 329
	arc #32 [31][30]: 496
	arc #33 [14][31]: 0
	arc #34 [31][14]: 0
	arc #35 [15][16]: 497
	arc #36 [32][31]: 531
	arc #37 [33][32]: 295
	arc #38 [16][33]: 0
	arc #39 [33][16]: 0

cost with maximum service...
	arc #0 [0][1]: 698
	arc #1 [0][17]: 439
	arc #2 [17][0]: 439
	arc #3 [1][2]: 720
	arc #4 [18][17]: 698
	arc #5 [2][3]: 727
	arc #6 [19][18]: 720
	arc #7 [3][4]: 703
	arc #8 [20][19]: 727
	arc #9 [4][5]: 706
	arc #10 [21][20]: 703
	arc #11 [5][6]: 688
	arc #12 [22][21]: 706
	arc #13 [6][7]: 682
	arc #14 [23][22]: 688
	arc #15 [7][8]: 710
	arc #16 [24][23]: 682
	arc #17 [8][9]: 711
	arc #18 [25][24]: 710
	arc #19 [9][10]: 719
	arc #20 [26][25]: 711
	arc #21 [10][11]: 703
	arc #22 [27][26]: 719
	arc #23 [11][12]: 687
	arc #24 [28][27]: 703
	arc #25 [12][13]: 724
	arc #26 [29][28]: 687
	arc #27 [13][14]: 685
	arc #28 [30][29]: 724
	arc #29 [13][30]: 439
	arc #30 [30][13]: 439
	arc #31 [14][15]: 720
	arc #32 [31][30]: 685
	arc #33 [14][31]: 439
	arc #34 [31][14]: 439
	arc #35 [15][16]: 686
	arc #36 [32][31]: 720
	arc #37 [33][32]: 686
	arc #38 [16][33]: 439
	arc #39 [33][16]: 439

demands...
	demands of vertex 0 at time interval: 9
	demands of vertex 1 at time interval: 9
	demands of vertex 2 at time interval: 9
	demands of vertex 3 at time interval: 9
	demands of vertex 4 at time interval: 9
	demands of vertex 5 at time interval: 9
	demands of vertex 6 at time interval: 9
	demands of vertex 7 at time interval: 9
	demands of vertex 8 at time interval: 9
	demands of vertex 9 at time interval: 9
	demands of vertex 10 at time interval: 9
	demands of vertex 11 at time interval: 0
	demands of vertex 12 at time interval: 9
	demands of vertex 13 at time interval: 9
	demands of vertex 14 at time interval: 9
	demands of vertex 15 at time interval: 0
	demands of vertex 16 at time interval: 0
	demands of vertex 17 at time interval: 0
	demands of vertex 18 at time interval: 9
	demands of vertex 19 at time interval: 9
	demands of vertex 20 at time interval: 9
	demands of vertex 21 at time interval: 9
	demands of vertex 22 at time interval: 9
	demands of vertex 23 at time interval: 9
	demands of vertex 24 at time interval: 9
	demands of vertex 25 at time interval: 9
	demands of vertex 26 at time interval: 9
	demands of vertex 27 at time interval: 9
	demands of vertex 28 at time interval: 0
	demands of vertex 29 at time interval: 9
	demands of vertex 30 at time interval: 9
	demands of vertex 31 at time interval: 9
	demands of vertex 32 at time interval: 0
	demands of vertex 33 at time interval: 9

maximum time = 30537
alpha = 70

>> Solving...
Version identifier: 20.1.0.0 | 2020-11-10 | 9bedb6d68
CPXPARAM_Threads                                 1
CPXPARAM_TimeLimit                               43200
Tried aggregator 3 times.
MIP Presolve eliminated 111181 rows and 15762 columns.
MIP Presolve modified 74836 coefficients.
Aggregator did 696 substitutions.
Reduced MIP has 326158 rows, 124117 columns, and 793830 nonzeros.
Reduced MIP has 123444 binaries, 0 generals, 0 SOSs, and 0 indicators.
Presolve time = 26.43 sec. (6710.73 ticks)
Probing fixed 0 vars, tightened 84 bounds.
Probing time = 16.62 sec. (1583.32 ticks)
Tried aggregator 1 time.
Detecting symmetries...
Elapsed time for symmetry detection = 18.42 sec. (10004.84 ticks)
Elapsed time for symmetry detection = 49.60 sec. (20009.09 ticks)
Elapsed time for symmetry detection = 92.20 sec. (30012.47 ticks)
Elapsed time for symmetry detection = 146.91 sec. (40014.41 ticks)
Elapsed time for symmetry detection = 201.98 sec. (50020.03 ticks)
Elapsed time for symmetry detection = 257.65 sec. (60021.00 ticks)
Found 1.842282e+94621 symmetric permutations.
MIP Presolve eliminated 156 rows and 156 columns.
MIP Presolve modified 4764 coefficients.
Reduced MIP has 326002 rows, 123961 columns, and 793206 nonzeros.
Reduced MIP has 123288 binaries, 0 generals, 0 SOSs, and 0 indicators.
Presolve time = 286.13 sec. (65864.42 ticks)
Probing time = 13.26 sec. (929.44 ticks)
Clique table members: 523774.
MIP emphasis: balance optimality and feasibility.
MIP search method: dynamic search.
Parallel mode: none, using 1 thread.
Root relaxation solution time = 1319.00 sec. (141373.66 ticks)

        Nodes                                         Cuts/
   Node  Left     Objective  IInf  Best Integer    Best Bound    ItCnt     Gap

      0     0        0.0000 61692                      0.0000    96509         
      0     0        0.0000 61767                  Cuts: 9380   102706         
      0     0      100.7089 59815                  Cuts: 5663   165305         
      0     0      189.1219 59783                  Cuts: 5643   179075         
      0     0      194.8616 62205                  Cuts: 5004   190080         
      0     0      223.6380 59650                  Cuts: 3909   209952         

Repeating presolve.
Tried aggregator 1 time.
MIP Presolve eliminated 265114 rows and 106074 columns.
Reduced MIP has 60888 rows, 17887 columns, and 156622 nonzeros.
Reduced MIP has 17214 binaries, 0 generals, 0 SOSs, and 0 indicators.
Presolve time = 3.29 sec. (1613.53 ticks)
Probing time = 0.78 sec. (71.38 ticks)
Tried aggregator 1 time.
Detecting symmetries...
MIP Presolve eliminated 4 rows and 4 columns.
Reduced MIP has 60884 rows, 17883 columns, and 156606 nonzeros.
Reduced MIP has 17210 binaries, 0 generals, 0 SOSs, and 0 indicators.
Presolve time = 1.93 sec. (1597.19 ticks)
Represolve time = 7.21 sec. (3377.78 ticks)
Probing time = 0.21 sec. (14.50 ticks)
Clique table members: 96149.
MIP emphasis: balance optimality and feasibility.
MIP search method: dynamic search.
Parallel mode: none, using 1 thread.
Root relaxation solution time = 17.98 sec. (7090.60 ticks)

        Nodes                                         Cuts/
   Node  Left     Objective  IInf  Best Integer    Best Bound    ItCnt     Gap

      0     0      223.6380  8845                    223.6380   241698         
      0     0     2505.4572  8933                  Cuts: 1527   244363         
      0     0     2508.8304  9339                  Cuts: 2808   246662         
      0     0     2510.4000  9499                  Cuts: 1175   247723         
      0     0     2749.1443  9413                  Cuts: 2706   251336         
      0     0     2751.0944  9408                  Cuts: 1006   252197         

Repeating presolve.
Tried aggregator 1 time.
MIP Presolve eliminated 22370 rows and 8948 columns.
Reduced MIP has 38514 rows, 8935 columns, and 102918 nonzeros.
Reduced MIP has 8262 binaries, 0 generals, 0 SOSs, and 0 indicators.
Presolve time = 0.83 sec. (364.93 ticks)
Probing time = 0.09 sec. (10.32 ticks)
Tried aggregator 1 time.
Detecting symmetries...
Reduced MIP has 38514 rows, 8935 columns, and 102918 nonzeros.
Reduced MIP has 8262 binaries, 0 generals, 0 SOSs, and 0 indicators.
Presolve time = 1.22 sec. (375.16 ticks)
Represolve time = 2.97 sec. (894.80 ticks)
Probing time = 0.10 sec. (10.32 ticks)
Clique table members: 54505.
MIP emphasis: balance optimality and feasibility.
MIP search method: dynamic search.
Parallel mode: none, using 1 thread.
Root relaxation solution time = 3.95 sec. (1696.09 ticks)

        Nodes                                         Cuts/
   Node  Left     Objective  IInf  Best Integer    Best Bound    ItCnt     Gap

      0     0     2751.0944  4475                   2751.0944   261539         
      0     0     2752.4455  4538                  Cuts: 1285   262347         
      0     0     2753.0369  4542                   Cuts: 735   262752         
      0     0     2754.2259  4567                   Cuts: 562   263100         
      0     0     2754.5754  4542                   Cuts: 469   263389         
      0     0     2754.6303  4551                   Cuts: 574   263734         
      0     0    11700.0000  4085                   Cuts: 722   285413         
      0     0    11700.0000  4278                  Cuts: 5813   296082         
      0     2    11700.0000  4269                  11700.0000   299618         
Elapsed time = 7118.01 sec. (1173349.77 ticks, tree = 0.01 MB, solutions = 0)
      1     3    11735.0000  3900                  11700.0000   305130         
      2     4    11770.0000  3949                  11700.0000   309683         
      4     6    11770.0000  3766                  11700.0000   313456         
      5     7    23470.0000  3646                  11700.0000   325982         
      6     8    14276.5522  2771                  11700.0000   337458         
      7     9    23470.0000  1367                  11700.0000   346447         
      8    10    23471.7467  2774                  11700.0000   354595         
     11     9    11700.0000  3929                  11700.0000   387051         
     12    10    23400.0000  3521                  11700.0000   392992         
     13    11    11700.0000  3815                  11700.0000   406970         
Elapsed time = 7175.31 sec. (1216679.23 ticks, tree = 0.09 MB, solutions = 0)
     14    12    11700.0000  3663                  11700.0000   412593         
     16    14    11700.0801  3188                  11700.0000   422015         
     21    17    23471.8859  1278                  11700.0000   429396         
     33    29    12450.0000  1840                  11700.0000   433939         
     50    38    11950.0000  1820                  11700.0000   437117         
     86    61    12520.0000  1082                  11700.0000   441576         
    130    71    12840.0000   710                  11700.0000   442899         
    144    72    23435.0000  3150                  11700.0000   448350         
    160    88    23720.0000   817                  11700.0000   453537         
    201   121    23435.0000  3086                  11700.0801   458995         
Elapsed time = 7233.46 sec. (1232532.29 ticks, tree = 1.38 MB, solutions = 0)
    224   143    24938.0000   258                  11700.0801   464028         
    255   163    11950.0000  2145                  11700.0801   466824         
    282   188    12270.0000  1335                  11700.0801   469695         
    305   200    12730.0000  1378                  11700.0801   473460         
    341   219    11950.0000  2335                  11770.0000   478179         
    359   235    12200.0000  1128                  11770.0000   486028         
    360   234    infeasible                        11770.0000   486705         
    370   242    12200.0000  1040                  11770.0000   492270         
    400   263    12485.0000   890                  11770.0000   494893         
    423   282    12520.0000   700                  11770.0000   498969         
Elapsed time = 7279.93 sec. (1245298.23 ticks, tree = 3.21 MB, solutions = 0)
    468   297    11770.0000  2472                  11770.0000   501198         
    476   305    12075.0000  2069                  11770.0000   507620         
    495   324    12270.0000  1402                  11770.0000   513719         
    520   345    12450.0000  1018                  11770.0000   516650         
    559   367    infeasible                        11770.0000   519680         
    601   386    23540.0000  1837                  11770.0000   524507         
    607   386    14457.9491  3153                  11770.0000   530858         
    618   391    12450.0000  1676                  11950.0000   536043         
    650   413    12770.0000  1004                  11950.0000   539426         
    666   420    12450.0000  1407                  11950.0000   544236         
Elapsed time = 7322.28 sec. (1255408.92 ticks, tree = 4.80 MB, solutions = 0)
    680   429    12270.0000  1272                  11950.0000   549508         
    701   448    12410.0000   740                  11950.0000   553360         
    740   474    infeasible                        11950.0000   555409         
    797   486    12020.0000  1847                  11950.0000   558757         
    816   501    12450.0000  1194                  11950.0000   563322         
    834   509    12200.0000  1794                  11950.0000   566925         
    849   522    12270.0000  1297                  11950.0000   571371         
    872   540    12520.0000  1090                  11950.0000   575187         
    887   548    11950.0000  2780                  11950.0000   580531         
    905   565    11985.0000  1992                  11950.0000   586333         
Elapsed time = 7366.98 sec. (1265975.85 ticks, tree = 6.45 MB, solutions = 0)
    920   578    12450.0000  1431                  11950.0000   592171         
    943   598    12660.0000   948                  11950.0000   596449         
    975   603    infeasible                        11950.0000   598249         
    977   605    12200.0000  2305                  11950.0000   602688         
    993   619    12270.0000  1694                  11950.0000   607122         

Performing restart 1

Repeating presolve.
Tried aggregator 3 times.
MIP Presolve eliminated 7888 rows and 231 columns.
MIP Presolve modified 21675 coefficients.
Aggregator did 1472 substitutions.
Reduced MIP has 29154 rows, 7232 columns, and 79088 nonzeros.
Reduced MIP has 6679 binaries, 0 generals, 0 SOSs, and 0 indicators.
Presolve time = 1.12 sec. (473.07 ticks)
Tried aggregator 1 time.
MIP Presolve eliminated 2 rows and 2 columns.
MIP Presolve modified 2100 coefficients.
Reduced MIP has 29152 rows, 7230 columns, and 79082 nonzeros.
Reduced MIP has 6677 binaries, 0 generals, 0 SOSs, and 0 indicators.
Presolve time = 0.57 sec. (293.26 ticks)
Represolve time = 3.99 sec. (1682.96 ticks)
    994     0    11700.0000  3582                  Cuts: 7388   627715         
    994     0    11700.0000  3822                  Cuts: 2794   631436         
    994     0    11700.0000  3766                  Cuts: 2158   637759         
    994     0    11700.0000  3865                  Cuts: 2884   640165         
    994     0    11700.0277  2947                   Cuts: 936   654385         
    994     0    11700.0540  3251                  Cuts: 7388   660333         
    994     2    11700.0542  3052                  11950.0000   660919         
    999     6    11770.0000  3353                  11950.0000   669812         
   1000     7    11770.0000  3030                  11950.0000   675666         
   1001     8    11770.0000  2600                  11950.0000   679092         
   1003    10    11770.0000  1662                  11950.0000   687734         
Elapsed time = 7783.64 sec. (1388898.89 ticks, tree = 0.28 MB, solutions = 0)
   1005    12    11770.0000  1518                  11950.0000   691718         
   1028    34    13168.0000   517                  11950.0000   694460         
   1078    73    12755.0000   438                  11950.0000   696989         
   1129   100    12729.0000   435                  11950.0000   699658         
   1175   111    11770.0000  1287                  11950.0000   701110         
   1202   138    12450.0000   628                  11950.0000   705579         
   1245   173    12840.0000   336                  11950.0000   708403         
   1302   205    13160.0000   250                  11950.0000   709566         
   1335   224    12450.0000   818                  11950.0000   713119         
   1354   239    23470.0000  2076                  11950.0000   718442         
Elapsed time = 7796.17 sec. (1399160.82 ticks, tree = 2.39 MB, solutions = 0)
   1381   261    11770.0000  3021                  11950.0000   723323         
   1382   262    11770.0000  3070                  11950.0000   730590         
   1384   264    23650.0000  2390                  11950.0000   742597         
   1387   267    11950.0000  2443                  11950.0000   753724         
   1397   277    12270.0000   861                  11950.0000   759523         
   1426   304    12950.0000   533                  11950.0000   763819         
   1461   332    16194.2255  2916                  11950.0000   773533         
   1462   333    23470.0000  2669                  11950.0000   779054         
   1464   335    23540.0000  2609                  11950.0000   785773         
   1488   347    11770.0000  3008                  11950.0000   791438         
Elapsed time = 7817.10 sec. (1418720.63 ticks, tree = 3.39 MB, solutions = 0)
   1490   349    11950.0000  2539                  11950.0000   800187         
   1496   354    12200.0000   789                  11950.0000   808222         
   1528   376    11770.0000  2597                  11950.0000   810240         
   1537   385    12450.0000  1348                  11950.0000   816880         
   1594   427    13520.0000   307                  11950.0000   819593         
   1598   428    23470.0000  1835                  11950.0000   829080         
   1654   478    24720.0000   975                  11950.0000   834074         
   1709   519    24894.0000   170                  11950.0000   835800         
   1732   527    11770.0000  3142                  11950.0000   855599         
   1734   529    11770.0000  2932                  11950.0000   867418         
Elapsed time = 7847.85 sec. (1438575.66 ticks, tree = 5.07 MB, solutions = 0)
   1736   531    11770.0000  2106                  11950.0000   875507         
   1750   545    14233.0000   464                  11950.0000   880741         
   1765   554    11950.0000  1816                  11950.0000   885444         
   1794   575    13200.0000   662                  11950.0000   889742         
   1839   605    23470.0000  1159                  11950.0000   894401         
   1859   619    infeasible                        11950.0000   897670         
   1861   619    23470.0000  1335                  11950.0000   905153         
   1862   620    23470.0000   724                  11950.0000   906802         
   1863   621    23900.0000   829                  11950.0000   906992         
   1866   622    23900.0000   744                  11950.0000   907079         
Elapsed time = 7904.64 sec. (1457367.69 ticks, tree = 5.94 MB, solutions = 0)
   1869   625    24150.0000   291                  11950.0000   907369         
   1871   627    24150.0000   196                  11950.0000   907588         
   1873   629    24150.0000   191                  11950.0000   907800         
   1875   631    24150.0000   128                  11950.0000   908141         
   1878   633    24644.0000    99                  11950.0000   908308         
   1883   635    24400.0000    73                  11950.0000   908453         
   1889   639    24644.0000    63                  11950.0000   908647         
   1902   648    11770.0000  3015                  11950.0000   919121         
   1903   649    11950.0000  2706                  11950.0000   930923         
   1919   661    infeasible                        11950.0000   948377         
Elapsed time = 8054.03 sec. (1501515.82 ticks, tree = 6.35 MB, solutions = 0)
   1920   661    17886.9488  2980                  11950.0000   958522         

Performing restart 2

Repeating presolve.
Tried aggregator 2 times.
MIP Presolve eliminated 1605 rows and 645 columns.
Aggregator did 3 substitutions.
Reduced MIP has 27544 rows, 6582 columns, and 103898 nonzeros.
Reduced MIP has 6029 binaries, 0 generals, 0 SOSs, and 0 indicators.
Presolve time = 0.56 sec. (297.72 ticks)
Tried aggregator 1 time.
Reduced MIP has 27544 rows, 6582 columns, and 103898 nonzeros.
Reduced MIP has 6029 binaries, 0 generals, 0 SOSs, and 0 indicators.
Presolve time = 0.49 sec. (229.82 ticks)
Represolve time = 2.56 sec. (940.44 ticks)
   1988     0    11700.0584  3134                  Cuts: 6986   988497         
   1988     0    11700.0584  2916                  Cuts: 1447   989574         
   1988     0    11700.0872  3014                  Cuts: 3098   991670         
   1988     0    11700.0972  3354                  Cuts: 2067   993940         
   1988     0    11700.2582  3060                   Cuts: 495  1001216         
   1988     0    11700.5038  3883                  Cuts: 5794  1027485         
   1988     0    11700.5108  3437                  Cuts: 2064  1032839         
   1988     0    11720.6033  2794                  Cuts: 2542  1049091         
   1988     0    11726.0608  2626                  Cuts: 6986  1065557         
   1988     0    11726.0608  3055                  Cuts: 3168  1072402         
   1988     0    11726.0608  3153                  Cuts: 3915  1089274         
   1988     2    11726.0608  3148                  11950.0000  1089274         
   1990     4    11735.0000  2667                  11950.0000  1105074         
   1992     6    11770.0000  2586                  11950.0000  1105145         
   1994     8    11950.0000  2415                  11950.0000  1108502         
   1997    11    12200.0000  2325                  11950.0000  1109766         
   1999    13    12200.0000  2317                  11950.0000  1110970         
   2001    15    12450.0000  2230                  11950.0000  1113618         
   2003    17    12200.0000  1729                  11950.0000  1114155         
   2008    18    12450.0000   792                  11950.0000  1117885         
Elapsed time = 8509.81 sec. (1830381.14 ticks, tree = 2.07 MB, solutions = 0)
   2013    22    12450.0000   817                  11950.0000  1118115         
   2016    22    14909.9263  2032                  11950.0000  1125929         
   2019    25    23400.1671  1231                  11950.0000  1133987         
   2025    31    23540.0000  1021                  11950.0000  1134160         
   2046    51    24040.0000   145                  11950.0000  1135071         
   2051    51    11770.0000  2717                  11950.0000  1138024         
   2054    54    11950.0000  1840                  11950.0000  1139100         
   2057    57    11950.0000  1678                  11950.0000  1140274         
   2060    60    11950.0000  1592                  11950.0000  1140688         
   2062    62    11950.0000  1527                  11950.0000  1141315         
Elapsed time = 8581.38 sec. (1878793.47 ticks, tree = 11.50 MB, solutions = 0)
   2064    64    11950.0000  1521                  11950.0000  1141461         
   2066    66    11950.0000  1539                  11950.0000  1141559         
   2068    68    12020.0000  1496                  11950.0000  1141591         
   2071    71    23720.0000   295                  11950.0000  1142975         
   2077    72    12450.0000   751                  11950.0000  1143466         
   2083    73    11770.0000  2558                  11950.0000  1144630         
   2086    76    11950.0000  1301                  11950.0000  1147156         
   2091    81    12450.0000   899                  11950.0000  1147889         
   2099    82    12950.0000   824                  11950.0000  1148468         
   2102    81    11950.0000  1068                  11950.0000  1149560         
Elapsed time = 8643.29 sec. (1924281.07 ticks, tree = 15.76 MB, solutions = 0)
   2106    85    12090.0000  1056                  11950.0000  1150129         
   2110    89    12270.0000   933                  11950.0000  1150635         
   2114    91    12700.0000   930                  11950.0000  1152054         
   2127   100    24110.0000   262                  11950.0000  1154482         
   2133   103    23650.0000   385                  11950.0000  1157066         
   2144   108    12020.0000  2521                  11950.0000  1160522         
   2146   110    12020.0000  1248                  11950.0000  1168237         
   2151   115    12270.0000  1107                  11950.0000  1169785         
   2156   120    12270.0000   633                  11950.0000  1170682         
   2163   121    12020.0000  2528                  11950.0000  1173466         
Elapsed time = 8697.84 sec. (1969790.47 ticks, tree = 25.00 MB, solutions = 0)
   2165   123    12020.0000  1948                  11950.0000  1176697         
   2168   126    12020.0000  1117                  11950.0000  1177628         
   2172   130    12450.0000   988                  11950.0000  1179131         
   2176   130    infeasible                        11950.0000  1179364         
   2180   134    12700.0000   851                  11950.0000  1179471         
   2186   139    12700.0000   843                  11950.0000  1179632         
   2191   143    12700.0000   770                  11950.0000  1179971         
   2207   152    13200.0000   148                  11950.0000  1181159         
   2225   162    11950.0000  1862                  11950.0000  1187113         
   2227   164    11950.0000  2597                  11950.0000  1190806         
Elapsed time = 8755.46 sec. (2013887.20 ticks, tree = 25.60 MB, solutions = 0)
   2229   166    12020.0000  1897                  11950.0000  1201256         
   2232   169    12200.0000   635                  11950.0000  1204842         
   2240   175    12270.0000   337                  11950.0000  1205837         
   2251   183    infeasible                        11950.0000  1207278         
   2256   186    12200.0000   993                  11950.0000  1208278         
   2260   186    12450.0000   933                  11950.0000  1209291         
   2264   190    12450.0000   950                  11950.0000  1209708         
   2269   195    12700.0000   756                  11950.0000  1210256         
   2274   195    infeasible                        11950.0000  1210785         
   2280   197    24970.0000    77                  11950.0000  1211429         
Elapsed time = 8811.65 sec. (2055637.85 ticks, tree = 25.67 MB, solutions = 0)
   2288   201    12200.0000  1012                  11950.0000  1212179         
   2291   200    11950.0000   621                  11950.0000  1213258         
   2298   203    12020.0000  1176                  11950.0000  1215140         
   2306   208    12700.0000   545                  11950.0000  1217028         
   2310   208    12020.0000  1272                  11950.0000  1218236         
   2314   211    12270.0000   936                  11950.0000  1219550         
   2318   215    12450.0000   838                  11950.0000  1219662         
   2323   220    12450.0000   799                  11950.0000  1220047         
   2325   222    12450.0000   783                  11950.0000  1220093         
   2328   225    12450.0000   803                  11950.0000  1220324         
Elapsed time = 8869.96 sec. (2099332.28 ticks, tree = 25.68 MB, solutions = 0)
   2333   226    12700.0000   922                  11950.0000  1221767         
   2335   228    12700.0000   830                  11950.0000  1221911         
   2339   227    infeasible                        11950.0000  1222371         
   2344   232    12270.0000  1143                  11950.0000  1223405         
   2347   231    12020.0000  1708                  11950.0000  1228594         
   2353   235    23970.0000   795                  11950.0000  1232891         
   2364   244    24400.0000   134                  11950.0000  1233387         
   2370   240    infeasible                        11950.0000  1242391         
   2371   241    12020.0000  1744                  11950.0000  1248097         
   2375   241    12340.0000  1678                  11950.0000  1252289         
Elapsed time = 8940.59 sec. (2147516.67 ticks, tree = 24.76 MB, solutions = 0)
   2379   243    infeasible                        11950.0000  1256249         
   2381   243    12020.0000  1703                  11950.0000  1261845         
   2385   246    12700.0000   953                  11950.0000  1263648         
   2389   245    infeasible                        11950.0000  1265919         
   2393   249    12700.0000   459                  11950.0000  1270132         
   2403   255    12020.0000  1703                  11950.0000  1275848         
   2405   257    12520.0000   680                  11950.0000  1279473         
   2410   257    11950.0000  1236                  11950.0000  1283345         
   2415   261    12520.0000   537                  11950.0000  1285254         
   2422   264    12450.0000   666                  11950.0000  1289454         
Elapsed time = 9004.69 sec. (2195538.02 ticks, tree = 24.11 MB, solutions = 0)
   2427   263    infeasible                        11950.0000  1290393         
   2431   264    12090.0000   625                  11950.0000  1295490         
   2435   264    12200.0000  1796                  11950.0000  1298764         
   2438   267    12450.0000  1233                  11950.0000  1300637         
   2441   266    11950.0000  2132                  11950.0000  1311344         
   2444   269    11950.0000   787                  11950.0000  1316402         
   2449   271    infeasible                        11950.0000  1325823         
   2455   276    12269.0000   516                  11950.0000  1328967         
   2467   285    12950.0000   294                  11950.0000  1330052         
   2472   286    11950.0000  1782                  11950.0000  1335900         
Elapsed time = 9058.00 sec. (2240247.24 ticks, tree = 23.85 MB, solutions = 0)
   2476   290    12200.0000   785                  11950.0000  1339839         
   2482   291    23685.0000   968                  11950.0000  1341928         
   2496   303    24220.0000   231                  11950.0000  1342837         
   2525   315    11950.0000  1683                  11950.0000  1347812         
   2530   320    12450.0000   473                  11950.0000  1350205         
   2545   331    23970.0000   273                  11950.0000  1354128         
   2560   338    11950.0000  2207                  11950.0000  1364372         
   2562   340    11950.0000  1942                  11950.0000  1369805         
   2566   344    12700.0000   580                  11950.0000  1374390         
   2570   348    12700.0000   441                  11950.0000  1377185         
Elapsed time = 9123.09 sec. (2286050.01 ticks, tree = 24.21 MB, solutions = 0)
   2582   355    infeasible                        11950.0000  1378699         
   2585   356    12020.0000  1356                  11950.0000  1384889         
   2589   360    12020.0000  1392                  11950.0000  1386728         
   2594   361    11950.0000  1071                  11950.0000  1393913         
   2599   364    12200.0000   594                  11950.0000  1396202         
   2610   374    12944.0000   370                  11950.0000  1397432         
   2625   383    12200.0000   815                  11950.0000  1399612         
   2631   387    infeasible                        11950.0000  1400696         
   2633   387    11950.0000   941                  11950.0000  1410077         
   2637   391    12090.0000   735                  11950.0000  1413509         
Elapsed time = 9179.49 sec. (2328766.98 ticks, tree = 24.36 MB, solutions = 0)
   2645   392    infeasible                        11950.0000  1414751         
   2649   392    12020.0000  2157                  11950.0000  1423164         
   2651   394    12030.6280  1963                  11950.0000  1433277         
   2653   396    13075.2556  1737                  11950.0000  1436358         
   2659   402    12450.0000   664                  11950.0000  1439608         
   2667   406    infeasible                        11950.0000  1441081         
   2679   416    24150.0000   133                  11950.0000  1444678         
   2697   424    13086.0398  1809                  11950.0000  1450089         
   2700   427    24040.0000   458                  11950.0000  1453575         
   2704   427    11950.0000  1898                  11950.0000  1462965         
Elapsed time = 9259.01 sec. (2379063.51 ticks, tree = 24.49 MB, solutions = 0)
   2708   431    12020.0000   815                  11950.0000  1468717         
   2714   434    12020.0000   945                  11950.0000  1470380         
   2720   434    11950.0000   788                  11950.0000  1472065         
   2725   437    infeasible                        11950.0000  1473541         
   2731   437    12270.0000  1198                  11950.0000  1475830         
   2737   440    11950.0000   888                  11950.0000  1479497         
   2744   445    13418.0000   509                  11950.0000  1482931         
   2755   446    12090.0000   790                  11950.0000  1484397         
   2761   450    12200.0000   805                  11950.0000  1485817         
   2766   455    12200.0000   997                  11950.0000  1488929         
Elapsed time = 9314.49 sec. (2422033.65 ticks, tree = 24.73 MB, solutions = 0)
   2771   460    12450.0000   585                  11950.0000  1491087         
   2778   463    infeasible                        11950.0000  1492528         
   2781   464    11971.6452  1947                  11950.0000  1499337         
   2788   471    12200.0000   593                  11950.0000  1500347         
   2800   479    infeasible                        11950.0000  1501814         
   2801   480    11950.0000  2732                  11950.0000  1517824         
   2802   481    23650.0000  2038                  11950.0000  1527637         
   2805   482    23650.0000  1267                  11950.0000  1536859         
   2824   495    24400.0000   106                  11950.0000  1539642         
   2828   495    12020.0000  2735                  11950.0000  1551558         
Elapsed time = 9387.56 sec. (2470057.95 ticks, tree = 24.89 MB, solutions = 0)
   2830   497    12148.1738  2591                  11950.0000  1571288         
   2832   499    13595.9770  1738                  11950.0000  1573647         
   2834   501    13595.9770  1783                  11950.0000  1574139         
   2835   502    13595.9770  1765                  11950.0000  1574162         
   2836   503    13595.9770  1760                  11950.0000  1574169         
   2838   505    23970.0000  1200                  11950.0000  1575604         
   2851   514    23650.0000  1421                  11950.0000  1581505         
   2858   521    23970.0000   525                  11950.0000  1583923         
   2872   529    11957.2519  2672                  11953.1407  1596545         
   2874   531    23650.0000  1312                  11953.1407  1602722         
Elapsed time = 9474.62 sec. (2523329.51 ticks, tree = 25.03 MB, solutions = 0)
   2883   533    11953.1407  1548                  11953.1407  1604536         
   2886   533    11959.6667  1956                  11957.2519  1607786         
   2889   532    11957.2519  2122                  11957.2519  1610099         
   2892   535    23650.0000   688                  11957.2519  1612707         
   2907   548    24652.4465   303                  11957.2519  1614325         
   2915   552    12325.0000   698                  11967.8626  1616156         
   2921   558    12950.0000   994                  11967.8626  1617087         
   2931   564    23650.1115   726                  11985.0000  1620051         
   2940   571    24400.0000   364                  11985.0000  1620990         
   2950   577    12450.0000   545                  11985.0000  1623010         
Elapsed time = 9533.53 sec. (2567007.61 ticks, tree = 25.47 MB, solutions = 0)
   2957   581    12200.0000   772                  11985.0000  1626142         
   2963   583    infeasible                        11985.0000  1628284         
   2967   583    12020.1601   726                  12020.0000  1630980         
   2975   591    12450.0000   520                  12020.0000  1631717         
   2982   598    12700.0000   352                  12020.0000  1632381         
   2994   603    12200.0000   871                  12020.0000  1635099         
   2998   607    12270.0000   784                  12020.0000  1636969         
   3007   611    12450.0000  1115                  12020.0000  1642250         
   3013   615    infeasible                        12020.0000  1643747         
   3018   618    13668.0000   613                  12020.0000  1646905         
Elapsed time = 9583.36 sec. (2609520.70 ticks, tree = 25.84 MB, solutions = 0)
   3024   619    12054.5000   904                  12020.0000  1648813         
   3029   624    12090.0000   738                  12020.0000  1650247         
   3036   631    12520.0000   543                  12020.0000  1651615         
   3042   633    infeasible                        12020.0000  1652056         
   3047   635    12700.0000   980                  12020.0000  1654270         
   3052   636    infeasible                        12020.0000  1655275         
   3055   635    infeasible                        12020.0000  1657009         
   3058   636    12270.0000   939                  12020.0000  1659497         
   3064   637    12090.0000  1060                  12020.0000  1660821         
   3069   642    12270.0000  1085                  12020.0000  1661809         
Elapsed time = 9631.37 sec. (2653722.87 ticks, tree = 25.39 MB, solutions = 0)
   3073   646    12950.0000   918                  12020.0000  1663983         
   3077   647    12200.0000   573                  12020.0000  1665913         
   3084   654    12450.0000   548                  12020.0000  1667164         
   3090   656    12020.0000   851                  12020.0000  1671182         
   3095   659    12200.0000   643                  12020.0000  1672833         
   3102   664    12590.0000   546                  12020.0000  1674645         
   3109   663    12450.0000  1054                  12020.0000  1678623         
   3114   667    12450.0000   963                  12020.0000  1681125         
   3123   672    infeasible                        12020.0000  1682419         
   3125   674    12200.0000  1195                  12020.0000  1687692         
Elapsed time = 9680.50 sec. (2696661.38 ticks, tree = 25.46 MB, solutions = 0)
   3131   680    13200.0000   567                  12020.0000  1690252         
   3135   678    infeasible                        12020.0000  1692569         
   3140   683    12450.0000   692                  12020.0000  1693963         
   3148   687    12020.0000  1345                  12020.0000  1697294         
   3152   691    12270.0000  1089                  12020.0000  1697838         
   3156   693    12450.0000   536                  12020.0000  1699427         
   3159   692    12270.0000  1257                  12020.0000  1701470         
   3163   692    12020.0000  1254                  12020.0000  1703060         
   3166   693    infeasible                        12020.0000  1703748         
   3171   695    12020.0000  1298                  12020.0000  1704189         
Elapsed time = 9733.93 sec. (2739682.45 ticks, tree = 25.64 MB, solutions = 0)
   3175   699    12270.0000  1211                  12020.0000  1704605         
   3179   701    12450.0000  1094                  12020.0000  1705965         
   3185   700    12520.0000   493                  12020.0000  1707801         
   3190   700    12020.0000  1195                  12020.0000  1708857         
   3195   703    12340.0000   641                  12020.0000  1711073         
   3201   703    12020.0000  1187                  12020.0000  1712712         
   3205   707    12450.0000   628                  12020.0000  1713590         
   3212   714    12950.0000   431                  12020.0000  1714912         
   3222   718    12200.0000  1160                  12020.0000  1717005         
   3228   720    12450.0000   555                  12020.0000  1718184         
Elapsed time = 9784.39 sec. (2782186.03 ticks, tree = 25.87 MB, solutions = 0)
   3233   721    12075.0000  1373                  12020.0000  1719346         
   3237   725    12200.0000  1334                  12020.0000  1720283         
   3243   729    12520.0000   584                  12020.0000  1721838         
   3251   730    infeasible                        12020.0000  1722577         
   3256   729    12020.0000  1284                  12020.0000  1723990         
   3260   733    12450.0000   520                  12020.0000  1724779         
   3266   739    12700.0000   492                  12020.0000  1725477         
   3276   745    12950.0000   383                  12020.0000  1725998         
   3280   743    infeasible                        12020.0000  1727297         
   3284   743    12270.0000  1167                  12020.0000  1727873         
Elapsed time = 9834.46 sec. (2824275.54 ticks, tree = 26.09 MB, solutions = 0)
   3288   747    12450.0000  1251                  12020.0000  1729726         
   3298   753    12950.0000   395                  12020.0000  1730686         
   3305   756    12200.0000   847                  12020.0000  1733495         
   3310   758    12450.0000   633                  12020.0000  1734684         
   3318   761    12450.0000  1364                  12020.0000  1738553         
   3321   760    12200.0000   621                  12020.0000  1740474         
   3327   760    12450.0000  1093                  12020.0000  1742996         
   3329   762    12450.0000  1191                  12020.0000  1745390         
   3332   765    12700.0000  1048                  12020.0000  1748559         
   3334   767    12700.0000  1020                  12020.0000  1749934         
Elapsed time = 9891.39 sec. (2867609.15 ticks, tree = 26.30 MB, solutions = 0)
   3337   770    12700.0000   978                  12020.0000  1750223         
   3343   776    12950.0000   280                  12020.0000  1751061         
   3354   787    13694.0000   236                  12020.0000  1752028         
   3358   785    12020.0000  1468                  12020.0000  1757441         
   3362   789    12950.0000   582                  12020.0000  1760989         
   3368   791    12520.0000   670                  12020.0000  1764286         
   3371   790    12020.0000  1478                  12020.0000  1769613         
   3375   792    infeasible                        12020.0000  1771502         
   3380   795    12950.0000   543                  12020.0000  1773732         
   3384   791    infeasible                        12020.0000  1778751         
Elapsed time = 9941.04 sec. (2911064.80 ticks, tree = 26.32 MB, solutions = 0)
   3385   790    infeasible                        12020.0000  1782996         
   3393   794    23720.0000   485                  12020.0000  1788893         
   3409   802    12270.0000  1849                  12020.0000  1796122         
   3412   803    infeasible                        12020.0000  1802065         
   3418   809    24150.0000   862                  12020.0000  1803506         
   3436   817    12020.0000  1107                  12020.0000  1806719         
   3439   816    12020.0000  1172                  12020.0000  1814444         
   3442   818    12270.0000  1870                  12020.0000  1823941         
   3445   818    12020.0000  1300                  12020.0000  1829256         
   3448   821    12270.0000  1069                  12020.0000  1835908         
Elapsed time = 9980.56 sec. (2959008.67 ticks, tree = 26.36 MB, solutions = 0)
   3454   826    12520.0000   777                  12020.0000  1837227         
   3462   834    12520.0000   514                  12020.0000  1838781         
   3467   834    12270.0000  1653                  12020.0000  1849417         
   3472   837    12270.0000   867                  12020.0000  1855411         
   3477   842    12520.0000   538                  12020.0000  1857139         
   3488   848    infeasible                        12020.0000  1858710         
   3497   857    14084.0000   265                  12020.0000  1859565         
   3502   858    14264.0000   288                  12020.0000  1859753         
   3506   859    23720.0000  1776                  12020.0000  1863852         
   3510   863    23720.0000  1720                  12020.0000  1867580         
Elapsed time = 10015.45 sec. (3000323.00 ticks, tree = 26.51 MB, solutions = 0)
   3523   867    24040.0000   242                  12020.0000  1870002         
   3525   867    12200.0000  2679                  12020.0000  1882762         
   3527   869    12200.0000  2517                  12020.0000  1887177         
   3529   871    12200.0000  1593                  12020.0000  1894206         
   3531   873    12200.0000  1988                  12020.0000  1900953         
   3537   873    12200.0000  1282                  12020.0000  1918905         
   3541   875    12200.0000   965                  12020.0000  1926888         
   3547   879    12200.0000   900                  12020.0000  1929491         
   3552   878    12020.0000  2219                  12020.0000  1949380         
   3555   881    12200.0000  1758                  12020.0000  1957833         
Elapsed time = 10057.30 sec. (3049185.49 ticks, tree = 26.44 MB, solutions = 0)
   3560   885    12450.0000   805                  12020.0000  1960358         
   3566   886    12200.0000   937                  12020.0000  1962790         
   3572   892    12340.0000   670                  12020.0000  1966077         
   3580   896    12020.0000  2125                  12020.0000  1975581         
   3592   898    12200.0000  1107                  12020.1601  1982944         
   3596   900    infeasible                        12020.1601  1983656         
   3601   899    12200.0000   987                  12030.6280  1989201         
   3604   898    12030.6280  2164                  12030.6280  1990970         
   3606   896    infeasible                        12054.5000  1991053         
   3615   905    13918.0000   481                  12054.5000  1993552         
Elapsed time = 10123.57 sec. (3096265.17 ticks, tree = 26.64 MB, solutions = 0)
   3621   907    12589.0000   671                  12075.0000  1995607         
   3631   915    13557.0000   435                  12075.0000  1996859         
   3641   917    12200.0000   780                  12090.0000  1999225         
   3646   915    infeasible                        12090.0000  2002284         
   3654   919    13918.0000   603                  12090.0000  2005784         
   3661   918    12270.0000   656                  12090.0000  2009146         
   3667   918    12200.0000   643                  12090.0000  2012313         
   3674   925    12950.0000   613                  12090.0000  2014122         
   3680   927    infeasible                        12090.0000  2014640         
   3689   931    infeasible                        12090.0000  2016268         
Elapsed time = 10265.82 sec. (3139610.79 ticks, tree = 26.44 MB, solutions = 0)
   3697   933    12270.0000   666                  12090.0000  2018355         
   3701   931    infeasible                        12090.0000  2021910         
   3706   932    infeasible                        12090.0000  2024322         
   3711   937    12450.0000   545                  12090.0000  2024719         
   3720   940    12450.0000   552                  12090.0000  2027287         
   3727   941    13918.0000   394                  12090.0000  2030333         
   3734   943    12200.0000  1665                  12160.0000  2033512         
   3739   948    12270.0000   601                  12160.0000  2034419         
   3746   953    12700.0000   554                  12160.0000  2036135         
   3756   956    12160.0000  1131                  12160.0000  2037493         
Elapsed time = 10398.06 sec. (3182377.44 ticks, tree = 26.67 MB, solutions = 0)
   3762   962    12520.0000   558                  12160.0000  2041160         
   3768   964    12200.0000  1076                  12200.0000  2042365         
   3772   967    12450.0000  1359                  12200.0000  2046706         
   3774   965    infeasible                        12200.0000  2048139         
   3777   964    infeasible                        12200.0000  2052240         
   3786   971    12450.0000   500                  12200.0000  2053554         
   3795   976    12450.0000   887                  12200.0000  2054149         
   3808   987    13450.0000   240                  12200.0000  2054833         
   3820   990    infeasible                        12200.0000  2055616         
   3829   999    12520.0000   489                  12200.0000  2058268         
Elapsed time = 10538.26 sec. (3223439.07 ticks, tree = 27.06 MB, solutions = 0)
   3835  1001    12223.3333  1070                  12200.0000  2060034         
   3841  1007    12450.0000   347                  12200.0000  2060930         
   3849  1013    infeasible                        12200.0000  2061413         
   3857  1013    12450.0000   610                  12200.0000  2065326         
   3867  1019    12200.0000  1227                  12200.0000  2069676         
   3872  1022    12770.0000   540                  12200.0000  2072522         
   3879  1021    infeasible                        12200.0000  2075302         
   3885  1019    infeasible                        12200.0000  2077776         
   3892  1024    12450.0000   493                  12200.0000  2079319         
   3898  1030    12700.0000   379                  12200.0000  2079815         
Elapsed time = 10676.49 sec. (3267502.75 ticks, tree = 27.41 MB, solutions = 0)
   3907  1033    infeasible                        12200.0000  2080485         
   3916  1035    12520.0000   426                  12200.0000  2083201         
   3925  1040    12450.0000   556                  12200.0000  2088434         
   3933  1041    infeasible                        12200.0000  2090571         
   3939  1041    infeasible                        12200.0000  2093508         
   3948  1044    12590.0000   455                  12200.0000  2096708         
   3956  1046    12200.0000  1139                  12200.0000  2102882         
   3965  1051    12450.0000   434                  12200.0000  2105214         
   3972  1056    12850.5948   743                  12200.0000  2105899         
   4007  1079    infeasible                        12200.0000  2107392         
Elapsed time = 10808.38 sec. (3308985.71 ticks, tree = 27.88 MB, solutions = 0)
   4013  1079    infeasible                        12200.0000  2109424         
   4019  1077    12200.0000   814                  12200.0000  2112548         
   4026  1084    12200.0000   821                  12200.0000  2114733         
   4034  1090    infeasible                        12200.0000  2116145         
   4046  1095    12270.0000   522                  12200.0000  2117374         
   4055  1100    12450.0000   705                  12200.0000  2120890         
   4059  1104    12700.0000  1009                  12200.0000  2121923         
   4065  1110    12700.0000   406                  12200.0000  2123862         
   4072  1111    12450.0000   588                  12200.0000  2125198         
   4084  1121    infeasible                        12200.0000  2127556         
Elapsed time = 10953.84 sec. (3349432.19 ticks, tree = 28.26 MB, solutions = 0)
   4093  1126    12700.0000   398                  12200.0000  2128640         
   4103  1131    12200.0000   583                  12200.0000  2133365         
   4112  1136    12520.0000   513                  12200.0000  2135226         
   4121  1141    12450.0000   493                  12200.0000  2136303         
   4128  1146    12700.0000   322                  12200.0000  2137205         
   4137  1149    12450.0000   506                  12200.0000  2140122         
   4146  1158    13020.0000   222                  12200.0000  2141175         
   4156  1160    12450.0000   998                  12200.0000  2143311         
   4165  1168    13770.0000   265                  12200.0000  2144178         
   4179  1173    12450.0000   542                  12200.0000  2145187         
Elapsed time = 11110.41 sec. (3391249.92 ticks, tree = 28.74 MB, solutions = 0)
   4189  1183    13450.0000   245                  12200.0000  2146240         
   4199  1188    12450.0000   555                  12200.0000  2147731         
   4210  1195    13200.0000   313                  12200.0000  2149266         
   4219  1197    12450.0000   584                  12200.0000  2151200         
   4227  1199    12700.0000   514                  12200.0000  2151979         
   4242  1208    12520.0000   502                  12200.0000  2153746         
   4249  1207    infeasible                        12200.0000  2154821         
   4255  1210    12450.0000   465                  12200.0000  2156555         
   4265  1220    12950.0000   312                  12200.0000  2157045         
   4273  1219    12200.0000   683                  12200.0000  2160211         
Elapsed time = 11260.58 sec. (3431280.14 ticks, tree = 29.19 MB, solutions = 0)
   4279  1217    infeasible                        12200.0000  2163397         
   4286  1222    12770.0000   369                  12200.0000  2167508         
   4291  1220    infeasible                        12200.0000  2168139         
   4295  1222    12200.0000  1077                  12200.0000  2171703         
   4302  1229    12450.0000   550                  12200.0000  2173748         
   4312  1239    12950.0000   410                  12200.0000  2174296         
   4324  1236    infeasible                        12200.0000  2176840         
   4336  1248    13200.0000   294                  12200.0000  2179439         
   4341  1249    12270.0000  1187                  12200.0000  2181730         
   4348  1256    12700.0000   428                  12200.0000  2182846         
Elapsed time = 11365.46 sec. (3472031.03 ticks, tree = 29.54 MB, solutions = 0)
   4360  1262    12200.0000   702                  12200.0000  2185017         
   4371  1267    12270.0000   604                  12200.0000  2188107         
   4378  1268    12200.0000   612                  12200.0000  2191501         
   4385  1275    12270.0000   939                  12200.0000  2192814         
   4396  1286    12950.0000   230                  12200.0000  2194052         
   4413  1297    12700.0000   509                  12200.0000  2195465         
   4428  1304    12450.0000   433                  12200.0000  2196994         
   4442  1318    13200.0000   246                  12200.0000  2198137         
   4465  1326    12450.0000   518                  12200.0000  2200676         
   4471  1328    12450.0000   771                  12200.0000  2204076         
Elapsed time = 11397.63 sec. (3513390.76 ticks, tree = 30.21 MB, solutions = 0)
   4480  1337    12950.0000   579                  12200.0000  2205700         
   4486  1343    13700.0000   355                  12200.0000  2206958         
   4499  1349    13700.0000   311                  12200.0000  2207612         
   4511  1353    infeasible                        12200.0000  2210034         
   4517  1349    infeasible                        12200.0000  2213101         
   4524  1354    13418.0000   429                  12200.0000  2217855         
   4530  1356    12200.0000  1097                  12200.0000  2221212         
   4536  1362    12450.0000   636                  12200.0000  2222683         
   4546  1368    12325.0000   792                  12200.0000  2225401         
   4553  1372    12450.0000  1079                  12200.0000  2227368         
Elapsed time = 11431.90 sec. (3554770.06 ticks, tree = 30.65 MB, solutions = 0)
   4561  1376    infeasible                        12200.0000  2227946         
   4570  1381    infeasible                        12200.0000  2228608         
   4576  1383    infeasible                        12200.0000  2229585         
   4581  1386    12200.1258   598                  12200.0000  2231216         
   4588  1385    infeasible                        12200.0000  2232716         
   4596  1391    12700.0000   422                  12200.0000  2234086         
   4608  1397    12950.0000   282                  12200.0000  2235807         
   4621  1407    13584.0000   168                  12200.0000  2236373         
   4630  1408    12200.0000   876                  12200.0000  2239385         
   4637  1415    12700.0000   539                  12200.0000  2241549         
Elapsed time = 11464.52 sec. (3596278.80 ticks, tree = 31.07 MB, solutions = 0)
   4647  1420    12200.0883   489                  12200.0000  2243035         
   4658  1425    12450.0000   597                  12200.0000  2244073         
   4673  1438    13450.0000   338                  12200.0000  2245464         
   4684  1445    14258.0000   272                  12200.0000  2245792         
   4692  1449    12340.0000   477                  12200.0000  2246928         
   4708  1461    13450.0000   280                  12200.0000  2247802         
   4717  1462    infeasible                        12200.0000  2249429         
   4725  1468    12700.0000   409                  12200.0000  2250226         
   4736  1474    12944.0000   422                  12200.0000  2251742         
   4750  1484    13694.0000   240                  12200.0000  2253156         
Elapsed time = 11498.18 sec. (3636690.37 ticks, tree = 31.75 MB, solutions = 0)
   4765  1493    infeasible                        12200.0000  2254741         
   4780  1499    infeasible                        12200.0000  2255816         
   4789  1508    12700.0000   406                  12200.0000  2257001         
   4807  1523    13270.0000   237                  12200.0000  2257939         
   4820  1530    12325.0000   706                  12200.0000  2259326         
   4826  1530    12200.0000   672                  12200.0000  2261027         
   4832  1532    12200.0000  1103                  12200.0000  2262633         
   4838  1536    12950.0000   296                  12200.0000  2263680         
   4846  1539    infeasible                        12200.0000  2264863         
   4854  1541    12200.0000   536                  12200.0000  2266329         
Elapsed time = 11531.81 sec. (3677384.00 ticks, tree = 32.30 MB, solutions = 0)
   4863  1547    12450.0000   508                  12200.0000  2268942         
   4875  1551    infeasible                        12200.0000  2269918         
   4886  1554    12450.0000  1157                  12200.0000  2272081         
   4894  1562    24720.0000   355                  12200.0000  2276214         
   4909  1571    infeasible                        12200.0000  2277651         
   4913  1573    12520.0000  1053                  12200.0000  2281226         
   4916  1570    infeasible                        12200.0000  2281435         
   4921  1575    12450.0000   295                  12200.0000  2285840         
   4933  1583    12450.0000   986                  12200.0000  2289482         
   4943  1591    13200.0000   325                  12200.0000  2291105         
Elapsed time = 11566.24 sec. (3719072.22 ticks, tree = 32.78 MB, solutions = 0)
   4953  1595    12950.0000   419                  12200.0000  2293107         
   4964  1602    12950.0000   311                  12200.0000  2295147         
   4977  1608    12450.0000   629                  12200.0000  2297411         
   4984  1613    12950.0000   361                  12200.0000  2298482         
   4998  1621    infeasible                        12200.0000  2299488         
   5011  1628    12200.0000  1194                  12200.0000  2302903         
   5021  1636    13168.0000   404                  12200.0000  2306211         
   5033  1644    infeasible                        12200.0000  2308861         
   5039  1642    12450.0000  1152                  12200.0000  2313683         
   5044  1645    12700.0000  1025                  12200.0000  2315184         
Elapsed time = 11601.34 sec. (3760155.94 ticks, tree = 33.29 MB, solutions = 0)
   5048  1649    12700.0000  1036                  12200.0000  2316021         
   5055  1651    12450.0000  1060                  12200.0000  2320076         
   5058  1654    12770.0000   534                  12200.0000  2322182         
   5065  1655    12450.0000   565                  12200.0000  2326014         
   5079  1664    12450.0000  1139                  12200.0000  2330596         
   5085  1666    infeasible                        12200.0000  2333158         
   5096  1677    14418.0000   199                  12200.0000  2335720         
   5110  1684    13418.0000   197                  12200.0000  2337508         
   5126  1696    13668.0000   600                  12200.0000  2342322         
   5137  1705    13568.5948   963                  12200.0000  2345817         
Elapsed time = 11645.49 sec. (3805468.78 ticks, tree = 33.83 MB, solutions = 0)
   5148  1713    13488.0000   324                  12200.0000  2347639         
   5160  1721    12200.0000   565                  12200.0000  2348457         
   5169  1730    13200.0000   984                  12200.0000  2351874         
   5180  1739    13944.0000   161                  12200.0000  2353483         
   5196  1749    12950.0000   922                  12200.0000  2355280         
   5210  1759    13694.0000   245                  12200.0000  2356014         
   5221  1764    12770.0000   599                  12200.0000  2358977         
   5232  1772    infeasible                        12200.0000  2360693         
   5242  1779    12770.0000   458                  12200.0000  2363040         
   5250  1781    12700.0000   434                  12200.0000  2364000         
Elapsed time = 11770.90 sec. (3846308.65 ticks, tree = 34.56 MB, solutions = 0)
   5261  1792    13514.0000   246                  12200.0000  2365976         
   5270  1797    12450.0000   592                  12200.0000  2367017         
   5276  1797    12200.0000  1280                  12200.0000  2370976         
   5279  1800    12200.0000  1158                  12200.0000  2373175         
   5286  1807    12270.0000   513                  12200.0000  2375437         
   5298  1817    12950.0000   285                  12200.0000  2376558         
   5309  1822    12700.0000   444                  12200.0000  2378455         
   5316  1825    12700.0000   368                  12200.0000  2380370         
   5320  1825    12590.0000   583                  12200.0000  2381050         
   5326  1825    12200.0000   586                  12200.0000  2381999         
Elapsed time = 11908.97 sec. (3888640.81 ticks, tree = 34.98 MB, solutions = 0)
   5335  1833    12950.0000   321                  12200.0000  2383808         
   5342  1834    infeasible                        12200.0000  2384162         
   5355  1846    13200.0000   218                  12200.0000  2385536         
   5363  1850    12450.0000  1143                  12200.0000  2388767         
   5371  1856    12950.0000   386                  12200.0000  2391640         
   5388  1866    13450.0000   232                  12200.0000  2392696         
   5398  1868    12450.0000  1307                  12200.0000  2393932         
   5401  1871    12700.0000   903                  12200.0000  2395660         
   5409  1877    12700.0000   301                  12200.0000  2398287         
   5416  1880    12450.0000   464                  12200.0000  2399419         
Elapsed time = 12046.82 sec. (3930445.72 ticks, tree = 35.51 MB, solutions = 0)
   5424  1882    12200.0000   684                  12200.0000  2400768         
   5429  1887    12270.0000   564                  12200.0000  2402435         
   5435  1889    12520.0000   568                  12200.0000  2403443         
   5443  1893    12200.0000   659                  12200.0000  2404500         
   5450  1897    12450.0000   512                  12200.0000  2406262         
   5457  1899    12700.0000   486                  12200.0000  2407747         
   5467  1901    12450.0000   616                  12200.0000  2409852         
   5473  1903    12200.0000   780                  12200.0000  2412507         
   5480  1906    12200.0000   691                  12200.0000  2413764         
   5488  1908    infeasible                        12200.0000  2416586         
Elapsed time = 12169.15 sec. (3971432.58 ticks, tree = 35.79 MB, solutions = 0)
   5494  1912    12700.0000   374                  12200.0000  2421475         
   5502  1918    12950.0000   298                  12200.0000  2422308         
   5511  1923    infeasible                        12200.0000  2422872         
   5520  1924    infeasible                        12200.0000  2424820         
   5526  1929    12450.0000   474                  12200.0000  2426171         
   5535  1936    12700.0000   745                  12200.0000  2427440         
   5548  1948    12950.0000   188                  12200.0000  2428989         
   5554  1946    12200.0000   778                  12200.0000  2432541         
   5562  1946    12235.0000   725                  12200.0000  2435122         
   5567  1949    12450.0000   570                  12200.0000  2436893         
Elapsed time = 12311.63 sec. (4013445.92 ticks, tree = 36.17 MB, solutions = 0)
   5572  1954    13200.0000   495                  12200.0000  2438652         
   5578  1953    infeasible                        12200.0000  2438915         
   5582  1957    12200.0000  1136                  12200.0000  2442560         
   5585  1960    12200.0000  1279                  12200.0000  2444178         
   5589  1964    12450.0000   683                  12200.0000  2445210         
   5597  1972    12450.0000   587                  12200.0000  2445787         
   5609  1978    infeasible                        12200.0000  2447013         
   5615  1984    12950.0000   352                  12200.0000  2449195         
   5623  1988    12770.0000  1025                  12200.0000  2450606         
   5631  1992    infeasible                        12200.0000  2453203         
Elapsed time = 12385.28 sec. (4056435.28 ticks, tree = 36.56 MB, solutions = 0)
   5639  1993    infeasible                        12200.0000  2455825         
   5643  1993    12200.0000  1199                  12200.0000  2457914         
   5652  1998    infeasible                        12200.0000  2458864         
   5656  2000    12253.2797  1327                  12200.0000  2463099         
   5663  2003    infeasible                        12200.0000  2463924         
   5674  2012    14020.0000   218                  12200.0000  2464787         
   5682  2014    12235.0000   627                  12200.0000  2465169         
   5689  2017    12589.0000   541                  12200.0000  2467045         
   5697  2021    12450.0000   496                  12200.0000  2467938         
   5709  2029    13264.0000   411                  12200.0000  2469574         
Elapsed time = 12428.13 sec. (4098875.53 ticks, tree = 36.91 MB, solutions = 0)
   5716  2032    12450.0000   939                  12200.0000  2471907         
   5723  2038    13014.0000   257                  12200.0000  2472891         
   5730  2042    12450.0000   594                  12200.0000  2476985         
   5739  2047    12950.0000   373                  12200.0000  2478586         
   5747  2045    12200.0000   800                  12200.0000  2479920         
   5754  2050    13668.0000   476                  12200.0000  2481314         
   5761  2053    13918.0000   497                  12200.0000  2483733         
   5766  2051    infeasible                        12200.0000  2486856         
   5771  2054    12450.0000   658                  12200.0000  2491579         
   5780  2054    12590.0000   603                  12200.0000  2492818         
Elapsed time = 12496.64 sec. (4140009.29 ticks, tree = 37.24 MB, solutions = 0)
   5785  2052    12450.0000   605                  12200.0000  2493919         
   5791  2058    12700.0000   408                  12200.0000  2495098         
   5803  2070    13770.0000   174                  12200.0000  2496509         
   5819  2075    infeasible                        12200.0000  2498735         
   5827  2077    infeasible                        12200.0000  2501226         
   5835  2080    13270.0000   334                  12200.0000  2502310         
   5841  2082    12950.0000   934                  12200.0000  2505893         
   5854  2094    12950.0000   333                  12200.0000  2506876         
   5860  2096    12270.0000  1009                  12200.0000  2508719         
   5880  2113    infeasible                        12200.0000  2511756         
Elapsed time = 12561.91 sec. (4179896.27 ticks, tree = 37.85 MB, solutions = 0)
   5886  2113    12200.0000   822                  12200.0000  2517286         
   5892  2119    12450.0000   627                  12200.0000  2518626         
   5903  2125    12950.0000   317                  12200.0000  2520134         
   5910  2124    12450.0000   693                  12200.0000  2521821         
   5919  2133    12950.0000   359                  12200.0000  2522331         
   5930  2140    12200.0000   742                  12200.0000  2524202         
   5941  2143    infeasible                        12200.0000  2526548         
   5948  2144    12450.0000   606                  12200.0000  2527767         
   5954  2146    12450.0000   708                  12200.0000  2529426         
   5965  2147    12450.0000   679                  12200.0000  2532489         
Elapsed time = 12631.77 sec. (4221566.66 ticks, tree = 38.18 MB, solutions = 0)
   5970  2149    12700.0000   531                  12200.0000  2533393         
   5982  2154    12450.0000   645                  12200.0000  2534465         
   5991  2159    12200.0000  1282                  12200.0000  2536761         
   5994  2162    12200.0000  1160                  12200.0000  2538898         
   6000  2168    12450.0000   455                  12200.0000  2539938         
   6005  2167    infeasible                        12200.0000  2543342         
   6009  2169    12950.0000   557                  12200.0000  2548706         
   6019  2174    13450.0000   338                  12200.0000  2549537         
   6028  2179    12200.0000   507                  12200.0000  2551065         
   6036  2186    12950.0000   288                  12200.0000  2553603         
Elapsed time = 12726.28 sec. (4264448.35 ticks, tree = 38.56 MB, solutions = 0)
   6046  2191    12700.0000  1159                  12200.0000  2556132         
   6050  2195    12950.0000   356                  12200.0000  2558074         
   6056  2197    23900.0000  1192                  12200.0000  2562216         
   6065  2202    12270.0000  1225                  12200.0000  2566355         
   6071  2208    13400.0000   394                  12200.0000  2570727         
   6075  2208    12200.0000  1298                  12200.0000  2580992         
   6079  2208    infeasible                        12200.0000  2590088         
   6097  2216    infeasible                        12200.0000  2593935         
   6099  2218    12200.0000  1409                  12200.0000  2603001         
   6103  2220    12200.0000  2110                  12200.0000  2606955         
Elapsed time = 12814.18 sec. (4308956.14 ticks, tree = 38.66 MB, solutions = 0)
   6106  2223    12200.0000  1974                  12200.0000  2613312         
   6110  2225    12450.0000  1175                  12200.0000  2616937         
   6117  2228    infeasible                        12200.0000  2618668         
   6121  2232    12450.0000  1298                  12200.0000  2625969         
   6124  2235    12700.0000  1149                  12200.0000  2629135         
   6133  2244    13020.0000   469                  12200.0000  2630495         
   6147  2248    12200.0000  1335                  12200.0000  2632339         
   6150  2251    12200.0000  1256                  12200.0000  2633947         
   6161  2258    infeasible                        12200.0000  2635640         
   6171  2258    infeasible                        12200.0000  2640048         
Elapsed time = 12902.00 sec. (4352475.81 ticks, tree = 39.03 MB, solutions = 0)
   6177  2262    12450.0000   507                  12200.0000  2641141         
   6186  2269    12700.0000   364                  12200.0000  2641797         
   6198  2274    12450.0000   507                  12200.0000  2642601         
   6202  2276    infeasible                        12200.0000  2642918         
   6213  2285    13200.0000   329                  12200.0000  2643637         
   6219  2287    12520.0000  1147                  12200.0000  2646062         
   6222  2288    12520.0000  1081                  12200.0000  2648418         
   6225  2287    12450.0000   944                  12200.0000  2651199         
   6230  2292    12450.0000   651                  12200.0000  2654979         
   6240  2299    12950.0000   351                  12200.0000  2656351         
Elapsed time = 13059.13 sec. (4394675.40 ticks, tree = 39.42 MB, solutions = 0)
   6253  2307    13200.0000   239                  12200.0000  2658385         
   6274  2322    12200.0000  1434                  12200.0000  2661008         
   6280  2328    12450.0000   580                  12200.0000  2662596         
   6287  2329    12270.0000   627                  12200.0000  2664264         
   6295  2337    12950.0000   471                  12200.0000  2665517         
   6309  2347    13516.4464   430                  12200.0000  2667093         
   6324  2358    13516.4464   235                  12200.0000  2667657         
   6336  2364    12700.0000   414                  12200.0000  2669212         
   6347  2370    12700.0000   514                  12200.0000  2671112         
   6357  2375    13200.0000   494                  12200.0000  2671908         
Elapsed time = 13230.52 sec. (4436139.48 ticks, tree = 40.16 MB, solutions = 0)
   6372  2383    12450.0000   752                  12200.0000  2673698         
   6385  2388    infeasible                        12200.0000  2675294         
   6397  2391    12200.0000  1416                  12200.0000  2678451         
   6405  2399    12700.0000   477                  12200.0000  2680290         
   6415  2407    12950.0000   297                  12200.0000  2682595         
   6428  2413    24040.0000   446                  12200.0000  2685313         
   6436  2415    12770.0000  1278                  12200.0000  2689436         
   6440  2419    12950.0000   562                  12200.0000  2691115         
   6454  2427    23970.0000   379                  12200.0000  2695353         
   6464  2429    12450.0000  1146                  12200.0000  2700951         
Elapsed time = 13342.88 sec. (4478462.25 ticks, tree = 40.70 MB, solutions = 0)
   6471  2432    12450.0000   845                  12200.0000  2703627         
   6478  2437    infeasible                        12200.0000  2706419         
   6494  2443    24400.0000   293                  12200.0000  2708498         
   6501  2442    infeasible                        12200.0000  2713515         
   6505  2442    12450.0000  1937                  12200.0000  2723038         
   6510  2441    12200.0000  1142                  12200.0000  2728721         
   6514  2443    12700.0000  1041                  12200.0000  2730458         
   6518  2443    12520.0000  1125                  12200.0000  2732051         
   6520  2441    infeasible                        12200.0000  2733528         
   6523  2444    12450.0000   598                  12200.0000  2736051         
Elapsed time = 13380.19 sec. (4523523.64 ticks, tree = 40.84 MB, solutions = 0)
   6529  2446    12450.0000   563                  12200.0000  2736822         
   6537  2446    23939.3258   429                  12200.0000  2738543         
   6558  2464    25464.0000   142                  12200.0000  2739905         
   6563  2465    12520.0000   947                  12200.0000  2741306         
   6569  2468    12200.0000   656                  12200.0000  2742891         
   6576  2474    12950.0000   425                  12200.0000  2744137         
   6589  2481    12200.0000   580                  12200.0000  2744774         
   6596  2488    12950.0000   704                  12200.0000  2746135         
   6605  2495    13450.0000   446                  12200.0000  2747609         
   6613  2497    infeasible                        12200.0000  2749137         
Elapsed time = 13418.92 sec. (4564572.49 ticks, tree = 41.38 MB, solutions = 0)
   6621  2505    12700.0000   376                  12200.0000  2750671         
   6632  2510    12700.0000   476                  12200.0000  2752301         
   6643  2519    13700.0000   324                  12200.0000  2754292         
   6651  2517    12450.0000   633                  12200.0000  2756465         
   6661  2524    12950.0000   370                  12200.0000  2757685         
   6671  2531    12450.0000   465                  12200.0000  2758821         
   6680  2534    12700.0000   429                  12200.0000  2760315         
   6691  2541    12700.0000   382                  12200.0000  2761099         
   6705  2549    13450.0000   361                  12200.0000  2762722         
   6712  2548    infeasible                        12200.0000  2765578         
Elapsed time = 13478.37 sec. (4605268.17 ticks, tree = 41.85 MB, solutions = 0)
   6717  2551    12700.0000  1155                  12200.0000  2769284         
   6727  2561    13200.0000   438                  12200.0000  2771140         
   6744  2576    13444.0000   359                  12200.0000  2772942         
   6754  2581    12450.0000   761                  12200.0000  2776181         
   6761  2584    12700.0000   964                  12200.0000  2779408         
   6769  2587    12950.0000  1135                  12200.0000  2784826         
   6772  2590    12950.0000   571                  12200.0000  2786409         
   6782  2594    12200.0000   831                  12200.0000  2788174         
   6789  2601    12950.0000   351                  12200.0000  2789967         
   6799  2606    12450.0000   595                  12200.0000  2792556         
Elapsed time = 13545.31 sec. (4648567.38 ticks, tree = 42.38 MB, solutions = 0)
   6804  2609    12950.0000   451                  12200.0000  2795749         
   6822  2620    12200.0000  1033                  12200.0000  2798604         
   6826  2624    12450.0000  1292                  12200.0000  2801411         
   6840  2636    infeasible                        12200.0000  2805418         
   6847  2639    12450.0000  1137                  12200.0000  2808759         
   6851  2641    infeasible                        12200.0000  2813045         
   6854  2640    12200.0000  1656                  12200.0000  2817086         
   6857  2643    12450.0000   542                  12200.0000  2823175         
   6863  2645    12450.0000   643                  12200.0000  2825250         
   6870  2652    12450.0000   550                  12200.0000  2826484         
Elapsed time = 13607.90 sec. (4692796.70 ticks, tree = 42.82 MB, solutions = 0)
   6881  2663    13418.0000   311                  12200.0000  2827833         
   6893  2675    13450.0000   198                  12200.0000  2828656         
   6899  2681    13700.0000   166                  12200.0000  2828756         
   6916  2691    12450.0000   586                  12200.0000  2831375         
   6922  2696    12770.0000   425                  12200.0000  2832528         
   6932  2702    12950.0000   355                  12200.0000  2833096         
   6942  2707    infeasible                        12200.0000  2833613         
   6950  2712    12200.0000  1213                  12200.0000  2835234         
   6954  2714    12450.0000  1002                  12200.0000  2836630         
   6967  2725    14008.0000   251                  12200.0000  2840560         
Elapsed time = 13668.13 sec. (4733711.38 ticks, tree = 43.54 MB, solutions = 0)
   6974  2728    12200.0000  1099                  12200.0000  2845266         
   6978  2732    12450.0000   918                  12200.0000  2847358         
   6988  2738    infeasible                        12200.0000  2848518         
   6996  2742    infeasible                        12200.0000  2849783         
   7001  2743    12200.0000   709                  12200.0000  2851440         
   7011  2751    12950.0000   363                  12200.0000  2853222         
   7021  2759    13450.0000   393                  12200.0000  2853729         
   7032  2766    14200.0000   203                  12200.0000  2854212         
   7049  2772    infeasible                        12200.0000  2855510         
   7055  2772    12200.0000   729                  12200.0000  2858275         
Elapsed time = 13728.52 sec. (4774712.86 ticks, tree = 43.99 MB, solutions = 0)
   7062  2775    infeasible                        12200.0000  2859550         
   7069  2782    12450.0000   371                  12200.0000  2860844         
   7076  2787    infeasible                        12200.0000  2862233         
   7086  2793    12450.0000   552                  12200.0000  2863219         
   7099  2798    13264.0000   275                  12200.0000  2863768         
   7112  2805    12950.0000   403                  12200.0000  2865555         
   7132  2822    14418.0000   174                  12200.0000  2866524         
   7141  2827    12700.0000   477                  12200.0000  2867378         
   7150  2832    12700.0000   440                  12200.0000  2869049         
   7169  2843    infeasible                        12200.0000  2870347         
Elapsed time = 13794.57 sec. (4814508.63 ticks, tree = 44.71 MB, solutions = 0)
   7176  2850    12700.0000   305                  12200.0000  2871458         
   7187  2861    13841.0000   149                  12200.0000  2872538         
   7197  2864    12590.0000   439                  12200.0000  2874159         
   7204  2867    12700.0000   365                  12200.0000  2874742         
   7214  2873    13450.0000   177                  12200.0000  2875510         
   7221  2876    12590.0000   397                  12200.0000  2876249         
   7235  2888    13770.0000   237                  12200.0000  2876750         
   7246  2889    infeasible                        12200.0000  2878236         
   7253  2892    12450.0000  1104                  12200.0000  2880559         
   7256  2895    12450.0000  1162                  12200.0000  2882864         
Elapsed time = 13855.81 sec. (4854950.79 ticks, tree = 45.20 MB, solutions = 0)
   7259  2898    12700.0000   964                  12200.0000  2885291         
   7264  2901    infeasible                        12200.0000  2886415         
   7267  2900    12200.0000  2176                  12200.0000  2894652         
   7269  2902    12200.0000  1983                  12200.0000  2908096         
   7273  2904    infeasible                        12200.0000  2915792         
   7281  2904    12200.0000  1165                  12200.0000  2926105         
   7285  2908    12200.0000  1120                  12200.0000  2938091         
   7289  2908    infeasible                        12200.0000  2947131         
   7292  2907    infeasible                        12200.0000  2951375         
   7299  2906    infeasible                        12200.0000  2958650         
Elapsed time = 13924.54 sec. (4901794.91 ticks, tree = 45.09 MB, solutions = 0)
   7305  2910    12450.0000  1682                  12200.0000  2964247         
   7315  2906    infeasible                        12200.0000  2975270         
   7323  2905    12203.1295  1788                  12200.0000  2983008         
   7331  2907    12200.0000  1154                  12200.0000  2989085         
   7335  2909    12200.0000   895                  12200.0000  3000549         
   7341  2911    infeasible                        12200.0000  3004523         
   7346  2916    12200.0000   818                  12200.0000  3009340         
   7352  2920    23900.0000   466                  12200.0000  3013018         
   7361  2928    24540.0000   202                  12200.0000  3014766         
   7368  2930    12450.0000  1362                  12200.0000  3019732         
Elapsed time = 13992.19 sec. (4946327.10 ticks, tree = 45.31 MB, solutions = 0)
   7372  2930    12270.0000  1724                  12200.0000  3024850         
   7376  2928    12208.3726  1693                  12200.0000  3030504         
   7379  2931    12233.5479  1259                  12200.0000  3031117         
   7383  2933    infeasible                        12200.0000  3031541         
   7390  2934    12200.0000   883                  12200.0000  3035200         
   7395  2939    12200.0000   809                  12200.0000  3037610         
   7401  2944    12520.0000   507                  12200.0000  3038422         
   7408  2945    12217.2827  1523                  12200.0000  3041155         
   7415  2951    24610.0000   300                  12200.0000  3044035         
   7424  2952    infeasible                        12200.0000  3044839         
Elapsed time = 14064.22 sec. (4991247.17 ticks, tree = 45.52 MB, solutions = 0)
   7430  2955    12450.0000   535                  12200.0000  3046012         
   7439  2960    13090.0000   336                  12200.0000  3047856         
   7445  2962    12325.0000   515                  12200.0000  3049611         
   7453  2968    12700.0000   342                  12200.0000  3050657         
   7465  2976    13200.0000   236                  12200.0000  3051638         
   7485  2993    14412.0000   174                  12200.0000  3052493         
   7499  3003    12450.0000   431                  12200.0000  3053948         
   7510  3010    12700.0000   612                  12200.0000  3056316         
   7520  3015    12700.0000   506                  12200.0000  3058227         
   7531  3022    12208.3726  1654                  12200.0000  3059939         
Elapsed time = 14123.50 sec. (5031799.83 ticks, tree = 46.21 MB, solutions = 0)
   7534  3025    12450.0000   650                  12200.0000  3060890         
   7542  3027    12450.0000   637                  12200.0000  3062901         
   7550  3027    infeasible                        12200.0000  3067840         
   7555  3028    12700.0000   835                  12200.0000  3072840         
   7561  3032    infeasible                        12200.0000  3074034         
   7568  3035    12200.7684  1854                  12200.0000  3075773         
   7572  3039    24025.0000   830                  12200.0000  3078851         
   7582  3047    24525.0000   494                  12200.0000  3079316         
   7600  3059    infeasible                        12200.0000  3081185         
   7603  3060    12200.9641  1886                  12200.0000  3089833         
Elapsed time = 14187.75 sec. (5073946.58 ticks, tree = 46.58 MB, solutions = 0)
   7609  3059    12203.1295  1794                  12200.0000  3099198         
   7617  3059    12200.0000  1015                  12200.0000  3107050         
   7624  3059    12200.0000   714                  12200.0000  3116639         
   7632  3063    12200.0000   769                  12200.0000  3119369         
   7643  3072    12950.0000   426                  12200.0000  3121078         
   7653  3082    13918.0000   250                  12200.0000  3122884         
   7661  3087    12520.0000   519                  12200.0000  3123887         
   7670  3092    12700.0000   378                  12200.0000  3124883         
   7689  3105    infeasible                        12200.0000  3125869         
   7698  3107    infeasible                        12200.0000  3126991         
Elapsed time = 14246.50 sec. (5116658.26 ticks, tree = 47.07 MB, solutions = 0)
   7705  3109    12950.0000   560                  12200.0000  3130112         
   7708  3112    13200.0000   439                  12200.0000  3130903         
   7714  3114    12770.0000   386                  12200.0000  3132167         
   7719  3112    infeasible                        12200.0000  3134271         
   7721  3112    12200.0000  2117                  12200.0000  3141725         
   7723  3114    12200.0000  1338                  12200.0000  3151683         
   7726  3117    12200.0000   993                  12200.0000  3166946         
   7730  3119    12450.0000  1406                  12200.0000  3180103         
   7734  3123    12450.0000  1192                  12200.0000  3182259         
   7738  3127    12450.0000  1099                  12200.0000  3185377         
Elapsed time = 14314.09 sec. (5162790.04 ticks, tree = 47.23 MB, solutions = 0)
   7744  3129    12450.0000  1271                  12200.0000  3189480         
   7754  3139    12700.0000   464                  12200.0000  3191303         
   7763  3144    12200.0000  1269                  12200.0000  3198159         
   7766  3147    12700.0000   465                  12200.0000  3202329         
   7774  3152    12700.0000   842                  12200.0000  3203145         
   7785  3157    12200.0000  1055                  12200.0000  3208579         
   7789  3161    12450.0000   675                  12200.0000  3214589         
   7796  3168    13450.0000   396                  12200.0000  3217942         
   7804  3172    13700.0000   295                  12200.0000  3219271         
   7809  3173    12450.0000   642                  12200.0000  3225456         
Elapsed time = 14379.46 sec. (5207694.54 ticks, tree = 47.63 MB, solutions = 0)
   7819  3183    12700.0000   354                  12200.0000  3228035         
   7825  3185    infeasible                        12200.0000  3228755         
   7828  3184    12200.0000  1385                  12200.0000  3239158         
   7832  3184    12200.0000  1455                  12200.0000  3247799         
   7834  3186    12200.0000  1398                  12200.0000  3250607         
   7837  3187    12200.0000  1321                  12200.0000  3258262         
   7840  3190    12450.0000  1938                  12200.0000  3266521         
   7842  3192    12503.2797  1181                  12200.0000  3271587         
   7845  3195    12700.0000  1093                  12200.0000  3272484         
   7862  3207    13200.0000   162                  12200.0000  3274097         
Elapsed time = 14447.65 sec. (5256850.07 ticks, tree = 47.93 MB, solutions = 0)
   7878  3219    12450.0000  1320                  12200.0000  3275332         
   7882  3223    12700.0000   601                  12200.0000  3275963         
   7894  3231    infeasible                        12200.0000  3277440         
   7897  3232    12208.3726  2048                  12200.0000  3278599         
   7899  3234    12503.2797  1165                  12200.0000  3280892         
   7901  3236    12503.2797  1088                  12200.0000  3281038         
   7908  3239    12200.0000  1282                  12200.0000  3281859         
   7911  3242    12450.0000  1134                  12200.0000  3284443         
   7913  3242    infeasible                        12200.0000  3285551         
   7917  3246    12700.0000   509                  12200.0000  3286563         
Elapsed time = 14532.72 sec. (5305364.67 ticks, tree = 48.30 MB, solutions = 0)
   7932  3255    13450.0000   135                  12200.0000  3287719         
   7945  3262    12700.0000   477                  12200.0000  3288770         
   7952  3265    12950.0000   346                  12200.0000  3289829         
   7963  3275    13918.0000   218                  12200.0000  3290739         
   7967  3277    12450.0000   529                  12200.0000  3292015         
   7979  3289    13668.0000   247                  12200.0000  3293885         
   7998  3304    infeasible                        12200.0000  3294941         
   8005  3309    12450.0000   445                  12200.0000  3295822         
   8015  3312    12217.2827  1838                  12200.0000  3297747         
   8017  3312    12240.5668  1741                  12200.0000  3298728         
Elapsed time = 14569.91 sec. (5349403.92 ticks, tree = 48.96 MB, solutions = 0)
   8027  3321    25069.0000   282                  12200.0000  3301579         
   8034  3322    12520.0000  1053                  12200.0000  3303404         
   8037  3324    12700.0000   391                  12200.0000  3303835         
   8046  3331    12950.0000   305                  12200.0000  3304839         
   8053  3332    infeasible                        12200.0000  3311669         
   8059  3332    12450.0000  1170                  12200.0000  3314777         
   8064  3337    12700.0000   929                  12200.0000  3318504         
   8079  3347    12200.0000  1063                  12200.0000  3320126         
   8082  3350    12200.0000  1053                  12200.0000  3323339         
   8087  3355    12450.0000   429                  12200.0000  3324559         
Elapsed time = 14605.48 sec. (5391836.80 ticks, tree = 49.37 MB, solutions = 0)
   8093  3355    12700.0000   874                  12200.0000  3329227         
   8102  3363    13264.0000   343                  12200.0000  3330907         
   8117  3374    14552.0000   222                  12200.0000  3331799         
   8128  3379    infeasible                        12200.0000  3332323         
   8134  3381    12200.0000  1169                  12200.0000  3335821         
   8137  3384    12200.0000  1179                  12200.0000  3337339         
   8141  3388    12450.0000   420                  12200.0000  3337947         
   8148  3393    12700.0000   332                  12200.0000  3338443         
   8159  3394    12200.0000  1068                  12200.0000  3339460         
   8163  3398    12450.0000   614                  12200.0000  3342863         
Elapsed time = 14641.32 sec. (5435446.02 ticks, tree = 49.79 MB, solutions = 0)
   8174  3407    12700.0000   349                  12200.0000  3344671         
   8184  3413    12200.0000   696                  12200.0000  3347503         
   8195  3421    12450.0000   627                  12200.0000  3349990         
   8208  3432    13738.0000   324                  12200.0000  3352183         
   8220  3437    13918.0000   184                  12200.0000  3354554         
   8231  3440    12200.0000  1289                  12200.0000  3359105         
   8233  3442    12200.0000  1229                  12200.0000  3363702         
   8236  3443    12200.0000  1108                  12200.0000  3366379         
   8239  3446    12700.0000   959                  12200.0000  3367932         
   8251  3456    14194.0000   184                  12200.0000  3369093         
Elapsed time = 14680.69 sec. (5476409.71 ticks, tree = 50.33 MB, solutions = 0)
   8258  3460    12450.0000  1195                  12200.0000  3370147         
   8264  3465    13764.0000   285                  12200.0000  3371106         
   8271  3467    12325.0000   768                  12200.0000  3373172         
   8276  3472    12700.0000   571                  12200.0000  3375372         
   8288  3480    infeasible                        12200.0000  3376502         
   8291  3481    12492.0000   976                  12200.0000  3378580         
   8294  3480    12450.1766  1122                  12200.0000  3380796         
   8297  3483    12700.0000  1053                  12200.0000  3385175         
   8301  3483    23900.0000   577                  12200.0000  3386670         
   8307  3481    infeasible                        12200.0000  3389854         
Elapsed time = 14726.91 sec. (5519410.44 ticks, tree = 50.59 MB, solutions = 0)
   8312  3486    12950.0000   360                  12200.0000  3393665         
   8329  3502    13200.0000   330                  12200.0000  3394818         
   8337  3506    12207.4355  1954                  12200.0000  3399790         
   8342  3511    12270.0000   624                  12200.0000  3402288         
   8351  3518    infeasible                        12200.0000  3403257         
   8356  3517    infeasible                        12200.0000  3405823         
   8361  3518    12450.0000  1192                  12200.0000  3408413         
   8365  3522    12700.0000   520                  12200.0000  3410596         
   8370  3525    13660.0000   367                  12200.0000  3412176         
   8374  3527    12950.0000   460                  12200.0000  3413553         
Elapsed time = 14782.37 sec. (5563067.59 ticks, tree = 51.01 MB, solutions = 0)
   8383  3533    12950.0000   311                  12200.0000  3414361         
   8395  3544    13834.0000   205                  12200.0000  3414953         
   8403  3547    12520.0000   735                  12200.0000  3416690         
   8413  3555    13694.0000   423                  12200.0000  3418419         
   8420  3558    12950.0000   519                  12200.0000  3420066         
   8428  3562    12450.0000   606                  12200.0000  3421425         
   8438  3568    13694.0000   352                  12200.0000  3423400         
   8450  3573    infeasible                        12200.0000  3423797         
   8463  3577    12700.0000   616                  12200.0000  3426016         
   8468  3578    12590.0000   477                  12200.0000  3426774         
Elapsed time = 14853.28 sec. (5603522.47 ticks, tree = 51.54 MB, solutions = 0)
   8474  3578    24150.0000   324                  12200.0000  3429519         
   8499  3599    25714.0000   105                  12200.0000  3431228         
   8508  3600    infeasible                        12200.0000  3433350         
   8511  3601    12450.0000  1307                  12200.0000  3439378         
   8514  3604    12450.0000  1205                  12200.0000  3446003         
   8516  3606    12450.0000  1095                  12200.0000  3448280         
   8518  3608    12519.0000  1078                  12200.0000  3449181         
   8521  3609    12950.0000   962                  12200.0000  3451242         
   8539  3620    12450.0000  1149                  12200.0000  3455952         
   8570  3644    12450.0000   979                  12200.0000  3467445         
Elapsed time = 14944.77 sec. (5658914.15 ticks, tree = 52.19 MB, solutions = 0)
   8599  3659    12450.0000  1056                  12200.0000  3474486         
   8617  3665    12450.0000   935                  12200.0000  3488542         
   8630  3670    12200.0000  2632                  12200.0000  3520323         
   8645  3683    12450.0000   656                  12200.0000  3537759         
   8670  3702    12950.0000   499                  12200.0000  3545465         
   8692  3716    12450.0000  1377                  12200.0000  3552719         
   8732  3746    24400.0000   300                  12200.0000  3564870         
   8753  3752    23970.0000   821                  12200.0000  3587979         
   8773  3764    12450.0000  1141                  12200.0000  3603718         
   8808  3787    13770.0000   223                  12200.0000  3610346         
Elapsed time = 15175.04 sec. (5817617.06 ticks, tree = 53.28 MB, solutions = 0)
   8837  3802    12200.0000  2325                  12200.0000  3631819         
   8857  3814    infeasible                        12200.0000  3660338         
   8893  3837    23900.0000  1088                  12200.0000  3675729         
   8930  3861    12200.0000  2547                  12200.0000  3697863         
   8951  3866    infeasible                        12200.0000  3723466         
   9001  3889    infeasible                        12200.0000  3731263         
   9037  3913    23970.0000  1089                  12200.0000  3751630         
   9058  3920    12200.0000  2192                  12200.0000  3783929         
   9082  3934    12950.0000   452                  12200.0000  3798085         
   9110  3953    13450.0000   527                  12200.0000  3805090         
Elapsed time = 15412.00 sec. (5977993.99 ticks, tree = 54.86 MB, solutions = 0)
   9127  3964    12700.0000   540                  12200.0000  3811935         
   9159  3986    12950.0000   319                  12200.0000  3818387         
   9188  4002    12450.0000   524                  12200.0000  3825783         
   9209  4013    12200.0000   725                  12200.0000  3833510         
   9253  4045    14578.0000   124                  12200.0000  3838716         
   9289  4061    12950.0000   473                  12200.0000  3844800         
   9318  4080    24150.0000   927                  12200.0000  3852083         
   9366  4110    infeasible                        12200.0000  3859416         
   9385  4117    infeasible                        12200.0883  3868039         
   9426  4146    13694.0000   292                  12200.0883  3874981         
Elapsed time = 15645.85 sec. (6133557.33 ticks, tree = 56.85 MB, solutions = 0)
   9470  4177    13450.0000   268                  12200.1072  3881558         
   9511  4203    12700.0000   406                  12200.1258  3886339         
   9554  4227    12450.0000   472                  12200.4655  3891780         
   9588  4243    23900.0000   457                  12208.3726  3899226         
   9623  4263    24221.2356   435                  12209.1607  3911818         
   9669  4287    13852.0000    83                  12223.3333  3925581         
   9723  4329    14184.0000    75                  12223.3333  3928016         
   9762  4355    12450.0000  1044                  12223.3333  3932187         
   9784  4371    13200.0000   442                  12233.5479  3936802         
   9813  4386    12700.0000   368                  12233.5479  3941951         
Elapsed time = 15838.64 sec. (6288594.91 ticks, tree = 59.27 MB, solutions = 0)
   9847  4400    12305.0000   787                  12235.0000  3948251         
   9874  4411    12450.0000   530                  12235.0000  3956746         
   9914  4433    infeasible                        12235.0405  3962448         
   9948  4460    12950.0000   467                  12251.7446  3974236         
   9984  4470    24150.0000   361                  12270.0000  3984580         
  10026  4493    infeasible                        12270.0000  3991346         
  10061  4513    13020.0000   257                  12270.0000  3995541         
  10096  4529    13264.0000   277                  12270.0000  3998996         
  10138  4546    infeasible                        12270.0000  4004230         
  10168  4561    13200.0000   309                  12270.0000  4011109         
Elapsed time = 16035.00 sec. (6443011.67 ticks, tree = 60.98 MB, solutions = 0)
  10235  4605    14008.0000    92                  12270.0000  4018461         
  10281  4621    12769.0000  1016                  12270.0000  4028058         
  10313  4631    12270.0000   897                  12270.0000  4043809         
  10364  4656    infeasible                        12270.0000  4050132         
  10454  4713    12450.0000   576                  12270.0000  4060042         
  10503  4751    12950.0000   276                  12270.0000  4067730         
  10548  4773    infeasible                        12270.0000  4077284         
  10577  4776    infeasible                        12270.0000  4083758         
  10610  4795    12700.0000   356                  12270.0000  4094323         
  10646  4805    12700.0000  1065                  12270.0000  4103444         
Elapsed time = 16280.41 sec. (6598231.82 ticks, tree = 62.56 MB, solutions = 0)
  10683  4804    infeasible                        12270.0000  4114090         
  10732  4835    12700.0000   477                  12270.0000  4127939         
  10776  4863    13200.0000   277                  12270.0000  4133009         
  10827  4901    12950.0000   305                  12270.0000  4138204         
  10860  4915    12770.0000   424                  12270.0000  4141757         
  10903  4937    12450.0000   561                  12270.0000  4146877         
  10938  4953    12770.0000  1105                  12270.0000  4159798         
  10962  4961    infeasible                        12270.0000  4171303         
  10994  4980    12340.0000   484                  12270.0000  4181496         
  11018  4986    12450.2133   490                  12270.0000  4185076         
Elapsed time = 16477.79 sec. (6753267.95 ticks, tree = 64.15 MB, solutions = 0)
  11057  5004    infeasible                        12270.0000  4192871         
  11095  5027    infeasible                        12270.0000  4197198         
  11137  5058    24325.0000   279                  12270.0000  4207535         
  11171  5064    12770.0000   424                  12270.0000  4218534         
  11207  5074    24275.0000   313                  12270.0000  4225409         
  11244  5096    13450.0000   327                  12270.0000  4231712         
  11275  5106    12450.0000   597                  12270.0000  4239482         
  11295  5112    12450.0000   925                  12270.0000  4252388         
  11339  5124    infeasible                        12270.0000  4268646         
  11388  5156    13700.0000   158                  12270.0000  4278609         
Elapsed time = 16690.47 sec. (6907851.82 ticks, tree = 64.53 MB, solutions = 0)
  11424  5160    infeasible                        12270.0000  4287683         
  11453  5174    12700.0000   613                  12270.0000  4302688         
  11478  5180    12270.0000  1172                  12270.0000  4314675         
  11515  5202    12450.0000  1008                  12270.0000  4322976         
  11554  5214    12270.0000   570                  12270.0000  4331930         
  11574  5218    12700.0000  1085                  12270.0000  4339560         
  11608  5238    13020.0000   355                  12270.0000  4349169         
  11638  5254    13450.0000   390                  12270.0000  4362297         
  11676  5263    12520.0000  1929                  12270.0000  4380260         
  11698  5270    12450.0000   573                  12270.0000  4389840         
Elapsed time = 16910.37 sec. (7066510.14 ticks, tree = 64.79 MB, solutions = 0)
  11733  5297    13450.0000   196                  12270.0000  4397570         
  11760  5311    12520.0000   649                  12270.0000  4406298         
  11799  5337    12520.0000  1110                  12270.0000  4414339         
  11841  5359    12700.0000   352                  12270.0000  4419704         
  11878  5386    12840.0000   319                  12270.0000  4423804         
  11915  5409    13200.0000   452                  12270.0000  4431753         
  11956  5421    infeasible                        12305.0000  4442771         
  11997  5443    12700.0000   380                  12325.0000  4450394         
  12030  5458    12950.0000   294                  12325.0000  4457069         
  12078  5486    12770.0000   491                  12325.0000  4465024         
Elapsed time = 17098.09 sec. (7221511.45 ticks, tree = 66.88 MB, solutions = 0)
  12109  5497    13450.0000   261                  12339.0000  4474033         
  12170  5516    12444.0000   469                  12340.0000  4481138         
  12205  5521    12950.0000   350                  12340.0000  4490281         
  12239  5546    12950.0000   370                  12340.0000  4496819         
  12262  5547    infeasible                        12340.0000  4506960         
  12306  5557    12944.0000   398                  12450.0000  4518341         
  12362  5599    13742.0000   109                  12450.0000  4523005         
  12426  5642    26318.0000    64                  12450.0000  4529777         
  12473  5669    13688.0000   280                  12450.0000  4536856         
  12525  5703    14418.0000   217                  12450.0000  4542660         
Elapsed time = 17326.92 sec. (7375903.35 ticks, tree = 68.84 MB, solutions = 0)
  12591  5740    14102.0000   100                  12450.0000  4546904         
  12621  5760    13632.0000   201                  12450.0000  4553144         
  12694  5807    infeasible                        12450.0000  4558378         
  12730  5831    12700.0000   367                  12450.0000  4566547         
  12774  5859    infeasible                        12450.0000  4576437         
  12831  5889    12450.0000   558                  12450.0000  4585652         
  12888  5927    12700.0000   396                  12450.0000  4590868         
  12921  5951    14084.0000   192                  12450.0000  4595883         
  12985  5984    infeasible                        12450.0000  4599627         
  13040  6025    13944.0000    63                  12450.0000  4604402         
Elapsed time = 17568.19 sec. (7530835.14 ticks, tree = 72.06 MB, solutions = 0)
  13097  6059    infeasible                        12450.0000  4608548         
  13143  6079    12700.0000  1094                  12450.0000  4618440         
  13196  6100    infeasible                        12450.0000  4626367         
  13252  6127    13450.0000    82                  12450.0000  4633982         
  13308  6157    12450.0000   413                  12450.0000  4642565         
  13349  6185    12950.0000   168                  12450.0000  4647333         
  13406  6225    13340.0000   214                  12450.0000  4650219         
  13452  6261    13450.6850   208                  12450.0000  4659290         
  13505  6294    12700.0000   333                  12450.0000  4673019         
  13548  6322    13200.0000   152                  12450.0000  4679671         
Elapsed time = 17755.82 sec. (7686874.78 ticks, tree = 74.59 MB, solutions = 0)
  13585  6342    12700.0000   419                  12450.0000  4685678         
  13621  6361    12700.0000   303                  12450.0000  4692024         
  13671  6391    12450.0000   476                  12450.0000  4697187         
  13711  6417    12770.0000   366                  12450.0000  4703200         
  13776  6451    12700.0000   493                  12450.0000  4707510         
  13810  6469    infeasible                        12450.0000  4714578         
  13840  6477    infeasible                        12450.0000  4723836         
  13886  6509    13450.0000   232                  12450.0000  4729026         
  13924  6533    12950.0000   356                  12450.0000  4739915         
  13967  6552    infeasible                        12450.0000  4745853         
Elapsed time = 18015.34 sec. (7842820.09 ticks, tree = 76.91 MB, solutions = 0)
  13994  6561    13200.0000   217                  12450.0000  4753958         
  14026  6584    24902.4464   159                  12450.0000  4763390         
  14059  6607    13200.0000   291                  12450.0000  4774343         
  14084  6614    infeasible                        12450.0000  4781573         
  14125  6639    12950.0000   355                  12450.0000  4788049         
  14176  6670    12950.0000   308                  12450.0000  4793395         
  14220  6700    13450.0000   254                  12450.0000  4798456         
  14273  6739    13918.0000   184                  12450.0000  4803576         
  14338  6780    12700.0000   317                  12450.0000  4808087         
  14380  6799    12450.0000  1140                  12450.0000  4817415         
Elapsed time = 18223.39 sec. (7997846.07 ticks, tree = 79.35 MB, solutions = 0)
  14438  6836    13200.0000   275                  12450.0000  4823199         
  14478  6863    12950.0000   360                  12450.0000  4826687         
  14507  6872    12450.0000   355                  12450.0000  4832974         
  14548  6896    12700.0000   482                  12450.0000  4838537         
  14585  6925    13764.0000   151                  12450.0000  4843553         
  14628  6945    12700.0000   805                  12450.0000  4851931         
  14701  6992    12950.0000   442                  12450.0000  4859492         
  14756  7034    15050.0000    38                  12450.0000  4865500         
  14827  7075    infeasible                        12450.0000  4870529         
  14887  7111    13090.0000   336                  12450.0000  4875368         
Elapsed time = 18398.29 sec. (8153170.43 ticks, tree = 82.46 MB, solutions = 0)
  14930  7134    infeasible                        12450.0000  4882175         
  14994  7167    12700.0000   359                  12450.0000  4888701         
  15049  7192    13578.0000   218                  12450.0000  4894422         
  15106  7236    13556.0000   151                  12450.0000  4900802         
  15148  7255    12700.0000   377                  12450.0000  4906386         
  15210  7289    12700.0000   319                  12450.0000  4910492         
  15255  7315    infeasible                        12450.0000  4915728         
  15293  7327    12950.0000   513                  12450.0000  4922109         
  15343  7359    12700.0000   369                  12450.0000  4930001         
  15388  7383    12950.0000   466                  12450.0000  4934989         
Elapsed time = 18898.23 sec. (8308536.11 ticks, tree = 84.54 MB, solutions = 0)
  15430  7405    12950.0000   289                  12450.0000  4941379         
  15484  7430    13200.0000   180                  12450.0000  4947445         
  15527  7455    13450.0000   224                  12450.0000  4953140         
  15586  7489    infeasible                        12450.0000  4958107         
  15644  7518    13450.0000   186                  12450.0000  4962217         
  15694  7552    infeasible                        12450.0000  4966592         
  15740  7578    infeasible                        12450.0000  4976028         
  15801  7625    12950.0000   344                  12450.0000  4981413         
  15840  7651    infeasible                        12450.0000  4986849         
  15890  7680    13700.0000   154                  12450.0000  4992603         
Elapsed time = 19399.10 sec. (8463167.65 ticks, tree = 87.55 MB, solutions = 0)
  15940  7709    12700.0000   428                  12450.0000  4999693         
  15990  7745    14502.0000    56                  12450.0000  5003933         
  16059  7792    12950.0000   326                  12450.0000  5008873         
  16113  7820    12500.2700   943                  12450.0000  5012770         
  16169  7857    12950.0000   158                  12450.0000  5017077         
  16238  7912    12700.0000   404                  12450.0000  5023083         
  16278  7942    14194.0000   128                  12450.0000  5028497         
  16346  7987    12950.0000   225                  12450.0000  5033861         
  16380  8009    12573.8620  1004                  12450.0000  5038886         
  16429  8046    12950.0000   274                  12450.0000  5044549         
Elapsed time = 19843.13 sec. (8619251.94 ticks, tree = 91.23 MB, solutions = 0)
  16486  8076    12568.0000  1050                  12450.0000  5053343         
  16541  8104    infeasible                        12450.0000  5062408         
  16577  8122    13270.0000   285                  12450.0000  5070163         
  16620  8146    12770.0000   443                  12450.0000  5076003         
  16673  8181    infeasible                        12450.0000  5081257         
  16719  8206    12573.8620   778                  12450.0000  5084865         
  16770  8236    infeasible                        12450.0000  5090496         
  16826  8275    12950.0000   266                  12450.0000  5100873         
  16879  8298    24150.0000   388                  12450.0000  5109753         
  16948  8343    12700.0000   659                  12450.0000  5115837         
Elapsed time = 20302.20 sec. (8775428.44 ticks, tree = 94.35 MB, solutions = 0)
  17009  8383    infeasible                        12450.0000  5121933         
  17062  8416    infeasible                        12450.0000  5130066         
  17107  8438    infeasible                        12450.0000  5135182         
  17172  8478    12700.0000   385                  12450.0000  5141057         
  17220  8510    12950.0000   306                  12450.0000  5151712         
  17283  8553    13450.0000   140                  12450.0000  5156984         
  17342  8598    12950.0000   332                  12450.0000  5166184         
  17393  8635    infeasible                        12450.0000  5174864         
  17438  8666    13200.0000   274                  12450.0000  5182373         
  17490  8696    infeasible                        12450.0000  5189401         
Elapsed time = 20793.92 sec. (8930108.52 ticks, tree = 97.92 MB, solutions = 0)
  17537  8728    13700.0000   333                  12450.0000  5197238         
  17582  8756    12700.0000   486                  12450.0000  5207111         
  17645  8808    13766.4464   117                  12450.0000  5212132         
  17708  8846    13700.4369   124                  12450.0000  5216437         
  17754  8875    13450.0000   265                  12450.0000  5223377         
  17809  8902    infeasible                        12450.0000  5229997         
  17863  8937    13450.0000   786                  12450.0000  5236691         
  17891  8949    13450.0000   237                  12450.0000  5246660         
  17931  8977    12950.0000   383                  12450.0000  5251712         
  17973  9004    12950.0000   319                  12450.0000  5256687         
Elapsed time = 21294.16 sec. (9084513.84 ticks, tree = 101.00 MB, solutions = 0)
  18013  9030    12950.0000   272                  12450.0000  5263750         
  18091  9086    13450.0000   137                  12450.0000  5267163         
  18146  9114    infeasible                        12450.0000  5273591         
  18182  9130    12700.0000   370                  12450.0000  5278377         
  18230  9157    12700.0000   451                  12450.0000  5285497         
  18280  9187    12700.0000   395                  12450.0000  5292719         
  18333  9224    12950.0000   383                  12450.0000  5300764         
  18381  9252    12700.0000   415                  12450.0000  5307044         
  18463  9302    12450.0000   557                  12450.0000  5310507         
  18507  9324    12520.0000   475                  12450.0000  5315889         
Elapsed time = 21780.60 sec. (9239422.09 ticks, tree = 104.26 MB, solutions = 0)
  18558  9358    12950.0000   298                  12450.0000  5323707         
  18606  9393    12950.0000   223                  12450.0000  5330486         
  18673  9438    13450.6850   130                  12450.0000  5334820         
  18721  9472    infeasible                        12450.0000  5341645         
  18774  9513    12700.0000   227                  12450.0000  5346882         
  18843  9570    12950.0000   467                  12450.0000  5351631         
  18885  9596    13700.0000   177                  12450.0000  5358164         
  18948  9629    14008.0000   148                  12450.0000  5366862         
  19004  9665    13450.0000   169                  12450.0000  5371359         
  19066  9709    14514.0000    57                  12450.0000  5377462         
Elapsed time = 22148.46 sec. (9393778.32 ticks, tree = 108.16 MB, solutions = 0)
  19125  9740    14200.4369   255                  12450.0000  5387061         
  19163  9763    12950.0000   430                  12450.0000  5395193         
  19204  9794    12450.0000  1102                  12450.0000  5398884         
  19242  9826    12700.0000   422                  12450.0000  5406356         
  19289  9858    12700.0000   382                  12450.0000  5409948         
  19356  9895    12700.0000   465                  12450.0000  5413647         
  19408  9935    13200.0000   174                  12450.0000  5416481         
  19457  9968    12700.0000   724                  12450.0000  5421520         
  19487  9990    infeasible                        12450.0000  5428796         
  19540 10025    12950.0000   346                  12450.0000  5435321         
Elapsed time = 22392.03 sec. (9547796.63 ticks, tree = 111.31 MB, solutions = 0)
  19570 10034    infeasible                        12450.0000  5441635         
  19614 10058    13450.0000   252                  12450.0000  5449344         
  19654 10077    13450.0000   276                  12450.0000  5459059         
  19708 10112    12700.0000   539                  12450.0000  5467305         
  19770 10153    12950.0000   539                  12450.0000  5475714         
  19815 10179    12450.0000   448                  12450.0000  5485963         
  19864 10214    12944.0000   285                  12450.0000  5492593         
  19922 10247    12950.0000   349                  12450.0000  5501298         
  19978 10283    13200.0000   207                  12450.0000  5510406         
  20038 10315    infeasible                        12450.0000  5517299         
Elapsed time = 22651.44 sec. (9703173.53 ticks, tree = 114.25 MB, solutions = 0)
  20090 10347    12950.0000   484                  12450.0000  5522652         
  20144 10381    13450.0000   226                  12450.0000  5528244         
  20198 10415    13918.0000   122                  12450.0000  5533016         
  20242 10443    12700.0000   496                  12450.0000  5541850         
  20303 10484    12950.0000   288                  12450.0000  5549237         
  20353 10516    12700.0000   324                  12450.0000  5555046         
  20419 10560    13200.0000   386                  12450.0000  5560318         
  20509 10625    13200.0000   266                  12450.0000  5567518         
  20565 10659    infeasible                        12450.0000  5573750         
  20634 10696    12450.0000   697                  12450.0000  5584052         
Elapsed time = 22899.13 sec. (9857811.35 ticks, tree = 118.11 MB, solutions = 0)
  20683 10731    14418.0000   156                  12450.0000  5593065         
  20725 10755    14418.0000   243                  12450.0000  5599267         
  20778 10789    12700.0000   666                  12450.0000  5606707         
  20833 10824    13450.0000   405                  12450.0000  5613659         
  20890 10852    12700.0000   436                  12450.0000  5622490         
  20959 10895    12450.0000  1136                  12450.0000  5629310         
  20998 10913    13450.0000   283                  12450.0000  5638527         
  21060 10951    infeasible                        12450.0000  5646756         
  21107 10969    12450.0000  1154                  12450.0000  5653670         
  21150 10995    12700.0000   317                  12450.0000  5658749         
Elapsed time = 23148.59 sec. (10013171.77 ticks, tree = 121.14 MB, solutions = 0)
  21193 11010    infeasible                        12450.0000  5663620         
  21280 11070    24470.0000   256                  12450.0000  5668235         
  21332 11100    13200.0000   375                  12450.0000  5675918         
  21384 11135    13200.0000   338                  12450.0000  5679919         
  21431 11164    12450.0000   664                  12450.0000  5690350         
  21462 11183    13200.0000   173                  12450.0000  5699051         
  21493 11191    infeasible                        12450.0000  5706178         
  21538 11206    infeasible                        12450.0000  5714976         
  21586 11231    12450.0000   996                  12450.0000  5722608         
  21627 11261    13764.0000   139                  12450.0000  5730021         
Elapsed time = 23353.79 sec. (10169931.70 ticks, tree = 123.86 MB, solutions = 0)
  21693 11303    13450.0000   194                  12450.0000  5732686         
  21760 11349    14264.0000    58                  12450.0000  5737701         
  21814 11375    12450.0000   385                  12450.0000  5743712         
  21865 11408    infeasible                        12450.0000  5750442         
  21908 11423    infeasible                        12450.0000  5758053         
  21947 11444    12700.0000   346                  12450.0000  5769087         
  21988 11466    12700.0000   328                  12450.0000  5776946         
  22018 11483    12950.0000   218                  12450.0000  5784814         
  22113 11536    12950.0000   412                  12450.0000  5794803         
  22153 11561    12950.0000   296                  12450.0000  5800841         
Elapsed time = 23605.28 sec. (10325789.00 ticks, tree = 126.93 MB, solutions = 0)
  22195 11581    12700.0000   398                  12450.0000  5807681         
  22234 11596    12950.0000   329                  12450.0000  5812579         
  22278 11625    12950.0000   235                  12450.0000  5817406         
  22318 11648    13452.4464   200                  12450.0000  5823370         
  22361 11664    13270.0000   168                  12450.0000  5831055         
  22416 11692    12450.0000   501                  12450.0000  5839208         
  22504 11766    14404.0000    93                  12450.0000  5845757         
  22566 11803    12450.0000   411                  12450.0000  5850968         
  22607 11813    12450.0000   561                  12450.0000  5856416         
  22656 11846    12950.0000   272                  12450.0000  5861182         
Elapsed time = 23833.70 sec. (10480848.09 ticks, tree = 129.86 MB, solutions = 0)
  22702 11878    12700.0000   318                  12450.0000  5867453         
  22778 11927    12950.0000   358                  12450.0000  5871758         
  22840 11967    13450.0000   119                  12450.0000  5877551         
  22907 12015    13950.4369   149                  12450.0000  5883591         
  22970 12054    12950.0000   189                  12450.0000  5890145         
  23033 12093    infeasible                        12450.0000  5895896         
  23078 12124    12450.0000   490                  12450.0000  5905423         
  23135 12158    12700.0000   564                  12450.0000  5914448         
  23160 12171    13200.0000   357                  12450.0000  5925507         
  23195 12195    13764.0000   117                  12450.0000  5932362         
Elapsed time = 24056.22 sec. (10635157.93 ticks, tree = 133.41 MB, solutions = 0)
  23263 12245    13200.0000   222                  12450.0000  5934885         
  23324 12279    13200.0000   209                  12450.0000  5939859         
  23386 12310    12450.0000   443                  12450.0000  5944825         
  23462 12367    13450.0000   198                  12450.0000  5949879         
  23544 12420    12950.0000   266                  12450.0000  5955069         
  23621 12471    13200.0000   368                  12450.0000  5962124         
  23671 12502    12950.0000   353                  12450.0000  5969575         
  23730 12545    14014.0000    96                  12450.0000  5974445         
  23809 12594    13270.4369   311                  12450.0000  5979303         
  23870 12636    12950.0000   259                  12450.0000  5983910         
Elapsed time = 24311.98 sec. (10788951.26 ticks, tree = 137.92 MB, solutions = 0)
  23946 12690    15096.4369    69                  12450.0000  5988040         
  24003 12733    12950.0000   244                  12450.0000  5991995         
  24068 12766    infeasible                        12450.0000  5995108         
  24111 12785    13764.0000    89                  12450.0000  5998939         
  24189 12833    infeasible                        12450.0000  6005434         
  24267 12892    15096.0000    58                  12450.0000  6010376         
  24363 12927    12700.0000  1128                  12450.0000  6019149         
  24387 12942    13200.0000   390                  12450.0000  6028653         
  24448 12981    infeasible                        12450.0000  6038207         
  24500 13015    13950.0000   166                  12450.0000  6042718         
Elapsed time = 24511.12 sec. (10943774.71 ticks, tree = 141.82 MB, solutions = 0)
  24539 13040    12950.0000   493                  12450.0000  6053091         
  24589 13074    12700.0000   501                  12450.0000  6062097         
  24664 13120    12950.0000   257                  12450.0000  6069872         
  24708 13143    13270.0000   386                  12450.0000  6078737         
  24775 13176    12700.0000   334                  12450.0000  6087258         
  24846 13220    13200.0000   427                  12450.0000  6095844         
  24892 13252    12950.0000   421                  12450.0000  6101656         
  24988 13309    12700.0000   306                  12450.0000  6104915         
  25071 13367    14488.4369    78                  12450.0000  6107915         
  25131 13404    13700.0000   260                  12450.0000  6117129         
Elapsed time = 24767.71 sec. (11098226.96 ticks, tree = 145.82 MB, solutions = 0)
  25186 13432    12700.0000   421                  12450.0000  6123075         
  25249 13480    13200.0000   379                  12450.0000  6127875         
  25301 13513    13450.0000    72                  12450.0000  6131879         
  25393 13579    24435.0000   361                  12450.0000  6136069         
  25468 13629    13200.0000   348                  12450.0000  6143493         
  25531 13674    13200.0000   299                  12450.0000  6151425         
  25584 13703    12700.0000   517                  12450.0000  6158707         
  25628 13730    infeasible                        12450.0000  6165205         
  25690 13770    13694.0000   129                  12450.0000  6170259         
  25733 13795    12950.0000   553                  12450.0000  6180749         
Elapsed time = 25006.07 sec. (11253101.22 ticks, tree = 149.85 MB, solutions = 0)
  25786 13825    12450.0000   694                  12450.0000  6190195         
  25826 13855    12700.0000   417                  12450.0000  6195481         
  25868 13881    13200.0000   184                  12450.0000  6198929         
  25922 13901    infeasible                        12450.0000  6205419         
  25973 13929    12950.0000   373                  12450.0000  6211840         
  26026 13960    13200.0000  1128                  12450.0000  6219516         
  26062 13976    12700.0000   526                  12450.0000  6229872         
  26116 14020    14846.0000    21                  12450.0000  6236223         
  26168 14051    12700.0000   769                  12450.0000  6244624         
  26217 14084    14352.0000   107                  12450.0000  6251525         
Elapsed time = 25218.66 sec. (11407960.38 ticks, tree = 152.85 MB, solutions = 0)
  26310 14145    14008.0000    91                  12450.0000  6257869         
* 26348+12906                        16153.0000    12450.0000            22.92%
  26387 12925    12700.0000   252    16153.0000    12450.0000  6262353   22.92%
  26450 12965    14200.0000   143    16153.0000    12450.0000  6267658   22.92%
  26493 12991    12700.0000   439    16153.0000    12450.0000  6276515   22.92%
  26535 13008    12450.0000   360    16153.0000    12450.0000  6282401   22.92%
  26592 13032    12700.0000   486    16153.0000    12450.0000  6288483   22.92%
  26653 13070    infeasible          16153.0000    12450.0000  6294847   22.92%
  26707 13102    13020.0000   367    16153.0000    12450.0000  6300972   22.92%
  26763 13131    12950.0000   390    16153.0000    12450.0000  6307689   22.92%
  26803 13160    infeasible          16153.0000    12450.0000  6313146   22.92%
Elapsed time = 25512.16 sec. (11562990.04 ticks, tree = 132.41 MB, solutions = 1)
  26846 13190    14200.0000   170    16153.0000    12450.0000  6319969   22.92%
  26892 13216    12950.0000   488    16153.0000    12450.0000  6328348   22.92%
  26929 13239    13194.0000   377    16153.0000    12450.0000  6337820   22.92%
  26972 13267    13700.0000   177    16153.0000    12450.0000  6344438   22.92%
  27021 13297    13700.0000   302    16153.0000    12450.0000  6351144   22.92%
  27076 13332    14960.0000   103    16153.0000    12450.0000  6358843   22.92%
  27148 13377    13450.6850   114    16153.0000    12450.0000  6364124   22.92%
  27196 13401    infeasible          16153.0000    12450.0000  6370467   22.92%
  27264 13442    12950.0000   173    16153.0000    12450.0000  6376863   22.92%
  27315 13472    12952.4464   291    16153.0000    12450.0000  6383825   22.92%
Elapsed time = 25748.27 sec. (11717303.13 ticks, tree = 135.65 MB, solutions = 1)
  27384 13511    12950.0000   251    16153.0000    12450.0000  6390103   22.92%
  27449 13553    12450.0000   540    16153.0000    12450.0000  6395988   22.92%
  27496 13586    12700.0000   583    16153.0000    12450.0000  6403822   22.92%
  27546 13621    12700.0000   470    16153.0000    12450.0000  6410787   22.92%
  27592 13655    12700.0000   751    16153.0000    12450.0000  6418024   22.92%
  27632 13679    12450.0000   311    16153.0000    12450.0000  6426382   22.92%
  27672 13700    infeasible          16153.0000    12450.0000  6432052   22.92%
  27704 13714    13200.0000   242    16153.0000    12450.0000  6435387   22.92%
  27747 13737    12450.0000   572    16153.0000    12450.0000  6440907   22.92%
  27798 13757    12450.0000   460    16153.0000    12450.0000  6446181   22.92%
Elapsed time = 26384.16 sec. (11872728.62 ticks, tree = 138.57 MB, solutions = 1)
* 27829 13784      integral     0    16146.0000    12450.0000  6447614   22.89%
  27890 13816    12950.0000   514    16146.0000    12450.0000  6454479   22.89%
  27924 13830    13668.0000   513    16146.0000    12450.0000  6466609   22.89%
  27970 13861    13020.0000   282    16146.0000    12450.0000  6470816   22.89%
  28011 13889    14168.0000   169    16146.0000    12450.0000  6475242   22.89%
  28049 13912    12950.0000   424    16146.0000    12450.0000  6480136   22.89%
  28103 13950    infeasible          16146.0000    12450.0000  6486476   22.89%
  28147 13980    12950.0000   214    16146.0000    12450.0000  6492525   22.89%
  28202 14013    12950.0000   172    16146.0000    12450.0000  6497262   22.89%
  28258 14045    13694.0000    96    16146.0000    12450.0000  6506680   22.89%
Elapsed time = 26691.68 sec. (12016897.34 ticks, tree = 141.35 MB, solutions = 2)
  28300 14057    infeasible          16146.0000    12450.0000  6516035   22.89%
  28346 14079    13200.0000   363    16146.0000    12450.0000  6522733   22.89%
  28398 14099    12950.0000   317    16146.0000    12450.0000  6530426   22.89%
  28445 14129    13700.0000    84    16146.0000    12450.0000  6535301   22.89%
  28511 14160    12700.0000   333    16146.0000    12450.0000  6543786   22.89%
  28555 14190    13840.0000   101    16146.0000    12450.0000  6548717   22.89%
  28596 14211    12700.0000   879    16146.0000    12450.0000  6559794   22.89%
  28626 14231    13200.0000   192    16146.0000    12450.0000  6564995   22.89%
  28674 14258    infeasible          16146.0000    12450.0000  6570164   22.89%
  28711 14273    infeasible          16146.0000    12450.0000  6575348   22.89%
Elapsed time = 27000.70 sec. (12171948.58 ticks, tree = 143.29 MB, solutions = 2)
  28770 14298    infeasible          16146.0000    12450.0000  6580247   22.89%
  28812 14316    12700.0000   573    16146.0000    12450.0000  6586791   22.89%
  28863 14347    14194.0000   122    16146.0000    12450.0000  6594385   22.89%
  28907 14370    infeasible          16146.0000    12450.0000  6600759   22.89%
  28947 14387    12450.0000   660    16146.0000    12450.0000  6609642   22.89%
* 28988+14409                        16036.0000    12450.0000            22.36%
* 28988+14397                        15862.0000    12450.0000            21.51%
  29010 14411    13450.0000   381    15862.0000    12450.0000  6616808   21.51%
  29059 14439    12450.0000   785    15862.0000    12450.0000  6625269   21.51%
  29124 14477    13200.0000   142    15862.0000    12450.0000  6632589   21.51%
  29173 14511    13450.0000   165    15862.0000    12450.0000  6637621   21.51%
  29234 14548    12450.0000   650    15862.0000    12450.0000  6641405   21.51%
Elapsed time = 27647.61 sec. (12326447.90 ticks, tree = 146.14 MB, solutions = 4)
  29268 14571    infeasible          15862.0000    12450.0000  6647210   21.51%
  29318 14600    14752.0000    70    15862.0000    12450.0000  6653790   21.51%
  29384 14645    13200.0000   263    15862.0000    12450.0000  6660973   21.51%
  29451 14688    12700.0000   492    15862.0000    12450.0000  6664431   21.51%
  29497 14718    12950.0000   188    15862.0000    12450.0000  6668018   21.51%
  29555 14753    12700.0000   473    15862.0000    12450.0000  6671855   21.51%
  29606 14781    12944.0000   450    15862.0000    12450.0000  6675515   21.51%
  29667 14817    12450.0000   337    15862.0000    12450.0000  6679713   21.51%
  29717 14851    13700.0000   147    15862.0000    12450.0000  6683401   21.51%
  29770 14883    infeasible          15862.0000    12450.0000  6686921   21.51%
Elapsed time = 28313.97 sec. (12482174.14 ticks, tree = 149.62 MB, solutions = 4)
  29824 14909    13700.0000   158    15862.0000    12450.0000  6693235   21.51%
  29873 14931    12950.0000   384    15862.0000    12450.0000  6700335   21.51%
  29921 14956    13270.0000   167    15862.0000    12450.0000  6704079   21.51%
  29963 14978    infeasible          15862.0000    12450.0000  6708662   21.51%
  30001 15000    12700.0000   558    15862.0000    12450.0000  6713932   21.51%
  30038 15021    13200.0000   344    15862.0000    12450.0000  6717051   21.51%
  30082 15032    12950.0000   415    15862.0000    12450.0000  6727254   21.51%
  30130 15059    12700.0000   408    15862.0000    12450.0000  6734403   21.51%
  30173 15066    12450.0000   430    15862.0000    12450.0000  6745155   21.51%
  30216 15089    13020.0000   209    15862.0000    12450.0000  6748803   21.51%
Elapsed time = 28974.88 sec. (12637138.27 ticks, tree = 151.76 MB, solutions = 4)
  30259 15109    13450.0000   269    15862.0000    12450.0000  6753005   21.51%
  30291 15118    12950.0000   442    15862.0000    12450.0000  6765205   21.51%
  30342 15147    12950.0000   217    15862.0000    12450.0000  6770537   21.51%
  30403 15188    infeasible          15862.0000    12450.0000  6775621   21.51%
  30461 15215    13450.0000   209    15862.0000    12450.0000  6780047   21.51%
  30516 15245    12950.0000   424    15862.0000    12450.0000  6784959   21.51%
  30587 15289    14014.0000    98    15862.0000    12450.0000  6790308   21.51%
  30662 15335    12450.0000   702    15862.0000    12450.0000  6797851   21.51%
  30689 15350    12700.1854   434    15862.0000    12450.0000  6804174   21.51%
  30730 15378    12950.0000   478    15862.0000    12450.0000  6810272   21.51%
Elapsed time = 29518.59 sec. (12791950.04 ticks, tree = 154.75 MB, solutions = 4)
  30766 15400    12700.0000   461    15862.0000    12450.0000  6813832   21.51%
  30802 15427    13520.0000   201    15862.0000    12450.0000  6820090   21.51%
  30852 15445    13450.0000   185    15862.0000    12450.0000  6828332   21.51%
  30899 15465    13700.0000   124    15862.0000    12450.0000  6835791   21.51%
  30951 15490    12450.0000   361    15862.0000    12450.0000  6841264   21.51%
  30992 15519    12770.0000   374    15862.0000    12450.0000  6846901   21.51%
  31036 15543    infeasible          15862.0000    12450.0000  6855611   21.51%
  31073 15550    infeasible          15862.0000    12450.0000  6868380   21.51%
  31109 15572    13200.0000   183    15862.0000    12450.0000  6878553   21.51%
  31170 15609    12950.0000   279    15862.0000    12450.0000  6882977   21.51%
Elapsed time = 30135.23 sec. (12946969.73 ticks, tree = 157.18 MB, solutions = 4)
  31230 15642    14194.0000   110    15862.0000    12450.0000  6890501   21.51%
  31269 15664    13450.0000   249    15862.0000    12450.0000  6896812   21.51%
  31309 15682    13200.0000   212    15862.0000    12450.0000  6901118   21.51%
  31358 15713    12700.0000   619    15862.0000    12450.0000  6908439   21.51%
  31408 15748    13200.0000   399    15862.0000    12450.0000  6914115   21.51%
  31452 15779    13450.0000   180    15862.0000    12450.0000  6918327   21.51%
  31498 15809    12950.0000   383    15862.0000    12450.0000  6923203   21.51%
  31536 15831    infeasible          15862.0000    12450.0000  6928701   21.51%
  31591 15851    12450.0000   468    15862.0000    12450.0000  6935386   21.51%
  31635 15872    12700.0000   391    15862.0000    12450.0000  6942706   21.51%
Elapsed time = 30476.75 sec. (13102499.08 ticks, tree = 159.88 MB, solutions = 4)
  31679 15895    14194.0000    65    15862.0000    12450.0000  6948927   21.51%
  31733 15921    12950.0000   386    15862.0000    12450.0000  6956110   21.51%
  31774 15948    13950.0000   179    15862.0000    12450.0000  6965016   21.51%
  31836 15975    12700.0000   370    15862.0000    12450.0000  6972800   21.51%
  31886 16004    13450.0000   154    15862.0000    12450.0000  6978901   21.51%
  31948 16032    infeasible          15862.0000    12450.0000  6985329   21.51%
  31996 16051    12950.0000   286    15862.0000    12450.0000  6990955   21.51%
  32039 16074    13200.0000   403    15862.0000    12450.0000  6997420   21.51%
  32078 16081    12700.0000   698    15862.0000    12450.0000  7004684   21.51%
  32115 16104    14014.0000   118    15862.0000    12450.0000  7015371   21.51%
Elapsed time = 30886.40 sec. (13256383.32 ticks, tree = 162.32 MB, solutions = 4)
  32194 16147    infeasible          15862.0000    12450.0000  7020280   21.51%
  32221 16152    12450.0000   441    15862.0000    12450.0000  7026073   21.51%
  32261 16168    infeasible          15862.0000    12450.0000  7037296   21.51%
  32307 16198    14398.0000    90    15862.0000    12450.0000  7041549   21.51%
  32365 16224    14020.0000   112    15862.0000    12450.0000  7045291   21.51%
  32411 16244    12950.0000   327    15862.0000    12450.0000  7052200   21.51%
  32458 16271    12700.0000   574    15862.0000    12450.0000  7058368   21.51%
  32516 16306    12450.0000   484    15862.0000    12450.0000  7065224   21.51%
  32557 16332    infeasible          15862.0000    12450.0000  7072903   21.51%
  32615 16366    12700.0000   485    15862.0000    12450.0000  7077988   21.51%
Elapsed time = 31564.25 sec. (13411461.76 ticks, tree = 165.08 MB, solutions = 4)
  32663 16387    12700.0000   380    15862.0000    12450.0000  7085163   21.51%
  32740 16442    14352.0000    49    15862.0000    12450.0000  7092396   21.51%
  32815 16487    13200.0000   143    15862.0000    12450.0000  7097812   21.51%
  32873 16522    14258.0000   121    15862.0000    12450.0000  7101567   21.51%
  32925 16554    12950.0000   287    15862.0000    12450.0000  7109153   21.51%
  32982 16593    13700.0000   141    15862.0000    12450.0000  7115180   21.51%
  33036 16614    12700.0000   386    15862.0000    12450.0000  7124171   21.51%
  33081 16642    12700.0000   414    15862.0000    12450.0000  7129987   21.51%
  33137 16672    infeasible          15862.0000    12450.0000  7134544   21.51%
  33194 16702    12450.0000   875    15862.0000    12450.0000  7141068   21.51%
Elapsed time = 32088.31 sec. (13565368.60 ticks, tree = 169.29 MB, solutions = 4)
  33226 16724    13450.0000   246    15862.0000    12450.0000  7146718   21.51%
  33285 16766    infeasible          15862.0000    12450.0000  7154188   21.51%
  33323 16790    12450.0000   738    15862.0000    12450.0000  7169948   21.51%
  33373 16824    infeasible          15862.0000    12450.0000  7174863   21.51%
  33421 16858    12700.0000   451    15862.0000    12450.0000  7181723   21.51%
  33485 16896    13200.0000   314    15862.0000    12450.0000  7185747   21.51%
  33530 16921    12700.0000   423    15862.0000    12450.0000  7191331   21.51%
  33567 16948    13200.0000   308    15862.0000    12450.0000  7205695   21.51%
  33627 16986    14020.0000   127    15862.0000    12450.0000  7209547   21.51%
  33664 17007    13020.0000   401    15862.0000    12450.0000  7213357   21.51%
Elapsed time = 32408.91 sec. (13720439.45 ticks, tree = 172.20 MB, solutions = 4)
  33707 17026    12450.0000   703    15862.0000    12450.0000  7219982   21.51%
  33762 17064    12700.0000   590    15862.0000    12450.0000  7224380   21.51%
  33823 17100    13020.0000   240    15862.0000    12450.0000  7228121   21.51%
  33866 17123    infeasible          15862.0000    12450.0000  7233517   21.51%
  33925 17168    12700.0000   565    15862.0000    12450.0000  7237010   21.51%
  33975 17205    12700.0000   943    15862.0000    12450.0000  7244101   21.51%
* 33988+17186                        15700.0000    12450.0000            20.70%
* 33988+17182                        15658.0000    12450.0000            20.49%
  34015 17198    12450.0000   767    15658.0000    12450.0000  7249569   20.49%
  34051 17224    13200.0000   346    15658.0000    12450.0000  7253915   20.49%
  34090 17252    13992.6850   128    15658.0000    12450.0000  7257058   20.49%
  34144 17282    13200.0000   324    15658.0000    12450.0000  7261208   20.49%
Elapsed time = 32725.23 sec. (13876268.63 ticks, tree = 174.99 MB, solutions = 6)
  34173 17301    13450.0000   242    15658.0000    12450.0000  7265580   20.49%
* 34236 17273      integral     0    15430.0000    12450.0000  7269272   19.31%
  34267 17292    12450.1298   471    15430.0000    12450.0000  7272655   19.31%
  34309 17316    infeasible          15430.0000    12450.0000  7276936   19.31%
  34338 17335    12700.0000   613    15430.0000    12450.0000  7279530   19.31%
  34394 17370    12700.0000   525    15430.0000    12450.0000  7288484   19.31%
  34432 17393    12700.0000   521    15430.0000    12450.0000  7296271   19.31%
  34475 17425    14618.0000    24    15430.0000    12450.0000  7305002   19.31%
  34517 17448    13450.0000   261    15430.0000    12450.0000  7312252   19.31%
  34580 17486    12950.0000   408    15430.0000    12450.0000  7317693   19.31%
Elapsed time = 33057.78 sec. (14029957.02 ticks, tree = 177.04 MB, solutions = 7)
  34628 17502    infeasible          15430.0000    12450.0000  7330325   19.31%
  34666 17516    infeasible          15430.0000    12450.0000  7341326   19.31%
  34714 17540    12700.0000   697    15430.0000    12450.0000  7347976   19.31%
* 34786 17567      integral     0    15388.0000    12450.0000  7351571   19.09%
  34788 17566    12450.0000   636    15388.0000    12450.0000  7352738   19.09%
  34842 17607    14194.0000    93    15388.0000    12450.0000  7357838   19.09%
  34886 17634    14102.0000    66    15388.0000    12450.0000  7361000   19.09%
  34945 17666    12950.0000   292    15388.0000    12450.0000  7364707   19.09%
  34995 17692    12700.0000   449    15388.0000    12450.0000  7368904   19.09%
  35050 17729    13870.0000    82    15388.0000    12450.0000  7373095   19.09%
  35113 17769    14618.0000    68    15388.0000    12450.0000  7376230   19.09%
Elapsed time = 33368.57 sec. (14184905.05 ticks, tree = 180.02 MB, solutions = 8)
  35189 17811    13450.0000   229    15388.0000    12450.0000  7381508   19.09%
  35242 17846    13200.0000   229    15388.0000    12450.0000  7385690   19.09%
  35308 17883    13450.0000   278    15388.0000    12450.0000  7389837   19.09%
  35388 17928    13520.0000   105    15388.0000    12450.0000  7397327   19.09%
  35429 17956    13200.0000   330    15388.0000    12450.0000  7409190   19.09%
  35480 17987    13200.0000   265    15388.0000    12450.0000  7413739   19.09%
  35525 18011    13450.0000   201    15388.0000    12450.0000  7417176   19.09%
  35568 18040    12450.0000   697    15388.0000    12450.0000  7425519   19.09%
  35607 18068    13700.0000   214    15388.0000    12450.0000  7430424   19.09%
  35637 18083    12450.0000   444    15388.0000    12450.0000  7433629   19.09%
Elapsed time = 33729.28 sec. (14339619.23 ticks, tree = 183.28 MB, solutions = 8)
  35685 18112    14196.0000   122    15388.0000    12450.0000  7437839   19.09%
  35726 18128    12450.0000   723    15388.0000    12450.0000  7441622   19.09%
  35765 18156    13944.0000   108    15388.0000    12450.0000  7447157   19.09%
  35823 18186    14200.0000   100    15388.0000    12450.0000  7450718   19.09%
  35862 18213    14758.0000    44    15388.0000    12450.0000  7456756   19.09%
  35907 18232    12700.0000   611    15388.0000    12450.0000  7462403   19.09%
  35937 18249    infeasible          15388.0000    12450.0000  7466916   19.09%
  35981 18281    13020.0000   286    15388.0000    12450.0000  7474819   19.09%
  36047 18319    12700.0000   359    15388.0000    12450.0000  7480027   19.09%
  36103 18349    13950.0000   129    15388.0000    12450.0000  7486512   19.09%
Elapsed time = 34078.56 sec. (14494728.26 ticks, tree = 186.01 MB, solutions = 8)
  36163 18377    12950.0000   314    15388.0000    12450.0000  7492805   19.09%
  36209 18403    12700.0000   438    15388.0000    12450.0000  7497399   19.09%
  36256 18428    12950.0000   475    15388.0000    12450.0000  7503465   19.09%
  36296 18456    12950.0000   526    15388.0000    12450.0000  7511913   19.09%
  36336 18483    12450.0000   672    15388.0000    12450.0000  7520032   19.09%
  36381 18509    13453.1152   215    15388.0000    12450.0000  7524312   19.09%
  36429 18541    14194.0000    85    15388.0000    12450.0000  7526532   19.09%
  36477 18569    13160.0000   319    15388.0000    12450.0000  7531270   19.09%
  36536 18607    14194.0000    84    15388.0000    12450.0000  7536577   19.09%
  36588 18638    12450.0000   555    15388.0000    12450.0000  7541345   19.09%
Elapsed time = 34631.24 sec. (14649314.00 ticks, tree = 189.07 MB, solutions = 8)
  36637 18672    13200.0000    77    15388.0000    12450.0000  7547007   19.09%
  36692 18708    13200.0000    70    15388.0000    12450.0000  7554023   19.09%
  36767 18759    12450.0000   590    15388.0000    12450.0000  7561031   19.09%
  36827 18800    13200.0000   189    15388.0000    12450.0000  7564916   19.09%
  36890 18842    12700.0000   372    15388.0000    12450.0000  7568655   19.09%
  36932 18864    12700.0000   719    15388.0000    12450.0000  7581454   19.09%
  36970 18888    14264.0000   145    15388.0000    12450.0000  7588461   19.09%
  37037 18932    12700.0000   574    15388.0000    12450.0000  7593579   19.09%
  37091 18973    12950.0000   628    15388.0000    12450.0000  7601300   19.09%
  37133 18997    13450.0000   132    15388.0000    12450.0000  7609698   19.09%
Elapsed time = 35265.08 sec. (14803723.58 ticks, tree = 192.80 MB, solutions = 8)
  37209 19047    infeasible          15388.0000    12450.0000  7615415   19.09%
  37267 19089    13950.0000   105    15388.0000    12450.0000  7620359   19.09%
  37331 19131    12700.0000   554    15388.0000    12450.0000  7625242   19.09%
  37376 19163    13950.0000   103    15388.0000    12450.0000  7632653   19.09%
  37439 19196    infeasible          15388.0000    12450.0000  7643236   19.09%
  37484 19216    12450.0000   858    15388.0000    12450.0000  7659042   19.09%
  37516 19236    12950.0000   498    15388.0000    12450.0000  7667062   19.09%
  37554 19260    infeasible          15388.0000    12450.0000  7678090   19.09%
  37605 19299    13700.0000   175    15388.0000    12450.0000  7687305   19.09%
  37652 19323    12700.0000   621    15388.0000    12450.0000  7695370   19.09%
Elapsed time = 35902.55 sec. (14959300.65 ticks, tree = 196.19 MB, solutions = 8)
  37686 19340    12450.0000   764    15388.0000    12450.0000  7702868   19.09%
  37727 19361    12700.0000   512    15388.0000    12450.0000  7712778   19.09%
  37783 19395    13450.0000   118    15388.0000    12450.0000  7717076   19.09%
  37871 19449    13200.0000   118    15388.0000    12450.0000  7721811   19.09%
  37923 19479    infeasible          15388.0000    12450.0000  7733113   19.09%
  37994 19523    12770.0000   306    15388.0000    12450.0000  7738759   19.09%
  38064 19571    12700.0000   552    15388.0000    12450.0000  7744023   19.09%
  38122 19596    12950.0000   197    15388.0000    12450.0000  7749848   19.09%
  38185 19633    14758.0000    22    15388.0000    12450.0000  7753437   19.09%
  38223 19652    12700.0000   420    15388.0000    12450.0000  7757141   19.09%
Elapsed time = 36563.46 sec. (15114420.43 ticks, tree = 199.63 MB, solutions = 8)
  38269 19674    12700.0000   418    15388.0000    12450.0000  7760081   19.09%
  38324 19704    infeasible          15388.0000    12450.0000  7765578   19.09%
  38401 19754    12700.0000   447    15388.0000    12450.0000  7770563   19.09%
  38455 19780    12450.0000   508    15388.0000    12450.0000  7780305   19.09%
  38494 19809    12950.0000   322    15388.0000    12450.0000  7785887   19.09%
  38535 19826    12700.0000   605    15388.0000    12450.0000  7793846   19.09%
  38582 19856    infeasible          15388.0000    12450.0000  7798637   19.09%
  38626 19878    12700.0000   500    15388.0000    12450.0000  7812225   19.09%
  38664 19900        cutoff          15388.0000    12450.0000  7817085   19.09%
  38716 19930    13700.0000   101    15388.0000    12450.0000  7823022   19.09%
Elapsed time = 37121.57 sec. (15269255.97 ticks, tree = 202.50 MB, solutions = 8)
  38767 19967    12700.0000   427    15388.0000    12450.0000  7831230   19.09%
  38824 20010    12950.0000   221    15388.0000    12450.0000  7835875   19.09%
  38875 20040    infeasible          15388.0000    12450.0000  7844564   19.09%
  38946 20080    13950.0000   199    15388.0000    12450.0000  7853386   19.09%
  38993 20112    12700.0000   383    15388.0000    12450.0000  7862815   19.09%
  39044 20147    12950.0000   248    15388.0000    12450.0000  7866958   19.09%
  39086 20165    12703.2321   415    15388.0000    12450.0000  7870634   19.09%
  39132 20197    12700.0000   500    15388.0000    12450.0000  7875831   19.09%
  39180 20232    12700.0000   512    15388.0000    12450.0000  7880630   19.09%
  39223 20254    infeasible          15388.0000    12450.0000  7885859   19.09%
Elapsed time = 37810.04 sec. (15423047.69 ticks, tree = 205.92 MB, solutions = 8)
  39291 20304    13450.0000   128    15388.0000    12450.0000  7892187   19.09%
  39343 20340    infeasible          15388.0000    12450.0000  7899798   19.09%
  39390 20370    13700.0000    81    15388.0000    12450.0000  7907450   19.09%
  39433 20395    12700.0000   485    15388.0000    12450.0000  7920370   19.09%
  39498 20443    12700.0000   326    15388.0000    12450.0000  7926314   19.09%
  39546 20475    12950.0000   284    15388.0000    12450.0000  7931201   19.09%
  39599 20508    12700.0000   605    15388.0000    12450.0000  7938221   19.09%
  39645 20542    13450.0000   224    15388.0000    12450.0000  7944932   19.09%
  39713 20586    infeasible          15388.0000    12450.0000  7952599   19.09%
  39769 20619    13200.0000   132    15388.0000    12450.0000  7958023   19.09%
Elapsed time = 38537.73 sec. (15577139.93 ticks, tree = 209.72 MB, solutions = 8)
  39832 20655    12950.0000   245    15388.0000    12450.0000  7963123   19.09%
  39879 20677    13200.0000   146    15388.0000    12450.0000  7969703   19.09%
  39947 20714    12450.0000   449    15388.0000    12450.0000  7976720   19.09%
* 39988+20617                        15186.0000    12450.0000            18.02%
  40005 20632    12950.0000   293    15186.0000    12450.0000  7984347   18.02%
  40046 20655    13200.0000   379    15186.0000    12450.0000  7993144   18.02%
Starting limited solution polishing.
  40088 20677    13804.0000    63    15186.0000    12450.0000  7996681   18.02%
  40141 20702    12700.0000   336    15186.0000    12450.0000  8001670   18.02%
  40201 20740    12950.0000   194    15186.0000    12450.0000  8007242   18.02%
  40251 20769    13700.0000    62    15186.0000    12450.0000  8013284   18.02%
  40312 20813    13700.0000   135    15186.0000    12450.0000  8017591   18.02%
Elapsed time = 39244.19 sec. (15734806.36 ticks, tree = 211.74 MB, solutions = 9)
  40364 20841    12950.0000   326    15186.0000    12450.0000  8023926   18.02%
  40416 20879    12950.0000   152    15186.0000    12450.0000  8029473   18.02%
  40459 20899    13860.0000    68    15186.0000    12450.0000  8033481   18.02%
  40490 20916    12950.0000   170    15186.0000    12450.0000  8036910   18.02%
  40543 20949    13770.0000   103    15186.0000    12450.0000  8041482   18.02%
  40588 20963    13200.0000   103    15186.0000    12450.1262  8045730   18.02%
  40649 21000    14014.0000    71    15186.0000    12450.1298  8049801   18.02%
* 40688+21018                        15180.0000    12450.1298            17.98%
  40717 21025    12950.7490   176    15180.0000    12450.2140  8054012   17.98%
  40788 21068    14008.0000    74    15180.0000    12450.2140  8057443   17.98%
  40834 21092    12950.7490   358    15180.0000    12450.2140  8061466   17.98%
Elapsed time = 39665.51 sec. (15894437.42 ticks, tree = 214.67 MB, solutions = 10)
  40887 21125    13200.0000   146    15180.0000    12450.2545  8068956   17.98%
  40957 21164    infeasible          15180.0000    12450.2582  8073288   17.98%
  41032 21199    12700.0000   277    15180.0000    12450.4584  8079412   17.98%
  41086 21227    12450.9169   375    15180.0000    12450.4593  8083255   17.98%
  41143 21267    13938.0000    82    15180.0000    12450.7490  8088229   17.98%
* 41188+21228                        15138.0000    12450.7490            17.75%
  41191 21231    12700.0000   484    15138.0000    12450.7495  8091440   17.75%
  41250 21266    12450.9169   443    15138.0000    12450.9169  8096853   17.75%
  41294 21286    13418.0000   176    15138.0000    12485.0000  8101014   17.53%
  41362 21321    13200.0000   279    15138.0000    12503.2797  8107928   17.40%
  41418 21349    12950.0000   418    15138.0000    12519.0000  8116592   17.30%
Elapsed time = 39993.49 sec. (16049008.12 ticks, tree = 217.36 MB, solutions = 11)
  41474 21384    13450.0000   146    15138.0000    12519.0000  8122585   17.30%
  41531 21414    12950.0000   637    15138.0000    12520.0000  8130792   17.29%
  41584 21442    12950.0000   478    15138.0000    12520.0000  8137218   17.29%
  41635 21465    infeasible          15138.0000    12520.0000  8144562   17.29%
  41666 21480    infeasible          15138.0000    12520.0000  8148832   17.29%
  41712 21506    13200.0000   168    15138.0000    12520.0000  8152320   17.29%
  41761 21532    infeasible          15138.0000    12520.0000  8155582   17.29%
  41807 21554    infeasible          15138.0000    12520.0000  8160244   17.29%
  41857 21580    12700.0000   608    15138.0000    12520.0000  8166039   17.29%
  41888 21594    13340.0000   241    15138.0000    12520.0000  8170376   17.29%
Elapsed time = 40317.96 sec. (16206582.84 ticks, tree = 219.94 MB, solutions = 11)
  41924 21613    13200.0000   278    15138.0000    12520.0000  8179529   17.29%
  41965 21618    infeasible          15138.0000    12520.0000  8185618   17.29%
  42005 21638    14306.0000    67    15138.0000    12520.0000  8191067   17.29%
  42077 21673    12770.0000   386    15138.0000    12520.0000  8199365   17.29%
  42142 21718    12950.0000   326    15138.0000    12520.0000  8203103   17.29%
  42199 21750    14352.0000    48    15138.0000    12520.0000  8207503   17.29%
  42246 21773    12950.0000   206    15138.0000    12520.0000  8215899   17.29%
  42289 21792    13450.0000    99    15138.0000    12520.0000  8221410   17.29%
  42331 21804    infeasible          15138.0000    12520.0000  8226587   17.29%
  42367 21825    12950.0000   343    15138.0000    12520.0000  8232639   17.29%
Elapsed time = 40653.29 sec. (16361176.62 ticks, tree = 222.19 MB, solutions = 11)
  42419 21851    12953.1152   378    15138.0000    12520.0000  8238066   17.29%
  42464 21882    13700.6850   121    15138.0000    12520.0000  8243183   17.29%
  42504 21897    12770.7490   572    15138.0000    12520.0000  8251151   17.29%
  42541 21902    13770.0000   127    15138.0000    12520.0000  8258179   17.29%
  42591 21932    13020.0000   305    15138.0000    12520.0000  8267101   17.29%
  42646 21958    13020.0000   514    15138.0000    12520.0000  8271710   17.29%
  42712 21992    13020.0000   396    15138.0000    12520.0000  8276804   17.29%
  42741 21992    13452.4464    62    15138.0000    12520.0000  8287164   17.29%
  42795 22022    13520.0000   188    15138.0000    12520.0000  8294438   17.29%
  42835 22037    infeasible          15138.0000    12520.0000  8300809   17.29%
Elapsed time = 40985.82 sec. (16516183.59 ticks, tree = 224.46 MB, solutions = 11)
  42865 22048    12770.0000   298    15138.0000    12520.0000  8309213   17.29%
  42904 22071    13270.0000   270    15138.0000    12520.0000  8312661   17.29%
  42952 22103        cutoff          15138.0000    12520.0000  8317493   17.29%
  42988 22123    13020.0000   288    15138.0000    12520.0000  8320006   17.29%
  43052 22157    infeasible          15138.0000    12520.0000  8324978   17.29%
  43107 22191    12770.0000   304    15138.0000    12520.0000  8329198   17.29%
  43151 22219    13020.0000   292    15138.0000    12520.0000  8334774   17.29%
  43196 22239    13200.0000   262    15138.0000    12520.0000  8340005   17.29%
  43259 22266    12700.0000   491    15138.0000    12520.0000  8349775   17.29%
  43288 22274    12950.0000   342    15138.0000    12520.0000  8355645   17.29%
Elapsed time = 41331.11 sec. (16674668.76 ticks, tree = 226.74 MB, solutions = 11)
  43340 22304    12700.0000   421    15138.0000    12520.0000  8363909   17.29%
  43412 22354    14008.0000    73    15138.0000    12520.0000  8368327   17.29%
  43483 22393    12520.0000   785    15138.0000    12520.0000  8375119   17.29%
  43531 22416    14762.0000   102    15138.0000    12520.0000  8380748   17.29%
  43584 22429    12770.0000   435    15138.0000    12520.0000  8389683   17.29%
  43616 22445    12950.0000   647    15138.0000    12520.0000  8393276   17.29%
  43669 22472    13950.0000   164    15138.0000    12520.0000  8399674   17.29%
  43703 22481    infeasible          15138.0000    12520.0000  8409010   17.29%
  43760 22512    13450.0000   298    15138.0000    12520.0000  8420707   17.29%
  43805 22525    14008.0000   135    15138.0000    12520.0000  8427238   17.29%
Elapsed time = 42040.13 sec. (16834175.18 ticks, tree = 229.47 MB, solutions = 11)
  43872 22542    infeasible          15138.0000    12520.0000  8435448   17.29%
  43945 22579    14084.0000    52    15138.0000    12520.0000  8439486   17.29%
  44005 22606    13834.0000    88    15138.0000    12520.0000  8448423   17.29%
  44048 22624    12520.0000   357    15138.0000    12520.0000  8451021   17.29%
  44089 22645    12950.0000   302    15138.0000    12520.0000  8455843   17.29%
  44154 22677    13694.0000   108    15138.0000    12520.0000  8461468   17.29%
  44193 22694    12700.0000   518    15138.0000    12520.0000  8466567   17.29%
  44274 22747    13200.0000   269    15138.0000    12520.0000  8472893   17.29%
  44324 22769    infeasible          15138.0000    12520.0000  8479340   17.29%
  44382 22801    12950.0000   328    15138.0000    12520.0000  8484971   17.29%
Elapsed time = 42654.03 sec. (16989219.73 ticks, tree = 232.43 MB, solutions = 11)
  44399 22807    12520.7490   316    15138.0000    12520.5393  8487764   17.29%
  44457 22836    13450.0000   344    15138.0000    12559.2941  8492611   17.03%
  44498 22847    12950.0000   282    15138.0000    12575.0000  8496627   16.93%
  44571 22894    14758.0000    18    15138.0000    12575.0000  8499980   16.93%
  44617 22914    infeasible          15138.0000    12575.0000  8504972   16.93%
  44688 22945    infeasible          15138.0000    12575.0000  8510655   16.93%
  44756 22988    13200.0000   499    15138.0000    12589.0000  8520417   16.84%
  44820 22984    12590.0000   628    15138.0000    12590.0000  8528351   16.83%
  44862 23011    13090.0000   402    15138.0000    12590.0000  8533264   16.83%
  44897 23020    12843.1152   461    15138.0000    12590.0000  8537064   16.83%
Elapsed time = 42999.60 sec. (17146345.38 ticks, tree = 234.80 MB, solutions = 11)
  44985 23046    12950.0000   283    15138.0000    12694.0000  8543348   16.14%
  45043 23088    14758.0000    50    15138.0000    12694.0000  8548081   16.14%
  45091 23115    12694.0000   503    15138.0000    12694.0000  8552600   16.14%
  45150 23147    infeasible          15138.0000    12694.0000  8556852   16.14%
  45188 23169    13688.0000   109    15138.0000    12694.0000  8560708   16.14%
  45259 23218    13020.7490   323    15138.0000    12694.0000  8566480   16.14%

GUB cover cuts applied:  34
Clique cuts applied:  122
Cover cuts applied:  2215
Implied bound cuts applied:  158
Flow cuts applied:  134
Mixed integer rounding cuts applied:  763
Zero-half cuts applied:  89
Lift and project cuts applied:  1
Gomory fractional cuts applied:  9

Root node processing (before b&c):
  Real time             = 7114.80 sec. (1171619.50 ticks)
Sequential b&c:
  Real time             = 36085.22 sec. (16080064.42 ticks)
                          ------------
Total (root+branch&cut) = 43200.02 sec. (17251683.92 ticks)
Feasible

>> Printing some results...
    -> Solution value = 15137 - 04:12:17
    -> Total time = 43200.02
    -> Gap value = 0.16

=============
Train 0
=============
> Trip 0
   0(time 1112 - 00:18:32)(time 1371 - 00:22:51) ->    1(time 1440 - 00:24:00)(time 1721 - 00:28:41) ->    2(time 1790 - 00:29:50)(time 2078 - 00:34:38) ->    3(time 2147 - 00:35:47)(time 2411 - 00:40:11) ->    4(time 2480 - 00:41:20)(time 2747 - 00:45:47) ->    5(time 2816 - 00:46:56)(time 3065 - 00:51:05) ->    6(time 3134 - 00:52:14)(time 3377 - 00:56:17) ->    7(time 3446 - 00:57:26)(time 3717 - 01:01:57) ->    8(time 3786 - 01:03:06)(time 4058 - 01:07:38) ->    9(time 4127 - 01:08:47)(time 4407 - 01:13:27) ->    10(time 4476 - 01:14:36)(time 4740 - 01:19:00) ->    11(time 4788 - 01:19:48)(time 5036 - 01:23:56) ->    12(time 5105 - 01:25:05)(time 5390 - 01:29:50) ->    13(time 5640 - 01:34:00)(time 5886 - 01:38:06) ->    14(time 6136 - 01:42:16)(time 6417 - 01:46:57) ->    15(time 6667 - 01:51:07)(time 6914 - 01:55:14) ->    16(time 7232 - 02:00:32)(time 7232 - 02:00:32) ->    33(time 7232 - 02:00:32)(time 7479 - 02:04:39) ->    32(time 7729 - 02:08:49)(time 8010 - 02:13:30) ->    31(time 8260 - 02:17:40)(time 8506 - 02:21:46) ->    30(time 8756 - 02:25:56)(time 9041 - 02:30:41) ->    29(time 9110 - 02:31:50)(time 9358 - 02:35:58) ->    28(time 9406 - 02:36:46)(time 9670 - 02:41:10) ->    27(time 9739 - 02:42:19)(time 10019 - 02:46:59) ->    26(time 10088 - 02:48:08)(time 10360 - 02:52:40) ->    25(time 10429 - 02:53:49)(time 10700 - 02:58:20) ->    24(time 10769 - 02:59:29)(time 11012 - 03:03:32) ->    23(time 11081 - 03:04:41)(time 11330 - 03:08:50) ->    22(time 11399 - 03:09:59)(time 11666 - 03:14:26) ->    21(time 11735 - 03:15:35)(time 11999 - 03:19:59) ->    20(time 12068 - 03:21:08)(time 12356 - 03:25:56) ->    19(time 12425 - 03:27:05)(time 12706 - 03:31:46) ->    18(time 12775 - 03:32:55)(time 13034 - 03:37:14) ->    17(time 13284 - 03:41:24)(time 13284 - 03:41:24) -> 0
> Trip 1
   0(time 13284 - 03:41:24)(time 13543 - 03:45:43) ->    1(time 13612 - 03:46:52)(time 13893 - 03:51:33) ->    2(time 14332 - 03:58:52)(time 14620 - 04:03:40) ->    3(time 14689 - 04:04:49)(time 14953 - 04:09:13) ->    4(time 15392 - 04:16:32)(time 15659 - 04:20:59) ->    5(time 15780 - 04:23:00)(time 16029 - 04:27:09) ->    6(time 16098 - 04:28:18)(time 16341 - 04:32:21) ->    7(time 16410 - 04:33:30)(time 16681 - 04:38:01) ->    8(time 16750 - 04:39:10)(time 17022 - 04:43:42) ->    9(time 17091 - 04:44:51)(time 17371 - 04:49:31) ->    10(time 17440 - 04:50:40)(time 17704 - 04:55:04) ->    11(time 17752 - 04:55:52)(time 18000 - 05:00:00) ->    12(time 18069 - 05:01:09)(time 18354 - 05:05:54) ->    13(time 18604 - 05:10:04)(time 18850 - 05:14:10) ->    14(time 19100 - 05:18:20)(time 19381 - 05:23:01) ->    15(time 19747 - 05:29:07)(time 19994 - 05:33:14) ->    16(time 20433 - 05:40:33)(time 20433 - 05:40:33) ->    33(time 20738 - 05:45:38)(time 20985 - 05:49:45) ->    32(time 21033 - 05:50:33)(time 21314 - 05:55:14) ->    31(time 21564 - 05:59:24)(time 21810 - 06:03:30) ->    30(time 22060 - 06:07:40)(time 22345 - 06:12:25) ->    29(time 22414 - 06:13:34)(time 22662 - 06:17:42) ->    28(time 23044 - 06:24:04)(time 23308 - 06:28:28) ->    27(time 23377 - 06:29:37)(time 23657 - 06:34:17) ->    26(time 23726 - 06:35:26)(time 23998 - 06:39:58) ->    25(time 24067 - 06:41:07)(time 24338 - 06:45:38) ->    24(time 24407 - 06:46:47)(time 24650 - 06:50:50) ->    23(time 24719 - 06:51:59)(time 24968 - 06:56:08) ->    22(time 25037 - 06:57:17)(time 25304 - 07:01:44) ->    21(time 25373 - 07:02:53)(time 25637 - 07:07:17) ->    20(time 25706 - 07:08:26)(time 25994 - 07:13:14) ->    19(time 26063 - 07:14:23)(time 26344 - 07:19:04) ->    18(time 26413 - 07:20:13)(time 26672 - 07:24:32) ->    17(time 26922 - 07:28:42)(time 26922 - 07:28:42) -> 0
=============
Train 1
=============
> Trip 0
   0(time 0 - 00:00:00)(time 259 - 00:04:19) ->    1(time 328 - 00:05:28)(time 609 - 00:10:09) ->    2(time 678 - 00:11:18)(time 966 - 00:16:06) ->    3(time 1035 - 00:17:15)(time 1299 - 00:21:39) ->    4(time 1368 - 00:22:48)(time 1635 - 00:27:15) ->    5(time 1704 - 00:28:24)(time 1953 - 00:32:33) ->    6(time 2022 - 00:33:42)(time 2265 - 00:37:45) ->    7(time 2334 - 00:38:54)(time 2605 - 00:43:25) ->    8(time 2674 - 00:44:34)(time 2946 - 00:49:06) ->    9(time 3015 - 00:50:15)(time 3295 - 00:54:55) ->    10(time 3364 - 00:56:04)(time 3628 - 01:00:28) ->    11(time 3676 - 01:01:16)(time 3924 - 01:05:24) ->    12(time 3993 - 01:06:33)(time 4278 - 01:11:18) ->    13(time 4528 - 01:15:28)(time 4774 - 01:19:34) ->    14(time 5024 - 01:23:44)(time 5305 - 01:28:25) ->    15(time 5353 - 01:29:13)(time 5600 - 01:33:20) ->    16(time 5850 - 01:37:30)(time 5850 - 01:37:30) ->    33(time 6100 - 01:41:40)(time 6347 - 01:45:47) ->    32(time 6417 - 01:46:57)(time 6698 - 01:51:38) ->    31(time 6948 - 01:55:48)(time 7194 - 01:59:54) ->    30(time 7444 - 02:04:04)(time 7729 - 02:08:49) ->    29(time 7798 - 02:09:58)(time 8046 - 02:14:06) ->    28(time 8406 - 02:20:06)(time 8670 - 02:24:30) ->    27(time 8739 - 02:25:39)(time 9019 - 02:30:19) ->    26(time 9088 - 02:31:28)(time 9360 - 02:36:00) ->    25(time 9429 - 02:37:09)(time 9700 - 02:41:40) ->    24(time 9769 - 02:42:49)(time 10012 - 02:46:52) ->    23(time 10081 - 02:48:01)(time 10330 - 02:52:10) ->    22(time 10399 - 02:53:19)(time 10666 - 02:57:46) ->    21(time 10735 - 02:58:55)(time 10999 - 03:03:19) ->    20(time 11068 - 03:04:28)(time 11356 - 03:09:16) ->    19(time 11425 - 03:10:25)(time 11706 - 03:15:06) ->    18(time 11775 - 03:16:15)(time 12034 - 03:20:34) ->    17(time 12284 - 03:24:44)(time 12284 - 03:24:44) -> 0
> Trip 1
   0(time 13214 - 03:40:14)(time 13473 - 03:44:33) ->    1(time 13542 - 03:45:42)(time 13823 - 03:50:23) ->    2(time 13893 - 03:51:33)(time 14181 - 03:56:21) ->    3(time 14387 - 03:59:47)(time 14651 - 04:04:11) ->    4(time 14721 - 04:05:21)(time 14988 - 04:09:48) ->    5(time 15058 - 04:10:58)(time 15307 - 04:15:07) ->    6(time 15659 - 04:20:59)(time 15902 - 04:25:02) ->    7(time 15971 - 04:26:11)(time 16242 - 04:30:42) ->    8(time 16311 - 04:31:51)(time 16583 - 04:36:23) ->    9(time 16652 - 04:37:32)(time 16932 - 04:42:12) ->    10(time 17001 - 04:43:21)(time 17265 - 04:47:45) ->    11(time 17313 - 04:48:33)(time 17561 - 04:52:41) ->    12(time 17630 - 04:53:50)(time 17915 - 04:58:35) ->    13(time 18165 - 05:02:45)(time 18411 - 05:06:51) ->    14(time 18661 - 05:11:01)(time 18942 - 05:15:42) ->    15(time 19381 - 05:23:01)(time 19628 - 05:27:08) ->    16(time 19994 - 05:33:14)(time 19994 - 05:33:14) ->    33(time 19994 - 05:33:14)(time 20241 - 05:37:21) ->    32(time 20443 - 05:40:43)(time 20724 - 05:45:24) ->    31(time 20974 - 05:49:34)(time 21220 - 05:53:40) ->    30(time 21470 - 05:57:50)(time 21755 - 06:02:35) ->    29(time 21824 - 06:03:44)(time 22072 - 06:07:52) ->    28(time 22120 - 06:08:40)(time 22384 - 06:13:04) ->    27(time 22453 - 06:14:13)(time 22733 - 06:18:53) ->    26(time 22802 - 06:20:02)(time 23074 - 06:24:34) ->    25(time 23143 - 06:25:43)(time 23414 - 06:30:14) ->    24(time 23483 - 06:31:23)(time 23726 - 06:35:26) ->    23(time 24165 - 06:42:45)(time 24414 - 06:46:54) ->    22(time 24483 - 06:48:03)(time 24750 - 06:52:30) ->    21(time 24819 - 06:53:39)(time 25083 - 06:58:03) ->    20(time 25152 - 06:59:12)(time 25440 - 07:04:00) ->    19(time 25509 - 07:05:09)(time 25790 - 07:09:50) ->    18(time 25859 - 07:10:59)(time 26118 - 07:15:18) ->    17(time 26368 - 07:19:28)(time 26368 - 07:19:28) -> 0
=============
Train 2
=============
> Trip 0
   0(time 250 - 00:04:10)(time 509 - 00:08:29) ->    1(time 578 - 00:09:38)(time 859 - 00:14:19) ->    2(time 928 - 00:15:28)(time 1216 - 00:20:16) ->    3(time 1285 - 00:21:25)(time 1549 - 00:25:49) ->    4(time 1618 - 00:26:58)(time 1885 - 00:31:25) ->    5(time 1954 - 00:32:34)(time 2203 - 00:36:43) ->    6(time 2272 - 00:37:52)(time 2515 - 00:41:55) ->    7(time 2584 - 00:43:04)(time 2855 - 00:47:35) ->    8(time 2924 - 00:48:44)(time 3196 - 00:53:16) ->    9(time 3265 - 00:54:25)(time 3545 - 00:59:05) ->    10(time 3614 - 01:00:14)(time 3878 - 01:04:38) ->    11(time 3926 - 01:05:26)(time 4174 - 01:09:34) ->    12(time 4243 - 01:10:43)(time 4528 - 01:15:28) ->    13(time 4778 - 01:19:38)(time 5024 - 01:23:44) ->    14(time 5274 - 01:27:54)(time 5555 - 01:32:35) ->    15(time 5603 - 01:33:23)(time 5850 - 01:37:30) ->    16(time 6100 - 01:41:40)(time 6100 - 01:41:40) ->    33(time 6170 - 01:42:50)(time 6417 - 01:46:57) ->    32(time 6667 - 01:51:07)(time 6948 - 01:55:48) ->    31(time 7198 - 01:59:58)(time 7444 - 02:04:04) ->    30(time 7694 - 02:08:14)(time 7979 - 02:12:59) ->    29(time 8360 - 02:19:20)(time 8608 - 02:23:28) ->    28(time 8656 - 02:24:16)(time 8920 - 02:28:40) ->    27(time 8989 - 02:29:49)(time 9269 - 02:34:29) ->    26(time 9338 - 02:35:38)(time 9610 - 02:40:10) ->    25(time 9679 - 02:41:19)(time 9950 - 02:45:50) ->    24(time 10019 - 02:46:59)(time 10262 - 02:51:02) ->    23(time 10331 - 02:52:11)(time 10580 - 02:56:20) ->    22(time 10649 - 02:57:29)(time 10916 - 03:01:56) ->    21(time 10985 - 03:03:05)(time 11249 - 03:07:29) ->    20(time 11318 - 03:08:38)(time 11606 - 03:13:26) ->    19(time 11675 - 03:14:35)(time 11956 - 03:19:16) ->    18(time 12025 - 03:20:25)(time 12284 - 03:24:44) ->    17(time 12534 - 03:28:54)(time 12534 - 03:28:54) -> 0
> Trip 1
   0(time 13034 - 03:37:14)(time 13293 - 03:41:33) ->    1(time 13362 - 03:42:42)(time 13643 - 03:47:23) ->    2(time 13712 - 03:48:32)(time 14000 - 03:53:20) ->    3(time 14069 - 03:54:29)(time 14333 - 03:58:53) ->    4(time 14402 - 04:00:02)(time 14669 - 04:04:29) ->    5(time 14738 - 04:05:38)(time 14987 - 04:09:47) ->    6(time 15056 - 04:10:56)(time 15299 - 04:14:59) ->    7(time 15368 - 04:16:08)(time 15639 - 04:20:39) ->    8(time 15708 - 04:21:48)(time 15980 - 04:26:20) ->    9(time 16049 - 04:27:29)(time 16329 - 04:32:09) ->    10(time 16398 - 04:33:18)(time 16662 - 04:37:42) ->    11(time 16710 - 04:38:30)(time 16958 - 04:42:38) ->    12(time 17027 - 04:43:47)(time 17312 - 04:48:32) ->    13(time 17562 - 04:52:42)(time 17808 - 04:56:48) ->    14(time 18058 - 05:00:58)(time 18339 - 05:05:39) ->    15(time 18387 - 05:06:27)(time 18634 - 05:10:34) ->    16(time 18884 - 05:14:44)(time 18884 - 05:14:44) ->    33(time 18884 - 05:14:44)(time 19131 - 05:18:51) ->    32(time 19381 - 05:23:01)(time 19662 - 05:27:42) ->    31(time 19912 - 05:31:52)(time 20158 - 05:35:58) ->    30(time 20408 - 05:40:08)(time 20693 - 05:44:53) ->    29(time 20762 - 05:46:02)(time 21010 - 05:50:10) ->    28(time 21058 - 05:50:58)(time 21322 - 05:55:22) ->    27(time 21391 - 05:56:31)(time 21671 - 06:01:11) ->    26(time 21740 - 06:02:20)(time 22012 - 06:06:52) ->    25(time 22081 - 06:08:01)(time 22352 - 06:12:32) ->    24(time 22421 - 06:13:41)(time 22664 - 06:17:44) ->    23(time 22733 - 06:18:53)(time 22982 - 06:23:02) ->    22(time 23051 - 06:24:11)(time 23318 - 06:28:38) ->    21(time 23387 - 06:29:47)(time 23651 - 06:34:11) ->    20(time 23720 - 06:35:20)(time 24008 - 06:40:08) ->    19(time 24077 - 06:41:17)(time 24358 - 06:45:58) ->    18(time 24427 - 06:47:07)(time 24686 - 06:51:26) ->    17(time 24936 - 06:55:36)(time 24936 - 06:55:36) -> 0
=============
Train 3
=============
> Trip 0
   0(time 1924 - 00:32:04)(time 2183 - 00:36:23) ->    1(time 2252 - 00:37:32)(time 2533 - 00:42:13) ->    2(time 2602 - 00:43:22)(time 2890 - 00:48:10) ->    3(time 2959 - 00:49:19)(time 3223 - 00:53:43) ->    4(time 3292 - 00:54:52)(time 3559 - 00:59:19) ->    5(time 3628 - 01:00:28)(time 3877 - 01:04:37) ->    6(time 3946 - 01:05:46)(time 4189 - 01:09:49) ->    7(time 4258 - 01:10:58)(time 4529 - 01:15:29) ->    8(time 4598 - 01:16:38)(time 4870 - 01:21:10) ->    9(time 4939 - 01:22:19)(time 5219 - 01:26:59) ->    10(time 5288 - 01:28:08)(time 5552 - 01:32:32) ->    11(time 5600 - 01:33:20)(time 5848 - 01:37:28) ->    12(time 5917 - 01:38:37)(time 6202 - 01:43:22) ->    13(time 6452 - 01:47:32)(time 6698 - 01:51:38) ->    14(time 6948 - 01:55:48)(time 7229 - 02:00:29) ->    15(time 7479 - 02:04:39)(time 7726 - 02:08:46) ->    16(time 7981 - 02:13:01)(time 7981 - 02:13:01) ->    33(time 8420 - 02:20:20)(time 8667 - 02:24:27) ->    32(time 8715 - 02:25:15)(time 8996 - 02:29:56) ->    31(time 9246 - 02:34:06)(time 9492 - 02:38:12) ->    30(time 9742 - 02:42:22)(time 10027 - 02:47:07) ->    29(time 10466 - 02:54:26)(time 10714 - 02:58:34) ->    28(time 10762 - 02:59:22)(time 11026 - 03:03:46) ->    27(time 11095 - 03:04:55)(time 11375 - 03:09:35) ->    26(time 11444 - 03:10:44)(time 11716 - 03:15:16) ->    25(time 11785 - 03:16:25)(time 12056 - 03:20:56) ->    24(time 12125 - 03:22:05)(time 12368 - 03:26:08) ->    23(time 12437 - 03:27:17)(time 12686 - 03:31:26) ->    22(time 12755 - 03:32:35)(time 13022 - 03:37:02) ->    21(time 13091 - 03:38:11)(time 13355 - 03:42:35) ->    20(time 13424 - 03:43:44)(time 13712 - 03:48:32) ->    19(time 13893 - 03:51:33)(time 14174 - 03:56:14) ->    18(time 14243 - 03:57:23)(time 14502 - 04:01:42) ->    17(time 14752 - 04:05:52)(time 14752 - 04:05:52) -> 0
> Trip 1
   0(time 14888 - 04:08:08)(time 15147 - 04:12:27) ->    1(time 15216 - 04:13:36)(time 15497 - 04:18:17) ->    2(time 15566 - 04:19:26)(time 15854 - 04:24:14) ->    3(time 15923 - 04:25:23)(time 16187 - 04:29:47) ->    4(time 16256 - 04:30:56)(time 16523 - 04:35:23) ->    5(time 16592 - 04:36:32)(time 16841 - 04:40:41) ->    6(time 16910 - 04:41:50)(time 17153 - 04:45:53) ->    7(time 17222 - 04:47:02)(time 17493 - 04:51:33) ->    8(time 17562 - 04:52:42)(time 17834 - 04:57:14) ->    9(time 17903 - 04:58:23)(time 18183 - 05:03:03) ->    10(time 18252 - 05:04:12)(time 18516 - 05:08:36) ->    11(time 18564 - 05:09:24)(time 18812 - 05:13:32) ->    12(time 18881 - 05:14:41)(time 19166 - 05:19:26) ->    13(time 19416 - 05:23:36)(time 19662 - 05:27:42) ->    14(time 19912 - 05:31:52)(time 20193 - 05:36:33) ->    15(time 20241 - 05:37:21)(time 20488 - 05:41:28) ->    16(time 20738 - 05:45:38)(time 20738 - 05:45:38) ->    33(time 20808 - 05:46:48)(time 21055 - 05:50:55) ->    32(time 21283 - 05:54:43)(time 21564 - 05:59:24) ->    31(time 21814 - 06:03:34)(time 22060 - 06:07:40) ->    30(time 22310 - 06:11:50)(time 22595 - 06:16:35) ->    29(time 22866 - 06:21:06)(time 23114 - 06:25:14) ->    28(time 23162 - 06:26:02)(time 23426 - 06:30:26) ->    27(time 23495 - 06:31:35)(time 23775 - 06:36:15) ->    26(time 23844 - 06:37:24)(time 24116 - 06:41:56) ->    25(time 24185 - 06:43:05)(time 24456 - 06:47:36) ->    24(time 24525 - 06:48:45)(time 24768 - 06:52:48) ->    23(time 24837 - 06:53:57)(time 25086 - 06:58:06) ->    22(time 25155 - 06:59:15)(time 25422 - 07:03:42) ->    21(time 25491 - 07:04:51)(time 25755 - 07:09:15) ->    20(time 25824 - 07:10:24)(time 26112 - 07:15:12) ->    19(time 26181 - 07:16:21)(time 26462 - 07:21:02) ->    18(time 26663 - 07:24:23)(time 26922 - 07:28:42) ->    17(time 27172 - 07:32:52)(time 27172 - 07:32:52) -> 0
=============
Train 4
=============
> Trip 0
   0(time 320 - 00:05:20)(time 579 - 00:09:39) ->    1(time 648 - 00:10:48)(time 929 - 00:15:29) ->    2(time 998 - 00:16:38)(time 1286 - 00:21:26) ->    3(time 1355 - 00:22:35)(time 1619 - 00:26:59) ->    4(time 1688 - 00:28:08)(time 1955 - 00:32:35) ->    5(time 2024 - 00:33:44)(time 2273 - 00:37:53) ->    6(time 2342 - 00:39:02)(time 2585 - 00:43:05) ->    7(time 2654 - 00:44:14)(time 2925 - 00:48:45) ->    8(time 2994 - 00:49:54)(time 3266 - 00:54:26) ->    9(time 3335 - 00:55:35)(time 3615 - 01:00:15) ->    10(time 3684 - 01:01:24)(time 3948 - 01:05:48) ->    11(time 4176 - 01:09:36)(time 4424 - 01:13:44) ->    12(time 4493 - 01:14:53)(time 4778 - 01:19:38) ->    13(time 5028 - 01:23:48)(time 5274 - 01:27:54) ->    14(time 5524 - 01:32:04)(time 5805 - 01:36:45) ->    15(time 5853 - 01:37:33)(time 6100 - 01:41:40) ->    16(time 6475 - 01:47:55)(time 6475 - 01:47:55) ->    33(time 6914 - 01:55:14)(time 7161 - 01:59:21) ->    32(time 7229 - 02:00:29)(time 7510 - 02:05:10) ->    31(time 7760 - 02:09:20)(time 8006 - 02:13:26) ->    30(time 8256 - 02:17:36)(time 8541 - 02:22:21) ->    29(time 8610 - 02:23:30)(time 8858 - 02:27:38) ->    28(time 8906 - 02:28:26)(time 9170 - 02:32:50) ->    27(time 9239 - 02:33:59)(time 9519 - 02:38:39) ->    26(time 9588 - 02:39:48)(time 9860 - 02:44:20) ->    25(time 9929 - 02:45:29)(time 10200 - 02:50:00) ->    24(time 10269 - 02:51:09)(time 10512 - 02:55:12) ->    23(time 10581 - 02:56:21)(time 10830 - 03:00:30) ->    22(time 10899 - 03:01:39)(time 11166 - 03:06:06) ->    21(time 11235 - 03:07:15)(time 11499 - 03:11:39) ->    20(time 11568 - 03:12:48)(time 11856 - 03:17:36) ->    19(time 11925 - 03:18:45)(time 12206 - 03:23:26) ->    18(time 12275 - 03:24:35)(time 12534 - 03:28:54) ->    17(time 12784 - 03:33:04)(time 12784 - 03:33:04) -> 0
> Trip 1
   0(time 13144 - 03:39:04)(time 13403 - 03:43:23) ->    1(time 13472 - 03:44:32)(time 13753 - 03:49:13) ->    2(time 13823 - 03:50:23)(time 14111 - 03:55:11) ->    3(time 14181 - 03:56:21)(time 14445 - 04:00:45) ->    4(time 14651 - 04:04:11)(time 14918 - 04:08:38) ->    5(time 14988 - 04:09:48)(time 15237 - 04:13:57) ->    6(time 15306 - 04:15:06)(time 15549 - 04:19:09) ->    7(time 15618 - 04:20:18)(time 15889 - 04:24:49) ->    8(time 15958 - 04:25:58)(time 16230 - 04:30:30) ->    9(time 16299 - 04:31:39)(time 16579 - 04:36:19) ->    10(time 16648 - 04:37:28)(time 16912 - 04:41:52) ->    11(time 16960 - 04:42:40)(time 17208 - 04:46:48) ->    12(time 17277 - 04:47:57)(time 17562 - 04:52:42) ->    13(time 17812 - 04:56:52)(time 18058 - 05:00:58) ->    14(time 18308 - 05:05:08)(time 18589 - 05:09:49) ->    15(time 18637 - 05:10:37)(time 18884 - 05:14:44) ->    16(time 19134 - 05:18:54)(time 19134 - 05:18:54) ->    33(time 19134 - 05:18:54)(time 19381 - 05:23:01) ->    32(time 19631 - 05:27:11)(time 19912 - 05:31:52) ->    31(time 20162 - 05:36:02)(time 20408 - 05:40:08) ->    30(time 20658 - 05:44:18)(time 20943 - 05:49:03) ->    29(time 21012 - 05:50:12)(time 21260 - 05:54:20) ->    28(time 21308 - 05:55:08)(time 21572 - 05:59:32) ->    27(time 21641 - 06:00:41)(time 21921 - 06:05:21) ->    26(time 21990 - 06:06:30)(time 22262 - 06:11:02) ->    25(time 22331 - 06:12:11)(time 22602 - 06:16:42) ->    24(time 22671 - 06:17:51)(time 22914 - 06:21:54) ->    23(time 23353 - 06:29:13)(time 23602 - 06:33:22) ->    22(time 24041 - 06:40:41)(time 24308 - 06:45:08) ->    21(time 24569 - 06:49:29)(time 24833 - 06:53:53) ->    20(time 24902 - 06:55:02)(time 25190 - 06:59:50) ->    19(time 25259 - 07:00:59)(time 25540 - 07:05:40) ->    18(time 25609 - 07:06:49)(time 25868 - 07:11:08) ->    17(time 26118 - 07:15:18)(time 26118 - 07:15:18) -> 0
=============
Train 5
=============
> Trip 0
   0(time 390 - 00:06:30)(time 649 - 00:10:49) ->    1(time 718 - 00:11:58)(time 999 - 00:16:39) ->    2(time 1068 - 00:17:48)(time 1356 - 00:22:36) ->    3(time 1425 - 00:23:45)(time 1689 - 00:28:09) ->    4(time 1758 - 00:29:18)(time 2025 - 00:33:45) ->    5(time 2094 - 00:34:54)(time 2343 - 00:39:03) ->    6(time 2412 - 00:40:12)(time 2655 - 00:44:15) ->    7(time 2724 - 00:45:24)(time 2995 - 00:49:55) ->    8(time 3064 - 00:51:04)(time 3336 - 00:55:36) ->    9(time 3765 - 01:02:45)(time 4045 - 01:07:25) ->    10(time 4114 - 01:08:34)(time 4378 - 01:12:58) ->    11(time 4426 - 01:13:46)(time 4674 - 01:17:54) ->    12(time 4743 - 01:19:03)(time 5028 - 01:23:48) ->    13(time 5278 - 01:27:58)(time 5524 - 01:32:04) ->    14(time 5886 - 01:38:06)(time 6167 - 01:42:47) ->    15(time 6417 - 01:46:57)(time 6664 - 01:51:04) ->    16(time 6914 - 01:55:14)(time 6914 - 01:55:14) ->    33(time 6984 - 01:56:24)(time 7231 - 02:00:31) ->    32(time 7479 - 02:04:39)(time 7760 - 02:09:20) ->    31(time 8010 - 02:13:30)(time 8256 - 02:17:36) ->    30(time 8506 - 02:21:46)(time 8791 - 02:26:31) ->    29(time 8860 - 02:27:40)(time 9108 - 02:31:48) ->    28(time 9156 - 02:32:36)(time 9420 - 02:37:00) ->    27(time 9489 - 02:38:09)(time 9769 - 02:42:49) ->    26(time 9838 - 02:43:58)(time 10110 - 02:48:30) ->    25(time 10179 - 02:49:39)(time 10450 - 02:54:10) ->    24(time 10519 - 02:55:19)(time 10762 - 02:59:22) ->    23(time 10831 - 03:00:31)(time 11080 - 03:04:40) ->    22(time 11149 - 03:05:49)(time 11416 - 03:10:16) ->    21(time 11485 - 03:11:25)(time 11749 - 03:15:49) ->    20(time 11818 - 03:16:58)(time 12106 - 03:21:46) ->    19(time 12175 - 03:22:55)(time 12456 - 03:27:36) ->    18(time 12525 - 03:28:45)(time 12784 - 03:33:04) ->    17(time 13034 - 03:37:14)(time 13034 - 03:37:14) -> 0
> Trip 1
   0(time 15138 - 04:12:18)(time 15397 - 04:16:37) ->    1(time 15466 - 04:17:46)(time 15747 - 04:22:27) ->    2(time 15816 - 04:23:36)(time 16104 - 04:28:24) ->    3(time 16173 - 04:29:33)(time 16437 - 04:33:57) ->    4(time 16506 - 04:35:06)(time 16773 - 04:39:33) ->    5(time 16842 - 04:40:42)(time 17091 - 04:44:51) ->    6(time 17160 - 04:46:00)(time 17403 - 04:50:03) ->    7(time 17472 - 04:51:12)(time 17743 - 04:55:43) ->    8(time 17812 - 04:56:52)(time 18084 - 05:01:24) ->    9(time 18153 - 05:02:33)(time 18433 - 05:07:13) ->    10(time 18502 - 05:08:22)(time 18766 - 05:12:46) ->    11(time 18814 - 05:13:34)(time 19062 - 05:17:42) ->    12(time 19131 - 05:18:51)(time 19416 - 05:23:36) ->    13(time 19666 - 05:27:46)(time 19912 - 05:31:52) ->    14(time 20162 - 05:36:02)(time 20443 - 05:40:43) ->    15(time 20491 - 05:41:31)(time 20738 - 05:45:38) ->    16(time 20988 - 05:49:48)(time 20988 - 05:49:48) ->    33(time 21036 - 05:50:36)(time 21283 - 05:54:43) ->    32(time 21533 - 05:58:53)(time 21814 - 06:03:34) ->    31(time 22086 - 06:08:06)(time 22332 - 06:12:12) ->    30(time 22582 - 06:16:22)(time 22867 - 06:21:07) ->    29(time 22936 - 06:22:16)(time 23184 - 06:26:24) ->    28(time 23232 - 06:27:12)(time 23496 - 06:31:36) ->    27(time 23565 - 06:32:45)(time 23845 - 06:37:25) ->    26(time 23914 - 06:38:34)(time 24186 - 06:43:06) ->    25(time 24255 - 06:44:15)(time 24526 - 06:48:46) ->    24(time 24595 - 06:49:55)(time 24838 - 06:53:58) ->    23(time 24907 - 06:55:07)(time 25156 - 06:59:16) ->    22(time 25225 - 07:00:25)(time 25492 - 07:04:52) ->    21(time 25561 - 07:06:01)(time 25825 - 07:10:25) ->    20(time 26206 - 07:16:46)(time 26494 - 07:21:34) ->    19(time 26563 - 07:22:43)(time 26844 - 07:27:24) ->    18(time 26913 - 07:28:33)(time 27172 - 07:32:52) ->    17(time 27422 - 07:37:02)(time 27422 - 07:37:02) -> 0
