t6p19r2h1.txt:
   > Trying to open the instance file...
   > Reading number of trains...
   > Reading maximum number of trips per train...
   > Reading time intervals...
   > Reading number of points...
   > Reading stations...
   > Reading crossings...
   > Reading depots...
   > Reading initial point...
   > Reading routes...
   > Reading distance and distance and service...
   > Reading demands...
   > Reading maximum time...
   > Reading alpha...

--------------------------------
 Printing instance
--------------------------------
number of trains = 6
	max trips per trains: 2     2     2     2     2     2
number of intervals = 1
	(0,  51917)
number of points = 19
	initial point: 0
	stations: 0     1     2     3     4     5     6     7     8     9    10    12    13    14    15    16    17    18
	crossings: 0     1     4     9    11    18
	depots: 0    18
number of vertices = 38
	total vertices: 0     1     2     3     4     5     6     7     8     9    10    11    12    13    14    15    16    17    18    19    20    21    22    23    24    25    26    27    28    29    30    31    32    33    34    35    36    37
	upper vertices: 0     1     2     3     4     5     6     7     8     9    10    11    12    13    14    15    16    17    18
	lower vertices: 19    20    21    22    23    24    25    26    27    28    29    30    31    32    33    34    35    36    37
	vertices of point #0: (0, 19)
	vertices of point #1: (1, 20)
	vertices of point #2: (2, 21)
	vertices of point #3: (3, 22)
	vertices of point #4: (4, 23)
	vertices of point #5: (5, 24)
	vertices of point #6: (6, 25)
	vertices of point #7: (7, 26)
	vertices of point #8: (8, 27)
	vertices of point #9: (9, 28)
	vertices of point #10: (10, 29)
	vertices of point #11: (11, 30)
	vertices of point #12: (12, 31)
	vertices of point #13: (13, 32)
	vertices of point #14: (14, 33)
	vertices of point #15: (15, 34)
	vertices of point #16: (16, 35)
	vertices of point #17: (17, 36)
	vertices of point #18: (18, 37)

arcs...
	total arcs: 
		arc #0: (0, 1)
		arc #1: (0, 19)
		arc #2: (19, 0)
		arc #3: (1, 2)
		arc #4: (20, 19)
		arc #5: (2, 3)
		arc #6: (21, 20)
		arc #7: (3, 4)
		arc #8: (22, 21)
		arc #9: (4, 5)
		arc #10: (23, 22)
		arc #11: (5, 6)
		arc #12: (24, 23)
		arc #13: (6, 7)
		arc #14: (25, 24)
		arc #15: (7, 8)
		arc #16: (26, 25)
		arc #17: (8, 9)
		arc #18: (27, 26)
		arc #19: (9, 10)
		arc #20: (28, 27)
		arc #21: (10, 11)
		arc #22: (29, 28)
		arc #23: (11, 12)
		arc #24: (30, 29)
		arc #25: (12, 13)
		arc #26: (31, 30)
		arc #27: (13, 14)
		arc #28: (32, 31)
		arc #29: (14, 15)
		arc #30: (33, 32)
		arc #31: (15, 16)
		arc #32: (34, 33)
		arc #33: (16, 17)
		arc #34: (35, 34)
		arc #35: (17, 18)
		arc #36: (36, 35)
		arc #37: (37, 36)
		arc #38: (18, 37)
		arc #39: (37, 18)

	reverse arcs: 
		arc #1: (0, 19)
		arc #2: (19, 0)
		arc #38: (18, 37)
		arc #39: (37, 18)


incompatible points...
	(0, 0, 20, (0, 1))	(20, 20, 0, (20, 19))	(1, 3, 23, (3, 4))	(23, 21, 1, (21, 20))	(4, 8, 28, (8, 9))	(28, 24, 4, (24, 23))	(9, 10, 30, (10, 11))	(30, 29, 9, (29, 28))	(11, 17, 37, (17, 18))	(37, 31, 11, (31, 30))

number of routes = 2
vertices of routes...
	route #0: 0     1     2     3     4     5     6     7     8     9    10    11    12    13    14    15    16    17    18    37    36    35    34    33    32    31    30    29    28    27    26    25    24    23    22    21    20    19     0
	route #1: 37    36    35    34    33    32    31    30    29    28    27    26    25    24    23    22    21    20    19     0     1     2     3     4     5     6     7     8     9    10    11    12    13    14    15    16    17    18    37
arcs of routes...
	route #0: 0     3     5     7     9    11    13    15    17    19    21    23    25    27    29    31    33    35    38    37    36    34    32    30    28    26    24    22    20    18    16    14    12    10     8     6     4     2
	route #1: 37    36    34    32    30    28    26    24    22    20    18    16    14    12    10     8     6     4     2     0     3     5     7     9    11    13    15    17    19    21    23    25    27    29    31    33    35    38

incompatible routes...
	(0, 1)    	(1, 0)

vertices that can be adjacent in consecutive trips...
	(0, 0)    	(37, 37)
non cyclical routes: 


routes of trip...
	routes that train #0 can complete at trip #0: 0
	routes that train #0 can complete at trip #1: 0       1

	routes that train #1 can complete at trip #0: 0
	routes that train #1 can complete at trip #1: 0       1

	routes that train #2 can complete at trip #0: 0
	routes that train #2 can complete at trip #1: 0       1

	routes that train #3 can complete at trip #0: 0
	routes that train #3 can complete at trip #1: 0       1

	routes that train #4 can complete at trip #0: 0
	routes that train #4 can complete at trip #1: 0       1

	routes that train #5 can complete at trip #0: 0
	routes that train #5 can complete at trip #1: 0       1

 cost...
	arc #0 [0][1]: 368
	arc #1 [0][19]: 0
	arc #2 [19][0]: 0
	arc #3 [1][2]: 397
	arc #4 [20][19]: 368
	arc #5 [2][3]: 419
	arc #6 [21][20]: 397
	arc #7 [3][4]: 380
	arc #8 [22][21]: 419
	arc #9 [4][5]: 405
	arc #10 [23][22]: 380
	arc #11 [5][6]: 355
	arc #12 [24][23]: 405
	arc #13 [6][7]: 393
	arc #14 [25][24]: 355
	arc #15 [7][8]: 407
	arc #16 [26][25]: 393
	arc #17 [8][9]: 356
	arc #18 [27][26]: 407
	arc #19 [9][10]: 362
	arc #20 [28][27]: 356
	arc #21 [10][11]: 374
	arc #22 [29][28]: 362
	arc #23 [11][12]: 391
	arc #24 [30][29]: 374
	arc #25 [12][13]: 366
	arc #26 [31][30]: 391
	arc #27 [13][14]: 402
	arc #28 [32][31]: 366
	arc #29 [14][15]: 413
	arc #30 [33][32]: 402
	arc #31 [15][16]: 397
	arc #32 [34][33]: 413
	arc #33 [16][17]: 389
	arc #34 [35][34]: 397
	arc #35 [17][18]: 383
	arc #36 [36][35]: 389
	arc #37 [37][36]: 383
	arc #38 [18][37]: 0
	arc #39 [37][18]: 0

cost with minimum service...
	arc #0 [0][1]: 487
	arc #1 [0][19]: 0
	arc #2 [19][0]: 0
	arc #3 [1][2]: 516
	arc #4 [20][19]: 647
	arc #5 [2][3]: 538
	arc #6 [21][20]: 516
	arc #7 [3][4]: 499
	arc #8 [22][21]: 538
	arc #9 [4][5]: 524
	arc #10 [23][22]: 499
	arc #11 [5][6]: 474
	arc #12 [24][23]: 524
	arc #13 [6][7]: 512
	arc #14 [25][24]: 474
	arc #15 [7][8]: 526
	arc #16 [26][25]: 512
	arc #17 [8][9]: 475
	arc #18 [27][26]: 526
	arc #19 [9][10]: 481
	arc #20 [28][27]: 475
	arc #21 [10][11]: 457
	arc #22 [29][28]: 481
	arc #23 [11][12]: 510
	arc #24 [30][29]: 493
	arc #25 [12][13]: 485
	arc #26 [31][30]: 474
	arc #27 [13][14]: 521
	arc #28 [32][31]: 485
	arc #29 [14][15]: 532
	arc #30 [33][32]: 521
	arc #31 [15][16]: 516
	arc #32 [34][33]: 532
	arc #33 [16][17]: 508
	arc #34 [35][34]: 516
	arc #35 [17][18]: 662
	arc #36 [36][35]: 508
	arc #37 [37][36]: 502
	arc #38 [18][37]: 0
	arc #39 [37][18]: 0

cost with maximum service...
	arc #0 [0][1]: 816
	arc #1 [0][19]: 448
	arc #2 [19][0]: 448
	arc #3 [1][2]: 845
	arc #4 [20][19]: 816
	arc #5 [2][3]: 867
	arc #6 [21][20]: 845
	arc #7 [3][4]: 828
	arc #8 [22][21]: 867
	arc #9 [4][5]: 853
	arc #10 [23][22]: 828
	arc #11 [5][6]: 803
	arc #12 [24][23]: 853
	arc #13 [6][7]: 841
	arc #14 [25][24]: 803
	arc #15 [7][8]: 855
	arc #16 [26][25]: 841
	arc #17 [8][9]: 804
	arc #18 [27][26]: 855
	arc #19 [9][10]: 810
	arc #20 [28][27]: 804
	arc #21 [10][11]: 822
	arc #22 [29][28]: 810
	arc #23 [11][12]: 839
	arc #24 [30][29]: 822
	arc #25 [12][13]: 814
	arc #26 [31][30]: 839
	arc #27 [13][14]: 850
	arc #28 [32][31]: 814
	arc #29 [14][15]: 861
	arc #30 [33][32]: 850
	arc #31 [15][16]: 845
	arc #32 [34][33]: 861
	arc #33 [16][17]: 837
	arc #34 [35][34]: 845
	arc #35 [17][18]: 831
	arc #36 [36][35]: 837
	arc #37 [37][36]: 831
	arc #38 [18][37]: 448
	arc #39 [37][18]: 448

demands...
	demands of vertex 0 at time interval: 9
	demands of vertex 1 at time interval: 9
	demands of vertex 2 at time interval: 9
	demands of vertex 3 at time interval: 9
	demands of vertex 4 at time interval: 9
	demands of vertex 5 at time interval: 9
	demands of vertex 6 at time interval: 9
	demands of vertex 7 at time interval: 9
	demands of vertex 8 at time interval: 9
	demands of vertex 9 at time interval: 9
	demands of vertex 10 at time interval: 9
	demands of vertex 11 at time interval: 0
	demands of vertex 12 at time interval: 9
	demands of vertex 13 at time interval: 9
	demands of vertex 14 at time interval: 9
	demands of vertex 15 at time interval: 9
	demands of vertex 16 at time interval: 9
	demands of vertex 17 at time interval: 9
	demands of vertex 18 at time interval: 0
	demands of vertex 19 at time interval: 0
	demands of vertex 20 at time interval: 9
	demands of vertex 21 at time interval: 9
	demands of vertex 22 at time interval: 9
	demands of vertex 23 at time interval: 9
	demands of vertex 24 at time interval: 9
	demands of vertex 25 at time interval: 9
	demands of vertex 26 at time interval: 9
	demands of vertex 27 at time interval: 9
	demands of vertex 28 at time interval: 9
	demands of vertex 29 at time interval: 9
	demands of vertex 30 at time interval: 0
	demands of vertex 31 at time interval: 9
	demands of vertex 32 at time interval: 9
	demands of vertex 33 at time interval: 9
	demands of vertex 34 at time interval: 9
	demands of vertex 35 at time interval: 9
	demands of vertex 36 at time interval: 9
	demands of vertex 37 at time interval: 9

maximum time = 51917
alpha = 75

>> Solving...
Version identifier: 20.1.0.0 | 2020-11-10 | 9bedb6d68
CPXPARAM_Threads                                 1
CPXPARAM_TimeLimit                               43200
Aggregator has done 885 substitutions...
Tried aggregator 4 times.
MIP Presolve eliminated 133754 rows and 17574 columns.
MIP Presolve modified 234420 coefficients.
Aggregator did 1368 substitutions.
Reduced MIP has 405829 rows, 156229 columns, and 983713 nonzeros.
Reduced MIP has 155772 binaries, 0 generals, 0 SOSs, and 0 indicators.
Presolve time = 58.45 sec. (19241.27 ticks)
Probing fixed 58 vars, tightened 330 bounds.
Probing time = 26.95 sec. (4037.31 ticks)
Cover probing fixed 0 vars, tightened 1 bounds.
Tried aggregator 1 time.
Detecting symmetries...
Elapsed time for symmetry detection = 52.72 sec. (10001.13 ticks)
Elapsed time for symmetry detection = 104.06 sec. (20003.60 ticks)
Elapsed time for symmetry detection = 155.23 sec. (30008.50 ticks)
Elapsed time for symmetry detection = 207.24 sec. (40009.76 ticks)
Elapsed time for symmetry detection = 259.89 sec. (50011.46 ticks)
Elapsed time for symmetry detection = 308.37 sec. (60015.59 ticks)
Elapsed time for symmetry detection = 358.70 sec. (70018.61 ticks)
Elapsed time for symmetry detection = 409.06 sec. (80019.55 ticks)
Elapsed time for symmetry detection = 459.26 sec. (90022.92 ticks)
Elapsed time for symmetry detection = 507.33 sec. (100027.73 ticks)
Found 1.857553e+222390 symmetric permutations.
MIP Presolve eliminated 174 rows and 58 columns.
MIP Presolve modified 15330 coefficients.
Reduced MIP has 405655 rows, 156171 columns, and 983249 nonzeros.
Reduced MIP has 155714 binaries, 0 generals, 0 SOSs, and 0 indicators.
Presolve time = 553.23 sec. (108743.22 ticks)
Probing fixed 62 vars, tightened 12 bounds.
Probing time = 27.85 sec. (2699.37 ticks)
Clique table members: 649255.
MIP emphasis: balance optimality and feasibility.
MIP search method: dynamic search.
Parallel mode: none, using 1 thread.
Root relaxation solution time = 614.94 sec. (146827.21 ticks)

        Nodes                                         Cuts/
   Node  Left     Objective  IInf  Best Integer    Best Bound    ItCnt     Gap

      0     0       57.0734 77944                     57.0734    87616         
      0     0      196.1120 78212                  Cuts: 8850    94597         
      0     0     5075.3464 71638                  Cuts: 9270   117519         
      0     0     5408.8994 70467                  Cuts: 7673   119381         
      0     0     7075.3836 68016                  Cuts: 8804   130251         
      0     0     8023.9882 70773                  Cuts: 9999   133374         

Repeating presolve.
Tried aggregator 1 time.
MIP Presolve eliminated 374886 rows and 149942 columns.
MIP Presolve modified 1257 coefficients.
Reduced MIP has 30769 rows, 6229 columns, and 83268 nonzeros.
Reduced MIP has 5772 binaries, 0 generals, 0 SOSs, and 0 indicators.
Presolve time = 1.78 sec. (1124.76 ticks)
Probing fixed 0 vars, tightened 12 bounds.
Probing time = 0.16 sec. (97.54 ticks)
Tried aggregator 1 time.
Detecting symmetries...
MIP Presolve modified 498 coefficients.
Reduced MIP has 30769 rows, 6229 columns, and 83268 nonzeros.
Reduced MIP has 5772 binaries, 0 generals, 0 SOSs, and 0 indicators.
Presolve time = 0.58 sec. (265.03 ticks)
Represolve time = 7.20 sec. (3959.63 ticks)
Probing fixed 0 vars, tightened 6 bounds.
Probing time = 0.11 sec. (74.01 ticks)
Clique table members: 49119.
MIP emphasis: balance optimality and feasibility.
MIP search method: dynamic search.
Parallel mode: none, using 1 thread.
Root relaxation solution time = 1.32 sec. (1306.88 ticks)

        Nodes                                         Cuts/
   Node  Left     Objective  IInf  Best Integer    Best Bound    ItCnt     Gap

      0     0     8023.9882  3137                   8023.9882   138517         
      0     0     8082.7558  2900                  Cuts: 1513   138941         
      0     0     8165.5833  2890                   Cuts: 734   139077         
      0     0     8202.4998  2856                   Cuts: 259   139301         
      0     0     8205.1195  3031                   Cuts: 324   139429         
      0     0     8205.1195  3058                   Cuts: 238   139502         
      0     0    18446.2623  3591                  Cuts: 7792   145691         
      0     0    18467.1513  3612                  Cuts: 7671   149468         
      0     0    18476.9655  3686                  Cuts: 2594   151597         
      0     0    18477.5421  3636                  Cuts: 1128   152840         
      0     0    18483.5000  3674                  Cuts: 1767   154119         
      0     0    18483.5000  3858                  Cuts: 1096   156263         
      0     2    18483.5000  3054                  18496.0000   156263         
Elapsed time = 3873.03 sec. (845552.74 ticks, tree = 0.01 MB, solutions = 0)
      2     4    18565.2328  2842                  18640.0000   158217         
      3     5    18844.0000  3078                  18640.0000   160161         
      5     7    37171.0000  1624                  18640.0000   163948         
     10    12    18725.0000  2308                  18640.0000   166709         
     11    13    37171.0000  1718                  18640.0000   168633         
     12    14    18725.0000  1970                  18640.0000   169678         
     20    20    18725.0000  1961                  18640.0000   169763         
     26    26    27589.0000  1519                  18640.0000   173700         
     34    33    37171.0000  1410                  18640.0000   175564         
     70    64    37647.0000   394                  18640.0000   178944         
Elapsed time = 3884.23 sec. (851725.79 ticks, tree = 0.51 MB, solutions = 0)
    136    89    37807.0000   334                  18640.0000   179932         
    171   116    18844.0000  2140                  18725.0000   184630         
    180   125    18844.0000  2018                  18725.0000   190847         
    203   148    18844.0000   971                  18725.0000   196375         
    233   172    19082.0000   797                  18725.0000   199464         
    289   186    infeasible                        18725.0000   201369         
    339   207    27827.0000  1489                  18725.0000   206198         
    380   236    28183.0000   468                  18725.0000   208326         
    403   249    32812.0000   592                  18725.0000   212111         
    459   273    31989.0000   548                  18725.0000   216256         
Elapsed time = 3933.28 sec. (861796.28 ticks, tree = 2.48 MB, solutions = 0)
    502   308    27708.0000   400                  18725.0000   219644         
    530   326    27987.0000  1136                  18725.0000   223235         
    595   348    27943.0000  1639                  18725.0000   226854         
    631   375    28463.0000   650                  18725.0000   230825         
    638   375    21874.3604  1762                  18725.0000   237717         
    693   429    46035.0000   300                  18725.0000   241855         
    728   452    37290.4216   668                  18725.0000   246936         
    772   481    18725.0000  2857                  18725.0000   254745         
    773   482    18725.0000  2786                  18725.0000   259663         
    775   484    18725.3463  2669                  18725.0000   269160         
Elapsed time = 4017.77 sec. (878113.32 ticks, tree = 4.55 MB, solutions = 0)
    784   493    18844.0000  2164                  18725.0000   275730         
    792   501    19123.0000  2005                  18725.0000   282007         
    813   514    infeasible                        18725.0000   286789         
    880   543    38045.0000   602                  18725.0000   288279         
    911   548    21188.0234  1826                  18725.0000   293343         
    943   565    28147.0000   533                  18725.0000   297610         
   1000   600    30022.0000   266                  18725.0000   299680         
   1005   600    18844.1729  2499                  18725.0000   304146         
   1013   608    18844.0596  1566                  18725.0000   307764         
   1029   624    19004.0000  1547                  18725.0000   312937         
Elapsed time = 4066.68 sec. (888614.46 ticks, tree = 5.85 MB, solutions = 0)
   1049   642    19242.2651  1064                  18725.0000   318695         
   1076   655    18725.1088  2383                  18725.0000   326386         
   1087   666    19123.0000  1675                  18725.0000   332279         
   1105   676    37171.0000  1606                  18725.0000   338965         
   1124   689    18725.2020  3351                  18725.0000   347081         
   1126   691    18844.0000  2724                  18725.0000   353117         
   1127   692    19123.0000  3218                  18725.0000   358144         
   1130   695    19402.0000  2324                  18725.0000   364712         
   1135   698    26152.0000  1135                  18725.0000   370989         
   1160   710    18725.0000  3127                  18725.0000   380295         
Elapsed time = 4151.79 sec. (904344.24 ticks, tree = 6.57 MB, solutions = 0)
   1161   711    18725.0000  3078                  18725.0000   384920         
   1163   713    18844.0000  2865                  18725.0000   390563         
   1166   716    18844.0000  2746                  18725.0000   398142         
   1171   721    19123.0000  2066                  18725.0000   405092         
   1177   727    19800.0000  1720                  18725.0000   411906         
   1202   746    38324.0000   692                  18725.0000   416993         
   1213   749    18725.0000  3130                  18725.0000   424894         
   1215   751    18725.0000  2915                  18725.0000   428589         
   1216   752    18725.0000  2672                  18725.0000   435408         
   1221   757    19123.0000  2331                  18725.0000   441684         
Elapsed time = 4225.40 sec. (919390.73 ticks, tree = 6.96 MB, solutions = 0)
   1236   771    19283.0000  1266                  18725.0000   447392         
   1240   772    18725.0000  2393                  18725.0000   457038         
   1241   773    18725.1325  2097                  18725.0000   464203         
   1244   776    19004.0000  2401                  18725.0000   469658         
   1248   780    18844.4946  2131                  18725.0000   475176         
   1255   787    19004.4946  1842                  18725.0000   480984         
   1286   813    29299.0000   584                  18725.0000   484991         
   1325   840    44438.0000   438                  18725.0000   488830         
   1354   857    18725.0000  2795                  18725.0000   498206         
   1355   858    18725.0000  2749                  18725.0000   503281         
Elapsed time = 4316.71 sec. (934952.99 ticks, tree = 7.88 MB, solutions = 0)
   1356   859    18725.0000  2482                  18725.0000   509498         
   1358   861    18725.0000  2475                  18725.0000   517284         
   1360   863    18725.2110  2236                  18725.0000   523417         
   1364   865    18844.2836  1860                  18725.0000   529370         
   1372   873    19123.0000  1202                  18725.0000   535964         
   1403   896    19279.2657   932                  18725.0000   539921         
   1428   919    19398.0693   790                  18725.0000   544334         
   1452   935    37290.0000  1625                  18725.0000   548939         
   1479   956    18844.0000  2420                  18725.0000   554290         
   1480   957    19004.0000  2140                  18725.0000   558876         
Elapsed time = 4391.67 sec. (948455.69 ticks, tree = 8.79 MB, solutions = 0)
   1481   958    19123.0000  1721                  18725.0000   561731         
   1493   970    19480.0000  2344                  18725.0000   567465         
   1529   986    19004.0000  2701                  18725.0000   578440         
   1532   989    19004.0000  2428                  18725.0000   583463         
   1536   993    19123.0000  2634                  18725.0000   589512         
   1540   997    19402.0000  1947                  18725.0000   594437         
   1546  1001    19521.0000  1973                  18725.0000   600153         
   1570  1023    19796.5000  1232                  18725.0000   605097         
   1616  1051    20120.0000   594                  18725.0000   607569         
   1632  1060    18725.0000  3134                  18725.0000   618958         
Elapsed time = 4495.80 sec. (972506.33 ticks, tree = 9.69 MB, solutions = 0)
   1633  1061    18725.0000  3154                  18725.0000   624579         
   1635  1061    18725.0000  3083                  18725.0000   631473         
   1636  1062    18725.0000  2824                  18725.0000   636039         
   1639  1065    18725.1152  2352                  18725.0000   645303         
   1641  1067    18844.0000  1433                  18725.0000   652300         
   1647  1073    19283.0000  1641                  18725.0000   658065         
   1655  1081    19640.0000  1252                  18725.0000   663518         
   1689  1100    18963.0000  2691                  18725.0000   670961         
   1692  1103    18963.0000  2657                  18725.0000   676972         
   1734  1138    19681.0000   807                  18725.0000   696746         
Elapsed time = 4589.24 sec. (990083.36 ticks, tree = 10.34 MB, solutions = 0)
   1760  1157    19004.0000  1927                  18725.0000   710823         
   1836  1212    18844.0000  2227                  18725.0000   732917         
   1840  1216    18844.0000  2003                  18725.0000   743769         
   1855  1228    infeasible                        18725.0000   761122         
   1857  1228    infeasible                        18725.0000   764911         
   1859  1226    infeasible                        18725.0000   768757         
   1860  1227    18725.0000  2839                  18725.0000   783908         
   1867  1234    20330.6310  1285                  18725.0000   804458         
   1938  1283    26431.0000   426                  18725.0000   824857         
   1965  1293    18844.0000  2057                  18725.0000   839880         
Elapsed time = 4846.08 sec. (1051116.84 ticks, tree = 11.74 MB, solutions = 0)
   2042  1341    18844.2836  2792                  18725.0000   863604         
   2051  1350    19402.2657  1858                  18725.0000   882372         
   2085  1378    18844.0000  2360                  18725.0000   902011         
   2094  1384    25508.0000  1442                  18725.0000   924355         
   2137  1413    26193.0000   866                  18725.0000   943261         
   2182  1443    18881.5000  1920                  18725.0000   958968         
   2203  1452    20521.1194  2201                  18725.0000   979957         
   2263  1498    18725.0000  2795                  18725.0000   998203         
   2265  1500    18725.0000  2513                  18725.0000  1015586         
   2273  1508    18844.1418  2187                  18725.0000  1034639         
Elapsed time = 5100.39 sec. (1103273.21 ticks, tree = 13.67 MB, solutions = 0)
   2314  1534    18725.0000  2343                  18725.0000  1057544         
   2319  1539    18742.0000  2074                  18725.0000  1076510         
   2355  1559    infeasible                        18725.0000  1102075         
   2356  1560    18725.0000  2849                  18725.0000  1114108         
   2360  1564    25475.0000  1769                  18725.0000  1133066         
   2372  1570    18844.2836  2345                  18725.1088  1149564         
   2396  1582    19004.0000  2158                  18725.1088  1170408         
   2410  1593    26431.0000  1365                  18725.1088  1195386         
   2461  1626    21555.0000  1789                  18725.1152  1214525         
   2483  1643    19041.5000  1928                  18725.1152  1237490         
Elapsed time = 5197.41 sec. (1149243.27 ticks, tree = 14.77 MB, solutions = 0)
   2499  1649    18725.1826  1998                  18725.1152  1255019         
   2530  1669    18725.1731  2062                  18725.1731  1272936         
   2642  1724    18844.0000  2163                  18725.1731  1293426         
   2643  1725    19123.2657  1470                  18725.1731  1298542         
   2701  1758    18725.1731  1794                  18725.1731  1321477         
   2783  1812    18725.1731  2089                  18725.1731  1341393         
   2813  1833    18725.1731  2066                  18725.1731  1363934         
   2844  1856    26793.0000   924                  18725.1731  1384703         
   2929  1899    25914.0000  1591                  18725.1826  1401046         
   3006  1941    25440.5508  1479                  18725.2020  1418374         
Elapsed time = 5410.41 sec. (1196824.08 ticks, tree = 17.61 MB, solutions = 0)
   3029  1956    19242.0000  1693                  18725.2020  1436619         
   3032  1959    19283.0000  1737                  18725.2020  1442880         
   3033  1960    25635.0000  1667                  18725.2020  1445415         
   3057  1975    19004.0000  1810                  18725.2020  1460921         
   3070  1988    19361.0915  1570                  18725.2020  1480318         
   3085  2000    19004.2595  1862                  18725.2110  1499850         
   3098  2011    25494.0000  1566                  18725.2110  1525019         
   3163  2055    19283.0000  1695                  18725.2774  1542625         
   3198  2077    18864.7252  2365                  18725.2776  1566536         
   3246  2107    18963.2254  1915                  18725.2776  1589154         
Elapsed time = 5647.75 sec. (1255667.34 ticks, tree = 19.13 MB, solutions = 0)
   3255  2116    19083.5542  1545                  18725.2776  1610707         
   3328  2172    18802.5252  2362                  18725.2776  1626336         
   3356  2194    18997.7973  2171                  18725.2776  1652892         
   3377  2209    19681.0000  2233                  18725.2776  1673854         
   3432  2239    18997.7973  2092                  18725.3463  1699689         
   3441  2247    19283.0000  1704                  18725.3463  1722452         
   3449  2251    25635.0000  1595                  18725.3463  1743374         
   3469  2263    18963.0000  2611                  18725.3463  1762740         
   3473  2267    18963.0000  2428                  18725.3463  1782336         
   3479  2273    18963.0000  2106                  18725.3463  1802650         
Elapsed time = 5822.02 sec. (1305215.31 ticks, tree = 20.60 MB, solutions = 0)
   3484  2276    infeasible                        18725.3463  1822142         
   3495  2281    19123.2836  1608                  18725.4059  1841432         
   3505  2291    21861.3431  1317                  18725.4059  1866114         
   3517  2299    19046.2754  1648                  18725.4059  1879883         
   3587  2344    27387.0000   796                  18725.4059  1899520         
   3662  2384    18742.0000  1992                  18725.4214  1919315         
   3676  2392    infeasible                        18725.4214  1942305         
   3771  2444    18725.4946  2051                  18725.4917  1953904         
   3777  2450    19283.0000  1407                  18725.4917  1976251         
   3808  2464    19004.0000  1956                  18740.0503  1996584         
Elapsed time = 6087.11 sec. (1356701.15 ticks, tree = 22.38 MB, solutions = 0)
   3824  2476    25187.0000  1682                  18740.0503  2021054         
   3893  2503    18803.4946  1887                  18742.0000  2044273         
   3911  2514    19123.2836  2059                  18742.0000  2068008         
   3949  2534    18963.0000  2064                  18742.0000  2085394         
   3952  2537    19242.2085  1824                  18742.0000  2094135         
   3964  2541    18742.0000  2075                  18742.0000  2109155         
   3973  2550    25754.0000  1677                  18742.0000  2127268         
   3995  2570    19521.2657  1135                  18742.0000  2149750         
   4033  2595    infeasible                        18742.0000  2164783         
   4050  2604    18844.0000  1617                  18742.0000  2183948         
Elapsed time = 6368.82 sec. (1406493.35 ticks, tree = 23.58 MB, solutions = 0)
   4066  2608    20671.2893  1786                  18742.0000  2208839         
   4087  2620    21861.3431  1504                  18746.9619  2229045         
   4100  2628    25393.5000  1401                  18776.0908  2248937         
   4157  2661    19013.2251  1711                  18776.0908  2267368         
   4162  2664    20602.0399  1018                  18776.0908  2273349         
   4176  2674    19004.0000  1869                  18776.0908  2294235         
   4202  2686    18844.2582  1938                  18776.0908  2316256         
   4207  2691    25594.0000  1519                  18776.0908  2331387         
   4264  2734    26193.0000  1162                  18776.0908  2352605         
   4308  2753    19123.0000  1832                  18790.6299  2376285         
Elapsed time = 6490.74 sec. (1454084.24 ticks, tree = 24.89 MB, solutions = 0)
   4328  2760    26271.0000  1856                  18800.0000  2398489         
   4404  2794    20887.2576  1584                  18800.0000  2420384         

Performing restart 1

Repeating presolve.
Tried aggregator 2 times.
MIP Presolve eliminated 9619 rows and 1031 columns.
MIP Presolve modified 12657 coefficients.
Aggregator did 793 substitutions.
Reduced MIP has 20357 rows, 4346 columns, and 56845 nonzeros.
Reduced MIP has 3889 binaries, 0 generals, 0 SOSs, and 0 indicators.
Presolve time = 0.42 sec. (247.32 ticks)
Tried aggregator 1 time.
MIP Presolve modified 314 coefficients.
Reduced MIP has 20357 rows, 4346 columns, and 56845 nonzeros.
Reduced MIP has 3889 binaries, 0 generals, 0 SOSs, and 0 indicators.
Presolve time = 0.24 sec. (141.69 ticks)
Represolve time = 1.21 sec. (692.66 ticks)
   4410     0    18498.0055  2626                  Cuts: 2780  2429569         
   4410     0    18541.1096  2280                  Cuts: 2592  2431362         
   4410     0    18546.0035  2255                  Cuts: 2542  2432438         
   4410     0    18546.8795  2419                  Cuts: 5189  2433894         
   4410     0    18553.6879  2135                  Cuts: 5189  2435954         
   4410     0    18570.4401  2230                  Cuts: 2434  2437465         
   4410     0    18599.1785  2056                  Cuts: 1510  2438868         
   4410     0    18603.8326  2203                  Cuts: 3943  2439807         
   4410     0    18625.6263  1957                  Cuts: 5189  2441444         
   4410     0    18625.6263  2003                  Cuts: 3476  2442558         
   4410     2    18625.6263  1930                  18800.0000  2442558         
   4510    67    18844.0000  1406                  18800.0000  2454413         
   4640   141    19004.0000  1167                  18800.0000  2467557         
   4721   186    19283.0000   520                  18844.0000  2479254         
   4826   261    18908.4689  1446                  18844.0000  2493523         
   4889   314    19123.0000  1303                  18844.0000  2512925         
   4962   372    19004.0000   851                  18844.0000  2526410         
   5128   484    19123.0000   648                  18844.0000  2541766         
Elapsed time = 6707.88 sec. (1543826.74 ticks, tree = 3.52 MB, solutions = 0)
   5222   544    19283.0000   997                  19004.0000  2562189         
   5354   640    20358.0000   570                  19004.0000  2575556         

Performing restart 2

Repeating presolve.
Tried aggregator 2 times.
MIP Presolve eliminated 73 rows and 21 columns.
MIP Presolve modified 1875 coefficients.
Aggregator did 18 substitutions.
Reduced MIP has 20266 rows, 4307 columns, and 65430 nonzeros.
Reduced MIP has 3850 binaries, 0 generals, 0 SOSs, and 0 indicators.
Presolve time = 0.36 sec. (223.84 ticks)
Tried aggregator 1 time.
Reduced MIP has 20266 rows, 4307 columns, and 65430 nonzeros.
Reduced MIP has 3850 binaries, 0 generals, 0 SOSs, and 0 indicators.
Presolve time = 0.31 sec. (160.13 ticks)
Represolve time = 1.92 sec. (580.80 ticks)
   5390     0    18632.6159  2400                  Cuts: 5166  2586464         
   5390     0    18633.3828  2464                  Cuts: 3869  2589409         
   5390     0    18636.6115  2645                  Cuts: 2935  2591799         
   5390     0    18636.6115  2270                   Cuts: 576  2592575         
   5390     0    18636.6115  2453                  Cuts: 5166  2593752         
   5390     0    18636.6115  2392                   Cuts: 937  2595005         
   5390     0    18636.6115  2430                  Cuts: 5166  2596614         
   5390     0    18636.6115  2344                   Cuts: 798  2597596         
   5390     0    18636.6115  2491                  Cuts: 4711  2598817         
   5390     0    18638.0479  2503                  Cuts: 1317  2599817         
   5390     2    18638.0479  2500                  19004.0000  2599817         
   5398    10    18729.0639  1039                  19004.0000  2600639         
   5412    22    25635.0000   426                  19004.0000  2602357         
   5421    31    25635.0000   518                  19004.0000  2603094         
   5429    35    18762.5000  1305                  19004.0000  2605980         
   5443    49    19004.5822   607                  19004.0000  2609617         
   5454    59    26312.0000   480                  19004.0000  2611252         
   5459    64    26472.0000   417                  19004.0000  2611630         
Elapsed time = 7068.22 sec. (1662536.38 ticks, tree = 0.36 MB, solutions = 0)
   5468    68    19004.0000   626                  19004.0000  2614239         
   5481    80    26193.0000   321                  19004.0000  2616074         
   5494    83    18963.0000  1082                  19004.0000  2616642         
   5500    89    26751.0000   394                  19004.0000  2618098         
   5508    93    infeasible                        19004.0000  2618648         
   5520   103    26312.0000   282                  19004.0000  2620175         
   5533   108    19033.6873   947                  19004.0000  2621659         
   5540   109    19123.0000  1122                  19004.0000  2625572         
   5549   114    18903.1102  1203                  19004.0000  2628788         
   5560   125    26193.0000   199                  19004.0000  2630574         
Elapsed time = 7153.76 sec. (1703702.49 ticks, tree = 0.72 MB, solutions = 0)
   5571   131    25997.0000   461                  19004.0000  2632948         
   5580   135    19063.1102   872                  19004.0000  2635435         
   5589   138    infeasible                        19004.0000  2637449         
   5600   149    26472.0000   624                  19004.0000  2640245         
   5608   149    infeasible                        19004.0000  2642915         
   5614   151    infeasible                        19004.0000  2647339         
   5623   160    26870.0000   424                  19004.0000  2650023         
   5633   160    infeasible                        19004.0000  2652609         
   5641   164    19283.0000   718                  19004.0000  2657579         
   5653   174    infeasible                        19004.0000  2659308         
Elapsed time = 7207.97 sec. (1745094.33 ticks, tree = 1.02 MB, solutions = 0)
   5660   179    19283.0000   813                  19004.0000  2662396         
   5668   181    infeasible                        19004.0000  2665900         
   5678   189    26472.0000   530                  19004.0000  2669598         
   5686   193    19004.0000   881                  19004.0000  2670539         
   5699   204    infeasible                        19004.0000  2672960         
   5709   214    28069.0000   234                  19004.0000  2673224         
   5721   223    26751.0000   151                  19004.0000  2673688         
   5735   229    25637.8148   479                  19004.0000  2675120         
   5750   237    infeasible                        19004.0000  2676970         
   5759   240    25635.0000   730                  19004.0000  2681804         
Elapsed time = 7261.72 sec. (1785574.59 ticks, tree = 1.41 MB, solutions = 0)
   5768   243    infeasible                        19004.0000  2683684         
   5775   248    26193.0000   568                  19004.0000  2685713         
   5782   251    infeasible                        19004.0000  2686404         
   5789   252    infeasible                        19004.0000  2686792         
   5802   263    19681.0000   629                  19004.0000  2689619         
   5814   263    infeasible                        19004.0000  2692047         
   5828   269    25635.0000   670                  19004.0000  2695731         
   5839   270    19005.3673   865                  19004.0000  2698386         
   5851   280    26751.0000   509                  19004.0000  2702557         
   5862   283    19283.0000   652                  19004.0000  2704544         
Elapsed time = 7315.40 sec. (1826878.05 ticks, tree = 1.68 MB, solutions = 0)
   5874   287    infeasible                        19004.0000  2706745         
   5888   295    19327.9110   479                  19004.0000  2708656         
   5898   297    19283.0000   961                  19004.0000  2711044         
   5907   300    infeasible                        19004.0000  2714387         
   5913   304    25635.0000  1087                  19004.0000  2719443         
   5923   311    26547.0000   471                  19004.0000  2721357         
   5936   320    25635.0000   485                  19004.0000  2724064         
   5943   327    26193.0000   427                  19004.0000  2724773         
   5952   330    19283.0000   808                  19004.0000  2725691         
   5965   339    27030.0000   306                  19004.0000  2728017         
Elapsed time = 7367.26 sec. (1868111.03 ticks, tree = 2.01 MB, solutions = 0)
   5975   345    26431.0000   568                  19004.0000  2729854         
   5983   349    26870.0000   299                  19004.0000  2730789         
   5997   357    19283.0000   947                  19004.0000  2734632         
   6009   365    19562.0000   598                  19004.0000  2738959         
   6017   373    28426.0000   326                  19004.0000  2739990         
   6027   376    19004.0000  1482                  19004.0000  2745308         
   6035   384    19283.0000  1181                  19004.0000  2751384         
   6042   391    26751.0000   548                  19004.0000  2754383         
   6051   394    19310.1687   812                  19004.0000  2758268         
   6060   401    26312.0000   485                  19004.0000  2760858         
Elapsed time = 7423.79 sec. (1910728.56 ticks, tree = 2.38 MB, solutions = 0)
   6067   403    19041.5000  1136                  19004.0000  2764619         
   6075   411    26312.0000   581                  19004.0000  2768070         
   6080   412    19041.5000  1505                  19004.0000  2772530         
   6093   423    19841.0000   755                  19004.0000  2777734         
   6106   429    19004.0000  1028                  19004.0000  2783332         
   6120   441    19562.0000   496                  19004.0000  2787154         
   6126   443    19004.0000  1360                  19004.0000  2792949         
   6132   449    26193.0000   845                  19004.0000  2800325         
   6141   452    infeasible                        19004.0000  2803571         
   6148   459    19342.1102   994                  19004.0000  2808870         
Elapsed time = 7480.04 sec. (1953750.36 ticks, tree = 2.72 MB, solutions = 0)
   6156   463    25635.0000  1267                  19004.0000  2813858         
   6166   473    25914.0000   783                  19004.0000  2817160         
   6176   477    19562.0000  1108                  19004.0000  2821643         
   6185   480    infeasible                        19004.0000  2826807         
   6193   486    26472.0000   515                  19004.0000  2828118         
   6198   489    26751.0000   253                  19004.0000  2828736         
   6212   493    19004.0000  1268                  19004.0000  2830962         
   6219   500    25635.0000   761                  19004.0000  2835035         
   6228   501    infeasible                        19004.0000  2836659         
   6237   504    25914.0000   673                  19004.0000  2839784         
Elapsed time = 7531.93 sec. (1994934.40 ticks, tree = 3.00 MB, solutions = 0)
   6245   510    26650.0000   650                  19004.0000  2842267         
   6251   514    26650.0000   467                  19004.0000  2842794         
   6258   517    19402.2328   868                  19004.0000  2846540         
   6262   519    infeasible                        19004.0000  2847694         
   6264   519    19283.0000  1460                  19004.0000  2850319         
   6272   525    infeasible                        19004.0000  2854707         
   6280   527    19004.0000  1152                  19004.0000  2857636         
   6290   532    infeasible                        19004.0000  2862656         
   6295   533    19283.0000  1160                  19004.0000  2866031         
   6301   539    19841.0000  1016                  19004.0000  2874110         
Elapsed time = 7585.41 sec. (2036662.80 ticks, tree = 3.23 MB, solutions = 0)
   6307   541    19009.0863  1210                  19004.0000  2882522         
   6315   549    19532.1155   685                  19004.0000  2886626         
   6326   546    19021.0552  1156                  19004.5803  2891678         
   6335   555    25635.0000   802                  19004.5803  2896092         
   6345   559    19562.0000   695                  19004.5803  2901125         
   6353   563    infeasible                        19004.5803  2901717         
   6360   567    19041.5000   905                  19004.5803  2905869         
   6372   577    26312.0000   370                  19004.5803  2908865         
   6382   583    26193.0000   379                  19004.5893  2914095         
   6393   592    26509.5000   257                  19004.5893  2916054         
Elapsed time = 7639.65 sec. (2078118.45 ticks, tree = 3.73 MB, solutions = 0)
   6399   594    19283.0000   925                  19005.3606  2920796         
   6407   602    26591.6200   462                  19005.3606  2922554         
   6410   605    28266.6200   370                  19005.3606  2922803         
   6418   609    28266.6200   287                  19005.3606  2923154         
   6421   608    infeasible                        19005.3606  2923260         
   6430   613    25914.0000   694                  19006.1694  2927223         
   6438   617    26033.0000   769                  19009.0863  2933632         
   6444   619    19288.0863  1019                  19009.0863  2938251         
   6451   624    27900.0863   606                  19009.0863  2942746         
   6462   629    25635.0000   776                  19009.0863  2947041         
Elapsed time = 7698.25 sec. (2121799.24 ticks, tree = 3.96 MB, solutions = 0)
   6471   634    infeasible                        19009.0863  2947781         
   6484   643    infeasible                        19009.0863  2948801         
   6491   646    26472.0000   682                  19009.0863  2952684         
   6507   656    25914.0000   391                  19021.0552  2954915         
   6517   662    25914.6200   380                  19021.0552  2956495         
   6529   664    25635.0000   846                  19021.0555  2961790         
   6540   669    25914.0000   694                  19021.8181  2967724         
   6547   670    25914.4714  1147                  19033.6873  2974533         
   6556   673    19286.6226   933                  19041.5000  2978062         
   6563   678    19562.0238   737                  19041.5000  2980827         
Elapsed time = 7753.44 sec. (2163539.04 ticks, tree = 4.27 MB, solutions = 0)
   6572   681    infeasible                        19041.5000  2982033         
   6581   688    25914.0000   902                  19041.5000  2986559         
   6588   693    26751.0000   720                  19041.5000  2992523         
   6595   696    19283.0000  1298                  19041.5000  2998601         
   6601   702    19283.0000   924                  19041.5000  3007665         
   6609   708    25915.8397   792                  19041.5000  3014684         
   6615   714    26473.8397   678                  19041.5000  3015094         
   6619   716    26870.8660   700                  19041.5000  3015930         
   6621   716    infeasible                        19041.5000  3016654         
   6626   719    25914.7194   687                  19041.5000  3021714         
Elapsed time = 7801.24 sec. (2206585.73 ticks, tree = 4.53 MB, solutions = 0)
   6637   720    25635.0000   924                  19041.5000  3027337         
   6642   721    26193.0000  1064                  19041.5000  3034738         
   6652   729    26751.0000   621                  19041.5000  3039790         
   6661   734    25914.7194   566                  19041.5000  3044930         
   6671   740    infeasible                        19041.5000  3045745         
   6679   744    26033.2328   593                  19041.5000  3051807         
   6691   752    28266.8660   282                  19041.5000  3053224         
   6699   754    infeasible                        19041.5000  3053324         
   6710   761    19562.0000   715                  19041.5000  3058794         
   6721   770    25914.0000   688                  19041.5000  3061464         
Elapsed time = 7842.30 sec. (2247433.59 ticks, tree = 4.86 MB, solutions = 0)
   6733   772    19041.5000  1217                  19041.5000  3062974         
   6741   780    25914.0000   828                  19041.5000  3068560         
   6749   784    26472.0000   644                  19041.5000  3071879         
   6756   785    19063.1102  1433                  19041.5000  3074758         
   6762   791    19562.0000  1082                  19041.5000  3079643         
   6773   792    19320.5000  1547                  19041.6322  3083841         
   6778   797    26753.1694   981                  19041.6322  3090377         
   6783   798    25635.0000  1051                  19043.1284  3096711         
   6792   805    28147.6200   619                  19043.1284  3100802         
   6800   813    29103.0000   180                  19043.1284  3101644         
Elapsed time = 7896.93 sec. (2288639.55 ticks, tree = 5.13 MB, solutions = 0)
   6814   823    19841.0000   912                  19043.1284  3103250         
   6822   824    25635.0000   861                  19049.5005  3108494         
   6829   827    29043.1102   568                  19049.5005  3112760         
   6836   830    26751.0000   381                  19049.5005  3117981         
   6843   833    32545.0000   525                  19058.2175  3121142         
   6851   835    26471.9999   512                  19063.1102  3128416         
   6858   836    19562.0000   726                  19063.1102  3132193         
   6863   841    19841.0000   683                  19063.1102  3137522         
   6871   843    infeasible                        19063.1102  3141311         
   6877   849    19841.0000   747                  19063.1102  3146721         
Elapsed time = 7950.54 sec. (2329060.96 ticks, tree = 5.37 MB, solutions = 0)
   6886   856    26870.0000   586                  19063.1102  3150299         
   6898   862    19563.3673  1004                  19063.1102  3152782         
   6904   866    infeasible                        19063.1102  3158377         
   6912   870    infeasible                        19063.1102  3163451         
   6916   872    25914.0000   766                  19063.1102  3170342         
   6925   877    26193.0000   834                  19063.1102  3175871         
   6933   877    infeasible                        19063.1102  3182273         
   6941   879    19283.0000   971                  19063.1102  3186830         
   6949   883    infeasible                        19063.1102  3190690         
   6959   885    26193.0000   731                  19063.1102  3194798         
Elapsed time = 8006.71 sec. (2370575.40 ticks, tree = 5.60 MB, solutions = 0)
   6966   890    28665.0550   364                  19063.1102  3197975         
   6974   891    19063.1102  1163                  19063.1102  3200490         
   6981   896    25914.0000   848                  19063.1102  3211404         
   6988   903    19841.0000   736                  19063.1102  3219070         
   6999   908    26751.0000   589                  19063.1102  3223746         
   7013   912    infeasible                        19063.1102  3227510         
   7022   913    19562.0000  1098                  19063.1102  3236294         
   7030   915    infeasible                        19063.1102  3241901         
   7039   917    infeasible                        19063.1102  3251103         
   7046   920    19563.3673  1130                  19063.5662  3254510         
Elapsed time = 8092.75 sec. (2413089.69 ticks, tree = 5.83 MB, solutions = 0)
   7051   921    19605.5860   649                  19063.6598  3258209         
   7060   922    25774.7463   551                  19079.0000  3265876         
   7073   927    19283.0249  1492                  19079.0000  3273607         
   7080   934    26472.0000   954                  19079.0000  3284457         
   7086   940    26472.0000   672                  19079.0000  3285593         
   7090   942    infeasible                        19079.0000  3287097         
   7102   946    19320.5000  1418                  19079.0000  3290461         
   7107   951    19328.5005  1153                  19079.0000  3297540         
   7117   957    26751.0000   365                  19079.0000  3302998         
   7121   957    19283.0000   747                  19080.1649  3304630         
Elapsed time = 8234.93 sec. (2456667.08 ticks, tree = 6.08 MB, solutions = 0)
   7130   964    26472.0000   394                  19080.1649  3309948         
   7141   973    26870.7387   188                  19080.1649  3310620         
   7153   979    26252.1102   646                  19080.1649  3317232         
   7166   988    26751.0000   329                  19080.1649  3319120         
   7174   988    19308.2119   870                  19123.0000  3324169         
   7185   989    19562.0000   918                  19123.0000  3328002         
   7193   995    infeasible                        19123.0000  3331580         
   7205  1005    28824.0000   232                  19123.0000  3333172         
   7218  1010    25635.0000   841                  19123.0000  3341137         
   7226  1014    19402.0000  1135                  19123.0000  3347364         
Elapsed time = 8346.88 sec. (2496888.95 ticks, tree = 6.47 MB, solutions = 0)
   7237  1019    infeasible                        19123.0000  3352391         
   7242  1024    26476.9953   411                  19123.0000  3354642         
   7250  1028    26870.0000   292                  19123.0000  3355547         
   7266  1038    29979.0000   214                  19123.0000  3356784         
   7277  1040    26474.3064   897                  19123.0000  3361447         
   7284  1039    25635.0000   957                  19123.1165  3367156         
   7293  1042    25774.7464   662                  19123.2328  3372662         
   7298  1043    19283.0000  1114                  19123.2328  3377616         
   7303  1046    infeasible                        19123.2328  3383870         
   7310  1049    26193.0000   569                  19123.7762  3387946         
Elapsed time = 8381.76 sec. (2538144.98 ticks, tree = 6.94 MB, solutions = 0)
   7318  1051    25635.0000   543                  19143.5000  3392164         
   7330  1063    28266.4937   385                  19143.5000  3394197         
   7341  1062    infeasible                        19283.0000  3400520         
   7349  1066    26509.5000   678                  19283.0000  3408128         
   7362  1070    25914.0000   846                  19283.0000  3411862         
   7374  1082    30139.0000   272                  19283.0000  3414365         
   7385  1088    26591.0000   589                  19283.0000  3419638         
   7392  1091    26472.0000   631                  19283.0000  3426689         
   7409  1099    19283.0000  1288                  19283.0000  3433805         
   7415  1105    26193.7194  1183                  19283.0000  3445145         
Elapsed time = 8415.98 sec. (2580701.67 ticks, tree = 7.31 MB, solutions = 0)
   7420  1106    19562.0000  1041                  19283.0000  3448966         
   7429  1115    19841.0000   902                  19283.0000  3455937         
   7436  1118    27030.0000   543                  19283.0000  3462195         
   7448  1128    infeasible                        19283.0000  3462763         
   7453  1130    19562.0000  1362                  19283.0000  3471750         
   7461  1136    26313.5495   823                  19283.0000  3479223         
   7465  1136    19562.0000  1170                  19283.0000  3482872         
   7469  1140    26193.7194   929                  19283.0000  3488195         
   7476  1143    19681.0000   984                  19283.0000  3494040         
   7483  1144    infeasible                        19283.0000  3499218         
Elapsed time = 8461.18 sec. (2624930.32 ticks, tree = 7.57 MB, solutions = 0)
   7489  1146    infeasible                        19283.0000  3504155         
   7494  1147    infeasible                        19283.0000  3507160         
   7500  1149    26193.0000   673                  19283.0000  3515411         
   7510  1155    26591.0000   458                  19283.0000  3518366         
   7527  1166    25635.6200   558                  19283.0000  3520980         
   7536  1169    19283.0000   524                  19283.0000  3525580         
   7547  1176    27030.0000   239                  19283.0000  3528531         
   7557  1182    25672.5000   591                  19283.0000  3533579         
   7568  1185    26215.4323   395                  19283.0000  3536271         
   7582  1189    26193.0000   528                  19283.0000  3540277         
Elapsed time = 8585.91 sec. (2666453.77 ticks, tree = 7.86 MB, solutions = 0)
   7591  1198    27149.0000   237                  19283.0000  3541787         
   7607  1204    25637.1167   679                  19283.0000  3550462         
   7619  1208    25636.5807   913                  19283.0000  3557599         
   7629  1214    19283.0000   792                  19283.0000  3560923         
   7640  1213    27905.9937   574                  19283.0000  3567769         
   7648  1215    infeasible                        19283.0000  3571448         
   7657  1222    28426.0000   499                  19283.0000  3574803         
   7665  1225    25635.0000   712                  19283.0000  3577286         
   7675  1231    26870.0000   639                  19283.0000  3580457         
   7689  1238    19562.0000   685                  19283.0000  3584442         
Elapsed time = 8741.62 sec. (2709358.43 ticks, tree = 8.22 MB, solutions = 0)
   7701  1244    25914.0000   537                  19283.0000  3588741         
   7710  1245    19562.0000   793                  19283.0000  3593425         
   7717  1248    19283.0000   940                  19283.0000  3599198         
   7724  1253    26751.0000   463                  19283.0000  3602303         
   7732  1255    26193.0000   813                  19283.0000  3608368         
   7740  1259    26193.0000   747                  19283.0000  3613759         
   7748  1263    26194.3673   546                  19283.0000  3618034         
   7758  1263    25635.0000   685                  19283.0000  3621245         
   7767  1266    26193.6200   799                  19283.0000  3631712         
   7775  1268    infeasible                        19283.0000  3636511         
Elapsed time = 8884.13 sec. (2749821.08 ticks, tree = 8.41 MB, solutions = 0)
   7782  1271    25914.0000   880                  19283.0000  3642978         
   7789  1274    infeasible                        19283.0000  3647198         
   7796  1275    infeasible                        19283.0000  3650708         
   7806  1281    29560.0000   254                  19283.0000  3652515         
   7816  1288    25635.0000   749                  19283.0000  3656960         
   7822  1290    26472.0000   537                  19283.0000  3660804         
   7836  1298    28860.0000   130                  19283.0000  3662480         
   7843  1299    25914.0000   617                  19283.0000  3667725         
   7856  1308    26472.0000   393                  19283.0000  3669455         
   7870  1319    19283.0000  1159                  19283.0000  3673766         
Elapsed time = 8993.86 sec. (2792334.99 ticks, tree = 8.77 MB, solutions = 0)
   7874  1323    25914.7194  1135                  19283.0000  3683963         
   7878  1325    26193.0000   695                  19283.0000  3687727         
   7881  1324    25635.0000   970                  19283.0000  3695129         
   7888  1327    19609.4149  1043                  19283.0000  3702483         
   7896  1333    infeasible                        19283.0000  3704643         
   7903  1336    26751.0000   635                  19283.0000  3707923         
   7909  1336    infeasible                        19283.0000  3715615         
   7918  1341    26472.0000   730                  19283.0000  3721308         
   7926  1343    26193.0000   828                  19283.0000  3726777         
   7934  1347    19562.0000  1050                  19283.0000  3732238         
Elapsed time = 9082.98 sec. (2835579.38 ticks, tree = 8.95 MB, solutions = 0)
   7943  1352    25914.7194   914                  19283.0000  3739372         
   7949  1354    19562.0000   884                  19283.0000  3746459         
   7956  1359    28266.6200   476                  19283.0000  3752426         
   7961  1356    infeasible                        19283.0000  3759694         
   7966  1359    25914.0000   645                  19283.0000  3768480         
   7973  1362    19283.0000  1058                  19283.0000  3775137         
   7984  1369    26472.0000   302                  19283.0000  3780894         
   7997  1372    25914.0000   629                  19283.0000  3785792         
   8008  1377    25635.0000   902                  19283.0000  3790138         
   8016  1381    19283.0000  1129                  19283.0000  3795537         
Elapsed time = 9231.28 sec. (2876548.37 ticks, tree = 9.17 MB, solutions = 0)
   8021  1384    19283.0000  1269                  19283.0000  3806228         
   8026  1389    19562.0000   802                  19283.0000  3813950         
   8039  1396    25635.0000   410                  19283.0000  3818618         
   8047  1398    19866.9754   829                  19283.0000  3823367         
   8055  1402    28664.0000   325                  19283.0000  3826148         
   8062  1405    26194.3673   763                  19283.0000  3834297         
   8071  1408    26591.0000   475                  19283.0000  3838591         
   8084  1415    25914.0000   733                  19283.0000  3842324         
   8097  1420    25635.0000   958                  19283.0000  3849038         
   8106  1427    26195.3064   603                  19283.0000  3856026         
Elapsed time = 9384.84 sec. (2916643.97 ticks, tree = 9.47 MB, solutions = 0)
   8114  1429    infeasible                        19283.0000  3863635         
   8121  1432    25914.0000   720                  19283.0000  3872751         
   8126  1433    19283.0000  1208                  19283.0000  3877077         
   8134  1435    infeasible                        19283.0000  3884668         
   8140  1439    26472.0000   846                  19283.0000  3890148         
   8151  1442    30418.0000   161                  19283.0000  3892409         
   8161  1445    26194.5100   817                  19283.0000  3897431         
   8168  1446    19562.0000  1173                  19283.0000  3905652         
   8173  1449    infeasible                        19283.0000  3910231         
   8181  1453    26472.0000   671                  19283.0000  3917336         
Elapsed time = 9520.40 sec. (2958359.18 ticks, tree = 9.64 MB, solutions = 0)
   8186  1450    infeasible                        19283.0000  3920518         
   8192  1454    25915.6867   728                  19283.0000  3925443         
   8202  1460    19562.0000   697                  19283.0000  3929387         
   8209  1463    26193.0000   871                  19283.0000  3936477         
   8215  1469    26870.0000   376                  19283.0000  3939416         
   8223  1473    19645.2830  1105                  19283.0000  3944761         
   8230  1474    25635.0000   767                  19283.0000  3953486         
   8242  1478    infeasible                        19283.0000  3957038         
   8255  1481    infeasible                        19283.0000  3958120         
   8260  1482    infeasible                        19283.0000  3965626         
Elapsed time = 9625.14 sec. (2999053.57 ticks, tree = 9.85 MB, solutions = 0)
   8269  1485    19283.0000  1056                  19283.0000  3968946         
   8275  1489    26195.1694   656                  19283.0000  3977838         
   8280  1490    25914.0000   881                  19283.0000  3985239         
   8290  1498    26591.0000   270                  19283.0000  3987124         
   8295  1499    19562.0000  1089                  19283.0000  3995750         
   8301  1501    19562.0000  1043                  19283.0000  4001634         
   8309  1501    32824.0000   865                  19283.0000  4010242         
   8315  1503    25914.0000   947                  19283.0000  4018801         
   8321  1505    26472.0000   608                  19283.0000  4023796         
   8336  1518    infeasible                        19283.0000  4025351         
Elapsed time = 9744.51 sec. (3040471.24 ticks, tree = 10.10 MB, solutions = 0)
   8343  1523    19563.3673   957                  19283.0000  4030809         
   8350  1526    infeasible                        19283.0000  4035377         
   8358  1530    25914.0000   807                  19283.0000  4044534         
   8366  1530    25635.0000   802                  19283.0000  4051739         
   8374  1538    26591.0000   391                  19283.0000  4056852         
   8383  1543    19562.0000   951                  19283.0000  4060229         
   8390  1546    infeasible                        19283.0000  4063827         
   8397  1549    infeasible                        19283.0000  4064743         
   8403  1551    infeasible                        19283.0000  4070387         
   8409  1557    26472.0000   585                  19283.0000  4077213         
Elapsed time = 9879.98 sec. (3082235.10 ticks, tree = 10.34 MB, solutions = 0)
   8420  1566    28545.0000   296                  19283.0000  4079847         
   8429  1567    25951.5000   878                  19283.0000  4091405         
   8435  1567    25635.0000  1103                  19283.0000  4097864         
   8443  1575    25914.0000   804                  19283.0000  4104172         
   8449  1579    26193.0000   614                  19283.0000  4111776         
   8459  1587    26473.8397   241                  19283.0000  4116535         
   8474  1594    28860.0000   205                  19283.0000  4117934         
   8485  1605    29177.3064   138                  19283.0000  4118200         
   8501  1611    25635.9054   625                  19283.0000  4124749         
   8507  1613    25914.0000  1046                  19283.0000  4133788         
Elapsed time = 9945.80 sec. (3123081.92 ticks, tree = 10.74 MB, solutions = 0)
   8513  1613    infeasible                        19283.0000  4138801         
   8520  1616    25914.0000   763                  19283.0000  4145948         
   8532  1620    25635.0000   795                  19283.0000  4149887         
   8540  1624    26751.0000   489                  19283.0000  4154555         
   8548  1628    19562.4946  1078                  19283.0000  4159686         
   8554  1630    infeasible                        19283.0000  4164340         
   8561  1635    infeasible                        19283.0000  4171070         
   8566  1636    infeasible                        19283.0000  4176915         
   8577  1641    25914.0000   701                  19283.0000  4186844         
   8585  1645    26193.0000   592                  19283.0000  4189804         
Elapsed time = 9983.51 sec. (3164174.60 ticks, tree = 10.95 MB, solutions = 0)
   8594  1650    26312.0000   539                  19283.0000  4193381         
   8605  1659    28426.0000   204                  19283.0000  4195325         
   8624  1669    27149.0000   467                  19283.0000  4198280         
   8632  1671    19562.0000  1173                  19283.0000  4208098         
   8635  1670    19283.0000  1344                  19283.0000  4218411         
   8640  1673    19562.0000  1073                  19283.0000  4229913         
   8648  1679    26312.0000   779                  19283.0000  4235838         
   8657  1680    25915.5100   889                  19283.0000  4240876         
   8667  1684    26194.3673   732                  19283.0000  4247464         
   8672  1685    26472.7194   435                  19283.0000  4257745         
Elapsed time = 10021.90 sec. (3208928.64 ticks, tree = 11.22 MB, solutions = 0)
   8677  1686    25914.0000   946                  19283.0000  4264390         
   8681  1686    19283.0000  1459                  19283.0000  4273955         
   8686  1691    19284.8397  1181                  19283.0000  4283901         
   8691  1694    25914.0000   632                  19283.0000  4290306         
   8698  1695    26193.0000   907                  19283.0000  4297668         
   8704  1697    19562.0000  1107                  19283.0000  4304620         
   8710  1701    26194.8397   882                  19283.0000  4312225         
   8719  1706    26472.0000   813                  19283.0000  4316593         
   8728  1711    27149.0000   253                  19283.0000  4319763         
   8744  1719    infeasible                        19283.0000  4325712         
Elapsed time = 10070.46 sec. (3253368.08 ticks, tree = 11.45 MB, solutions = 0)
   8752  1719    32545.0000   907                  19283.0000  4329250         
   8757  1720    19562.0000  1311                  19283.0000  4337547         
   8761  1722    infeasible                        19283.0000  4345874         
   8765  1724    26193.0000   708                  19283.0000  4352632         
   8770  1723    infeasible                        19283.0000  4361340         
   8776  1725    infeasible                        19283.0000  4366497         
   8782  1729    infeasible                        19283.0000  4374427         
   8804  1741    25914.0000   963                  19283.0000  4379891         
   8811  1742    19668.3324  1207                  19283.0000  4389094         
   8819  1750    26751.0000   384                  19283.0000  4396280         
Elapsed time = 10169.63 sec. (3296911.29 ticks, tree = 11.67 MB, solutions = 0)
   8826  1753    25914.0000   822                  19283.0000  4405821         
   8834  1759    26472.0000   412                  19283.0000  4407142         
   8842  1759    infeasible                        19283.0000  4411456         
   8850  1765    27030.0000   269                  19283.0000  4416588         
   8856  1767    26193.0000   808                  19283.0000  4420973         
   8863  1772    27030.0000   486                  19283.0000  4428010         
   8876  1773    19283.0000  1060                  19283.0000  4429919         
   8882  1779    25914.0000   659                  19283.0000  4438455         
   8894  1785    28147.0000   546                  19283.0000  4442907         
   8905  1790    28705.0000   302                  19283.0000  4444000         
Elapsed time = 10286.61 sec. (3337777.50 ticks, tree = 12.32 MB, solutions = 0)
   8917  1792    infeasible                        19283.0000  4449526         
   8926  1793    19283.0000  1012                  19283.0000  4456099         
   8933  1796    19562.0000   876                  19283.0000  4462647         
   8941  1800    26472.0000   713                  19283.0000  4471695         
   8947  1802    19562.0000   994                  19283.0000  4477237         
   8953  1802    infeasible                        19283.0000  4484207         
   8957  1806    19305.0329  1076                  19283.0000  4496092         
   8967  1810    19562.0000   995                  19283.0000  4506239         
   8974  1815    26751.0000   516                  19283.0000  4514836         
   8979  1817    19290.9432  1044                  19283.0000  4524119         
Elapsed time = 10416.47 sec. (3381817.53 ticks, tree = 12.49 MB, solutions = 0)
   8986  1818    19295.6591   959                  19283.0000  4534223         
   8996  1824    infeasible                        19283.0000  4538544         
   9003  1827    25914.7219   836                  19283.0000  4545807         
   9009  1829    19562.0000  1175                  19283.0000  4556698         
   9015  1835    26193.0000   861                  19283.0000  4565177         
   9023  1835    19283.0000  1085                  19283.0000  4572160         
   9030  1840    25914.0000   861                  19283.0000  4582429         
   9037  1845    26472.0000   653                  19283.0000  4587284         
   9043  1846    19562.0000  1085                  19283.0000  4589979         
   9052  1855    27030.0000   331                  19283.0000  4592841         
Elapsed time = 10535.45 sec. (3425804.34 ticks, tree = 12.74 MB, solutions = 0)
   9061  1860    26193.0000   778                  19283.0000  4597462         
   9072  1871    28453.0000   201                  19283.0000  4599270         
   9084  1881    28453.0000   173                  19283.0000  4599689         
   9099  1887    26472.0000   766                  19283.0000  4603169         
   9107  1891    19681.0000  1280                  19283.0000  4608590         
   9111  1895    19960.0000  1094                  19283.0000  4613806         
   9115  1899    27149.0000   336                  19283.0000  4624177         
   9127  1897    19283.0000  1310                  19283.0000  4632154         
   9132  1902    26591.7194   930                  19283.0000  4643319         
   9139  1905    26510.0846   619                  19283.0000  4648887         
Elapsed time = 10661.66 sec. (3467960.83 ticks, tree = 13.09 MB, solutions = 0)
   9144  1906    19562.0000  1061                  19283.0000  4655204         
   9148  1908    infeasible                        19283.0000  4663933         
   9153  1907    19562.0000  1385                  19283.0000  4679341         
   9157  1911    26472.0000   764                  19283.0000  4689836         
   9168  1913    19283.0000  1329                  19283.0000  4700105         
   9172  1917    25635.7194  1303                  19283.0000  4712345         
   9176  1921    25635.7194  1161                  19283.0000  4721736         
   9182  1923    19562.0000  1557                  19283.0000  4731689         
   9185  1926    26193.0000  1173                  19283.0000  4743253         
   9192  1925    19299.4379  1172                  19283.0000  4750409         
Elapsed time = 10826.78 sec. (3516411.68 ticks, tree = 13.22 MB, solutions = 0)
   9199  1932    25914.0000   913                  19283.0000  4759230         
   9208  1939    25919.0863   628                  19283.0000  4767948         
   9216  1945    infeasible                        19283.0000  4770587         
   9228  1951    26472.0000   270                  19283.0000  4775683         
   9237  1954    26193.0000   543                  19283.0000  4780941         
   9248  1955    19283.0000   912                  19283.0000  4785735         
   9256  1959    25638.4199   780                  19283.0000  4793444         
   9265  1964    26472.0000   615                  19283.0000  4799616         
   9274  1963    infeasible                        19283.0000  4802434         
   9297  1980    25914.0000   870                  19283.0249  4808653         
Elapsed time = 10957.65 sec. (3558908.75 ticks, tree = 13.60 MB, solutions = 0)
   9304  1983    infeasible                        19283.0249  4813943         
   9312  1987    26472.0000   504                  19283.0249  4819962         
   9317  1988    19329.0791  1324                  19283.4059  4827837         
   9323  1994    25914.0000   940                  19283.4059  4834461         
   9329  1998    27030.0000   446                  19283.4059  4839772         
   9343  2010    27309.0000   287                  19283.4059  4841418         
   9354  2016    25635.0000   661                  19283.4216  4847452         
   9362  2020    infeasible                        19283.4216  4856230         
   9369  2019    25914.0000  1048                  19283.4946  4862337         
   9378  2028    26193.0000   403                  19283.4946  4866065         
Elapsed time = 11092.05 sec. (3599920.87 ticks, tree = 13.94 MB, solutions = 0)
   9387  2032    19426.8324  1300                  19283.5832  4869611         
   9397  2040    26751.0000   307                  19283.5832  4872974         
   9413  2047    infeasible                        19283.5832  4878000         
   9426  2050    infeasible                        19283.5832  4882916         
   9437  2057    28266.0000   286                  19283.6200  4887616         
   9448  2062    19320.5000   717                  19283.6200  4890124         
   9460  2068    28545.0000   241                  19283.6200  4891800         
   9484  2083    28266.6200   375                  19283.6200  4894394         
   9502  2085    infeasible                        19284.3673  4899744         
   9506  2087    25914.0000  1220                  19284.8397  4907398         
Elapsed time = 11217.83 sec. (3640476.18 ticks, tree = 14.47 MB, solutions = 0)
   9512  2091    infeasible                        19284.8397  4915939         
   9516  2091    25915.8397   809                  19286.6226  4921520         
   9525  2096    27030.0000   273                  19286.6226  4927655         
   9544  2109    26193.0000   630                  19287.9953  4932387         
   9559  2123    28426.0000   182                  19287.9953  4933911         
   9575  2127    25635.0000   953                  19288.0863  4940686         
   9584  2136    26193.0000   465                  19288.0863  4946681         
   9593  2135    25914.0000   946                  19290.9333  4957069         
   9601  2143    28984.0000   380                  19290.9333  4962464         
   9615  2153    29542.0000   200                  19290.9333  4963041         
Elapsed time = 11348.36 sec. (3681030.68 ticks, tree = 14.96 MB, solutions = 0)
   9625  2155    19304.2576  1001                  19290.9878  4968546         
   9634  2162    infeasible                        19290.9878  4976041         
   9638  2160    infeasible                        19295.6591  4983500         
   9648  2164    19574.6591   752                  19295.6591  4993969         
   9660  2170    28824.0000   186                  19295.6591  4997518         
   9676  2179    28385.3556   369                  19299.3372  5002528         
   9692  2185    25635.0000   572                  19299.6303  5007192         
   9704  2195    infeasible                        19299.6303  5009441         
   9713  2198    infeasible                        19299.7426  5015596         
   9724  2199    25635.0000   502                  19300.1054  5022952         
Elapsed time = 11387.68 sec. (3720928.63 ticks, tree = 15.28 MB, solutions = 0)
   9740  2215    28710.0052   242                  19300.1054  5025769         
   9759  2226    25635.0000   378                  19300.1582  5028418         
   9779  2236    19578.4363  1045                  19300.1582  5031516         
   9786  2239    infeasible                        19300.1582  5040207         
   9790  2241    25914.0000   919                  19300.1582  5049348         
   9797  2246    infeasible                        19300.1582  5054079         
   9804  2249    26473.8397   510                  19300.1582  5055304         
   9810  2251    25916.3030   924                  19300.1582  5063168         
   9814  2251    26473.6867   856                  19300.1582  5071706         
   9819  2254    26473.6867   391                  19300.1582  5074640         
Elapsed time = 11424.05 sec. (3763588.19 ticks, tree = 15.65 MB, solutions = 0)
   9824  2255    26473.6867   347                  19300.1582  5075048         
   9831  2258    26676.9536   626                  19300.1582  5082160         
   9835  2258    19300.1617  1109                  19300.1582  5087742         
   9845  2268    26591.0000   587                  19300.1582  5093773         
   9854  2269    infeasible                        19300.1592  5100498         
   9867  2280    28705.0000   292                  19300.1598  5102899         
   9874  2281    26473.3673   551                  19300.1617  5110646         
   9885  2287    28943.0000   248                  19300.1617  5112164         
   9894  2294    26591.0000   310                  19300.1849  5117421         
   9903  2297    26472.2657   383                  19304.2576  5122172         
Elapsed time = 11458.24 sec. (3805435.05 ticks, tree = 15.94 MB, solutions = 0)
   9909  2299    26197.9953   824                  19304.2663  5134724         
   9916  2300    25635.0000   870                  19305.0329  5143172         
   9923  2305    26591.0000   399                  19305.0329  5149373         
   9927  2309    30139.0000   275                  19305.0329  5149934         
   9939  2317    26216.1493   767                  19305.0329  5152476         
   9949  2323    26472.0000   526                  19305.0329  5155998         
   9959  2327    19305.1027   986                  19305.0329  5159561         
   9965  2331    infeasible                        19305.0329  5168414         
   9971  2331    19583.4885  1027                  19305.3879  5177726         
   9981  2337    27030.0000   623                  19305.4323  5183858         
Elapsed time = 11493.48 sec. (3846819.48 ticks, tree = 16.21 MB, solutions = 0)
   9992  2344    28705.0000   336                  19305.4323  5185413         
  10004  2348    infeasible                        19305.4323  5189943         
  10010  2350    26870.0000   338                  19305.4323  5202487         
  10016  2350    26474.2875   756                  19308.2119  5210919         
  10030  2354    25914.0000   754                  19310.1687  5216082         
  10041  2359    26650.0000   305                  19318.0383  5223719         
  10048  2358    19607.5136  1347                  19320.5000  5230971         
  10054  2364    27030.2913   445                  19320.5000  5240745         
  10062  2368    19562.0000  1281                  19320.5000  5246240         
  10066  2372    26473.8397   793                  19320.5000  5255087         
Elapsed time = 11529.43 sec. (3888831.39 ticks, tree = 16.45 MB, solutions = 0)
  10073  2373    19320.5000  1377                  19320.5000  5260442         
  10078  2378    26193.0000   644                  19320.5000  5269652         
  10088  2382    19562.0000  1253                  19320.5000  5280985         
  10092  2386    26193.0000   770                  19320.5000  5290936         
  10099  2387    19562.0000  1085                  19320.5000  5297629         
  10105  2391    infeasible                        19320.5000  5303884         
  10108  2392    19342.1102  1424                  19320.5000  5308758         
  10113  2397    26752.8397   682                  19320.5000  5318285         
  10118  2398    19320.5000  1062                  19320.5000  5326707         
  10125  2401    19320.5000   985                  19320.5000  5333144         
Elapsed time = 11570.51 sec. (3934695.44 ticks, tree = 16.64 MB, solutions = 0)
  10129  2403    26193.0000   613                  19320.5000  5342857         
  10139  2409    28824.0000   254                  19320.5000  5346196         
  10159  2416    25953.1867   790                  19320.5000  5350213         
  10169  2424    28705.0000   249                  19320.5000  5355572         
  10175  2424    infeasible                        19320.5000  5361470         
  10180  2429    26473.3606   667                  19320.5000  5368860         
  10186  2429    26751.5803   444                  19320.5000  5373929         
  10192  2431    27105.0000   473                  19320.5000  5383527         
  10202  2437    28943.0000   251                  19320.5000  5384837         
  10209  2438    infeasible                        19320.5000  5391806         
Elapsed time = 11606.81 sec. (3976507.21 ticks, tree = 16.91 MB, solutions = 0)
  10214  2441    25914.0000   945                  19320.5000  5401608         
  10218  2441    25635.0000   555                  19320.5000  5410104         
  10227  2450    30139.0000   270                  19320.5000  5413552         
  10239  2458    19342.1102  1345                  19320.5000  5418943         
  10243  2462    19841.0000   811                  19320.5000  5433525         
  10249  2464    infeasible                        19320.5000  5442764         
  10254  2469    25635.6200   922                  19320.5000  5451481         
  10262  2469    infeasible                        19320.5000  5457752         
  10265  2472    19320.5000  1023                  19320.5000  5466571         
  10270  2475    26472.0000   780                  19320.5000  5477224         
Elapsed time = 11656.98 sec. (4018455.31 ticks, tree = 17.15 MB, solutions = 0)
  10281  2480    26213.8075   663                  19320.5000  5482395         
  10288  2481    26193.0000   987                  19320.5000  5489886         
  10295  2482    26555.4196   620                  19320.5000  5494814         
  10301  2484    26193.0000   875                  19320.5000  5503895         
  10308  2485    26312.0000   383                  19323.0886  5512009         
  10326  2493    infeasible                        19323.0886  5514158         
  10339  2492    26193.0000   756                  19328.5005  5521186         
  10348  2497    26193.0000   485                  19328.5005  5526233         
  10356  2501    26751.0000   163                  19328.5005  5529656         
  10387  2520    26194.6867   802                  19328.5005  5534343         
Elapsed time = 11791.14 sec. (4059346.65 ticks, tree = 17.51 MB, solutions = 0)
  10395  2520    infeasible                        19328.5005  5541560         
  10403  2526    26472.0000   520                  19328.5005  5550612         
  10410  2529    26472.0000   699                  19328.5005  5557350         
  10418  2527    25914.0000   947                  19329.0791  5564688         
  10427  2536    26193.6200   437                  19330.4149  5570316         
  10438  2543    26473.8397   249                  19330.4149  5574178         
  10447  2545    26312.0395   576                  19342.1102  5579636         
  10458  2554    27030.0000   239                  19342.1102  5581638         
  10468  2555    26193.0000   942                  19342.1102  5590877         
  10473  2556    27149.0000   275                  19342.1102  5596136         
Elapsed time = 11923.73 sec. (4100083.46 ticks, tree = 17.75 MB, solutions = 0)
  10479  2556    26349.5000   873                  19342.1102  5606994         
  10485  2562    29860.0000   375                  19342.1102  5609490         
  10490  2567    30139.0000   277                  19342.1102  5609646         
  10502  2572    19562.0000  1261                  19342.1102  5618347         
  10506  2574    infeasible                        19342.1102  5626226         
  10512  2576    26472.0000   468                  19342.1102  5627740         
  10525  2587    29103.0000   219                  19342.1102  5628596         
  10529  2587    26752.6867   903                  19342.1102  5641029         
  10534  2588    26238.5005   643                  19348.8620  5651661         
  10542  2590    infeasible                        19348.8620  5663179         
Elapsed time = 12079.73 sec. (4144775.25 ticks, tree = 18.02 MB, solutions = 0)
  10549  2595    27030.0000   262                  19349.6385  5674388         
  10564  2602    infeasible                        19349.7815  5681127         
  10572  2606    26509.5000   581                  19349.7815  5686313         
  10581  2613    26906.0000   167                  19349.7815  5689402         
  10596  2618    25951.8597   627                  19358.0000  5695097         
  10604  2622    27030.0000   365                  19358.0000  5697274         
  10614  2628    29103.0000   262                  19358.0000  5698139         
  10625  2629    25914.0000   771                  19366.2830  5703946         
  10630  2630    25973.1102   913                  19368.3140  5714237         
  10641  2631    26193.0000   511                  19379.2348  5724242         
Elapsed time = 12217.83 sec. (4185016.72 ticks, tree = 18.33 MB, solutions = 0)
  10654  2634    infeasible                        19402.0000  5730017         
  10662  2640    29979.0000   368                  19402.0000  5732581         
  10673  2645    26472.0000   621                  19402.0000  5735054         
  10679  2645    26196.5041   978                  19402.0000  5739586         
  10689  2645    25635.0000   693                  19402.0000  5746145         
  10698  2652    27149.0000   193                  19402.0000  5749683         
  10708  2650    25635.0000   843                  19402.2328  5760282         
  10733  2656    25755.6046   732                  19422.5000  5766642         
  10744  2667    29222.0000   117                  19422.5000  5769380         
  10758  2675    25635.0000   782                  19422.5000  5778972         
Elapsed time = 12343.03 sec. (4226669.12 ticks, tree = 18.68 MB, solutions = 0)
  10773  2688    28983.9999   129                  19422.5000  5782551         
  10789  2696    25914.0000   805                  19426.8324  5789265         
  10798  2703    28705.0000   279                  19426.8324  5791918         
  10815  2715    27030.0000   547                  19426.8324  5797442         
  10822  2718    26230.5000   587                  19426.8324  5804288         
  10830  2722    26193.0000   493                  19477.0000  5809697         
  10839  2725    26751.0000   525                  19521.0000  5813469         
  10853  2733    27868.0000   283                  19532.1155  5816567         
  10869  2742    19841.0000   782                  19543.0575  5818737         
  10874  2743    19811.1155   889                  19553.9994  5822848         
Elapsed time = 12388.72 sec. (4267048.56 ticks, tree = 19.17 MB, solutions = 0)
  10884  2745    26193.0000   634                  19562.0000  5832611         
  10900  2751    25914.0000   854                  19562.0000  5839200         
  10906  2753    27030.0000   404                  19562.0000  5846270         
  10921  2762    26751.0000   558                  19562.0000  5850355         
  10941  2777    30653.0000   141                  19562.0000  5853349         
  10957  2781    19562.0000  1036                  19562.0000  5859221         
  10963  2787    25635.0000   264                  19562.0000  5869857         
  10968  2788    19562.0000   984                  19562.0000  5874541         
  10974  2792    28783.0000   355                  19562.0000  5878276         
  10983  2795    infeasible                        19562.0000  5878656         
Elapsed time = 12430.85 sec. (4309087.40 ticks, tree = 19.56 MB, solutions = 0)
  10989  2799    20120.0000   655                  19562.0000  5885279         
  10998  2802    26193.0000   687                  19562.0000  5889929         
  11005  2807    26751.0000   348                  19562.0000  5893288         
  11010  2808    19573.6985   994                  19562.0000  5899823         
  11017  2813    27309.0000   348                  19562.0000  5908362         
  11021  2813    19562.0000   999                  19562.0000  5915314         
  11028  2820    26312.0000   288                  19562.0000  5920501         
  11038  2824    25914.0000   311                  19562.0000  5925036         
  11049  2831    28426.0000   306                  19562.0000  5930911         
  11056  2834    26472.0000   576                  19562.0000  5940670         
Elapsed time = 12559.11 sec. (4350323.14 ticks, tree = 19.81 MB, solutions = 0)
  11065  2839    26193.0000   631                  19562.0000  5947683         
  11077  2843    26193.0000   675                  19562.0000  5952302         
  11086  2846    infeasible                        19562.0000  5959459         
  11100  2850    26472.0000   570                  19562.0000  5962007         
  11111  2851    19668.3324   979                  19562.0000  5963552         
  11117  2857    26751.0000   470                  19562.0000  5969963         
  11127  2863    26230.5000   874                  19562.0000  5976388         
  11131  2863    19562.0000   890                  19562.0000  5981585         
  11137  2863    26194.6867   806                  19562.0000  5987959         
  11146  2866    25914.0000   906                  19562.0000  5999681         
Elapsed time = 12707.12 sec. (4393093.41 ticks, tree = 20.04 MB, solutions = 0)
  11152  2870    infeasible                        19562.0000  6008232         
  11158  2870    infeasible                        19562.0000  6013929         
  11165  2871    26472.2657   350                  19562.0000  6021733         
  11177  2877    27030.0000   260                  19562.0000  6024896         
  11184  2876    26591.0000   810                  19562.0000  6033125         
  11193  2873    26193.0000   462                  19562.0000  6039078         
  11209  2881    26472.0000   177                  19562.0000  6043040         
  11229  2891    29299.0000    68                  19562.0000  6044724         
  11247  2899    26591.0000   293                  19562.0000  6046624         
  11262  2904    26193.6200   767                  19562.0000  6051423         
Elapsed time = 12845.47 sec. (4434337.20 ticks, tree = 20.32 MB, solutions = 0)
  11271  2903    19841.0000   778                  19562.0000  6057776         
  11278  2906    26193.0000   443                  19562.0000  6063246         
  11293  2907    26472.0000   317                  19562.0000  6067683         
  11307  2917    30139.0000   169                  19562.0000  6068874         
  11324  2924    26591.0000   459                  19562.0000  6070695         
  11331  2919    26193.0000   629                  19562.0000  6078572         
  11339  2927    26751.0000   251                  19562.0000  6081111         
  11349  2927    infeasible                        19562.0000  6084941         
  11359  2929    25638.5041   669                  19562.0000  6092716         
  11370  2930    25914.0000   560                  19562.0000  6099800         
Elapsed time = 12978.94 sec. (4475092.27 ticks, tree = 20.35 MB, solutions = 0)
  11376  2930    25635.0000   547                  19562.0000  6106192         
  11385  2939    28422.5000   365                  19562.0000  6111482         
  11406  2952    infeasible                        19562.0000  6117325         
  11410  2950    26751.0000   863                  19562.0000  6124630         
  11417  2949    26751.0000   349                  19562.0000  6132011         
  11425  2951    26196.5041   463                  19562.0000  6135450         
  11435  2953    infeasible                        19562.0000  6139787         
  11440  2952    26193.0000   837                  19562.0000  6145740         
  11450  2954    25914.0000   825                  19562.0000  6150741         
  11462  2964    29816.0000   183                  19562.0000  6153271         
Elapsed time = 13107.41 sec. (4515274.39 ticks, tree = 20.62 MB, solutions = 0)
  11485  2965    infeasible                        19562.0000  6157084         
  11493  2971    28984.0000   336                  19562.0000  6162874         
  11505  2967    19668.3324   890                  19562.0000  6169869         
  11514  2968    19562.0000   900                  19562.0000  6177060         
  11519  2969    infeasible                        19562.0000  6189684         
  11524  2972    26751.0000   504                  19562.0000  6193882         
  11529  2973    26193.0000   813                  19562.0000  6198970         
  11535  2973    25914.0000   588                  19562.0000  6204895         
  11543  2975    26472.0000   439                  19562.0000  6211620         
  11552  2976    26193.0000   797                  19562.0000  6218363         
Elapsed time = 13251.03 sec. (4555830.22 ticks, tree = 20.73 MB, solutions = 0)
  11562  2974    19562.0000  1086                  19562.0000  6226853         
  11567  2973    infeasible                        19562.0000  6234027         
  11572  2976    25914.0000   846                  19562.0000  6244017         
  11581  2979    27030.0000   239                  19562.0000  6250707         
  11589  2979    infeasible                        19562.0000  6257838         
  11598  2980    infeasible                        19562.0000  6268169         
  11606  2974    19599.5000  1208                  19562.0000  6280229         
  11610  2974    19562.6186  1266                  19562.0000  6288092         
  11619  2983    29023.0000   355                  19562.0000  6292397         
  11629  2989    infeasible                        19562.0000  6293028         
Elapsed time = 13343.65 sec. (4598910.90 ticks, tree = 20.84 MB, solutions = 0)
  11635  2989    19562.0000  1123                  19562.0000  6302568         
  11639  2989    25915.6867   820                  19562.0000  6311849         
  11648  2994    26193.4937   744                  19562.0000  6323027         
  11654  2996    27030.0000   359                  19562.0000  6328413         
  11661  2995    26193.0000   712                  19562.0000  6332511         
  11669  2991    19562.0000  1177                  19562.0000  6343863         
  11677  2995    infeasible                        19562.0000  6349337         
  11684  2996    26193.0000   548                  19562.0000  6355429         
  11694  2994    infeasible                        19562.0000  6364137         
  11700  2992    19579.1582  1002                  19562.0000  6371896         
Elapsed time = 13383.27 sec. (4641147.24 ticks, tree = 20.85 MB, solutions = 0)
  11707  2998    26870.0000   422                  19562.0000  6379300         
  11715  2998    infeasible                        19562.0000  6387033         
  11721  3000    19562.0000  1171                  19562.0000  6392930         
  11725  3004    26193.0000   989                  19562.0000  6404994         
  11730  3003    26751.0000   627                  19562.0000  6413654         
  11737  3000    infeasible                        19562.0000  6424938         
  11739  3002    26593.3119   826                  19562.0000  6434457         
  11744  3003    26751.6252   722                  19562.0000  6439457         
  11750  3005    25915.6867   882                  19562.0000  6448411         
  11763  3008    19578.4363   695                  19562.0000  6456243         
Elapsed time = 13469.60 sec. (4684443.89 ticks, tree = 20.96 MB, solutions = 0)
  11770  3015    27030.0000   165                  19562.0000  6462042         
  11780  3019    26193.0000   629                  19562.0000  6468246         
  11787  3020    infeasible                        19562.0000  6475361         
  11793  3020    25636.6867   754                  19562.0000  6485526         
  11802  3025    25915.6867   324                  19562.0000  6490234         
  11808  3025    infeasible                        19562.0000  6496782         
  11811  3024    infeasible                        19562.0000  6502740         
  11823  3024    19574.2348  1130                  19562.0000  6510600         
  11827  3026    infeasible                        19562.0000  6515235         
  11836  3029    infeasible                        19562.0000  6519933         
Elapsed time = 13599.48 sec. (4725382.88 ticks, tree = 21.10 MB, solutions = 0)
  11844  3031    19562.0000  1123                  19562.0000  6526107         
  11850  3037    26472.0000   645                  19562.0000  6534242         
  11864  3043    19562.0000  1101                  19562.0000  6536805         
  11868  3041    infeasible                        19562.0000  6542284         
  11875  3044    27029.9999   347                  19562.0000  6550331         
  11882  3043    19841.0000  1230                  19562.0000  6557510         
  11886  3045    19841.6200  1118                  19562.0000  6565677         
  11895  3048    26193.0000   409                  19562.0000  6573519         
  11904  3049    infeasible                        19562.0000  6582253         
  11913  3056    26509.5000   435                  19562.0000  6587437         
Elapsed time = 13731.00 sec. (4767573.31 ticks, tree = 21.28 MB, solutions = 0)
  11922  3053    26193.0000  1083                  19562.0000  6597535         
  11929  3056    26193.0000   742                  19562.0000  6603009         
  11935  3056    26193.0000   484                  19562.0000  6610938         
  11943  3060    26193.0000   938                  19562.0000  6617471         
  11947  3060    19598.1160  1026                  19562.0000  6627005         
  11953  3062    28742.5000   551                  19562.0000  6637138         
  11962  3063    infeasible                        19562.0000  6645501         
  11968  3067    26475.5041   639                  19562.0000  6654805         
  11976  3071    19599.5000  1270                  19562.0000  6659395         
  11980  3075    19645.2830  1292                  19562.0000  6669125         
Elapsed time = 13884.27 sec. (4810755.84 ticks, tree = 21.41 MB, solutions = 0)
  11983  3076    infeasible                        19562.0000  6675002         
  11990  3079    27149.0000   510                  19562.0000  6683221         
  12009  3086    19583.1588  1247                  19562.0000  6687150         
  12014  3089    infeasible                        19562.0000  6695732         
  12025  3092    infeasible                        19562.0000  6701497         
  12028  3093    19562.0000  1054                  19562.0000  6710538         
  12035  3096    19841.0000   910                  19562.0000  6719403         
  12045  3098    25635.0000   813                  19562.0000  6726959         
  12053  3100    19562.0014  1288                  19562.0000  6736315         
  12059  3100    25635.6200  1097                  19562.0000  6747105         
Elapsed time = 14027.19 sec. (4854191.01 ticks, tree = 21.57 MB, solutions = 0)
  12064  3101    19562.0000  1271                  19562.0000  6755111         
  12070  3103    26194.6867  1055                  19562.0000  6766269         
  12076  3105    infeasible                        19562.0000  6773037         
  12081  3106    19562.0000  1359                  19562.0000  6778894         
  12088  3113    26472.0000   401                  19562.0000  6786033         
  12095  3112    26194.6867  1063                  19562.0000  6794033         
  12100  3115    26194.6867   866                  19562.0000  6796499         
  12108  3115    19562.0000  1194                  19562.0000  6803008         
  12114  3119    32545.7194   683                  19562.0000  6808675         
  12120  3119    25915.6867   777                  19562.0000  6817272         
Elapsed time = 14177.16 sec. (4898243.68 ticks, tree = 21.70 MB, solutions = 0)
  12126  3125    26751.0000   349                  19562.0000  6818398         
  12136  3129    infeasible                        19562.0000  6821892         
  12145  3132    19562.0000  1199                  19562.0000  6824667         
  12155  3138    25914.0000   872                  19562.0000  6828887         
  12162  3141    26870.0000   511                  19562.0000  6831605         
  12171  3146    28705.0000   333                  19562.0000  6836795         
  12189  3157    19578.4370  1022                  19562.0000  6842567         
  12201  3165    infeasible                        19562.0000  6844453         
  12220  3172    26193.6200   799                  19562.0000  6848941         
  12227  3171    25914.7194   754                  19562.0000  6861444         
Elapsed time = 14312.28 sec. (4940752.47 ticks, tree = 22.07 MB, solutions = 0)
  12235  3173    26472.0000   285                  19562.0000  6865859         
  12242  3170    26193.5146   643                  19562.0238  6874393         
  12253  3173    26472.0000   372                  19562.0238  6878392         
  12263  3173    25636.6867   497                  19562.0238  6884459         
  12279  3183    28706.5706   151                  19562.0238  6888803         
  12301  3197    infeasible                        19562.0250  6893667         
  12310  3196    infeasible                        19562.0250  6901932         
  12315  3197    19599.5000  1078                  19562.0250  6907348         
  12323  3201    26195.4570   539                  19562.0250  6914393         
  12348  3206    19562.6186  1173                  19562.6186  6942340         
Elapsed time = 14484.39 sec. (4994937.41 ticks, tree = 22.34 MB, solutions = 0)
  12378  3204    26230.5000   602                  19563.3673  6970622         
  12400  3204    25951.5000   717                  19563.3673  6998302         
  12426  3210    infeasible                        19566.9953  7023992         
  12443  3211    infeasible                        19573.6985  7053939         
  12486  3238    26205.2348   780                  19574.2348  7074209         
  12515  3249    28266.4674   472                  19574.7459  7091074         
  12553  3259    infeasible                        19578.4363  7115048         
  12591  3273    28984.0000   254                  19579.1582  7128799         
  12638  3295    26196.5041   395                  19582.5501  7147294         
  12667  3298    infeasible                        19590.3620  7180320         
Elapsed time = 14652.06 sec. (5151473.73 ticks, tree = 23.01 MB, solutions = 0)
  12691  3298    infeasible                        19598.1160  7209617         
  12717  3300    19876.4225   977                  19599.5000  7242464         
  12746  3307    26193.0000  1050                  19599.5000  7267265         
  12765  3308    infeasible                        19602.0886  7288927         
  12791  3312    infeasible                        19607.5005  7311852         
  12815  3318    26238.5005   923                  19607.5005  7338434         
  12849  3330    26788.5000   491                  19621.1102  7367945         
  12883  3333    19908.8884   960                  19645.2830  7393301         
  12916  3338    19705.8324  1125                  19668.3324  7423760         
  12945  3336    26193.0000   718                  19705.8324  7453481         
Elapsed time = 15009.84 sec. (5308939.94 ticks, tree = 23.27 MB, solutions = 0)
  12979  3341    infeasible                        19811.1155  7474329         
  13023  3363    29661.0000    45                  19825.3596  7492551         
  13068  3373    26193.0000   408                  19841.0000  7513209         
  13113  3393    26472.0000   596                  19841.0000  7538118         
  13161  3408    26194.6867   727                  19841.0000  7553536         
  13193  3420    29263.4053   132                  19841.0000  7578232         
  13238  3415    19841.0000   872                  19841.0000  7607468         
  13277  3414    26472.0000   814                  19841.0000  7635138         
  13306  3421    27030.0000   325                  19841.0000  7657176         
  13344  3425    26870.0000   223                  19861.5447  7681241         
Elapsed time = 15493.84 sec. (5465072.32 ticks, tree = 24.04 MB, solutions = 0)
  13372  3417    19984.8324   841                  19947.3324  7706348         
  13399  3416    28984.2644   187                  19960.0000  7731221         
  13437  3418    26193.0000   832                  24509.1271  7756661         
  13478  3419    infeasible                        25635.0000  7777442         
  13518  3429    26751.0000   295                  25635.0000  7796808         
  13566  3455    26751.0000   446                  25635.0000  7813796         
  13612  3483    28504.0000   294                  25635.0000  7833359         
  13661  3501    infeasible                        25635.0000  7858304         
  13712  3522    infeasible                        25635.0000  7885824         
  13761  3547    26193.8387   340                  25635.0000  7896173         
Elapsed time = 15836.78 sec. (5620384.40 ticks, tree = 24.92 MB, solutions = 0)
  13821  3569    25914.0000   419                  25635.0000  7915044         
  13883  3599    infeasible                        25635.0000  7925379         
  13951  3623    26312.0000   501                  25635.0000  7943237         
  14012  3656    26454.4248   649                  25635.0000  7956457         
  14055  3656    27030.0000   488                  25635.0000  7975996         
  14103  3680    26751.0000   264                  25635.0000  7993610         
  14190  3735    28705.0000   107                  25635.0000  8007124         
  14249  3754    28705.0000   194                  25635.0000  8022551         
  14300  3765    25914.0000   528                  25635.0000  8039407         
  14340  3785    infeasible                        25635.0000  8059502         
Elapsed time = 16214.80 sec. (5775238.73 ticks, tree = 26.81 MB, solutions = 0)
  14381  3792    infeasible                        25635.0000  8079757         
  14428  3813    26870.0000   345                  25635.0000  8102959         
  14481  3840    25635.0000   694                  25635.0000  8122166         
  14516  3851    26509.5000   291                  25635.0000  8141619         
  14576  3879    25694.1102   691                  25635.0000  8158911         
  14607  3886    infeasible                        25635.0000  8180978         
  14647  3904    26205.2348   511                  25635.0000  8203590         
  14687  3912    infeasible                        25635.0000  8226463         
  14731  3932    26870.0000   205                  25635.0000  8241296         
  14795  3960    26591.0000   659                  25635.0000  8258170         
Elapsed time = 16512.38 sec. (5930291.30 ticks, tree = 28.15 MB, solutions = 0)
  14882  3993    25951.5000   516                  25635.0000  8273472         
  14923  4006    infeasible                        25635.0000  8289955         
  14963  4018    infeasible                        25635.0000  8312338         
  15022  4043    infeasible                        25635.0000  8335289         
  15062  4059    26531.1102   469                  25635.0000  8353263         
  15107  4081    30139.0000   151                  25635.0000  8367902         
  15145  4103    25635.0000   591                  25635.0000  8387936         
  15178  4110    26193.5137   260                  25635.0000  8414693         
  15232  4138    infeasible                        25635.0000  8431983         
  15278  4146    infeasible                        25635.0000  8453324         
Elapsed time = 16916.12 sec. (6084395.09 ticks, tree = 29.73 MB, solutions = 0)
  15323  4171    30689.0000    65                  25635.0000  8472768         
  15367  4189    28824.0000   147                  25635.0000  8491816         
  15412  4208    26472.0000   357                  25635.0000  8513819         
  15445  4219    26490.5575   408                  25635.0000  8536605         
  15482  4228    25914.0000   913                  25635.0000  8568369         
  15508  4236    25914.0000   676                  25635.0000  8590377         
  15544  4240    26193.0000  1035                  25635.0000  8614118         
  15585  4257    infeasible                        25635.0000  8630575         
  15623  4273    26751.0000   492                  25635.0000  8651244         
  15678  4302    26751.0000   189                  25635.0000  8662461         
Elapsed time = 17241.27 sec. (6239839.62 ticks, tree = 30.89 MB, solutions = 0)
  15714  4310    25636.0274   709                  25635.0000  8691596         
  15766  4330    29302.0000   258                  25635.0000  8715381         
  15807  4345    infeasible                        25635.0000  8738372         
  15851  4362    26472.0000   687                  25635.0000  8764341         
  15925  4398    infeasible                        25635.0000  8781940         
  15960  4409    26193.0000   518                  25635.0000  8810832         
  15997  4424    infeasible                        25635.0000  8836082         
  16019  4428    25973.1102  1060                  25635.0000  8862460         
  16058  4439    infeasible                        25635.0000  8888153         
  16099  4452    26751.0000   376                  25635.0000  8916279         
Elapsed time = 17689.15 sec. (6396183.20 ticks, tree = 32.03 MB, solutions = 0)
  16153  4470    25951.5000   418                  25635.0000  8936144         
  16208  4486    infeasible                        25635.3103  8946011         
  16252  4509    29860.0000   181                  25635.3405  8960561         
  16288  4519    25636.8397   561                  25635.5137  8979063         
  16330  4529    26205.2313   897                  25635.6200  8994759         
  16383  4550    infeasible                        25635.6200  9015829         
  16423  4564    25635.7194   958                  25635.7194  9035790         
  16463  4584    26218.2119   655                  25635.7194  9054735         
  16493  4594    26751.0000   290                  25635.7194  9072408         
  16545  4626    infeasible                        25635.9054  9087820         
Elapsed time = 18151.30 sec. (6550556.63 ticks, tree = 33.31 MB, solutions = 0)
  16603  4648    26193.0000   600                  25635.9438  9105324         
  16643  4659    28824.0000   132                  25636.3606  9122927         
  16715  4676    infeasible                        25636.6867  9147788         
  16755  4682    infeasible                        25636.6867  9166628         
  16820  4710    27309.0000   451                  25636.6867  9187017         
  16874  4725    27149.0000   173                  25636.6867  9203189         
  16922  4743    infeasible                        25636.8397  9217788         
  16969  4746    25953.3523   380                  25636.9144  9234062         
  17008  4747    25649.8138   354                  25637.8148  9256004         
  17062  4761    infeasible                        25638.5687  9275411         
Elapsed time = 18446.16 sec. (6705157.15 ticks, tree = 34.42 MB, solutions = 0)
  17108  4775    30139.0000   169                  25646.6509  9289996         
  17200  4830    30097.2875    95                  25650.0059  9299551         
  17251  4841    28069.0000   101                  25669.4464  9317203         
  17301  4850    26472.4946   381                  25672.5000  9341580         
  17341  4856    25672.5000   462                  25672.5000  9362442         
  17396  4879    infeasible                        25672.5000  9371578         
  17438  4885    25694.1102   386                  25672.5000  9392067         
  17487  4902    25951.5000   431                  25672.5000  9408954         
  17540  4929    26472.0000   558                  25672.5000  9425497         
  17586  4935    25676.7145   754                  25673.2194  9446130         
Elapsed time = 18899.00 sec. (6859625.52 ticks, tree = 35.81 MB, solutions = 0)
  17640  4959    25914.7194   588                  25673.2194  9461908         
  17677  4962    infeasible                        25674.1867  9479181         
  17750  4991    28824.0000    54                  25674.5145  9492358         
  17810  5005    26870.0000   211                  25681.0052  9509463         
  17882  5041    infeasible                        25686.9381  9523504         
  17923  5053    26477.0863   520                  25694.8296  9547041         
  17969  5063    infeasible                        25710.0000  9562225         
  18023  5086    26472.0000   450                  25710.0000  9578999         
  18076  5101    infeasible                        25710.0000  9595831         
  18138  5133    26230.5000   557                  25710.0000  9613004         
Elapsed time = 19325.19 sec. (7014027.75 ticks, tree = 37.40 MB, solutions = 0)
  18182  5148    27030.0000   336                  25710.0000  9631999         
  18221  5159    26298.7792   226                  25711.6867  9654320         
  18271  5165    27030.0000   214                  25754.0000  9668544         
  18344  5192    26203.9419   290                  25754.2328  9686343         
  18413  5215    26752.8397   253                  25774.7463  9713205         
  18440  5210    26751.0000   399                  25914.0000  9737260         
  18480  5221    26472.0000   201                  25914.0000  9760646         
  18515  5226    26751.0000   352                  25914.0000  9784218         
  18554  5235    27105.0000   143                  25914.0000  9807365         
  18607  5252    infeasible                        25914.0000  9838886         
Elapsed time = 19717.53 sec. (7169861.19 ticks, tree = 38.18 MB, solutions = 0)
  18634  5259    26193.0000   294                  25914.0000  9859936         
  18703  5291    29501.0000   172                  25914.0000  9879819         
  18772  5321    infeasible                        25914.0000  9902576         
  18842  5349    28984.0000   125                  25914.0000  9916328         
  18896  5369    26193.0000   444                  25914.0000  9935357         
  18949  5380    25914.0000   289                  25914.0000  9953472         
  19016  5410    27589.0000   374                  25914.0000  9966240         
  19073  5433    26472.0000   182                  25914.0000  9988545         
  19108  5440    26193.0000   367                  25914.0000 10015124         
  19160  5448    infeasible                        25914.0000 10034943         
Elapsed time = 20142.66 sec. (7324285.24 ticks, tree = 39.79 MB, solutions = 0)
  19210  5450    28666.2945   224                  25914.0000 10055045         
  19276  5482    26751.0000   304                  25914.0000 10070771         
  19348  5500    infeasible                        25914.0000 10085763         
  19405  5511    26472.0000   296                  25914.0000 10102265         
  19479  5536    26472.0000   245                  25914.0000 10120844         
  19551  5566    infeasible                        25914.0000 10132784         
  19625  5594    26555.0000   452                  25914.0000 10150410         
  19673  5612    26193.0000   716                  25914.0000 10168165         
  19748  5648    infeasible                        25914.0000 10183037         
  19815  5663    29976.0000    66                  25914.0000 10203053         
Elapsed time = 20579.96 sec. (7479113.55 ticks, tree = 41.57 MB, solutions = 0)
  19878  5683    infeasible                        25914.0000 10223705         
  19929  5702    26193.0000   311                  25914.0000 10239892         
  19969  5709    infeasible                        25914.0000 10254226         
  20021  5725    25914.0000   378                  25914.0000 10269034         
  20062  5736    26751.6200   410                  25914.0000 10287572         
  20113  5757    26752.3673   440                  25914.0000 10302128         
  20162  5766    infeasible                        25914.0000 10314488         
  20217  5777    26472.0000   445                  25914.0000 10338348         
  20264  5786    infeasible                        25914.0000 10355928         
  20301  5799    30697.0000    35                  25914.0000 10374785         
Elapsed time = 21000.27 sec. (7634855.06 ticks, tree = 42.70 MB, solutions = 0)
  20361  5829    26194.3673   182                  25914.0000 10390599         
  20420  5849    26193.0000   409                  25914.0000 10405732         
  20487  5866    26193.5137   479                  25914.0000 10428666         
  20543  5878    26472.0000   507                  25914.0000 10441668         
  20590  5885    infeasible                        25914.0000 10462407         
  20639  5916    29103.0000    39                  25914.0000 10472833         
  20686  5921    25914.0000   348                  25914.0000 10492599         
  20724  5925    32824.0000   583                  25914.0000 10513591         
  20763  5921    25914.0000   457                  25914.0000 10536580         
  20826  5951    26193.0000   482                  25914.0000 10550281         
Elapsed time = 21380.68 sec. (7790601.98 ticks, tree = 43.91 MB, solutions = 0)
  20867  5962    infeasible                        25914.0000 10569362         
  20912  5973    25917.5230   233                  25914.0000 10590026         
  20991  6013    29860.0000   299                  25914.0000 10604563         
  21050  6040    26472.0000   409                  25914.0000 10617849         
  21105  6053    25914.0000   592                  25914.0000 10632813         
  21144  6054    29302.0000   295                  25914.0000 10656514         
  21204  6088    26472.0000   300                  25914.0000 10666324         
  21264  6112    27030.0000   261                  25914.0000 10680285         
  21335  6125    26472.0000   162                  25914.0000 10702381         
  21421  6161    26472.0000   356                  25914.0000 10716729         
Elapsed time = 21815.65 sec. (7944861.86 ticks, tree = 45.60 MB, solutions = 0)
  21455  6172    27030.0000   364                  25914.0000 10738093         
  21504  6169    25951.5000   663                  25914.0000 10763075         
  21544  6181    26751.0000   631                  25914.0000 10784673         
  21607  6210    28824.0000    83                  25914.0000 10801883         
  21643  6222    25917.3865   427                  25914.0000 10828266         
  21682  6229    infeasible                        25914.0000 10845950         
  21715  6236    26870.0000   338                  25914.0000 10867162         
  21747  6242    26472.0000   343                  25914.0000 10890828         
  21805  6266    26193.0000   303                  25914.0000 10912128         
  21852  6293    28984.0000    85                  25914.0000 10921313         
Elapsed time = 22162.61 sec. (8100261.36 ticks, tree = 46.66 MB, solutions = 0)
  21889  6300    25951.5000   880                  25914.0000 10951057         
  21914  6309    26473.0636   294                  25914.0000 10978729         
  21968  6333    26370.0000   697                  25914.0000 10992390         
  22009  6348    27030.0000   350                  25914.0000 11019796         
  22068  6371    25914.0000   808                  25914.0000 11034842         
  22108  6389    26751.0000   677                  25914.0000 11064975         
  22143  6386    26193.0000   825                  25914.0000 11095948         
  22184  6399    infeasible                        25914.0000 11114166         
  22227  6404    27149.0000   272                  25914.0000 11141812         
  22260  6409    infeasible                        25914.0000 11162239         
Elapsed time = 22497.52 sec. (8256896.77 ticks, tree = 47.57 MB, solutions = 0)
  22299  6418    26230.5000   904                  25914.0000 11192099         
  22339  6422    infeasible                        25914.0000 11224611         
  22391  6442    26312.0000   659                  25914.0000 11243861         
  22433  6454    infeasible                        25914.0000 11270910         
  22470  6461    26193.0000  1193                  25914.0000 11294237         
  22520  6485    26870.0000   303                  25914.0000 11313976         
  22558  6497    28426.5893   333                  25914.0000 11335478         
  22607  6518    30653.0000    60                  25914.0000 11357953         
  22670  6542    30258.0000   118                  25914.0000 11377091         
  22721  6567    26751.0000    92                  25914.0000 11392426         
Elapsed time = 22697.60 sec. (8413030.61 ticks, tree = 48.81 MB, solutions = 0)
  22776  6590    infeasible                        25914.0000 11410508         
  22811  6591    26193.0000   350                  25914.0000 11429372         
  22857  6599    26193.0000   541                  25914.0000 11449492         
  22907  6597    30418.0000   119                  25914.0000 11470094         
  22964  6614    28984.0000   222                  25914.2657 11490384         
  23022  6638    infeasible                        25914.4714 11501732         
  23069  6651    26751.0000   142                  25914.5137 11525039         
  23132  6669    infeasible                        25914.6200 11539802         
  23195  6688    infeasible                        25914.6200 11556026         
  23235  6685    infeasible                        25914.6200 11575264         
Elapsed time = 22903.59 sec. (8567259.97 ticks, tree = 49.82 MB, solutions = 0)
  23303  6706    25951.5000   488                  25914.6200 11594537         
  23331  6708    26751.0000   301                  25914.6200 11621001         
  23389  6722    infeasible                        25914.7194 11634589         
  23429  6730    26753.3064   278                  25914.7194 11644712         
  23485  6738    26193.0000   458                  25914.7194 11662459         
  23531  6757    27030.0000   328                  25914.7194 11682110         
  23579  6769    25952.2194   912                  25914.7194 11711704         
  23621  6787    infeasible                        25914.7194 11731821         
  23648  6786    26193.0000   513                  25914.7219 11763997         
  23708  6804    29897.5000   168                  25914.7771 11778442         
Elapsed time = 23111.42 sec. (8724448.54 ticks, tree = 50.78 MB, solutions = 0)
  23784  6826    26193.9438   308                  25914.9438 11799242         
  23855  6857    29224.5145    65                  25914.9438 11817411         
  23925  6879    infeasible                        25915.1933 11831295         
  23983  6897    26193.0000   638                  25915.3606 11855597         
  24034  6904    27309.0000   351                  25915.3673 11879543         
  24068  6906    26193.0000   666                  25915.5100 11907527         
  24106  6898    infeasible                        25915.6867 11932760         
  24147  6911    26472.0000   635                  25915.6867 11952221         
  24218  6940    29103.0000    33                  25915.6867 11969581         
  24286  6955    infeasible                        25915.6867 11991277         
Elapsed time = 23292.73 sec. (8881689.10 ticks, tree = 52.09 MB, solutions = 0)
  24317  6954    infeasible                        25915.6867 12022540         
  24363  6973    infeasible                        25915.6867 12042935         
  24408  6998    26872.5145   118                  25915.6867 12062494         
  24464  7022    26473.6867   185                  25915.6867 12073909         
  24519  7041    26252.1102   579                  25915.7264 12093568         
  24563  7045    25973.1102   633                  25915.8397 12110738         
  24633  7075    26472.0000   379                  25915.9144 12126695         
  24695  7089    26472.0000    92                  25915.9144 12147494         
  24759  7109    infeasible                        25916.3067 12167096         
  24793  7109    infeasible                        25916.3999 12190122         
Elapsed time = 23497.28 sec. (9036459.34 ticks, tree = 53.34 MB, solutions = 0)
  24856  7132    infeasible                        25916.8095 12205875         
  24931  7151    26193.0000   360                  25917.5041 12218830         
  25010  7184    infeasible                        25917.5230 12234387         
  25058  7181    infeasible                        25919.0863 12251284         
  25133  7194    infeasible                        25924.9419 12270855         
  25179  7188    infeasible                        25944.9604 12291371         
  25246  7209    28824.0000   134                  25951.5000 12310011         
  25300  7211    26230.5000   440                  25951.5000 12331177         
  25369  7238    29263.0000   115                  25951.5000 12344003         
  25423  7258    infeasible                        25951.5000 12359111         
Elapsed time = 23699.13 sec. (9191398.07 ticks, tree = 54.63 MB, solutions = 0)
  25494  7291    26751.0000   457                  25951.5000 12380168         
  25539  7294    26230.5000   643                  25951.5000 12407676         
  25595  7316    29222.0000    70                  25951.5000 12430137         
  25663  7346    30139.0000   181                  25952.0127 12445134         
  25716  7345    infeasible                        25952.2194 12469167         
  25773  7369    infeasible                        25953.1867 12481500         
  25829  7399    27030.0000   316                  25953.4134 12497884         
  25880  7410    26024.4075   353                  25971.0287 12520241         
  25929  7423    29937.5145   121                  25973.1102 12537871         
  25977  7425    26531.1102   535                  25973.1102 12558462         
Elapsed time = 23876.39 sec. (9347675.50 ticks, tree = 56.02 MB, solutions = 0)
  26020  7430    25986.6454   331                  25974.7969 12568867         
  26066  7434    infeasible                        25989.0000 12584007         
  26141  7465    26751.0000   202                  25989.0000 12600914         
  26223  7507    30214.0000    45                  25989.0000 12620332         
  26292  7542    26472.0000   499                  25989.0000 12636849         
  26337  7569    28984.0000   112                  25989.0000 12647270         
  26378  7576    26472.0000   164                  25989.0000 12665576         
  26446  7596    26751.0000   491                  25989.5260 12689565         
  26504  7618    27309.0000   184                  25990.6867 12708095         
  26570  7627    27588.0000   105                  26033.0000 12733028         
Elapsed time = 24071.70 sec. (9502784.19 ticks, tree = 57.67 MB, solutions = 0)
  26647  7642    26230.4999   266                  26192.9999 12750523         
  26716  7668    27030.0000   109                  26193.0000 12765060         
  26778  7678    31178.0000   270                  26193.0000 12777978         
  26835  7689    26193.0000   293                  26193.0000 12799049         
  26905  7709    infeasible                        26193.0000 12817061         
  26987  7721    infeasible                        26193.0000 12832694         
  27048  7748    30139.0000   108                  26193.0000 12845441         
  27125  7773    26193.0000   498                  26193.0000 12857158         
  27207  7803    infeasible                        26193.0000 12867886         
  27239  7805    26193.0000   499                  26193.0000 12887291         
Elapsed time = 24278.37 sec. (9658555.01 ticks, tree = 59.31 MB, solutions = 0)
  27304  7834    26312.0000   264                  26193.0000 12899889         
  27384  7852    26484.2123   635                  26193.0000 12914176         
  27441  7847    infeasible                        26193.0000 12932240         
  27515  7863    27226.0000   186                  26193.0000 12944591         
  27587  7883    30139.0000    98                  26193.0000 12961489         
  27632  7884    26751.0000   350                  26193.0000 12990056         
  27725  7921    26193.0000   147                  26193.0000 13006983         
  27802  7950    27309.0000    68                  26193.0000 13024416         
  27873  7975    27309.0000   138                  26193.0000 13042561         
  27948  8018    26751.0000   322                  26193.0000 13057595         
Elapsed time = 24458.63 sec. (9812562.12 ticks, tree = 61.12 MB, solutions = 0)
  28005  8015    27905.5000   233                  26193.0000 13080126         
  28069  8043    26591.2328   243                  26193.0000 13091848         
  28127  8055    27030.0000   238                  26193.0000 13105975         
  28191  8071    26472.0000   170                  26193.0000 13119218         
  28265  8086    26230.5000   645                  26193.0000 13137481         
  28326  8085    26481.2343   175                  26193.0000 13157436         
  28407  8102    28134.2348   125                  26193.0000 13174231         
  28505  8130    26751.0000    95                  26193.0000 13185722         
  28589  8156    30697.0000    41                  26193.0000 13198887         
  28675  8192    infeasible                        26193.0000 13210855         
Elapsed time = 24645.80 sec. (9967182.35 ticks, tree = 62.62 MB, solutions = 0)
  28749  8198    infeasible                        26193.0000 13227155         
  28844  8229    infeasible                        26193.0000 13240438         
  28914  8253    27031.0129   239                  26193.0000 13256852         
  28989  8268    28069.0000   111                  26193.0000 13270446         
  29082  8297    26472.0000   347                  26193.0000 13282450         
  29165  8327    30612.0000    38                  26193.0000 13294549         
  29247  8351    26193.0000   452                  26193.0000 13305827         
  29310  8368    26215.3126   507                  26193.0000 13317039         
  29358  8376    26193.6186   422                  26193.0000 13332896         
  29430  8390    28348.0000    80                  26193.0000 13347794         
Elapsed time = 24845.29 sec. (10121175.92 ticks, tree = 64.65 MB, solutions = 0)
  29492  8408    26751.0000   425                  26193.0000 13364960         
  29540  8414    infeasible                        26193.0000 13382960         
  29605  8431    28468.1204   123                  26193.0000 13396648         
  29667  8447    26472.0000   239                  26193.0000 13408364         
  29744  8472    28984.0000   506                  26193.0000 13423718         
  29806  8488    26453.0575   533                  26193.0000 13442075         
  29884  8510    27309.0000   207                  26193.0000 13459109         
  29955  8541    26230.5000   415                  26193.0000 13470607         
  30010  8552    infeasible                        26193.0000 13490629         
  30078  8578    30900.3927    90                  26193.0000 13503061         
Elapsed time = 25031.79 sec. (10276113.65 ticks, tree = 66.19 MB, solutions = 0)
  30152  8601    26472.0000   376                  26193.0000 13517343         
  30214  8615    infeasible                        26193.0000 13530299         
  30271  8628    26870.4947   223                  26193.0000 13546324         
  30346  8659    29860.0000    39                  26193.0000 13560568         
  30417  8679    27035.0863   158                  26193.0000 13572619         
  30490  8704    infeasible                        26193.0000 13586161         
  30549  8718    27030.0000   491                  26193.0000 13601181         
  30606  8727    26591.0000   333                  26193.0000 13617526         
  30676  8741    infeasible                        26193.0000 13634637         
  30725  8752    26752.9144   116                  26193.0000 13649818         
Elapsed time = 25216.76 sec. (10431384.47 ticks, tree = 67.64 MB, solutions = 0)
  30783  8774    infeasible                        26193.0000 13665325         
  30854  8791    27588.0000   138                  26193.0000 13678147         
  30930  8813    26870.0000   225                  26193.0000 13696373         
  30991  8822    26509.4999   469                  26193.0000 13718095         
  31047  8828    26509.5000   517                  26193.0000 13738004         
  31106  8857    31247.0000    55                  26193.0000 13749978         
  31166  8867    26870.0000   130                  26193.0000 13769640         
  31220  8865    26269.6726   457                  26193.0000 13792307         
  31310  8899    26193.0000   361                  26193.0000 13806377         
  31359  8917    26509.5000   273                  26193.0000 13821994         
Elapsed time = 25662.55 sec. (10586372.28 ticks, tree = 69.04 MB, solutions = 0)
  31425  8932    26751.0000   122                  26193.0000 13837875         
  31479  8940    26591.7387   376                  26193.0000 13859974         
  31529  8948    26272.4047   550                  26193.0000 13875259         
  31594  8967    26472.0000   349                  26193.0000 13891126         
  31650  8983    26193.0000   326                  26193.0000 13910657         
  31745  9006    32824.0000   816                  26193.0000 13927403         
  31787  9012    26193.6200   561                  26193.0000 13943605         
  31850  9041    27030.0000   139                  26193.0000 13957223         
  31908  9039    26193.0000   638                  26193.0000 13977817         
  31950  9043    26230.5000   219                  26193.0000 13993866         
Elapsed time = 26107.01 sec. (10741676.99 ticks, tree = 70.10 MB, solutions = 0)
  31996  9049    26215.6134   395                  26193.0000 14008103         
  32057  9066    26472.0000   406                  26193.0000 14030031         
  32111  9084    26473.4761   277                  26193.0000 14045428         
  32169  9094    infeasible                        26193.0000 14061822         
  32202  9091    infeasible                        26193.0000 14082034         
  32256  9109    infeasible                        26193.0000 14093363         
  32300  9125    infeasible                        26193.0000 14106267         
  32356  9145    26751.0000   542                  26193.0000 14117725         
  32417  9168    29581.0000   158                  26193.0000 14139745         
  32470  9174    infeasible                        26193.0000 14162434         
Elapsed time = 26606.17 sec. (10896649.14 ticks, tree = 71.17 MB, solutions = 0)
  32514  9185    26870.0000   225                  26193.0000 14181301         
  32576  9201    26870.0000   637                  26193.0000 14194118         
  32626  9195    26751.0000   252                  26193.0000 14213455         
  32677  9202    26193.0000   436                  26193.0000 14239115         
  32747  9228    26751.0000   500                  26193.0000 14249983         
  32805  9246    infeasible                        26193.0000 14262739         
  32881  9276    27030.4937   238                  26193.0000 14277776         
  32937  9282    26472.0000   482                  26193.0000 14305385         
  33007  9298    26193.0000   550                  26193.0000 14321717         
  33084  9325    26751.0000   193                  26193.0000 14341226         
Elapsed time = 26991.08 sec. (11051463.64 ticks, tree = 72.43 MB, solutions = 0)
  33158  9363    26751.0000   126                  26193.0000 14356049         
  33197  9362    28069.0000    69                  26193.0000 14378568         
  33253  9366    26193.0000   707                  26193.0000 14396026         
  33317  9380    26193.0000   437                  26193.0000 14411520         
  33363  9380    26230.5000   532                  26193.0000 14433043         
  33405  9388    infeasible                        26193.0000 14458202         
  33443  9394    27346.5000   195                  26193.0000 14481375         
  33487  9390    infeasible                        26193.0000 14509266         
  33517  9390    26870.0000   439                  26193.0000 14531912         
  33555  9400    29578.0000    23                  26193.0000 14548774         
Elapsed time = 27482.27 sec. (11206133.51 ticks, tree = 73.09 MB, solutions = 0)
  33603  9413    26193.0000   670                  26193.0000 14565632         
  33653  9423    infeasible                        26193.0000 14585635         
  33714  9437    infeasible                        26193.0000 14598105         
  33743  9444    26752.8397   304                  26193.0000 14613308         
  33790  9443    27309.0000   141                  26193.0000 14632069         
  33864  9469    infeasible                        26193.0000 14646038         
  33922  9475    29139.0000    72                  26193.0000 14664362         
  34000  9487    27067.1282   152                  26193.0000 14688610         
  34046  9490    26230.5000   601                  26193.0000 14706608         
  34090  9486    infeasible                        26193.0000 14721663         
Elapsed time = 27991.56 sec. (11360370.15 ticks, tree = 73.87 MB, solutions = 0)
  34140  9486    infeasible                        26193.0000 14736655         
  34183  9473    infeasible                        26193.0000 14760327         
  34238  9482    28628.3927    71                  26193.0000 14777699         
  34291  9479    infeasible                        26193.0000 14798103         
  34346  9490    26751.0000   154                  26193.0000 14811939         
  34427  9512    26472.0000   291                  26193.0030 14822963         
  34497  9516    27030.0000   178                  26193.1729 14841011         
  34568  9521    infeasible                        26193.2657 14854511         
  34645  9542    27029.9999   167                  26193.4918 14866467         
  34708  9547    infeasible                        26193.4937 14878201         
Elapsed time = 28511.81 sec. (11514517.16 ticks, tree = 74.50 MB, solutions = 0)
  34776  9567    infeasible                        26193.5137 14891434         
  34852  9575    infeasible                        26193.5832 14909179         
  34928  9599    26203.0455   470                  26193.6200 14925289         
  35006  9619    26193.6200   520                  26193.6200 14939579         
  35055  9616    27309.0000   116                  26193.6200 14958093         
  35100  9623    30140.8397   136                  26193.6200 14969704         
  35149  9638    26197.7055   636                  26193.6200 14984808         
  35197  9638    29501.0000    54                  26193.6637 15003144         
  35262  9637    26751.0000   288                  26193.7194 15021760         
  35325  9650    26195.1694   197                  26193.8387 15040114         
Elapsed time = 29024.74 sec. (11669790.59 ticks, tree = 75.45 MB, solutions = 0)
  35401  9670    27030.0000   251                  26194.2286 15053086         
  35452  9689    infeasible                        26194.3606 15065010         
  35517  9700    32861.5000   331                  26194.3606 15082914         
  35572  9705    infeasible                        26194.3673 15098812         
  35615  9704    26194.3673   586                  26194.3673 15115009         
  35673  9698    26751.6321   186                  26194.6867 15134352         
  35722  9693    infeasible                        26194.6867 15158901         
  35781  9698    infeasible                        26194.6867 15180111         
  35821  9704    30139.0000   217                  26194.8397 15206201         
  35896  9723    27309.0000   141                  26195.1694 15218394         
Elapsed time = 29475.76 sec. (11824303.79 ticks, tree = 76.15 MB, solutions = 0)
  35941  9728    28467.0000    78                  26195.3128 15241340         
  36008  9743    26370.0000   343                  26195.9957 15255526         
  36071  9744    infeasible                        26196.5041 15266590         
  36123  9740    infeasible                        26196.5896 15284707         
  36211  9755    infeasible                        26201.5604 15299078         
  36270  9767    26240.4149   311                  26202.6399 15310240         
  36312  9757    infeasible                        26204.7332 15327637         
  36355  9742    infeasible                        26205.4831 15346108         
  36418  9743    29263.0000    59                  26216.5767 15366706         
  36476  9753    31178.0000   248                  26230.5000 15382445         
Elapsed time = 29694.22 sec. (11980611.77 ticks, tree = 76.51 MB, solutions = 0)
  36525  9768    27309.0000   169                  26230.5000 15393817         
  36587  9798    26751.0000   257                  26230.5000 15404209         
  36653  9816    infeasible                        26230.5000 15414554         
  36735  9838    infeasible                        26230.5000 15427481         
  36789  9846    27309.0000   130                  26230.5000 15449138         
  36859  9854    30139.0000   140                  26230.5000 15465320         
  36940  9877    26472.6200   320                  26230.5000 15479532         
  36991  9890    26472.0000   288                  26230.5000 15489132         
  37056  9899    26230.5000   603                  26230.5000 15505065         
  37110  9911    27149.0000    64                  26230.5000 15523470         
Elapsed time = 30025.70 sec. (12135823.13 ticks, tree = 77.90 MB, solutions = 0)
  37167  9904    27151.5145   166                  26230.5000 15538998         
  37213  9922    infeasible                        26230.5000 15553251         
  37264  9939    infeasible                        26230.5000 15565633         
  37320  9939    26230.5000   507                  26230.5000 15586136         
  37384  9953    26472.4534   149                  26230.5000 15602580         
  37436  9963    26231.2194   550                  26231.2194 15619768         
  37482  9975    26753.2875   298                  26232.8064 15634089         
  37532  9979    26238.5005   351                  26238.5005 15651499         
  37591  9976    infeasible                        26239.0052 15670172         
  37683  9989    infeasible                        26252.1102 15684571         
Elapsed time = 30550.45 sec. (12290656.02 ticks, tree = 78.64 MB, solutions = 0)
  37765  9995    infeasible                        26252.1102 15697962         
  37814 10004    infeasible                        26252.1102 15707787         
  37869 10007    infeasible                        26252.1102 15720805         
  37910 10004    26252.1102   243                  26252.1102 15735771         
  37949  9995    infeasible                        26258.9385 15755253         
  37998  9996    27030.0000   186                  26268.0000 15777109         
  38069 10005    26751.0000   250                  26268.0000 15787981         
  38154 10028    26472.0000   356                  26268.0000 15801719         
  38238 10048    27309.0000   113                  26268.0000 15814538         
  38319 10067    30139.0000   181                  26268.0000 15825553         
Elapsed time = 31068.22 sec. (12445237.59 ticks, tree = 79.40 MB, solutions = 0)
  38396 10094    26472.0000   199                  26268.0000 15841714         
  38475 10116    27309.0000   193                  26268.0000 15859104         
  38532 10141    29221.0000   225                  26268.0000 15872719         
  38598 10159    27790.0000   308                  26268.0000 15885484         
  38682 10165    26751.0000   201                  26268.9853 15898195         
  38744 10155    28384.0000   156                  26278.1227 15914107         
  38809 10160    26490.5575   357                  26301.0424 15935100         
  38877 10150    28984.0000   159                  26312.0000 15950649         
  38956 10162    26751.0000   422                  26312.0000 15966330         
  39015 10173    27030.0000   133                  26312.0000 15982134         
Elapsed time = 31590.99 sec. (12599531.47 ticks, tree = 80.41 MB, solutions = 0)
  39083 10175    29979.4946   178                  26312.0000 15998447         
  39156 10190    infeasible                        26343.0000 16013570         
  39243 10195    28705.0000   463                  26453.0575 16030840         
  39314 10197    26751.0000   398                  26472.0000 16046838         
  39397 10202    27030.0000   376                  26472.0000 16060034         
  39459 10220    26472.0000   307                  26472.0000 16076125         
  39555 10254    26472.0000   337                  26472.0000 16086392         
  39639 10272    26751.0000   315                  26472.0000 16097557         
  39712 10305    infeasible                        26472.0000 16108142         
  39799 10314    infeasible                        26472.0000 16121149         
Elapsed time = 32105.12 sec. (12754571.43 ticks, tree = 81.75 MB, solutions = 0)
  39861 10330    29501.0000    30                  26472.0000 16134027         
  39949 10345    32129.0000   186                  26472.0000 16148030         
  40026 10358    26751.0000   131                  26472.0000 16166523         
  40083 10349    26509.5000   369                  26472.0000 16187418         
  40131 10341    28106.5000   194                  26472.0000 16205108         
  40202 10354    infeasible                        26472.0000 16216276         
  40274 10368    26751.0000   168                  26472.0000 16231523         
  40333 10385    26751.0000   147                  26472.0000 16246926         
  40441 10417    26751.0000   214                  26472.0000 16259911         
  40518 10438    26751.0000   318                  26472.0000 16277336         
Elapsed time = 32629.75 sec. (12908872.81 ticks, tree = 82.88 MB, solutions = 0)
  40573 10455    28545.0000   441                  26472.0000 16291639         
  40631 10471    infeasible                        26472.0000 16311999         
  40688 10484    27309.0000   110                  26472.0000 16330999         
  40773 10507    26472.4937   117                  26472.0000 16343606         
  40875 10525    26751.0000   204                  26472.0000 16362064         
  40957 10539    26472.0000   200                  26472.0000 16372170         
  41024 10546    28265.0000    68                  26472.0000 16388661         
  41080 10548    30652.9999    41                  26472.0000 16401728         
  41167 10549    28147.0000   384                  26472.0000 16421988         
  41276 10576    26472.0000   520                  26472.0000 16435169         
Elapsed time = 33178.79 sec. (13063244.79 ticks, tree = 84.14 MB, solutions = 0)
  41362 10597    29103.0000    40                  26472.0000 16445554         
  41441 10614    26751.0000   460                  26472.0000 16455153         
  41522 10639    26472.0000   325                  26472.0000 16466222         
  41612 10657    infeasible                        26472.0000 16477468         
  41713 10666    26472.0000   203                  26472.0000 16493501         
  41795 10688    27030.0000   158                  26472.0000 16504954         
  41898 10707    28467.0000   155                  26472.0000 16521142         
  41977 10712    26472.6200   432                  26472.0000 16538589         
  42046 10717    27030.0000   421                  26472.0000 16552122         
  42132 10723    infeasible                        26472.0000 16564519         
Elapsed time = 33593.58 sec. (13216903.67 ticks, tree = 85.51 MB, solutions = 0)
  42231 10752    infeasible                        26472.0000 16577491         
  42341 10780    27790.0000   251                  26472.0000 16590992         
  42435 10812    26473.3606   316                  26472.0000 16602746         
  42527 10832    26473.3606   380                  26472.0000 16615783         
  42620 10863    27309.0000   113                  26472.0000 16626816         
  42708 10893    26472.0000   398                  26472.0000 16637808         
  42773 10906    28984.0000   214                  26472.0000 16649495         
  42854 10932    infeasible                        26472.0000 16658277         
  42931 10941    26751.0000   193                  26472.0000 16670581         
  43020 10972    27067.5000   139                  26472.0000 16684845         
Elapsed time = 33828.33 sec. (13372186.47 ticks, tree = 87.65 MB, solutions = 0)
  43100 10988    29898.0000    42                  26472.0000 16698968         
  43196 11004    infeasible                        26472.0000 16710098         
  43275 11017    26472.0000   499                  26472.0000 16722960         
  43357 11039    infeasible                        26472.0000 16732465         
  43442 11058    infeasible                        26472.0000 16746984         
  43520 11073    infeasible                        26472.0000 16759709         
  43602 11087    27030.0000   412                  26472.0000 16775026         
  43677 11102    27309.0000   359                  26472.0000 16789707         
  43765 11136    30139.0000   173                  26472.0000 16799356         
  43827 11148    27030.0000   226                  26472.0000 16811554         
Elapsed time = 34311.40 sec. (13526548.66 ticks, tree = 89.21 MB, solutions = 0)
  43915 11170    29299.0000    48                  26472.0000 16824140         
  44001 11196    28069.0000   158                  26472.0000 16836593         
  44094 11215    infeasible                        26472.0000 16848440         
  44178 11242    26474.1527   290                  26472.0000 16862826         
  44258 11259    29023.0000   112                  26472.0000 16875695         
  44368 11287    26764.1119   252                  26472.0000 16887461         
  44452 11301    29581.0000   255                  26472.0000 16898728         
  44533 11316    infeasible                        26472.0000 16911123         
  44618 11345    26751.6186   389                  26472.0000 16924820         
  44687 11364    28984.0000   134                  26472.0000 16940174         
Elapsed time = 34792.27 sec. (13681388.21 ticks, tree = 91.06 MB, solutions = 0)
  44762 11384    28188.0000    56                  26472.0000 16953268         
  44844 11406    29860.0000   102                  26472.0000 16967332         
  44924 11416    infeasible                        26472.0000 16984572         
  44985 11426    26526.0892   331                  26472.0000 16999904         
  45061 11447    27790.6200   247                  26472.0000 17016956         
  45135 11461    infeasible                        26472.0000 17030810         
  45207 11478    30774.5275    97                  26472.0000 17046326         
  45284 11491    27149.0000   271                  26472.0000 17061216         
  45411 11518    28627.0000    53                  26472.0000 17074386         
  45498 11521    29103.0000   385                  26472.0000 17093313         
Elapsed time = 35157.87 sec. (13838156.61 ticks, tree = 92.45 MB, solutions = 0)
  45578 11549    29103.0000   107                  26472.0000 17102529         
  45659 11564    27309.0000   148                  26472.0000 17119577         
  45740 11575    infeasible                        26472.0000 17134397         
  45830 11597    27030.0000   250                  26472.0000 17148732         
  45908 11606    infeasible                        26472.0000 17163793         
  45965 11613    28467.0000    98                  26472.0000 17177849         
  46033 11603    27929.5000   199                  26472.0000 17197032         
  46129 11625    infeasible                        26472.0000 17210410         
  46181 11635    29860.0000   205                  26472.0000 17223607         
  46242 11635    26751.0000   192                  26472.0000 17242674         
Elapsed time = 35409.78 sec. (13992592.77 ticks, tree = 93.51 MB, solutions = 0)
  46296 11639    28627.0000    87                  26472.0000 17259050         
  46344 11644    infeasible                        26472.0000 17280895         
  46424 11670    infeasible                        26472.0000 17294224         
  46513 11707    28348.0000   115                  26472.0000 17305991         
  46607 11732    infeasible                        26472.0000 17317991         
  46679 11738    29302.0000   271                  26472.0000 17337239         
  46763 11740    infeasible                        26472.0000 17348873         
  46860 11749    infeasible                        26472.0000 17363229         
  46927 11768    26472.6186   355                  26472.0000 17378056         
  47003 11784    27986.0000   341                  26472.0000 17394615         
Elapsed time = 35861.47 sec. (14146838.14 ticks, tree = 94.88 MB, solutions = 0)
  47077 11810    28069.0000   127                  26472.0000 17409657         
  47151 11802    26472.4937   364                  26472.0000 17423942         
  47221 11818    infeasible                        26472.0000 17436974         
  47298 11832    30176.5000   194                  26472.0000 17456158         
  47366 11844    26472.0000   121                  26472.0000 17466665         
  47433 11865    infeasible                        26472.0000 17476383         
  47505 11883    29139.0000    97                  26472.0012 17484954         
  47579 11894    28385.5000   107                  26472.0027 17497259         
  47649 11881    26753.0661   306                  26472.1604 17510097         
  47710 11896    26472.2191   150                  26472.2191 17521540         
Elapsed time = 36357.35 sec. (14301058.56 ticks, tree = 95.95 MB, solutions = 0)
  47778 11897    27309.0000   116                  26472.4059 17538040         
  47861 11892    infeasible                        26472.4937 17552855         
  47924 11897    29020.4946   284                  26472.4946 17562224         
  48026 11921    27309.0000   156                  26472.6186 17573937         
  48080 11925    30900.3927   149                  26472.6200 17584449         
  48157 11936    28627.0000   146                  26472.6200 17592383         
  48226 11955    28627.0000   145                  26472.6200 17601192         
  48305 11978    27309.0000   115                  26472.7836 17611580         
  48389 11994    27987.0000   211                  26473.0847 17624218         
  48471 12009    infeasible                        26473.3673 17637156         
Elapsed time = 36886.02 sec. (14454705.55 ticks, tree = 96.81 MB, solutions = 0)
  48552 12022    infeasible                        26473.4761 17649356         
  48665 12011    26752.8397   185                  26473.8397 17666746         
  48737 12019    26753.1866   229                  26474.2875 17678419         
  48823 12029    28705.5911   253                  26474.7820 17690265         
  48913 12035    26869.2203   483                  26477.9441 17704007         
  48994 12048    28984.0000    42                  26481.2343 17717685         
  49083 12049    26751.0000   316                  26490.5575 17727737         
  49125 12056    27309.0000   111                  26491.3484 17739337         
  49207 12068    infeasible                        26509.0236 17749565         
  49301 12086    26509.5000   337                  26509.5000 17760064         
Elapsed time = 37170.02 sec. (14609057.80 ticks, tree = 97.60 MB, solutions = 0)
  49362 12087    infeasible                        26509.5000 17771947         
  49431 12112    30537.0000   116                  26509.5000 17776649         
  49513 12119    27309.0000   293                  26509.5000 17788890         
  49586 12137    26751.6200   781                  26509.5000 17802395         
  49670 12159    27030.0000    72                  26509.5000 17815803         
  49761 12176    infeasible                        26509.5000 17827271         
  49849 12190    28265.0000    43                  26519.2045 17840523         
  49927 12193    infeasible                        26531.1102 17852835         
  50012 12208    29382.0000   190                  26547.0000 17862127         
  50090 12222    26751.0000   191                  26547.0000 17872628         
Elapsed time = 37657.84 sec. (14764183.51 ticks, tree = 98.85 MB, solutions = 0)
  50182 12240    28627.0000   101                  26547.0000 17882438         
  50265 12260    27030.0000   317                  26547.0000 17891627         
  50346 12279    26751.4945   485                  26547.0000 17902451         
  50443 12282    28069.0000   116                  26547.0000 17916903         
  50554 12293    27149.0000   329                  26555.2830 17928494         
  50650 12293    infeasible                        26591.0000 17947988         
  50730 12314    29302.0000   319                  26591.0000 17955864         
  50810 12322    26751.0000   159                  26591.0000 17967432         
  50908 12330    28627.0000    44                  26591.0000 17980056         
  51001 12343    28188.0000   120                  26591.0000 17993612         
Elapsed time = 38206.79 sec. (14918131.24 ticks, tree = 100.01 MB, solutions = 0)
  51065 12357    28984.3468   186                  26591.0000 18007017         
  51121 12363    31010.0000    28                  26591.0000 18016049         
  51207 12378    26751.0000   222                  26591.0000 18029094         
  51276 12389    27149.0000   325                  26591.0000 18043043         
  51359 12404    28307.0000    43                  26591.0000 18055792         
  51431 12410    28824.4946   116                  26591.0000 18075616         
  51506 12421    27030.0000   113                  26591.0000 18087762         
  51597 12432    30452.0000    32                  26591.7194 18100283         
  51701 12434    30176.5000   179                  26593.5275 18109742         
  51768 12447    26872.5275   164                  26628.5000 18116768         
Elapsed time = 38721.20 sec. (15072433.51 ticks, tree = 101.05 MB, solutions = 0)
  51874 12451    26751.0000   351                  26676.9536 18132481         
  51976 12449    28906.0000    34                  26751.0000 18148762         
  52049 12468    28461.0000   194                  26751.0000 18158303         
  52138 12487    28348.0000   123                  26751.0000 18167025         
  52232 12499    28906.0000    27                  26751.0000 18176358         
  52303 12514    27505.0000    39                  26751.0000 18183235         
  52377 12516    28069.0000    87                  26751.0000 18192879         
  52468 12544    30653.0000    37                  26751.0000 18201546         
  52554 12560    28096.0000   118                  26751.0000 18212314         
  52641 12591    28746.0000    34                  26751.0000 18219798         
Elapsed time = 39010.58 sec. (15226767.13 ticks, tree = 102.41 MB, solutions = 0)
  52716 12608    27030.0000   142                  26751.0000 18228987         
  52801 12621    27588.0000   105                  26751.0000 18236547         
  52875 12624    infeasible                        26751.0000 18244505         
  52976 12636    26751.0000   154                  26751.0000 18254885         
  53062 12648    28069.0000   161                  26751.0000 18261822         
  53158 12656    26816.7058   189                  26751.0000 18273046         
  53244 12676    30899.0000   220                  26751.0000 18281726         
  53320 12692    30534.0000    65                  26751.0000 18289896         
  53397 12701    infeasible                        26751.0000 18304096         
  53450 12703    28348.0000   117                  26751.0000 18315860         
Elapsed time = 39245.26 sec. (15381826.06 ticks, tree = 103.46 MB, solutions = 0)
  53545 12726    29103.0000    35                  26751.0000 18329160         
  53640 12751    30653.0000    95                  26751.0000 18342835         
  53749 12772    28188.0000   132                  26751.0000 18352485         
  53851 12791    infeasible                        26751.0000 18361857         
  53940 12816    27790.0000   273                  26751.0000 18371784         
  53989 12815    29263.0000    38                  26751.0000 18391388         
  54080 12828    26751.6200   343                  26751.0000 18400387         
  54166 12850    26751.0000   293                  26751.0000 18411195         
  54253 12859    28348.0000   291                  26751.0000 18426075         
  54343 12867    27309.0000   113                  26751.0000 18436555         
Elapsed time = 39461.53 sec. (15535730.11 ticks, tree = 104.92 MB, solutions = 0)
  54436 12898    27588.0000    83                  26751.0000 18443333         
  54541 12919    26751.0000   312                  26751.0000 18457564         
  54640 12932    27309.0000   188                  26751.0000 18467997         
  54728 12948    26751.0000    89                  26751.0000 18477835         
  54817 12965    26751.0000   247                  26751.0000 18488203         
  54914 12990    27309.0000   189                  26751.0000 18497611         
  54986 13004    infeasible                        26751.0000 18509044         
  55061 13027    28859.0000   223                  26751.0000 18517853         
  55136 13028    infeasible                        26751.0000 18528181         
  55228 13039    infeasible                        26751.0000 18541433         
Elapsed time = 39763.91 sec. (15690390.83 ticks, tree = 106.48 MB, solutions = 0)
  55328 13055    infeasible                        26751.0000 18548912         
  55400 13067    29263.0000    24                  26751.0000 18555855         
  55495 13078    infeasible                        26751.0000 18568203         
  55597 13101    infeasible                        26751.0000 18576658         
  55716 13120    27030.0000   212                  26751.0000 18585694         
  55765 13109    infeasible                        26751.0000 18594125         
  55859 13123    28348.0000   158                  26751.0000 18603130         
  55942 13116    27030.0000   205                  26751.0000 18614568         
  56025 13131    26751.0000   237                  26751.0000 18623747         
  56098 13146    28348.0000   193                  26751.0000 18634173         
Elapsed time = 40280.39 sec. (15844249.41 ticks, tree = 107.47 MB, solutions = 0)
  56202 13162    29221.0000    38                  26751.0000 18643781         
  56293 13177    26751.0000   259                  26751.0000 18653275         
  56381 13190    31457.0000   133                  26751.0000 18662998         
  56471 13214    30418.0000    51                  26751.0000 18671141         
  56547 13234    28188.0000   104                  26751.0000 18677312         
  56646 13238    27030.0000    58                  26751.0000 18687854         
  56743 13252    28699.0000    43                  26751.0000 18695278         
  56839 13264    infeasible                        26751.0000 18704021         
  56934 13273    28069.0000   126                  26751.0000 18712252         
  57049 13268    infeasible                        26751.0000 18723230         
Elapsed time = 40789.00 sec. (15997978.80 ticks, tree = 108.63 MB, solutions = 0)
  57156 13287    26751.0000   161                  26751.0000 18732988         
  57256 13301    26753.6282   232                  26751.0000 18743775         
  57345 13316    28348.0000    81                  26751.0000 18751087         
  57454 13338    28627.0000    82                  26751.0000 18760198         
  57555 13351    28984.0000   297                  26751.0000 18768967         
  57651 13351    27149.0001   224                  26751.0000 18776949         
  57729 13355    28580.0000   238                  26751.0000 18787662         
  57838 13378    infeasible                        26751.0000 18798392         
  57933 13393    28860.0000   199                  26751.0000 18811291         
  58032 13416    27309.0000   110                  26751.0000 18821421         
Elapsed time = 41070.90 sec. (16151441.18 ticks, tree = 109.98 MB, solutions = 0)
  58138 13430    infeasible                        26751.0000 18832732         
  58215 13431    27309.0000    38                  26751.0000 18843371         
  58292 13434    28467.0000    42                  26751.0000 18851633         
  58383 13437    infeasible                        26751.0000 18858382         
  58468 13456    28348.0000   112                  26751.0000 18864386         
  58534 13470    28740.0000   125                  26751.0000 18872029         
  58612 13477    27309.0000   203                  26751.0000 18883932         
  58676 13495    28348.0000   145                  26751.0000 18889184         
  58773 13508    26787.4946   204                  26751.0000 18899843         
  58851 13522    29103.0000   376                  26751.0000 18912016         
Elapsed time = 41454.91 sec. (16305149.30 ticks, tree = 110.99 MB, solutions = 0)
  58919 13535    28627.0000    33                  26751.0000 18923401         
  59012 13552    26751.0000   274                  26751.0000 18931415         
  59098 13575    28348.0000   135                  26751.0000 18941063         
  59182 13595    29816.0000    26                  26751.0000 18947642         
  59297 13604    28069.0000   173                  26751.0000 18958562         
  59386 13615    28824.0000   259                  26751.0000 18968351         
  59486 13623    28906.0000    97                  26751.0000 18977851         
  59578 13641    27030.0000   117                  26751.0000 18985642         
  59661 13648    28070.8397   218                  26751.0000 18994114         
  59740 13669    28627.0000   147                  26751.0000 19000097         
Elapsed time = 41740.50 sec. (16459062.14 ticks, tree = 112.32 MB, solutions = 0)
  59842 13701    infeasible                        26751.0000 19012409         
  59925 13710    26763.2313   483                  26751.0000 19023497         
  60001 13718    infeasible                        26751.0000 19036571         
  60091 13737    28348.0000   132                  26751.0000 19047225         
  60155 13751    infeasible                        26751.0000 19056028         
  60232 13764    28348.0000   123                  26751.0000 19065587         
  60317 13790    infeasible                        26751.0000 19074777         
  60402 13811    infeasible                        26751.0000 19084439         
  60476 13831    infeasible                        26751.0000 19092817         
  60565 13846    28348.0000   231                  26751.0000 19104330         
Elapsed time = 42219.84 sec. (16613251.35 ticks, tree = 113.93 MB, solutions = 0)
  60638 13871    29898.0000   113                  26751.0000 19110911         
  60731 13882    29185.0000    28                  26751.0000 19121070         
  60804 13893    26751.0000    94                  26751.0000 19128014         
  60873 13900    27790.0000   189                  26751.0000 19142157         
  60940 13914    28627.0000   106                  26751.0000 19152591         
  61039 13943    28627.0000   147                  26751.0000 19159615         
  61128 13963    infeasible                        26751.0000 19166684         
  61208 13965    29500.0000    34                  26751.0000 19176020         
  61298 13987    28942.0000    22                  26751.0000 19186482         
  61383 13998    28348.0000   154                  26751.0000 19199250         
Elapsed time = 42714.93 sec. (16766999.64 ticks, tree = 115.29 MB, solutions = 0)
  61483 14018    30655.5275    99                  26751.0000 19212196         
  61577 14035    26751.0000   309                  26751.0000 19221403         
  61652 14034    infeasible                        26751.0000 19235560         
  61731 14039    28384.0000   219                  26751.0000 19245699         
  61812 14047    28265.0000   184                  26751.0000 19256125         
  61892 14057    infeasible                        26751.0000 19265129         
  61994 14073    27030.0000   131                  26751.0000 19275308         
  62093 14078    28384.0000   225                  26751.0000 19283904         
  62180 14093    27030.0000   339                  26751.0000 19297562         

GUB cover cuts applied:  9
Cover cuts applied:  3759
Implied bound cuts applied:  64
Flow cuts applied:  1234
Mixed integer rounding cuts applied:  1438
Zero-half cuts applied:  2
Lift and project cuts applied:  6
Gomory fractional cuts applied:  3

Root node processing (before b&c):
  Real time             = 3871.96 sec. (845035.70 ticks)
Sequential b&c:
  Real time             = 39328.05 sec. (16075440.22 ticks)
                          ------------
Total (root+branch&cut) = 43200.00 sec. (16920475.92 ticks)
Unknown
terminate called after throwing an instance of 'IloCplex::Exception'
