t6p15r7h1.txt:
   > Trying to open the instance file...
   > Reading number of trains...
   > Reading maximum number of trips per train...
   > Reading time intervals...
   > Reading number of points...
   > Reading stations...
   > Reading crossings...
   > Reading depots...
   > Reading initial point...
   > Reading routes...
   > Reading distance and distance and service...
   > Reading demands...
   > Reading maximum time...
   > Reading alpha...

--------------------------------
 Printing instance
--------------------------------
number of trains = 6
	max trips per trains: 2     2     2     2     2     2
number of intervals = 1
	(0,  30495)
number of points = 15
	initial point: 14
	stations: 0     1     2     3     4     5     6     7     8     9    10    11    12    13    14
	crossings: 0     7     9    11    12    14
	depots: 0    11    14
number of vertices = 30
	total vertices: 0     1     2     3     4     5     6     7     8     9    10    11    12    13    14    15    16    17    18    19    20    21    22    23    24    25    26    27    28    29
	upper vertices: 0     1     2     3     4     5     6     7     8     9    10    11    12    13    14
	lower vertices: 15    16    17    18    19    20    21    22    23    24    25    26    27    28    29
	vertices of point #0: (0, 15)
	vertices of point #1: (1, 16)
	vertices of point #2: (2, 17)
	vertices of point #3: (3, 18)
	vertices of point #4: (4, 19)
	vertices of point #5: (5, 20)
	vertices of point #6: (6, 21)
	vertices of point #7: (7, 22)
	vertices of point #8: (8, 23)
	vertices of point #9: (9, 24)
	vertices of point #10: (10, 25)
	vertices of point #11: (11, 26)
	vertices of point #12: (12, 27)
	vertices of point #13: (13, 28)
	vertices of point #14: (14, 29)

arcs...
	total arcs: 
		arc #0: (0, 1)
		arc #1: (0, 15)
		arc #2: (15, 0)
		arc #3: (1, 2)
		arc #4: (16, 15)
		arc #5: (2, 3)
		arc #6: (17, 16)
		arc #7: (3, 4)
		arc #8: (18, 17)
		arc #9: (4, 5)
		arc #10: (19, 18)
		arc #11: (5, 6)
		arc #12: (20, 19)
		arc #13: (6, 7)
		arc #14: (21, 20)
		arc #15: (7, 8)
		arc #16: (22, 21)
		arc #17: (8, 9)
		arc #18: (23, 22)
		arc #19: (9, 10)
		arc #20: (24, 23)
		arc #21: (10, 11)
		arc #22: (25, 24)
		arc #23: (11, 12)
		arc #24: (26, 25)
		arc #25: (11, 26)
		arc #26: (26, 11)
		arc #27: (12, 13)
		arc #28: (27, 26)
		arc #29: (13, 14)
		arc #30: (28, 27)
		arc #31: (29, 28)
		arc #32: (14, 29)
		arc #33: (29, 14)

	reverse arcs: 
		arc #1: (0, 15)
		arc #2: (15, 0)
		arc #25: (11, 26)
		arc #26: (26, 11)
		arc #32: (14, 29)
		arc #33: (29, 14)


incompatible points...
	(0, 6, 22, (6, 7))	(22, 16, 0, (16, 15))	(7, 8, 24, (8, 9))	(24, 23, 7, (23, 22))	(9, 10, 26, (10, 11))	(26, 25, 9, (25, 24))	(11, 11, 27, (11, 12))	(27, 27, 11, (27, 26))	(12, 13, 29, (13, 14))	(29, 28, 12, (28, 27))

number of routes = 7
vertices of routes...
	route #0: 0     1     2     3     4     5     6     7     8     9    10    11    12    13    14    29    28    27    26    25    24    23    22    21    20    19    18    17    16    15     0
	route #1: 29    28    27    26    25    24    23    22    21    20    19    18    17    16    15     0     1     2     3     4     5     6     7     8     9    10    11    12    13    14    29
	route #2: 11    12    13    14
	route #3: 26    25    24    23    22    21    20    19    18    17    16    15
	route #4: 0     1     2     3     4     5     6     7     8     9    10    11
	route #5: 29    28    27    26
	route #6: 11    12    13    14    29    28    27    26    11
arcs of routes...
	route #0: 0     3     5     7     9    11    13    15    17    19    21    23    27    29    32    31    30    28    24    22    20    18    16    14    12    10     8     6     4     2
	route #1: 31    30    28    24    22    20    18    16    14    12    10     8     6     4     2     0     3     5     7     9    11    13    15    17    19    21    23    27    29    32
	route #2: 23    27    29
	route #3: 24    22    20    18    16    14    12    10     8     6     4
	route #4: 0     3     5     7     9    11    13    15    17    19    21
	route #5: 31    30    28
	route #6: 23    27    29    32    31    30    28    26

incompatible routes...
	(0, 1)    	(0, 2)    	(0, 3)    	(0, 5)    	(0, 6)    	(1, 0)    	(1, 2)    	(1, 3)    	(1, 4)    	(1, 6)    	(2, 0)    	(2, 2)    	(2, 3)    	(2, 4)    	(2, 6)    	(3, 1)    	(3, 2)    	(3, 3)    	(3, 5)    	(3, 6)    	(4, 0)    	(4, 1)    	(4, 4)    	(4, 5)    	(5, 0)    	(5, 1)    	(5, 4)    	(5, 5)    	(6, 0)    	(6, 1)    	(6, 4)    	(6, 5)

vertices that can be adjacent in consecutive trips...
	(0, 0)    	(11, 11)    	(11, 26)    	(14, 29)    	(15, 0)    	(26, 11)    	(26, 26)    	(29, 29)
non cyclical routes: 
       2       3       4       5

routes of trip...
	routes that train #0 can complete at trip #0: 1       5
	routes that train #0 can complete at trip #1: 0       1       2       3       4       5       6

	routes that train #1 can complete at trip #0: 1       5
	routes that train #1 can complete at trip #1: 0       1       2       3       4       5       6

	routes that train #2 can complete at trip #0: 1       5
	routes that train #2 can complete at trip #1: 0       1       2       3       4       5       6

	routes that train #3 can complete at trip #0: 1       5
	routes that train #3 can complete at trip #1: 0       1       2       3       4       5       6

	routes that train #4 can complete at trip #0: 1       5
	routes that train #4 can complete at trip #1: 0       1       2       3       4       5       6

	routes that train #5 can complete at trip #0: 1       5
	routes that train #5 can complete at trip #1: 0       1       2       3       4       5       6

 cost...
	arc #0 [0][1]: 273
	arc #1 [0][15]: 0
	arc #2 [15][0]: 0
	arc #3 [1][2]: 327
	arc #4 [16][15]: 273
	arc #5 [2][3]: 310
	arc #6 [17][16]: 327
	arc #7 [3][4]: 314
	arc #8 [18][17]: 310
	arc #9 [4][5]: 312
	arc #10 [19][18]: 314
	arc #11 [5][6]: 303
	arc #12 [20][19]: 312
	arc #13 [6][7]: 307
	arc #14 [21][20]: 303
	arc #15 [7][8]: 280
	arc #16 [22][21]: 307
	arc #17 [8][9]: 325
	arc #18 [23][22]: 280
	arc #19 [9][10]: 276
	arc #20 [24][23]: 325
	arc #21 [10][11]: 273
	arc #22 [25][24]: 276
	arc #23 [11][12]: 303
	arc #24 [26][25]: 273
	arc #25 [11][26]: 0
	arc #26 [26][11]: 0
	arc #27 [12][13]: 296
	arc #28 [27][26]: 303
	arc #29 [13][14]: 309
	arc #30 [28][27]: 296
	arc #31 [29][28]: 309
	arc #32 [14][29]: 0
	arc #33 [29][14]: 0

cost with minimum service...
	arc #0 [0][1]: 368
	arc #1 [0][15]: 0
	arc #2 [15][0]: 0
	arc #3 [1][2]: 422
	arc #4 [16][15]: 521
	arc #5 [2][3]: 405
	arc #6 [17][16]: 422
	arc #7 [3][4]: 409
	arc #8 [18][17]: 405
	arc #9 [4][5]: 407
	arc #10 [19][18]: 409
	arc #11 [5][6]: 398
	arc #12 [20][19]: 407
	arc #13 [6][7]: 402
	arc #14 [21][20]: 398
	arc #15 [7][8]: 375
	arc #16 [22][21]: 402
	arc #17 [8][9]: 420
	arc #18 [23][22]: 375
	arc #19 [9][10]: 371
	arc #20 [24][23]: 420
	arc #21 [10][11]: 521
	arc #22 [25][24]: 371
	arc #23 [11][12]: 398
	arc #24 [26][25]: 368
	arc #25 [11][26]: 0
	arc #26 [26][11]: 0
	arc #27 [12][13]: 391
	arc #28 [27][26]: 551
	arc #29 [13][14]: 557
	arc #30 [28][27]: 391
	arc #31 [29][28]: 404
	arc #32 [14][29]: 0
	arc #33 [29][14]: 0

cost with maximum service...
	arc #0 [0][1]: 778
	arc #1 [0][15]: 505
	arc #2 [15][0]: 505
	arc #3 [1][2]: 832
	arc #4 [16][15]: 778
	arc #5 [2][3]: 815
	arc #6 [17][16]: 832
	arc #7 [3][4]: 819
	arc #8 [18][17]: 815
	arc #9 [4][5]: 817
	arc #10 [19][18]: 819
	arc #11 [5][6]: 808
	arc #12 [20][19]: 817
	arc #13 [6][7]: 812
	arc #14 [21][20]: 808
	arc #15 [7][8]: 785
	arc #16 [22][21]: 812
	arc #17 [8][9]: 830
	arc #18 [23][22]: 785
	arc #19 [9][10]: 781
	arc #20 [24][23]: 830
	arc #21 [10][11]: 778
	arc #22 [25][24]: 781
	arc #23 [11][12]: 808
	arc #24 [26][25]: 778
	arc #25 [11][26]: 505
	arc #26 [26][11]: 505
	arc #27 [12][13]: 801
	arc #28 [27][26]: 808
	arc #29 [13][14]: 814
	arc #30 [28][27]: 801
	arc #31 [29][28]: 814
	arc #32 [14][29]: 505
	arc #33 [29][14]: 505

demands...
	demands of vertex 0 at time interval: 9
	demands of vertex 1 at time interval: 9
	demands of vertex 2 at time interval: 9
	demands of vertex 3 at time interval: 9
	demands of vertex 4 at time interval: 9
	demands of vertex 5 at time interval: 9
	demands of vertex 6 at time interval: 9
	demands of vertex 7 at time interval: 9
	demands of vertex 8 at time interval: 9
	demands of vertex 9 at time interval: 9
	demands of vertex 10 at time interval: 9
	demands of vertex 11 at time interval: 9
	demands of vertex 12 at time interval: 9
	demands of vertex 13 at time interval: 9
	demands of vertex 14 at time interval: 0
	demands of vertex 15 at time interval: 0
	demands of vertex 16 at time interval: 9
	demands of vertex 17 at time interval: 9
	demands of vertex 18 at time interval: 9
	demands of vertex 19 at time interval: 9
	demands of vertex 20 at time interval: 9
	demands of vertex 21 at time interval: 9
	demands of vertex 22 at time interval: 9
	demands of vertex 23 at time interval: 9
	demands of vertex 24 at time interval: 9
	demands of vertex 25 at time interval: 9
	demands of vertex 26 at time interval: 9
	demands of vertex 27 at time interval: 9
	demands of vertex 28 at time interval: 9
	demands of vertex 29 at time interval: 9

maximum time = 30495
alpha = 48

>> Solving...
Version identifier: 20.1.0.0 | 2020-11-10 | 9bedb6d68
CPXPARAM_Threads                                 1
CPXPARAM_TimeLimit                               43200
Tried aggregator 3 times.
MIP Presolve eliminated 90967 rows and 13776 columns.
MIP Presolve modified 111985 coefficients.
Aggregator did 834 substitutions.
Reduced MIP has 250410 rows, 94981 columns, and 609714 nonzeros.
Reduced MIP has 94488 binaries, 0 generals, 0 SOSs, and 0 indicators.
Presolve time = 22.31 sec. (6919.11 ticks)
Probing fixed 60 vars, tightened 204 bounds.
Probing time = 14.53 sec. (1839.01 ticks)
Tried aggregator 1 time.
Detecting symmetries...
Elapsed time for symmetry detection = 28.08 sec. (10003.22 ticks)
Elapsed time for symmetry detection = 38.01 sec. (20007.31 ticks)
Elapsed time for symmetry detection = 71.90 sec. (30010.33 ticks)
Found 9.494592e+83846 symmetric permutations.
MIP Presolve eliminated 242 rows and 120 columns.
MIP Presolve modified 10151 coefficients.
Reduced MIP has 250168 rows, 94861 columns, and 609006 nonzeros.
Reduced MIP has 94368 binaries, 0 generals, 0 SOSs, and 0 indicators.
Presolve time = 100.81 sec. (40063.82 ticks)
Probing fixed 0 vars, tightened 58 bounds.
Probing time = 7.29 sec. (611.41 ticks)
Clique table members: 408208.
MIP emphasis: balance optimality and feasibility.
MIP search method: dynamic search.
Parallel mode: none, using 1 thread.
Root relaxation solution time = 454.34 sec. (57359.63 ticks)

        Nodes                                         Cuts/
   Node  Left     Objective  IInf  Best Integer    Best Bound    ItCnt     Gap

      0     0        0.0000 47244                      0.0000    50261         
      0     0     2452.2369 47391                  Cuts: 5415    86949         
      0     0     2492.0150 47856                  Cuts: 3639    90350         
      0     0     2495.6561 48057                  Cuts: 2351    92309         
      0     0     2497.4483 48157                  Cuts: 1402    92829         
      0     0     2497.4483 48193                   Cuts: 710    93147         

Repeating presolve.
Tried aggregator 1 time.
MIP Presolve eliminated 213552 rows and 85422 columns.
MIP Presolve modified 3921 coefficients.
Reduced MIP has 36616 rows, 9439 columns, and 96480 nonzeros.
Reduced MIP has 8946 binaries, 0 generals, 0 SOSs, and 0 indicators.
Presolve time = 2.05 sec. (591.64 ticks)
Probing fixed 0 vars, tightened 52 bounds.
Probing time = 0.80 sec. (230.78 ticks)
Tried aggregator 1 time.
Detecting symmetries...
MIP Presolve eliminated 45 rows and 34 columns.
MIP Presolve modified 2306 coefficients.
Reduced MIP has 36571 rows, 9405 columns, and 96246 nonzeros.
Reduced MIP has 8912 binaries, 0 generals, 0 SOSs, and 0 indicators.
Presolve time = 0.91 sec. (534.77 ticks)
Represolve time = 4.82 sec. (1409.88 ticks)
Probing fixed 0 vars, tightened 37 bounds.
Probing time = 0.47 sec. (127.94 ticks)
Clique table members: 58622.
MIP emphasis: balance optimality and feasibility.
MIP search method: dynamic search.
Parallel mode: none, using 1 thread.
Root relaxation solution time = 3.60 sec. (2017.18 ticks)

        Nodes                                         Cuts/
   Node  Left     Objective  IInf  Best Integer    Best Bound    ItCnt     Gap

      0     0     2497.4483  4926                   2497.4483   101954         
      0     0     2527.9086  4895                   Cuts: 406   102665         
      0     0     2532.5133  4926                   Cuts: 464   103314         
      0     0     2534.1022  4958                   Cuts: 266   103723         
      0     0     2540.3819  4949                   Cuts: 183   104203         
      0     0     2540.3819  4949                   Cuts: 160   104377         

Repeating presolve.
Tried aggregator 1 time.
MIP Presolve eliminated 7550 rows and 3020 columns.
MIP Presolve modified 2544 coefficients.
Reduced MIP has 29021 rows, 6385 columns, and 78126 nonzeros.
Reduced MIP has 5892 binaries, 0 generals, 0 SOSs, and 0 indicators.
Presolve time = 0.56 sec. (256.33 ticks)
Probing fixed 0 vars, tightened 25 bounds.
Probing time = 0.34 sec. (102.96 ticks)
Tried aggregator 1 time.
Detecting symmetries...
MIP Presolve modified 1675 coefficients.
Reduced MIP has 29021 rows, 6385 columns, and 78126 nonzeros.
Reduced MIP has 5892 binaries, 0 generals, 0 SOSs, and 0 indicators.
Presolve time = 0.75 sec. (256.57 ticks)
Represolve time = 2.18 sec. (648.38 ticks)
Probing fixed 0 vars, tightened 19 bounds.
Probing time = 0.31 sec. (90.87 ticks)
Clique table members: 45459.
MIP emphasis: balance optimality and feasibility.
MIP search method: dynamic search.
Parallel mode: none, using 1 thread.
Root relaxation solution time = 2.07 sec. (1401.13 ticks)

        Nodes                                         Cuts/
   Node  Left     Objective  IInf  Best Integer    Best Bound    ItCnt     Gap

      0     0     2540.3819  3186                   2540.3819   111611         
      0     0     2540.8142  3196                   Cuts: 274   111934         
      0     0     2541.8375  3228                   Cuts: 263   112353         
      0     0     2541.8375  3237                   Cuts: 253   112689         
      0     0     2541.8375  3137                   Cuts: 148   112750         
      0     0     2550.6287  3184                   Cuts: 241   113192         
      0     0     2550.6287  3195                   Cuts: 445   113526         
      0     2     2861.6390  3145                   3222.1295   116129         
Elapsed time = 3238.43 sec. (1090968.51 ticks, tree = 0.01 MB, solutions = 0)
      1     3    11688.0000  2789                   3222.1295   126549         
      2     4    11688.0000  3207                  11688.0000   134523         
      3     5    11688.0000  2702                  11688.0000   148067         
      4     6    11688.0754  2458                  11688.0000   151920         
      5     7    23376.0000   795                  11688.0000   154266         
     10    12    23376.0000   610                  11688.0000   154799         
     14    16    23376.0000   577                  11688.0000   155652         
     17    18    23376.0000   659                  11688.0000   156190         
     20    21    23376.0000   566                  11688.0000   156553         
     40    39    23624.0000   276                  11688.0000   158035         
Elapsed time = 3274.68 sec. (1105496.68 ticks, tree = 1.28 MB, solutions = 0)
     60    53    24664.0000   144                  11688.0000   158656         
     93    71    25160.0000   210                  11688.0000   159568         
    101    73    11688.0000  2624                  11688.0000   161167         
    102    74    23376.0000  2556                  11688.0000   170446         
    103    75    23376.0000  1948                  11688.0000   175421         
    110    82    23624.0000   636                  11688.0000   178585         
    126    95    24157.0000   282                  11688.0000   179345         
    150   115    24748.0000   204                  11688.0000   180084         
    189   126    11688.0000  2760                  11688.0000   181363         
    204   135    23519.0000  1659                  11688.0000   185858         
Elapsed time = 3327.01 sec. (1122732.22 ticks, tree = 5.94 MB, solutions = 0)
    206   135    23672.0000  1106                  11688.0000   187987         
    233   156    23672.0000  1077                  11688.0000   188082         
    261   168    23672.0000  1065                  11688.0000   188106         
    285   186    23672.0000   850                  11688.0000   188275         
    294   191    11688.0000  2847                  11688.0000   189643         
    296   193    11898.8862  2313                  11688.0000   193312         
    298   193    23519.0000  1976                  11688.0000   196577         
    307   194    infeasible                        11688.0000   200753         
    309   194    23376.0000  2634                  11688.0000   206947         
    310   195    23376.0000  2637                  11688.0000   207302         
Elapsed time = 3367.57 sec. (1138156.45 ticks, tree = 14.65 MB, solutions = 0)
    313   198    23376.0000  2138                  11688.0000   210505         
    336   213    24120.0000   260                  11688.0000   213842         
    356   221    11688.0000  3188                  11688.0000   218214         
    357   222    23376.0000  2692                  11688.0000   222716         
    361   226    23376.0000  2162                  11688.0000   227410         
    366   227    infeasible                        11688.0000   231673         
    367   228    11688.0000  3137                  11688.0000   235967         
    368   229    23376.0000  2612                  11688.0000   243596         
    414   275    23471.0000   427                  11688.0000   246824         
    476   319    11688.0000  3048                  11688.0000   251469         
Elapsed time = 3424.16 sec. (1157961.51 ticks, tree = 17.35 MB, solutions = 0)
    481   324    23376.0000  2306                  11688.0000   258357         
    560   400    23767.0000   216                  11688.0000   262116         
    621   425    11688.0754  2584                  11688.0000   265830         
    670   466    23767.0000   518                  11688.0000   271276         
    687   480    23624.0000  1553                  11688.0000   279244         
    752   527    11688.1493  2944                  11688.0754   284329         
    770   545    23624.0000   978                  11688.0754   290459         
    803   569    24405.0000   312                  11688.0754   295891         
    851   588    11736.0000  2341                  11688.0754   300584         
    864   597    12184.0000  1932                  11688.0754   307189         
Elapsed time = 3477.43 sec. (1170522.58 ticks, tree = 19.52 MB, solutions = 0)
    883   610    25714.0000   326                  11688.0754   312883         
    930   645    11783.0000  2347                  11688.1493   316088         
    932   647    11936.0000  1446                  11688.1493   318044         
    962   672    12327.0000   698                  11688.1493   323112         
   1020   709    13213.0000   442                  11688.1493   325682         
   1068   736    12775.0000  1116                  11688.1493   329527         
   1100   758    11984.0000  1736                  11736.0000   334331         
   1123   779    12680.0000   956                  11736.0000   341053         
   1171   811    12622.0000   622                  11736.0000   344608         
   1199   824    11783.0000  2208                  11736.0000   348138         
Elapsed time = 3519.13 sec. (1181562.38 ticks, tree = 21.59 MB, solutions = 0)
   1228   845    11736.0000  2769                  11736.0000   352490         
   1237   854    11783.0000  1788                  11736.0000   358323         
   1271   881    12184.0000  1514                  11736.0000   363031         
   1312   908    infeasible                        11736.0000   365085         
   1317   911    23719.0000   433                  11783.0000   368734         
   1374   957    12903.3167  2120                  11783.0000   372339         
   1388   959    23524.0000  1785                  11783.0000   379602         
   1405   970    12279.0000  1058                  11783.0000   383811         
   1432   995    12469.0000   760                  11783.0000   386838         
   1474  1012    12184.0000  1342                  11783.0000   390838         
Elapsed time = 3557.43 sec. (1191861.19 ticks, tree = 23.31 MB, solutions = 0)
   1478  1014    infeasible                        11783.0000   391479         

Performing restart 1

Repeating presolve.
Tried aggregator 3 times.
MIP Presolve eliminated 2428 rows and 60 columns.
MIP Presolve modified 12466 coefficients.
Aggregator did 355 substitutions.
Reduced MIP has 26238 rows, 5970 columns, and 70924 nonzeros.
Reduced MIP has 5515 binaries, 0 generals, 0 SOSs, and 0 indicators.
Presolve time = 0.96 sec. (387.87 ticks)
Tried aggregator 2 times.
MIP Presolve eliminated 177 rows and 60 columns.
MIP Presolve modified 2426 coefficients.
Aggregator did 6 substitutions.
Reduced MIP has 26055 rows, 5904 columns, and 70433 nonzeros.
Reduced MIP has 5449 binaries, 0 generals, 0 SOSs, and 0 indicators.
Presolve time = 0.42 sec. (216.19 ticks)
Tried aggregator 1 time.
MIP Presolve modified 3072 coefficients.
Reduced MIP has 26055 rows, 5904 columns, and 70433 nonzeros.
Reduced MIP has 5449 binaries, 0 generals, 0 SOSs, and 0 indicators.
Presolve time = 0.55 sec. (224.54 ticks)
Represolve time = 7.68 sec. (2973.13 ticks)
   1494     0    11688.0000  3300                  Cuts: 3470   407993         
   1494     0    11688.0000  3473                  Cuts: 2310   410361         
   1494     0    11688.0000  2987                   Cuts: 656   412838         
   1494     0    11688.0000  3279                  Cuts: 5086   419271         
   1494     0    11688.0000  3320                  Cuts: 1062   425617         
   1494     0    11688.0000  3300                  Cuts: 6613   432273         
   1494     0    11688.0000  3197                  Cuts: 2082   435617         
   1494     0    11688.0000  3246                  Cuts: 3081   440564         
   1494     2    11688.0000  2970                  11783.0000   449394         
   1496     3    11688.0000  2969                  11783.0000   455239         
   1500     3    11688.0000  2865                  11783.0000   460000         
   1503     4    11688.0000  2473                  11783.0000   464805         
   1505     5    19340.5870  2022                  11783.0000   469651         
   1514    13    16601.9769  2191                  11783.0000   477781         
   1518    17    12951.8508  2523                  11783.0000   483258         
   1531    24    12184.0000  2136                  11783.0000   487647         
   1546    33    12184.0000  2537                  11783.0000   492976         
Elapsed time = 3872.75 sec. (1298512.67 ticks, tree = 0.29 MB, solutions = 0)
   1547    34    12184.0000  2078                  11783.0000   494247         
   1548    35    22253.0000  1703                  11783.0000   496173         
   1549    36    12184.0000  1529                  11783.0000   497923         
   1550    37    12432.0000  1423                  11783.0000   498547         
   1568    54    12775.0000   417                  11783.0000   503508         
   1605    70    11736.0000  2587                  11783.0000   509046         
   1615    80    12184.0000   858                  11783.0000   516724         
   1653   109    11688.0000  2552                  11783.0000   521064         
   1655   111    12432.0000  1615                  11783.0000   526713         
   1661   114    12432.0000  1714                  11783.0000   533594         
Elapsed time = 3924.54 sec. (1317404.97 ticks, tree = 0.94 MB, solutions = 0)
   1662   115    12432.0000  1534                  11783.0000   534387         
   1688   134    12184.0000  2509                  11783.0000   540981         
   1704   147    24310.0000   494                  11783.0000   547559         
   1763   191    11688.0000  2827                  11783.0000   560062         
   1766   194    11688.0000  2683                  11783.0000   569315         
   1773   201    12184.0000  2232                  11783.0000   575470         
   1790   212    22005.0000  2178                  11783.0000   585064         
   1791   213    22005.0000  1968                  11783.0000   586643         
   1792   214    22005.0000  1545                  11783.0000   588544         
   1794   216    22005.0000  1605                  11783.0000   590192         
Elapsed time = 4024.29 sec. (1345335.21 ticks, tree = 1.70 MB, solutions = 0)
   1796   218    23872.0000   799                  11783.0000   590732         
   1798   220    23967.0000   788                  11783.0000   590820         
   1803   225    29800.0000   110                  11783.0000   591641         
   1806   228    29800.0000    84                  11783.0000   592265         
   1817   229    11688.0000  2349                  11783.0000   593977         
   1818   230    23624.0000  1767                  11783.0000   600917         
   1886   270    19520.5000  1642                  11783.0000   616399         
   1953   313    11688.0000  2960                  11783.0000   635465         
   1955   315    17580.6000  2059                  11783.0000   644265         
   2011   357    12250.0000  1365                  11783.0000   661607         
Elapsed time = 4173.62 sec. (1395943.80 ticks, tree = 2.75 MB, solutions = 0)
   2023   365    11688.0000  2910                  11783.0000   672113         
   2024   366    11688.0000  2760                  11783.0000   680414         
   2030   372    22005.0000  1717                  11783.0000   702191         
   2040   378    11688.0000  2991                  11783.0000   711750         
   2043   381    11688.0000  2153                  11783.0000   719462         
   2104   434    11760.0498  2373                  11783.0000   731422         
   2160   481    23376.0000  1488                  11783.0000   741451         
   2220   525    23376.0000  2191                  11783.0000   755109         
   2294   580    24310.0000   103                  11783.0000   763785         
   2297   580    11688.0000  2676                  11783.0000   775180         
Elapsed time = 4317.00 sec. (1440535.92 ticks, tree = 4.68 MB, solutions = 0)
   2298   581    11688.0000  2491                  11783.0000   780821         
   2363   635    11936.0000  1740                  11783.0000   796420         
   2397   659    11688.0000  2172                  11783.0000   809116         

Performing restart 2

Repeating presolve.
Tried aggregator 3 times.
MIP Presolve eliminated 1750 rows and 263 columns.
MIP Presolve modified 2836 coefficients.
Aggregator did 151 substitutions.
Reduced MIP has 24154 rows, 5430 columns, and 74422 nonzeros.
Reduced MIP has 4994 binaries, 0 generals, 0 SOSs, and 0 indicators.
Presolve time = 0.89 sec. (450.95 ticks)
Tried aggregator 1 time.
MIP Presolve modified 125 coefficients.
Reduced MIP has 24154 rows, 5430 columns, and 74422 nonzeros.
Reduced MIP has 4994 binaries, 0 generals, 0 SOSs, and 0 indicators.
Presolve time = 0.48 sec. (218.55 ticks)
Represolve time = 2.51 sec. (853.67 ticks)
   2490     0    11688.0000  2953                  Cuts: 1094   832315         
   2490     0    11688.0000  3091                  Cuts: 2735   833843         
   2490     0    11688.0000  2839                   Cuts: 535   834733         
   2490     0    11688.0000  2787                  Cuts: 4473   838239         
   2490     0    11688.0000  3072                  Cuts: 1870   839553         
   2490     0    11688.0000  2871                   Cuts: 479   840951         
   2490     0    11688.0000  2981                  Cuts: 2896   843289         
   2490     0    11688.0000  2798                  Cuts: 1219   844348         
   2490     0    11688.0000  2855                  Cuts: 1800   845490         
   2490     0    11688.0000  2889                   Cuts: 653   846403         
   2490     0    11688.0000  2747                   Cuts: 356   847500         
   2490     0    11688.0000  2883                  Cuts: 3433   850050         

Repeating presolve.
Tried aggregator 1 time.
MIP Presolve eliminated 220 rows and 88 columns.
MIP Presolve modified 1826 coefficients.
Reduced MIP has 23934 rows, 5342 columns, and 85606 nonzeros.
Reduced MIP has 4906 binaries, 0 generals, 0 SOSs, and 0 indicators.
Presolve time = 0.45 sec. (250.87 ticks)
Tried aggregator 1 time.
MIP Presolve modified 6 coefficients.
Reduced MIP has 23934 rows, 5342 columns, and 85604 nonzeros.
Reduced MIP has 4906 binaries, 0 generals, 0 SOSs, and 0 indicators.
Presolve time = 0.49 sec. (214.94 ticks)
Represolve time = 2.30 sec. (654.43 ticks)
   2490     0    11688.0000  2965                  Cuts: 6083   856940         
   2490     0    11688.0000  2822                  Cuts: 1559   858154         
   2490     0    11688.0000  2933                  Cuts: 1937   860205         
   2490     0    11688.0000  2723                  Cuts: 1007   861424         
   2490     0    11688.0000  2900                  Cuts: 2612   863132         
   2490     0    11688.0000  2825                  Cuts: 2896   864960         
   2490     0    11688.0000  2897                  Cuts: 1516   866378         
   2490     0    11688.0000  2994                   Cuts: 978   870936         
   2490     0    11688.0000  3450                  Cuts: 6083   878287         
   2490     2    11688.0000  3261                  11783.0000   878287         
   2492     4    11921.4219  2143                  11783.0000   890182         
   2495     7    11783.0000  2245                  11783.0000   894871         
   2499    11    11878.0000  2168                  11783.0000   899057         
   2505    17    12184.0000  1546                  11783.0000   904617         
   2512    19    11688.0000  2458                  11783.0000   911278         
   2515    20    11936.0000  2050                  11783.0000   926595         
Elapsed time = 5149.01 sec. (1687134.65 ticks, tree = 0.48 MB, solutions = 0)
   2518    23    11936.0000  2348                  11783.0000   935444         
   2525    30    12184.0000   636                  11783.0000   939689         
   2542    45    12928.0000   328                  11783.0000   941253         
   2546    46    16418.6687  2212                  11878.0000   948786         
   2548    48    19948.8889  1641                  11878.0000   949953         
   2550    50    18235.3333  1615                  11878.0000   950891         
   2553    53    19520.5000  1255                  11878.0000   951262         
   2571    66    23967.0000   263                  11878.0000   953365         
   2593    86    24215.0000   138                  11878.0000   954554         
   2616   101    23624.0782  1041                  11936.0000   956647         
Elapsed time = 5183.23 sec. (1730141.34 ticks, tree = 1.10 MB, solutions = 0)
   2642   122    11983.5000   733                  11936.0000   958763         
   2655   135    12680.0000   339                  11936.0000   960016         
   2670   146    12432.0000   560                  11936.0000   962057         
   2676   147    11937.0026  2339                  11936.0000   967847         
   2680   151    12184.0000  1729                  11936.0000   973078         
   2688   159    12432.0000   790                  11936.0000   975291         
   2698   169    13271.0000   387                  11936.0000   976045         
   2708   173    24120.0000   371                  11936.0000   978735         
   2729   186    24368.0000   563                  11936.0000   980934         
   2745   197    11936.0000  1491                  11936.0000   984414         
Elapsed time = 5285.09 sec. (1772957.80 ticks, tree = 1.84 MB, solutions = 0)
   2751   203    12184.0000  1729                  11936.0000   988698         
   2763   215    12527.0000   294                  11936.0000   992247         
   2776   224    12184.0000  1175                  11936.0000   993114         
   2784   232    12680.0000  1473                  11936.0000   997622         
   2790   235    infeasible                        11936.0000   999423         
   2806   247    infeasible                        11936.0000  1002525         
   2831   266    24616.0000   118                  11936.0000  1005664         
   2836   267    23624.1222   996                  11936.0000  1014046         
   2870   290    23624.0000   453                  11936.0000  1016993         
   2886   302    11936.0000  1729                  11936.0000  1022228         
Elapsed time = 5405.98 sec. (1816351.28 ticks, tree = 2.62 MB, solutions = 0)
   2892   308    12184.0000   923                  11936.0000  1026545         
   2905   321    12527.0000   613                  11936.0000  1028175         
   2911   322    11936.5907   919                  11936.0000  1029974         
   2920   329    17864.0000   568                  11936.0000  1032507         
   2932   337    24371.0519   587                  11936.2412  1035638         
   2940   339    infeasible                        11936.5907  1036458         
   2949   346    infeasible                        11936.5907  1038344         
   2961   354    12208.0000   623                  11936.5907  1040472         
   2970   355    11960.0000  1305                  11936.5907  1042532         
   2977   360    17616.0000   532                  11936.5907  1044805         
Elapsed time = 5503.89 sec. (1857288.56 ticks, tree = 3.07 MB, solutions = 0)
   2986   365    17640.0000   615                  11936.5907  1045784         
   2999   370    23872.0000   442                  11937.0026  1048158         
   3008   373    11937.6335  2288                  11937.6335  1054376         
   3011   372    infeasible                        11937.6335  1063239         
   3013   374    23376.0000  1357                  11939.2370  1068261         
   3021   380    29552.0000   221                  11960.0000  1072727         
   3034   388    17864.0000   515                  11960.0000  1075384         
   3041   393    18112.0000   500                  11960.0000  1076931         
   3047   395    18112.0000   357                  11960.0000  1078045         
   3051   396    infeasible                        11960.0000  1078490         
Elapsed time = 5620.12 sec. (1900872.65 ticks, tree = 3.37 MB, solutions = 0)
   3063   406    12680.1248   462                  11960.0000  1080556         
   3071   408    12432.0000   674                  11960.0000  1082345         
   3080   411    12184.0000   651                  11960.0000  1085213         
   3089   418    17616.0000   330                  11960.0000  1086456         
   3099   421    12184.0000   836                  11960.0000  1088923         
   3110   428    12680.0000   511                  11983.5000  1093172         
   3119   431    12432.0000   591                  12029.8619  1094464         
   3129   437    19520.5000  1462                  12031.0000  1096853         
   3145   447    12031.0000   755                  12031.0000  1101011         
   3157   455    12184.0000   783                  12031.0000  1103570         
Elapsed time = 5728.46 sec. (1941542.93 ticks, tree = 3.83 MB, solutions = 0)
   3166   464    18054.0000   306                  12031.0000  1105321         
   3171   463    12031.0000   894                  12031.0000  1106244         
   3179   467    17616.0000   360                  12031.0000  1109245         
   3186   470    12527.0000   523                  12031.0000  1111020         
   3194   475    12432.0000   603                  12126.0000  1112804         
   3207   486    infeasible                        12126.0000  1113942         
   3218   495    12870.0000   302                  12126.0000  1115666         
   3226   499    22253.0000  1109                  12126.0000  1119440         
   3232   505    22253.0782   918                  12126.0000  1120198         
   3239   508    12432.0000  1252                  12184.0000  1124364         
Elapsed time = 5819.54 sec. (1984696.74 ticks, tree = 4.23 MB, solutions = 0)
   3244   513    17368.0000   661                  12184.0000  1126636         
   3249   514    12184.0000  1628                  12184.0000  1130793         
   3257   522    17616.0000   608                  12184.0000  1136206         
   3273   533    12432.0000   767                  12184.0000  1139215         
   3283   543    12928.0000   394                  12184.0000  1141836         
   3290   544    12208.0000   838                  12184.0000  1143633         
   3297   547    12208.0000   615                  12184.0000  1145984         
   3312   560    infeasible                        12184.0000  1148023         
   3322   568    12928.0000   331                  12184.0000  1150036         
   3334   576    17368.0000   914                  12184.0000  1152023         
Elapsed time = 5918.31 sec. (2025917.51 ticks, tree = 4.79 MB, solutions = 0)
   3340   582    17864.0000   576                  12184.0000  1152581         
   3350   586    infeasible                        12184.0000  1156715         
   3359   595    17711.0000   534                  12184.0000  1160042         
   3365   597    infeasible                        12184.0000  1161627         
   3376   602    infeasible                        12184.0000  1166269         
   3390   608    infeasible                        12184.0000  1169057         
   3402   618    24368.0000   534                  12184.0000  1172119         
   3415   627    12928.0000   342                  12184.0000  1174727         
   3426   630    12680.0000   694                  12184.0000  1177339         
   3434   634    infeasible                        12184.0000  1178965         
Elapsed time = 6036.30 sec. (2067002.32 ticks, tree = 5.27 MB, solutions = 0)
   3445   641    18360.0000   551                  12184.0000  1182399         
   3450   642    infeasible                        12184.0000  1183463         
   3457   642    infeasible                        12184.0000  1185513         
   3466   651    17616.0000   476                  12184.0000  1186515         
   3478   659    12184.0000  1424                  12184.0000  1188336         
   3488   666    infeasible                        12184.0000  1190674         
   3505   677    12184.0000   776                  12184.0000  1193569         
   3518   686    12432.0000   658                  12184.0000  1195664         
   3529   693    17864.0000   455                  12184.0000  1196621         
   3533   697    17864.0000   458                  12184.0000  1197030         
Elapsed time = 6140.77 sec. (2109766.25 ticks, tree = 5.79 MB, solutions = 0)
   3540   700    12432.0000   980                  12184.0000  1198264         
   3547   705    17616.0000   389                  12184.0000  1200055         
   3552   708    17616.0000   291                  12184.0000  1200675         
   3563   715    12680.5907   521                  12184.0000  1202006         
   3572   720    12432.0913   641                  12184.0000  1203049         
   3581   729    12680.0000   474                  12184.0000  1203850         
   3593   733    17463.0000   589                  12184.0000  1206478         
   3595   735    17711.0000   460                  12184.0000  1206977         
   3605   741    12279.0000   689                  12184.0000  1208010         
   3613   745    12184.0000   976                  12184.0000  1209953         
Elapsed time = 6259.12 sec. (2153256.07 ticks, tree = 6.17 MB, solutions = 0)
   3628   756    12184.0000   717                  12184.0000  1212367         
   3637   759    24120.0000   539                  12184.0000  1215578         
   3648   766    infeasible                        12184.0000  1216298         
   3663   779    13176.0000   325                  12184.0000  1218040         
   3671   781    infeasible                        12184.0000  1220257         
   3682   784    18207.0000   537                  12184.0000  1222292         
   3686   784    12184.0000   883                  12184.0000  1223204         
   3698   796    13176.0000   328                  12184.0000  1224402         
   3709   803    12208.0000  1116                  12184.0000  1229358         
   3723   817    12928.0000   351                  12184.0000  1230925         
Elapsed time = 6369.30 sec. (2193626.94 ticks, tree = 6.76 MB, solutions = 0)
   3732   822    18360.0000   385                  12184.0000  1233062         
   3743   827    12928.0000   488                  12184.0000  1235268         
   3749   825    infeasible                        12184.0000  1236275         
   3757   833    12432.0000   562                  12184.0000  1243144         
   3765   839    infeasible                        12184.0000  1244831         
   3775   845    12432.0000   948                  12184.0000  1247374         
   3782   848    12432.0004   854                  12184.0000  1249891         
   3794   851    infeasible                        12184.0000  1253741         
   3804   857    12928.0000   650                  12184.0000  1255528         
   3813   860    infeasible                        12184.0000  1258732         
Elapsed time = 6466.86 sec. (2234303.07 ticks, tree = 7.12 MB, solutions = 0)
   3818   865    12928.0000   928                  12184.0000  1261660         
   3829   870    infeasible                        12184.0000  1264471         
   3844   881    18112.0000   226                  12184.0000  1265828         
   3856   890    18112.0000   338                  12184.0000  1266702         
   3864   895    17616.0000   322                  12184.0000  1268099         
   3876   903    12432.0000   399                  12184.0000  1269176         
   3883   906    17711.0000   758                  12184.0000  1271434         
   3894   913    17616.0000   337                  12184.0000  1273166         
   3905   920    12259.5364   890                  12184.0000  1275375         
   3915   928    12680.0000   388                  12184.0000  1276931         
Elapsed time = 6545.57 sec. (2275447.30 ticks, tree = 7.66 MB, solutions = 0)
   3923   934    12999.3561   290                  12184.0000  1277617         
   3933   940    12505.2368   521                  12184.0000  1279533         
   3941   948    12776.0053   429                  12184.0000  1281048         
   3950   953    12928.1530   327                  12184.0000  1281296         
   3960   957    17616.0000   668                  12184.0000  1282552         
   3963   960    17864.0000   611                  12184.0000  1283001         
   3971   964    12432.0000  1057                  12184.0000  1288512         
   3982   971    12432.6247  1113                  12184.0000  1291857         
   3990   975    17616.6247   970                  12184.0000  1294570         
   4000   981    12432.6247   507                  12184.0000  1295992         
Elapsed time = 6654.34 sec. (2315934.82 ticks, tree = 8.08 MB, solutions = 0)
   4013   988    12184.5907   572                  12184.0000  1298331         
   4024   997    17711.3644   477                  12184.0000  1299822         
   4032  1001    12432.0000  1311                  12184.0000  1302888         
   4046  1005    infeasible                        12184.0000  1305485         
   4057  1014    12928.0000   385                  12184.0000  1306580         
   4068  1019    12680.0000   666                  12184.0000  1308413         
   4081  1026    13176.0000   575                  12184.0000  1311701         
   4090  1029    12432.0000   816                  12184.0000  1313315         
   4099  1034    12432.0000   859                  12184.0000  1315321         
   4110  1037    22501.0000  1062                  12184.0000  1320329         
Elapsed time = 6763.24 sec. (2356453.47 ticks, tree = 8.57 MB, solutions = 0)
   4115  1038    12432.0000  1073                  12184.0000  1320858         
   4128  1048    13176.0000   294                  12184.0000  1321574         
   4142  1052    12432.0000   693                  12184.0000  1323409         
   4149  1053    18360.0000   340                  12184.0000  1324487         
   4161  1061    29552.0000   320                  12184.0000  1326262         
   4173  1068    17616.5907   685                  12184.0000  1328164         
   4186  1075    12680.0000   416                  12184.0000  1330573         
   4197  1080    12680.0000   617                  12184.0000  1333028         
   4208  1085    infeasible                        12184.0000  1334630         
   4212  1087    12184.5810  1911                  12184.0000  1340602         
Elapsed time = 6875.00 sec. (2398707.86 ticks, tree = 8.99 MB, solutions = 0)
   4218  1093    12680.0000  1046                  12184.0000  1342633         
   4229  1100    infeasible                        12184.0000  1345595         
   4235  1102    13388.5439  1004                  12184.0000  1350573         
   4246  1109    17616.0000   737                  12184.0000  1352513         
   4253  1112    17864.0000   622                  12184.0000  1353980         
   4264  1119    12432.1495   578                  12184.0000  1356138         
   4273  1124    infeasible                        12184.0000  1357357         
   4281  1130    17616.0000   417                  12184.0000  1362238         
   4295  1137    12680.0000   645                  12184.0000  1365155         
   4309  1145    17616.0000   539                  12184.0000  1367089         
Elapsed time = 6978.93 sec. (2438829.30 ticks, tree = 9.45 MB, solutions = 0)
   4315  1147    12432.0000   715                  12184.0000  1368334         
   4327  1157    13424.0000   362                  12184.0000  1369286         
   4335  1161    17463.0000   544                  12184.0000  1370277         
   4341  1165    17712.5565   416                  12184.0000  1371012         
   4350  1166    12208.0000   655                  12184.0000  1375334         
   4362  1172    12432.0000   966                  12184.0000  1378396         
   4371  1177    23931.9001  1031                  12184.0000  1382267         
   4386  1183    infeasible                        12184.0000  1385912         
   4397  1190    12432.0000   783                  12184.0000  1389145         
   4408  1197    17368.0000   880                  12184.0000  1391923         
Elapsed time = 7090.97 sec. (2479015.52 ticks, tree = 9.89 MB, solutions = 0)
   4413  1202    17959.3635   544                  12184.0000  1393045         
   4420  1202    12184.0000  1068                  12184.0000  1394554         
   4427  1209    12756.0168   907                  12184.0000  1397586         
   4434  1216    18112.0000   311                  12184.0000  1398604         
   4447  1219    24120.0000   586                  12184.0000  1400880         
   4455  1223    12432.0000   831                  12184.0000  1403457         
   4465  1229    12432.0000   899                  12184.0000  1407028         
   4477  1233    12432.0000   560                  12184.0000  1409212         
   4483  1237    17370.2474   427                  12184.0000  1409635         
   4493  1235    infeasible                        12184.0000  1413492         
Elapsed time = 7169.91 sec. (2520509.98 ticks, tree = 10.20 MB, solutions = 0)
   4502  1242    12432.6247   574                  12184.0000  1416753         
   4510  1246    12279.0000  1005                  12184.0000  1421620         
   4521  1253    17616.0000   566                  12184.0000  1423474         
   4526  1258    18112.0000   273                  12184.0000  1423671         
   4531  1261    18112.0000   300                  12184.0000  1423902         
   4539  1263    18112.0000   230                  12184.0000  1424738         
   4548  1268    18136.0000  1097                  12184.0000  1428576         
   4556  1276    18112.0000   336                  12184.0000  1430724         
   4566  1280    17616.0000   816                  12184.0000  1432293         
   4568  1282    17616.0000   961                  12184.0000  1432554         
Elapsed time = 7281.64 sec. (2563774.24 ticks, tree = 10.58 MB, solutions = 0)
   4576  1284    12184.2387  1460                  12184.0000  1434878         
   4585  1291    18112.0000   402                  12184.0000  1436162         
   4594  1294    17864.0000   390                  12184.0000  1438650         
   4605  1299    12208.0000   963                  12184.0000  1440389         
   4615  1305    12432.0000   586                  12184.0000  1445253         
   4625  1315    13023.0000   291                  12184.0000  1446375         
   4634  1318    infeasible                        12184.0000  1449664         
   4642  1324    17711.0000   314                  12184.0000  1450693         
   4653  1327    12432.6247   609                  12184.0000  1452431         
   4663  1333    12184.0000  1951                  12184.0000  1458136         
Elapsed time = 7391.77 sec. (2604826.34 ticks, tree = 11.00 MB, solutions = 0)
   4666  1336    12184.0000  1148                  12184.0000  1464437         
   4668  1338    13118.0000   887                  12184.0000  1465862         
   4680  1344    24616.0000   409                  12184.0000  1469373         
   4691  1349    12775.0000   783                  12184.0000  1471197         
   4704  1354    infeasible                        12184.0000  1474959         
   4713  1357    13388.5439  1312                  12184.0000  1478412         
   4720  1364    17616.0000   848                  12184.0000  1479708         
   4725  1365    12184.3386  2064                  12184.0000  1485307         
   4727  1367    12704.0000  1491                  12184.0000  1488872         
   4730  1366    12184.0000  1492                  12184.0000  1492650         
Elapsed time = 7513.70 sec. (2647967.16 ticks, tree = 11.28 MB, solutions = 0)
   4734  1370    12680.0000  1039                  12184.0000  1496975         
   4740  1370    infeasible                        12184.0000  1498906         
   4746  1368    infeasible                        12184.0000  1505839         
   4749  1371    15306.6783  1218                  12184.0000  1509755         
   4762  1374    infeasible                        12184.0000  1511172         
   4774  1376    12184.0000  1577                  12184.0000  1514033         
   4780  1382    12680.0000   704                  12184.0000  1517123         
   4790  1385    12680.0000   648                  12184.0000  1522675         
   4797  1385    12432.0000  1039                  12184.0000  1526562         
   4808  1394    12680.2263   306                  12184.0000  1527685         
Elapsed time = 7622.47 sec. (2691638.33 ticks, tree = 11.51 MB, solutions = 0)
   4818  1397    17368.0000   864                  12184.0000  1531166         
   4827  1402    infeasible                        12184.0000  1532402         
   4836  1407    12208.0000   832                  12184.1544  1534411         
   4845  1413    17711.0000   456                  12184.2374  1537109         
   4855  1417    12680.0000   704                  12184.2387  1539512         
   4868  1418    infeasible                        12184.2387  1542049         
   4877  1423    17616.0000   611                  12184.2387  1544842         
   4888  1424    infeasible                        12184.2387  1547149         
   4900  1432    infeasible                        12184.2393  1549303         
   4916  1444    infeasible                        12184.2393  1550281         
Elapsed time = 7735.15 sec. (2731100.52 ticks, tree = 11.93 MB, solutions = 0)
   4935  1453    12432.0000  1130                  12184.2393  1552675         
   4947  1459    12208.0000   627                  12184.3386  1554577         
   4956  1460    12184.3386  2024                  12184.3386  1555968         
   4959  1463    12432.0000  1630                  12184.5907  1560161         
   4962  1466    12432.0000  1561                  12184.5907  1561477         
   4966  1470    12680.0000  1044                  12184.5907  1563431         
   4970  1468    infeasible                        12184.5907  1565497         
   4978  1474    17864.0000   467                  12184.5907  1566318         
   4987  1476    12208.0000   670                  12184.6247  1568027         
   4998  1483    17616.0000   354                  12184.6247  1571385         
Elapsed time = 7822.46 sec. (2774164.77 ticks, tree = 12.23 MB, solutions = 0)
   5012  1491    17616.0000   352                  12184.6247  1575192         
   5023  1494    12441.5107   507                  12184.6247  1578600         
   5034  1499    infeasible                        12184.6247  1580734         
   5043  1502    infeasible                        12184.6247  1582426         
   5052  1507    18112.0000   208                  12184.6247  1583768         
   5065  1516    13176.0000   364                  12184.6247  1585148         
   5073  1518    12208.0000   888                  12184.6247  1589479         
   5080  1525    12928.0000   499                  12184.6247  1591531         
   5087  1526    23901.0889   735                  12184.6247  1595226         
   5100  1533    12704.0000   672                  12184.6247  1598888         
Elapsed time = 7917.21 sec. (2814186.42 ticks, tree = 12.63 MB, solutions = 0)
   5110  1538    18360.0000   325                  12184.6247  1600264         
   5116  1540    14904.0292  1296                  12184.6247  1602940         
   5128  1552    29304.0000   290                  12184.6247  1604141         
   5138  1558    18112.0000   384                  12186.5229  1605903         
   5144  1556    infeasible                        12187.7426  1607897         
   5145  1557    17712.5565   759                  12187.7426  1607924         
   5147  1559    17959.0000   662                  12187.7426  1608146         
   5149  1559    17959.0000   551                  12187.7426  1608421         
   5155  1561    23872.0000   850                  12200.0000  1610056         
   5159  1565    24215.0000   722                  12200.0000  1610132         
Elapsed time = 8033.94 sec. (2858519.18 ticks, tree = 12.90 MB, solutions = 0)
   5177  1573    17864.2263   775                  12200.0000  1613782         
   5185  1577    12680.0000   606                  12200.0000  1615139         
   5196  1580    infeasible                        12200.0000  1618522         
   5208  1584    12432.0000  1122                  12200.0000  1621586         
   5213  1587    17864.0000   807                  12200.0000  1624285         
   5217  1591    18360.0000   580                  12200.0000  1625417         
   5231  1597    infeasible                        12200.0000  1628497         
   5246  1604    29399.0000   458                  12200.0000  1631929         
   5254  1602    12432.0000   872                  12204.1119  1635605         
   5266  1610    17616.0000   665                  12204.1119  1638369         
Elapsed time = 8140.61 sec. (2900652.72 ticks, tree = 13.27 MB, solutions = 0)
   5279  1617    17864.0000   708                  12208.0000  1640123         
   5294  1622    17864.0000   307                  12208.0000  1641978         
   5306  1626    17616.0000   597                  12208.0000  1645133         
   5316  1632    12208.0000   900                  12208.0000  1646852         
   5327  1637    12208.0000   689                  12208.0000  1648850         
   5339  1641    12432.0000   851                  12208.0000  1651370         
   5353  1645    12208.0000   751                  12208.0000  1655974         
   5361  1649    12432.0000   509                  12208.0000  1659161         
   5371  1655    18207.6247   402                  12208.0000  1661725         
   5381  1655    12704.0000   583                  12208.0000  1664481         
Elapsed time = 8251.27 sec. (2941383.38 ticks, tree = 13.63 MB, solutions = 0)
   5390  1662    infeasible                        12208.0000  1665531         
   5401  1663    infeasible                        12208.0000  1667167         
   5416  1674    12208.0000   740                  12208.0000  1668555         
   5425  1679    17392.0000   824                  12208.0000  1670198         
   5431  1681    17616.0000   513                  12208.0000  1671564         
   5440  1682    17616.5898   383                  12208.0000  1673732         
   5450  1684    infeasible                        12208.0000  1675244         
   5459  1689    18360.0000   269                  12208.0000  1676715         
   5471  1691    12432.0000   576                  12208.0000  1678681         
   5485  1697    12456.0000   751                  12208.0000  1681058         
Elapsed time = 8345.92 sec. (2981264.23 ticks, tree = 13.99 MB, solutions = 0)
   5494  1700    17373.3897   813                  12208.0000  1684366         
   5503  1701    infeasible                        12208.0000  1686327         
   5513  1707    12928.0000   713                  12208.0000  1687621         
   5525  1712    12704.0000   864                  12208.0000  1689448         
   5536  1715    17640.0000   540                  12208.0000  1691715         
   5547  1716    infeasible                        12208.0000  1695258         
   5558  1715    infeasible                        12208.0000  1698633         
   5567  1720    18360.0000   367                  12208.0000  1699796         
   5570  1721    18360.0000   361                  12208.0000  1699990         
   5579  1720    infeasible                        12208.0000  1702541         
Elapsed time = 8383.90 sec. (3024651.20 ticks, tree = 14.19 MB, solutions = 0)
   5589  1722    17640.0000   608                  12208.0000  1705143         
   5597  1720    infeasible                        12208.0000  1707903         
   5605  1724    18231.0000   608                  12208.0000  1711169         
   5607  1726    18455.0000   535                  12208.0000  1711335         
   5611  1726    18455.0000   331                  12208.0000  1711870         
   5619  1728    17640.0000   762                  12208.0000  1713484         
   5627  1732    17959.0000   420                  12208.0000  1714903         
   5638  1735    17735.0000   656                  12208.0000  1716925         
   5647  1738    18207.0000   386                  12208.0000  1718307         
   5659  1742    17864.6247   550                  12208.0000  1720550         
Elapsed time = 8420.14 sec. (3069261.25 ticks, tree = 14.37 MB, solutions = 0)
   5673  1740    infeasible                        12208.0000  1723685         
   5683  1746    17368.0000   752                  12208.0000  1728270         
   5692  1749    infeasible                        12208.0000  1729520         
   5703  1750    12208.0000   667                  12208.0000  1731685         
   5712  1757    18007.0000   360                  12208.0000  1732595         
   5727  1762    18112.0000   302                  12208.0000  1737394         
   5740  1767    17864.0000   446                  12208.0000  1739994         
   5752  1769    18136.0000   444                  12208.0000  1741610         
   5764  1769    12432.5907   965                  12208.0000  1742930         
   5779  1766    infeasible                        12208.0000  1746055         
Elapsed time = 8461.43 sec. (3110600.06 ticks, tree = 14.59 MB, solutions = 0)
   5784  1771    18112.0000   694                  12208.0000  1746865         
   5798  1772    12432.0000   848                  12208.0000  1750715         
   5806  1776    12208.0000  1386                  12208.0000  1752431         
   5814  1776    infeasible                        12208.0000  1754423         
   5820  1778    17370.2474  1206                  12208.0000  1756267         
   5824  1780    infeasible                        12208.0000  1756583         
   5829  1783    18326.0000   650                  12208.0000  1757445         
   5830  1784    18326.0000   608                  12208.0000  1757510         
   5834  1784    17393.2558   547                  12208.0000  1758539         
   5845  1787    17368.0000   406                  12208.0000  1761408         
Elapsed time = 8544.61 sec. (3154571.55 ticks, tree = 14.75 MB, solutions = 0)
   5854  1790    17392.0000   666                  12208.0000  1763099         
   5863  1791    17711.0000   714                  12208.0000  1766663         
   5873  1795    18112.0000   439                  12208.0000  1769431         
   5882  1800    17368.0000   759                  12208.0000  1773288         
   5893  1805    17368.0000  1072                  12208.0000  1775969         
   5898  1804    infeasible                        12208.0000  1777581         
   5909  1809    17864.0000   384                  12208.0000  1780634         
   5921  1813    12432.0000   834                  12208.0000  1783946         
   5927  1817    18054.0000   824                  12208.0000  1785572         
   5936  1819    17368.0000   611                  12208.0000  1789206         
Elapsed time = 8645.24 sec. (3195027.42 ticks, tree = 15.00 MB, solutions = 0)
   5943  1822    23872.2374   512                  12208.0000  1793078         
   5953  1828    18136.0000   431                  12208.0000  1796863         
   5961  1826    infeasible                        12208.0000  1799797         
   5968  1829    18112.2263   491                  12208.0000  1801959         
   5975  1830    17368.0000   775                  12208.0000  1804202         
   5988  1835    12208.0000   710                  12208.0000  1806885         
   5996  1839    12432.0900   764                  12208.0000  1808643         
   6003  1840    17392.0000   724                  12208.0000  1810964         
   6010  1843    17983.0000   580                  12208.0000  1813755         
   6019  1842    infeasible                        12212.7554  1815987         
Elapsed time = 8749.52 sec. (3236662.81 ticks, tree = 15.22 MB, solutions = 0)
   6026  1847    17888.0000   469                  12212.7554  1817543         
   6035  1850    17621.3556   715                  12212.7554  1821554         
   6041  1856    17623.6030   288                  12212.7554  1822687         
   6051  1856    17888.0000   589                  12218.0559  1824785         
   6063  1858    17864.0000   474                  12236.5026  1826817         
   6079  1866    17368.0000   653                  12236.5026  1827975         
   6088  1869    17368.0000   981                  12236.5026  1829489         
   6093  1870    17370.5117   851                  12245.0000  1831227         
   6103  1874    23379.0519  1301                  12259.1310  1835879         
   6107  1878    23627.2277   930                  12259.1310  1837689         
Elapsed time = 8857.83 sec. (3278514.56 ticks, tree = 15.50 MB, solutions = 0)
   6126  1887    infeasible                        12259.1310  1839258         
   6136  1887    infeasible                        12259.5364  1841786         
   6146  1893    30296.0000   257                  12259.5364  1842313         
   6158  1894    12262.8995   924                  12259.5364  1844111         
   6168  1897    infeasible                        12263.3252  1847576         
   6178  1903    18112.0000   390                  12279.0000  1849047         
   6185  1904    12527.0000   661                  12279.0000  1851061         
   6190  1905    17368.0000   610                  12279.0000  1852321         
   6199  1908    12432.0000   589                  12279.0000  1854865         
   6213  1914    18112.0000   243                  12279.0000  1858531         
Elapsed time = 8924.42 sec. (3319835.82 ticks, tree = 15.82 MB, solutions = 0)
   6229  1918    17616.0000   279                  12279.0000  1862951         
   6243  1922    infeasible                        12279.0000  1867463         
   6259  1924    12527.0000   490                  12279.0000  1871819         
   6265  1922    infeasible                        12279.0000  1873070         
   6276  1915    infeasible                        12279.3854  1877529         
   6281  1916    17983.0000   644                  12279.3854  1879199         
   6291  1916    infeasible                        12308.0000  1880846         
   6304  1919    infeasible                        12308.0000  1883149         
   6316  1923    17620.8054  1067                  12308.1564  1887462         
   6328  1925    17392.0000   804                  12356.4663  1892413         
Elapsed time = 8972.19 sec. (3360270.41 ticks, tree = 15.92 MB, solutions = 0)
   6343  1928    17373.2208   562                  12374.1461  1896020         
   6357  1928    18112.0000   607                  12394.2574  1900026         
   6370  1929    17368.0000   338                  12432.0000  1902541         
   6381  1930    infeasible                        12432.0000  1904575         
   6394  1933    infeasible                        12432.0000  1910538         
   6407  1940    18112.0000   359                  12432.0000  1913575         
   6418  1943    17864.0000   435                  12432.0000  1915507         
   6427  1946    17864.0000   566                  12432.0000  1917305         
   6439  1948    12432.0000   818                  12432.0000  1920533         
   6449  1950    12432.0000   749                  12432.0000  1923541         
Elapsed time = 9031.27 sec. (3400825.62 ticks, tree = 16.15 MB, solutions = 0)
   6456  1955    12432.0000   725                  12432.0000  1926850         
   6470  1957    12432.6247   609                  12432.0000  1929594         
   6486  1963    17640.0000   410                  12432.0000  1931799         
   6494  1961    infeasible                        12432.0000  1933682         
   6505  1962    17864.0000   737                  12432.0000  1936364         
   6514  1965    17864.0000   358                  12432.0000  1937627         
   6528  1966    12456.0000   558                  12432.0000  1940581         
   6542  1972    17373.3556   640                  12432.0000  1942778         
   6549  1975    17373.3556   350                  12432.0000  1943299         
   6562  1975    17711.0000   232                  12432.0000  1945181         
Elapsed time = 9077.56 sec. (3441365.61 ticks, tree = 16.36 MB, solutions = 0)
   6575  1978    18360.0000   240                  12432.0000  1946041         
   6589  1974    infeasible                        12432.0000  1949360         
   6600  1975    12432.0000   546                  12432.0000  1950663         
   6608  1979    18112.0000   593                  12432.0000  1951959         
   6622  1981    17616.0000   450                  12432.0000  1955956         
   6630  1985    18360.0000   428                  12432.0000  1957749         
   6639  1988    17888.0000   635                  12432.0000  1958537         
   6647  1990    17616.0000   647                  12432.0000  1960909         
   6656  1991    18360.0000   653                  12432.0000  1963592         
   6664  1995    17959.0000   411                  12432.0000  1966290         
Elapsed time = 9128.34 sec. (3483736.27 ticks, tree = 16.53 MB, solutions = 0)
   6674  1997    17368.0000   858                  12432.0000  1969854         
   6680  2003    17864.0000   414                  12432.0000  1970782         
   6691  2010    24368.0000   447                  12432.0000  1972571         
   6703  2012    infeasible                        12432.0000  1974376         
   6713  2014    infeasible                        12432.0000  1977227         
   6725  2014    12432.0000   745                  12432.0000  1979082         
   6734  2017    infeasible                        12432.0000  1980142         
   6743  2016    17616.0000  1189                  12432.0000  1985586         
   6749  2020    17712.5565   515                  12432.0000  1986424         
   6758  2019    12432.0000   748                  12432.0000  1990990         
Elapsed time = 9176.57 sec. (3524502.01 ticks, tree = 16.75 MB, solutions = 0)
   6768  2021    infeasible                        12432.0000  1996693         
   6776  2029    17368.0000   550                  12432.0000  1999953         
   6790  2035    12527.0000   543                  12432.0000  2002573         
   6800  2033    12680.0000   975                  12432.0000  2007427         
   6806  2033    infeasible                        12432.0000  2011450         
   6817  2040    18112.0000   378                  12432.0000  2015684         
   6826  2045    17368.0000   560                  12432.0000  2020417         
   6834  2049    17864.0000   490                  12432.0000  2021808         
   6843  2048    infeasible                        12432.0000  2022915         
   6859  2050    infeasible                        12432.0000  2025355         
Elapsed time = 9227.47 sec. (3566712.68 ticks, tree = 17.11 MB, solutions = 0)
   6865  2052    infeasible                        12432.0000  2028018         
   6874  2053    18112.0000   481                  12432.0000  2032856         
   6885  2053    18360.0000   352                  12432.0000  2035569         
   6897  2055    17616.0000  1144                  12432.0000  2037769         
   6905  2059    18112.0000   445                  12432.0000  2039385         
   6916  2060    18360.0000   539                  12432.0000  2045695         
   6932  2060    17864.0000   598                  12432.0000  2049155         
   6940  2058    infeasible                        12432.0000  2051403         
   6949  2061    17640.0000   568                  12432.0000  2055592         
   6955  2061    infeasible                        12432.0000  2058773         
Elapsed time = 9278.23 sec. (3609470.90 ticks, tree = 17.21 MB, solutions = 0)
   6960  2066    18360.0000   492                  12432.0000  2059339         
   6971  2065    17368.0000   434                  12432.0000  2066054         
   6982  2066    12680.0000   686                  12432.0000  2068954         
   6995  2067    17616.0000   542                  12432.0000  2072555         
   7004  2066    infeasible                        12432.0000  2075353         
   7012  2064    infeasible                        12432.0000  2079018         
   7020  2066    17616.0000   453                  12432.0000  2080239         
   7027  2069    17864.0000   528                  12432.0000  2084176         
   7035  2071    17640.0000   687                  12432.0000  2087263         
   7045  2071    17616.0000   750                  12432.0000  2089568         
Elapsed time = 9328.20 sec. (3651247.39 ticks, tree = 17.29 MB, solutions = 0)
   7058  2070    17368.0000   531                  12432.0000  2092261         
   7070  2074    17368.0000   460                  12432.0000  2095954         
   7079  2075    17368.0000   960                  12432.0000  2097142         
   7090  2076    17616.0000   953                  12432.0000  2099125         
   7103  2081    infeasible                        12432.0000  2103027         
   7113  2083    12680.0000   422                  12432.0000  2106443         
   7126  2088    12432.0000   698                  12432.0000  2108108         
   7141  2087    18136.0000   524                  12432.0000  2113295         
   7146  2088    17616.0000   355                  12432.0000  2114780         
   7160  2094    17864.0000   297                  12432.0000  2117560         
Elapsed time = 9380.96 sec. (3692374.53 ticks, tree = 17.49 MB, solutions = 0)
   7175  2093    17616.0000   456                  12432.0000  2120033         
   7186  2090    17368.0000   689                  12432.0000  2124034         
   7196  2094    17888.0000   973                  12432.0000  2129158         
   7211  2099    17864.0000   508                  12432.0000  2132891         
   7225  2095    infeasible                        12432.0000  2137828         
   7237  2097    infeasible                        12432.0000  2140868         
   7250  2100    18112.0000   558                  12432.0000  2144065         
   7263  2103    17864.0000   577                  12432.0000  2147597         
   7272  2104    17370.2474   688                  12432.0000  2153322         
   7277  2105    18112.0000   511                  12432.0000  2154826         
Elapsed time = 9434.14 sec. (3733605.95 ticks, tree = 17.61 MB, solutions = 0)
   7283  2107    18112.0000   967                  12432.0000  2156555         
   7293  2107    12432.0000  1030                  12432.0000  2161494         
   7301  2111    18112.0000   504                  12432.0000  2164468         
   7312  2116    infeasible                        12432.0000  2166482         
   7325  2113    infeasible                        12432.0000  2172971         
   7334  2114    infeasible                        12432.0000  2176695         
   7346  2110    17616.0000  1010                  12432.0000  2182186         
   7357  2111    24368.0000   475                  12432.0000  2187168         
   7367  2111    infeasible                        12432.0000  2191423         
   7373  2113    17864.0000   754                  12432.0000  2194341         
Elapsed time = 9484.68 sec. (3775511.81 ticks, tree = 17.69 MB, solutions = 0)
   7388  2116    18112.0000   393                  12432.0000  2198054         
   7403  2113    infeasible                        12432.0000  2203750         
   7407  2113    infeasible                        12432.0000  2212358         
   7412  2116    infeasible                        12432.0000  2218034         
   7428  2128    24616.0000   241                  12432.0000  2220132         
   7439  2129    17864.0000   462                  12432.0000  2222136         
   7447  2129    12680.0000   619                  12432.0000  2223584         
   7457  2133    12680.0000   886                  12432.0000  2225970         
   7466  2134    infeasible                        12432.0000  2230296         
   7476  2136    18112.0000   821                  12432.0000  2233875         
Elapsed time = 9530.47 sec. (3815910.40 ticks, tree = 17.89 MB, solutions = 0)
   7484  2138    17864.0000  1044                  12432.0000  2238080         
   7486  2140    17864.0000   963                  12432.0000  2239068         
   7499  2137    infeasible                        12432.0000  2243190         
   7512  2140    12432.0000   968                  12432.0000  2245891         
   7521  2141    12432.0000   863                  12432.0000  2252851         
   7529  2141    18112.0000   451                  12432.0000  2259227         
   7537  2141    12432.0000  1337                  12432.0000  2268247         
   7541  2141    infeasible                        12432.0000  2275549         
   7549  2145    12432.0000  1620                  12432.0000  2279008         
   7554  2150    17864.0000  1141                  12432.0000  2282933         
Elapsed time = 9577.77 sec. (3859686.04 ticks, tree = 17.99 MB, solutions = 0)
   7563  2153    12680.0000  1327                  12432.0000  2287375         
   7570  2156    17616.0000   924                  12432.0000  2290480         
   7583  2161    29800.0000   353                  12432.0000  2293178         
   7597  2167    17864.0000   526                  12432.0000  2295920         
   7602  2168    17616.0000  1126                  12432.0000  2300196         
   7606  2170    infeasible                        12432.0000  2303613         
   7617  2169    12928.0000   607                  12432.0000  2308622         
   7626  2172    17616.0000   422                  12432.0000  2310574         
   7634  2172    infeasible                        12432.0000  2312545         
   7636  2172    12432.0000  1442                  12432.0000  2320639         
Elapsed time = 9626.03 sec. (3901763.05 ticks, tree = 18.19 MB, solutions = 0)
   7639  2175    17616.0000  1275                  12432.0000  2328436         
   7642  2178    18112.0000  1547                  12432.0000  2332055         
   7652  2182    18360.0000   532                  12432.0000  2333746         
   7662  2182    17640.0000   650                  12432.0000  2337470         
   7675  2183    infeasible                        12432.0000  2340686         
   7679  2187    18112.0000   486                  12432.0000  2342054         
   7687  2183    infeasible                        12432.0000  2345638         
   7697  2185    17616.0000   597                  12432.0000  2348022         
   7707  2191    18360.0000   337                  12432.0000  2349356         
   7719  2189    infeasible                        12432.0000  2354030         
Elapsed time = 9673.24 sec. (3944381.81 ticks, tree = 18.34 MB, solutions = 0)
   7724  2190    18112.0000   873                  12432.0000  2357332         
   7733  2193    17616.0000  1461                  12432.0000  2363099         
   7736  2194    17616.5907  1067                  12432.0000  2364395         
   7741  2197    18360.0000   946                  12432.0000  2364927         
   7755  2193    12432.0000  1187                  12432.0000  2371622         
   7759  2197    17616.0000   972                  12432.0000  2373100         
   7766  2200    17864.0000   502                  12432.0000  2374800         
   7774  2202    17616.0000  1142                  12432.0000  2378761         
   7780  2206    infeasible                        12432.0000  2380901         
   7789  2205    12432.0000  1001                  12432.0000  2387072         
Elapsed time = 9751.14 sec. (3988615.69 ticks, tree = 18.47 MB, solutions = 0)
   7792  2206    infeasible                        12432.0000  2392625         
   7795  2207    17672.2546  1687                  12432.0000  2397002         
   7797  2209    29304.0000   241                  12432.0000  2397867         
   7811  2214    infeasible                        12432.0000  2401946         
   7820  2213    18112.0000   733                  12432.0000  2406430         
   7833  2208    infeasible                        12432.0000  2410413         
   7839  2206    12432.0000  1284                  12432.0000  2414752         
   7844  2205    infeasible                        12432.0000  2420192         
   7848  2209    12432.0000  1859                  12432.0000  2428256         
   7853  2214    18112.0000  1045                  12432.0000  2433749         
Elapsed time = 9805.59 sec. (4033321.60 ticks, tree = 18.53 MB, solutions = 0)
   7857  2216    18207.0000  1077                  12432.0000  2434436         
   7860  2219    18455.0000   585                  12432.0000  2434664         
   7866  2219    17619.2277  1652                  12432.0000  2440829         
   7873  2222    12432.6247  1117                  12432.0000  2443864         
   7879  2224    17616.0000  1541                  12432.0000  2448795         
   7887  2228    18112.0000   766                  12432.0000  2451991         
   7898  2227    infeasible                        12432.0000  2457385         
   7911  2232    12928.0000   930                  12432.0000  2460849         
   7919  2234    12432.0000  1277                  12432.0000  2465809         
   7922  2237    18112.0000  1004                  12432.0000  2469036         
Elapsed time = 9855.79 sec. (4077337.21 ticks, tree = 18.71 MB, solutions = 0)
   7925  2238    18360.0000   821                  12432.0000  2470735         
   7935  2240    17368.0000  1049                  12432.0000  2474214         
   7946  2241    24368.0000   980                  12432.0000  2478516         
   7953  2244    29800.0000   800                  12432.0000  2479318         
   7963  2250    17616.5907  1178                  12432.0000  2482970         
   7968  2251    12680.0000   785                  12432.0000  2485652         
   7974  2251    19035.1211  1373                  12432.0000  2490039         
   7976  2253    29560.5395   633                  12432.0000  2490398         
   7983  2256    12928.0000   834                  12432.0000  2491758         
   7995  2258    24120.0000   605                  12432.0000  2494788         
Elapsed time = 9919.32 sec. (4127099.42 ticks, tree = 18.90 MB, solutions = 0)
   8007  2260    17616.0000   345                  12432.0000  2496406         
   8012  2261    13388.5439  1118                  12432.0000  2499949         
   8021  2270    29552.0000   686                  12432.0000  2502628         
   8034  2273    12432.0000  1231                  12432.0000  2506472         
   8038  2275    infeasible                        12432.0000  2509161         
   8043  2274    17226.0383  1339                  12432.0000  2513334         
   8057  2276    17616.0000  1378                  12432.0000  2518702         
   8060  2279    18112.0000   957                  12432.0000  2520554         
   8071  2280    17618.2474   626                  12432.0000  2525396         
   8077  2278    18455.0000  1068                  12432.0000  2530236         
Elapsed time = 9955.46 sec. (4169039.05 ticks, tree = 19.07 MB, solutions = 0)
   8083  2278    17368.0000  1187                  12432.0000  2533444         
   8095  2280    infeasible                        12432.0000  2537072         
   8103  2284    17368.0000   840                  12432.0000  2540313         
   8112  2285    infeasible                        12432.0000  2543751         
   8122  2291    17864.0000   894                  12432.0000  2547099         
   8134  2287    infeasible                        12432.0000  2551070         
   8141  2290    12432.0000   775                  12432.0000  2554262         
   8152  2291    infeasible                        12432.0000  2557773         
   8160  2291    12432.5907   738                  12432.0000  2559939         
   8165  2294    18112.0000   566                  12432.0000  2562690         
Elapsed time = 9990.66 sec. (4211013.82 ticks, tree = 19.21 MB, solutions = 0)
   8170  2295    29056.0000   454                  12432.0000  2565013         
   8182  2297    17864.0000   791                  12432.0000  2567849         
   8192  2303    12680.0000  1143                  12432.0000  2569418         
   8201  2302    17864.0000  1318                  12432.0000  2571548         
   8207  2306    17867.2277   628                  12432.0000  2572377         
   8218  2309    infeasible                        12432.0000  2574574         
   8228  2311    18360.0000   418                  12432.0000  2578589         
   8239  2311    18112.0000   535                  12432.0000  2583896         
   8250  2310    infeasible                        12432.0000  2587372         
   8255  2309    infeasible                        12432.0000  2591239         
Elapsed time = 10026.32 sec. (4253821.26 ticks, tree = 19.36 MB, solutions = 0)
   8262  2308    22501.0000  1321                  12432.0000  2595036         
   8286  2311    infeasible                        12432.0000  2598522         
   8293  2310    infeasible                        12432.0000  2603292         
   8305  2310    17969.3088  1571                  12432.0000  2609232         
   8318  2313    12432.6247   830                  12432.0000  2612967         
   8327  2318    17616.2263   631                  12432.0000  2614169         
   8337  2320    17864.5907   410                  12432.0000  2616760         
   8349  2318    infeasible                        12432.0000  2619445         
   8357  2320    17368.0000   946                  12432.0000  2623184         
   8371  2320    17640.0000   584                  12432.0000  2627447         
Elapsed time = 10075.88 sec. (4298023.86 ticks, tree = 19.45 MB, solutions = 0)
   8379  2322    18384.0000   340                  12432.0000  2628704         
   8393  2318    infeasible                        12432.0000  2635140         
   8408  2311    17864.0000   676                  12432.0000  2641956         
   8419  2310    18112.0000   540                  12432.0000  2646765         
   8429  2310    infeasible                        12432.0000  2649137         
   8440  2309    17864.0000   466                  12432.0000  2652695         
   8452  2311    infeasible                        12432.0000  2654268         
   8465  2313    18160.0000   485                  12432.0000  2655224         
   8481  2307    12432.0000   625                  12432.0000  2658203         
   8496  2310    12432.0000   725                  12432.0000  2660403         
Elapsed time = 10146.99 sec. (4340666.25 ticks, tree = 19.39 MB, solutions = 0)
   8511  2309    29895.0000   235                  12432.0000  2665464         
   8532  2302    17618.2474   759                  12432.0000  2669620         
   8544  2300    infeasible                        12432.0000  2674007         
   8562  2300    12510.9058   732                  12432.0000  2678506         
   8573  2299    12680.0000   674                  12432.0004  2681805         
   8585  2299    17368.0000   638                  12432.0507  2685176         
   8595  2297    infeasible                        12432.0913  2688812         
   8603  2299    18136.0000   550                  12432.0913  2693933         
   8608  2300    18360.0000   536                  12432.0913  2694934         
   8612  2298    infeasible                        12432.1250  2696546         
Elapsed time = 10205.42 sec. (4383148.04 ticks, tree = 19.32 MB, solutions = 0)
   8622  2298    17368.0000   543                  12432.1495  2699052         
   8632  2298    17864.0000   728                  12432.1510  2701270         
   8639  2301    18112.0000   420                  12432.1546  2702847         
   8651  2303    infeasible                        12432.1546  2706811         
   8663  2305    12448.0000   447                  12432.2257  2710212         
   8676  2312    17640.0000   354                  12432.2257  2711788         
   8693  2309    17711.0000   422                  12432.4070  2714986         
   8707  2305    17616.0000   498                  12432.6247  2718612         
   8718  2310    17616.0000   337                  12432.6247  2720098         
   8730  2310    17368.0000   505                  12432.6247  2724620         
Elapsed time = 10257.18 sec. (4422881.58 ticks, tree = 19.43 MB, solutions = 0)
   8746  2308    infeasible                        12432.6247  2728885         
   8757  2313    17616.0000   666                  12432.6247  2731360         
   8771  2317    12432.6247   659                  12432.6247  2733372         
   8786  2316    infeasible                        12432.6247  2735671         
   8795  2315    infeasible                        12432.6247  2739263         
   8801  2319    18360.0000   957                  12432.6247  2741732         
   8818  2324    18360.0000   489                  12434.7191  2746457         
   8825  2325    24368.1546   969                  12441.5107  2749229         
   8838  2322    17640.0000   595                  12448.0000  2752037         
   8849  2319    13023.6425   416                  12456.0000  2755689         
Elapsed time = 10305.81 sec. (4464194.76 ticks, tree = 19.52 MB, solutions = 0)
   8860  2320    17394.2474   782                  12456.0000  2757913         
   8871  2317    infeasible                        12456.0000  2762125         
   8881  2321    17616.0000   407                  12456.0000  2764326         
   8895  2319    infeasible                        12456.0000  2767864         
   8904  2316    12680.0000   739                  12456.0000  2769710         
   8916  2318    12456.0000   729                  12456.0000  2772245         
   8923  2321    18360.0000   716                  12456.0000  2775766         
   8936  2320    infeasible                        12456.0000  2779587         
   8945  2321    infeasible                        12456.0000  2781352         
   8955  2321    infeasible                        12456.0000  2782444         
Elapsed time = 10355.17 sec. (4504285.20 ticks, tree = 19.56 MB, solutions = 0)
   8968  2322    17864.0000   497                  12456.0000  2784147         
   8984  2320    17864.0000   626                  12456.0000  2787754         
   8990  2318    infeasible                        12456.0000  2789511         
   9000  2318    infeasible                        12456.0000  2792410         
   9013  2317    17959.1495   363                  12456.0000  2795374         
   9028  2316    17616.0000   695                  12456.0000  2797856         
   9035  2319    18112.0000   554                  12456.0000  2798203         
   9049  2315    infeasible                        12456.0000  2801355         
   9063  2315    18112.0000   490                  12459.5931  2804752         
   9074  2318    17711.0000   738                  12469.0000  2807013         
Elapsed time = 10405.64 sec. (4546122.20 ticks, tree = 19.54 MB, solutions = 0)
   9084  2318    infeasible                        12469.0000  2808231         
   9097  2319    17368.0000   504                  12480.0000  2810166         
   9111  2319    infeasible                        12503.5000  2812613         
   9124  2318    17640.0000   536                  12505.2368  2814183         
   9134  2318    18360.0000   527                  12527.0000  2816053         
   9153  2309    12527.0000  1257                  12527.0000  2818534         
   9159  2309    infeasible                        12527.0000  2821234         
   9170  2306    12547.1118  1375                  12527.0000  2826805         
   9180  2304    infeasible                        12527.0000  2828982         
   9197  2297    12680.0000   530                  12556.0000  2835812         
Elapsed time = 10458.48 sec. (4587863.10 ticks, tree = 19.38 MB, solutions = 0)
   9212  2298    17864.0000   583                  12605.9058  2840726         
   9227  2295    17864.0000   551                  12680.0000  2844700         
   9235  2297    17616.0000   596                  12680.0000  2845781         
   9251  2293    17616.0000   702                  12680.0000  2850460         
   9263  2295    17616.0000   540                  12680.0000  2853513         
   9272  2300    18207.0000   531                  12680.0000  2855362         
   9282  2300    17616.0000   664                  12680.0000  2857897         
   9296  2300    17616.0000   421                  12680.0000  2861382         
   9311  2299    17616.5907   635                  12680.0000  2864961         
   9323  2293    17616.0000   872                  12680.0000  2868979         
Elapsed time = 10511.53 sec. (4631508.87 ticks, tree = 19.36 MB, solutions = 0)
   9333  2291    infeasible                        12680.0000  2872193         
   9346  2286    17368.0000   512                  12680.0000  2877851         
   9355  2283    infeasible                        12680.0000  2880233         
   9371  2279    17864.0000   458                  12680.0000  2883550         
   9385  2278    infeasible                        12680.0000  2885111         
   9398  2275    17616.0000   566                  12680.0000  2887865         
   9408  2275    17864.0000   718                  12680.0000  2889928         
   9422  2269    infeasible                        12680.0000  2892986         
   9437  2268    infeasible                        12680.0000  2895552         
   9454  2267    17888.0000   497                  12680.0000  2900067         
Elapsed time = 10561.06 sec. (4672045.89 ticks, tree = 19.16 MB, solutions = 0)
   9465  2266    17616.0000   593                  12680.0000  2902690         
   9479  2263    17864.0000   649                  12680.0000  2908376         
   9494  2262    infeasible                        12680.0000  2913881         
   9506  2260    infeasible                        12680.0000  2915939         
   9519  2263    12680.0000   629                  12680.0000  2918505         
   9529  2261    17368.0000   674                  12680.0000  2921976         
   9538  2264    18112.0000   385                  12680.0000  2925691         
   9551  2263    18155.0000   399                  12680.0000  2928608         
   9567  2261    17368.0000  1324                  12680.0000  2933260         
   9576  2262    17463.0000  1007                  12680.0000  2936419         
Elapsed time = 10610.95 sec. (4713347.41 ticks, tree = 19.12 MB, solutions = 0)
   9585  2261    infeasible                        12680.0000  2939314         
   9596  2260    infeasible                        12680.0000  2941010         
   9602  2260    infeasible                        12680.0000  2942884         
   9613  2263    18112.0000   703                  12680.0000  2945005         
   9626  2262    infeasible                        12680.0000  2947661         
   9638  2262    infeasible                        12680.0000  2950776         
   9646  2258    infeasible                        12680.0000  2952729         
   9664  2255    infeasible                        12680.0000  2957268         
   9679  2254    17864.0000   713                  12680.0000  2960915         
   9686  2257    17864.0000   842                  12680.0000  2963383         
Elapsed time = 10662.42 sec. (4754556.55 ticks, tree = 19.09 MB, solutions = 0)
   9702  2251    17463.0000   899                  12680.0000  2968737         
   9709  2252    17959.0000   826                  12680.0000  2971336         
   9718  2251    17640.0000   614                  12680.0000  2972484         
   9737  2250    17864.0000   457                  12680.0000  2976449         
   9756  2249    infeasible                        12680.0000  2979359         
   9770  2247    18360.0000   378                  12680.0000  2982461         
   9782  2247    18112.0000   502                  12680.0000  2985229         
   9808  2238    18522.0000   294                  12680.0000  2990778         
   9824  2234    infeasible                        12680.0000  2994256         
   9841  2229    17616.0000   494                  12680.0000  2999232         
Elapsed time = 10713.32 sec. (4795680.86 ticks, tree = 18.88 MB, solutions = 0)
   9859  2221    13023.6425   487                  12680.0000  3005786         
   9869  2215    17616.0000   418                  12680.0000  3011819         
   9880  2218    18112.0000   406                  12680.0000  3015394         
   9889  2221    17864.0000   482                  12680.0000  3018071         
   9905  2215    12680.0000   616                  12680.0000  3021932         
   9913  2215    infeasible                        12680.0000  3025047         
   9924  2214    12680.0000   440                  12680.0000  3028683         
   9935  2215    infeasible                        12680.0000  3032039         
   9955  2209    17616.0000   415                  12680.0000  3036899         
   9966  2208    17368.0000   512                  12680.0000  3039580         
Elapsed time = 10768.88 sec. (4836298.53 ticks, tree = 18.73 MB, solutions = 0)
   9971  2207    29647.0000   791                  12680.0000  3042521         
   9983  2205    12680.0000   478                  12680.0000  3045867         
   9994  2208    17864.0000   640                  12680.0000  3048628         
  10011  2201    infeasible                        12680.0000  3057019         
  10024  2204    17463.0000  1269                  12680.0000  3062213         
  10030  2202    infeasible                        12680.0000  3066286         
  10048  2200    17368.0000   480                  12680.0000  3068933         
  10069  2195    18112.0000   471                  12680.0000  3071448         
  10082  2192    17368.0000   507                  12680.0000  3074742         
  10094  2190    infeasible                        12680.0000  3076878         
Elapsed time = 10820.10 sec. (4877430.90 ticks, tree = 18.61 MB, solutions = 0)
  10104  2192    18112.0000   771                  12680.0000  3078978         
  10117  2187    infeasible                        12680.0000  3083520         
  10131  2179    17616.0000   612                  12680.0000  3089470         
  10149  2173    infeasible                        12680.1495  3092512         
  10161  2171    infeasible                        12680.1761  3095181         
  10190  2154    12704.0000   780                  12704.0000  3100850         
  10201  2153    17864.0000   441                  12704.0000  3103538         
  10231  2139    infeasible                        12775.0000  3108211         
  10269  2131    12775.0000   601                  12775.0000  3114227         
  10285  2125    infeasible                        12775.7955  3116762         
Elapsed time = 10875.57 sec. (4917691.41 ticks, tree = 18.11 MB, solutions = 0)
  10303  2109    infeasible                        12928.0000  3120991         
  10316  2106    17616.0000   694                  12928.0000  3123997         
  10328  2106    18112.0000   304                  12928.0000  3125981         
  10343  2101    17463.0000   781                  12928.0000  3129257         
  10360  2092    infeasible                        12928.0000  3133135         
  10379  2083    infeasible                        12928.0000  3137362         
  10415  2055    17368.0000   315                  12928.0000  3145710         
  10438  2046    infeasible                        12928.0000  3152535         
  10492  2002    infeasible                        13176.0000  3160672         
  10509  1990    15169.4610  1183                  13388.5439  3167841         
Elapsed time = 10934.37 sec. (4959260.47 ticks, tree = 17.02 MB, solutions = 0)
  10517  1994    29848.0000   327                  13388.5439  3168943         
  10520  1995    17619.2277  1015                  13424.0000  3172437         
  10544  1985    infeasible                        13923.0534  3177912         
  10553  1986    17368.0000  1165                  14537.0000  3182175         
  10559  1990    18002.0000   671                  14537.0000  3185253         
  10565  1992    27189.0000  1336                  14856.7084  3192585         
  10569  1994    29800.0000   416                  14856.7084  3199919         
  10586  1999    15301.1567  1263                  14904.0292  3203355         
  10589  2002    15824.7579  1064                  14904.0292  3205511         
  10614  2013    15983.9281  1032                  15169.4610  3208249         
Elapsed time = 10996.57 sec. (5007829.67 ticks, tree = 17.22 MB, solutions = 0)
  10618  2013    16044.9005  1176                  15169.4610  3211272         
  10627  2014    20537.7357  1147                  15194.0624  3213878         
  10636  2017    29552.0000   284                  15306.6783  3215813         
  10641  2018    17368.0000  1406                  15604.6153  3217915         
  10645  2018    15604.6153  1159                  15604.6153  3219120         
  10651  2018    15604.6153  1130                  15604.6153  3220623         
  10655  2020    17616.2238  1337                  15604.6153  3222895         
  10659  2022    infeasible                        15604.6153  3224178         
  10664  2021    20786.3604  1151                  15983.9281  3226129         
  10668  2021    20537.7357  1076                  17226.0383  3226899         
Elapsed time = 11054.13 sec. (5056648.81 ticks, tree = 17.29 MB, solutions = 0)
  10680  2023    17864.0000   391                  17368.0000  3231793         
  10694  2021    17640.0000  1118                  17368.0000  3236787         
  10703  2022    17864.0000   335                  17368.0000  3239289         
  10715  2020    17368.0000   737                  17368.0000  3241315         
  10729  2020    17616.0000   670                  17368.0000  3243133         
  10738  2021    17616.0000   500                  17368.0000  3244936         
  10744  2021    17640.0000   597                  17368.0000  3246585         
  10757  2024    17616.0121   401                  17368.0000  3248200         
  10784  2011    infeasible                        17368.0000  3252058         
  10796  2011    18112.0000   461                  17368.0000  3255059         
Elapsed time = 11103.51 sec. (5099423.02 ticks, tree = 17.22 MB, solutions = 0)
  10811  2006    18112.0000   457                  17368.0000  3257466         
  10819  2008    17616.0000   315                  17368.0000  3258784         
  10831  2010    17959.0000   559                  17368.0000  3263141         
  10843  2008    17368.0000   522                  17368.0000  3267359         
  10856  2005    18112.0000   612                  17368.0000  3270642         
  10872  2001    18207.0000   637                  17368.0000  3272824         
  10890  2001    17864.0000   405                  17368.0000  3275547         
  10904  2001    18360.0000   637                  17368.0000  3278210         
  10919  1996    infeasible                        17368.0000  3282867         
  10929  1998    17616.0000   536                  17368.0000  3286457         
Elapsed time = 11155.27 sec. (5141635.23 ticks, tree = 17.12 MB, solutions = 0)
  10938  1999    17616.0000   330                  17368.0000  3288515         
  10954  1999    17864.0000   866                  17368.0000  3292573         
  10970  1997    17864.0000   424                  17368.0000  3296105         
  10980  1999    18302.0000   306                  17368.0000  3296932         
  10994  1997    infeasible                        17368.0000  3300648         
  11011  1996    17368.4861   562                  17368.0000  3304433         
  11028  1995    17864.0000   481                  17368.0000  3306518         
  11042  1987    infeasible                        17368.0000  3309022         
  11055  1994    17864.0000   421                  17368.0000  3310441         
  11067  1992    infeasible                        17368.0000  3312620         
Elapsed time = 11203.21 sec. (5182502.63 ticks, tree = 17.08 MB, solutions = 0)
  11082  1989    17368.0000   451                  17368.0000  3314961         
  11101  1986    18112.0000   485                  17368.0000  3317932         
  11106  1988    17864.0000   880                  17368.0000  3322233         
  11115  1985    17640.0000   646                  17368.0000  3327645         
  11130  1984    infeasible                        17368.0000  3330719         
  11142  1984    17392.0000   839                  17368.0000  3333025         
  11156  1978    17368.0000   618                  17368.0000  3337511         
  11167  1977    18360.0000   606                  17368.0000  3341668         
  11176  1974    infeasible                        17368.0000  3343322         
  11186  1976    18112.0000   737                  17368.0000  3345837         
Elapsed time = 11252.52 sec. (5223050.95 ticks, tree = 16.95 MB, solutions = 0)
  11200  1972    17864.0000   564                  17368.0000  3349401         
  11210  1972    18112.0000   941                  17368.0000  3352662         
  11219  1971    infeasible                        17368.0000  3356202         
  11229  1969    17463.0000   719                  17368.0000  3359474         
  11237  1967    17735.0000  1048                  17368.0000  3364075         
  11249  1963    infeasible                        17368.0000  3369409         
  11254  1964    17616.0000   994                  17368.0000  3371854         
  11261  1967    18112.0000   900                  17368.0000  3373052         
  11272  1966    17370.2474   475                  17368.0000  3375508         
  11283  1967    infeasible                        17368.0000  3379538         
Elapsed time = 11302.87 sec. (5266241.04 ticks, tree = 16.89 MB, solutions = 0)
  11295  1967    17616.3287   939                  17368.0000  3383104         
  11301  1969    17754.3854  1120                  17368.0000  3387139         
  11308  1966    20785.7357  1251                  17368.0000  3390388         
  11311  1967    30143.0000   169                  17368.0000  3391390         
  11319  1963    17368.0000   894                  17368.0000  3394843         
  11325  1967    infeasible                        17368.0000  3396230         
  11334  1968    infeasible                        17368.0000  3400054         
  11345  1969    17653.0000  1279                  17368.0000  3403361         
  11351  1969    17617.5622   864                  17368.0000  3407754         
  11358  1970    17368.0000  1122                  17368.0000  3411393         
Elapsed time = 11348.82 sec. (5308317.20 ticks, tree = 16.92 MB, solutions = 0)
  11369  1969    17506.2620  1464                  17368.0000  3419291         
  11375  1971    infeasible                        17368.0000  3423423         
  11380  1974    17506.2771  1332                  17368.0000  3427598         
  11386  1978    infeasible                        17368.0000  3428729         
  11390  1980    17506.0000  1309                  17368.0000  3435136         
  11396  1984    17640.0000  1047                  17368.0000  3436247         
  11402  1982    infeasible                        17368.0000  3440714         
  11405  1983    17864.0000   890                  17368.0000  3445158         
  11411  1981    infeasible                        17368.0000  3448797         
  11461  2014    30048.2374   903                  17368.0000  3463741         
Elapsed time = 11395.08 sec. (5362792.82 ticks, tree = 17.29 MB, solutions = 0)
  11480  2015    17368.0000  1108                  17368.0000  3479066         
  11495  2020    infeasible                        17368.0000  3486056         
  11523  2028    29895.0000   247                  17368.0000  3497833         
  11558  2047    29304.0000   665                  17368.0000  3506737         
  11588  2050    18207.0000   961                  17368.0000  3513280         
  11612  2054    18360.0000  1211                  17368.0000  3527982         
  11661  2047    17640.0000   588                  17368.0000  3541205         
  11708  2044    17864.0000   536                  17368.4342  3552704         
  11756  2028    17864.0000   489                  17370.2474  3564322         
  11798  2040    18360.0000   500                  17370.2474  3570498         
Elapsed time = 11516.84 sec. (5519037.43 ticks, tree = 17.55 MB, solutions = 0)
  11831  2029    17371.2007  1347                  17371.2007  3579582         
  11852  2032    infeasible                        17372.4947  3588488         
  11913  2005    18112.0000  1140                  17392.0000  3600908         
  11949  1999    17640.0000   431                  17392.0000  3611388         
  12008  1992    17616.0000   717                  17463.0000  3622642         
  12061  1994    17653.0000  1010                  17463.0000  3633883         
  12105  1984    17653.0000   993                  17463.2679  3650186         
  12137  1978    17506.0000  1294                  17506.0000  3664103         
  12152  1975    17506.2828  1273                  17506.2771  3669817         
  12174  1979    29800.0000   422                  17506.2771  3680130         
Elapsed time = 11640.08 sec. (5677289.71 ticks, tree = 17.07 MB, solutions = 0)
  12205  1984    17506.3854  1057                  17506.2771  3688343         
  12223  1988    17640.0000   751                  17506.2771  3693616         
  12258  1985    30048.0000   567                  17506.3854  3702375         
  12296  1984    17864.0000   359                  17616.0000  3709992         
  12359  1970    17616.0000   410                  17616.0000  3726208         
  12416  1961    17864.0000   461                  17616.0000  3741730         
  12469  1945    17640.0000   511                  17616.0000  3759785         
  12522  1940    infeasible                        17616.0000  3775677         
  12576  1934    18112.0000   452                  17616.0000  3787146         
  12634  1926    infeasible                        17616.0000  3800846         
Elapsed time = 12009.98 sec. (5833804.39 ticks, tree = 16.67 MB, solutions = 0)
  12674  1924    17616.0000   414                  17616.0000  3809685         
  12732  1910    17888.0000   416                  17616.0000  3820471         
  12781  1905    infeasible                        17616.0000  3830469         
  12845  1891    17864.0000   410                  17616.0000  3845578         
  12896  1882    17864.0000   563                  17616.0000  3857466         
  12951  1869    17864.0000   449                  17616.0000  3873394         
  12993  1863    infeasible                        17616.0000  3882583         
  13035  1857    17640.0000   766                  17616.0000  3898345         
  13065  1865    17864.0000   616                  17616.0000  3905859         
  13113  1848    17864.0000   750                  17616.0000  3923935         
Elapsed time = 12199.05 sec. (5989862.10 ticks, tree = 16.05 MB, solutions = 0)
  13149  1844    29552.0000   404                  17616.0000  3936394         
  13178  1845    17616.0000  1306                  17616.0000  3949799         
  13226  1835    infeasible                        17616.0000  3960668         
  13283  1832    infeasible                        17616.0000  3973101         
  13327  1828    infeasible                        17616.0000  3981747         
  13378  1817    18002.0000   675                  17616.4350  3993563         
  13419  1816    17864.5907   585                  17616.5907  4002483         
  13470  1799    17618.2474   963                  17618.2474  4012630         
  13516  1791    infeasible                        17640.0000  4026994         
  13564  1783    18360.0000   671                  17640.0000  4039370         
Elapsed time = 12385.61 sec. (6147344.76 ticks, tree = 15.56 MB, solutions = 0)
  13618  1769    infeasible                        17640.0000  4047616         
  13666  1763    17640.0000   719                  17640.0000  4060963         
  13700  1757    17640.0000   833                  17640.0000  4070637         
  13752  1751    17864.0000  1095                  17640.0000  4078792         
  13823  1726    17959.0000   970                  17711.0000  4097397         
  13892  1695    17931.0000   876                  17754.3854  4112757         
  13933  1696    18112.0000   464                  17864.0000  4122578         
  13991  1670    17864.0000   444                  17864.0000  4133430         
  14060  1647    infeasible                        17864.0000  4143925         
  14117  1630    18112.0000   482                  17864.0000  4155343         
Elapsed time = 12559.02 sec. (6304275.46 ticks, tree = 14.30 MB, solutions = 0)
  14170  1615    infeasible                        17864.0000  4166058         
  14228  1590    18360.0000   477                  17864.0000  4178126         
  14298  1561    17864.0000   668                  17864.0000  4191185         
  14363  1548    infeasible                        17864.0000  4202417         
  14428  1530    18608.0000   457                  17864.0000  4214217         
  14497  1503    18112.0000  1077                  17864.0000  4230302         
  14543  1495    18112.1495   573                  17864.0000  4239229         
  14602  1482    29800.0000   331                  17864.0000  4252653         
  14662  1476    18455.0000   394                  17864.0000  4265974         
  14690  1472    29552.0000   353                  17864.0000  4275111         
Elapsed time = 12761.98 sec. (6460091.64 ticks, tree = 12.97 MB, solutions = 0)
  14736  1458    infeasible                        17864.0000  4287486         
  14812  1432    18112.0000   280                  17864.0000  4302759         
  14868  1408    29552.0000   261                  17864.0000  4321601         
  14899  1401    infeasible                        17864.0000  4328977         
  14982  1352    18207.0000   363                  17864.5907  4344539         
  15056  1344    infeasible                        17888.0000  4357295         
  15113  1319    17907.0000   599                  17907.0000  4369038         
  15196  1268    infeasible                        18002.0000  4383116         
  15254  1246    18112.0000   883                  18112.0000  4394589         
  15337  1211    infeasible                        18112.0000  4405601         
Elapsed time = 12967.67 sec. (6614653.81 ticks, tree = 10.74 MB, solutions = 0)
  15409  1175    18112.0000   505                  18112.0000  4420401         
  15486  1142    18360.0000   337                  18112.0000  4431216         
  15546  1118    18112.0000   484                  18112.0000  4441825         
  15609  1096    18112.0000   814                  18112.0000  4450918         
  15639  1088    18495.7934  1139                  18112.0000  4458758         
  15680  1079    infeasible                        18112.0000  4469491         
  15770  1031    18136.0000   860                  18112.0000  4487943         
  15879   967    18136.0000   393                  18136.0000  4503479         
  16007   889    30048.0000   458                  18360.0000  4526425         
  16094   851    18528.0000   210                  18360.0000  4539031         
Elapsed time = 13344.98 sec. (6772252.49 ticks, tree = 7.63 MB, solutions = 0)
  16188   817    30143.0000   285                  19941.0000  4547536         
  16241   838    23624.0000  1476                  21757.0000  4564831         
  16275   856    22005.0000  1181                  21757.0782  4576984         
  16320   873    21909.9446  1553                  21890.9618  4586014         
  16374   893    22145.0204  1039                  22005.0000  4594778         
  16418   903    22612.6583  1199                  22005.0000  4602636         
  16477   934    29895.0000   583                  22005.0000  4613131         
  16559   949    27685.0000   719                  23067.0000  4628458         
  16594   965    23624.0000  1036                  23376.0000  4645041         
  16607   972    23544.0000   811                  23376.0000  4648152         
Elapsed time = 13510.66 sec. (6930524.11 ticks, tree = 8.64 MB, solutions = 0)
  16628   979    23376.0000  1154                  23376.0000  4653989         
  16648   995    29056.0000   221                  23376.0000  4658745         
  16678  1009    29399.0000   692                  23376.0000  4661957         
  16737  1039    infeasible                        23376.0000  4667956         
  16778  1064    23376.0000  1066                  23376.0000  4672612         
  16870  1099    23376.0782   818                  23376.0000  4681065         
  16897  1108    23544.0000  1091                  23376.0000  4687987         
  16913  1118    23872.0000   267                  23376.0000  4691115         
  16998  1166    23624.0000   541                  23376.0000  4700183         
  17037  1181    29800.0000   217                  23376.0000  4706381         
Elapsed time = 13744.33 sec. (7089119.38 ticks, tree = 10.46 MB, solutions = 0)
  17115  1215    23376.0000  1161                  23376.0000  4711322         
  17183  1247    29800.0000   163                  23376.0000  4717317         
  17219  1260    24368.0000   200                  23376.0000  4722764         
  17285  1291    23376.0000  1006                  23376.0000  4730324         
  17352  1318    23376.0000  1111                  23376.0000  4737860         
  17416  1363    24120.0000   284                  23376.0000  4743592         
  17455  1390    23379.2277  1248                  23376.0000  4750125         
  17493  1414    23376.0000  1266                  23376.0000  4756655         
  17525  1438    29304.0000   294                  23376.0000  4763828         
  17566  1459    29304.2374   815                  23376.0000  4773481         
Elapsed time = 13995.77 sec. (7245958.86 ticks, tree = 12.89 MB, solutions = 0)
  17616  1481    infeasible                        23376.0000  4782096         
  17634  1491    23376.6247  1188                  23376.0000  4785489         
  17658  1505    29056.0000   277                  23376.0000  4787770         
  17713  1537    23378.1720  1156                  23376.0000  4799433         
  17733  1547    23544.0000  1117                  23376.0000  4801228         
  17771  1567    23401.2248  1622                  23376.0000  4815392         
  17790  1580    23872.0000   835                  23376.0000  4820166         
  17842  1612    29059.2277   855                  23376.0000  4826402         
  17853  1617    23547.0176  1275                  23376.0000  4832610         
  17891  1631    23376.0000  1280                  23376.0000  4840778         
Elapsed time = 14360.89 sec. (7405670.18 ticks, tree = 14.26 MB, solutions = 0)
  17919  1643    29304.0000   896                  23376.0000  4846786         
  17953  1655    29552.0000   288                  23376.0000  4852494         
  17978  1666    23376.0000  1277                  23376.0000  4858000         
  18012  1680    23624.0000   799                  23376.0000  4868392         
  18024  1684    23376.0000  1243                  23376.0000  4875400         
  18070  1715    23401.2248  1398                  23376.0000  4887364         
  18095  1730    23376.0000  1219                  23376.0000  4898266         
  18120  1747    23624.0000   622                  23376.0000  4902548         
  18172  1780    29567.0000   156                  23376.0000  4915004         
  18219  1806    23376.0000  1544                  23376.0000  4931560         
Elapsed time = 14618.33 sec. (7568489.19 ticks, tree = 15.68 MB, solutions = 0)
  18233  1816    23544.0000  1025                  23376.0000  4946049         
  18243  1818    23544.2374  1073                  23376.0000  4949059         
  18277  1830    infeasible                        23376.0000  4972281         
  18287  1838    23648.0000   879                  23376.0000  4984167         
  18315  1858    24120.0000   205                  23376.0000  4997514         
  18337  1874    28728.0000   830                  23376.0000  5006443         
  18380  1901    29552.0000   117                  23376.0000  5013765         
  18420  1915    infeasible                        23376.0000  5023677         
  18487  1943    23719.0000   987                  23376.0000  5032946         
  18522  1958    29800.0000   140                  23376.0000  5039564         
Elapsed time = 14794.27 sec. (7728371.90 ticks, tree = 16.97 MB, solutions = 0)
  18554  1976    infeasible                        23376.0000  5045669         
  18596  1997    23376.0000  1131                  23376.0000  5052266         
  18636  2017    29800.0000   167                  23376.0000  5058555         
  18676  2037    23376.0000  1147                  23376.0000  5065938         
  18717  2062    23662.5847   225                  23376.0000  5079098         
  18764  2100    24616.0000   197                  23376.0000  5084899         
  18789  2113    23544.0000  1058                  23376.0000  5091678         
  18817  2133    23402.1380  1132                  23376.0000  5095588         
  18823  2137    24040.0000   725                  23376.0000  5095949         
  18853  2155    23376.0000  1043                  23376.0000  5100169         
Elapsed time = 15024.16 sec. (7888134.02 ticks, tree = 18.69 MB, solutions = 0)
  18871  2166    23792.0000   765                  23376.0000  5101923         
  18900  2183    23886.7804   703                  23376.0000  5103841         
  18916  2185    23544.0000  1014                  23376.0000  5108930         
  18943  2194    29400.5565   235                  23376.0000  5113175         
  18957  2199    29304.0000   660                  23376.0000  5116169         
  18999  2209    29056.0000   712                  23376.0000  5122979         
  19056  2242    23872.0000  1325                  23376.0000  5140924         
  19075  2253    23376.0000  1008                  23376.0000  5150225         
  19107  2273    23376.0000  1036                  23376.0000  5154137         
  19133  2283    23376.0000  1042                  23376.0000  5160857         
Elapsed time = 15247.91 sec. (8048394.40 ticks, tree = 19.82 MB, solutions = 0)
  19171  2301    23378.0375   898                  23376.0000  5166231         
  19183  2299    infeasible                        23376.0000  5170711         
  19223  2319    23376.0000  1155                  23376.0000  5176674         
  19241  2323    23376.0000  1318                  23376.0000  5183143         
  19260  2326    infeasible                        23376.0000  5189068         
  19295  2343    23376.0000  1167                  23376.0000  5194463         
  19318  2354    23376.0000  1060                  23376.0000  5199175         
  19359  2373    23582.5847   813                  23376.0000  5206789         
  19382  2380    23662.5847   678                  23376.0000  5215519         
  19404  2388    23662.5847   789                  23376.0000  5219925         
Elapsed time = 15488.07 sec. (8211474.05 ticks, tree = 20.76 MB, solutions = 0)
  19423  2397    23624.6995  1476                  23376.0000  5228995         
  19447  2410    29552.0000   117                  23376.0000  5234522         
  19466  2417    29094.5847   810                  23376.0000  5239365         
  19497  2436    23624.0000   799                  23376.0000  5244736         
  19512  2445    23544.0000  1067                  23376.0000  5251790         
  19533  2452    29059.2277   303                  23376.0000  5258178         
  19565  2460    23402.1380  1072                  23376.0000  5263921         
  19587  2466    23376.0000  1173                  23376.0000  5278460         
  19617  2484    29304.0000   145                  23376.0000  5288321         
  19666  2511    23378.9131  1153                  23376.0000  5297863         
Elapsed time = 15710.95 sec. (8372199.07 ticks, tree = 21.81 MB, solutions = 0)
  19736  2545    infeasible                        23376.0000  5311039         
  19786  2561    23376.0000  1040                  23376.0000  5319484         
  19819  2574    23544.0000  1111                  23376.0000  5332661         
  19852  2587    infeasible                        23376.0000  5338497         
  19912  2619    29552.0000  1183                  23376.0000  5351082         
  19922  2622    infeasible                        23376.0000  5352781         
  19969  2648    29818.4495   533                  23376.0000  5359932         
  20001  2668    23376.0000  1026                  23376.0000  5363827         
  20020  2676    23376.0000   987                  23376.0000  5367400         
  20055  2689    infeasible                        23376.0000  5372549         
Elapsed time = 15895.56 sec. (8531378.45 ticks, tree = 23.39 MB, solutions = 0)
  20097  2705    infeasible                        23376.0000  5378696         
  20123  2717    23376.0000   960                  23376.0000  5381786         
  20145  2719    23376.0000   979                  23376.0000  5388502         
  20185  2735    23624.0000   844                  23376.0000  5392438         
  20211  2747    23376.0000  1213                  23376.0000  5399479         
  20224  2754    23777.0000   756                  23376.0000  5404221         
  20269  2769    23376.0000  1046                  23376.0000  5413668         
  20292  2780    29056.0000   782                  23376.0000  5427724         
  20351  2807    23624.0000   840                  23376.0000  5438701         
  20382  2828    23376.0000  1261                  23376.0000  5447802         
Elapsed time = 16112.70 sec. (8695465.17 ticks, tree = 24.59 MB, solutions = 0)
  20396  2830    23544.0000  1125                  23376.0000  5453140         
  20408  2834    23777.0000   789                  23376.0000  5455515         
  20419  2835    23544.0000  1106                  23376.0000  5459857         
  20458  2864    23719.0000   801                  23376.0000  5474847         
  20486  2878    23386.5695   921                  23376.0000  5481521         
  20504  2884    23414.5847   866                  23376.0000  5488769         
  20541  2906    23414.5847   803                  23376.0000  5493812         
  20583  2916    23872.0000   146                  23376.0000  5505453         
  20618  2927    29552.0000   434                  23376.0000  5520757         
  20649  2942    23376.0000   950                  23376.0000  5531027         
Elapsed time = 16331.89 sec. (8854473.08 ticks, tree = 25.75 MB, solutions = 0)
  20713  2984    23624.0000   841                  23376.0000  5541727         
  20761  3014    29800.1222    90                  23376.0000  5554029         
  20814  3039    23383.1600  1154                  23376.0375  5564539         
  20847  3064    28903.0000   226                  23376.0782  5569933         
  20908  3097    23624.0000   812                  23376.0782  5575693         
  20962  3131    23378.0012   971                  23376.0782  5580184         
  20997  3145    infeasible                        23376.0782  5583582         
  21015  3157    24368.0000   213                  23376.0782  5586450         
  21071  3178    23644.0798   485                  23376.0782  5591701         
  21100  3195    23400.3730   612                  23376.2374  5595778         
Elapsed time = 16514.19 sec. (9011116.94 ticks, tree = 28.00 MB, solutions = 0)
  21164  3229    23624.0000  1133                  23378.0012  5606645         
  21208  3250    23386.5695   906                  23378.0375  5610593         
  21256  3272    29690.0000    65                  23378.9131  5615050         
  21330  3306    27220.0000    55                  23379.0519  5623581         
  21369  3323    29304.0000   747                  23379.2277  5635647         
  21416  3340    infeasible                        23379.2277  5644423         
  21443  3351    23423.8471   911                  23380.7681  5650798         
  21469  3366    23386.5695  1112                  23383.1600  5653540         
  21498  3389    29800.0000    72                  23383.1600  5657142         
  21543  3409    29552.0000   119                  23386.5695  5664147         
Elapsed time = 16737.66 sec. (9169786.34 ticks, tree = 29.92 MB, solutions = 0)
  21588  3432    23386.5695   908                  23386.5695  5669471         
  21637  3453    23386.5695   888                  23386.5695  5674512         
  21650  3462    24368.0000   252                  23386.5695  5678811         
  21681  3479    24368.0000   152                  23386.5695  5683790         
  21758  3512    23967.0069   146                  23386.5695  5694383         
  21789  3527    23719.0000   752                  23386.5695  5698504         
  21845  3555    23400.0000   928                  23400.0000  5706854         
  21940  3621    24120.0000   118                  23400.0000  5715426         
  21963  3635    29151.0000  1136                  23400.0000  5719494         
  21981  3641    23400.0000  1164                  23400.0000  5726477         
Elapsed time = 16964.42 sec. (9326029.48 ticks, tree = 31.97 MB, solutions = 0)
  21997  3649    29056.0000   942                  23400.0000  5733238         
  22047  3677    23872.0000  1094                  23400.0000  5738646         
  22080  3692    infeasible                        23400.0000  5744507         
  22106  3704    23624.0000  1283                  23400.0000  5749645         
  22143  3715    29056.0000   967                  23400.3730  5757415         
  22238  3760    23872.1495   190                  23400.4835  5765023         
  22333  3797    29180.0000   330                  23401.2248  5779224         
  22363  3815    23624.0000   794                  23401.2248  5797777         
  22398  3832    29800.0000   759                  23401.2248  5812461         
  22432  3848    23500.0000  1503                  23401.7727  5827789         
Elapsed time = 17148.99 sec. (9483732.05 ticks, tree = 33.76 MB, solutions = 0)
  22467  3861    23414.5847   811                  23402.1380  5833854         
  22494  3874    23402.1380  1065                  23402.1380  5836760         
  22519  3881    23544.0000   844                  23402.1380  5841518         
  22558  3894    23875.2277  1141                  23414.5847  5851714         
  22642  3931    infeasible                        23414.5847  5861944         
  22672  3951    23910.5847   128                  23414.5847  5866369         
  22751  3991    23414.5847   781                  23414.5847  5874169         
  22788  4004    infeasible                        23414.5847  5879264         
  22855  4035    23624.0000   770                  23414.5847  5889150         
  22908  4058    25630.0000   112                  23414.5847  5896991         
Elapsed time = 17387.64 sec. (9647374.42 ticks, tree = 35.68 MB, solutions = 0)
  22933  4067    infeasible                        23414.5847  5899205         
  22947  4071    23624.3904   324                  23414.5847  5902579         
  23015  4105    29552.0000   190                  23414.5847  5912142         
  23069  4135    23624.0000   800                  23414.5847  5916984         
  23091  4147    23624.2374  1023                  23414.5847  5921461         
  23164  4185    23556.8370   880                  23414.6455  5930060         
  23241  4223    23417.9217  1353                  23415.8646  5940713         
  23278  4245    23417.9217  1054                  23415.8646  5950340         
  23360  4292    29056.0000   778                  23415.8646  5964417         
  23404  4310    29056.0000  1258                  23421.8199  5978531         
Elapsed time = 17598.86 sec. (9805457.23 ticks, tree = 38.11 MB, solutions = 0)
  23424  4319    23423.8211   837                  23423.8211  5980630         
  23438  4321    23423.8211   767                  23423.8471  5982549         
  23501  4350    24088.8745  1524                  23500.0000  5993346         
  23539  4364    23875.1862  1064                  23500.0000  6011238         
  23625  4418    29800.0000    86                  23500.0000  6030356         
  23673  4436    23544.0000  1011                  23544.0000  6038407         
  23745  4470    23547.4095   799                  23544.0000  6048811         
  23813  4500    23547.4095   718                  23544.0000  6059614         
  23884  4539    25762.0000   118                  23544.0000  6070664         
  23940  4561    23887.0000   719                  23544.0000  6080552         
Elapsed time = 17785.17 sec. (9966101.85 ticks, tree = 40.26 MB, solutions = 0)
  24004  4584    infeasible                        23544.0000  6093092         
  24059  4599    30048.0000   201                  23544.0000  6105196         
  24134  4633    23624.0000   833                  23544.0782  6115329         
  24202  4650    23582.5847   825                  23556.4467  6123965         
  24237  4662    29056.0000   133                  23567.3256  6129204         
  24281  4681    23624.0000   905                  23582.5847  6136344         
  24345  4693    23624.0000   952                  23624.0000  6148622         
  24398  4717    23719.0000  1025                  23624.0000  6168759         
  24445  4746    infeasible                        23624.0000  6183982         
  24503  4778    29990.0000   173                  23624.0000  6192760         
Elapsed time = 18009.47 sec. (10124905.98 ticks, tree = 42.30 MB, solutions = 0)
  24543  4787    23624.0000   996                  23624.0000  6209673         
  24587  4813    29056.0000   731                  23624.0000  6218505         
  24631  4835    24215.0000   143                  23624.0000  6226321         
  24671  4850    24886.0000   188                  23624.0000  6233860         
  24744  4893    25820.0000   174                  23624.0000  6242967         
  24811  4930    29552.0000   257                  23624.0000  6250550         
  24867  4948    23872.0000   187                  23624.0000  6268854         
  24933  4990    infeasible                        23624.0000  6273930         
  25034  5036    29472.0000    43                  23624.0000  6280313         
  25130  5078    29552.1495   251                  23624.0000  6287989         
Elapsed time = 18209.31 sec. (10279230.30 ticks, tree = 45.00 MB, solutions = 0)
  25181  5107    23872.0000   136                  23624.0000  6291418         
  25295  5166    29647.0000   128                  23624.0000  6301827         
  25402  5225    24120.0000   126                  23624.0000  6310164         
  25479  5268    23626.0006   694                  23624.0000  6319873         
  25516  5289    25134.0000   491                  23624.0000  6324714         
  25538  5299    23719.0000   676                  23624.0000  6326527         
  25626  5344    23671.8204   881                  23624.0000  6335116         
  25687  5365    infeasible                        23624.0000  6345323         
  25753  5402    23872.0000   111                  23624.0000  6358985         
  25843  5450    23624.0000   907                  23624.0000  6368679         
Elapsed time = 18390.04 sec. (10434582.42 ticks, tree = 48.38 MB, solutions = 0)
  25913  5486    23624.0000   265                  23624.0000  6380619         
  26010  5551    25725.0000    80                  23624.0000  6386589         
  26095  5598    23624.0000   237                  23624.0000  6396942         
  26191  5662    25382.0000   102                  23624.0000  6405475         
  26257  5692    23996.0000   317                  23624.0000  6414906         
  26339  5730    29063.9176   630                  23624.0000  6432438         
  26435  5768    24616.0000   100                  23624.0000  6438931         
  26487  5788    23872.0000   276                  23624.0000  6443389         
  26572  5825    23792.0000   740                  23624.0000  6453366         
  26676  5887    23872.0000   166                  23624.0000  6461907         
Elapsed time = 18786.38 sec. (10589940.69 ticks, tree = 52.42 MB, solutions = 0)
* 26759  4844      integral     0    29792.0000    23624.0000  6467317   20.70%
* 26790+ 4754                        29656.0000    23624.0000            20.34%
  26845  4771    23624.0000   716    29656.0000    23624.0000  6479024   20.34%
  26916  4798    23624.0000   969    29656.0000    23624.0000  6496174   20.34%
  26963  4822    29056.2374   842    29656.0000    23624.0000  6503133   20.34%
  26995  4831    23624.0000   827    29656.0000    23624.0000  6510211   20.34%
  27081  4872    24288.0000   101    29656.0000    23624.0000  6519409   20.34%
  27160  4904    23624.0000   834    29656.0000    23624.0000  6531551   20.34%
  27230  4928    23624.0000  1192    29656.0000    23624.0000  6544536   20.34%
  27290  4937    23967.0000   187    29656.0000    23624.0000  6554026   20.34%
  27339  4952    23624.0000  1084    29656.0000    23624.0000  6566848   20.34%
Elapsed time = 19191.85 sec. (10742820.27 ticks, tree = 43.70 MB, solutions = 2)
  27384  4967    29056.0000  1200    29656.0000    23624.0000  6577459   20.34%
  27453  4989    infeasible          29656.0000    23624.0000  6590364   20.34%
  27524  5013    23624.0000   700    29656.0000    23624.0000  6602866   20.34%
  27603  5031    23624.0000   686    29656.0000    23624.0000  6619474   20.34%
  27676  5069    25878.0000    71    29656.0000    23624.0000  6629607   20.34%
  27726  5089    23872.0000  1124    29656.0000    23624.0000  6636312   20.34%
  27790  5114    26860.0000    76    29656.0000    23624.0000  6647782   20.34%
  27900  5165    23624.0000   866    29656.0000    23624.0000  6660492   20.34%
  27932  5175    23632.9264   759    29656.0000    23624.0000  6669402   20.34%
  27998  5204    24368.0000   170    29656.0000    23624.0000  6674759   20.34%
Elapsed time = 19572.29 sec. (10899360.57 ticks, tree = 46.13 MB, solutions = 2)
  28076  5252    29056.0000   153    29656.0000    23624.0000  6683220   20.34%
  28161  5286    25725.0000    96    29656.0000    23624.0000  6696001   20.34%
  28246  5327    23648.0000   425    29656.0000    23624.0000  6708231   20.34%
  28301  5333    24886.0000   292    29656.0000    23624.0000  6719833   20.34%
  28370  5347    23624.0000   700    29656.0000    23624.0000  6734675   20.34%
  28442  5379    23872.0000   141    29656.0000    23624.0000  6741874   20.34%
  28490  5408    23872.0000   390    29656.0000    23624.0000  6747543   20.34%
  28544  5417    23624.0000   963    29656.0000    23624.0000  6762144   20.34%
  28602  5439    24886.0000   803    29656.0000    23624.0000  6771164   20.34%
  28657  5463    29304.0000  1119    29656.0000    23624.0000  6782624   20.34%
Elapsed time = 19958.39 sec. (11057061.16 ticks, tree = 48.57 MB, solutions = 2)
  28685  5462    23624.0000  1146    29656.0000    23624.0000  6793088   20.34%
  28717  5477    23776.9446  1135    29656.0000    23624.0000  6801462   20.34%
  28775  5482    29552.0000   114    29656.0000    23624.0000  6822510   20.34%
  28819  5486    23624.1500  1461    29656.0000    23624.0000  6837342   20.34%
  28877  5500    29552.0000   190    29656.0000    23624.0000  6854569   20.34%
  28937  5518    24776.0000   837    29656.0000    23624.0000  6866139   20.34%
  28971  5524    23624.0000   972    29656.0000    23624.0000  6875882   20.34%
  29007  5528    23624.0000  1201    29656.0000    23624.0000  6882499   20.34%
  29026  5529    23875.1862   360    29656.0000    23624.0000  6890655   20.34%
  29057  5532    23872.0000   168    29656.0000    23624.0000  6904696   20.34%
Elapsed time = 20331.30 sec. (11213522.44 ticks, tree = 49.18 MB, solutions = 2)
  29081  5540    23624.0000  1237    29656.0000    23624.0000  6911173   20.34%
  29110  5550    infeasible          29656.0000    23624.0000  6921161   20.34%
  29134  5563    23624.0000  1202    29656.0000    23624.0000  6928929   20.34%
  29202  5599    infeasible          29656.0000    23624.0000  6937373   20.34%
  29263  5630    29442.0000   195    29656.0000    23624.0000  6948247   20.34%
  29347  5670    infeasible          29656.0000    23624.0000  6953141   20.34%
  29412  5708        cutoff          29656.0000    23624.0000  6957472   20.34%
  29480  5744    26724.0000    96    29656.0000    23624.0000  6967144   20.34%
  29589  5789    23872.0000   124    29656.0000    23624.0000  6979499   20.34%
  29630  5800    23872.0000   943    29656.0000    23624.0000  6988601   20.34%
Elapsed time = 20728.02 sec. (11369219.49 ticks, tree = 51.69 MB, solutions = 2)
  29657  5799    23872.0000   717    29656.0000    23624.0000  6997724   20.34%
  29691  5797    23662.6455   329    29656.0000    23624.0000  7010820   20.34%
  29773  5840    23624.0000  1179    29656.0000    23624.0000  7018745   20.34%
  29808  5856    23872.0000   851    29656.0000    23624.0000  7028461   20.34%
  29844  5870    23872.0000   814    29656.0000    23624.0000  7042654   20.34%
  29872  5885    23624.0000  1440    29656.0000    23624.0000  7060535   20.34%
  29904  5903    25382.0000    99    29656.0000    23624.0000  7066878   20.34%
  29950  5925    23624.3904   254    29656.0000    23624.0000  7072858   20.34%
  29980  5929    23624.0000  1525    29656.0000    23624.0000  7093206   20.34%
  30000  5939    23624.0000   850    29656.0000    23624.0000  7102294   20.34%
Elapsed time = 21146.05 sec. (11528229.31 ticks, tree = 52.77 MB, solutions = 2)
  30053  5954    23896.0000   239    29656.0000    23624.0000  7119569   20.34%
  30091  5960    infeasible          29656.0000    23624.0000  7131424   20.34%
  30115  5960    23624.0000  1438    29656.0000    23624.0000  7143782   20.34%
  30169  5974    23624.0000  1566    29656.0000    23624.0000  7165763   20.34%
  30186  5979    23624.0000  1195    29656.0000    23624.0000  7175847   20.34%
  30221  5984    23872.0000  1064    29656.0000    23624.0000  7186403   20.34%
  30250  5995    26820.6159    87    29656.0000    23624.0000  7194260   20.34%
  30277  5999    infeasible          29656.0000    23624.0000  7202996   20.34%
  30310  6004    23872.0000   839    29656.0000    23624.0000  7209477   20.34%
  30382  6033    26476.0000   114    29656.0000    23624.0000  7233999   20.34%
Elapsed time = 21539.01 sec. (11685905.11 ticks, tree = 53.63 MB, solutions = 2)
  30448  6061        cutoff          29656.0000    23624.0000  7247419   20.34%
  30484  6071    29304.0000   193    29656.0000    23624.0000  7258065   20.34%
  30544  6088    23719.0000   793    29656.0000    23624.0000  7268077   20.34%
  30599  6099    infeasible          29656.0000    23624.0000  7278884   20.34%
  30662  6112    23624.0000   276    29656.0000    23624.0000  7290860   20.34%
  30738  6138    23872.0000   569    29656.0000    23624.0000  7302840   20.34%
  30788  6156    23624.3904   241    29656.0000    23624.0000  7310630   20.34%
  30865  6173    23624.0000   836    29656.0000    23624.0000  7321699   20.34%
  30907  6187    23662.5847   759    29656.0000    23624.0000  7327092   20.34%
  30957  6194    23624.0000   900    29656.0000    23624.0000  7338881   20.34%
Elapsed time = 21958.69 sec. (11842421.17 ticks, tree = 55.17 MB, solutions = 2)
  31033  6229    29472.6321    71    29656.0000    23624.0000  7348253   20.34%
  31140  6277    29472.6330   119    29656.0000    23624.0000  7358969   20.34%
  31268  6330    23624.0000   334    29656.0000    23624.0000  7373320   20.34%
  31339  6370    25647.0000   102    29656.0000    23624.0001  7380696   20.34%
  31399  6377    23624.0199  1158    29656.0000    23624.0167  7390537   20.34%
  31445  6395    25572.3904   160    29656.0000    23624.0167  7395580   20.34%
  31488  6404    infeasible          29656.0000    23624.0167  7402144   20.34%
  31530  6422    24368.3904   120    29656.0000    23624.0398  7408046   20.34%
  31576  6434    29066.5695   391    29656.0000    23624.0605  7416447   20.34%
  31677  6470    28202.1495    34    29656.0000    23624.0719  7429642   20.34%
Elapsed time = 22214.02 sec. (11996897.50 ticks, tree = 57.75 MB, solutions = 2)
  31700  6477    23624.3904  1523    29656.0000    23624.0719  7445823   20.34%
  31766  6489    23624.0782   902    29656.0000    23624.0782  7458147   20.34%
  31838  6490    23624.0782   834    29656.0000    23624.0782  7470602   20.34%
  31892  6498    infeasible          29656.0000    23624.0782  7485994   20.34%
  31914  6513    29056.0782   244    29656.0000    23624.0782  7490368   20.34%
  31956  6519    23624.0782   558    29656.0000    23624.0782  7496903   20.34%
  32013  6532    24120.0000   159    29656.0000    23624.0782  7504828   20.34%
  32069  6551    24040.0000   210    29656.0000    23624.0782  7509978   20.34%
  32118  6568    23882.5695   932    29656.0000    23624.1222  7521324   20.34%
  32154  6584    infeasible          29656.0000    23624.1222  7534573   20.34%
Elapsed time = 22431.13 sec. (12152996.61 ticks, tree = 58.77 MB, solutions = 2)
  32202  6602    infeasible          29656.0000    23624.1500  7545762   20.34%
  32254  6621    23872.0000   279    29656.0000    23624.2374  7553961   20.34%
  32312  6644    29056.0000  1095    29656.0000    23624.2374  7567957   20.34%
  32375  6652    infeasible          29656.0000    23624.2644  7583253   20.34%
  32466  6670    infeasible          29656.0000    23624.3904  7594712   20.34%
  32557  6703    23872.0000   135    29656.0000    23624.3904  7600858   20.34%
  32674  6744    24120.0000   350    29656.0000    23624.3904  7612782   20.34%
  32732  6766    23872.0000   299    29656.0000    23624.3904  7621575   20.34%
  32805  6801    24864.0000   108    29656.0000    23624.3904  7628476   20.34%
  32899  6839    24711.0000   101    29656.0000    23624.3904  7637689   20.34%
Elapsed time = 22654.15 sec. (12309831.53 ticks, tree = 61.15 MB, solutions = 2)
  32977  6868    23872.0000   135    29656.0000    23624.3904  7650783   20.34%
  33064  6908    23967.0000   258    29656.0000    23624.3904  7659249   20.34%
  33147  6941    25135.6159   108    29656.0000    23624.3904  7667718   20.34%
  33233  6981    25631.2380    69    29656.0000    23624.3904  7672706   20.34%
  33317  7015    23872.0000   819    29656.0000    23624.4686  7682467   20.34%
  33371  7025    infeasible          29656.0000    23624.6330  7692862   20.34%
  33442  7051    infeasible          29656.0000    23624.6995  7701956   20.34%
  33488  7063    28808.0000   101    29656.0000    23626.0006  7712039   20.33%
  33556  7085    infeasible          29656.0000    23626.1138  7733301   20.33%
  33578  7093    23626.1138  1144    29656.0000    23626.1138  7745526   20.33%
Elapsed time = 22858.94 sec. (12463720.50 ticks, tree = 63.60 MB, solutions = 2)
  33604  7106    23626.1138   782    29656.0000    23626.1138  7758295   20.33%
  33691  7140    23626.1138   739    29656.0000    23626.1138  7767745   20.33%
  33784  7196    27723.3904    76    29656.0000    23626.1138  7776063   20.33%
  33861  7233    23626.1138   818    29656.0000    23626.1138  7786069   20.33%
  33917  7248    25134.0000   162    29656.0000    23626.1138  7801457   20.33%
  34015  7279    23872.2374   110    29656.0000    23626.1171  7815699   20.33%
  34060  7288    23627.2277  1168    29656.0000    23627.2277  7835352   20.33%
  34079  7293    23627.2277  1623    29656.0000    23627.2277  7842329   20.33%
  34114  7285        cutoff          29656.0000    23627.2277  7854285   20.33%
  34147  7290    26812.0000   164    29656.0000    23628.0488  7862422   20.33%
Elapsed time = 23076.80 sec. (12620829.75 ticks, tree = 65.45 MB, solutions = 2)
  34215  7297    24368.0000   531    29656.0000    23642.4495  7875354   20.28%
  34326  7349    infeasible          29656.0000    23642.4495  7890107   20.28%
  34414  7385    infeasible          29656.0000    23646.0878  7903352   20.27%
  34509  7424    24368.0000   252    29656.0000    23648.0000  7910036   20.26%
  34606  7459    24463.2408   126    29656.0000    23648.0000  7918530   20.26%
  34655  7469    23746.5706   982    29656.0000    23648.0000  7924642   20.26%
  34739  7502    24406.4374    66    29656.0000    23648.0000  7931302   20.26%
  34804  7513    23872.0000   161    29656.0000    23648.1955  7940938   20.26%
  34906  7529    23872.3903   282    29656.0000    23662.5847  7954857   20.21%
  34985  7549    25630.0000   110    29656.0000    23662.5847  7964473   20.21%
Elapsed time = 23273.49 sec. (12774724.89 ticks, tree = 67.99 MB, solutions = 2)
  35061  7581    23872.0000   369    29656.0000    23662.5847  7972630   20.21%
  35138  7606    23662.5847  1237    29656.0000    23662.5847  7983901   20.21%
  35192  7622    23701.5642   676    29656.0000    23662.5847  8000364   20.21%
  35261  7647    29356.0000   113    29656.0000    23662.5847  8012423   20.21%
  35292  7652    29056.0000   959    29656.0000    23662.5847  8024339   20.21%
  35339  7652    23872.0000   730    29656.0000    23662.5847  8036229   20.21%
  35419  7701    infeasible          29656.0000    23662.5847  8044627   20.21%
  35470  7712    24368.0000   115    29656.0000    23662.5847  8059229   20.21%
  35583  7745        cutoff          29656.0000    23662.9148  8072277   20.21%
  35668  7769    23872.0000   554    29656.0000    23663.8646  8083061   20.21%
Elapsed time = 23486.81 sec. (12929135.36 ticks, tree = 70.37 MB, solutions = 2)
  35751  7766    23833.8625   773    29656.0000    23694.2753  8104469   20.10%
  35792  7763    infeasible          29656.0000    23704.6505  8123161   20.07%
  35842  7778    infeasible          29656.0000    23719.0000  8132291   20.02%
  35885  7783    23967.0000   251    29656.0000    23719.0000  8143243   20.02%
  35958  7787    25229.0000    84    29656.0000    23748.0000  8159004   19.92%
  36040  7805    23872.0000   135    29656.0000    23748.0000  8172192   19.92%
  36132  7837    25119.0000   242    29656.0000    23761.6479  8183158   19.88%
  36218  7856    29304.0000   302    29656.0000    23776.9446  8203271   19.82%
  36318  7864    23804.4467   236    29656.0000    23792.0000  8224809   19.77%
  36396  7899    23967.0000   233    29656.0000    23815.3256  8229863   19.69%
Elapsed time = 23696.38 sec. (13084080.69 ticks, tree = 71.69 MB, solutions = 2)
  36486  7946    25382.0000   119    29656.0000    23833.8625  8239383   19.63%
  36566  7963    infeasible          29656.0000    23833.8625  8251440   19.63%
  36616  7959    infeasible          29656.0000    23861.6248  8262195   19.54%
  36703  7995    26476.0000   158    29656.0000    23872.0000  8271965   19.50%
  36819  8029    29304.0000    80    29656.0000    23872.0000  8287152   19.50%
  36887  8048    24215.0000   249    29656.0000    23872.0000  8298012   19.50%
  36952  8042    infeasible          29656.0000    23872.0000  8311109   19.50%
  37049  8072    24120.0000   328    29656.0000    23872.0000  8323565   19.50%
  37167  8099    23896.0000   300    29656.0000    23872.0000  8335852   19.50%
  37280  8129    23872.0000   269    29656.0000    23872.0000  8348155   19.50%
Elapsed time = 23888.93 sec. (13238477.51 ticks, tree = 74.04 MB, solutions = 2)
  37370  8163    infeasible          29656.0000    23872.0000  8357358   19.50%
  37444  8181    25266.0000   239    29656.0000    23872.0000  8365458   19.50%
  37512  8184    infeasible          29656.0000    23872.0000  8380603   19.50%
  37634  8223    infeasible          29656.0000    23872.0000  8394222   19.50%
  37738  8250    25382.0000   229    29656.0000    23872.0000  8411511   19.50%
  37866  8266    infeasible          29656.0000    23872.0000  8430796   19.50%
  37989  8299    29056.3904    68    29656.0000    23872.0000  8443791   19.50%
  38107  8355    27210.0000   106    29656.0000    23872.0000  8454014   19.50%
  38227  8397    infeasible          29656.0000    23872.0000  8461653   19.50%
  38374  8467    23887.0000   126    29656.0000    23872.0000  8469768   19.50%
Elapsed time = 24095.00 sec. (13392335.11 ticks, tree = 77.77 MB, solutions = 2)
  38458  8478    24120.0000   187    29656.0000    23872.0000  8479041   19.50%
  38562  8521    23872.0000   146    29656.0000    23872.0000  8486246   19.50%
  38665  8564    26972.1495    89    29656.0000    23872.0000  8493979   19.50%
  38745  8586    26228.0000   194    29656.0000    23872.0000  8502924   19.50%
  38853  8619    23872.0000   250    29656.0000    23872.0000  8510798   19.50%
  38933  8633    23872.0000   159    29656.0000    23872.0000  8521492   19.50%
  39036  8658    23872.0000   232    29656.0000    23872.0000  8532475   19.50%
  39131  8688    24886.0000   203    29656.0000    23872.0000  8541790   19.50%
  39225  8714    23872.0000   772    29656.0000    23872.0000  8553247   19.50%
  39333  8759    infeasible          29656.0000    23872.0000  8562597   19.50%
Elapsed time = 24300.21 sec. (13545755.84 ticks, tree = 80.72 MB, solutions = 2)
  39470  8791    29056.0000   163    29656.0000    23872.0000  8574099   19.50%
  39598  8829    infeasible          29656.0000    23872.0000  8588908   19.50%
  39711  8857    infeasible          29656.0000    23872.0000  8602830   19.50%
  39817  8889    24368.0000   223    29656.0000    23872.0000  8617013   19.50%
  39936  8929    28393.6159    62    29656.0000    23872.0000  8634877   19.50%
  40048  8959    23872.0000   803    29656.0000    23872.0000  8650424   19.50%
  40150  8994    23872.0000   114    29656.0000    23872.0000  8665193   19.50%
  40255  9016    infeasible          29656.0000    23872.0000  8681921   19.50%
  40357  9023    25134.0000   118    29656.0000    23872.0000  8696804   19.50%
  40468  9064    29472.1495   150    29656.0000    23872.0000  8708963   19.50%
Elapsed time = 24490.64 sec. (13700037.69 ticks, tree = 83.83 MB, solutions = 2)
  40584  9085    25272.1731   197    29656.0000    23872.0000  8728990   19.50%
  40682  9120    infeasible          29656.0000    23872.0000  8739388   19.50%
  40815  9152    23872.0000   308    29656.0000    23872.0000  8757417   19.50%
  40933  9187    29056.0000   163    29656.0000    23872.0000  8773243   19.50%
  41050  9221    29304.0000    91    29656.0000    23872.0000  8784484   19.50%
  41150  9246    24135.0000   134    29656.0000    23872.0000  8796454   19.50%
  41253  9277    24120.0000   158    29656.0000    23872.0000  8808439   19.50%
  41345  9298    infeasible          29656.0000    23872.0000  8823031   19.50%
  41442  9330    24120.3904    85    29656.0000    23872.0000  8833691   19.50%
  41560  9392    24638.0000   228    29656.0000    23872.0000  8842206   19.50%
Elapsed time = 24696.33 sec. (13853772.82 ticks, tree = 87.15 MB, solutions = 2)
  41645  9420    28450.1495    80    29656.0000    23872.0000  8851859   19.50%
  41732  9449    25134.0000   263    29656.0000    23872.0000  8862793   19.50%
  41843  9492    23872.0000   132    29656.0000    23872.0000  8875909   19.50%
  41893  9497    29056.0000   281    29656.0000    23872.0000  8896539   19.50%
  41992  9534    24368.0000   188    29656.0000    23872.0000  8906128   19.50%
  42047  9549    24368.0000   248    29656.0000    23872.0000  8919867   19.50%
  42096  9562    26612.0000   132    29656.0000    23872.0000  8926284   19.50%
  42179  9584    infeasible          29656.0000    23872.0000  8937856   19.50%
  42265  9594    infeasible          29656.0000    23872.0000  8949673   19.50%
  42357  9640    26476.6330   158    29656.0000    23872.0000  8958024   19.50%
Elapsed time = 24907.08 sec. (14008070.10 ticks, tree = 89.63 MB, solutions = 2)
  42459  9668    26016.0000   179    29656.0000    23872.0000  8969046   19.50%
  42536  9682    infeasible          29656.0000    23872.0000  8982285   19.50%
  42662  9734    24120.0000   197    29656.0000    23872.0000  8991962   19.50%
  42733  9735        cutoff          29656.0000    23872.0000  9004004   19.50%
  42852  9774    23967.0000   225    29656.0000    23872.0000  9013457   19.50%
  42927  9789    29056.0000   223    29656.0000    23872.0000  9025361   19.50%
  43037  9832    infeasible          29656.0000    23872.0000  9035193   19.50%
  43141  9856    27410.0000    54    29656.0000    23872.0000  9048405   19.50%
  43296  9933    infeasible          29656.0000    23872.0000  9057981   19.50%
  43412  9979    26126.0000    58    29656.0000    23872.0000  9071178   19.50%
Elapsed time = 25099.08 sec. (14162205.55 ticks, tree = 92.98 MB, solutions = 2)
  43523 10034    25382.0000   139    29656.0000    23872.0000  9081736   19.50%
  43590 10043    23872.0000   230    29656.0000    23872.0000  9089174   19.50%
  43699 10077    24120.0000   108    29656.0000    23872.0000  9098175   19.50%
  43807 10115        cutoff          29656.0000    23872.0000  9108619   19.50%
  43906 10163    24463.0000   187    29656.0000    23872.0000  9117623   19.50%
  44003 10194    24368.0000   149    29656.0000    23872.0000  9126674   19.50%
  44119 10216    23872.2644   309    29656.0000    23872.0000  9141105   19.50%
  44201 10229    infeasible          29656.0000    23872.0000  9151591   19.50%
  44304 10240    24120.0000   160    29656.0000    23872.0000  9169741   19.50%
  44427 10269        cutoff          29656.0000    23872.0000  9185306   19.50%
Elapsed time = 25312.79 sec. (14319081.59 ticks, tree = 95.91 MB, solutions = 2)
  44497 10288    23872.0000   326    29656.0000    23872.0000  9196964   19.50%
  44574 10306    24616.0000   189    29656.0000    23872.0000  9211332   19.50%
  44684 10348    23872.0000   298    29656.0000    23872.0000  9220001   19.50%
  44719 10357    24075.3574  1360    29656.0000    23872.0000  9229530   19.50%
  44809 10387    24398.7653   350    29656.0000    23872.0000  9241891   19.50%
  44864 10401    26819.0000    78    29656.0000    23872.0000  9258728   19.50%
  44953 10421    29304.0000   243    29656.0000    23872.0000  9276522   19.50%
  45024 10440    29319.0000    92    29656.0000    23872.0000  9289667   19.50%
  45086 10456    25134.6330   312    29656.0000    23872.0000  9299544   19.50%
  45214 10504    29066.5695   333    29656.0000    23872.0000  9315989   19.50%
Elapsed time = 25539.20 sec. (14474051.11 ticks, tree = 98.23 MB, solutions = 2)
  45287 10522    infeasible          29656.0000    23872.0000  9333892   19.50%
  45388 10533    24120.0000   341    29656.0000    23872.0000  9350781   19.50%
  45487 10562    infeasible          29656.0000    23872.0000  9363895   19.50%
  45602 10609    infeasible          29656.0000    23872.0000  9377538   19.50%
  45726 10646    25134.3904   180    29656.0000    23872.0000  9387487   19.50%
  45782 10650    29552.0000   376    29656.0000    23872.0000  9408474   19.50%
  45870 10671        cutoff          29656.0000    23872.0000  9423474   19.50%
  45925 10681    23872.6247   283    29656.0000    23872.0000  9446519   19.50%
  46012 10706    24120.0000    71    29656.0000    23872.0000  9459745   19.50%
  46103 10727    infeasible          29656.0000    23872.0000  9470403   19.50%
Elapsed time = 25725.04 sec. (14627862.94 ticks, tree = 100.47 MB, solutions = 2)
  46183 10750    29304.0000   803    29656.0000    23872.0000  9481859   19.50%
  46260 10765    23872.0000   787    29656.0000    23872.0000  9492728   19.50%
  46360 10819    28450.0000    70    29656.0000    23872.0000  9502270   19.50%
  46458 10866    27067.0000   120    29656.0000    23872.0000  9510893   19.50%
  46568 10922    26867.0000   135    29656.0000    23872.0000  9522413   19.50%
  46671 10961    infeasible          29656.0000    23872.0000  9532026   19.50%
  46748 10971    23872.0000   797    29656.0000    23872.0000  9547925   19.50%
  46827 10985    29056.0000   107    29656.0000    23872.0000  9570502   19.50%
  46899 10991    infeasible          29656.0000    23872.0000  9581795   19.50%
  46989 11017    26860.0000    89    29656.0000    23872.0000  9594273   19.50%
Elapsed time = 25950.38 sec. (14783336.47 ticks, tree = 103.35 MB, solutions = 2)
  47084 11062    28298.2380    74    29656.0000    23872.0000  9603167   19.50%
  47177 11087    24215.0000   229    29656.0000    23872.0000  9613705   19.50%
  47239 11103    29552.0000   564    29656.0000    23872.0000  9626903   19.50%
  47312 11106    infeasible          29656.0000    23872.0000  9644117   19.50%
  47390 11116    24120.3904   146    29656.0000    23872.0000  9660588   19.50%
  47508 11176    23872.0000   210    29656.0000    23872.0000  9674090   19.50%
  47605 11212    infeasible          29656.0000    23872.0000  9686228   19.50%
  47679 11222    infeasible          29656.0000    23872.0000  9696797   19.50%
  47746 11225    23872.0000   861    29656.0000    23872.0000  9711465   19.50%
  47796 11246    infeasible          29656.0000    23872.0000  9718252   19.50%
Elapsed time = 26316.67 sec. (14938607.71 ticks, tree = 105.66 MB, solutions = 2)
  47881 11263    23872.0000  1010    29656.0000    23872.0000  9730806   19.50%
  47959 11302    25477.0000   161    29656.0000    23872.0000  9739899   19.50%
  48064 11346    25630.0000    97    29656.0000    23872.0000  9749711   19.50%
  48176 11375    24120.0000   277    29656.0000    23872.0000  9758312   19.50%
  48259 11397    25112.0000   198    29656.0000    23872.0000  9765592   19.50%
  48304 11408    23872.0000   820    29656.0000    23872.0000  9774501   19.50%
  48370 11418    23872.0000   316    29656.0000    23872.0000  9788599   19.50%
  48427 11421    23872.0000   302    29656.0000    23872.0000  9804143   19.50%
  48523 11459    infeasible          29656.0000    23872.0000  9815568   19.50%
  48624 11491    infeasible          29656.0000    23872.0000  9827908   19.50%
Elapsed time = 26747.35 sec. (15094069.31 ticks, tree = 108.15 MB, solutions = 2)
  48670 11490    24120.0000  1091    29656.0000    23872.0000  9846249   19.50%
  48712 11494    infeasible          29656.0000    23872.0000  9864464   19.50%
  48793 11514    25382.0000   232    29656.0000    23872.0000  9876401   19.50%
  48876 11546    29552.1495    77    29656.0000    23872.0000  9885940   19.50%
  48965 11573    23872.0000   241    29656.0000    23872.0000  9894852   19.50%
  49011 11567        cutoff          29656.0000    23872.0000  9910672   19.50%
  49098 11568    23872.2644   271    29656.0000    23872.0000  9932709   19.50%
  49200 11572    24368.0000    94    29656.0000    23872.0000  9952232   19.50%
  49269 11588    infeasible          29656.0000    23872.0000  9960436   19.50%
  49396 11590    28057.0000   233    29656.0000    23872.0000  9976617   19.50%
Elapsed time = 27150.88 sec. (15247874.47 ticks, tree = 109.25 MB, solutions = 2)
  49495 11593    infeasible          29656.0000    23872.0000  9994947   19.50%
  49604 11620    23882.5695   232    29656.0000    23872.0000 10007549   19.50%
  49720 11662    28202.0000    50    29656.0000    23872.0000 10016910   19.50%
  49858 11692    24638.3904   198    29656.0000    23872.0000 10033119   19.50%
  49905 11702    23872.0000   863    29656.0000    23872.0000 10046295   19.50%
  49976 11727    25514.0000   222    29656.0000    23872.0000 10059997   19.50%
  50017 11735    23872.0000  1052    29656.0000    23872.0000 10070440   19.50%
  50057 11741    23872.0000   912    29656.0000    23872.0000 10084651   19.50%
  50094 11762    25134.3904   205    29656.0000    23872.0000 10095708   19.50%
  50178 11797        cutoff          29656.0000    23872.0000 10107552   19.50%
Elapsed time = 27587.78 sec. (15402615.50 ticks, tree = 111.33 MB, solutions = 2)
  50269 11845    25615.0000   141    29656.0000    23872.0000 10114557   19.50%
  50362 11849    29304.0000   207    29656.0000    23872.0000 10130748   19.50%
  50488 11891    23872.0000    82    29656.0000    23872.0000 10141698   19.50%
  50603 11924        cutoff          29656.0000    23872.0000 10155387   19.50%
  50716 11945    23872.0000   200    29656.0000    23872.0000 10170684   19.50%
  50817 11970    28409.1495    30    29656.0000    23872.0000 10182445   19.50%
  50922 11990    infeasible          29656.0000    23872.0000 10200273   19.50%
  51029 12011    29304.0000    88    29656.0000    23872.0000 10212986   19.50%
  51124 12042    24120.0000   149    29656.0000    23872.0000 10224557   19.50%
  51228 12061    24120.0000   173    29656.0000    23872.0000 10236836   19.50%
Elapsed time = 27992.35 sec. (15556575.78 ticks, tree = 114.03 MB, solutions = 2)
  51330 12076    29304.0000   192    29656.0000    23872.0000 10249943   19.50%
  51408 12093        cutoff          29656.0000    23872.0000 10266325   19.50%
  51520 12127    23872.0000   483    29656.0000    23872.0000 10284952   19.50%
  51630 12146    23900.9071   150    29656.0000    23872.0000 10300465   19.50%
  51710 12180    26724.0000   142    29656.0000    23872.0000 10309149   19.50%
  51805 12208    25520.0000   119    29656.0000    23872.0000 10318992   19.50%
  51921 12252    23872.3904   118    29656.0000    23872.0000 10329196   19.50%
  52006 12268    24120.0000   108    29656.0000    23872.0000 10348125   19.50%
  52086 12293    27315.0000    39    29656.0000    23872.0000 10360295   19.50%
  52195 12327    24886.0000   112    29656.0000    23872.0000 10372625   19.50%
Elapsed time = 28475.35 sec. (15710093.97 ticks, tree = 116.73 MB, solutions = 2)
  52291 12362    23872.0000   159    29656.0000    23872.0000 10383670   19.50%
  52342 12372    25382.0000    79    29656.0000    23872.0000 10399311   19.50%
  52485 12414    infeasible          29656.0000    23872.0000 10414050   19.50%
  52600 12435    25272.0000   247    29656.0000    23872.0000 10427651   19.50%
  52681 12463    25477.0000   183    29656.0000    23872.0000 10437229   19.50%
  52769 12490    24887.6159   276    29656.0000    23872.0000 10445429   19.50%
  52858 12510    23872.0000   109    29656.0000    23872.0000 10457550   19.50%
  52947 12523    23872.0000   218    29656.0000    23872.0000 10468662   19.50%
  53042 12554    25287.0000   155    29656.0000    23872.0000 10476232   19.50%
  53172 12600    28314.0000     7    29656.0000    23872.0000 10487232   19.50%
Elapsed time = 28889.36 sec. (15863806.30 ticks, tree = 119.56 MB, solutions = 2)
  53291 12647    24638.6330   328    29656.0000    23872.0000 10497567   19.50%
  53420 12692    23872.0000    67    29656.0000    23872.0000 10507591   19.50%
  53572 12758    26612.0000    45    29656.0000    23872.0000 10519545   19.50%
  53670 12802    27162.0000   104    29656.0000    23872.0000 10531284   19.50%
  53766 12827    24120.0000   130    29656.0000    23872.0000 10541402   19.50%
  53877 12875    27811.0000    16    29656.0000    23872.0000 10549056   19.50%
  53988 12913    27220.0000   178    29656.0000    23872.0000 10557463   19.50%
  54059 12927    24886.0000   206    29656.0000    23872.0000 10566032   19.50%
  54154 12941    infeasible          29656.0000    23872.0000 10578174   19.50%
  54222 12956    infeasible          29656.0000    23872.0000 10584243   19.50%
Elapsed time = 29107.94 sec. (16017558.85 ticks, tree = 123.11 MB, solutions = 2)
  54291 12980    24463.0000   261    29656.0000    23872.0000 10590435   19.50%
  54388 13007    infeasible          29656.0000    23872.0000 10600806   19.50%
  54466 13028    23872.0000    72    29656.0000    23872.0000 10611884   19.50%
  54595 13072    25134.3904   173    29656.0000    23872.0000 10622814   19.50%
  54682 13099    29552.0000    77    29656.0000    23872.0000 10638418   19.50%
  54760 13119    23882.5695   231    29656.0000    23872.0000 10650363   19.50%
  54827 13139    24120.0000   230    29656.0000    23872.0000 10665130   19.50%
  54932 13171    25572.0000   142    29656.0000    23872.0000 10675676   19.50%
  55018 13172    24278.3904   179    29656.0000    23872.0000 10686923   19.50%
  55131 13174    26861.6159   106    29656.0000    23872.0000 10703438   19.50%
Elapsed time = 29446.09 sec. (16171621.21 ticks, tree = 125.32 MB, solutions = 2)
  55248 13211    23872.0000   564    29656.0000    23872.0000 10715738   19.50%
  55336 13251    23872.0000   292    29656.0000    23872.0000 10725904   19.50%
  55415 13272    23872.0000   441    29656.0000    23872.0000 10734757   19.50%
  55493 13297    26724.0000   137    29656.0000    23872.0000 10746358   19.50%
  55597 13315    23872.0000   353    29656.0000    23872.0000 10759957   19.50%
  55676 13334    23872.0000   260    29656.0000    23872.0000 10766829   19.50%
  55763 13342    26860.6330   128    29656.0000    23872.0000 10780148   19.50%
  55851 13363    25382.0000   168    29656.0000    23872.0000 10793120   19.50%
  55979 13383    23872.0000   221    29656.0000    23872.0000 10811209   19.50%
  56058 13413    25382.0000   171    29656.0000    23872.0000 10818171   19.50%
Elapsed time = 29797.17 sec. (16325573.54 ticks, tree = 127.83 MB, solutions = 2)
  56173 13436    26724.0000    94    29656.0000    23872.0000 10829739   19.50%
  56288 13463        cutoff          29656.0000    23872.0000 10845063   19.50%
  56393 13505    23872.0000   150    29656.0000    23872.0000 10855862   19.50%
  56490 13534    27954.3904    38    29656.0000    23872.0000 10866000   19.50%
  56616 13559        cutoff          29656.0000    23872.0000 10878358   19.50%
  56714 13581    24120.0000   161    29656.0000    23872.0000 10888443   19.50%
  56860 13621    23996.0000   184    29656.0000    23872.0000 10902159   19.50%
  56950 13639    24368.0000   196    29656.0000    23872.0236 10909880   19.50%
  57020 13649    27954.9969   121    29656.0000    23872.0782 10922839   19.50%
  57112 13643    24982.6159   277    29656.0000    23872.1530 10938951   19.50%
Elapsed time = 30209.17 sec. (16479992.10 ticks, tree = 130.26 MB, solutions = 2)
  57199 13688    25134.0000   210    29656.0000    23872.1530 10943836   19.50%
  57280 13677    23874.1138   949    29656.0000    23872.2374 10961363   19.50%
  57365 13676    24040.0000   230    29656.0000    23872.2644 10978477   19.50%
  57443 13685    26111.0000   165    29656.0000    23872.2644 10985164   19.50%
  57530 13689    24120.0000   237    29656.0000    23872.2644 10995039   19.50%
  57604 13709    25725.0000    81    29656.0000    23872.2644 11001801   19.50%
  57696 13728    23872.2644   166    29656.0000    23872.2644 11010609   19.50%
  57767 13733    24215.0000   281    29656.0000    23872.3904 11018749   19.50%
  57855 13764    28392.3904   125    29656.0000    23872.3904 11027284   19.50%
  57985 13801    25725.0000    62    29656.0000    23872.3904 11035815   19.50%
Elapsed time = 30457.58 sec. (16634550.48 ticks, tree = 131.94 MB, solutions = 2)
  58118 13830    infeasible          29656.0000    23872.3904 11045173   19.50%
  58253 13841    24120.0000   186    29656.0000    23872.3904 11057958   19.50%
  58357 13849    infeasible          29656.0000    23872.3904 11069197   19.50%
  58468 13878    24120.0000   248    29656.0000    23872.3904 11079259   19.50%
  58571 13906    infeasible          29656.0000    23872.3904 11087797   19.50%
  58682 13920    infeasible          29656.0000    23872.3904 11099918   19.50%
  58737 13921    23872.3904   647    29656.0000    23872.3904 11110060   19.50%
  58769 13923        cutoff          29656.0000    23872.3904 11115978   19.50%
  58811 13927    23897.8569  1053    29656.0000    23872.3904 11129677   19.50%
  58850 13934    23872.3904   957    29656.0000    23872.3904 11137938   19.50%
Elapsed time = 30683.19 sec. (16790346.71 ticks, tree = 133.36 MB, solutions = 2)
  58942 13984    24120.0000   308    29656.0000    23872.3904 11146296   19.50%
  59013 13987    infeasible          29656.0000    23872.3904 11157777   19.50%
  59107 14010    24368.0000   128    29656.0000    23872.3904 11167068   19.50%
  59195 14042    23872.3904   300    29656.0000    23872.3904 11175067   19.50%
  59255 14058    24168.0000   237    29656.0000    23872.3904 11183375   19.50%
  59330 14076    25520.0000   228    29656.0000    23872.3904 11191029   19.50%
  59445 14111    24120.0000   231    29656.0000    23872.3904 11198226   19.50%
  59515 14136    25725.0000   178    29656.0000    23872.3904 11205125   19.50%
  59604 14166    infeasible          29656.0000    23872.3904 11214275   19.50%
  59683 14183    28202.1495    47    29656.0000    23872.3904 11224885   19.50%
Elapsed time = 30901.59 sec. (16943954.87 ticks, tree = 135.90 MB, solutions = 2)
  59761 14177    infeasible          29656.0000    23872.3904 11234950   19.50%
  59862 14198    24912.0000   310    29656.0000    23872.3904 11244978   19.50%
  59960 14226    28297.1495    25    29656.0000    23872.3904 11252639   19.50%
  60085 14248    29647.0000    54    29656.0000    23872.3904 11263060   19.50%
  60231 14265    26476.0000    88    29656.0000    23872.3906 11274524   19.50%
  60303 14268    25229.0000   205    29656.0000    23872.6330 11285238   19.50%
  60381 14295    24368.0000   217    29656.0000    23872.6330 11290378   19.50%
  60454 14297    23874.1138   678    29656.0000    23874.1138 11308359   19.50%
  60506 14284    infeasible          29656.0000    23875.1862 11327326   19.49%
  60554 14277        cutoff          29656.0000    23876.0488 11339967   19.49%
Elapsed time = 31133.30 sec. (17098170.84 ticks, tree = 136.95 MB, solutions = 2)
  60618 14278    24616.0000   182    29656.0000    23882.5695 11356313   19.47%
  60685 14277    infeasible          29656.0000    23887.0000 11370376   19.45%
  60776 14263    23892.0342   310    29656.0000    23892.0342 11379682   19.44%
  60857 14266    29056.0000   169    29656.0000    23896.0000 11395104   19.42%
  60959 14254        cutoff          29656.0000    23910.5847 11414837   19.37%
  61033 14234    24120.0000   779    29656.0000    23910.5847 11438545   19.37%
  61114 14207    24288.1495   113    29656.0000    23919.5000 11458232   19.34%
  61179 14203    23940.6862   828    29656.0000    23940.6862 11475884   19.27%
  61246 14202        cutoff          29656.0000    23957.2779 11494253   19.22%
  61329 14211    29399.0000   233    29656.0000    23967.0000 11511586   19.18%
Elapsed time = 31363.55 sec. (17251980.82 ticks, tree = 136.53 MB, solutions = 2)
  61449 14249        cutoff          29656.0000    23967.0000 11516122   19.18%
  61594 14299    23967.0000   160    29656.0000    23967.0000 11523661   19.18%
  61689 14330    28049.0000    86    29656.0000    23967.0000 11532068   19.18%
  61779 14345    26724.0000   146    29656.0000    23967.0000 11539710   19.18%
  61870 14361    23967.0000   258    29656.0000    23967.0000 11548018   19.18%
  61948 14389    24463.0000   228    29656.0000    23967.0000 11556057   19.18%
  62042 14383    26724.0000   193    29656.0000    23967.0000 11568657   19.18%
  62135 14417    27257.0000    66    29656.0000    23967.0000 11576321   19.18%
  62229 14447    infeasible          29656.0000    23967.0000 11585296   19.18%
  62322 14471    infeasible          29656.0000    23967.0000 11595020   19.18%
Elapsed time = 31582.63 sec. (17405442.71 ticks, tree = 139.18 MB, solutions = 2)
  62401 14482    24368.0000    97    29656.0000    23967.0000 11607022   19.18%
  62509 14522    25134.0000   240    29656.0000    23967.0000 11616777   19.18%
  62638 14561    infeasible          29656.0000    23967.0000 11625688   19.18%
  62741 14604    infeasible          29656.0000    23967.0000 11635670   19.18%
  62812 14632    23967.0000   225    29656.0000    23967.0000 11641572   19.18%
  62925 14672    infeasible          29656.0000    23967.0000 11649185   19.18%
  63009 14684    infeasible          29656.0000    23967.0000 11659107   19.18%
  63128 14713    26228.0000   202    29656.0000    23967.0000 11666999   19.18%
  63233 14760    24463.0000    71    29656.0000    23967.0000 11674413   19.18%
  63368 14802    27658.0000    14    29656.0000    23967.0000 11682354   19.18%
Elapsed time = 31810.27 sec. (17559399.34 ticks, tree = 142.46 MB, solutions = 2)
  63466 14818    23967.0000   228    29656.0000    23967.0000 11690970   19.18%
  63544 14818    infeasible          29656.0000    23967.0000 11700211   19.18%
  63669 14849    24025.0236   203    29656.0000    23967.0000 11711343   19.18%
  63750 14882    25477.0000   245    29656.0000    23967.0000 11717388   19.18%
  63820 14894    25134.3904   228    29656.0000    23967.1495 11724923   19.18%
  63920 14916    23967.2408   236    29656.0000    23967.2408 11732950   19.18%
  64040 14965    28793.0000    57    29656.0000    23967.2408 11741423   19.18%
  64165 14981    24806.0000   163    29656.0000    23967.3904 11750254   19.18%
  64229 14987    23967.4084   278    29656.0000    23967.4084 11756479   19.18%
  64292 14987    infeasible          29656.0000    23982.3028 11765108   19.13%
Elapsed time = 32102.21 sec. (17713823.25 ticks, tree = 144.37 MB, solutions = 2)
  64359 14988    24111.3845   248    29656.0000    24000.0779 11786241   19.07%
  64464 15003        cutoff          29656.0000    24017.9618 11804306   19.01%
  64530 15025    infeasible          29656.0000    24017.9618 11815240   19.01%
  64613 15024    24018.8092   586    29656.0000    24018.8092 11827111   19.01%
  64725 15042    infeasible          29656.0000    24040.0000 11836074   18.94%
  64816 15059    24536.0000    77    29656.0000    24040.0000 11842505   18.94%
  64931 15067    26972.0000    98    29656.0000    24040.0000 11852901   18.94%
  65023 15078    infeasible          29656.0000    24040.0000 11861103   18.94%
  65120 15085    infeasible          29656.0000    24040.6321 11869377   18.94%
  65183 15079    28202.0000   107    29656.0000    24062.0000 11877829   18.86%
Elapsed time = 32519.00 sec. (17867428.08 ticks, tree = 145.37 MB, solutions = 2)
  65260 15079    26914.0000    73    29656.0000    24062.0000 11884996   18.86%
  65347 15079    infeasible          29656.0000    24071.3184 11900381   18.83%
  65418 15072    24171.9514   287    29656.0000    24094.8876 11919038   18.75%
  65519 15067    infeasible          29656.0000    24120.0000 11935068   18.67%
  65626 15096    25382.0000   157    29656.0000    24120.0000 11946185   18.67%
  65692 15114    25630.0000   118    29656.0000    24120.0000 11953713   18.67%
  65810 15155    25382.0000   273    29656.0000    24120.0000 11963726   18.67%
  65919 15175    25134.0000   250    29656.0000    24120.0000 11973837   18.67%
  66005 15187    28450.0000    26    29656.0000    24120.0000 11983665   18.67%
  66102 15216    25630.0000   157    29656.0000    24120.0000 11992379   18.67%
Elapsed time = 32913.89 sec. (18021611.57 ticks, tree = 146.94 MB, solutions = 2)
  66238 15233    infeasible          29656.0000    24120.0000 12001984   18.67%
  66329 15258    infeasible          29656.0000    24120.0000 12010961   18.67%
  66468 15272        cutoff          29656.0000    24120.0000 12023280   18.67%
  66591 15283    24120.0000    89    29656.0000    24120.0000 12036564   18.67%
  66680 15296    25134.0000   259    29656.0000    24120.0000 12051380   18.67%
  66761 15319    24368.3217   277    29656.0000    24120.0000 12059298   18.67%
  66868 15344    25382.0000   116    29656.0000    24120.0000 12067628   18.67%
  67011 15390    25382.0000   182    29656.0000    24120.0000 12078163   18.67%
  67110 15405    24120.0000   263    29656.0000    24120.0000 12090467   18.67%
  67174 15414    26724.0000    42    29656.0000    24120.0000 12097710   18.67%
Elapsed time = 33256.59 sec. (18175484.80 ticks, tree = 149.09 MB, solutions = 2)
  67314 15464    25630.0000   109    29656.0000    24120.0000 12108208   18.67%
  67414 15491    25382.0000   136    29656.0000    24120.0000 12116538   18.67%
  67521 15525    infeasible          29656.0000    24120.0000 12124864   18.67%
  67635 15552    28066.0000    67    29656.0000    24120.0000 12134037   18.67%
  67745 15579    infeasible          29656.0000    24120.0000 12143215   18.67%
  67830 15602    24368.0000   262    29656.0000    24120.0000 12149332   18.67%
  67914 15610    25229.0000    60    29656.0000    24120.0000 12157468   18.67%
  68009 15633    25820.4084   167    29656.0000    24120.0000 12165376   18.67%
  68090 15657    25134.6330   283    29656.0000    24120.0000 12173777   18.67%
  68184 15677        cutoff          29656.0000    24120.0000 12182327   18.67%
Elapsed time = 33652.53 sec. (18329483.85 ticks, tree = 151.79 MB, solutions = 2)
  68275 15689    infeasible          29656.0000    24120.0000 12191651   18.67%
  68355 15691    24616.0000   120    29656.0000    24120.0000 12199601   18.67%
  68451 15712    29552.0000   238    29656.0000    24120.0000 12211231   18.67%
  68567 15729    24120.0000   185    29656.0000    24120.0000 12221123   18.67%
  68650 15758    25382.0000   180    29656.0000    24120.0000 12227209   18.67%
  68774 15800    24120.3944   258    29656.0000    24120.0000 12239584   18.67%
  68848 15803    24120.0000   243    29656.0000    24120.0000 12249539   18.67%
  68929 15822    24616.0000    80    29656.0000    24120.0000 12256488   18.67%
  69026 15834    24120.0000   251    29656.0000    24120.0000 12267501   18.67%
  69120 15852    infeasible          29656.0000    24120.0000 12278910   18.67%
Elapsed time = 34042.42 sec. (18483278.24 ticks, tree = 153.66 MB, solutions = 2)
  69218 15869    25382.0000    73    29656.0000    24120.0000 12288660   18.67%
  69327 15897    25382.0000   161    29656.0000    24120.0000 12299697   18.67%
  69418 15917    infeasible          29656.0000    24120.0000 12310276   18.67%
  69503 15950    25520.3904   238    29656.0000    24120.0000 12319304   18.67%
  69575 15966    25134.0000   197    29656.0000    24120.0000 12325228   18.67%
  69658 15989    25725.0000   147    29656.0000    24120.0000 12335344   18.67%
  69724 15994    26612.0000   108    29656.0000    24120.0000 12344688   18.67%
  69811 16013    25367.0000   262    29656.0000    24120.0000 12354511   18.67%
  69895 16036    25382.0000   196    29656.0000    24120.0000 12361741   18.67%
  69973 16053    infeasible          29656.0000    24120.0000 12371622   18.67%
Elapsed time = 34323.71 sec. (18637155.84 ticks, tree = 155.73 MB, solutions = 2)
  70098 16081    26972.2991    77    29656.0000    24120.0000 12383957   18.67%
  70199 16109    24368.0000   211    29656.0000    24120.0000 12395829   18.67%
  70283 16124    24215.0000   298    29656.0000    24120.0000 12404740   18.67%
  70361 16136    infeasible          29656.0000    24120.0000 12415590   18.67%
  70428 16148    infeasible          29656.0000    24120.0000 12424626   18.67%
  70504 16171    24463.0000   288    29656.0000    24120.0000 12434969   18.67%
  70582 16192    24368.0000   208    29656.0000    24120.0000 12445889   18.67%
  70675 16217    infeasible          29656.0000    24120.0000 12456822   18.67%
  70758 16230    infeasible          29656.0000    24120.0000 12465097   18.67%
  70875 16278    26126.0000    86    29656.0000    24120.0000 12476214   18.67%
Elapsed time = 34527.07 sec. (18791273.38 ticks, tree = 158.02 MB, solutions = 2)
  70967 16312    24368.0000   212    29656.0000    24120.0000 12484683   18.67%
  71058 16317    infeasible          29656.0000    24120.0000 12493871   18.67%
  71144 16334    infeasible          29656.0000    24120.0000 12502791   18.67%
  71224 16347    24886.3904   209    29656.0000    24120.0000 12511688   18.67%
  71326 16375    25134.0000   203    29656.0000    24120.0000 12519412   18.67%
  71388 16381    24368.0000   218    29656.0000    24120.0000 12529072   18.67%
  71483 16404    24711.0000    68    29656.0000    24120.0000 12539969   18.67%
  71603 16453    26571.9969   130    29656.0000    24120.0000 12550019   18.67%
  71745 16500    infeasible          29656.0000    24120.0000 12559655   18.67%
  71807 16506        cutoff          29656.0000    24120.0000 12568003   18.67%
Elapsed time = 34750.88 sec. (18945449.54 ticks, tree = 161.05 MB, solutions = 2)
  71895 16528    infeasible          29656.0000    24120.0000 12574919   18.67%
  71978 16551    infeasible          29656.0000    24120.0000 12586050   18.67%
  72089 16581    infeasible          29656.0000    24120.0000 12596798   18.67%
  72184 16612    24616.0000   180    29656.0000    24120.0000 12606825   18.67%
  72278 16625    25112.0000   105    29656.0000    24120.0000 12615889   18.67%
  72367 16636    infeasible          29656.0000    24120.0000 12623893   18.67%
  72465 16655    24616.0000   208    29656.0000    24120.0000 12634881   18.67%
  72567 16682    24368.0000   197    29656.0000    24120.0000 12642796   18.67%
  72668 16714    24368.0000    70    29656.0000    24120.0000 12652723   18.67%
  72772 16743    24120.0000   180    29656.0000    24120.0000 12663060   18.67%
Elapsed time = 34966.30 sec. (19099154.03 ticks, tree = 163.47 MB, solutions = 2)
  72861 16762    24120.0000   194    29656.0000    24120.0000 12671011   18.67%
  72948 16776    25878.0000   112    29656.0000    24120.0000 12679095   18.67%
  73034 16800    25134.0000   213    29656.0000    24120.0000 12688144   18.67%
  73126 16832    24521.3904   164    29656.0000    24120.0000 12695507   18.67%
  73215 16867    26571.0000    97    29656.0000    24120.0000 12702865   18.67%
  73304 16886    25134.0000   151    29656.0000    24120.0000 12714124   18.67%
  73379 16893    infeasible          29656.0000    24120.0000 12722807   18.67%
  73467 16908    25134.0000    40    29656.0000    24120.0000 12731714   18.67%
  73560 16924    infeasible          29656.0000    24120.0000 12740406   18.67%
  73646 16941    infeasible          29656.0000    24120.0000 12747977   18.67%
Elapsed time = 35164.64 sec. (19253004.67 ticks, tree = 165.51 MB, solutions = 2)
  73736 16957    25383.5181   222    29656.0000    24120.0000 12758381   18.67%
  73843 16988    28202.0000    42    29656.0000    24120.0000 12766687   18.67%
  73974 17017    26877.0000    61    29656.0000    24120.0000 12776533   18.67%
  74092 17042    26571.0000    96    29656.0000    24120.0000 12784661   18.67%
  74219 17079    infeasible          29656.0000    24120.0000 12792336   18.67%
  74329 17099    24120.0000    77    29656.0000    24120.0000 12800689   18.67%
  74440 17140    27315.0000    44    29656.0000    24120.0000 12809738   18.67%
  74541 17161    infeasible          29656.0000    24120.0000 12819125   18.67%
  74621 17183    infeasible          29656.0000    24120.0000 12827121   18.67%
  74701 17211    26972.0000    77    29656.0000    24120.0000 12834057   18.67%
Elapsed time = 35382.82 sec. (19406470.43 ticks, tree = 168.26 MB, solutions = 2)
  74802 17220        cutoff          29656.0000    24120.0000 12846525   18.67%
  74904 17238    25171.0000   235    29656.0000    24120.0000 12861297   18.67%
  74984 17250    25382.0000    83    29656.0000    24120.0000 12871135   18.67%
  75093 17279    24368.0000   228    29656.0000    24120.0000 12882108   18.67%
  75158 17278    infeasible          29656.0000    24120.0000 12889043   18.67%
  75223 17287    25112.0000   150    29656.0000    24120.0000 12894629   18.67%
  75327 17294    infeasible          29656.0000    24120.0000 12904789   18.67%
  75439 17323    25425.0000   141    29656.0000    24120.0000 12913408   18.67%
  75515 17329    25134.0000   282    29656.0000    24120.0000 12923974   18.67%
  75606 17329    infeasible          29656.0000    24120.0000 12935548   18.67%
Elapsed time = 35608.70 sec. (19560459.74 ticks, tree = 169.52 MB, solutions = 2)
  75709 17348        cutoff          29656.0000    24120.0000 12945826   18.67%
  75830 17382    26767.0000   158    29656.0000    24120.0000 12958365   18.67%
  75914 17396    24368.0000   230    29656.0000    24120.0000 12968977   18.67%
  75988 17398    25182.0000   266    29656.0000    24120.0000 12978568   18.67%
  76095 17396    infeasible          29656.0000    24120.0000 12991628   18.67%
  76188 17411    24368.0000   251    29656.0000    24120.0000 13003422   18.67%
  76311 17444    24120.0000   425    29656.0000    24120.0000 13018530   18.67%
  76446 17484    28392.0000    24    29656.0000    24120.0000 13027043   18.67%
  76564 17515    24368.0000   191    29656.0000    24120.0000 13038142   18.67%
  76738 17565    infeasible          29656.0000    24120.0000 13050254   18.67%
Elapsed time = 35922.72 sec. (19715822.70 ticks, tree = 171.99 MB, solutions = 2)
  76821 17576    infeasible          29656.0000    24120.0000 13060653   18.67%
  76917 17598    24368.0000   124    29656.0000    24120.0000 13072834   18.67%
  77030 17628    infeasible          29656.0000    24120.0000 13084021   18.67%
  77131 17642    24368.0000   654    29656.0000    24120.0000 13098550   18.67%
  77222 17655        cutoff          29656.0000    24120.0000 13109156   18.67%
  77308 17652        cutoff          29656.0000    24120.0000 13121867   18.67%
  77443 17701    25630.0000   127    29656.0000    24120.0000 13132022   18.67%
  77533 17723    27067.0000    44    29656.0000    24120.0000 13142129   18.67%
  77643 17759    infeasible          29656.0000    24120.0000 13151983   18.67%
  77742 17766    infeasible          29656.0000    24120.0000 13163628   18.67%
Elapsed time = 36312.12 sec. (19869672.44 ticks, tree = 174.16 MB, solutions = 2)
  77871 17789    24120.0000   136    29656.0000    24120.0000 13174355   18.67%
  77959 17801    infeasible          29656.0000    24120.0000 13183120   18.67%
  78049 17813    infeasible          29656.0000    24120.0000 13193329   18.67%
  78155 17835    24120.0000   216    29656.0000    24120.0000 13203426   18.67%
  78235 17850    27115.0000    96    29656.0000    24120.0000 13212890   18.67%
  78335 17860    24616.0000   165    29656.0000    24120.0000 13223467   18.67%
  78462 17884    infeasible          29656.0000    24120.0000 13233275   18.67%
  78560 17911    infeasible          29656.0000    24120.0000 13238778   18.67%
  78660 17931    25520.0000   145    29656.0000    24120.0000 13248937   18.67%
  78741 17949    24616.0000   235    29656.0000    24120.0000 13257674   18.67%
Elapsed time = 36719.57 sec. (20023954.50 ticks, tree = 176.06 MB, solutions = 2)
  78834 17984    infeasible          29656.0000    24120.0000 13265113   18.67%
  78930 17995    24368.0000    69    29656.0000    24120.0000 13274936   18.67%
  79078 18046    infeasible          29656.0000    24120.0000 13282212   18.67%
  79213 18068    26571.0000   119    29656.0000    24120.0000 13292843   18.67%
  79298 18074    24120.0000   223    29656.0000    24120.0000 13301840   18.67%
  79408 18107    25725.0000    89    29656.0000    24120.0000 13310935   18.67%
  79511 18133    26476.0000   119    29656.0000    24120.0000 13318595   18.67%
  79628 18163        cutoff          29656.0000    24120.0000 13327714   18.67%
  79712 18178    24120.0000   239    29656.0000    24120.0000 13337574   18.67%
  79808 18193    infeasible          29656.0000    24120.0000 13347507   18.67%
Elapsed time = 37060.63 sec. (20177917.80 ticks, tree = 178.54 MB, solutions = 2)
  79914 18228    infeasible          29656.0000    24120.0000 13359444   18.67%
  80023 18256        cutoff          29656.0000    24120.0000 13368583   18.67%
  80136 18283    24368.0000   330    29656.0000    24120.0000 13379140   18.67%
  80205 18292    24616.0000   176    29656.0000    24120.0000 13388688   18.67%
  80334 18318    24616.0000   154    29656.0000    24120.0000 13399508   18.67%
  80464 18345    24120.0000   110    29656.0000    24120.0000 13409733   18.67%
  80606 18419    24120.0000   151    29656.0000    24120.0000 13419721   18.67%
  80709 18432    infeasible          29656.0000    24120.0000 13429812   18.67%
  80807 18446    infeasible          29656.0000    24120.0000 13438871   18.67%
  80904 18474    infeasible          29656.0000    24120.0000 13450936   18.67%
Elapsed time = 37458.83 sec. (20331772.55 ticks, tree = 181.38 MB, solutions = 2)
  81010 18485    infeasible          29656.0000    24120.0000 13461265   18.67%
  81093 18500    24864.0000   170    29656.0000    24120.0000 13470620   18.67%
  81157 18501    infeasible          29656.0000    24120.0000 13480391   18.67%
  81274 18525    24120.0000    93    29656.0000    24120.0000 13491702   18.67%
  81375 18535    24120.0000   227    29656.0000    24120.0000 13503386   18.67%
  81486 18555    24368.0000   257    29656.0000    24120.0000 13513934   18.67%
  81608 18598    25382.3904   142    29656.0000    24120.0000 13523294   18.67%
  81694 18596    25382.0000   212    29656.0000    24120.0000 13533031   18.67%
  81792 18629    28698.0000    18    29656.0000    24120.0000 13540913   18.67%
  81912 18677    27203.6330    28    29656.0000    24120.0000 13549609   18.67%
Elapsed time = 37853.56 sec. (20485946.18 ticks, tree = 183.48 MB, solutions = 2)
  82009 18702    infeasible          29656.0000    24120.0000 13556909   18.67%
  82089 18718    24120.0000   110    29656.0000    24120.0000 13565268   18.67%
  82217 18760    infeasible          29656.0000    24120.0000 13575183   18.67%
  82317 18783    24368.0000   164    29656.0000    24120.0000 13584383   18.67%
  82416 18797    infeasible          29656.0000    24120.0000 13593657   18.67%
  82505 18809    24120.0000   212    29656.0000    24120.0000 13603130   18.67%
  82602 18836    infeasible          29656.0000    24120.0000 13613627   18.67%
  82726 18848    25477.3905   148    29656.0000    24120.0000 13626305   18.67%
  82851 18881    infeasible          29656.0000    24120.0000 13640610   18.67%
  82947 18877        cutoff          29656.0000    24120.0000 13651383   18.67%
Elapsed time = 38235.15 sec. (20640644.19 ticks, tree = 185.55 MB, solutions = 2)
  83035 18884    24616.0000   182    29656.0000    24120.0000 13663129   18.67%
  83105 18879    25134.3944   238    29656.0000    24120.0000 13672022   18.67%
  83232 18892    infeasible          29656.0000    24120.0000 13682444   18.67%
  83330 18910        cutoff          29656.0000    24120.0000 13690331   18.67%
  83401 18911    infeasible          29656.0000    24120.0000 13697326   18.67%
  83490 18927    25134.0000   142    29656.0000    24120.0000 13705843   18.67%
  83610 18945    24120.0000   286    29656.0000    24120.0000 13716639   18.67%
  83708 18958    26955.0000    47    29656.0000    24120.0000 13726023   18.67%
  83805 18976    26860.1495    61    29656.0000    24120.0000 13736245   18.67%
  83908 18989    24120.0000   172    29656.0000    24120.0000 13746986   18.67%
Elapsed time = 38460.31 sec. (20795032.54 ticks, tree = 186.79 MB, solutions = 2)
  84004 19012    infeasible          29656.0000    24120.0000 13755146   18.67%
  84185 19064    infeasible          29656.0000    24120.0000 13766307   18.67%
  84262 19079    infeasible          29656.0000    24120.0000 13774326   18.67%
  84330 19079    24120.0000   236    29656.0000    24120.0000 13784276   18.67%
  84441 19094    24120.3944   231    29656.0000    24120.0000 13795447   18.67%
  84553 19112    infeasible          29656.0000    24120.0000 13806303   18.67%
  84675 19117    24616.0000    68    29656.0000    24120.0000 13818076   18.67%
  84823 19136    25382.0000   111    29656.0000    24120.0000 13828534   18.67%
  84894 19146    infeasible          29656.0000    24120.0000 13834912   18.67%
  84973 19146    24120.0000   269    29656.0000    24120.0000 13844210   18.67%
Elapsed time = 38688.14 sec. (20949142.49 ticks, tree = 188.42 MB, solutions = 2)
  85089 19176    25229.0000   140    29656.0000    24120.0000 13854613   18.67%
  85166 19191    25630.0000    40    29656.0000    24120.0000 13862324   18.67%
  85251 19208    26126.0000    31    29656.0000    24120.0000 13872204   18.67%
  85340 19211    24368.0000   287    29656.0000    24120.0000 13881880   18.67%
  85453 19234    infeasible          29656.0000    24120.0000 13891468   18.67%
  85544 19258    infeasible          29656.0000    24120.0000 13901009   18.67%
  85625 19269    infeasible          29656.0000    24120.0000 13909203   18.67%
  85717 19265    24120.0000   163    29656.0000    24120.0000 13921006   18.67%
Starting limited solution polishing.
  85802 19270    24120.0000   341    29656.0000    24120.0000 13930502   18.67%
  85905 19289    24120.0000   101    29656.0000    24120.0000 13940448   18.67%
Elapsed time = 38906.98 sec. (21103440.22 ticks, tree = 189.97 MB, solutions = 2)
  86029 19303    27220.6321    36    29656.0000    24120.0000 13952767   18.67%
  86164 19323        cutoff          29656.0000    24120.0000 13963996   18.67%
  86238 19318        cutoff          29656.0000    24120.0000 13973343   18.67%
  86370 19347    infeasible          29656.0000    24120.0000 13985002   18.67%
  86479 19376    29304.0000   201    29656.0000    24120.0000 13995102   18.67%
  86614 19390    24120.0000   197    29656.0000    24120.0000 14006330   18.67%
  86726 19397    24120.0000   127    29656.0000    24120.0000 14016781   18.67%
  86826 19408    24215.4084   270    29656.0000    24120.0000 14027746   18.67%
  86929 19428    24368.0000   314    29656.0000    24120.0000 14037425   18.67%
  87047 19448    25477.0000   272    29656.0000    24120.0000 14049385   18.67%
Elapsed time = 39140.77 sec. (21257144.25 ticks, tree = 191.78 MB, solutions = 2)
  87128 19468    infeasible          29656.0000    24120.0000 14056407   18.67%
  87229 19476    infeasible          29656.0000    24120.0000 14066163   18.67%
  87312 19477    24864.0000   181    29656.0000    24120.0000 14074747   18.67%
  87454 19505    infeasible          29656.0000    24120.0000 14086050   18.67%
  87569 19529    infeasible          29656.0000    24120.0000 14093781   18.67%
  87679 19566    infeasible          29656.0000    24120.0000 14101739   18.67%
  87783 19574    24368.4084   193    29656.0000    24120.0944 14112762   18.67%
  87844 19565    infeasible          29656.0000    24120.1495 14120181   18.67%
  87928 19563    25725.0000   116    29656.0000    24120.2644 14128561   18.67%
  88030 19588    24616.1495   158    29656.0000    24120.3903 14134813   18.67%
Elapsed time = 39366.93 sec. (21411176.56 ticks, tree = 193.32 MB, solutions = 2)
  88118 19605    25382.0000   200    29656.0000    24120.3904 14142406   18.67%
  88199 19614    26359.0000   172    29656.0000    24120.3904 14150296   18.67%
  88299 19630    24616.0000   269    29656.0000    24120.3904 14161057   18.67%
  88386 19639    24368.0000   131    29656.0000    24120.3904 14167378   18.67%
  88460 19656        cutoff          29656.0000    24120.3904 14174344   18.67%
  88557 19668    infeasible          29656.0000    24120.3904 14181828   18.67%
  88662 19684    25926.0000    65    29656.0000    24120.3904 14189136   18.67%
  88751 19689    infeasible          29656.0000    24120.3904 14197055   18.67%
  88849 19701    24368.0000   232    29656.0000    24120.3904 14205509   18.67%
  88969 19714    25382.0000    70    29656.0000    24120.3904 14214018   18.67%
Elapsed time = 39578.99 sec. (21565225.09 ticks, tree = 194.67 MB, solutions = 2)
  89093 19733    28888.6190    40    29656.0000    24120.3904 14222477   18.67%
  89167 19720    26724.0000    92    29656.0000    24120.4659 14228857   18.67%
  89243 19714    infeasible          29656.0000    24120.6329 14236172   18.67%
  89327 19722        cutoff          29656.0000    24120.6330 14242906   18.67%
  89389 19715    25725.6190   123    29656.0000    24121.6159 14249588   18.66%
  89472 19706        cutoff          29656.0000    24135.0000 14261399   18.62%
  89596 19694    infeasible          29656.0000    24168.0000 14270593   18.51%
  89704 19672    infeasible          29656.0000    24215.0000 14280714   18.35%
  89808 19659    25112.0000   195    29656.0000    24215.0000 14290597   18.35%
  89906 19637    infeasible          29656.0000    24215.0000 14300754   18.35%
Elapsed time = 39799.58 sec. (21719917.06 ticks, tree = 194.12 MB, solutions = 2)
  89984 19653        cutoff          29656.0000    24215.0000 14307671   18.35%
  90089 19666    27801.0000    87    29656.0000    24215.0000 14316994   18.35%
  90212 19680    24616.0000   265    29656.0000    24215.0000 14325745   18.35%
  90298 19688    24368.0000   168    29656.0000    24215.0000 14331284   18.35%
  90397 19697    24616.0000   182    29656.0000    24215.0000 14339720   18.35%
  90524 19693    25324.0000    51    29656.0000    24215.0000 14350054   18.35%
  90646 19673    25112.3904   184    29656.0000    24215.3904 14359937   18.35%
  90725 19664    25229.0000   172    29656.0000    24273.0000 14372267   18.15%
  90814 19651    26957.0000   155    29656.0000    24273.0000 14378851   18.15%
  90908 19652    infeasible          29656.0000    24288.0000 14384859   18.10%
Elapsed time = 40020.72 sec. (21874062.77 ticks, tree = 194.46 MB, solutions = 2)
  91056 19675    infeasible          29656.0000    24288.0756 14393546   18.10%
  91145 19658    26724.0000   129    29656.0000    24339.0000 14405154   17.93%
  91244 19671    infeasible          29656.0000    24368.0000 14413715   17.83%
  91322 19665    24616.0000   210    29656.0000    24368.0000 14421660   17.83%
  91442 19678    infeasible          29656.0000    24368.0000 14429120   17.83%
  91570 19677    24368.0000    83    29656.0000    24368.0000 14438307   17.83%
  91698 19672    infeasible          29656.0000    24368.0000 14447961   17.83%
  91790 19690    26571.0000    68    29656.0000    24368.0000 14457493   17.83%
  91892 19689    25768.0000   155    29656.0000    24368.0000 14466974   17.83%
  91978 19692    25768.0000   192    29656.0000    24368.0000 14475006   17.83%
Elapsed time = 40243.67 sec. (22031294.41 ticks, tree = 195.04 MB, solutions = 2)
  92090 19712    27801.0000    57    29656.0000    24368.0000 14485149   17.83%
  92181 19707        cutoff          29656.0000    24368.0000 14495105   17.83%
  92289 19720    25134.0000   145    29656.0000    24368.0000 14505267   17.83%
  92402 19737    infeasible          29656.0000    24368.0000 14515478   17.83%
  92502 19737    25382.0000   102    29656.0000    24368.0000 14523844   17.83%
  92604 19747    25477.0000   148    29656.0000    24368.0000 14531619   17.83%
  92719 19744    24616.0000   182    29656.0000    24368.0000 14541378   17.83%
  92849 19780    24616.0000   322    29656.0000    24368.0000 14549487   17.83%
  92959 19783    infeasible          29656.0000    24368.0000 14559157   17.83%
  93082 19824    24616.0000   177    29656.0000    24368.0000 14569027   17.83%
Elapsed time = 40460.63 sec. (22185467.61 ticks, tree = 196.46 MB, solutions = 2)
  93168 19835    28314.0000    24    29656.0000    24368.0000 14578626   17.83%
  93276 19860    infeasible          29656.0000    24368.0000 14585367   17.83%
  93386 19865    24368.0000   177    29656.0000    24368.0000 14593788   17.83%
  93467 19873    27954.0000    57    29656.0000    24368.0000 14600834   17.83%
  93573 19882    24616.0000    66    29656.0000    24368.0000 14607462   17.83%
  93666 19902    24368.1495   131    29656.0000    24368.0000 14615060   17.83%
  93769 19926    infeasible          29656.0000    24368.0000 14622180   17.83%
  93868 19927    infeasible          29656.0000    24368.0000 14631077   17.83%
  94004 19966    26724.0000    68    29656.0000    24368.0000 14640305   17.83%
  94102 19976    infeasible          29656.0000    24368.0000 14647420   17.83%
Elapsed time = 40674.45 sec. (22339269.06 ticks, tree = 198.07 MB, solutions = 2)
  94200 19982    26724.0000   118    29656.0000    24368.0000 14657941   17.83%
  94299 19991    infeasible          29656.0000    24368.0000 14667242   17.83%
  94417 20030        cutoff          29656.0000    24368.0000 14675946   17.83%
  94528 20035    infeasible          29656.0000    24368.0000 14686268   17.83%
  94624 20033    24616.0000   182    29656.0000    24368.0000 14697500   17.83%
  94733 20052    24368.0000   269    29656.0000    24368.0000 14707487   17.83%
  94836 20057    26476.0000    88    29656.0000    24368.0000 14717059   17.83%
  94956 20094    26724.0000    72    29656.0000    24368.0000 14729014   17.83%
  95071 20110    24864.0000    72    29656.0000    24368.0000 14737404   17.83%
  95190 20127    27658.0000    16    29656.0000    24368.0000 14745840   17.83%
Elapsed time = 40894.63 sec. (22496993.11 ticks, tree = 199.74 MB, solutions = 2)
  95306 20148    24616.0000   220    29656.0000    24368.0000 14757626   17.83%
  95399 20141    25134.0000   131    29656.0000    24368.0000 14766929   17.83%
  95500 20161    27954.0000    30    29656.0000    24368.0000 14775700   17.83%
  95614 20164    25768.0000   186    29656.0000    24368.0000 14788260   17.83%
  95718 20178    29391.3904    30    29656.0000    24368.0000 14797781   17.83%
  95828 20195    infeasible          29656.0000    24368.0000 14805980   17.83%
  95936 20211    infeasible          29656.0000    24368.0000 14813286   17.83%
  96042 20224    24368.0000    62    29656.0000    24368.0000 14820147   17.83%
  96157 20234    24368.0000   108    29656.0000    24368.0000 14826928   17.83%
  96244 20233    24368.0000   261    29656.0000    24368.0000 14835516   17.83%
Elapsed time = 41112.49 sec. (22650354.16 ticks, tree = 200.95 MB, solutions = 2)
  96377 20221    29472.0000    89    29656.0000    24368.0000 14846117   17.83%
  96485 20231    26972.0000    58    29656.0000    24368.0000 14853129   17.83%
  96604 20233    25134.0000   268    29656.0000    24368.0000 14861498   17.83%
  96702 20229        cutoff          29656.0000    24368.0000 14870507   17.83%
  96801 20241    24616.0000   178    29656.0000    24368.0000 14879346   17.83%
  96917 20250    infeasible          29656.0000    24368.0000 14887840   17.83%
  97030 20255    infeasible          29656.0000    24368.0000 14897023   17.83%
  97179 20274    24368.0000   251    29656.0000    24368.0000 14907836   17.83%
  97299 20291    infeasible          29656.0000    24368.0000 14916937   17.83%
  97414 20314    infeasible          29656.0000    24368.0000 14925789   17.83%
Elapsed time = 41336.54 sec. (22805305.74 ticks, tree = 201.90 MB, solutions = 2)
  97531 20336    25382.0000   251    29656.0000    24368.0000 14935035   17.83%
  97637 20345    25112.0000   222    29656.0000    24368.0000 14943648   17.83%
  97750 20358    25768.0000   105    29656.0000    24368.0000 14950805   17.83%
  97839 20357    27067.0000    33    29656.0000    24368.0000 14958714   17.83%
  97970 20374    26819.0000    78    29656.0000    24368.0000 14966686   17.83%
  98115 20407    26724.0000    38    29656.0000    24368.0000 14976414   17.83%
  98247 20438        cutoff          29656.0000    24368.0000 14985508   17.83%
  98339 20433    24616.0000   257    29656.0000    24368.0000 14994781   17.83%
  98454 20435    infeasible          29656.0000    24368.0000 15004207   17.83%
  98537 20436    24368.0000   110    29656.0000    24368.0000 15012509   17.83%
Elapsed time = 41558.67 sec. (22959254.96 ticks, tree = 203.21 MB, solutions = 2)
  98640 20458    24616.0000   159    29656.0000    24368.0000 15021037   17.83%
  98731 20457    infeasible          29656.0000    24368.0000 15029979   17.83%
  98857 20478    25134.0000   140    29656.0000    24368.0000 15039815   17.83%
  98968 20480    24463.0000   113    29656.0000    24368.0000 15046859   17.83%
  99060 20490    26725.6159    94    29656.0000    24368.0000 15055561   17.83%
  99172 20481    24368.0000   253    29656.0000    24368.0000 15063394   17.83%
  99286 20504    26819.0000    44    29656.0000    24368.0000 15070240   17.83%
  99391 20506    24368.0000   153    29656.0000    24368.0000 15078447   17.83%
  99502 20502    24368.6321   172    29656.0000    24368.0000 15087031   17.83%
  99577 20495    infeasible          29656.0000    24368.0000 15096074   17.83%
Elapsed time = 41781.41 sec. (23112564.86 ticks, tree = 203.94 MB, solutions = 2)
  99661 20502    25134.0000   203    29656.0000    24368.0000 15106107   17.83%
  99759 20515    25878.0000   111    29656.0000    24368.0000 15116461   17.83%
  99900 20544    24616.0000   357    29656.0000    24368.0000 15125873   17.83%
  99998 20542    27067.0000   102    29656.0000    24368.0000 15134060   17.83%
 100119 20539    24368.0000    91    29656.0000    24368.0000 15144534   17.83%
 100239 20570    25382.0000   111    29656.0000    24368.0000 15156076   17.83%
 100356 20567    25725.0000    97    29656.0000    24368.0000 15164247   17.83%
 100471 20565    28545.0000    28    29656.0000    24368.0000 15174797   17.83%
 100591 20560    24864.0000   210    29656.0000    24368.0000 15186290   17.83%
 100701 20540    26571.1564    70    29656.0000    24368.0000 15196725   17.83%
Elapsed time = 42004.74 sec. (23266058.68 ticks, tree = 204.53 MB, solutions = 2)
 100814 20539    infeasible          29656.0000    24368.0000 15206288   17.83%
 100941 20564    24864.0000   181    29656.0000    24368.0000 15214761   17.83%
 101051 20562    26571.0000    77    29656.0000    24368.0000 15225868   17.83%
 101164 20572    28298.6159   107    29656.0000    24368.0000 15236400   17.83%
 101328 20597    infeasible          29656.0000    24368.0000 15244734   17.83%
 101457 20609    24368.3904    89    29656.0000    24368.1495 15253669   17.83%
 101585 20624    26571.3904    44    29656.0000    24368.1495 15260900   17.83%
 101692 20612    24368.3904   171    29656.0000    24368.3904 15269626   17.83%
 101784 20611    24864.0000   177    29656.0000    24368.3904 15276450   17.83%
 101892 20610    infeasible          29656.0000    24368.3904 15284239   17.83%
Elapsed time = 42232.10 sec. (23419779.64 ticks, tree = 205.43 MB, solutions = 2)
 102004 20622    infeasible          29656.0000    24368.3904 15292404   17.83%
 102103 20605    24864.0000   166    29656.0000    24368.3904 15300391   17.83%
 102233 20621    26724.3904    68    29656.0000    24368.3904 15308124   17.83%
 102315 20606    24368.6321   230    29656.0000    24368.6321 15314288   17.83%
 102417 20581    24864.0000   156    29656.0000    24463.0000 15324437   17.51%
 102590 20528    25382.0000   150    29656.0000    24463.0000 15335132   17.51%
 102747 20503    28640.0000    54    29656.0000    24463.0000 15345774   17.51%
 102905 20478    28545.1564    22    29656.0000    24463.1495 15356205   17.51%
 103090 20397    28066.0000    10    29656.0000    24616.0000 15366455   16.99%
 103194 20382    infeasible          29656.0000    24616.0000 15373237   16.99%
Elapsed time = 42470.73 sec. (23578375.53 ticks, tree = 203.44 MB, solutions = 2)
 103305 20364    25878.0000   128    29656.0000    24616.0000 15379778   16.99%
 103426 20365    24616.0000   168    29656.0000    24616.0000 15387400   16.99%
 103545 20355    infeasible          29656.0000    24616.0000 15395367   16.99%
 103686 20357    25572.0000    38    29656.0000    24616.0000 15405284   16.99%
 103841 20325    29041.0000    10    29656.0000    24616.0000 15415536   16.99%
 103964 20303    24616.0000    65    29656.0000    24616.0000 15424592   16.99%
 104088 20296    27220.0000    22    29656.0000    24616.0000 15433869   16.99%
 104190 20286    26126.0000    26    29656.0000    24616.0000 15442266   16.99%
 104352 20261    25477.0000   189    29656.0000    24616.0000 15451764   16.99%
 104488 20256        cutoff          29656.0000    24616.0000 15461300   16.99%
Elapsed time = 42808.02 sec. (23731832.77 ticks, tree = 202.43 MB, solutions = 2)
 104611 20232    infeasible          29656.0000    24616.0000 15469322   16.99%
 104729 20199    25382.0000   217    29656.0000    24616.0000 15478850   16.99%
 104814 20180    infeasible          29656.0000    24616.0000 15485762   16.99%
 104933 20158    26972.3904   130    29656.0000    24616.1495 15494491   16.99%
 105075 20151    25134.0000   179    29656.0000    24638.0000 15508855   16.92%
 105184 20172    28202.0000   112    29656.0000    24638.0000 15523218   16.92%
 105281 20193    28314.0000    42    29656.0000    24638.0000 15534980   16.92%
 105370 20206    infeasible          29656.0000    24638.0000 15546223   16.92%
 105481 20235    25477.0000   127    29656.0000    24638.0000 15557104   16.92%

GUB cover cuts applied:  122
Clique cuts applied:  124
Cover cuts applied:  3799
Implied bound cuts applied:  249
Flow cuts applied:  364
Mixed integer rounding cuts applied:  969
Zero-half cuts applied:  139
Gomory fractional cuts applied:  3

Root node processing (before b&c):
  Real time             = 3237.32 sec. (1090584.61 ticks)
Sequential b&c:
  Real time             = 39962.71 sec. (22785857.01 ticks)
                          ------------
Total (root+branch&cut) = 43200.03 sec. (23876441.62 ticks)
Feasible

>> Printing some results...
    -> Solution value = 29655 - 08:14:15
    -> Total time = 43200.03
    -> Gap value = 0.17

=============
Train 0
=============
> Trip 0
   29(time 496 - 00:08:16)(time 805 - 00:13:25) ->    28(time 900 - 00:15:00)(time 1196 - 00:19:56) ->    27(time 1291 - 00:21:31)(time 1594 - 00:26:34) ->    26(time 1842 - 00:30:42)(time 2115 - 00:35:15) ->    25(time 2210 - 00:36:50)(time 2486 - 00:41:26) ->    24(time 2581 - 00:43:01)(time 2906 - 00:48:26) ->    23(time 3001 - 00:50:01)(time 3281 - 00:54:41) ->    22(time 3376 - 00:56:16)(time 3683 - 01:01:23) ->    21(time 3778 - 01:02:58)(time 4081 - 01:08:01) ->    20(time 4176 - 01:09:36)(time 4488 - 01:14:48) ->    19(time 4583 - 01:16:23)(time 4897 - 01:21:37) ->    18(time 4992 - 01:23:12)(time 5302 - 01:28:22) ->    17(time 5397 - 01:29:57)(time 5724 - 01:35:24) ->    16(time 5819 - 01:36:59)(time 6092 - 01:41:32) ->    15(time 6597 - 01:49:57)(time 6597 - 01:49:57) ->    0(time 6597 - 01:49:57)(time 6870 - 01:54:30) ->    1(time 6965 - 01:56:05)(time 7292 - 02:01:32) ->    2(time 7652 - 02:07:32)(time 7962 - 02:12:42) ->    3(time 8467 - 02:21:07)(time 8781 - 02:26:21) ->    4(time 8876 - 02:27:56)(time 9188 - 02:33:08) ->    5(time 9283 - 02:34:43)(time 9586 - 02:39:46) ->    6(time 10091 - 02:48:11)(time 10398 - 02:53:18) ->    7(time 10493 - 02:54:53)(time 10773 - 02:59:33) ->    8(time 10868 - 03:01:08)(time 11193 - 03:06:33) ->    9(time 11698 - 03:14:58)(time 11974 - 03:19:34) ->    10(time 12222 - 03:23:42)(time 12495 - 03:28:15) ->    11(time 12743 - 03:32:23)(time 13046 - 03:37:26) ->    12(time 13141 - 03:39:01)(time 13437 - 03:43:57) ->    13(time 13532 - 03:45:32)(time 13841 - 03:50:41) ->    14(time 14089 - 03:54:49)(time 14089 - 03:54:49) -> 29
> Trip 1
   29(time 16643 - 04:37:23)(time 16952 - 04:42:32) ->    28(time 17457 - 04:50:57)(time 17753 - 04:55:53) ->    27(time 18258 - 05:04:18)(time 18561 - 05:09:21) ->    26(time 19066 - 05:17:46)(time 19339 - 05:22:19) ->    25(time 19434 - 05:23:54)(time 19710 - 05:28:30) ->    24(time 19805 - 05:30:05)(time 20130 - 05:35:30) ->    23(time 20225 - 05:37:05)(time 20505 - 05:41:45) ->    22(time 20600 - 05:43:20)(time 20907 - 05:48:27) ->    21(time 21002 - 05:50:02)(time 21305 - 05:55:05) ->    20(time 21400 - 05:56:40)(time 21712 - 06:01:52) ->    19(time 21807 - 06:03:27)(time 22121 - 06:08:41) ->    18(time 22216 - 06:10:16)(time 22526 - 06:15:26) ->    17(time 22621 - 06:17:01)(time 22948 - 06:22:28) ->    16(time 23043 - 06:24:03)(time 23316 - 06:28:36) ->    15(time 23812 - 06:36:52)(time 23812 - 06:36:52) ->    0(time 23812 - 06:36:52)(time 24085 - 06:41:25) ->    1(time 24180 - 06:43:00)(time 24507 - 06:48:27) ->    2(time 24602 - 06:50:02)(time 24912 - 06:55:12) ->    3(time 25007 - 06:56:47)(time 25321 - 07:02:01) ->    4(time 25416 - 07:03:36)(time 25728 - 07:08:48) ->    5(time 25823 - 07:10:23)(time 26126 - 07:15:26) ->    6(time 26221 - 07:17:01)(time 26528 - 07:22:08) ->    7(time 26623 - 07:23:43)(time 26903 - 07:28:23) ->    8(time 26998 - 07:29:58)(time 27323 - 07:35:23) ->    9(time 27418 - 07:36:58)(time 27694 - 07:41:34) ->    10(time 27789 - 07:43:09)(time 28062 - 07:47:42) ->    11(time 28310 - 07:51:50)(time 28613 - 07:56:53) ->    12(time 28708 - 07:58:28)(time 29004 - 08:03:24) ->    13(time 29099 - 08:04:59)(time 29408 - 08:10:08) ->    14(time 29656 - 08:14:16)(time 29656 - 08:14:16) -> 29
=============
Train 1
=============
> Trip 0
   29(time 9108 - 02:31:48)(time 9417 - 02:36:57) ->    28(time 9512 - 02:38:32)(time 9808 - 02:43:28) ->    27(time 9903 - 02:45:03)(time 10206 - 02:50:06) ->    26(time 10454 - 02:54:14)(time 10727 - 02:58:47) ->    25(time 10822 - 03:00:22)(time 11098 - 03:04:58) ->    24(time 11193 - 03:06:33)(time 11518 - 03:11:58) ->    23(time 11613 - 03:13:33)(time 11893 - 03:18:13) ->    22(time 11988 - 03:19:48)(time 12295 - 03:24:55) ->    21(time 12390 - 03:26:30)(time 12693 - 03:31:33) ->    20(time 12788 - 03:33:08)(time 13100 - 03:38:20) ->    19(time 13195 - 03:39:55)(time 13509 - 03:45:09) ->    18(time 13604 - 03:46:44)(time 13914 - 03:51:54) ->    17(time 14009 - 03:53:29)(time 14336 - 03:58:56) ->    16(time 14431 - 04:00:31)(time 14704 - 04:05:04) ->    15(time 15209 - 04:13:29)(time 15209 - 04:13:29) ->    0(time 15474 - 04:17:54)(time 15747 - 04:22:27) ->    1(time 15842 - 04:24:02)(time 16169 - 04:29:29) ->    2(time 16264 - 04:31:04)(time 16574 - 04:36:14) ->    3(time 17079 - 04:44:39)(time 17393 - 04:49:53) ->    4(time 17488 - 04:51:28)(time 17800 - 04:56:40) ->    5(time 17895 - 04:58:15)(time 18198 - 05:03:18) ->    6(time 18703 - 05:11:43)(time 19010 - 05:16:50) ->    7(time 19105 - 05:18:25)(time 19385 - 05:23:05) ->    8(time 19480 - 05:24:40)(time 19805 - 05:30:05) ->    9(time 19900 - 05:31:40)(time 20176 - 05:36:16) ->    10(time 20424 - 05:40:24)(time 20697 - 05:44:57) ->    11(time 20945 - 05:49:05)(time 21248 - 05:54:08) ->    12(time 21343 - 05:55:43)(time 21639 - 06:00:39) ->    13(time 21734 - 06:02:14)(time 22043 - 06:07:23) ->    14(time 22291 - 06:11:31)(time 22291 - 06:11:31) -> 29
=============
Train 2
=============
> Trip 0
   29(time 6955 - 01:55:55)(time 7264 - 02:01:04) ->    28(time 7769 - 02:09:29)(time 8065 - 02:14:25) ->    27(time 8160 - 02:16:00)(time 8463 - 02:21:03) ->    26(time 8711 - 02:25:11)(time 8984 - 02:29:44) ->    25(time 9232 - 02:33:52)(time 9508 - 02:38:28) ->    24(time 9603 - 02:40:03)(time 9928 - 02:45:28) ->    23(time 10023 - 02:47:03)(time 10303 - 02:51:43) ->    22(time 10398 - 02:53:18)(time 10705 - 02:58:25) ->    21(time 10800 - 03:00:00)(time 11103 - 03:05:03) ->    20(time 11608 - 03:13:28)(time 11920 - 03:18:40) ->    19(time 12015 - 03:20:15)(time 12329 - 03:25:29) ->    18(time 12698 - 03:31:38)(time 13008 - 03:36:48) ->    17(time 13513 - 03:45:13)(time 13840 - 03:50:40) ->    16(time 13935 - 03:52:15)(time 14208 - 03:56:48) ->    15(time 14456 - 04:00:56)(time 14456 - 04:00:56) ->    0(time 14704 - 04:05:04)(time 14977 - 04:09:37) ->    1(time 15072 - 04:11:12)(time 15399 - 04:16:39) ->    2(time 15494 - 04:18:14)(time 15804 - 04:23:24) ->    3(time 15899 - 04:24:59)(time 16213 - 04:30:13) ->    4(time 16308 - 04:31:48)(time 16620 - 04:37:00) ->    5(time 16715 - 04:38:35)(time 17018 - 04:43:38) ->    6(time 17113 - 04:45:13)(time 17420 - 04:50:20) ->    7(time 17515 - 04:51:55)(time 17795 - 04:56:35) ->    8(time 17890 - 04:58:10)(time 18215 - 05:03:35) ->    9(time 18310 - 05:05:10)(time 18586 - 05:09:46) ->    10(time 18793 - 05:13:13)(time 19066 - 05:17:46) ->    11(time 19571 - 05:26:11)(time 19874 - 05:31:14) ->    12(time 19969 - 05:32:49)(time 20265 - 05:37:45) ->    13(time 20360 - 05:39:20)(time 20669 - 05:44:29) ->    14(time 20917 - 05:48:37)(time 20917 - 05:48:37) -> 29
=============
Train 3
=============
> Trip 0
   29(time 248 - 00:04:08)(time 557 - 00:09:17) ->    28(time 652 - 00:10:52)(time 948 - 00:15:48) ->    27(time 1043 - 00:17:23)(time 1346 - 00:22:26) ->    26(time 1594 - 00:26:34)(time 1867 - 00:31:07) ->    25(time 1962 - 00:32:42)(time 2238 - 00:37:18) ->    24(time 2333 - 00:38:53)(time 2658 - 00:44:18) ->    23(time 2753 - 00:45:53)(time 3033 - 00:50:33) ->    22(time 3128 - 00:52:08)(time 3435 - 00:57:15) ->    21(time 3530 - 00:58:50)(time 3833 - 01:03:53) ->    20(time 3928 - 01:05:28)(time 4240 - 01:10:40) ->    19(time 4335 - 01:12:15)(time 4649 - 01:17:29) ->    18(time 4744 - 01:19:04)(time 5054 - 01:24:14) ->    17(time 5149 - 01:25:49)(time 5476 - 01:31:16) ->    16(time 5571 - 01:32:51)(time 5844 - 01:37:24) ->    15(time 6092 - 01:41:32)(time 6092 - 01:41:32) ->    0(time 6187 - 01:43:07)(time 6460 - 01:47:40) ->    1(time 6870 - 01:54:30)(time 7197 - 01:59:57) ->    2(time 7292 - 02:01:32)(time 7602 - 02:06:42) ->    3(time 7962 - 02:12:42)(time 8276 - 02:17:56) ->    4(time 8371 - 02:19:31)(time 8683 - 02:24:43) ->    5(time 9188 - 02:33:08)(time 9491 - 02:38:11) ->    6(time 9586 - 02:39:46)(time 9893 - 02:44:53) ->    7(time 10398 - 02:53:18)(time 10678 - 02:57:58) ->    8(time 10773 - 02:59:33)(time 11098 - 03:04:58) ->    9(time 11193 - 03:06:33)(time 11469 - 03:11:09) ->    10(time 11974 - 03:19:34)(time 12247 - 03:24:07) ->    11(time 12495 - 03:28:15)(time 12798 - 03:33:18) ->    12(time 12893 - 03:34:53)(time 13189 - 03:39:49) ->    13(time 13284 - 03:41:24)(time 13593 - 03:46:33) ->    14(time 13841 - 03:50:41)(time 13841 - 03:50:41) -> 29
> Trip 1
   29(time 16072 - 04:27:52)(time 16381 - 04:33:01) ->    28(time 16629 - 04:37:09)(time 16925 - 04:42:05) ->    27(time 17020 - 04:43:40)(time 17323 - 04:48:43) ->    26(time 17571 - 04:52:51)(time 17844 - 04:57:24) ->    25(time 17939 - 04:58:59)(time 18215 - 05:03:35) ->    24(time 18310 - 05:05:10)(time 18635 - 05:10:35) ->    23(time 18730 - 05:12:10)(time 19010 - 05:16:50) ->    22(time 19105 - 05:18:25)(time 19412 - 05:23:32) ->    21(time 19507 - 05:25:07)(time 19810 - 05:30:10) ->    20(time 19905 - 05:31:45)(time 20217 - 05:36:57) ->    19(time 20329 - 05:38:49)(time 20643 - 05:44:03) ->    18(time 21148 - 05:52:28)(time 21458 - 05:57:38) ->    17(time 21963 - 06:06:03)(time 22290 - 06:11:30) ->    16(time 22795 - 06:19:55)(time 23068 - 06:24:28) ->    15(time 23316 - 06:28:36)(time 23316 - 06:28:36) ->    0(time 23411 - 06:30:11)(time 23684 - 06:34:44) ->    1(time 23932 - 06:38:52)(time 24259 - 06:44:19) ->    2(time 24354 - 06:45:54)(time 24664 - 06:51:04) ->    3(time 24759 - 06:52:39)(time 25073 - 06:57:53) ->    4(time 25168 - 06:59:28)(time 25480 - 07:04:40) ->    5(time 25575 - 07:06:15)(time 25878 - 07:11:18) ->    6(time 25973 - 07:12:53)(time 26280 - 07:18:00) ->    7(time 26375 - 07:19:35)(time 26655 - 07:24:15) ->    8(time 26750 - 07:25:50)(time 27075 - 07:31:15) ->    9(time 27170 - 07:32:50)(time 27446 - 07:37:26) ->    10(time 27541 - 07:39:01)(time 27814 - 07:43:34) ->    11(time 28062 - 07:47:42)(time 28365 - 07:52:45) ->    12(time 28460 - 07:54:20)(time 28756 - 07:59:16) ->    13(time 28851 - 08:00:51)(time 29160 - 08:06:00) ->    14(time 29408 - 08:10:08)(time 29408 - 08:10:08) -> 29
=============
Train 4
=============
> Trip 0
   29(time 7460 - 02:04:20)(time 7769 - 02:09:29) ->    28(time 7864 - 02:11:04)(time 8160 - 02:16:00) ->    27(time 8408 - 02:20:08)(time 8711 - 02:25:11) ->    26(time 8959 - 02:29:19)(time 9232 - 02:33:52) ->    25(time 9327 - 02:35:27)(time 9603 - 02:40:03) ->    24(time 9698 - 02:41:38)(time 10023 - 02:47:03) ->    23(time 10118 - 02:48:38)(time 10398 - 02:53:18) ->    22(time 10493 - 02:54:53)(time 10800 - 03:00:00) ->    21(time 11305 - 03:08:25)(time 11608 - 03:13:28) ->    20(time 12113 - 03:21:53)(time 12425 - 03:27:05) ->    19(time 12520 - 03:28:40)(time 12834 - 03:33:54) ->    18(time 13339 - 03:42:19)(time 13649 - 03:47:29) ->    17(time 13744 - 03:49:04)(time 14071 - 03:54:31) ->    16(time 14183 - 03:56:23)(time 14456 - 04:00:56) ->    15(time 14704 - 04:05:04)(time 14704 - 04:05:04) ->    0(time 14799 - 04:06:39)(time 15072 - 04:11:12) ->    1(time 15167 - 04:12:47)(time 15494 - 04:18:14) ->    2(time 15589 - 04:19:49)(time 15899 - 04:24:59) ->    3(time 16164 - 04:29:24)(time 16478 - 04:34:38) ->    4(time 16983 - 04:43:03)(time 17295 - 04:48:15) ->    5(time 17800 - 04:56:40)(time 18103 - 05:01:43) ->    6(time 18198 - 05:03:18)(time 18505 - 05:08:25) ->    7(time 19010 - 05:16:50)(time 19290 - 05:21:30) ->    8(time 19385 - 05:23:05)(time 19710 - 05:28:30) ->    9(time 19805 - 05:30:05)(time 20081 - 05:34:41) ->    10(time 20176 - 05:36:16)(time 20449 - 05:40:49) ->    11(time 20697 - 05:44:57)(time 21000 - 05:50:00) ->    12(time 21095 - 05:51:35)(time 21391 - 05:56:31) ->    13(time 21486 - 05:58:06)(time 21795 - 06:03:15) ->    14(time 22043 - 06:07:23)(time 22043 - 06:07:23) -> 29
=============
Train 5
=============
> Trip 0
   29(time 0 - 00:00:00)(time 309 - 00:05:09) ->    28(time 404 - 00:06:44)(time 700 - 00:11:40) ->    27(time 795 - 00:13:15)(time 1098 - 00:18:18) ->    26(time 1346 - 00:22:26)(time 1619 - 00:26:59) ->    25(time 1714 - 00:28:34)(time 1990 - 00:33:10) ->    24(time 2085 - 00:34:45)(time 2410 - 00:40:10) ->    23(time 2505 - 00:41:45)(time 2785 - 00:46:25) ->    22(time 2880 - 00:48:00)(time 3187 - 00:53:07) ->    21(time 3282 - 00:54:42)(time 3585 - 00:59:45) ->    20(time 3680 - 01:01:20)(time 3992 - 01:06:32) ->    19(time 4087 - 01:08:07)(time 4401 - 01:13:21) ->    18(time 4496 - 01:14:56)(time 4806 - 01:20:06) ->    17(time 4901 - 01:21:41)(time 5228 - 01:27:08) ->    16(time 5323 - 01:28:43)(time 5596 - 01:33:16) ->    15(time 5844 - 01:37:24)(time 5844 - 01:37:24) ->    0(time 6092 - 01:41:32)(time 6365 - 01:46:05) ->    1(time 6460 - 01:47:40)(time 6787 - 01:53:07) ->    2(time 6882 - 01:54:42)(time 7192 - 01:59:52) ->    3(time 7287 - 02:01:27)(time 7601 - 02:06:41) ->    4(time 7696 - 02:08:16)(time 8008 - 02:13:28) ->    5(time 8103 - 02:15:03)(time 8406 - 02:20:06) ->    6(time 8501 - 02:21:41)(time 8808 - 02:26:48) ->    7(time 8903 - 02:28:23)(time 9183 - 02:33:03) ->    8(time 9278 - 02:34:38)(time 9603 - 02:40:03) ->    9(time 9698 - 02:41:38)(time 9974 - 02:46:14) ->    10(time 10069 - 02:47:49)(time 10342 - 02:52:22) ->    11(time 10847 - 03:00:47)(time 11150 - 03:05:50) ->    12(time 11655 - 03:14:15)(time 11951 - 03:19:11) ->    13(time 12046 - 03:20:46)(time 12355 - 03:25:55) ->    14(time 12603 - 03:30:03)(time 12603 - 03:30:03) -> 29
> Trip 1
   29(time 15977 - 04:26:17)(time 16286 - 04:31:26) ->    28(time 16381 - 04:33:01)(time 16677 - 04:37:57) ->    27(time 16772 - 04:39:32)(time 17075 - 04:44:35) ->    26(time 17323 - 04:48:43)(time 17596 - 04:53:16) ->    25(time 17844 - 04:57:24)(time 18120 - 05:02:00) ->    24(time 18215 - 05:03:35)(time 18540 - 05:09:00) ->    23(time 18635 - 05:10:35)(time 18915 - 05:15:15) ->    22(time 19010 - 05:16:50)(time 19317 - 05:21:57) ->    21(time 19412 - 05:23:32)(time 19715 - 05:28:35) ->    20(time 19810 - 05:30:10)(time 20122 - 05:35:22) ->    19(time 20217 - 05:36:57)(time 20531 - 05:42:11) ->    18(time 20643 - 05:44:03)(time 20953 - 05:49:13) ->    17(time 21458 - 05:57:38)(time 21785 - 06:03:05) ->    16(time 22290 - 06:11:30)(time 22563 - 06:16:03) ->    15(time 23068 - 06:24:28)(time 23068 - 06:24:28) ->    0(time 23316 - 06:28:36)(time 23589 - 06:33:09) ->    1(time 23684 - 06:34:44)(time 24011 - 06:40:11) ->    2(time 24106 - 06:41:46)(time 24416 - 06:46:56) ->    3(time 24511 - 06:48:31)(time 24825 - 06:53:45) ->    4(time 24920 - 06:55:20)(time 25232 - 07:00:32) ->    5(time 25327 - 07:02:07)(time 25630 - 07:07:10) ->    6(time 25725 - 07:08:45)(time 26032 - 07:13:52) ->    7(time 26127 - 07:15:27)(time 26407 - 07:20:07) ->    8(time 26502 - 07:21:42)(time 26827 - 07:27:07) ->    9(time 26922 - 07:28:42)(time 27198 - 07:33:18) ->    10(time 27293 - 07:34:53)(time 27566 - 07:39:26) ->    11(time 27814 - 07:43:34)(time 28117 - 07:48:37) ->    12(time 28212 - 07:50:12)(time 28508 - 07:55:08) ->    13(time 28603 - 07:56:43)(time 28912 - 08:01:52) ->    14(time 29160 - 08:06:00)(time 29160 - 08:06:00) -> 29
